/*--------------------------------*- C++ -*----------------------------------*\
| =========                 |                                                 |
| \\      /  F ield         | OpenFOAM: The Open Source CFD Toolbox           |
|  \\    /   O peration     | Version:  2412                                  |
|   \\  /    A nd           | Website:  www.openfoam.com                      |
|    \\/     M anipulation  |                                                 |
\*---------------------------------------------------------------------------*/
FoamFile
{
    version     2.0;
    format      ascii;
    arch        "LSB;label=32;scalar=64";
    class       volScalarField;
    location    "75";
    object      N2;
}
// * * * * * * * * * * * * * * * * * * * * * * * * * * * * * * * * * * * * * //

dimensions      [0 0 0 0 0 0 0];

internalField   nonuniform List<scalar> 
219621
(
0.0040393908
0.0044538001
0.0079075718
0.0087562124
0.0049132707
0.008656247
0.009573383
0.0035233158
0.012196176
0.0044225402
0.013021149
0.0054046596
0.0094512646
0.010438614
0.0038963357
0.0133917
0.0048726234
0.014277642
0.0082240774
0.01717547
0.017530012
0.0091674055
0.017618921
0.0059693467
0.010286931
0.011345191
0.0043118842
0.014716985
0.0053700222
0.01565673
0.0090017885
0.018755068
0.019119155
0.010017132
0.019232863
0.0041610553
0.012885749
0.021814173
0.022241882
0.0045548024
0.013274329
0.022242629
0.0066319588
0.011250362
0.012389626
0.0047548982
0.015949742
0.0058992771
0.016940091
0.0098296787
0.020389808
0.020774525
0.010917931
0.020903287
0.0045966873
0.014142032
0.023671929
0.024111642
0.0050143373
0.01455431
0.024133728
0.0097000496
0.018603222
0.027372814
0.027399253
0.027606741
0.0087839672
0.017760232
0.027275464
0.0073695347
0.012350292
0.013582222
0.0052661112
0.017312907
0.0065035494
0.018367343
0.010702544
0.021963066
0.022374812
0.011859443
0.022499451
0.005076959
0.015526916
0.025826165
0.026281695
0.0055209484
0.015958273
0.026317849
0.010606878
0.020305394
0.029570855
0.029564459
0.029792714
0.0095986901
0.019391902
0.029479332
0.0049767961
0.014532482
0.023185463
0.032203632
0.032773646
0.032988661
0.0039749113
0.012762433
0.022583267
0.03215017
0.0081683389
0.013526552
0.014855672
0.0058790467
0.018972997
0.0072058386
0.020099879
0.011709463
0.023811679
0.02425243
0.012945786
0.024371434
0.0055901997
0.016817815
0.027805852
0.028278652
0.0060612116
0.017253722
0.028315613
0.011571415
0.022059152
0.032099229
0.03209158
0.032338962
0.010464042
0.021083394
0.032016056
0.0054962447
0.015940525
0.025163682
0.034554052
0.035118111
0.035359237
0.0043835877
0.014005836
0.024513822
0.034517322
0.011462292
0.02140218
0.030096882
0.03929776
0.038067002
0.039013296
0.03818288
0.0084204383
0.017108836
0.027765457
0.038145438
0.0089402475
0.014703224
0.016181752
0.0065740959
0.020797462
0.0079857216
0.022021263
0.012856582
0.026005051
0.026468665
0.014194057
0.02660913
0.0061811238
0.018253183
0.030013523
0.03051066
0.0066798418
0.018701804
0.030558479
0.012589511
0.023764535
0.034499274
0.034485232
0.034753491
0.011376255
0.02270966
0.034429621
0.0060646875
0.017475372
0.027441001
0.037537109
0.038132638
0.03840041
0.00483537
0.015373298
0.026744967
0.03751995
0.012523395
0.023350124
0.032527857
0.042049232
0.040680866
0.041667287
0.040830093
0.0092045449
0.018710141
0.030033449
0.040844982
0.0058332004
0.016759062
0.026558318
0.035347517
0.044347613
0.043621024
0.044599808
0.043281432
0.0042047769
0.01225237
0.021826384
0.032906338
0.043269299
0.0095233534
0.015834784
0.01754102
0.0072974846
0.022710713
0.0088082545
0.02408365
0.014083962
0.028390207
0.028883134
0.015528814
0.029066142
0.0068779415
0.02000275
0.032743566
0.033264858
0.0073984237
0.020476971
0.033345821
0.013763364
0.025776335
0.037284083
0.037245653
0.037544414
0.012431781
0.024625445
0.037234132
0.0066703516
0.018915703
0.029543771
0.04042274
0.041047224
0.041333777
0.005316666
0.016651989
0.028798554
0.04041185
0.013655322
0.025358911
0.035321643
0.045753384
0.044222237
0.045300196
0.044401081
0.010041758
0.020371878
0.03267331
0.044476692
0.0064341041
0.018369535
0.028814332
0.03795516
0.047180804
0.046346309
0.047376361
0.046019476
0.0046335136
0.013462387
0.023741601
0.035363984
0.046061408
0.010909313
0.021374437
0.031068712
0.041122
0.050743828
0.04993804
0.05007472
0.049379173
0.048746929
0.0088468279
0.016528824
0.025716636
0.036680108
0.047379369
0.0073846523
0.016785418
0.018887036
0.007905168
0.024663276
0.0096623706
0.026257881
0.015312943
0.030893505
0.031435119
0.016938016
0.031687227
0.0076533808
0.02192262
0.035767065
0.036321539
0.0081988575
0.022457195
0.036459262
0.0151011
0.028157356
0.040654723
0.040572929
0.040907622
0.013642622
0.026916513
0.04062731
0.0073657312
0.020529752
0.031905025
0.043694924
0.044349505
0.044668056
0.0058697896
0.018079627
0.031119028
0.043707104
0.014853779
0.027320454
0.038005344
0.049414946
0.047708936
0.048883003
0.047902561
0.010931716
0.021982376
0.035197803
0.048048467
0.0070876456
0.020101616
0.031365236
0.04126026
0.051331679
0.050383072
0.051512883
0.050030185
0.0051065338
0.014796901
0.02596335
0.038500883
0.050139208
0.011930845
0.023364264
0.033642241
0.04407147
0.053939927
0.05301078
0.053127189
0.052417178
0.051783464
0.0096738596
0.018121954
0.027919844
0.039366831
0.05039127
0.0044833389
0.016006355
0.025687329
0.035827012
0.046228562
0.05597038
0.055640018
0.055768916
0.05404509
0.053444643
0.0043939198
0.012912721
0.02042493
0.03011479
0.041389675
0.051678221
0.013016252
0.012937171
0.0083071311
0.026431632
0.019798566
0.0105406
0.0285613
0.016493368
0.033437425
0.034111573
0.018450063
0.034417217
0.0084963801
0.023935776
0.038999516
0.03960984
0.0090533817
0.024608544
0.039830045
0.016529743
0.030764987
0.044403394
0.044263334
0.044649657
0.014944964
0.029441858
0.044403223
0.0081756456
0.022487916
0.034835685
0.047702561
0.048385497
0.048759236
0.0065241363
0.019822012
0.034008072
0.047766228
0.01623972
0.029659216
0.041150612
0.053608591
0.051675527
0.052977183
0.051910824
0.011966451
0.023883492
0.038146341
0.052144239
0.0077805175
0.021731211
0.033767649
0.044484736
0.055675607
0.054612113
0.055835472
0.054193965
0.0056121052
0.016052605
0.028012553
0.0415399
0.054374785
0.013023568
0.025411091
0.036579943
0.048024731
0.058917793
0.057859208
0.057969908
0.057171535
0.0564976
0.010561767
0.019763507
0.030440178
0.042935804
0.055006396
0.0049533327
0.017569206
0.027940904
0.038548065
0.049256763
0.059216301
0.058807894
0.058924381
0.057115349
0.056508443
0.0048368129
0.014204081
0.022293326
0.032482181
0.044144968
0.05468173
0.0084717377
0.019001709
0.028876332
0.039651712
0.050356791
0.060908456
0.061643468
0.061524913
0.060650168
0.058461701
0.057295827
0.0083451631
0.017107199
0.025232821
0.034444261
0.044760378
0.054595335
0.0070816898
0.020446723
0.0057640877
0.022877059
0.0068190971
0.017609076
0.027383399
0.036707643
0.035743317
0.026364033
0.01339601
0.019873348
0.033040533
0.037143489
0.0093113753
0.026014888
0.04239662
0.043147483
0.0099435557
0.026889468
0.043413682
0.01802187
0.03354783
0.048506734
0.048324034
0.048769747
0.016319465
0.032146967
0.048556433
0.0090829475
0.024652725
0.038106734
0.052232715
0.052959059
0.053385608
0.0072579826
0.021774114
0.037241526
0.052333232
0.017820683
0.032446256
0.044961907
0.058761076
0.056540982
0.058013187
0.056827016
0.013157837
0.026161066
0.04171018
0.057145193
0.0085771257
0.023589176
0.036544892
0.048201506
0.060570316
0.059351752
0.060720703
0.058889001
0.0061971705
0.017460978
0.030331717
0.045031793
0.059161793
0.014183397
0.027413
0.039417085
0.051988121
0.06425275
0.063049028
0.063151707
0.062227133
0.061503267
0.011509359
0.021361599
0.032850624
0.046432988
0.059885852
0.0054686673
0.019247672
0.030474215
0.041945156
0.05367049
0.064615817
0.064147425
0.064257002
0.062228216
0.061581737
0.0053244017
0.015627815
0.024443225
0.035459374
0.048110929
0.05959231
0.0092861335
0.020825182
0.031364874
0.042588019
0.053595808
0.064431289
0.065172345
0.065023394
0.064089007
0.061798156
0.060580172
0.0091320387
0.018794239
0.027482339
0.03708474
0.047686246
0.057745219
0.0036281244
0.012672417
0.023238497
0.033240994
0.044343158
0.055169182
0.065594152
0.066846211
0.066700402
0.065730978
0.062945474
0.061490408
0.0037024361
0.012236671
0.021432879
0.029261176
0.038786213
0.048858734
0.058543677
0.012052142
0.01912171
0.0055317186
0.028185578
0.022868972
0.01383619
0.0099459997
0.028056275
0.033247935
0.035303688
0.039315015
0.046768088
0.045739906
0.026844622
0.02044892
0.010820208
0.029167672
0.038479889
0.047153143
0.019535874
0.036470346
0.052991806
0.052783818
0.053365381
0.017721216
0.034974092
0.05312348
0.010052772
0.026988562
0.04164297
0.057359841
0.058180272
0.058665645
0.0080651322
0.023887837
0.040750454
0.057495598
0.019531459
0.035519309
0.049236811
0.064793846
0.062230141
0.063909464
0.062535907
0.014443946
0.028675664
0.045693042
0.062947382
0.0095018513
0.025868008
0.040004498
0.052776751
0.066579639
0.065171328
0.066762172
0.064637144
0.0068916862
0.019186615
0.033225439
0.049325366
0.064995556
0.015531947
0.029812377
0.042767148
0.056519772
0.070316887
0.068978327
0.069088816
0.06801034
0.067197529
0.012614737
0.023259054
0.035667648
0.05044445
0.065393252
0.0060179692
0.020848235
0.032852428
0.045283249
0.058326419
0.070664405
0.070139433
0.070243502
0.067913694
0.067214571
0.0058477756
0.016965209
0.026427456
0.038326472
0.052196479
0.065022711
0.010157471
0.022721929
0.034198985
0.046479845
0.058589193
0.070538423
0.071335349
0.071152165
0.070087209
0.067539752
0.066208
0.0099784814
0.020539895
0.030036325
0.040527685
0.0520857
0.063079008
0.0040128987
0.013972872
0.025352388
0.035865497
0.047322445
0.058414694
0.069079837
0.070373588
0.070203797
0.069174851
0.066252957
0.064723683
0.0040798853
0.013487703
0.023435486
0.03165735
0.04147314
0.051751972
0.061625225
0.0082732669
0.017953727
0.027436842
0.037316074
0.047768162
0.058553816
0.069062892
0.071670708
0.072250865
0.071609899
0.069553145
0.066851436
0.064536185
0.0074005959
0.016090324
0.024928486
0.033209339
0.042371117
0.052066353
0.061746011
0.0055398291
0.018621963
0.022750382
0.020472263
0.0049922918
0.0058914335
0.027796891
0.01012733
0.0080587585
0.021221205
0.030312158
0.039239886
0.040703059
0.042424327
0.043727946
0.05110072
0.057176104
0.058105654
0.049427399
0.057582266
0.032848145
0.030862758
0.013645688
0.019080016
0.037695688
0.044873802
0.051699585
0.057801312
0.011017554
0.029450564
0.045437003
0.06318105
0.064136099
0.064792847
0.0088786042
0.026114269
0.044501241
0.063404925
0.021337211
0.038845027
0.053998689
0.071865396
0.068870267
0.070826456
0.06920927
0.015803998
0.031383375
0.050088154
0.069719926
0.010526375
0.028401309
0.043874374
0.057988776
0.073892973
0.072271178
0.074109284
0.071577536
0.0076718322
0.021122134
0.036470395
0.054175005
0.072010587
0.017081111
0.032700021
0.046844459
0.062036596
0.077874347
0.076417696
0.076557452
0.075259618
0.074273976
0.013891409
0.025540238
0.039087387
0.055330645
0.07217376
0.0066504873
0.02268785
0.035612275
0.049169605
0.063578853
0.077646648
0.077117052
0.07724035
0.074500475
0.073687214
0.0064544779
0.018476145
0.028671641
0.041595738
0.056809718
0.071184059
0.011087378
0.024597732
0.03693605
0.050384404
0.063971689
0.077519997
0.078442141
0.07824927
0.077003127
0.074063792
0.072553301
0.010888138
0.02223937
0.032480438
0.04387444
0.056696831
0.069038426
0.0044379408
0.015403042
0.02776703
0.039141639
0.05161347
0.063765604
0.07538171
0.076778073
0.076574403
0.075416632
0.072196814
0.070520921
0.0044977581
0.014874217
0.02573037
0.03463934
0.045269684
0.056407212
0.067119215
0.0090914362
0.019755363
0.029909213
0.040189687
0.05090735
0.061962365
0.072758299
0.075485325
0.07608342
0.075397507
0.073233648
0.070394975
0.067938321
0.0081079946
0.017724007
0.02722194
0.035861431
0.045232642
0.055085617
0.064973043
0.0041474124
0.013182965
0.022536774
0.031610743
0.041815608
0.052179178
0.062783042
0.07338781
0.076620824
0.077232681
0.076509407
0.074273072
0.071208716
0.068949261
0.0031643518
0.011404202
0.019825122
0.028712684
0.03730114
0.04618494
0.056296426
0.066131493
0.0058127695
0.011103273
0.01319068
0.025878191
0.029974894
0.0097872436
0.013014566
0.027906421
0.031791147
0.0059469727
0.013720941
0.021507786
0.012003742
0.032003972
0.038713958
0.049268006
0.038965238
0.051714978
0.050166585
0.057469372
0.055529399
0.070416831
0.060630916
0.071384977
0.061026905
0.069478087
0.039187771
0.031784936
0.035384254
0.024775591
0.019893914
0.0095129053
0.028309038
0.048314415
0.044732573
0.059181876
0.069741085
0.023325742
0.042426062
0.059338302
0.080049887
0.07655478
0.078860453
0.076980292
0.017122247
0.034177657
0.054939299
0.077605013
0.011636405
0.031149809
0.048124364
0.064001706
0.082679614
0.080785117
0.082936895
0.079907511
0.0085330587
0.023212898
0.040009947
0.05968558
0.080411521
0.01875906
0.035896299
0.051400874
0.068540277
0.087163832
0.085539701
0.085699092
0.084107471
0.082897312
0.015274917
0.028076057
0.04290434
0.060950514
0.080416867
0.0073908403
0.0249346
0.039076756
0.053944978
0.069983692
0.08647959
0.086009149
0.086168985
0.082868633
0.081840063
0.0071650827
0.020335641
0.031487762
0.04562783
0.062389279
0.078855188
0.012172165
0.026845355
0.040165776
0.054849432
0.069999811
0.085687066
0.086892819
0.086738888
0.085251905
0.081747531
0.079943099
0.011952174
0.024269027
0.035347648
0.047711481
0.061852338
0.075851673
0.0048933614
0.016766903
0.030052904
0.042333531
0.056146027
0.069782887
0.082936528
0.084548656
0.084342565
0.082996493
0.079294659
0.077369966
0.00494831
0.016186343
0.027861441
0.037504341
0.049138636
0.06152719
0.073522551
0.0099752713
0.021655164
0.032752907
0.043981668
0.055691064
0.067841544
0.079596887
0.082565485
0.083212549
0.082435381
0.08003532
0.076893422
0.074171755
0.008872027
0.019415775
0.02983011
0.039271046
0.0494503
0.060154615
0.07089113
0.0045850656
0.014583816
0.024691634
0.034223405
0.044716487
0.055284625
0.066123417
0.076954277
0.080307068
0.080931494
0.080168078
0.077837906
0.074641422
0.072254601
0.0034833286
0.012587431
0.021751661
0.031142074
0.039983184
0.04898769
0.059252188
0.069271728
0.0090830584
0.019295747
0.028270688
0.036542107
0.046016898
0.055973999
0.066297205
0.077095209
0.080217736
0.083098248
0.08215535
0.08051132
0.07762013
0.074731819
0.072731457
0.005921868
0.014503692
0.023258421
0.032755648
0.042023805
0.050829158
0.059944118
0.070722009
0.0064897908
0.0060698936
0.017054319
0.033413226
0.03406145
0.025662027
0.0372313
0.0054364377
0.017345642
0.0073736655
0.020541692
0.041829601
0.011245646
0.018041778
0.014832773
0.025349437
0.04599068
0.046332418
0.053552296
0.064622653
0.044958584
0.047891767
0.058252892
0.064813019
0.062717206
0.075018431
0.084882713
0.087013414
0.066474087
0.076560411
0.084981372
0.067868664
0.077122025
0.088485298
0.038284708
0.026185661
0.031209695
0.041320322
0.022526928
0.018340983
0.036653778
0.052692446
0.059773909
0.067133959
0.076299467
0.085889604
0.012791981
0.034143001
0.052819917
0.07098639
0.093083972
0.090950416
0.093454217
0.089822243
0.0093984304
0.025374276
0.043726581
0.065999139
0.090399522
0.020558218
0.039372952
0.056498994
0.076242251
0.098364041
0.096522542
0.096713048
0.094754284
0.093258205
0.016743782
0.030805312
0.047082791
0.067459989
0.090285548
0.0082207638
0.027454418
0.042967893
0.059330902
0.077790047
0.097482307
0.097061897
0.097241763
0.093235767
0.091933983
0.0079652611
0.022430424
0.034655518
0.050151383
0.069022857
0.088351109
0.0134328
0.029544646
0.044110157
0.060205911
0.077371507
0.096005055
0.097629169
0.097537001
0.095732047
0.091487372
0.089266134
0.013187104
0.026721772
0.038838261
0.052371921
0.068107741
0.084363673
0.0054180011
0.018315814
0.032685241
0.046037761
0.061247003
0.076597177
0.092005619
0.094040391
0.093883895
0.092272737
0.08785207
0.085520491
0.005470614
0.01767291
0.030302378
0.040772716
0.05350428
0.067240341
0.08099489
0.010909766
0.023528694
0.035502308
0.047763791
0.06085638
0.074532011
0.087938789
0.091329217
0.092113185
0.091227137
0.088451531
0.084811324
0.081668614
0.009681701
0.021069176
0.032322896
0.042569754
0.053826372
0.065794233
0.077919349
0.0050682485
0.016129245
0.027181124
0.03749457
0.048866927
0.060356953
0.072168905
0.083828627
0.087450512
0.08812084
0.087265777
0.084712265
0.081200289
0.078563763
0.003840148
0.013893398
0.023968527
0.034155099
0.04371523
0.053413535
0.064508243
0.075282807
0.0099981943
0.021309262
0.030933289
0.039500285
0.049132727
0.059254383
0.069835474
0.08089754
0.084140832
0.087086557
0.086124566
0.084405941
0.081398182
0.078368794
0.076223747
0.0064868843
0.015973954
0.025454562
0.035432992
0.044905426
0.053801489
0.063049269
0.074063152
0.0038941025
0.014388517
0.024241014
0.032569056
0.040652016
0.050511092
0.060369477
0.070844502
0.082330001
0.085268026
0.089247687
0.087374462
0.085603105
0.082479504
0.079386206
0.077819451
0.0025039775
0.0090532795
0.018089835
0.027782362
0.036947579
0.046586398
0.054946936
0.064300924
0.076093127
0.013602518
0.011922745
0.04037621
0.031497185
0.02898197
0.032414297
0.045853305
0.040453563
0.0052108103
0.0094979204
0.011936792
0.02425384
0.044470009
0.0057515958
0.016780211
0.01612085
0.026191631
0.013942271
0.037116218
0.04706979
0.057649026
0.063904529
0.078275115
0.054645074
0.056373794
0.066348399
0.076431688
0.06320581
0.084735992
0.087271042
0.091818373
0.10283305
0.10499034
0.086780563
0.10065086
0.089951909
0.1045144
0.04381314
0.030767699
0.03660416
0.047616766
0.023009659
0.018279801
0.010068189
0.027407974
0.047280721
0.062041852
0.072623387
0.074959207
0.090757421
0.10150017
0.022499305
0.043097205
0.062256612
0.085286615
0.11169004
0.10970935
0.11002483
0.10746008
0.10567136
0.018256039
0.033641121
0.051578342
0.074912447
0.10192956
0.0091160357
0.030218981
0.04722203
0.065527988
0.087240163
0.11093111
0.11057201
0.11077568
0.10588798
0.10423026
0.0088247766
0.024719266
0.038104498
0.055197357
0.07692676
0.09988501
0.014815603
0.032552727
0.04850323
0.066432481
0.086473698
0.10880754
0.11089303
0.11085761
0.10864372
0.10348375
0.10074424
0.014537213
0.029462705
0.042744934
0.057665425
0.075662501
0.094864759
0.0060409107
0.020229491
0.03597889
0.050619583
0.067309432
0.085055296
0.10357474
0.10620277
0.10611676
0.10414699
0.098784984
0.095893987
0.0060906706
0.019512051
0.033366996
0.04481035
0.058730216
0.074223455
0.090447474
0.012002976
0.025777745
0.038737788
0.052073508
0.066534752
0.082167468
0.098027183
0.10212468
0.10317367
0.10215432
0.098830222
0.094446484
0.090665302
0.010634187
0.023053795
0.035253537
0.046346389
0.058677715
0.072112196
0.086209926
0.005590114
0.017585642
0.029530857
0.040680085
0.053213468
0.066090147
0.079340581
0.092629659
0.096737863
0.097544766
0.096573293
0.093645419
0.089592473
0.086538285
0.0042243109
0.015135498
0.026023057
0.037035222
0.047478369
0.058248797
0.070608406
0.082787911
0.010993654
0.023424841
0.03397838
0.043351396
0.053819794
0.064866904
0.076404373
0.088403576
0.091894744
0.09505595
0.094004946
0.092113804
0.088816192
0.085463648
0.083069798
0.0070924415
0.017528105
0.027988605
0.038912411
0.049163136
0.058757668
0.068750123
0.08065739
0.004310894
0.015957482
0.026645456
0.035380302
0.043611782
0.053581481
0.063582233
0.074281141
0.085948613
0.08897013
0.093011818
0.09110481
0.089270897
0.086051211
0.08283625
0.081159145
0.0027570387
0.0099925263
0.019853947
0.030183532
0.039661521
0.049431706
0.057835702
0.067318706
0.07931153
0.0077136361
0.018353505
0.028733733
0.03719278
0.045503394
0.054698946
0.064568435
0.075010461
0.087947084
0.089601543
0.093646738
0.094843036
0.092526931
0.089816216
0.086418798
0.084020879
0.082732675
0.0056486052
0.012483866
0.021310116
0.03219481
0.042122387
0.051096242
0.059312067
0.068317932
0.079927277
0.0069512231
0.021620439
0.0065123452
0.039296622
0.031245459
0.032039406
0.025409634
0.050069439
0.049327386
0.012460354
0.004473741
0.017515915
0.013146862
0.022766632
0.031614407
0.052782583
0.0053711032
0.0099197744
0.017602307
0.017192905
0.024372911
0.046508267
0.058806738
0.068014778
0.07094687
0.08142691
0.094583778
0.065469206
0.051459794
0.068791262
0.081061581
0.071418899
0.069326426
0.098255982
0.10516842
0.10345194
0.11812761
0.12440141
0.12546897
0.11996213
0.12136335
0.10220241
0.11506698
0.11984741
0.10148564
0.11450121
0.12606563
0.037471687
0.027914447
0.025310781
0.042501028
0.029429256
0.054535102
0.0078322818
0.01972206
0.036234935
0.04981778
0.055866143
0.066302793
0.076082987
0.082384551
0.083666791
0.099451595
0.11208437
0.11455802
0.010041758
0.033198493
0.051845068
0.072805843
0.098539255
0.12718021
0.12720209
0.1275051
0.12125599
0.11920679
0.0097036137
0.027125249
0.04174158
0.060830276
0.086172757
0.11371994
0.016306283
0.035824092
0.053355974
0.073786383
0.097512365
0.12439081
0.12700947
0.12707713
0.12435073
0.11807009
0.11467534
0.015974356
0.032441995
0.047022861
0.063713971
0.084672077
0.10759328
0.0067580206
0.022393101
0.039696086
0.055733974
0.074594849
0.095660634
0.11807318
0.12139
0.12137346
0.1189396
0.11240619
0.10881178
0.0068007721
0.021600854
0.036825475
0.049350886
0.064831069
0.082860819
0.10224145
0.013295212
0.028495942
0.04267722
0.057214501
0.073314215
0.091687176
0.11079421
0.11583008
0.1172316
0.11603478
0.11199377
0.10664702
0.10203779
0.011753559
0.025469771
0.038831477
0.050927406
0.064476326
0.079884925
0.096659454
0.0061964384
0.019253811
0.032240644
0.044358802
0.058100414
0.072411722
0.087743094
0.10355909
0.10847048
0.10954405
0.10842158
0.10492971
0.10005898
0.096364843
0.0046674853
0.016559429
0.02836815
0.04033245
0.05172462
0.063560175
0.077589016
0.091899158
0.01205251
0.025524496
0.036938964
0.047149995
0.058826846
0.071233913
0.084338663
0.098129503
0.10205613
0.10565216
0.10448799
0.10232949
0.098539452
0.094649243
0.091866622
0.0077377005
0.019084594
0.030414715
0.042277831
0.05358137
0.064254361
0.075465705
0.089069348
0.0047719071
0.01765933
0.029367112
0.038867078
0.04776919
0.058541292
0.069388367
0.080940083
0.093521293
0.09672905
0.10099242
0.098881013
0.096878712
0.093380209
0.089845758
0.088062543
0.0030426054
0.011035072
0.021912376
0.03322204
0.04346688
0.053952849
0.062941632
0.073113474
0.086016991
0.0084989101
0.020328808
0.031538265
0.040327765
0.048708594
0.05796458
0.068000375
0.078714746
0.091903129
0.093618045
0.097698386
0.09887714
0.096501386
0.093715583
0.090216141
0.087711362
0.086327235
0.0061922191
0.013754453
0.023354643
0.034849105
0.045045199
0.054103741
0.062384003
0.071541592
0.083388044
0.0036785527
0.011852566
0.023266174
0.033130641
0.041162155
0.049792868
0.059038174
0.069261342
0.080131028
0.094615482
0.095347605
0.099697414
0.10101636
0.098564052
0.095607081
0.091908646
0.089325241
0.087956138
0.0029076128
0.008996461
0.015730985
0.025792448
0.037315458
0.046414488
0.055227925
0.063294437
0.072616117
0.084908618
0.0060410629
0.045695023
0.038941581
0.024386273
0.026811444
0.039223005
0.025434689
0.057598227
0.046133106
0.057641481
0.0048168392
0.0090456646
0.012795118
0.023492671
0.018862858
0.029886265
0.037884333
0.048292293
0.011024295
0.0090065455
0.00460011
0.014331847
0.011527149
0.010931483
0.036102971
0.056377112
0.064484606
0.069345711
0.080361025
0.081723475
0.090067869
0.098231172
0.11082848
0.056287874
0.059754986
0.045958974
0.08493302
0.090987424
0.083189655
0.081994055
0.10810136
0.11440026
0.13197418
0.12924475
0.14721072
0.14087951
0.14822701
0.1310349
0.13928531
0.11767407
0.12862964
0.13494948
0.1373345
0.10275963
0.13173668
0.14594444
0.040183372
0.038842614
0.034393094
0.032337687
0.041710553
0.036732199
0.062643569
0.019902924
0.010587211
0.029494654
0.045254806
0.056176283
0.066542659
0.083299252
0.09601101
0.09580292
0.12122569
0.12967156
0.017932708
0.039313542
0.058748327
0.082419757
0.11068182
0.14319129
0.14675309
0.14713458
0.14370244
0.13586783
0.13160887
0.017529649
0.035587317
0.051652844
0.070580545
0.095230616
0.12293124
0.007554861
0.024794105
0.043756577
0.06148327
0.083451142
0.10870251
0.13577467
0.13983603
0.13993718
0.13695143
0.12907284
0.12462029
0.007573244
0.02390429
0.040623366
0.054386994
0.072040684
0.093336124
0.1166983
0.014709307
0.031535727
0.047077673
0.063118515
0.081675932
0.10359713
0.12668028
0.13276317
0.13455596
0.13313545
0.1282264
0.12172416
0.11612124
0.012979597
0.028181766
0.042848137
0.056100232
0.071407628
0.089508215
0.10965696
0.006923649
0.021341729
0.035649338
0.048888599
0.063849491
0.080049063
0.098365745
0.11752185
0.12351787
0.12495451
0.12362893
0.11938435
0.11343317
0.10890376
0.0051991262
0.018333431
0.031335224
0.044428144
0.056799428
0.069909346
0.086311622
0.10350839
0.013304577
0.02806724
0.040446133
0.051483819
0.064312299
0.078371953
0.093780001
0.11025463
0.11488117
0.1191992
0.11790409
0.11535381
0.11082005
0.10613129
0.10277858
0.0084989784
0.020965853
0.033269436
0.046124261
0.058438184
0.070313084
0.083260311
0.099412678
0.0052675776
0.019293538
0.03196949
0.042262222
0.052045337
0.064093297
0.076238773
0.089389666
0.10382019
0.10736269
0.11213553
0.10974898
0.10726657
0.10328559
0.099213287
0.09738708
0.003351718
0.012041002
0.02386363
0.036143064
0.047298583
0.058895759
0.068849011
0.08028454
0.095023876
0.0093472458
0.022407049
0.034723883
0.044344221
0.053422795
0.063446211
0.074354618
0.086031937
0.10036679
0.10214113
0.10639955
0.1075599
0.10494945
0.10192267
0.098118865
0.095430997
0.093937053
0.0067773448
0.015117591
0.025742487
0.038398862
0.049428654
0.059146867
0.068006613
0.077803515
0.090671913
0.004063612
0.013180158
0.025654845
0.036088153
0.044262136
0.052923174
0.062213945
0.072600322
0.083669047
0.098314355
0.0990776
0.10342865
0.10471794
0.10222253
0.099217745
0.095445717
0.092773853
0.091324769
0.0032009892
0.0099409692
0.017303058
0.02807103
0.040060304
0.049287876
0.058144635
0.066251531
0.075696963
0.088164087
0.0071187423
0.015490004
0.026427049
0.036385044
0.045259108
0.053951946
0.063974579
0.074559039
0.085348702
0.10230113
0.10003651
0.10466008
0.1078138
0.10717431
0.10418773
0.10053352
0.097082591
0.094942993
0.092575563
0.0067082409
0.013010267
0.019709044
0.029099463
0.040446306
0.049931541
0.05978324
0.068893429
0.078087809
0.090085161
0.01406603
0.052519365
0.042735696
0.034019672
0.018269365
0.046638903
0.031119608
0.049079479
0.054808946
0.063179016
0.07028226
0.0052051365
0.0047959302
0.0124642
0.026042995
0.018422686
0.026872121
0.036840043
0.056147455
0.0057417671
0.014792212
0.0041745341
0.01244246
0.007691054
0.019246373
0.010106451
0.0061481644
0.019639178
0.042552719
0.05984195
0.063955647
0.072104171
0.074412637
0.084005574
0.090922342
0.10687097
0.12031679
0.12501146
0.061723035
0.065606381
0.048813153
0.10533635
0.115865
0.090069346
0.098947897
0.090110241
0.12653469
0.13352323
0.1519385
0.14889815
0.17151425
0.17087613
0.17132339
0.15388604
0.17368986
0.16762593
0.14407941
0.15939446
0.1570175
0.12390785
0.14295592
0.14638012
0.16178846
0.15196441
0.12198842
0.15281202
0.17110985
0.16548856
0.043187675
0.04467136
0.032653832
0.031231126
0.048572489
0.063715854
0.012867613
0.019015562
0.03858714
0.056100267
0.071827778
0.077419791
0.095675229
0.10675713
0.10691738
0.14001174
0.15351554
0.14145178
0.0084047387
0.027384756
0.048158404
0.068120868
0.094050927
0.12444512
0.15722395
0.162477
0.16294135
0.15918979
0.14950825
0.14398024
0.008359105
0.026381024
0.044713657
0.060008735
0.08042312
0.10581507
0.13431087
0.016244244
0.034857628
0.051951118
0.070029962
0.091841705
0.11818523
0.14588545
0.15302272
0.15526202
0.15361299
0.14775422
0.13998088
0.13324375
0.014278433
0.031143814
0.04724001
0.061977071
0.079651857
0.10117983
0.12553198
0.0077617343
0.023698537
0.039488654
0.053963307
0.070638592
0.089684904
0.11177781
0.13505848
0.14229137
0.14413297
0.14255776
0.13740738
0.13015126
0.12461545
0.0058066179
0.020349382
0.034708162
0.049034387
0.062634899
0.077729357
0.097248553
0.11812819
0.014784365
0.031137129
0.044709824
0.056699841
0.070843708
0.087172012
0.10569579
0.12561505
0.13114302
0.13639109
0.13493945
0.13188634
0.1263907
0.12068365
0.11661643
0.0093978055
0.023249137
0.036782682
0.05076786
0.064188919
0.077665043
0.093032083
0.11253505
0.005846827
0.021211353
0.035035247
0.0462049
0.056852755
0.070188975
0.084140924
0.099752032
0.11699456
0.12110835
0.12675674
0.12402916
0.1206802
0.11600325
0.11132132
0.1092666
0.0037119859
0.013201063
0.026130313
0.039488749
0.051612542
0.06429325
0.075494293
0.08886654
0.10642775
0.010259769
0.024476852
0.037833661
0.048286773
0.058344113
0.069577144
0.081980529
0.095471564
0.11200056
0.11380871
0.11858108
0.1198268
0.11655224
0.11302525
0.10870989
0.10594171
0.10432147
0.0074043586
0.016501104
0.028062181
0.041864863
0.053993096
0.064729256
0.074593376
0.08573772
0.10054643
0.0044917731
0.014644001
0.028372147
0.03970156
0.04857501
0.057860463
0.067859571
0.079070814
0.091080371
0.10687916
0.10752721
0.11200883
0.1132689
0.11054936
0.10733185
0.10328279
0.10041964
0.098869066
0.0035292385
0.010989283
0.019164037
0.030993426
0.044023572
0.053892368
0.063318282
0.071824487
0.081966672
0.09539562
0.0078351206
0.01718849
0.029083547
0.039542179
0.048530627
0.057250156
0.067377141
0.078202376
0.089253795
0.10637833
0.104142
0.10871091
0.11181505
0.11110355
0.10807989
0.1044038
0.10089263
0.098682354
0.096238313
0.0073650943
0.014381089
0.02156935
0.031527524
0.043272491
0.052904892
0.062862947
0.072104015
0.081448531
0.093632026
0.0031138231
0.010708238
0.019708197
0.030817841
0.0404317
0.049472885
0.058325169
0.069092346
0.079270115
0.091336392
0.10944366
0.10698969
0.11204319
0.11544573
0.11463856
0.11115235
0.10778373
0.10405578
0.10148795
0.098957289
0.0034525093
0.010089671
0.016278723
0.023340868
0.033368529
0.044825102
0.054187025
0.064635655
0.073554159
0.082916169
0.096259593
0.029842677
0.021893841
0.03817646
0.052245845
0.044254458
0.023128223
0.032969013
0.055840569
0.062018131
0.072010666
0.062805689
0.080042809
0.011466281
0.0081570048
0.024546736
0.020069244
0.023094024
0.028586781
0.042976601
0.049024346
0.0061289607
0.019431974
0.0044426509
0.0074749649
0.018309489
0.0032664892
0.021859788
0.015895618
0.0067398997
0.012947361
0.0092353518
0.03001861
0.052434996
0.064755006
0.074886591
0.073037291
0.092266559
0.10503784
0.12230382
0.13341953
0.13742084
0.14260473
0.072216676
0.064438578
0.071841933
0.071859621
0.057464753
0.055187176
0.099449395
0.12056073
0.096265856
0.11107836
0.095614971
0.13608236
0.17911953
0.15812238
0.19314706
0.19049663
0.20090808
0.19067287
0.19130471
0.17083704
0.19582531
0.1871566
0.18210598
0.17491792
0.17462886
0.13897383
0.17162043
0.16826841
0.13692357
0.15240295
0.18704692
0.18362514
0.03872139
0.051046599
0.04990577
0.038070289
0.056511818
0.064208858
0.019009527
0.0091210042
0.028826517
0.048732038
0.065695512
0.079822772
0.089232613
0.10643472
0.12104791
0.12043584
0.14918987
0.161514
0.16434881
0.15647285
0.017874555
0.038456677
0.057408852
0.07810883
0.10389019
0.1357723
0.16915786
0.17760803
0.18055422
0.17872706
0.17164436
0.16240548
0.15427041
0.015717061
0.034301435
0.052051624
0.068662959
0.08924729
0.11509535
0.14499316
0.0086864994
0.02632418
0.043719074
0.059678902
0.078837217
0.10158784
0.12832524
0.1560486
0.16436992
0.16659888
0.16478712
0.15877901
0.15025047
0.1436485
0.0064562671
0.022564382
0.038411068
0.05412416
0.069475169
0.08722125
0.11070341
0.13599434
0.016400773
0.03455617
0.04947991
0.062704734
0.078859008
0.098238074
0.12063225
0.14462205
0.15108554
0.15729352
0.15567186
0.15207074
0.14551296
0.13865909
0.13379584
0.010383916
0.025812753
0.040698997
0.055986229
0.071048474
0.08679208
0.10524612
0.12891842
0.0065585254
0.0235993
0.038872441
0.05105601
0.062580288
0.0775239
0.094065879
0.11297166
0.1338583
0.13872318
0.14552318
0.14238
0.13838033
0.13270148
0.12700103
0.12450945
0.0041545527
0.01465804
0.029017743
0.043637484
0.05674371
0.070695611
0.0836892
0.099766669
0.12107424
0.011343886
0.026986139
0.041533917
0.052814088
0.063794886
0.076457871
0.091014198
0.10719302
0.12691559
0.12890693
0.13444906
0.13594631
0.13158612
0.12723378
0.1222446
0.11947002
0.11759935
0.0081479289
0.018172877
0.030807757
0.04580177
0.058987677
0.070863694
0.082164533
0.095371896
0.11307585
0.0049528248
0.016050096
0.030970741
0.043257784
0.052931299
0.063245186
0.074441341
0.0872483
0.10112628
0.11924152
0.11965982
0.12438087
0.12597671
0.12231713
0.11863631
0.11409806
0.11114643
0.10974289
0.0038861306
0.012008999
0.020935503
0.033837277
0.04806482
0.058920368
0.069284876
0.078763855
0.090335528
0.10579438
0.0086082181
0.018976262
0.032126481
0.043576853
0.053220619
0.062636496
0.073597863
0.08542226
0.097545606
0.1158859
0.11369258
0.11814232
0.1212411
0.12036356
0.11709605
0.1132173
0.10949791
0.10716095
0.10454295
0.0080742944
0.015821108
0.023649225
0.034718741
0.047533229
0.05789397
0.068546667
0.078381863
0.088425119
0.10159899
0.0034387453
0.011891655
0.021789056
0.033653137
0.043546784
0.052660249
0.061523989
0.072425695
0.082759116
0.095027191
0.11314174
0.11075089
0.11568436
0.11901436
0.11814622
0.11465668
0.11129004
0.10753126
0.10491414
0.10232512
0.0038036957
0.011170219
0.017867085
0.025346453
0.035869877
0.047616945
0.057074116
0.067633905
0.076627676
0.086081614
0.099538683
0.0067802765
0.01412997
0.022931591
0.033248202
0.043273692
0.053307379
0.062978506
0.074047822
0.08550847
0.099093988
0.12012293
0.11691278
0.11624739
0.12342731
0.12459241
0.12149079
0.11774744
0.11510972
0.11109403
0.10856396
0.10483405
0.013627047
0.020364119
0.027680869
0.03671322
0.047121371
0.056960921
0.0684754
0.079575647
0.089694036
0.10385897
0.030753523
0.041740729
0.060432861
0.051521751
0.038280161
0.0264794
0.02761471
0.040296454
0.065532552
0.069655658
0.077607685
0.055038389
0.067433647
0.080872239
0.013700814
0.003940395
0.031385718
0.022516362
0.026905034
0.03494995
0.043896903
0.049070715
0.013721205
0.013890959
0.011696674
0.0043227317
0.01011023
0.0040495244
0.014166365
0.019355667
0.0035404463
0.024291694
0.017239502
0.012260522
0.020732871
0.019464927
0.062754082
0.081383763
0.08637628
0.10288737
0.11449761
0.11642937
0.15385037
0.17003052
0.15685528
0.080688454
0.076032432
0.070931927
0.055017873
0.077957856
0.065347503
0.081179708
0.069477415
0.062708898
0.062849625
0.048049797
0.11399528
0.10688858
0.13322972
0.10473273
0.12294331
0.10596438
0.16476147
0.18290839
0.18357056
0.21004789
0.20925417
0.21307046
0.22834592
0.20800431
0.21112455
0.22460025
0.20961391
0.19541492
0.20870298
0.22387894
0.20113734
0.20283513
0.19769834
0.21312593
0.19077362
0.17810081
0.14702321
0.18062969
0.19509759
0.18062968
0.15791269
0.20084944
0.21559062
0.19783685
0.059859222
0.043383312
0.055372882
0.038217855
0.0418928
0.071503464
0.017163538
0.037303177
0.056820762
0.075586699
0.088578074
0.098055271
0.099391757
0.11345715
0.12929398
0.14123719
0.131437
0.15411084
0.17366244
0.17511438
0.18885238
0.16972246
0.0096696842
0.029148512
0.048379623
0.066272023
0.08863362
0.11589365
0.14839086
0.18137504
0.19084324
0.19367374
0.19169002
0.18464568
0.17479091
0.16707638
0.0071049567
0.02501479
0.042380768
0.059837118
0.077455927
0.098435322
0.12697677
0.15807734
0.018139561
0.038309744
0.054845561
0.069741485
0.088571044
0.11183267
0.13887847
0.16708456
0.174209
0.18117983
0.17944288
0.17535531
0.16786346
0.16000948
0.15444118
0.011416221
0.028613746
0.044961817
0.061917778
0.07921092
0.097889962
0.12022352
0.14881833
0.0073806227
0.026286392
0.043173562
0.056528965
0.069354499
0.08674895
0.10666715
0.12968755
0.15476234
0.16034216
0.16817738
0.16464488
0.15999304
0.15333956
0.14656965
0.14359679
0.004670818
0.016314585
0.032279533
0.048274115
0.062617084
0.078565151
0.094004837
0.11356197
0.13950321
0.012630198
0.03002416
0.046027483
0.058315135
0.070393905
0.084974909
0.10244963
0.12208816
0.1457344
0.14793329
0.15442644
0.15626407
0.15098416
0.14550972
0.13956905
0.13671314
0.13447373
0.0090286652
0.020210343
0.034180096
0.050515635
0.064883758
0.078283968
0.091605031
0.10756357
0.12901419
0.005494894
0.017677751
0.034027361
0.047411946
0.057860093
0.069226747
0.082026902
0.097257945
0.11393901
0.13547478
0.13575986
0.14102
0.14305282
0.13776498
0.13333309
0.1281644
0.12530805
0.12396288
0.0043049884
0.013191438
0.022990045
0.037086835
0.052591906
0.064393668
0.075981784
0.08698568
0.10078836
0.1192625
0.0094424733
0.0207606
0.035076322
0.047515865
0.058094174
0.068558174
0.081003844
0.094743946
0.10889877
0.12964032
0.12748475
0.13161449
0.13497334
0.13368853
0.12965069
0.12538512
0.12141108
0.11908756
0.11651408
0.0088373255
0.017269136
0.025828044
0.037881288
0.051991394
0.06340446
0.075223842
0.086348394
0.097812368
0.11297808
0.0038010172
0.013202134
0.024215167
0.037180429
0.047696874
0.057567294
0.067071813
0.078827248
0.0900835
0.10345139
0.12262143
0.12031851
0.12502586
0.12830465
0.12725433
0.1235242
0.12006724
0.11613928
0.11338546
0.11064011
0.0041935121
0.012364106
0.019782886
0.027841324
0.039421327
0.052112367
0.062199819
0.073425711
0.082954691
0.09301029
0.1075443
0.0074540657
0.01566922
0.025285229
0.036208414
0.04647115
0.056650978
0.066456652
0.077805277
0.089538591
0.10330613
0.12408723
0.1210044
0.12048175
0.1272754
0.12835384
0.12525901
0.1215424
0.11886903
0.11485348
0.1122638
0.10849636
0.015094738
0.022307235
0.029900555
0.039259906
0.049891828
0.059884666
0.071619246
0.08291075
0.093172607
0.10740855
0.010141004
0.017544969
0.026896954
0.03730127
0.047455719
0.057824809
0.067532028
0.079522349
0.091297749
0.10743282
0.13023562
0.12621134
0.12539106
0.13390005
0.13389498
0.13011037
0.12566179
0.12413291
0.11975158
0.1163813
0.112195
0.016966532
0.02404455
0.031590411
0.040714174
0.051132518
0.061384253
0.073698332
0.084839874
0.09572947
0.11189303
0.032022037
0.052968047
0.069035967
0.051075351
0.05457187
0.047403034
0.028285179
0.026368917
0.030909032
0.043281629
0.071772154
0.073481339
0.081954966
0.084554808
0.062304059
0.088567086
0.017497889
0.0093793306
0.037618375
0.030527725
0.019022984
0.032193404
0.035919592
0.046056986
0.05595602
0.0072613617
0.022375059
0.01058539
0.018493405
0.011444749
0.006266382
0.017263008
0.0043005948
0.010615822
0.021107881
0.022064997
0.0079002722
0.021600179
0.018149661
0.030073688
0.012869342
0.073011627
0.093260083
0.099053269
0.099292073
0.12368973
0.13163447
0.16832521
0.18832085
0.17332701
0.081549062
0.076296436
0.070058578
0.061120284
0.082139198
0.086070832
0.072149812
0.087384325
0.079643225
0.06340247
0.067487328
0.054843133
0.12755774
0.11573733
0.11514325
0.15305112
0.16280493
0.094447469
0.13682951
0.11662372
0.096153974
0.20154981
0.21759906
0.22890841
0.22501909
0.24379567
0.23934656
0.22342367
0.22625064
0.23980101
0.24423814
0.22444872
0.21637908
0.231727
0.21672682
0.20523085
0.22683188
0.20610802
0.18849721
0.21425132
0.20598954
0.19715859
0.16786749
0.19789089
0.22722617
0.23372726
0.21294787
0.049791345
0.041788944
0.038436439
0.044205928
0.007773974
0.027537576
0.046320991
0.065698903
0.086039687
0.10606129
0.11094931
0.12502397
0.14779086
0.1472095
0.16773356
0.1832164
0.16705882
0.19803696
0.18700947
0.019991133
0.042373684
0.060903793
0.077903011
0.10007342
0.12807514
0.16098002
0.19414787
0.20169628
0.20928991
0.20763181
0.20312256
0.19478521
0.18609698
0.17996733
0.01252255
0.03169051
0.049650292
0.06869278
0.088758821
0.1111228
0.13855262
0.17362348
0.0082889579
0.029263471
0.047945891
0.062820254
0.07750278
0.098128583
0.1223229
0.1499828
0.17891208
0.18478914
0.19336997
0.18955642
0.18438105
0.17691379
0.16935169
0.16615686
0.0052210926
0.018139016
0.035860619
0.053371973
0.069490035
0.088139699
0.10674871
0.13053163
0.16160923
0.014049463
0.033404147
0.051062676
0.064689754
0.078453595
0.095665891
0.11684982
0.14065381
0.16841507
0.17065359
0.17785512
0.17990785
0.17402335
0.16755228
0.16082428
0.15775744
0.15518755
0.010001975
0.02249575
0.037950687
0.055831114
0.071922177
0.087471485
0.10341217
0.12285442
0.14874425
0.0061529503
0.019721427
0.037854222
0.05248957
0.063851682
0.076539753
0.091596784
0.11008939
0.13039272
0.15609416
0.15624627
0.16234781
0.16482936
0.15816946
0.15288282
0.1467573
0.14382127
0.14222189
0.0048171308
0.014677475
0.025619834
0.041102694
0.057939729
0.070880586
0.084219095
0.097374132
0.11417284
0.13657172
0.010437316
0.022917609
0.03857171
0.05204342
0.063542796
0.075250362
0.089814305
0.1063813
0.12344941
0.14765418
0.1454445
0.14962373
0.15344471
0.15135441
0.14588982
0.14142867
0.13719642
0.13468742
0.13205542
0.0097462848
0.019029584
0.028452995
0.041545492
0.056897119
0.069451216
0.082920686
0.096009087
0.10971865
0.12778981
0.0041935954
0.014463802
0.02649362
0.040574246
0.052001343
0.06286421
0.073432062
0.086875827
0.099998913
0.11553533
0.13698069
0.13476764
0.139054
0.14252626
0.14105385
0.13627008
0.13285061
0.12868164
0.12588617
0.12316912
0.0046174806
0.013517307
0.021614095
0.030372142
0.043061341
0.057041353
0.0680914
0.080589396
0.091395293
0.10277787
0.11948949
0.0081796943
0.017283527
0.027996581
0.040022802
0.05096051
0.06196942
0.07251686
0.08491089
0.097837786
0.1128864
0.13455169
0.13162794
0.13132297
0.137579
0.13848908
0.13514661
0.13127557
0.12853906
0.12436553
0.12164663
0.11761047
0.016630615
0.024445625
0.032535466
0.042854626
0.054395101
0.065116002
0.077796413
0.089993637
0.10101376
0.11629607
0.011245352
0.019390524
0.029434847
0.040240164
0.050561083
0.061036732
0.070874422
0.083134957
0.095130589
0.11134329
0.13367329
0.12982424
0.12919111
0.13719726
0.13715048
0.13341294
0.12902859
0.12745028
0.1230877
0.11968878
0.11549372
0.018743398
0.02608865
0.033840433
0.043222673
0.053805898
0.064210832
0.076722719
0.087984877
0.098954097
0.11508442
0.021065862
0.030722173
0.040396242
0.050014293
0.060803624
0.071189339
0.083539697
0.097765896
0.11758888
0.13858626
0.14515072
0.13765515
0.13860407
0.14506097
0.14201478
0.13763058
0.13451895
0.13330657
0.12709309
0.12398943
0.12148513
0.028630875
0.036247771
0.04483525
0.054372794
0.064755755
0.076799361
0.089461035
0.10380917
0.12219161
0.046401396
0.066907039
0.062930076
0.056732848
0.055045239
0.038608524
0.035007932
0.036300254
0.046936206
0.042093512
0.079656293
0.081594801
0.088890515
0.07615481
0.096181235
0.068659391
0.066335543
0.013716245
0.037329498
0.025435714
0.038482086
0.038307984
0.05020894
0.056546226
0.0099160295
0.021695659
0.018785668
0.0092626638
0.007891354
0.017307999
0.004504547
0.0095644872
0.016658321
0.027629245
0.029267873
0.0048386931
0.016180899
0.027881661
0.025155046
0.033411279
0.0096052741
0.085993855
0.10107847
0.11142596
0.11249171
0.13797316
0.15153436
0.14645925
0.17635692
0.21253058
0.18826538
0.086771399
0.084964613
0.077718318
0.063507414
0.088102737
0.079289925
0.094759682
0.081750213
0.087128227
0.071587804
0.055047583
0.073656602
0.057883525
0.057318851
0.048628819
0.11400914
0.14152454
0.13150808
0.13343512
0.17103388
0.098983237
0.094454137
0.13869108
0.12049015
0.10661782
0.19726899
0.22879896
0.23222155
0.25449073
0.25352268
0.26449362
0.24162526
0.23484946
0.26249426
0.24011856
0.25203596
0.25368614
0.26187047
0.23584418
0.22285104
0.24704155
0.25580138
0.22790629
0.21470373
0.23431814
0.24643666
0.21897772
0.2030693
0.22472423
0.22166652
0.23530066
0.2124743
0.19098573
0.24544049
0.24920734
0.25585904
0.22767086
0.047926155
0.044721555
0.031164781
0.013642468
0.034821768
0.054300637
0.075633875
0.096475752
0.099020216
0.11987579
0.13015935
0.12675728
0.18127087
0.16190435
0.16607354
0.18954931
0.17500048
0.2089702
0.22386618
0.20567898
0.0092018175
0.032431508
0.053261038
0.070116573
0.087147741
0.11181207
0.14118798
0.17462877
0.20767617
0.21342407
0.22229633
0.2185533
0.21306838
0.20502194
0.19693226
0.19381123
0.0057184433
0.020156144
0.039773001
0.059123496
0.077517372
0.099531267
0.12215317
0.15158954
0.18922075
0.015562378
0.037120603
0.056757438
0.072188354
0.08817718
0.1087854
0.13452621
0.16292559
0.19425723
0.19608329
0.20347845
0.20564541
0.19941445
0.19240301
0.18515051
0.18200433
0.17943081
0.010997188
0.024986208
0.042050918
0.06188257
0.080284733
0.098639456
0.11792144
0.14156311
0.17225246
0.0069055135
0.022040629
0.042134665
0.058249321
0.070970661
0.085670383
0.10375417
0.12640839
0.15096043
0.1804745
0.18025791
0.18676649
0.18942709
0.1820798
0.17594491
0.16923471
0.166279
0.16454968
0.0054105327
0.016365491
0.028591143
0.045612284
0.064102601
0.078837627
0.094551523
0.1105246
0.1311303
0.15798044
0.011615257
0.025543559
0.042824048
0.057546157
0.070209733
0.083621275
0.10105293
0.12127901
0.14193037
0.16991571
0.16773754
0.17201991
0.17635161
0.17378369
0.16664583
0.16213093
0.15746674
0.15478278
0.15167089
0.010821694
0.021180456
0.031682796
0.046005326
0.062677188
0.076744594
0.092496726
0.10819609
0.12484044
0.14653645
0.0046567535
0.015922884
0.029120077
0.044507906
0.056887806
0.068783509
0.08079117
0.096775605
0.11268942
0.13137261
0.15616135
0.15394053
0.15814595
0.16203666
0.15978654
0.15305758
0.15006164
0.14560551
0.14253998
0.13979482
0.005116588
0.014854988
0.023736618
0.033369342
0.047205127
0.062416299
0.074694803
0.089123605
0.10192868
0.11555133
0.13538092
0.0089641002
0.01890254
0.030607165
0.043715767
0.055668665
0.067801906
0.079655751
0.094037946
0.10919937
0.1266831
0.15038152
0.14766344
0.14761295
0.15329163
0.15402536
0.1495698
0.14520502
0.14281286
0.13842238
0.13568388
0.13122035
0.018172065
0.026651759
0.035333014
0.046699682
0.059495634
0.071292856
0.08564964
0.099607561
0.11200439
0.12950416
0.012462499
0.021535979
0.032615947
0.044121464
0.055247935
0.066442019
0.076957131
0.090331784
0.1035404
0.12112412
0.14405753
0.14037159
0.14001132
0.1473828
0.14711072
0.14314464
0.13859084
0.1370848
0.13257017
0.12899827
0.12454741
0.02078975
0.028430651
0.036590416
0.046842114
0.058235649
0.069532379
0.083004729
0.095101062
0.10682418
0.1239517
0.023163946
0.033434485
0.043409132
0.053121814
0.064065582
0.074670149
0.087446327
0.10216085
0.1220833
0.14244702
0.14866329
0.14161219
0.14288278
0.14856377
0.14559677
0.14126257
0.13818819
0.13687549
0.13075417
0.12757447
0.12500899
0.030991922
0.038635091
0.047345121
0.057035716
0.067653365
0.079988577
0.092868559
0.1072993
0.12559112
0.024984424
0.035187206
0.044502863
0.054075257
0.065359244
0.075587558
0.089118142
0.10588986
0.12806927
0.14848214
0.1577104
0.14914752
0.15008566
0.1564486
0.15157042
0.14696099
0.14378798
0.14442732
0.1357806
0.13441249
0.13166373
0.032624762
0.040259665
0.048855203
0.058460266
0.06927743
0.081860339
0.096295861
0.11174852
0.13240613
0.058683992
0.035590011
0.077570259
0.070577143
0.062166771
0.045592141
0.063421987
0.042553105
0.030253155
0.054811308
0.034322304
0.04884184
0.088418531
0.092890923
0.083882919
0.099027784
0.073574544
0.10303238
0.067648794
0.070377676
0.022387876
0.045059535
0.033374972
0.044465952
0.054897507
0.057248955
0.059665132
0.017183059
0.0084986292
0.0073169555
0.016378967
0.015731114
0.027265396
0.010675026
0.0056102295
0.02570455
0.0061048165
0.015929121
0.025193812
0.022138282
0.031892193
0.012825496
0.097101506
0.12207238
0.12668504
0.12725951
0.13548584
0.16412866
0.16357333
0.21955164
0.20577177
0.093945373
0.085597349
0.074486562
0.067960258
0.087854392
0.086081627
0.10256491
0.080658061
0.086545022
0.08160247
0.065083699
0.065346872
0.053007854
0.052416322
0.06370721
0.099726466
0.14734527
0.11625463
0.11367756
0.14900243
0.17480358
0.17360238
0.10982649
0.10332835
0.1296265
0.14443038
0.1341294
0.11208576
0.11400353
0.21162098
0.2413241
0.24987132
0.26620058
0.27475347
0.26902271
0.25305859
0.2467368
0.27140212
0.26944702
0.25029791
0.2610754
0.26550448
0.24568476
0.23777948
0.24993445
0.25885949
0.26154718
0.23897
0.21945148
0.2512858
0.23151419
0.19977723
0.23821215
0.2340048
0.24331243
0.24706372
0.22863554
0.18406381
0.25269525
0.25643612
0.26748433
0.2423528
0.043795284
0.038984923
0.030315444
0.086066426
0.10602428
0.1124726
0.14569995
0.14133037
0.18701576
0.19078875
0.17968045
0.17090076
0.19634999
0.15510626
0.20058713
0.23867952
0.22455805
0.041162736
0.063186303
0.080855183
0.099574786
0.12440506
0.15586856
0.18999034
0.22429897
0.22531795
0.23195159
0.23406583
0.22826081
0.22126141
0.2139874
0.2110494
0.20882221
0.012000372
0.027670929
0.046524325
0.068810244
0.090102883
0.11197435
0.13560974
0.1649405
0.20134185
0.0077101991
0.02458683
0.046883276
0.06491273
0.079514848
0.096889636
0.11888771
0.14638982
0.1752097
0.20758109
0.20659193
0.21295433
0.21565121
0.20805863
0.20160865
0.19459645
0.19171389
0.19015802
0.0060523621
0.018188491
0.03184658
0.050560335
0.071342697
0.08848655
0.10730672
0.12675859
0.15173384
0.18302465
0.01291061
0.028487472
0.047573266
0.063887305
0.07830873
0.094079443
0.11521421
0.13993816
0.16449902
0.19504667
0.19335218
0.19690514
0.2013314
0.19851908
0.19044503
0.18583574
0.18110859
0.17846978
0.17503635
0.012000675
0.023599356
0.03528469
0.050976992
0.069501089
0.085724475
0.10442636
0.12345503
0.14366279
0.16914636
0.0052247904
0.017752538
0.032455782
0.04936951
0.062844025
0.076106886
0.090158873
0.10956781
0.12909797
0.1516265
0.17984974
0.17777564
0.1818915
0.18616846
0.18335594
0.17486912
0.17218983
0.16746578
0.16416158
0.16093296
0.0057156574
0.01652754
0.02643802
0.037192305
0.052169855
0.068762661
0.082801524
0.099886972
0.11537709
0.13196564
0.15566425
0.0099018689
0.020866435
0.033685834
0.047940499
0.06093496
0.074431005
0.088155016
0.10544125
0.12380042
0.14465773
0.17127058
0.16861515
0.1688417
0.17426613
0.17478975
0.16879307
0.163659
0.16180113
0.15705797
0.15418192
0.14919143
0.020045175
0.029320329
0.038789326
0.051122039
0.065135295
0.078427597
0.095205189
0.11175346
0.12638891
0.14696535
0.013651243
0.023577238
0.035673564
0.04820647
0.060346431
0.072653707
0.084546152
0.10011581
0.11559877
0.13584686
0.16054931
0.15703467
0.15696024
0.16372153
0.16315735
0.15810131
0.15285382
0.15205252
0.1472796
0.14356851
0.13868062
0.022740096
0.030843046
0.039585627
0.051080683
0.063505521
0.07611715
0.091418939
0.10522514
0.11836452
0.13775188
0.02551178
0.036970237
0.047760392
0.058050371
0.069784864
0.081236545
0.095390811
0.11171171
0.13312101
0.15398636
0.1599611
0.15338365
0.15490485
0.1596087
0.1564296
0.15181791
0.14877656
0.14749836
0.14117084
0.13778142
0.13496946
0.033775812
0.041649335
0.051146114
0.061697349
0.073239247
0.08669885
0.10066099
0.1160988
0.13539472
0.027270377
0.037960482
0.047430033
0.057068325
0.068512923
0.078927234
0.092846017
0.11002723
0.13217943
0.15184434
0.16065514
0.15257521
0.15388535
0.15942121
0.1546892
0.15014456
0.14701827
0.14751241
0.13901248
0.13752367
0.1347384
0.035002944
0.042607525
0.051277193
0.061027985
0.072062061
0.084881203
0.099463724
0.11490797
0.13538599
0.037726094
0.047884285
0.057464659
0.068619057
0.079854149
0.093006851
0.11202609
0.13544299
0.16560728
0.16071642
0.1710664
0.16157427
0.15999448
0.16594393
0.16107322
0.1567871
0.15568488
0.15144051
0.1460984
0.14623581
0.14277712
0.045399876
0.053345462
0.062421862
0.072771361
0.08591431
0.10300455
0.12003743
0.14086666
0.069487383
0.045091215
0.089436375
0.06991555
0.057471655
0.038869788
0.027356078
0.058783822
0.049667753
0.03498409
0.043909228
0.10110291
0.089630881
0.080386429
0.10846268
0.081174298
0.074360808
0.077022245
0.050314459
0.042249135
0.033574569
0.040281642
0.051270998
0.062996305
0.066647693
0.0066112332
0.014925834
0.0085997647
0.014282352
0.024618235
0.0071549916
0.02325521
0.014542432
0.022797268
0.020154911
0.029063679
0.10885044
0.11131109
0.13717005
0.15031407
0.14245008
0.19911395
0.18203603
0.22921009
0.24347995
0.22300665
0.092670099
0.090611247
0.087292901
0.076654262
0.076620057
0.07091689
0.096199303
0.096435686
0.10962801
0.071876053
0.088778529
0.091111519
0.076084206
0.061777231
0.051077075
0.047847473
0.056403381
0.15038125
0.12813344
0.1212123
0.1414289
0.18997614
0.18820716
0.10968856
0.1170485
0.098687737
0.11451757
0.1381107
0.15749227
0.1311583
0.11630055
0.11710802
0.20920269
0.2246888
0.26909193
0.27780309
0.27567681
0.27780093
0.26068034
0.2596094
0.28077208
0.25710746
0.27635179
0.27537493
0.27706453
0.2574269
0.25465816
0.27023233
0.2737602
0.25275739
0.24239462
0.21712298
0.25149342
0.26608465
0.2688348
0.27373313
0.24749499
0.22904921
0.26326705
0.27055595
0.24534037
0.25855128
0.25958075
0.26947269
0.24365534
0.19607519
0.25727806
0.25985522
0.27368294
0.28097212
0.25755756
0.035363113
0.10090669
0.12613676
0.12727534
0.16842823
0.15748898
0.20170533
0.2150293
0.19496511
0.1814602
0.20852667
0.15047391
0.21211705
0.22379767
0.24851073
0.26144429
0.23665252
0.052147896
0.072615346
0.089576225
0.11023156
0.137038
0.17083194
0.20446952
0.23792797
0.23603475
0.24115696
0.2436096
0.23700065
0.23095097
0.22425545
0.22167953
0.2205352
0.0066608653
0.056041124
0.07981996
0.099982536
0.12272844
0.14680229
0.1777293
0.21351721
0.031693323
0.052874773
0.071314531
0.088042914
0.1068744
0.1326177
0.16247462
0.19076281
0.22187647
0.22118849
0.22306445
0.22717739
0.22446099
0.21646374
0.21186431
0.20730078
0.20485467
0.20141089
0.013237619
0.02622902
0.039199324
0.056476418
0.077529016
0.096585997
0.11907092
0.14213678
0.16630612
0.1951931
0.0058848727
0.019835009
0.036216349
0.05481082
0.069871974
0.085206378
0.1020202
0.12586757
0.14973456
0.17604173
0.20577724
0.20437056
0.20741253
0.21162138
0.20862192
0.19924535
0.19680041
0.19220043
0.18905463
0.18559515
0.0064036285
0.018432601
0.029515597
0.041446024
0.057763038
0.07648215
0.092915534
0.11345689
0.13238383
0.15243147
0.1796908
0.011013628
0.023262727
0.037459797
0.053034772
0.067299424
0.082686305
0.098971024
0.12003566
0.14238821
0.16707687
0.19598476
0.19354341
0.1942602
0.19900638
0.19934385
0.19227448
0.18661232
0.18515001
0.1802774
0.17716511
0.17146146
0.022333046
0.032620318
0.043066305
0.056380483
0.071867602
0.087262596
0.1072379
0.12715017
0.14472273
0.16876089
0.015036491
0.02592984
0.039183302
0.052802916
0.066035988
0.079872471
0.093872132
0.11269391
0.13143856
0.15537106
0.18261673
0.17912275
0.17932464
0.18584355
0.18495472
0.17839913
0.1723571
0.17231984
0.16711203
0.16310547
0.15766903
0.024995627
0.033815314
0.043362419
0.05588508
0.06953532
0.083954227
0.10196324
0.11833745
0.13376717
0.15632567
0.027888817
0.04043473
0.052292572
0.063522939
0.076517251
0.089628398
0.10626629
0.12538642
0.14965618
0.172061
0.17791596
0.17176623
0.17350305
0.1772433
0.17340362
0.16752953
0.16492157
0.16399337
0.15729466
0.15365877
0.15043885
0.036803887
0.045160921
0.055694292
0.06733941
0.080359464
0.095819318
0.11183115
0.12923215
0.15067868
0.030110091
0.041860209
0.051790031
0.062107475
0.074327302
0.085591911
0.10089556
0.11964132
0.14316459
0.16308091
0.17167166
0.16409694
0.16567152
0.17020076
0.16526762
0.1605057
0.15744722
0.15801221
0.14925601
0.14762495
0.14460518
0.037903372
0.045678619
0.055243009
0.065795732
0.077723343
0.091658288
0.10733633
0.12367679
0.14507437
0.040354589
0.05075358
0.060471784
0.071874605
0.083428213
0.097018702
0.11651585
0.14000254
0.16902031
0.16439852
0.17421616
0.16551436
0.16427306
0.16928909
0.16451912
0.16031953
0.15915798
0.15493669
0.14958873
0.14951994
0.14610951
0.04795039
0.055867566
0.065090353
0.075718202
0.089162523
0.1064062
0.1234806
0.14420964
0.041825577
0.052264878
0.06164272
0.073425933
0.085099044
0.099707293
0.12012678
0.14618712
0.17679719
0.17166927
0.18450795
0.17190199
0.17099312
0.178518
0.17350898
0.16837787
0.16737894
0.16155486
0.15690469
0.15926522
0.15311407
0.049477123
0.057314129
0.066893313
0.07751567
0.092441603
0.11105497
0.12816121
0.15004982
0.099886375
0.064961613
0.035188099
0.056372854
0.04484579
0.03204443
0.039988758
0.10956406
0.095977398
0.088290573
0.11442874
0.084462392
0.075661347
0.065890342
0.079621012
0.048884636
0.038495783
0.030709275
0.036530053
0.04678261
0.060556503
0.070727364
0.056543933
0.013546663
0.0078751596
0.022124563
0.02090463
0.020522543
0.11888745
0.12471462
0.14615969
0.16507363
0.15896583
0.20820347
0.21447144
0.20131794
0.22133675
0.25495689
0.23989163
0.10011484
0.097977595
0.095891047
0.082776297
0.083164208
0.064622889
0.10235887
0.089133344
0.069052811
0.097557025
0.07926404
0.043435358
0.051092181
0.16371224
0.12353279
0.13540176
0.15519862
0.13554254
0.20902394
0.11238905
0.10704018
0.11294665
0.097920143
0.1030876
0.16276737
0.14348598
0.12587488
0.11466826
0.1258366
0.20968235
0.22512698
0.27498747
0.27936489
0.27551242
0.27593913
0.26511059
0.2644234
0.27993584
0.28426143
0.26464173
0.27798827
0.27675487
0.27759903
0.27649232
0.26304806
0.24694106
0.26206804
0.27136285
0.27739903
0.26008479
0.22367841
0.26098352
0.27576212
0.27662132
0.25638381
0.27624279
0.25504747
0.26583641
0.27703548
0.25437156
0.17505905
0.26176494
0.23714868
0.26894267
0.28716604
0.26745373
0.11321907
0.13721306
0.14142035
0.17812191
0.17281277
0.1905289
0.22297523
0.21161017
0.17744543
0.21862109
0.15034312
0.24202074
0.27231674
0.26787651
0.24927394
0.058822416
0.079860375
0.099417665
0.12194088
0.15340217
0.18983325
0.22186886
0.24947005
0.25055481
0.24944407
0.25220494
0.25043436
0.24428148
0.24038922
0.23657177
0.2345524
0.23154994
0.062587174
0.086869162
0.10955423
0.13704317
0.16559898
0.19474201
0.22603311
0.040337352
0.061006287
0.078267573
0.096336303
0.11678225
0.14588373
0.1743243
0.20382899
0.23263031
0.23235363
0.23348742
0.23721987
0.23456987
0.22561415
0.22340649
0.21901424
0.21605811
0.21263974
0.0071389917
0.032880693
0.046081885
0.064108482
0.085764609
0.1053429
0.13016707
0.15302998
0.17665993
0.20664434
0.012242505
0.025954655
0.041664455
0.058793088
0.074901377
0.092891465
0.1125334
0.13829959
0.16516407
0.19318633
0.22150985
0.21979185
0.22136289
0.22414007
0.22437492
0.21712538
0.21140581
0.21029988
0.2056418
0.20258097
0.19653398
0.024906584
0.036328768
0.04781187
0.06242169
0.080059753
0.098223526
0.1222639
0.14624661
0.16692143
0.19355141
0.016765283
0.02890407
0.043533055
0.058306099
0.07295643
0.089016865
0.1059005
0.12898465
0.15174939
0.17968912
0.20816632
0.2050794
0.20590369
0.21121212
0.20999907
0.20245028
0.19598699
0.19670441
0.19161237
0.18736371
0.18127624
0.027848808
0.037576224
0.048080362
0.061523259
0.076853534
0.093807585
0.11540913
0.13513789
0.15359193
0.17958505
0.030703912
0.0443918
0.057288998
0.069576288
0.084412318
0.10003516
0.12023637
0.14317491
0.17117536
0.19532931
0.20114108
0.19537928
0.19733013
0.20021737
0.19555094
0.18833937
0.18620612
0.1856715
0.17848531
0.17453947
0.17084733
0.040421314
0.049437938
0.060870809
0.073858082
0.089004626
0.10733906
0.12630058
0.14656826
0.17087986
0.032921862
0.04581641
0.056670609
0.067915314
0.081531697
0.094534302
0.1124477
0.13407298
0.16032389
0.18140555
0.1899395
0.18281845
0.18456374
0.18816104
0.18258936
0.17669146
0.17408512
0.17506533
0.16578067
0.16403833
0.16061432
0.041161992
0.049451682
0.060144555
0.071772389
0.085313701
0.10131303
0.11916804
0.13737885
0.16085489
0.044005392
0.055293067
0.065796614
0.078092473
0.090781055
0.10583044
0.12715984
0.15196873
0.18101978
0.17668063
0.18592788
0.17808397
0.17687961
0.18086288
0.17590311
0.17167229
0.17060845
0.16634256
0.16078435
0.1605206
0.15687452
0.051826803
0.060087604
0.070157401
0.081832218
0.096559453
0.11512611
0.13317937
0.15480006
0.044415183
0.055035927
0.06453461
0.076566899
0.088521695
0.10352293
0.12430414
0.15034486
0.17974664
0.17487259
0.18717017
0.17538842
0.1748354
0.18139361
0.17649455
0.1714727
0.17041384
0.16464103
0.15994754
0.1620526
0.15603597
0.051934521
0.059739294
0.069474931
0.080324781
0.095495678
0.11416027
0.13126153
0.1530285
0.055234769
0.064973324
0.076210128
0.089789124
0.10606883
0.12643997
0.15521826
0.1860017
0.19401109
0.18412708
0.19488008
0.1838124
0.18307146
0.19128549
0.18455395
0.18190208
0.17544609
0.17015291
0.17181772
0.16788226
0.16173361
0.063082206
0.072836885
0.083927255
0.099244599
0.11722092
0.13525969
0.15561745
0.11120413
0.051285262
0.028892347
0.035995895
0.12121848
0.10383404
0.098131172
0.080779501
0.068139393
0.059652215
0.074047446
0.044667721
0.034658266
0.02770848
0.042241059
0.055044077
0.066878264
0.051495695
0.018734995
0.12932886
0.14101194
0.13846296
0.1545331
0.19000973
0.17835401
0.22575064
0.24114588
0.22275659
0.26695617
0.27748907
0.25676657
0.094722346
0.10929348
0.10483862
0.090083701
0.084860149
0.089489547
0.072576236
0.07514461
0.058585604
0.097217978
0.086127042
0.071327315
0.17981385
0.14696289
0.12167748
0.12819321
0.12948054
0.16139333
0.14576083
0.21338932
0.12151541
0.11576449
0.11794313
0.10540526
0.11121678
0.16054487
0.13675531
0.15545862
0.13441353
0.12411153
0.12744616
0.22641298
0.27318221
0.26950966
0.27930964
0.27155232
0.27360961
0.26321884
0.26523655
0.26582469
0.26625823
0.26698719
0.27755937
0.28036287
0.27573721
0.26987804
0.27654098
0.27677334
0.27632481
0.27521609
0.27129836
0.26614228
0.25764866
0.24077825
0.2781109
0.27685051
0.2649784
0.22914036
0.26547825
0.27769435
0.28033013
0.28054622
0.26433874
0.28069117
0.2818977
0.26352762
0.26454995
0.28083501
0.28243657
0.26169346
0.16903023
0.26987246
0.25085173
0.27740518
0.2837838
0.28982456
0.28865095
0.27540902
0.12450248
0.16331962
0.15933298
0.20402539
0.19568042
0.2064608
0.24028553
0.25233425
0.23021276
0.19138596
0.19414181
0.23431134
0.20842678
0.24677848
0.27896144
0.27615163
0.2817889
0.25958759
0.088104398
0.1095168
0.1342338
0.17024011
0.20432368
0.23582278
0.25801236
0.25977729
0.25749866
0.25946519
0.25823389
0.25235755
0.25076285
0.2474277
0.24497576
0.24204577
0.096759366
0.12040572
0.15102975
0.17914231
0.20679287
0.23729148
0.046270073
0.065414181
0.083985537
0.10532308
0.12917865
0.16040314
0.19180421
0.22185541
0.2458539
0.24538516
0.24789977
0.24763596
0.24795142
0.24204658
0.23715322
0.23617328
0.23187186
0.22893403
0.22322832
0.040352026
0.052963606
0.06930839
0.089867251
0.11163639
0.1406928
0.16917554
0.19270186
0.22036321
0.032284504
0.048375313
0.064656035
0.081432964
0.10053106
0.12122007
0.14951787
0.17647354
0.20712495
0.23347308
0.23129033
0.23297814
0.23597361
0.23479911
0.22741927
0.22111005
0.22226517
0.21744375
0.21325105
0.20696726
0.031098379
0.041838844
0.05334295
0.068153295
0.085926715
0.10619644
0.13236233
0.15596409
0.17721314
0.20511636
0.034162041
0.049123932
0.063128005
0.076882015
0.094369454
0.11336454
0.13808373
0.16541605
0.19697506
0.22098433
0.22616647
0.22175261
0.22417567
0.22501479
0.2199449
0.21238304
0.21057649
0.21064159
0.2035024
0.1993242
0.19525016
0.044838532
0.054543831
0.066963313
0.081860154
0.099882656
0.12194722
0.1445933
0.16821194
0.19511774
0.03616447
0.050267218
0.06204618
0.0744457
0.090245832
0.10591027
0.12762494
0.15322432
0.18293733
0.20518216
0.21360214
0.20701152
0.20887316
0.21162386
0.20532311
0.19827661
0.19622038
0.19767151
0.18774797
0.18586138
0.18197412
0.045132044
0.054072634
0.065705845
0.078864187
0.094805351
0.11381315
0.13484072
0.15579457
0.1819478
0.048024166
0.06048772
0.072042507
0.085987943
0.1007865
0.11846227
0.14300492
0.17033805
0.20029781
0.19625311
0.20493679
0.19789735
0.19659282
0.19954488
0.19390164
0.18940436
0.18875161
0.18446528
0.17858926
0.17812844
0.17407748
0.056457635
0.065489148
0.076746422
0.090177182
0.10719131
0.12831325
0.14833555
0.17175118
0.048210279
0.059733285
0.069917895
0.082910208
0.096030005
0.11255867
0.13488395
0.16201477
0.19120882
0.1866443
0.19834569
0.18743421
0.18695441
0.19255279
0.18758518
0.18260109
0.18165973
0.17579947
0.17093564
0.17287188
0.16659016
0.05594834
0.064042188
0.074657868
0.086546036
0.10304015
0.12287841
0.14079248
0.16338799
0.057969805
0.067938688
0.079513956
0.093489558
0.11015865
0.13100702
0.15981385
0.18938969
0.1970384
0.187774
0.19795095
0.18776768
0.18731696
0.19440498
0.18800637
0.1852723
0.17872283
0.17341335
0.17481434
0.17089767
0.1649197
0.065796273
0.075715287
0.087064737
0.10260496
0.12067461
0.13876497
0.15897985
0.059322815
0.069177311
0.081252485
0.096682547
0.1131568
0.13650535
0.16806983
0.19708684
0.20561306
0.19678279
0.20670604
0.19648754
0.19564641
0.20443503
0.19629521
0.19508647
0.18665472
0.18232196
0.18394539
0.17951192
0.17306752
0.067613184
0.07820797
0.090131145
0.10658695
0.12457373
0.14395107
0.16517206
0.12384133
0.10525457
0.072991403
0.053718508
0.067029882
0.038041188
0.049667143
0.060909755
0.046496378
0.15116731
0.1543975
0.20262343
0.20025664
0.22200936
0.25428258
0.23988919
0.26516518
0.28597259
0.26931496
0.087876125
0.097774964
0.08085456
0.076203944
0.08225491
0.065490052
0.068022351
0.10952661
0.077158381
0.095824296
0.17905498
0.15826328
0.1320115
0.13915681
0.1390104
0.17185477
0.17276182
0.12708343
0.12950214
0.138935
0.1082295
0.12639255
0.097891927
0.1173181
0.091177681
0.14233462
0.16935867
0.1380171
0.14761693
0.17015682
0.11538527
0.24012107
0.18909821
0.27659853
0.26496645
0.27137749
0.28047874
0.26836407
0.26079936
0.25495688
0.26229701
0.25766451
0.26436456
0.26314734
0.26551917
0.27767598
0.28110082
0.26864344
0.26926528
0.27735556
0.2771531
0.26983456
0.2678885
0.2510514
0.21920773
0.27090288
0.26780738
0.27504516
0.27350657
0.27968802
0.26860877
0.28131296
0.26798995
0.27283251
0.28070878
0.26648704
0.1676705
0.27577585
0.25122623
0.28907983
0.27741542
0.28899904
0.27682178
0.13869753
0.18094366
0.17829128
0.22410454
0.2133577
0.1922975
0.21764018
0.23840485
0.26269914
0.24397107
0.18615737
0.20401022
0.22166523
0.23528697
0.27698587
0.28151349
0.27412951
0.28239766
0.28507386
0.26658872
0.094532536
0.1199259
0.14901408
0.18714383
0.2232498
0.25254377
0.26327846
0.26544111
0.26934138
0.26301821
0.26337257
0.2617801
0.25967009
0.25887258
0.25619965
0.253807
0.25009336
0.10154726
0.12805778
0.16393937
0.19805039
0.22374401
0.2482339
0.072142974
0.09177898
0.11482368
0.1400718
0.17404681
0.20474096
0.23595844
0.25573474
0.2551497
0.25769041
0.25717499
0.25663517
0.25143963
0.24646967
0.24732912
0.24291447
0.23892505
0.23322315
0.059110544
0.075950208
0.096987171
0.12147381
0.15296638
0.18052742
0.20396799
0.23151304
0.054394086
0.069969974
0.085873135
0.10687063
0.13016304
0.16012847
0.19160818
0.22464872
0.24489439
0.24864211
0.2464481
0.24939003
0.24767396
0.24333985
0.23663556
0.23514749
0.23530511
0.22861841
0.22448805
0.22042991
0.049734299
0.060302553
0.074261852
0.091781625
0.11350726
0.14014818
0.16675906
0.19293209
0.22017441
0.040211922
0.055507346
0.068325932
0.082468654
0.10138916
0.12063733
0.14717632
0.17724718
0.20984004
0.2307587
0.2380569
0.23335456
0.23571205
0.23597288
0.22953298
0.22239184
0.22081784
0.22294072
0.21331879
0.21137076
0.20720937
0.050020678
0.059518696
0.07231864
0.087749819
0.10691102
0.12983715
0.1548051
0.1788686
0.20695337
0.052616499
0.06620498
0.079183565
0.095639213
0.11354051
0.13491615
0.16368087
0.19395244
0.22402882
0.22050685
0.22824655
0.22238771
0.22110446
0.22269576
0.21644662
0.21191508
0.21179275
0.20755895
0.20141936
0.20072635
0.19627595
0.061704851
0.071674842
0.084709796
0.10070852
0.12097297
0.14566991
0.16832425
0.19367907
0.052607185
0.065291373
0.076532769
0.091399198
0.10673118
0.1260313
0.15124691
0.1805566
0.21021882
0.20602065
0.21701603
0.20699906
0.20643283
0.21112788
0.20573275
0.20061244
0.2000595
0.1941041
0.18899352
0.19076412
0.18401712
0.060932355
0.069733296
0.081709571
0.09543832
0.11439677
0.13666545
0.15629439
0.18051611
0.062782668
0.073607551
0.086315683
0.10177562
0.12009653
0.14259318
0.17251675
0.20153639
0.20886694
0.20037052
0.20970107
0.20052816
0.20017924
0.20614224
0.19999411
0.19730672
0.19060816
0.18518587
0.18636424
0.18223435
0.17608691
0.070965707
0.081735568
0.094210182
0.11109903
0.13030387
0.14923975
0.16999307
0.061957831
0.072026278
0.084416906
0.10020388
0.11698437
0.1407192
0.17223998
0.2000228
0.20821756
0.19991646
0.20937548
0.19993436
0.19941365
0.20714323
0.19936589
0.19803203
0.18951456
0.18511379
0.18648407
0.18208038
0.17581063
0.070243604
0.080982587
0.093109813
0.1096999
0.12772735
0.14711747
0.16813565
0.073249928
0.084925083
0.10077657
0.11809689
0.14226225
0.17446729
0.20952928
0.21366014
0.21863587
0.21197425
0.2197181
0.21132013
0.20317767
0.21313536
0.2089803
0.20383431
0.19789985
0.19786528
0.19389324
0.19028751
0.18035039
0.083712734
0.096958285
0.11280307
0.13083459
0.15162305
0.17480658
0.13582141
0.11710603
0.060331888
0.044743723
0.055075514
0.18230634
0.17277282
0.23896556
0.21945774
0.2304862
0.27664914
0.25849308
0.25949017
0.2912694
0.29470001
0.28003157
0.079020542
0.087556416
0.068268942
0.074060019
0.061404169
0.085024259
0.10539206
0.17791016
0.14975791
0.14697273
0.15059894
0.18037459
0.13316067
0.12829746
0.14473519
0.11685479
0.1493625
0.12469693
0.095929281
0.10702165
0.08715829
0.081392951
0.15366547
0.14842634
0.15361372
0.18173587
0.12696078
0.23041058
0.20251998
0.28086926
0.26952904
0.27551912
0.27886452
0.27225448
0.24970907
0.24417118
0.22835372
0.25133329
0.25202602
0.24581282
0.22935137
0.25937716
0.25225702
0.2356581
0.25668693
0.27878185
0.2577689
0.24167845
0.26522526
0.27618899
0.25686748
0.24592118
0.26385044
0.25462275
0.22995639
0.26058081
0.24870254
0.26377988
0.27251961
0.26778722
0.27254989
0.26245901
0.26653278
0.27515926
0.26748365
0.26522839
0.26938796
0.27779799
0.26933941
0.26736665
0.28186478
0.26311068
0.28530994
0.27159791
0.28101481
0.26923183
0.27323504
0.14797723
0.2086557
0.19347918
0.25191446
0.23384481
0.23424006
0.28087432
0.25846874
0.18180197
0.20348905
0.2516526
0.27570332
0.27760153
0.27764405
0.27994734
0.28163641
0.27601436
0.26777234
0.10398468
0.13179785
0.16280212
0.20362092
0.23722509
0.26410042
0.26594886
0.26907171
0.27307887
0.26481713
0.26557338
0.26620905
0.26522811
0.26500507
0.26287173
0.26011431
0.25700757
0.11040057
0.14052965
0.17929712
0.21104337
0.23505775
0.2559439
0.078094653
0.096856766
0.12230429
0.15066046
0.18614656
0.22062382
0.25143994
0.26279839
0.26341338
0.26523659
0.26831348
0.26328262
0.26151266
0.25787227
0.25681212
0.25629176
0.25112292
0.24748654
0.2441004
0.066766488
0.082920074
0.10392636
0.13036048
0.16230802
0.19258279
0.21975085
0.2435437
0.061422087
0.075864846
0.092517524
0.11556509
0.13935629
0.17124515
0.20487378
0.23742371
0.25333663
0.25822447
0.25635254
0.25908401
0.25678033
0.25183872
0.24602883
0.24481407
0.24659081
0.23793692
0.23589181
0.23186297
0.055451994
0.065759933
0.080480741
0.098938068
0.12225488
0.14984493
0.1785754
0.20435059
0.23138704
0.057940966
0.072916607
0.088021795
0.10790504
0.12985424
0.15572901
0.18885675
0.22097998
0.24705506
0.24484816
0.25020695
0.24731793
0.24669968
0.24526502
0.23944257
0.23546773
0.23582353
0.23218956
0.22640459
0.22544172
0.22095428
0.067806853
0.079170792
0.094726809
0.1141075
0.13845694
0.16725051
0.1923756
0.21827939
0.057593334
0.071479517
0.084332498
0.10208121
0.1206865
0.14388432
0.1728934
0.20457272
0.23353461
0.23002159
0.23959721
0.23118154
0.2306236
0.23392648
0.22829853
0.223382
0.22330804
0.21741877
0.21214157
0.21359281
0.20650521
0.066553966
0.076429095
0.090519654
0.10695131
0.12943891
0.15514096
0.17700219
0.2027307
0.068592035
0.080782327
0.095531848
0.11364781
0.13491993
0.16020317
0.19209805
0.22071331
0.22774471
0.22021516
0.22838411
0.22042359
0.21999979
0.22475764
0.21868939
0.21626069
0.20962004
0.20405812
0.20494327
0.20049386
0.19409646
0.077674976
0.090039391
0.10453523
0.12392779
0.1453748
0.1656786
0.1873529
0.066884656
0.077735268
0.091367607
0.10872036
0.12696125
0.15219203
0.18450711
0.2112477
0.21924812
0.21177995
0.22033453
0.21199563
0.2115893
0.21824133
0.21070921
0.20941021
0.20084655
0.19636243
0.19746969
0.1928925
0.18652966
0.075538221
0.087200513
0.10044417
0.11824113
0.13724136
0.1574114
0.17864678
0.076276761
0.088339737
0.10457887
0.1222035
0.14687583
0.17902049
0.21279685
0.21661798
0.22145802
0.21535354
0.22255974
0.21501894
0.20738086
0.21638357
0.21234267
0.20699235
0.20093844
0.20065631
0.19670754
0.19309905
0.18352429
0.086914528
0.10034575
0.11632231
0.1344521
0.15515738
0.17820707
0.077873904
0.090578549
0.10698203
0.12613578
0.15189315
0.18573697
0.22251564
0.22547718
0.23022383
0.22759175
0.2328201
0.22681709
0.21586644
0.225795
0.22214422
0.21586408
0.21056088
0.21179135
0.20619392
0.20353723
0.19102547
0.089297848
0.10355112
0.11987282
0.13973358
0.16195153
0.18648604
0.15140204
0.19951456
0.19115565
0.24439753
0.2499061
0.23927339
0.20875628
0.28741275
0.27163486
0.26341479
0.29492885
0.29520848
0.28225198
0.07100854
0.093107283
0.11744894
0.15581196
0.18633243
0.16139098
0.19429816
0.14415999
0.1391234
0.15735216
0.10291789
0.1307943
0.16146746
0.10988266
0.13792905
0.085047267
0.094252106
0.11927492
0.07785733
0.073022918
0.16266838
0.16303428
0.16590353
0.20141181
0.13821355
0.23029152
0.19951012
0.21440837
0.2778564
0.27621841
0.26311655
0.27621578
0.27966136
0.26750581
0.25637664
0.23444966
0.2180502
0.21166849
0.20039713
0.23775516
0.23553882
0.2210175
0.25020946
0.21698094
0.24151727
0.27461132
0.26099517
0.23701013
0.23400914
0.25319481
0.23247403
0.25791821
0.24092691
0.2153599
0.24434814
0.25378748
0.2406119
0.23301424
0.2553783
0.26659128
0.25828023
0.253119
0.25997696
0.26760854
0.25839405
0.2488192
0.25977228
0.27421248
0.26271814
0.26383231
0.28012375
0.26814435
0.28647684
0.26224543
0.28893342
0.25586925
0.26195141
0.16502463
0.21878339
0.21336352
0.2675729
0.24786691
0.24572581
0.28613776
0.26603624
0.19671779
0.19295894
0.26287185
0.27627644
0.27513235
0.27747679
0.28400574
0.26985415
0.27156714
0.26087212
0.26357402
0.14082276
0.17565922
0.21731477
0.25210043
0.27254746
0.26298847
0.25677542
0.26719638
0.2703071
0.25815992
0.26162504
0.26511278
0.26510413
0.26347751
0.26309109
0.26124932
0.25998617
0.11891263
0.15187693
0.19070837
0.2238002
0.24774991
0.25849242
0.10503165
0.13313011
0.16199172
0.19908244
0.23433057
0.26188285
0.26749959
0.26705862
0.27052894
0.27324234
0.26739644
0.26660277
0.26459287
0.26380348
0.2637477
0.25813569
0.25595436
0.25271876
0.090411367
0.11281712
0.14120332
0.17382984
0.20544351
0.23074308
0.25167283
0.064016123
0.08109258
0.099091054
0.12338164
0.1502084
0.18075004
0.21672435
0.24719715
0.26360769
0.26346758
0.26496081
0.26617466
0.2667163
0.26250121
0.25900113
0.25631438
0.25633178
0.25315
0.24822412
0.24671006
0.24276884
0.075115579
0.08849355
0.10734012
0.13096907
0.15992406
0.19206892
0.21761933
0.24032446
0.063303239
0.078888022
0.094154934
0.11581891
0.13867934
0.16652126
0.19922989
0.23170826
0.25508158
0.25316846
0.259389
0.25501441
0.25512102
0.25492038
0.25009435
0.24608438
0.24645102
0.24142638
0.23662348
0.23744062
0.23076677
0.073172752
0.084746871
0.101777
0.12176832
0.14864815
0.17814663
0.20182406
0.22705963
0.075204118
0.08942368
0.10717036
0.12905932
0.15432445
0.18294801
0.21649476
0.24333675
0.24897293
0.24328256
0.24931712
0.24367437
0.24320762
0.24598916
0.24040267
0.23847786
0.23252948
0.22705396
0.22743117
0.2227779
0.21639234
0.085756884
0.10054451
0.11794159
0.1407978
0.16520268
0.18717899
0.2093275
0.073021207
0.085353092
0.1012359
0.12146925
0.14239414
0.170227
0.20391746
0.22927055
0.23718683
0.23087153
0.23806089
0.23116305
0.23066929
0.23609265
0.2287992
0.22770974
0.21940876
0.21484576
0.21556542
0.21074343
0.20426946
0.082729524
0.096186163
0.11152156
0.13169414
0.15264295
0.17410245
0.1956241
0.082511183
0.095884192
0.11379094
0.13286373
0.15924112
0.19207353
0.22466235
0.22779176
0.23238293
0.22749596
0.23366161
0.22732717
0.22015284
0.22797797
0.22415692
0.21879163
0.2127205
0.2121743
0.20809636
0.20435871
0.19488331
0.094122076
0.10874757
0.12584104
0.14497541
0.16645447
0.18976462
0.080770369
0.093827192
0.11054063
0.12994086
0.15613568
0.18984521
0.2252117
0.22793338
0.23257261
0.23027187
0.2351722
0.22983351
0.21950933
0.22859654
0.22503386
0.21856812
0.21311352
0.21404049
0.20851358
0.20581306
0.19374225
0.092343866
0.10671637
0.12311598
0.1430288
0.16508556
0.18940043
0.097163817
0.11269056
0.13342147
0.15941926
0.18964321
0.2377663
0.23992341
0.24093851
0.24392138
0.24480283
0.24420585
0.23615686
0.22243881
0.23912545
0.23168622
0.22585901
0.22480471
0.2235272
0.2178204
0.21009926
0.20057975
0.11083481
0.12722156
0.14793529
0.17319063
0.20021664
0.17008563
0.1628741
0.22476319
0.20646281
0.27743887
0.25332302
0.29468472
0.29928684
0.28174787
0.27404857
0.29739359
0.27570607
0.27572766
0.10234704
0.13218914
0.16537756
0.17546983
0.15204882
0.17165799
0.091050502
0.11353414
0.15023855
0.1412405
0.18045241
0.12002076
0.083872592
0.10356617
0.069933751
0.17237555
0.16515997
0.18910708
0.21497696
0.15411345
0.24528438
0.19920131
0.21165067
0.27678762
0.26237364
0.26158584
0.27173089
0.28059649
0.26259072
0.24306379
0.24536874
0.19494676
0.18924283
0.18385078
0.15580021
0.20816552
0.21886122
0.15705965
0.20417215
0.20775548
0.18437184
0.23601291
0.20243623
0.17421996
0.22294781
0.28444518
0.25244979
0.25337896
0.21494852
0.21244698
0.18363488
0.23112658
0.21772312
0.19767815
0.23799122
0.25158933
0.22798943
0.2488836
0.22261846
0.21641539
0.19160367
0.23487722
0.26617134
0.25769648
0.23664362
0.21363167
0.24454485
0.25442801
0.24105102
0.23479074
0.21318551
0.24566835
0.27855467
0.24959967
0.23281267
0.24964148
0.28512364
0.27862091
0.29400633
0.22339665
0.19512408
0.23490465
0.18009093
0.22768762
0.24345984
0.22593411
0.25819488
0.25839653
0.28514766
0.28053319
0.26783505
0.20511246
0.26693203
0.28149843
0.28286654
0.28689334
0.26360508
0.26752028
0.25075791
0.22949775
0.24541215
0.15451808
0.18994249
0.23178597
0.26381508
0.27564095
0.25848778
0.24709898
0.26146958
0.26422945
0.25058396
0.25772832
0.26375697
0.26394032
0.26039531
0.26311795
0.2609347
0.25995683
0.13034412
0.16594045
0.20431092
0.23638207
0.25517907
0.25724081
0.11281708
0.14247872
0.17468367
0.20928075
0.24500392
0.2678288
0.26502829
0.26886308
0.26269085
0.27161423
0.27390266
0.2654453
0.2669849
0.26711401
0.26606406
0.26402724
0.26151701
0.25884793
0.25635323
0.099936479
0.12309305
0.15191285
0.18550751
0.21900374
0.24146734
0.25445944
0.088133131
0.10663406
0.13329921
0.16110429
0.19322163
0.22751463
0.2565161
0.26832378
0.26885432
0.26946474
0.27104149
0.27209012
0.26844097
0.2665073
0.26432788
0.26409052
0.26011882
0.25618409
0.25542262
0.25028492
0.08136163
0.095268642
0.11614077
0.14051104
0.17196121
0.20380175
0.22673811
0.2471607
0.083264447
0.10032002
0.12201778
0.14859786
0.17827854
0.2096155
0.24243196
0.26223502
0.26515183
0.26324137
0.26520153
0.26440513
0.26424224
0.26316343
0.25927009
0.25811829
0.25370799
0.24905835
0.248589
0.24423076
0.23867984
0.095923281
0.11394318
0.13500861
0.1618703
0.18910834
0.21195162
0.23257837
0.080212687
0.094815788
0.11400772
0.13833232
0.16287051
0.19370703
0.22801587
0.25074068
0.25683673
0.25262255
0.25738926
0.25311563
0.25256064
0.25580634
0.2494762
0.24878586
0.24154113
0.23709387
0.23711541
0.23221714
0.22598535
0.09169105
0.10786718
0.126205
0.14968682
0.17316034
0.19601202
0.21731968
0.091008348
0.10660509
0.1274907
0.14919387
0.17819699
0.21197239
0.24266667
0.24469504
0.24885381
0.24569904
0.25030549
0.245582
0.2390145
0.24527085
0.24185641
0.23692231
0.23109042
0.2301259
0.22589558
0.22198496
0.2125428
0.10450341
0.12138849
0.14064183
0.16164153
0.18442568
0.20769345
0.087123016
0.10153667
0.11969769
0.14056011
0.16819837
0.20234752
0.23606834
0.23809619
0.24221991
0.24122843
0.24514791
0.24096863
0.23134935
0.23918423
0.23583791
0.22950697
0.22406374
0.2246507
0.2190634
0.21625861
0.204477
0.099707967
0.11516568
0.13256161
0.15345591
0.17609144
0.20043693
0.10070732
0.11654532
0.13751926
0.16393894
0.19417611
0.24023464
0.2424408
0.2432589
0.24620447
0.2472001
0.24662034
0.23933483
0.22635579
0.24202776
0.234537
0.22858425
0.22724555
0.22575828
0.22018114
0.21270114
0.20361883
0.11448038
0.130966
0.15162337
0.17676774
0.20335075
0.10373177
0.12038771
0.14277549
0.16978847
0.20186612
0.25070112
0.25289971
0.25368564
0.2559544
0.25975552
0.25871971
0.24908178
0.23454236
0.25321551
0.24425788
0.23753193
0.23626454
0.23670223
0.22896379
0.22107704
0.21197187
0.11779029
0.13579581
0.15988926
0.18597242
0.21303951
0.18123865
0.23446445
0.22487999
0.28353839
0.28516026
0.26788273
0.29238224
0.30115367
0.28539835
0.24842912
0.25613576
0.26144255
0.11403034
0.14737455
0.17858821
0.18246222
0.099597945
0.12126523
0.12955312
0.16661998
0.15744946
0.091391898
0.18617667
0.17841844
0.20039248
0.22785938
0.17007731
0.24140755
0.21526671
0.22393718
0.28312821
0.26429222
0.26077893
0.27372601
0.27877094
0.2658771
0.22936686
0.23587269
0.20602114
0.16891448
0.16710806
0.12390472
0.12186562
0.17934397
0.19716058
0.10831306
0.17070185
0.14656483
0.16755787
0.21738179
0.14767736
0.14208151
0.20027871
0.28290722
0.23814128
0.23501569
0.20991966
0.15340306
0.20419646
0.16901714
0.2191153
0.25415125
0.21886977
0.23914527
0.21565042
0.19595517
0.17197049
0.15981389
0.20983749
0.24575051
0.18916947
0.22835295
0.24027625
0.2192537
0.21602115
0.18165493
0.22493472
0.27925561
0.20184647
0.20840869
0.22888532
0.27723021
0.28755566
0.20770368
0.15067502
0.20788878
0.21088407
0.19881489
0.25404709
0.24173408
0.26585023
0.28521057
0.26993268
0.26290176
0.27817368
0.27728361
0.28586147
0.24122604
0.2568914
0.19697961
0.22229655
0.16620591
0.20499953
0.24213853
0.27041709
0.27322262
0.23257442
0.24344831
0.22335261
0.24655512
0.2519686
0.23466484
0.2448579
0.25049152
0.24772031
0.24870259
0.25162254
0.24671745
0.24714179
0.14331513
0.17930993
0.2172792
0.24694697
0.25760709
0.2464168
0.12225653
0.15472484
0.18759384
0.22269449
0.25467078
0.2731227
0.26284078
0.26801165
0.25770381
0.27080517
0.27328765
0.26323279
0.26691082
0.26846957
0.26688814
0.26560477
0.26396474
0.2598275
0.25820068
0.10841777
0.13415753
0.16354796
0.19891991
0.23025331
0.24841264
0.25640071
0.093336664
0.11410054
0.14067541
0.1723667
0.2055036
0.23687703
0.26368711
0.27003907
0.26828389
0.27233984
0.26819484
0.27433854
0.27449329
0.26922667
0.26879986
0.26839126
0.26633781
0.2630798
0.2606179
0.2571133
0.25365658
0.10878412
0.13088666
0.15616245
0.18660055
0.21468828
0.23523101
0.24995205
0.089183152
0.10691124
0.13045213
0.1597717
0.18815312
0.22096879
0.25270534
0.26733595
0.26990779
0.269639
0.27016608
0.27092126
0.27067362
0.26971428
0.26602549
0.26578861
0.26080291
0.25709266
0.25591254
0.25151107
0.24643849
0.1031446
0.1229298
0.14499933
0.17219725
0.19785914
0.220829
0.23948371
0.10170603
0.12055234
0.14545805
0.17053313
0.20213513
0.2355419
0.26139116
0.26220137
0.26499942
0.26405777
0.26605535
0.26418948
0.25891973
0.26241873
0.25995062
0.25623711
0.25122884
0.24958764
0.24534719
0.24140803
0.23298431
0.1179545
0.13797655
0.16008144
0.18320602
0.20689943
0.2286889
0.096183495
0.11294489
0.13387209
0.15737544
0.18721856
0.22175505
0.25262516
0.25357907
0.2571604
0.25751452
0.25998916
0.25734167
0.2488943
0.2549807
0.25209221
0.24648175
0.24133348
0.24131056
0.23574999
0.2327639
0.22149294
0.11077038
0.12839805
0.14776077
0.17048508
0.19405126
0.21782439
0.10932503
0.12649447
0.14895043
0.17671164
0.20741869
0.2501654
0.25255934
0.25257477
0.25545298
0.25693248
0.25607466
0.25017081
0.23844458
0.25215589
0.24515698
0.23933533
0.2378434
0.23601882
0.23054499
0.22333397
0.21475061
0.12404666
0.14148506
0.16307874
0.18881367
0.21488934
0.10705138
0.12395934
0.14655399
0.17390506
0.20587498
0.25243126
0.25463488
0.25530351
0.2575907
0.2611803
0.26035807
0.25148815
0.23777553
0.25543713
0.24649577
0.2396908
0.23813971
0.23826785
0.23076256
0.22312326
0.21444616
0.12116606
0.13923628
0.16316099
0.18904675
0.2155504
0.127713
0.15188409
0.17968779
0.21189605
0.2662316
0.2656223
0.26980517
0.26680133
0.27041569
0.26787704
0.27179063
0.25400852
0.24218303
0.26290558
0.25385155
0.24917537
0.24892571
0.24510352
0.23743673
0.229032
0.22555855
0.14694075
0.17421534
0.20311226
0.22929153
0.19628266
0.26209962
0.24154112
0.29330585
0.29854541
0.27600162
0.29990811
0.29307616
0.28276101
0.24696937
0.27851573
0.21630132
0.24513569
0.12496425
0.17359251
0.19248438
0.19702537
0.10580307
0.13291941
0.14156924
0.18147272
0.19613056
0.20504616
0.21509466
0.1898071
0.24364
0.2274059
0.28472901
0.2850826
0.27473156
0.25581409
0.2717275
0.27196696
0.27965294
0.25366971
0.21964373
0.20206768
0.18324498
0.18197571
0.082140407
0.088432324
0.043386542
0.12260898
0.1451223
0.056103074
0.1655383
0.088527261
0.044232209
0.14180892
0.10646776
0.13304238
0.1027656
0.1813489
0.11188674
0.10725024
0.077386932
0.16165055
0.25933096
0.20900477
0.12389643
0.081743441
0.16688825
0.13309093
0.1016381
0.17591162
0.25090254
0.22284869
0.23419234
0.19258435
0.13389139
0.12773918
0.088326866
0.18105821
0.25632648
0.15686021
0.12559095
0.19219826
0.19793641
0.15809516
0.11895141
0.1837485
0.17152904
0.17002187
0.13130729
0.18724208
0.27145517
0.18219963
0.13270861
0.091188864
0.17741163
0.23754024
0.2141798
0.26857961
0.27771871
0.253508
0.27845513
0.26620394
0.28502504
0.25784371
0.23960992
0.24753871
0.26953469
0.22675538
0.22261914
0.24275532
0.17031025
0.22441132
0.12895897
0.18979161
0.1817788
0.22010195
0.25497993
0.27548783
0.2688436
0.21715759
0.23005488
0.20125436
0.23435225
0.23923688
0.21686014
0.22933554
0.23763608
0.23398612
0.23839295
0.24137484
0.23062103
0.23577911
0.15800443
0.19370236
0.23092239
0.25430785
0.25764087
0.23662608
0.13131103
0.16357175
0.20008916
0.23446849
0.26109056
0.27307501
0.25478208
0.24465088
0.2595784
0.24401675
0.26323168
0.26357228
0.24990041
0.25550086
0.25645381
0.2594919
0.25948294
0.2531884
0.25153628
0.25224459
0.12492802
0.15213482
0.18178655
0.21410142
0.23918919
0.25223463
0.253537
0.10056655
0.12237658
0.15115079
0.18539454
0.21611179
0.24742851
0.27040898
0.27090837
0.26751315
0.27327303
0.26747267
0.27540516
0.27540144
0.26936786
0.27068301
0.2705545
0.2692886
0.26665637
0.26291237
0.25963018
0.25704728
0.1178116
0.14203838
0.16809096
0.19801742
0.2232942
0.24255251
0.25385297
0.11534569
0.1382964
0.16782724
0.19615897
0.22868419
0.25790701
0.27213079
0.27110238
0.27147707
0.27417757
0.27191862
0.27505011
0.27248405
0.27117761
0.27051303
0.2690058
0.26574859
0.26306973
0.25919395
0.25561199
0.25016395
0.135088
0.15876139
0.1837184
0.2080925
0.23052545
0.24717888
0.107883
0.12808278
0.15278738
0.17956113
0.2113254
0.24441371
0.26858339
0.2684689
0.27060807
0.27215875
0.27255255
0.27236858
0.26639574
0.26953818
0.26769292
0.26376071
0.25946205
0.2583042
0.25313201
0.24994887
0.24061008
0.12538535
0.14604578
0.16797036
0.19259971
0.21634973
0.23753315
0.12216263
0.14167442
0.16672002
0.19643495
0.22703283
0.26371472
0.26599041
0.26524202
0.26775389
0.26933338
0.2683731
0.26451595
0.25490149
0.26537458
0.26004687
0.25499753
0.25309359
0.25072116
0.2455186
0.23882386
0.23125051
0.13870329
0.15799804
0.18121991
0.20742015
0.23160472
0.1157264
0.13388529
0.15792786
0.18637453
0.21842785
0.26076268
0.26299802
0.26298581
0.265251
0.26862575
0.26793756
0.2606463
0.24855434
0.26374136
0.25579829
0.2490426
0.24730207
0.24710527
0.23997261
0.23261351
0.22467123
0.13060841
0.14971394
0.17446038
0.20060948
0.22606815
0.13162791
0.15594483
0.18402927
0.21599841
0.26710312
0.26656949
0.27045772
0.26784765
0.27132402
0.2689067
0.27269688
0.25642505
0.24529813
0.26467215
0.25570022
0.25092494
0.25032394
0.24648334
0.23911525
0.23114214
0.22790655
0.15082065
0.17789595
0.20631293
0.23153798
0.13625738
0.16409094
0.19287316
0.22496677
0.27923027
0.27835018
0.28017946
0.27791872
0.28161757
0.27829011
0.28498012
0.26429682
0.25297811
0.27420133
0.26497756
0.26012755
0.25963298
0.25583486
0.2495553
0.24131386
0.23725151
0.15885293
0.18976082
0.2177476
0.2415688
0.21659379
0.27315107
0.25842368
0.29444833
0.30003784
0.28353483
0.29964569
0.28201265
0.27543883
0.25951913
0.19469397
0.22144254
0.14576209
0.19367548
0.20851315
0.11483446
0.15313653
0.1996814
0.21648197
0.2187928
0.22062514
0.23074439
0.21592422
0.25862131
0.28677291
0.26954362
0.28035848
0.26844657
0.28154908
0.28688012
0.24119102
0.17209374
0.15422149
0.15199017
0.037550014
0
0.01277499
0.076253709
0.10432533
0.017019217
0.12575951
0.0038590571
0.018473008
0.10604735
0.1053669
0.066883712
0.045271898
0.067889404
0.14463032
0.078045921
0.11252199
0.019861368
0.12802002
0.24210538
0.1805651
0.043377059
0.046111496
0.13627608
0.058276501
0.13808431
0.25789222
0.24496344
0.15126804
0.11411808
0.090659592
0.060453182
0.055153169
0.14979513
0.24238475
0.083799333
0.15864164
0.18171853
0.077351675
0.1376611
0.14762699
0.11977033
0.087964467
0.06520545
0.15144067
0.28730696
0.25737928
0.15317695
0.066069124
0.14473408
0.24675603
0.23167773
0.26262074
0.28305931
0.26374916
0.26825205
0.26244726
0.26082286
0.27689918
0.25509824
0.20970871
0.2305032
0.25434542
0.25382874
0.19386867
0.19725284
0.18059775
0.17955076
0.093771161
0.15769559
0.19274807
0.23326622
0.26355224
0.27499097
0.25524678
0.19427258
0.17160474
0.20295097
0.16982362
0.20928826
0.20946792
0.18228032
0.19695213
0.19995048
0.21092265
0.21638553
0.20305831
0.20472312
0.21250578
0.18006346
0.21401533
0.24381935
0.25677845
0.2505818
0.22321863
0.14169149
0.17616791
0.21434225
0.24459198
0.26841703
0.27243342
0.24772715
0.23404771
0.25037068
0.2332038
0.2544876
0.25479162
0.23824783
0.24782554
0.24809023
0.25454068
0.25440705
0.2460825
0.24501184
0.24704805
0.13630954
0.16571097
0.19525746
0.22538089
0.24595674
0.25539191
0.25132104
0.13260254
0.1602441
0.19384085
0.22347872
0.25276063
0.27099347
0.26542607
0.26168113
0.25811172
0.26607287
0.25748689
0.26796426
0.26970054
0.26151151
0.26373086
0.265842
0.26545717
0.26079435
0.2575048
0.25470315
0.25482525
0.15638061
0.18343355
0.20970591
0.23218251
0.24864813
0.25417641
0.12295838
0.14745143
0.17641878
0.20610095
0.23759984
0.26455354
0.2742269
0.27275087
0.27247791
0.27541124
0.27279623
0.2765691
0.27528559
0.27355205
0.27364576
0.27262942
0.270009
0.26686288
0.2627689
0.25947298
0.25472888
0.14410445
0.16821012
0.19252612
0.21771828
0.23878601
0.25277633
0.13901731
0.16170296
0.18962597
0.2205625
0.24858823
0.27315223
0.27447616
0.27341537
0.27485178
0.2758765
0.27521074
0.27470803
0.26889606
0.27382877
0.27191037
0.2685257
0.2659516
0.26273974
0.25824346
0.25291925
0.24751327
0.15807075
0.17948625
0.20395417
0.2287926
0.24763336
0.12916549
0.14956885
0.17609405
0.20599826
0.23714348
0.27154786
0.27341696
0.27281315
0.2748266
0.27698373
0.27686482
0.27218503
0.26293763
0.27396083
0.26851851
0.26286816
0.26071113
0.2594528
0.25309124
0.24650442
0.23980539
0.14561642
0.16666198
0.19277022
0.21864942
0.24114569
0.14241895
0.16814786
0.19722328
0.22874651
0.27273856
0.27249325
0.27550413
0.2735769
0.27663427
0.27451361
0.2777683
0.2649042
0.25543008
0.27151131
0.26383678
0.25906279
0.2580694
0.25425012
0.24743502
0.24026199
0.23756212
0.1625145
0.19026763
0.21814511
0.24102428
0.1398694
0.16775049
0.19670983
0.22838412
0.27895709
0.27814101
0.27983583
0.27806561
0.2815964
0.27832368
0.28471072
0.26587803
0.25528573
0.27514526
0.2660765
0.26115086
0.26029066
0.25646295
0.25039778
0.24262324
0.23886323
0.16233643
0.19288648
0.22025028
0.24300172
0.17646524
0.20809964
0.2370765
0.29076069
0.2894634
0.28913951
0.28802967
0.28926213
0.29409303
0.2807173
0.29089627
0.26988213
0.26138471
0.28136309
0.27399638
0.27137916
0.2682009
0.26375197
0.25835793
0.25057974
0.25066027
0.20932675
0.23773116
0.25851105
0.22948363
0.28198638
0.29118175
0.26952133
0.29786852
0.29433014
0.28322019
0.29928943
0.26125247
0.23959739
0.26098437
0.15805001
0.1240478
0.18589362
0.16085709
0.23419313
0.21754229
0.16672207
0.23476003
0.25455404
0.23535449
0.26989402
0.27707972
0.26611002
0.27943923
0.26231954
0.28764403
0.27172767
0.22630183
0.19401613
0.085749139
0.059722009
0
0
0
0.030920777
0.029158342
0
0.048787114
0
0
0.072057785
0
0
0
0.065831973
0.066247832
0.016465256
0
0
0.077461178
0.06793743
0.057196828
0
0
0.078823519
0.2179443
0.159467
0.12965584
0
0.034213334
0
0.089662836
0.0046125263
0
0.095027044
0.13973089
0.079628974
0.018760891
0.013091648
0
0.10626271
0.025704974
0
0.082488783
0.03491161
0
0.088393915
0.11828076
0.11163146
0.041804635
0.027793658
0
0.10582995
0.28347017
0.24744036
0.020350657
0
0.088493775
0.27316832
0.25126921
0.28647158
0.28423611
0.26796809
0.25031855
0.227292
0.24854017
0.1970008
0.17395592
0.1414687
0.20401456
0.24480348
0.28550482
0.21173235
0.16920479
0.15447868
0.036644132
0
0.12808379
0.20791868
0.24732097
0.27037812
0.27360472
0.239636
0.17346928
0.14521026
0.17625595
0.14299749
0.18334653
0.18356297
0.15179985
0.1729679
0.17373441
0.19149532
0.19491633
0.17865586
0.18120892
0.19037946
0.19671888
0.22798114
0.2519995
0.25759237
0.24326674
0.2079578
0.15417026
0.18662859
0.2225447
0.2499919
0.2688554
0.26503102
0.22550689
0.21740635
0.20752315
0.22430293
0.20481903
0.22822416
0.2370149
0.2156158
0.22247114
0.23089302
0.23591401
0.22831704
0.22618581
0.22465424
0.2343963
0.18224689
0.21129397
0.23559881
0.25086888
0.25347315
0.23767664
0.14211508
0.17118163
0.20333283
0.23328994
0.25979412
0.27298921
0.2592234
0.25601998
0.25189123
0.25627505
0.24928395
0.25887123
0.26488812
0.25566886
0.25883173
0.26273477
0.2628246
0.25621406
0.25387475
0.25050302
0.25381766
0.16719818
0.19404404
0.21864211
0.2403335
0.25337374
0.25360988
0.16012671
0.18606073
0.215898
0.24531704
0.26566631
0.2680008
0.26746663
0.26653831
0.26604688
0.26592643
0.2658806
0.27077521
0.27126302
0.26718461
0.27094829
0.27042692
0.26678177
0.26231763
0.25925196
0.25674066
0.25541627
0.18172009
0.20457543
0.22823
0.24733604
0.25458322
0.14708883
0.17048974
0.19955036
0.22980334
0.25688815
0.27587782
0.27651887
0.27593578
0.2772066
0.2764415
0.27783252
0.27745834
0.27324996
0.27754488
0.27655504
0.27322074
0.27026812
0.26722084
0.26248708
0.25762905
0.25337933
0.16576194
0.18879733
0.2154392
0.23855002
0.25391492
0.1592179
0.18719736
0.2170275
0.2462891
0.27736803
0.2773067
0.27846999
0.27841878
0.28039357
0.27838141
0.28092406
0.27381762
0.26707346
0.27777405
0.27349376
0.26917281
0.26718689
0.26323279
0.2575615
0.2518928
0.24983924
0.18088079
0.20918739
0.23488915
0.25236814
0.15061578
0.17979828
0.20939662
0.23994098
0.28157738
0.28100567
0.28209966
0.28141593
0.28439018
0.28120447
0.28662631
0.27234845
0.26362148
0.2797189
0.27243606
0.26753812
0.26621016
0.26237496
0.25680718
0.25003527
0.24691402
0.1739236
0.2047752
0.23084707
0.25056336
0.18036502
0.21183727
0.24008412
0.28845705
0.28782895
0.28722897
0.28641131
0.2880646
0.29224836
0.2803413
0.28969407
0.2708535
0.26293716
0.28133269
0.27424036
0.27132321
0.26798375
0.26357562
0.2583867
0.25139757
0.251512
0.2124941
0.23959465
0.25852983
0.19219266
0.22220573
0.24852362
0.29920164
0.29780535
0.29654129
0.29464204
0.29696695
0.30167681
0.28789276
0.29914371
0.27953426
0.27086683
0.29030978
0.28337251
0.28068285
0.27699361
0.27362083
0.26891387
0.26011029
0.26025384
0.22583086
0.25135312
0.26738029
0.24716003
0.2962014
0.27889128
0.2858408
0.27953477
0.29883412
0.24525063
0.21250104
0.24048282
0.12871702
0.092294241
0.067873233
0.14544799
0.18224327
0.24803598
0.23506055
0.26648043
0.27745506
0.25267314
0.28694677
0.27704909
0.28563165
0.29011234
0.27291298
0.16689444
0.096039604
0.038041461
0
0
0
0
0
0
0
0
0
0
0.025687513
0
0
0.025327468
0.021648463
0
0
0
0.027733366
0
0
0
0.028264773
0.19676157
0.12661933
0.10536069
0
0
0.039935641
0
0
0
0.05498561
0.038312973
0
0
0.060246781
0
0
0.033736004
0
0
0.039807098
0.065644326
0.07270496
0.018474594
0
0.057833614
0.29033184
0.23814715
0.039448012
0
0.038390333
0.28335461
0.26246821
0.28708816
0.27780415
0.26542192
0.21058605
0.18690521
0.23439705
0.17391142
0.15863825
0.10220475
0.17531121
0.21739237
0.28022143
0.19145098
0.14906178
0.14967448
0
0
0
0.091038058
0.21949065
0.25343189
0.27065993
0.26446252
0.21911817
0.12838717
0.11515626
0.09750337
0.12457984
0.092273042
0.13050402
0.14870159
0.11156291
0.12404357
0.13967189
0.15111021
0.13881273
0.13799096
0.13790873
0.16185022
0.21480731
0.24217921
0.2568137
0.25295236
0.22520303
0.17056848
0.16580371
0.19897623
0.23200481
0.25792721
0.27129548
0.25868195
0.20507048
0.19935375
0.18962338
0.19629363
0.18257047
0.20184113
0.21981842
0.19664711
0.20461063
0.21657081
0.22149548
0.20989642
0.21069773
0.20689418
0.22343022
0.19451258
0.22202405
0.24308154
0.25488464
0.25087506
0.22577051
0.18513049
0.21280498
0.24118901
0.26373226
0.26880182
0.23652195
0.23284854
0.23278812
0.22919165
0.22718454
0.22781273
0.2411359
0.25102071
0.23279761
0.24538433
0.24948042
0.24421489
0.2379194
0.23710713
0.23912472
0.24416359
0.20800401
0.22960977
0.24780744
0.25399601
0.24110991
0.16959662
0.19589686
0.22600238
0.25322716
0.2700351
0.26272374
0.2609822
0.2613745
0.2610803
0.25550666
0.25898581
0.26567017
0.26932832
0.26304553
0.26903897
0.26969687
0.26545424
0.25957927
0.25773835
0.25613008
0.25614245
0.19038247
0.21431577
0.23842611
0.25333273
0.25461259
0.18109899
0.21094386
0.23942418
0.26214165
0.27080068
0.27053137
0.26852888
0.27227571
0.27222266
0.27002807
0.27186792
0.27375509
0.27136548
0.27381035
0.27534579
0.27250833
0.2682686
0.26422299
0.26069196
0.25775418
0.25653468
0.20399872
0.23076677
0.25009199
0.2567009
0.16783592
0.19897844
0.22853889
0.25554433
0.28072393
0.2803334
0.28026582
0.28202379
0.28372629
0.2803832
0.28421027
0.27787587
0.27228328
0.28232585
0.27900279
0.27479416
0.27217802
0.26817798
0.26353044
0.25861404
0.25642379
0.19252215
0.22297302
0.24544573
0.25857325
0.19312099
0.22441171
0.2504211
0.28548949
0.28638986
0.28508052
0.28468097
0.28744949
0.2899021
0.28142244
0.28873612
0.27526303
0.26893326
0.28343985
0.27806221
0.27465155
0.27110129
0.2668636
0.26221546
0.25692928
0.2569972
0.22436177
0.24814941
0.2617337
0.19554904
0.22525801
0.25070846
0.29537404
0.29497002
0.29341325
0.29195938
0.29480987
0.29873605
0.28652539
0.29684809
0.27933487
0.2713954
0.28930524
0.28270383
0.27970308
0.27586042
0.27237051
0.26781524
0.26005207
0.26019354
0.22820162
0.25219318
0.26636172
0.23935072
0.2614133
0.30262801
0.30388587
0.30352173
0.30017021
0.29622289
0.30503112
0.30591842
0.29022442
0.30216086
0.28360111
0.27935279
0.29560076
0.29076837
0.2874686
0.2835165
0.28044094
0.27321634
0.26899239
0.27194047
0.26292818
0.27659544
0.2574788
0.29508972
0.27828496
0.27375041
0.25720299
0.26912165
0.23233567
0.18620248
0.14895304
0.21606318
0.028102887
0
0.10733788
0.1966515
0.28775875
0.26333825
0.28928584
0.29090456
0.25891355
0.079151817
0
0
0
0
0
0
0
0
0
0
0
0
0
0
0
0
0
0
0
0
0
0
0
0
0
0
0
0
0
0.21649181
0.18242934
0.097316756
0.050470936
0
0
0
0
0
0
0
0
0.030475829
0
0
0
0
0
0
0
0
0
0
0
0.10700695
0.11253126
0
0
0
0
0.011070159
0.28599169
0.29244994
0
0
0
0.28527381
0.26850932
0.2590535
0.23931827
0.25681497
0.20072415
0.12897865
0.2113451
0.16706981
0.059647099
0.017974085
0.13078457
0.21190063
0.25853503
0.27610291
0.16301853
0
0
0
0.022314245
0.23248746
0.26073212
0.27257744
0.25633864
0.19735066
0.087025909
0.079203629
0.063177484
0.070839233
0.051164433
0.079497357
0.11238865
0.074188152
0.08758986
0.10821132
0.11810328
0.099194974
0.10385743
0.098971987
0.133686
0.22767707
0.25058933
0.25910025
0.24638501
0.20685873
0.13849931
0.21338952
0.23992468
0.26118634
0.26789977
0.24570024
0.15851
0.15076892
0.15209824
0.14464096
0.14015553
0.14183988
0.16728372
0.19138922
0.15202004
0.17632665
0.18720273
0.18002213
0.17155055
0.1739803
0.18244423
0.19669703
0.23484945
0.25048902
0.25539894
0.23627598
0.18949314
0.19574344
0.22282108
0.24982276
0.26802454
0.26624685
0.21969047
0.21409023
0.21667891
0.21397724
0.20125235
0.2073588
0.22479261
0.23987363
0.21701735
0.23361771
0.2405481
0.23448812
0.22453639
0.22706615
0.23045607
0.23675797
0.21693194
0.23823614
0.25392545
0.25265841
0.23107638
0.20664011
0.23608138
0.25856364
0.2675224
0.24195891
0.24079076
0.23420865
0.24409443
0.24048773
0.23836436
0.2385457
0.2541333
0.25772887
0.24796154
0.25832207
0.25805316
0.25033417
0.24634051
0.24627692
0.24763596
0.24722036
0.2289287
0.2493059
0.25479694
0.2426196
0.19035355
0.2225707
0.24929272
0.26775549
0.26499051
0.26440053
0.26250832
0.26880366
0.26834231
0.26438787
0.26622851
0.27205921
0.27147005
0.27279426
0.27561405
0.273207
0.26784642
0.26362219
0.26052624
0.25885626
0.25813007
0.21566153
0.24252573
0.25644418
0.25711279
0.21246174
0.24180012
0.26228763
0.27395012
0.277594
0.27479687
0.27508406
0.28001632
0.27946193
0.27647884
0.28078549
0.27584658
0.27209767
0.28106965
0.2793085
0.27488145
0.27093506
0.26672423
0.26298505
0.26061288
0.26025452
0.24067074
0.25719787
0.26053678
0.20781325
0.23658909
0.25915989
0.28755631
0.28984343
0.28742576
0.2868897
0.29126003
0.29302233
0.28466717
0.2926554
0.28058008
0.27472345
0.28875361
0.28397941
0.28043341
0.27632683
0.27267345
0.26850323
0.26322229
0.26316109
0.23848224
0.25804038
0.26643144
0.24156661
0.2622217
0.29628753
0.29770065
0.29884348
0.29499643
0.29221964
0.30041009
0.3012392
0.28756763
0.29848138
0.28191967
0.27765025
0.29299917
0.28843367
0.2847772
0.28066853
0.27705957
0.27100582
0.26750679
0.26966517
0.26280792
0.27334328
0.25147923
0.27132483
0.30438095
0.30619604
0.30759534
0.30268803
0.29954487
0.30900481
0.30969434
0.29486538
0.30731332
0.28958654
0.28511346
0.30183169
0.29738898
0.29373033
0.2896019
0.28667429
0.27952038
0.27629078
0.27763848
0.27167077
0.28062333
0.26847957
0.28146091
0.27762079
0.27633016
0.23864536
0.2556663
0.2040931
0.12519684
0.18797323
0
0
0
0.063168175
0.28995388
0.27297974
0.028444331
0.026553731
0
0
0
0
0
0
0
0
0
0
0
0
0
0
0
0
0
0
0
0
0
0
0
0
0
0
0
0
0.19317546
0.14232501
0.046533442
0.017766215
0
0
0
0
0
0
0
0
0
0
0
0
0
0
0
0
0
0
0.086186398
0.12804748
0
0.044654191
0
0
0
0.2921625
0
0
0
0
0.26786281
0.21801378
0.24480799
0.09470765
0.18211242
0.13771172
0.062977079
0
0.085709896
0.24316449
0.25888588
0
0
0
0
0.24495026
0.26361907
0.26517117
0.23914274
0.17115282
0.014046153
0.0013577784
0.005920521
0
0
0
0.025879874
0.065851253
0.0079587094
0.042438923
0.05922982
0.048658962
0.037031062
0.042877555
0.058690872
0.083473176
0.25847404
0.25735813
0.23241053
0.16666482
0.069443963
0.22416258
0.24852154
0.26560184
0.26499108
0.23165953
0.12380073
0.11381656
0.11924339
0.11457318
0.092217594
0.10323849
0.13398218
0.16602809
0.12031038
0.15036899
0.16567236
0.15752946
0.14206957
0.15070325
0.16082982
0.17578723
0.24263896
0.25551379
0.25274193
0.22159012
0.16335976
0.2321299
0.25610879
0.26519816
0.25124974
0.17712983
0.17440696
0.16205251
0.18060963
0.17224835
0.17031942
0.16798341
0.20281891
0.21445347
0.18704603
0.20986999
0.21338628
0.20101025
0.19718892
0.20195739
0.20922515
0.20928239
0.24960686
0.25550875
0.23684138
0.19682486
0.21632927
0.24630662
0.26445602
0.26643939
0.22354503
0.22193787
0.21769335
0.23112986
0.22672409
0.22249963
0.22022197
0.24437631
0.25009988
0.23893214
0.25074817
0.25134932
0.24199391
0.23771882
0.23693526
0.23986574
0.24066748
0.23947324
0.25601983
0.2531225
0.23347781
0.23445322
0.25741853
0.26667662
0.24176777
0.24972392
0.24416554
0.2456089
0.25423837
0.24923309
0.25410222
0.2544848
0.26157587
0.26156131
0.26328008
0.26752233
0.26115829
0.25674443
0.25212772
0.24973743
0.25186231
0.25043514
0.25450946
0.25704424
0.24333523
0.2263915
0.25185928
0.26787448
0.2676208
0.27454541
0.27051635
0.27159114
0.27896501
0.27684256
0.27493946
0.27921097
0.27562824
0.27333493
0.28188927
0.28114558
0.27613555
0.27189635
0.26718555
0.26360051
0.26275639
0.26205682
0.25189849
0.26234213
0.25992207
0.25062761
0.26676098
0.28151666
0.28341814
0.28856707
0.28318224
0.28332745
0.29022931
0.29074726
0.28198703
0.29065972
0.27893242
0.27474453
0.28860001
0.28525461
0.28078675
0.27636021
0.27134373
0.26816238
0.26629741
0.26607004
0.26532431
0.2667613
0.25279863
0.27096436
0.2967296
0.29865421
0.3017344
0.29643065
0.29434508
0.30330957
0.30396247
0.29093121
0.30242829
0.28650185
0.28207468
0.29810848
0.29397659
0.28998016
0.28563015
0.28191421
0.27622117
0.27355813
0.27411551
0.27041498
0.27595903
0.27908873
0.30228644
0.30365937
0.30669221
0.30949629
0.30100239
0.29814838
0.31057493
0.31021468
0.29455281
0.30776442
0.29021225
0.28548772
0.30401719
0.30004913
0.29616325
0.29172396
0.2868788
0.28231759
0.28070945
0.28065022
0.28193556
0.2732419
0.25945709
0.26863146
0.2053404
0.17730693
0.22731225
0.086528932
0.046632176
0.14956406
0
0
0
0
0.021509097
0.28569093
0.27310733
0.065395284
0.0051973413
0
0
0
0
0
0
0
0
0
0
0
0
0
0
0
0
0
0
0
0
0
0
0
0
0
0
0
0
0
0
0
0
0
0
0
0
0.16423524
0.16409155
0.096901872
0
0
0
0
0
0
0
0
0
0
0
0
0
0
0
0
0
0
0
0
0
0
0.11187387
0
0.082150759
0.0088658085
0
0
0
0
0
0
0
0
0.24045751
0.26229189
0.19165776
0.16355061
0.22445005
0.11914318
0.023269133
0.14637746
0
0
0.017265932
0.2738005
0.22942017
0
0
0
0
0
0
0.25360833
0.26694912
0.25900617
0.22161729
0.13796152
0
0
0
0
0
0
0
0.021758299
0
0
0.020935388
0.0096081197
0
0.0024621566
0.019503337
0.043089792
0.26176987
0.25275409
0.21085573
0.12854727
0.020669765
0.25374157
0.26366313
0.24723586
0.19699528
0.05464586
0.050271441
0.031846111
0.060738952
0.04858242
0.045269568
0.043102966
0.098842345
0.12185485
0.073454226
0.11004659
0.11809597
0.099799345
0.096025404
0.10668424
0.12132523
0.12153104
0.25911155
0.23649735
0.17794477
0.098673743
0.24080426
0.2621293
0.26348371
0.23993061
0.14209572
0.13901154
0.13233124
0.15536736
0.14610915
0.14132308
0.13394826
0.18242494
0.19635968
0.16754004
0.19178279
0.19668963
0.18215506
0.17780347
0.17993055
0.18885181
0.19102886
0.25633194
0.25241993
0.22237144
0.17429066
0.25328659
0.26222092
0.2523511
0.17839823
0.1926623
0.18294848
0.18664668
0.19997235
0.18848642
0.20466744
0.19833614
0.22230227
0.22607332
0.21861939
0.23143305
0.22266075
0.21793232
0.21272075
0.21172861
0.21944288
0.21532782
0.25633061
0.23527308
0.19703135
0.24628249
0.26342166
0.26692152
0.22274875
0.23667146
0.22974609
0.23356479
0.24569474
0.23793612
0.24517954
0.24458335
0.25238489
0.25545484
0.25720387
0.26312707
0.2552833
0.25089953
0.2437938
0.2409659
0.24709866
0.24512412
0.26022341
0.25427316
0.23439604
0.26027103
0.26739583
0.24998504
0.25267477
0.26434567
0.25634209
0.26147452
0.26634658
0.26641972
0.26504489
0.27089791
0.26594799
0.26193691
0.27526526
0.27415837
0.26811759
0.26263437
0.25475047
0.25628942
0.25706111
0.2526895
0.2626425
0.24835963
0.25953085
0.27219274
0.27709244
0.2794113
0.28740363
0.28084128
0.28144156
0.28959899
0.28999046
0.28127439
0.290741
0.27916124
0.27496874
0.29038156
0.28751949
0.28265299
0.27773293
0.27161171
0.26985951
0.26847205
0.26643736
0.26944799
0.26454617
0.27602567
0.29185371
0.29252711
0.29651519
0.30068698
0.2921184
0.2902749
0.30194445
0.3019889
0.28793426
0.30080675
0.28417133
0.27840014
0.29784808
0.29397276
0.28966554
0.28413446
0.27959855
0.27679042
0.27481058
0.27353307
0.2739271
0.28323362
0.29942324
0.30036454
0.30475879
0.30892343
0.29880173
0.2963165
0.31004318
0.31002634
0.29417863
0.3092093
0.29052174
0.28390496
0.30663635
0.30273713
0.29847208
0.29311689
0.28819433
0.28464754
0.28204479
0.27936571
0.27902682
0.24188842
0.25738722
0.13872962
0.12168767
0.19935754
0.10016153
0.0046265459
0.1082705
0
0.053147722
0
0
0
0.25866478
0.013337857
0
0
0
0
0
0
0
0
0
0
0
0
0
0
0
0
0
0
0
0
0
0
0
0
0
0
0
0
0
0
0
0
0
0
0
0
0.20573734
0.20934819
0
0
0
0
0
0
0
0
0
0
0
0
0
0
0
0
0
0
0
0
0.046951517
0
0
0
0
0
0
0
0.21393883
0.25242936
0.1951254
0.13565123
0.19846433
0.006649729
0.0022792947
0.093068567
0
0
0
0
0
0
0
0
0
0
0
0.26197836
0.24025007
0.17886347
0.076853481
0
0
0
0
0
0
0
0
0
0
0
0
0
0
0
0
0
0.23965911
0.16501261
0.048665149
0
0.25898144
0.26070726
0.23228877
0.17023823
0
0
0
0.018613525
0.006900797
0
0
0.062675267
0.088650424
0.040917636
0.077643429
0.087130862
0.065808887
0.060623433
0.065757057
0.082205251
0.086381672
0.25732932
0.21593762
0.14428632
0.058286198
0.25956167
0.2441755
0.20695953
0.069872909
0.092058399
0.077476833
0.084465833
0.10387301
0.085408091
0.11438787
0.10068852
0.14508379
0.1534657
0.13464263
0.15823744
0.14626257
0.14116201
0.13471364
0.13507901
0.14981383
0.14167762
0.23341939
0.17843438
0.10923611
0.25998228
0.26059274
0.24406545
0.14347631
0.16709717
0.15631799
0.16446425
0.18251449
0.16693983
0.18675643
0.17800736
0.20137872
0.20980781
0.20352432
0.21905777
0.20763839
0.20348969
0.1929168
0.1900826
0.20469731
0.19960651
0.25187872
0.2199987
0.17665591
0.2608857
0.25279112
0.18967008
0.19359255
0.21451724
0.20269404
0.21505072
0.21719355
0.21664261
0.22491612
0.22753437
0.23090043
0.22694219
0.24184461
0.24364073
0.23549232
0.2278993
0.21528485
0.22317949
0.22754635
0.21695627
0.24296847
0.20533862
0.26521058
0.26718301
0.23738875
0.24030657
0.25614936
0.24769896
0.25265691
0.26024769
0.25994829
0.25729433
0.264431
0.25873107
0.25505437
0.27188752
0.27134697
0.26476456
0.25770203
0.24714137
0.25188105
0.25249755
0.24611834
0.26090502
0.2380068
0.26967943
0.2652954
0.26382949
0.27070431
0.27900468
0.26958672
0.27024334
0.28086683
0.28162192
0.27107213
0.28438325
0.26882524
0.26013166
0.28431857
0.28074483
0.27537344
0.2666825
0.26268169
0.26410959
0.26077881
0.25567669
0.25319075
0.27860819
0.28784407
0.28813166
0.29342884
0.2989257
0.28843745
0.2866261
0.30026324
0.30061737
0.28583553
0.30104592
0.2830281
0.27524176
0.29919391
0.29541081
0.29071617
0.28432529
0.27974348
0.27792514
0.27487467
0.27060061
0.26940049
0.29211594
0.29201712
0.29543816
0.30126266
0.30481058
0.28986302
0.28788658
0.30574904
0.3066109
0.28741339
0.30615341
0.28223482
0.27468471
0.30373753
0.29979865
0.29417789
0.28857857
0.28473812
0.28177105
0.27642946
0.27054132
0.18018229
0.23135051
0.08941072
0.047469156
0.15374839
0
0.033293112
0
0
0
0
0
0
0
0
0
0
0
0
0
0
0
0
0
0
0
0
0
0
0
0
0
0
0
0
0
0
0
0
0
0
0
0
0
0
0
0
0
0
0
0
0
0
0
0
0
0
0
0
0
0
0
0
0
0
0
0
0
0
0
0
0
0
0
0
0
0
0
0.093389803
0
0
0
0
0
0
0
0
0
0.16837608
0.056548598
0.15862506
0
0
0.014443792
0
0
0
0
0
0
0
0
0
0
0
0.25796136
0.21857254
0.14139268
0.02892179
0
0
0
0
0
0
0
0
0
0
0
0
0
0
0
0
0
0.21946743
0.11534414
0
0
0.24052674
0.18599969
0.11142492
0
0
0
0
0
0
0
0
0.0078025409
0.023224689
0
0.027600994
0.011013172
0.0041811542
0
0
0.020648188
0.0084953221
0.16739758
0.067096083
0
0.25635061
0.23062266
0.18701587
0.016636211
0.05159366
0.036690306
0.050198237
0.075988769
0.052285907
0.085476001
0.068701888
0.10934791
0.12432535
0.10882345
0.13614996
0.11960872
0.11569199
0.099943707
0.096657629
0.12199
0.1125835
0.21336897
0.14658589
0.075114916
0.24023634
0.21055426
0.09334964
0.098312028
0.13138607
0.11553453
0.13699115
0.13550874
0.13384512
0.15369677
0.15165078
0.16447925
0.15954031
0.17820128
0.18431919
0.17338831
0.16315062
0.14326156
0.15837284
0.16626056
0.14730265
0.19328246
0.12755913
0.25926972
0.24365086
0.1655585
0.16921305
0.19617698
0.18553057
0.19680796
0.2031552
0.20199311
0.20681394
0.21158331
0.21249128
0.20934878
0.23064413
0.23363902
0.22485423
0.2138567
0.19607626
0.20940041
0.21262808
0.19987283
0.2321151
0.18327761
0.25148565
0.21532486
0.21045236
0.22165824
0.23685294
0.22566314
0.23003855
0.24052368
0.24155479
0.23535583
0.251092
0.23542762
0.22255832
0.25682668
0.25358806
0.24615101
0.23098461
0.22744395
0.23527494
0.22984015
0.21886202
0.21200513
0.26698493
0.25687991
0.25500794
0.26317842
0.27294835
0.260216
0.25996289
0.27507336
0.2757618
0.26283146
0.28032921
0.26246842
0.25109445
0.28129925
0.27781221
0.27218751
0.26253304
0.25855377
0.261112
0.2561812
0.24659863
0.24244313
0.27644226
0.27526088
0.27902932
0.28606711
0.29066351
0.27460468
0.27352355
0.29211559
0.29405128
0.27487646
0.29430704
0.26982743
0.26100533
0.29236947
0.28864256
0.28187231
0.27562796
0.27284243
0.27103182
0.26412614
0.25607622
0.28383437
0.28272351
0.2870449
0.29432475
0.29867665
0.27991856
0.27622141
0.29994876
0.30199421
0.27887308
0.30173048
0.27542748
0.26587433
0.30020732
0.29729654
0.29093949
0.28474573
0.28137332
0.27843684
0.27007617
0.25873079
0.14133663
0.20664852
0.041266557
0
0.10138983
0
0
0
0
0
0
0
0
0
0
0
0
0
0
0
0
0
0
0
0
0
0
0
0
0
0
0
0
0
0
0
0
0
0
0
0
0
0
0
0
0
0
0
0
0
0
0
0
0
0
0
0
0
0
0
0
0
0
0
0
0
0
0
0
0
0.099676901
0
0
0
0
0
0
0
0
0
0
0.01637055
0.10699443
0
0
0
0
0
0
0
0
0
0
0
0
0
0.16925479
0.05910655
0
0
0
0
0
0
0
0
0
0
0
0
0
0
0
0
0
0
0
0.029762273
0
0
0.21987866
0.15488926
0.07579139
0
0
0
0
0
0
0
0
0
0
0
0
0
0
0
0
0
0
0.12515064
0.014616053
0
0.18524385
0.12869561
0
0
0.0015030943
0
0.012300619
0.0086857069
0.0068540578
0.037131863
0.032198628
0.053918557
0.047897845
0.072495862
0.082804951
0.067475553
0.0530834
0.0238331
0.048032506
0.060403889
0.031978904
0.1017309
0.0035156089
0.22831867
0.18941531
0.056921445
0.060733133
0.10156357
0.088837381
0.10784749
0.11295613
0.11063114
0.12363555
0.12522332
0.13240218
0.12928418
0.15784942
0.16584195
0.15392863
0.13806157
0.10985798
0.13253853
0.13773623
0.11763528
0.17051557
0.092461447
0.2087994
0.1328728
0.1225568
0.13949537
0.16391135
0.15190484
0.16010547
0.17129627
0.17169577
0.1698064
0.19015616
0.17237318
0.1544369
0.20374091
0.20140302
0.19160716
0.16653824
0.16245477
0.17800484
0.16963638
0.151397
0.13962011
0.23999337
0.19957222
0.19412633
0.20684316
0.22444428
0.20664535
0.20880928
0.228629
0.22813727
0.21703824
0.23987158
0.22048954
0.20388005
0.24653825
0.24325768
0.23666126
0.21940857
0.21608599
0.22527752
0.21744816
0.19964426
0.19095114
0.23589076
0.2316298
0.23661236
0.247552
0.25537374
0.23412979
0.23517087
0.2577373
0.26231821
0.2414197
0.26517033
0.23658968
0.22403755
0.26490843
0.26199503
0.2523211
0.24400116
0.24360848
0.24350919
0.23169873
0.21705702
0.26680516
0.26462819
0.26943076
0.27783717
0.2832226
0.26275406
0.25946414
0.28508088
0.28824899
0.26432722
0.28821033
0.2615589
0.25061614
0.2871308
0.2848415
0.2772619
0.2705461
0.2682304
0.26630976
0.25618585
0.24209908
0.26663343
0.26861902
0.26980579
0.27682243
0.28385467
0.2876075
0.25970968
0.26057627
0.2904605
0.2920144
0.26312676
0.28983961
0.2580884
0.24517042
0.29078539
0.28642676
0.27861232
0.27396443
0.27122262
0.26455268
0.24852543
0.062473461
0.0054094026
0.016770582
0
0
0
0
0
0
0
0
0
0
0
0
0
0
0
0
0
0
0
0
0
0
0
0
0
0
0
0
0
0
0
0
0
0
0
0
0
0
0
0
0
0
0
0
0
0
0
0
0
0
0
0
0
0
0
0
0
0
0
0
0
0
0
0
0
0
0
0
0
0
0
0
0
0
0
0
0
0
0
0
0
0
0
0
0
0
0
0
0
0
0
0
0
0
0.119855
0.0047184935
0
0
0
0
0
0
0
0
0
0
0
0
0
0
0
0
0
0
0
0
0
0
0.076875349
0
0
0
0
0
0
0
0
0
0
0
0
0
0
0
0
0
0
0
0
0
0
0.15959444
0.092734104
0
0
0
0
0
0
0
0
0
0.0062489386
0.0031520171
0.041882421
0.054336404
0.036932406
0.013964296
0
0.0081216921
0.016000557
0
0.064954282
0
0.13185197
0.013914754
0
0.02042709
0.056223672
0.042616254
0.054937521
0.067445618
0.067771966
0.068572701
0.095453249
0.073123166
0.049372695
0.11795141
0.1162726
0.10290047
0.06529116
0.059660745
0.083429843
0.07167248
0.046288927
0.029456919
0.18474999
0.10817714
0.096437206
0.11465913
0.14395328
0.12170552
0.124982
0.15280099
0.14872838
0.13766239
0.16913239
0.14549117
0.12364439
0.18313778
0.18111361
0.17482646
0.14515043
0.14095996
0.15786933
0.14600405
0.11919096
0.10654694
0.16554061
0.15687811
0.16449263
0.18187162
0.19540556
0.16392801
0.16776461
0.19843077
0.20617261
0.18077782
0.21312602
0.17646533
0.15873136
0.21581005
0.21502173
0.20024114
0.18742374
0.19024879
0.1914539
0.17273058
0.148954
0.22024774
0.21465497
0.22187589
0.23409616
0.24278412
0.21431622
0.2116042
0.24583473
0.25151093
0.22278904
0.25250433
0.2220784
0.20675402
0.25302799
0.25301445
0.24268744
0.23422096
0.2343172
0.23312793
0.21714478
0.19408272
0.24291641
0.24487159
0.24550281
0.25360797
0.26184612
0.26684475
0.23547315
0.2383037
0.27093722
0.2731169
0.24278784
0.27065815
0.2376989
0.22235099
0.27296967
0.26834914
0.25899065
0.2547622
0.25310653
0.24606011
0.22651624
0.25137701
0.25348262
0.2545195
0.26254243
0.27067823
0.27509563
0.24081366
0.24220179
0.27891713
0.2805796
0.24945687
0.27562148
0.24445673
0.22922338
0.28066285
0.27743943
0.26875616
0.26408191
0.26149185
0.25388304
0.23371924
0
0
0
0
0
0
0
0
0
0
0
0
0
0
0
0
0
0
0
0
0
0
0
0
0
0
0
0
0
0
0
0
0
0
0
0
0
0
0
0
0
0
0
0
0
0
0
0
0
0
0
0
0
0
0
0
0
0
0
0
0
0
0
0
0
0
0
0
0
0
0
0
0
0
0
0
0
0
0
0
0
0
0
0
0
0
0
0
0
0
0
0
0
0
0
0
0
0
0
0
0
0
0
0
0
0
0
0
0
0
0
0
0
0
0
0.033721559
0
0
0
0
0
0
0
0
0
0
0
0
0
0
0
0
0
0
0
0
0
0
0.0089143383
0
0
0
0
0
0
0
0
0
0
0
0
0
0
0
0
0
0
0
0
0
0.093516903
0
0
0
0.027681488
0
0.0045140178
0.041092045
0.034727344
0.021158641
0.063852671
0.033241621
0.0052124631
0.085707712
0.084291731
0.076793643
0.032683125
0.026956125
0.051828001
0.036102185
0
0
0.062050953
0.046726362
0.057078395
0.082895026
0.10424504
0.060325312
0.064935133
0.1072465
0.11710354
0.084576234
0.12915312
0.081713733
0.059656603
0.13564933
0.13836953
0.11754976
0.097596032
0.10327783
0.10457946
0.07853948
0.046273008
0.1399354
0.12970174
0.14266352
0.16122523
0.17574899
0.13176965
0.12991629
0.1792897
0.18713529
0.14971907
0.19011901
0.15191662
0.13024497
0.19343464
0.19752655
0.18351864
0.17097725
0.17302008
0.17184805
0.14752817
0.111828
0.18053952
0.18331147
0.18349079
0.19526926
0.20738124
0.21532175
0.17063652
0.17783423
0.22149883
0.22464092
0.18781713
0.22170485
0.18275705
0.16049299
0.22809974
0.22423833
0.21150451
0.20765323
0.20678417
0.19720105
0.16721089
0.22625739
0.22834496
0.22892993
0.23798917
0.24726933
0.25296405
0.21502968
0.21834635
0.2581777
0.26041947
0.22786399
0.2546588
0.22265949
0.2048998
0.26144433
0.25803075
0.24788703
0.24368367
0.24197566
0.23407069
0.21026806
0.22142344
0.22977868
0.2310302
0.23584495
0.24493435
0.25235737
0.25785271
0.21747146
0.22292189
0.26211801
0.25829483
0.22452247
0.25881741
0.21480597
0.20961564
0.26323669
0.25558613
0.24988651
0.24657527
0.24086621
0.22339209
0
0
0
0
0
0
0
0
0
0
0
0
0
0
0
0
0
0
0
0
0
0
0
0
0
0
0
0
0
0
0
0
0
0
0
0
0
0
0
0
0
0
0
0
0
0
0
0
0
0
0
0
0
0
0
0
0
0
0
0
0
0
0
0
0
0
0
0
0
0
0
0
0
0
0
0
0
0
0
0
0
0
0
0
0
0
0
0
0
0
0
0
0
0
0
0
0
0
0
0
0
0
0
0
0
0
0
0
0
0
0
0
0
0
0
0
0
0
0
0
0
0
0
0
0
0
0
0
0
0
0
0
0
0
0
0
0
0
0
0
0
0
0
0
0
0
0
0
0
0
0
0
0
0
0
0
0
0
0
0
0
0
0
0
0
0
0
0
0
0
0
0
0
0
0
0.0091727669
0
0
0.018443602
0.023396267
0
0
0
0
0
0
0.026560286
0.009634015
0.027743773
0.053639489
0.076457838
0.01451544
0.010004209
0.079959066
0.088387235
0.03810638
0.09287695
0.045659531
0.020224554
0.099661494
0.11043968
0.093578023
0.073038518
0.075978066
0.072777814
0.04072718
0
0.081497931
0.084859635
0.087191696
0.10558223
0.12389676
0.13566791
0.068173439
0.080689156
0.14096744
0.14510906
0.097895585
0.14189967
0.093002315
0.062286161
0.15431822
0.15350831
0.13593443
0.13013479
0.12857546
0.11494186
0.07178987
0.15670724
0.1605085
0.16106795
0.17361249
0.18672233
0.19554376
0.14255912
0.15000639
0.20300585
0.20567805
0.16638731
0.19757816
0.16078262
0.13552954
0.2099196
0.20847085
0.19519223
0.19158006
0.18908878
0.178921
0.14382641
0.18790895
0.19686447
0.19801981
0.20321368
0.21354462
0.22245747
0.22979397
0.18517981
0.19289449
0.23553977
0.23116103
0.19512088
0.23231227
0.18388604
0.17791758
0.23753106
0.22869737
0.22336978
0.22021347
0.21445403
0.19422928
0.19904539
0.20767267
0.20859647
0.21387112
0.22401935
0.23225301
0.23861692
0.19536529
0.20187654
0.24393134
0.23973024
0.2013526
0.24088884
0.19326224
0.18801765
0.24702581
0.23896442
0.23316672
0.22994365
0.22384542
0.2024702
0
0
0
0
0
0
0
0
0
0
0
0
0
0
0
0
0
0
0
0
0
0
0
0
0
0
0
0
0
0
0
0
0
0
0
0
0
0
0
0
0
0
0
0
0
0
0
0
0
0
0
0
0
0
0
0
0
0
0
0
0
0
0
0
0
0
0
0
0
0
0
0
0
0
0
0
0
0
0
0
0
0
0
0
0
0
0
0
0
0
0
0
0
0
0
0
0
0
0
0
0
0
0
0
0
0
0
0
0
0
0
0
0
0
0
0
0
0
0
0
0
0
0
0
0
0
0
0
0
0
0
0
0
0
0
0
0
0
0
0
0
0
0
0
0
0
0
0
0
0
0
0
0
0
0
0
0
0
0
0
0
0
0
0
0
0
0
0
0
0
0
0
0
0
0
0
0
0.0082408773
0.025134364
0
0
0.027050778
0.030109897
0
0.025399861
0
0
0.045243914
0.049694824
0.027663086
0.015998106
0.013021183
0
0
0.047093472
0.052206495
0.058226972
0.077109985
0.09660184
0.10939189
0.028795993
0.041318933
0.11324888
0.11649742
0.066464042
0.10576587
0.060431262
0.026885795
0.12585243
0.12986256
0.11310745
0.10651741
0.10075436
0.086741808
0.03746128
0.10036788
0.11334801
0.11602368
0.12341124
0.13772382
0.150496
0.16075291
0.099134094
0.11233854
0.16783023
0.16040308
0.11708247
0.16309347
0.10328391
0.095168449
0.17385597
0.16441924
0.15876863
0.15454193
0.14673204
0.11747711
0.16474748
0.17351539
0.17425623
0.17998841
0.19138354
0.20110969
0.20938994
0.16257348
0.17111687
0.21641161
0.21190113
0.1703974
0.21362303
0.16084012
0.15490815
0.22053751
0.21112889
0.20552399
0.20249928
0.19631587
0.17182172
0.17271811
0.16745477
0.17668799
0.18003138
0.18857725
0.19920577
0.20753437
0.21487018
0.16886822
0.17245369
0.21635097
0.21534218
0.16751865
0.219376
0.16039063
0.16602071
0.21808914
0.21218164
0.20773471
0.20213618
0.18640354
0
0
0
0
0
0
0
0
0
0
0
0
0
0
0
0
0
0
0
0
0
0
0
0
0
0
0
0
0
0
0
0
0
0
0
0
0
0
0
0
0
0
0
0
0
0
0
0
0
0
0
0
0
0
0
0
0
0
0
0
0
0
0
0
0
0
0
0
0
0
0
0
0
0
0
0
0
0
0
0
0
0
0
0
0
0
0
0
0
0
0
0
0
0
0
0
0
0
0
0
0
0
0
0
0
0
0
0
0
0
0
0
0
0
0
0
0
0
0
0
0
0
0
0
0
0
0
0
0
0
0
0
0
0
0
0
0
0
0
0
0
0
0
0
0
0
0
0
0
0
0
0
0
0
0
0
0
0
0
0
0
0
0
0
0
0
0
0
0
0
0
0
0
0
0
0
0
0
0
0
0
0
0
0
0
0
0
0
0
0
0
0
0
0
0
0.0042135325
0.016428805
6.1411691e-05
0
0
0
0
0
0
0
0.011930275
0.032545695
0.049833495
0.060205447
0
0
0.063080399
0.051940429
0
0.056595772
0
0
0.076115055
0.070551547
0.061886826
0.053543312
0.041801518
0.00021410779
0.070847811
0.084136672
0.085971302
0.093955323
0.10961321
0.12329167
0.13492414
0.071067456
0.084503998
0.14399091
0.13570628
0.083996914
0.13878641
0.073556327
0.065724466
0.15265404
0.14212258
0.13548475
0.1315177
0.12318152
0.087109246
0.12994763
0.12604796
0.1336821
0.1378954
0.14744531
0.15997368
0.17008543
0.17953266
0.12882721
0.13314949
0.18188112
0.18121858
0.12687594
0.18488511
0.11856557
0.12518691
0.18361483
0.17785487
0.17367019
0.16737818
0.1492139
0.14381473
0.13882266
0.14731888
0.15090747
0.15989516
0.17139938
0.18056515
0.18888415
0.14063531
0.14465384
0.19094306
0.19027333
0.13909052
0.19496388
0.13157688
0.13856106
0.19423927
0.1883425
0.18389323
0.17801728
0.16104649
0
0
0
0
0
0
0
0
0
0
0
0
0
0
0
0
0
0
0
0
0
0
0
0
0
0
0
0
0
0
0
0
0
0
0
0
0
0
0
0
0
0
0
0
0
0
0
0
0
0
0
0
0
0
0
0
0
0
0
0
0
0
0
0
0
0
0
0
0
0
0
0
0
0
0
0
0
0
0
0
0
0
0
0
0
0
0
0
0
0
0
0
0
0
0
0
0
0
0
0
0
0
0
0
0
0
0
0
0
0
0
0
0
0
0
0
0
0
0
0
0
0
0
0
0
0
0
0
0
0
0
0
0
0
0
0
0
0
0
0
0
0
0
0
0
0
0
0
0
0
0
0
0
0
0
0
0
0
0
0
0
0
0
0
0
0
0
0
0
0
0
0
0
0
0
0
0
0
0
0
0
0
0
0
0
0
0
0
0
0
0
0
0
0.00023362232
0.017674069
0.028993739
0
0
0.03359706
0.018909009
0
0.023724554
0
0
0.049559723
0.043157774
0.032591497
0.02430608
0.011110722
0
0.023647603
0.01905988
0.031023682
0.036006842
0.051472636
0.068637449
0.082031538
0.093652751
0.025115602
0.030803015
0.094575257
0.092821586
0.023567101
0.099932443
0.015493252
0.023083411
0.10228288
0.096407563
0.090821654
0.081797133
0.055315425
0.10046076
0.097089279
0.10364917
0.10802104
0.11804239
0.13159286
0.14241565
0.15288707
0.1003263
0.10471647
0.15600955
0.15582698
0.097293523
0.16039462
0.088303141
0.096582483
0.1594219
0.15340247
0.14924952
0.14263846
0.1230189
0.10759267
0.10399091
0.10259395
0.11145743
0.1185399
0.12985651
0.14061156
0.14992521
0.15618293
0.10554293
0.10455437
0.15753461
0.15945334
0.097100864
0.16182698
0.096012081
0.11469763
0.15968728
0.1546273
0.14864323
0.13625884
0
0
0
0
0
0
0
0
0
0
0
0
0
0
0
0
0
0
0
0
0
0
0
0
0
0
0
0
0
0
0
0
0
0
0
0
0
0
0
0
0
0
0
0
0
0
0
0
0
0
0
0
0
0
0
0
0
0
0
0
0
0
0
0
0
0
0
0
0
0
0
0
0
0
0
0
0
0
0
0
0
0
0
0
0
0
0
0
0
0
0
0
0
0
0
0
0
0
0
0
0
0
0
0
0
0
0
0
0
0
0
0
0
0
0
0
0
0
0
0
0
0
0
0
0
0
0
0
0
0
0
0
0
0
0
0
0
0
0
0
0
0
0
0
0
0
0
0
0
0
0
0
0
0
0
0
0
0
0
0
0
0
0
0
0
0
0
0
0
0
0
0
0
0
0
0
0
0
0
0
0
0
0
0
0
0
0
0
0
0
0
0
0
0
0
0
0
0
0
0
0
0
0
0
0
0
0
0
0
0
0
0
0
0
0
0
0
0
0
0
0
0
0
0
0.00095346825
0.019038801
0.036913041
0.050377736
0.062917315
0
0
0.064961247
0.063851205
0
0.072697257
0
0
0.074525542
0.067495404
0.062228322
0.052852501
0.024650552
0.055681719
0.052823563
0.052947719
0.060496902
0.069025358
0.082332101
0.094642892
0.10563665
0.11360453
0.05647289
0.054474059
0.11575362
0.11702612
0.045025938
0.11968009
0.043589202
0.066051122
0.11831105
0.11333297
0.10672089
0.091749064
0.071968936
0.069015679
0.067987737
0.075845764
0.083330808
0.095311647
0.10674783
0.11666017
0.12351685
0.071033649
0.069660889
0.12429191
0.12224723
0.061518987
0.13041507
0.058759231
0.081245499
0.12886336
0.12376542
0.11723006
0.1043741
0
0
0
0
0
0
0
0
0
0
0
0
0
0
0
0
0
0
0
0
0
0
0
0
0
0
0
0
0
0
0
0
0
0
0
0
0
0
0
0
0
0
0
0
0
0
0
0
0
0
0
0
0
0
0
0
0
0
0
0
0
0
0
0
0
0
0
0
0
0
0
0
0
0
0
0
0
0
0
0
0
0
0
0
0
0
0
0
0
0
0
0
0
0
0
0
0
0
0
0
0
0
0
0
0
0
0
0
0
0
0
0
0
0
0
0
0
0
0
0
0
0
0
0
0
0
0
0
0
0
0
0
0
0
0
0
0
0
0
0
0
0
0
0
0
0
0
0
0
0
0
0
0
0
0
0
0
0
0
0
0
0
0
0
0
0
0
0
0
0
0
0
0
0
0
0
0
0
0
0
0
0
0
0
0
0
0
0
0
0
0
0
0
0
0
0
0
0
0
0
0
0
0
0
0
0
0
0
0
0
0
0
0
0.0041347701
0.011285944
0
0
0.01169223
0.013888337
0
0.020847203
0
0
0.021875735
0.015902228
0.004521399
0
0.020194004
0.017991809
0.018339838
0.025078027
0.033870098
0.047908007
0.060923449
0.072645512
0.080782506
0.021823146
0.019200491
0.082307099
0.079526468
0.0087823764
0.088775624
0.0054279728
0.032032433
0.087362826
0.082626611
0.075357707
0.059584753
0.026902213
0.031044991
0.024534136
0.026419675
0.036481374
0.047866185
0.060497672
0.069231333
0.079567111
0.084143281
0.026726824
0.020841942
0.073595281
0.084701008
0.015913244
0.091278857
0.026595068
0.050854128
0.087770533
0.081515885
0.07076583
0
0
0
0
0
0
0
0
0
0
0
0
0
0
0
0
0
0
0
0
0
0
0
0
0
0
0
0
0
0
0
0
0
0
0
0
0
0
0
0
0
0
0
0
0
0
0
0
0
0
0
0
0
0
0
0
0
0
0
0
0
0
0
0
0
0
0
0
0
0
0
0
0
0
0
0
0
0
0
0
0
0
0
0
0
0
0
0
0
0
0
0
0
0
0
0
0
0
0
0
0
0
0
0
0
0
0
0
0
0
0
0
0
0
0
0
0
0
0
0
0
0
0
0
0
0
0
0
0
0
0
0
0
0
0
0
0
0
0
0
0
0
0
0
0
0
0
0
0
0
0
0
0
0
0
0
0
0
0
0
0
0
0
0
0
0
0
0
0
0
0
0
0
0
0
0
0
0
0
0
0
0
0
0
0
0
0
0
0
0
0
0
0
0
0
0
0
0
0
0
0
0
0
0
0
0
0
0
0
0
0
0
0
0
0
0
0
0
0
0
0
0
0
0
0
0
0
0
0
0
0
0
0
0
0
0
0
0
0
0
0
0
0
0
0
0.008505667
0.018755633
0.029914828
0.035508189
0
0
0.022015025
0.034965777
0
0.044230059
0
0
0.040660674
0.033505608
0.020284135
0
0
0
0
0
0.0082243292
0.021135072
0.027938841
0.0383634
0.036116193
0
0
0.034008652
0.045823031
0
0.054022247
0
0.011856736
0.050482808
0.044214278
0.033008596
0
0
0
0
0
0
0
0
0
0
0
0
0
0
0
0
0
0
0
0
0
0
0
0
0
0
0
0
0
0
0
0
0
0
0
0
0
0
0
0
0
0
0
0
0
0
0
0
0
0
0
0
0
0
0
0
0
0
0
0
0
0
0
0
0
0
0
0
0
0
0
0
0
0
0
0
0
0
0
0
0
0
0
0
0
0
0
0
0
0
0
0
0
0
0
0
0
0
0
0
0
0
0
0
0
0
0
0
0
0
0
0
0
0
0
0
0
0
0
0
0
0
0
0
0
0
0
0
0
0
0
0
0
0
0
0
0
0
0
0
0
0
0
0
0
0
0
0
0
0
0
0
0
0
0
0
0
0
0
0
0
0
0
0
0
0
0
0
0
0
0
0
0
0
0
0
0
0
0
0
0
0
0
0
0
0
0
0
0
0
0
0
0
0
0
0
0
0
0
0
0
0
0
0
0
0
0
0
0
0
0
0
0
0
0
0
0
0
0
0
0
0
0
0
0
0
0
0
0
0
0
0
0
0
0
0
0
0
0
0
0
0
0
0
0
0
0
0.0075516017
0
0
0.0042235561
0
0
0
0
0
0
0
0
0
0
0
0
0
0
0
0
0
0.0077777501
0
0.0060890459
0
0
0.0025253497
0
0
0
0
0
0
0
0
0
0
0
0
0
0
0
0
0
0
0
0
0
0
0
0
0
0
0
0
0
0
0
0
0
0
0
0
0
0
0
0
0
0
0
0
0
0
0
0
0
0
0
0
0
0
0
0
0
0
0
0
0
0
0
0
0
0
0
0
0
0
0
0
0
0
0
0
0
0
0
0
0
0
0
0
0
0
0
0
0
0
0
0
0
0
0
0
0
0
0
0
0
0
0
0
0
0
0
0
0
0
0
0
0
0
0
0
0
0
0
0
0
0
0
0
0
0
0
0
0
0
0
0
0
0
0
0
0
0
0
0
0
0
0
0
0
0
0
0
0
0
0
0
0
0
0
0
0
0
0
0
0
0
0
0
0
0
0
0
0
0
0
0
0
0
0
0
0
0
0
0
0
0
0
0
0
0
0
0
0
0
0
0
0
0
0
0
0
0
0
0
0
0
0
0
0
0
0
0
0
0
0
0
0
0
0
0
0
0
0
0
0
0
0
0
0
0
0
0
0
0
0
0
0
0
0
0
0
0
0
0
0
0
0
0
0
0
0
0
0
0
0
0
0
0
0
0
0
0
0
0
0
0
0
0
0
0
0
0
0
0
0
0
0
0
0
0
0
0
0
0
0
0
0
0
0
0
0
0
0
0
0
0
0
0
0
0
0
0
0
0
0
0
0
0
0
0
0
0
0
0
0
0
0
0
0
0
0
0
0
0
0
0
0
0
0
0
0
0
0
0
0
0
0
0
0
0
0
0
0
0
0
0
0
0
0
0
0
0
0
0
0
0
0
0
0
0
0
0
0
0
0
0
0
0
0
0
0
0
0
0
0
0
0
0
0
0
0
0
0
0
0
0
0
0
0
0
0
0
0
0
0
0
0
0
0
0
0
0
0
0
0
0
0
0
0
0
0
0
0
0
0
0
0
0
0
0
0
0
0
0
0
0
0
0
0
0
0
0
0
0
0
0
0
0
0
0
0
0
0
0
0
0
0
0
0
0
0
0
0
0
0
0
0
0
0
0
0
0
0
0
0
0
0
0
0
0
0
0
0
0
0
0
0
0
0
0
0
0
0
0
0
0
0
0
0
0
0
0
0
0
0
0
0
0
0
0
0
0
0
0
0
0
0
0
0
0
0
0
0
0
0
0
0
0
0
0
0
0
0
0
0
0
0
0
0
0
0
0
0
0
0
0
0
0
0
0
0
0
0
0
0
0
0
0
0
0
0
0
0
0
0
0
0
0
0
0
0
0
0
0
0
0
0
0
0
0
0
0
0
0
0
0
0
0
0
0
0
0
0
0
0
0
0
0
0
0
0
0
0
0
0
0
0
0
0
0
0
0
0
0
0
0
0
0
0
0
0
0
0
0
0
0
0
0
0
0
0
0
0
0
0
0
0
0
0
0
0
0
0
0
0
0
0
0
0
0
0
0
0
0
0
0
0
0
0
0
0
0
0
0
0
0
0
0
0
0
0
0
0
0
0
0
0
0
0
0
0
0
0
0
0
0
0
0
0
0
0
0
0
0
0
0
0
0
0
0
0
0
0
0
0
0
0
0
0
0
0
0
0
0
0
0
0
0
0
0
0
0
0
0
0
0
0
0
0
0
0
0
0
0
0
0
0
0
0
0
0
0
0
0
0
0
0
0
0
0
0
0
0
0
0
0
0
0
0
0
0
0
0
0
0
0
0
0
0
0
0
0
0
0
0
0
0
0
0
0
0
0
0
0
0
0
0
0
0
0
0
0
0
0
0
0
0
0
0
0
0
0
0
0
0
0
0
0
0
0
0
0
0
0
0
0
0
0
0
0
0
0
0
0
0
0
0
0
0
0
0
0
0
0
0
0
0
0
0
0
0
0
0
0
0
0
0
0
0
0
0
0
0
0
0
0
0
0
0
0
0
0
0
0
0
0
0
0
0
0
0
0
0
0
0
0
0
0
0
0
0
0
0
0
0
0
0
0
0
0
0
0
0
0
0
0
0
0
0
0
0
0
0
0
0
0
0
0
0
0
0
0
0
0
0
0
0
0
0
0
0
0
0
0
0
0
0
0
0
0
0
0
0
0
0
0
0
0
0
0
0
0
0
0
0
0
0
0
0
0
0
0
0
0
0
0
0
0
0
0
0
0
0
0
0
0
0
0
0
0
0
0
0
0
0
0
0
0
0
0
0
0
0
0
0
0
0
0
0
0
0
0
0
0
0
0
0
0
0
0
0
0
0
0
0
0
0
0
0
0
0
0
0
0
0
0
0
0
0
0
0
0
0
0
0
0
0
0
0
0
0
0
0
0
0
0
0
0
0
0
0
0
0
0
0
0
0
0
0
0
0
0
0
0
0
0
0
0
0
0
0
0
0
0
0
0
0
0
0
0
0
0
0
0
0
0
0
0
0
0
0
0
0
0
0
0
0
0
0
0
0
0
0
0
0
0
0
0
0
0
0
0
0
0
0
0
0
0
0
0
0
0
0
0
0
0
0
0
0
0
0
0
0
0
0
0
0
0
0
0
0
0
0
0
0
0
0
0
0
0
0
0
0
0
0
0
0
0
0
0
0
0
0
0
0
0
0
0
0
0
0
0
0
0
0
0
0
0
0
0
0
0
0
0
0
0
0
0
0
0
0
0
0
0
0
0
0
0
0
0
0
0
0
0
0
0
0
0
0
0
0
0
0
0
0
0
0
0
0
0
0
0
0
0
0
0
0
0
0
0
0
0
0
0
0
0
0
0
0
0
0
0
0
0
0
0
0
0
0
0
0
0
0
0
0
0
0
0
0
0
0
0
0
0
0
0
0
0
0
0
0
0
0
0
0
0
0
0
0
0
0
0
0
0
0
0
0
0
0
0
0
0
0
0
0
0
0
0
0
0
0
0
0
0
0
0
0
0
0
0
0
0
0
0
0
0
0
0
0
0
0
0
0
0
0
0
0
0
0
0
0
0
0
0
0
0
0
0
0
0
0
0
0
0
0
0
0
0
0
0
0
0
0
0
0
0
0
0
0
0
0
0
0
0
0
0
0
0
0
0
0
0
0
0
0
0
0
0
0
0
0
0
0
0
0
0
0
0
0
0
0
0
0
0
0
0
0
0
0
0
0
0
0
0
0
0
0
0
0
0
0
0
0
0
0
0
0
0
0
0
0
0
0
0
0
0
0
0
0
0
0
0
0
0
0
0
0
0
0
0
0
0
0
0
0
0
0
0
0
0
0
0
0
0
0
0
0
0
0
0
0
0
0
0
0
0
0
0
0
0
0
0
0
0
0
0
0
0
0
0
0
0
0
0
0
0
0
0
0
0
0
0
0
0
0
0
0
0
0
0
0
0
0
0
0
0
0
0
0
0
0
0
0
0
0
0
0
0
0
0
0
0
0
0
0
0
0
0
0
0
0
0
0
0
0
0
0
0
0
0
0
0
0
0
0
0
0
0
0
0
0
0
0
0
0
0
0
0
0
0
0
0
0
0
0
0
0
0
0
0
0
0
0
0
0
0
0
0
0
0
0
0
0
0
0
0
0
0
0
0
0
0
0
0
0
0
0
0
0
0
0
0
0
0
0
0
0
0
0
0
0
0
0
0
0
0
0
0
0
0
0
0
0
0
0
0
0
0
0
0
0
0
0
0
0
0
0
0
0
0
0
0
0
0
0
0
0
0
0
0
0
0
0
0
0
0
0
0
0
0
0
0
0
0
0
0
0
0
0
0
0
0
0
0
0
0
0
0
0
0
0
0
0
0
0
0
0
0
0
0
0
0
0
0
0
0
0
0
0
0
0
0
0
0
0
0
0
0
0
0
0
0
0
0
0
0
0
0
0
0
0
0
0
0
0
0
0
0
0
0
0
0
0
0
0
0
0
0
0
0
0
0
0
0
0
0
0
0
0
0
0
0
0
0
0
0
0
0
0
0
0
0
0
0
0
0
0
0
0
0
0
0
0
0
0
0
0
0
0
0
0
0
0
0
0
0
0
0
0
0
0
0
0
0
0
0
0
0
0
0
0
0
0
0
0
0
0
0
0
0
0
0
0
0
0
0
0
0
0
0
0
0
0
0
0
0
0
0
0
0
0
0
0
0
0
0
0
0
0
0
0
0
0
0
0
0
0
0
0
0
0
0
0
0
0
0
0
0
0
0
0
0
0
0
0
0
0
0
0
0
0
0
0
0
0
0
0
0
0
0
0
0
0
0
0
0
0
0
0
0
0
0
0
0
0
0
0
0
0
0
0
0
0
0
0
0
0
0
0
0
0
0
0
0
0
0
0
0
0
0
0
0
0
0
0
0
0
0
0
0
0
0
0
0
0
0
0
0
0
0
0
0
0
0
0
0
0
0
0
0
0
0
0
0
0
0
0
0
0
0
0
0
0
0
0
0
0
0
0
0
0
0
0
0
0
0
0
0
0
0
0
0
0
0
0
0
0
0
0
0
0
0
0
0
0
0
0
0
0
0
0
0
0
0
0
0
0
0
0
0
0
0
0
0
0
0
0
0
0
0
0
0
0
0
0
0
0
0
0
0
0
0
0
0
0
0
0
0
0
0
0
0
0
0
0
0
0
0
0
0
0
0
0
0
0
0
0
0
0
0
0
0
0
0
0
0
0
0
0
0
0
0
0
0
0
0
0
0
0
0
0
0
0
0
0
0
0
0
0
0
0
0
0
0
0
0
0
0
0
0
0
0
0
0
0
0
0
0
0
0
0
0
0
0
0
0
0
0
0
0
0
0
0
0
0
0
0
0
0
0
0
0
0
0
0
0
0
0
0
0
0
0
0
0
0
0
0
0
0
0
0
0
0
0
0
0
0
0
0
0
0
0
0
0
0
0
0
0
0
0
0
0
0
0
0
0
0
0
0
0
0
0
0
0
0
0
0
0
0
0
0
0
0
0
0
0
0
0
0
0
0
0
0
0
0
0
0
0
0
0
0
0
0
0
0
0
0
0
0
0
0
0
0
0
0
0
0
0
0
0
0
0
0
0
0
0
0
0
0
0
0
0
0
0
0
0
0
0
0
0
0
0
0
0
0
0
0
0
0
0
0
0
0
0
0
0
0
0
0
0
0
0
0
0
0
0
0
0
0
0
0
0
0
0
0
0
0
0
0
0
0
0
0
0
0
0
0
0
0
0
0
0
0
0
0
0
0
0
0
0
0
0
0
0
0
0
0
0
0
0
0
0
0
0
0
0
0
0
0
0
0
0
0
0
0
0
0
0
0
0
0
0
0
0
0
0
0
0
0
0
0
0
0
0
0
0
0
0
0
0
0
0
0
0
0
0
0
0
0
0
0
0
0
0
0
0
0
0
0
0
0
0
0
0
0
0
0
0
0
0
0
0
0
0
0
0
0
0
0
0
0
0
0
0
0
0
0
0
0
0
0
0
0
0
0
0
0
0
0
0
0
0
0
0
0
0
0
0
0
0
0
0
0
0
0
0
0
0
0
0
0
0
0
0
0
0
0
0
0
0
0
0
0
0
0
0
0
0
0
0
0
0
0
0
0
0
0
0
0
0
0
0
0
0
0
0
0
0
0
0
0
0
0
0
0
0
0
0
0
0
0
0
0
0
0
0
0
0
0
0
0
0
0
0
0
0
0
0
0
0
0
0
0
0
0
0
0
0
0
0
0
0
0
0
0
0
0
0
0
0
0
0
0
0
0
0
0
0
0
0
0
0
0
0
0
0
0
0
0
0
0
0
0
0
0
0
0
0
0
0
0
0
0
0
0
0
0
0
0
0
0
0
0
0
0
0
0
0
0
0
0
0
0
0
0
0
0
0
0
0
0
0
0
0
0
0
0
0
0
0
0
0
0
0
0
0
0
0
0
0
0
0
0
0
0
0
0
0
0
0
0
0
0
0
0
0
0
0
0
0
0
0
0
0
0
0
0
0
0
0
0
0
0
0
0
0
0
0
0
0
0
0
0
0
0
0
0
0
0
0
0
0
0
0
0
0
0
0
0
0
0
0
0
0
0
0
0
0
0
0
0
0
0
0
0
0
0
0
0
0
0
0
0
0
0
0
0
0
0
0
0
0
0
0
0
0
0
0
0
0
0
0
0
0
0
0
0
0
0
0
0
0
0
0
0
0
0
0
0
0
0
0
0
0
0
0
0
0
0
0
0
0
0
0
0
0
0
0
0
0
0
0
0
0
0
0
0
0
0
0
0
0
0
0
0
0
0
0
0
0
0
0
0
0
0
0
0
0
0
0
0
0
0
0
0
0
0
0
0
0
0
0
0
0
0
0
0
0
0
0
0
0
0
0
0
0
0
0
0
0
0
0
0
0
0
0
0
0
0
0
0
0
0
0
0
0
0
0
0
0
0
0
0
0
0
0
0
0
0
0
0
0
0
0
0
0
0
0
0
0
0
0
0
0
0
0
0
0
0
0
0
0
0
0
0
0
0
0
0
0
0
0
0
0
0
0
0
0
0
0
0
0
0
0
0
0
0
0
0
0
0
0
0
0
0
0
0
0
0
0
0
0
0
0
0
0
0
0
0
0
0
0
0
0
0
0
0
0
0
0
0
0
0
0
0
0
0
0
0
0
0
0
0
0
0
0
0
0
0
0
0
0
0
0
0
0
0
0
0
0
0
0
0
0
0
0
0
0
0
0
0
0
0
0
0
0
0
0
0
0
0
0
0
0
0
0
0
0
0
0
0
0
0
0
0
0
0
0
0
0
0
0
0
0
0
0
0
0
0
0
0
0
0
0
0
0
0
0
0
0
0
0
0
0
0
0
0
0
0
0
0
0
0
0
0
0
0
0
0
0
0
0
0
0
0
0
0
0
0
0
0
0
0
0
0
0
0
0
0
0
0
0
0
0
0
0
0
0
0
0
0
0
0
0
0
0
0
0
0
0
0
0
0
0
0
0
0
0
0
0
0
0
0
0
0
0
0
0
0
0
0
0
0
0
0
0
0
0
0
0
0
0
0
0
0
0
0
0
0
0
0
0
0
0
0
0
0
0
0
0
0
0
0
0
0
0
0
0
0
0
0
0
0
0
0
0
0
0
0
0
0
0
0
0
0
0
0
0
0
0
0
0
0
0
0
0
0
0
0
0
0
0
0
0
0
0
0
0
0
0
0
0
0
0
0
0
0
0
0
0
0
0
0
0
0
0
0
0
0
0
0
0
0
0
0
0
0
0
0
0
0
0
0
0
0
0
0
0
0
0
0
0
0
0
0
0
0
0
0
0
0
0
0
0
0
0
0
0
0
0
0
0
0
0
0
0
0
0
0
0
0
0
0
0
0
0
0
0
0
0
0
0
0
0
0
0
0
0
0
0
0
0
0
0
0
0
0
0
0
0
0
0
0
0
0
0
0
0
0
0
0
0
0
0
0
0
0
0
0
0
0
0
0
0
0
0
0
0
0
0
0
0
0
0
0
0
0
0
0
0
0
0
0
0
0
0
0
0
0
0
0
0
0
0
0
0
0
0
0
0
0
0
0
0
0
0
0
0
0
0
0
0
0
0
0
0
0
0
0
0
0
0
0
0
0
0
0
0
0
0
0
0
0
0
0
0
0
0
0
0
0
0
0
0
0
0
0
0
0
0
0
0
0
0
0
0
0
0
0
0
0
0
0
0
0
0
0
0
0
0
0
0
0
0
0
0
0
0
0
0
0
0
0
0
0
0
0
0
0
0
0
0
0
0
0
0
0
0
0
0
0
0
0
0
0
0
0
0
0
0
0
0
0
0
0
0
0
0
0
0
0
0
0
0
0
0
0
0
0
0
0
0
0
0
0
0
0
0
0
0
0
0
0
0
0
0
0
0
0
0
0
0
0
0
0
0
0
0
0
0
0
0
0
0
0
0
0
0
0
0
0
0
0
0
0
0
0
0
0
0
0
0
0
0
0
0
0
0
0
0
0
0
0
0
0
0
0
0
0
0
0
0
0
0
0
0
0
0
0
0
0
0
0
0
0
0
0
0
0
0
0
0
0
0
0
0
0
0
0
0
0
0
0
0
0
0
0
0
0
0
0
0
0
0
0
0
0
0
0
0
0
0
0
0
0
0
0
0
0
0
0
0
0
0
0
0
0
0
0
0
0
0
0
0
0
0
0
0
0
0
0
0
0
0
0
0
0
0
0
0
0
0
0
0
0
0
0
0
0
0
0
0
0
0
0
0
0
0
0
0
0
0
0
0
0
0
0
0
0
0
0
0
0
0
0
0
0
0
0
0
0
0
0
0
0
0
0
0
0
0
0
0
0
0
0
0
0
0
0
0
0
0
0
0
0
0
0
0
0
0
0
0
0
0
0
0
0
0
0
0
0
0
0
0
0
0
0
0
0
0
0
0
0
0
0
0
0
0
0
0
0
0
0
0
0
0
0
0
0
0
0
0
0
0
0
0
0
0
0
0
0
0
0
0
0
0
0
0
0
0
0
0
0
0
0
0
0
0
0
0
0
0
0
0
0
0
0
0
0
0
0
0
0
0
0
0
0
0
0
0
0
0
0
0
0
0
0
0
0
0
0
0
0
0
0
0
0
0
0
0
0
0
0
0
0
0
0
0
0
0
0
0
0
0
0
0
0
0
0
0
0
0
0
0
0
0
0
0
0
0
0
0
0
0
0
0
0
0
0
0
0
0
0
0
0
0
0
0
0
0
0
0
0
0
0
0
0
0
0
0
0
0
0
0
0
0
0
0
0
0
0
0
0
0
0
0
0
0
0
0
0
0
0
0
0
0
0
0
0
0
0
0
0
0
0
0
0
0
0
0
0
0
0
0
0
0
0
0
0
0
0
0
0
0
0
0
0
0
0
0
0
0
0
0
0
0
0
0
0
0
0
0
0
0
0
0
0
0
0
0
0
0
0
0
0
0
0
0
0
0
0
0
0
0
0
0
0
0
0
0
0
0
0
0
0
0
0
0
0
0
0
0
0
0
0
0
0
0
0
0
0
0
0
0
0
0
0
0
0
0
0
0
0
0
0
0
0
0
0
0
0
0
0
0
0
0
0
0
0
0
0
0
0
0
0
0
0
0
0
0
0
0
0
0
0
0
0
0
0
0
0
0
0
0
0
0
0
0
0
0
0
0
0
0
0
0
0
0
0
0
0
0
0
0
0
0
0
0
0
0
0
0
0
0
0
0
0
0
0
0
0
0
0
0
0
0
0
0
0
0
0
0
0
0
0
0
0
0
0
0
0
0
0
0
0
0
0
0
0
0
0
0
0
0
0
0
0
0
0
0
0
0
0
0
0
0
0
0
0
0
0
0
0
0
0
0
0
0
0
0
0
0
0
0
0
0
0
0
0
0
0
0
0
0
0
0
0
0
0
0
0
0
0
0
0
0
0
0
0
0
0
0
0
0
0
0
0
0
0
0
0
0
0
0
0
0
0
0
0
0
0
0
0
0
0
0
0
0
0
0
0
0
0
0
0
0
0
0
0
0
0
0
0
0
0
0
0
0
0
0
0
0
0
0
0
0
0
0
0
0
0
0
0
0
0
0
0
0
0
0
0
0
0
0
0
0
0
0
0
0
0
0
0
0
0
0
0
0
0
0
0
0
0
0
0
0
0
0
0
0
0
0
0
0
0
0
0
0
0
0
0
0
0
0
0
0
0
0
0
0
0
0
0
0
0
0
0
0
0
0
0
0
0
0
0
0
0
0
0
0
0
0
0
0
0
0
0
0
0
0
0
0
0
0
0
0
0
0
0
0
0
0
0
0
0
0
0
0
0
0
0
0
0
0
0
0
0
0
0
0
0
0
0
0
0
0
0
0
0
0
0
0
0
0
0
0
0
0
0
0
0
0
0
0
0
0
0
0
0
0
0
0
0
0
0
0
0
0
0
0
0
0
0
0
0
0
0
0
0
0
0
0
0
0
0
0
0
0
0
0
0
0
0
0
0
0
0
0
0
0
0
0
0
0
0
0
0
0
0
0
0
0
0
0
0
0
0
0
0
0
0
0
0
0
0
0
0
0
0
0
0
0
0
0
0
0
0
0
0
0
0
0
0
0
0
0
0
0
0
0
0
0
0
0
0
0
0
0
0
0
0
0
0
0
0
0
0
0
0
0
0
0
0
0
0
0
0
0
0
0
0
0
0
0
0
0
0
0
0
0
0
0
0
0
0
0
0
0
0
0
0
0
0
0
0
0
0
0
0
0
0
0
0
0
0
0
0
0
0
0
0
0
0
0
0
0
0
0
0
0
0
0
0
0
0
0
0
0
0
0
0
0
0
0
0
0
0
0
0
0
0
0
0
0
0
0
0
0
0
0
0
0
0
0
0
0
0
0
0
0
0
0
0
0
0
0
0
0
0
0
0
0
0
0
0
0
0
0
0
0
0
0
0
0
0
0
0
0
0
0
0
0
0
0
0
0
0
0
0
0
0
0
0
0
0
0
0
0
0
0
0
0
0
0
0
0
0
0
0
0
0
0
0
0
0
0
0
0
0
0
0
0
0
0
0
0
0
0
0
0
0
0
0
0
0
0
0
0
0
0
0
0
0
0
0
0
0
0
0
0
0
0
0
0
0
0
0
0
0
0
0
0
0
0
0
0
0
0
0
0
0
0
0
0
0
0
0
0
0
0
0
0
0
0
0
0
0
0
0
0
0
0
0
0
0
0
0
0
0
0
0
0
0
0
0
0
0
0
0
0
0
0
0
0
0
0
0
0
0
0
0
0
0
0
0
0
0
0
0
0
0
0
0
0
0
0
0
0
0
0
0
0
0
0
0
0
0
0
0
0
0
0
0
0
0
0
0
0
0
0
0
0
0
0
0
0
0
0
0
0
0
0
0
0
0
0
0
0
0
0
0
0
0
0
0
0
0
0
0
0
0
0
0
0
0
0
0
0
0
0
0
0
0
0
0
0
0
0
0
0
0
0
0
0
0
0
0
0
0
0
0
0
0
0
0
0
0
0
0
0
0
0
0
0
0
0
0
0
0
0
0
0
0
0
0
0
0
0
0
0
0
0
0
0
0
0
0
0
0
0
0
0
0
0
0
0
0
0
0
0
0
0
0
0
0
0
0
0
0
0
0
0
0
0
0
0
0
0
0
0
0
0
0
0
0
0
0
0
0
0
0
0
0
0
0
0
0
0
0
0
0
0
0
0
0
0
0
0
0
0
0
0
0
0
0
0
0
0
0
0
0
0
0
0
0
0
0
0
0
0
0
0
0
0
0
0
0
0
0
0
0
0
0
0
0
0
0
0
0
0
0
0
0
0
0
0
0
0
0
0
0
0
0
0
0
0
0
0
0
0
0
0
0
0
0
0
0
0
0
0
0
0
0
0
0
0
0
0
0
0
0
0
0
0
0
0
0
0
0
0
0
0
0
0
0
0
0
0
0
0
0
0
0
0
0
0
0
0
0
0
0
0
0
0
0
0
0
0
0
0
0
0
0
0
0
0
0
0
0
0
0
0
0
0
0
0
0
0
0
0
0
0
0
0
0
0
0
0
0
0
0
0
0
0
0
0
0
0
0
0
0
0
0
0
0
0
0
0
0
0
0
0
0
0
0
0
0
0
0
0
0
0
0
0
0
0
0
0
0
0
0
0
0
0
0
0
0
0
0
0
0
0
0
0
0
0
0
0
0
0
0
0
0
0
0
0
0
0
0
0
0
0
0
0
0
0
0
0
0
0
0
0
0
0
0
0
0
0
0
0
0
0
0
0
0
0
0
0
0
0
0
0
0
0
0
0
0
0
0
0
0
0
0
0
0
0
0
0
0
0
0
0
0
0
0
0
0
0
0
0
0
0
0
0
0
0
0
0
0
0
0
0
0
0
0
0
0
0
0
0
0
0
0
0
0
0
0
0
0
0
0
0
0
0
0
0
0
0
0
0
0
0
0
0
0
0
0
0
0
0
0
0
0
0
0
0
0
0
0
0
0
0
0
0
0
0
0
0
0
0
0
0
0
0
0
0
0
0
0
0
0
0
0
0
0
0
0
0
0
0
0
0
0
0
0
0
0
0
0
0
0
0
0
0
0
0
0
0
0
0
0
0
0
0
0
0
0
0
0
0
0
0
0
0
0
0
0
0
0
0
0
0
0
0
0
0
0
0
0
0
0
0
0
0
0
0
0
0
0
0
0
0
0
0
0
0
0
0
0
0
0
0
0
0
0
0
0
0
0
0
0
0
0
0
0
0
0
0
0
0
0
0
0
0
0
0
0
0
0
0
0
0
0
0
0
0
0
0
0
0
0
0
0
0
0
0
0
0
0
0
0
0
0
0
0
0
0
0
0
0
0
0
0
0
0
0
0
0
0
0
0
0
0
0
0
0
0
0
0
0
0
0
0
0
0
0
0
0
0
0
0
0
0
0
0
0
0
0
0
0
0
0
0
0
0
0
0
0
0
0
0
0
0
0
0
0
0
0
0
0
0
0
0
0
0
0
0
0
0
0
0
0
0
0
0
0
0
0
0
0
0
0
0
0
0
0
0
0
0
0
0
0
0
0
0
0
0
0
0
0
0
0
0
0
0
0
0
0
0
0
0
0
0
0
0
0
0
0
0
0
0
0
0
0
0
0
0
0
0
0
0
0
0
0
0
0
0
0
0
0
0
0
0
0
0
0
0
0
0
0
0
0
0
0
0
0
0
0
0
0
0
0
0
0
0
0
0
0
0
0
0
0
0
0
0
0
0
0
0
0
0
0
0
0
0
0
0
0
0
0
0
0
0
0
0
0
0
0
0
0
0
0
0
0
0
0
0
0
0
0
0
0
0
0
0
0
0
0
0
0
0
0
0
0
0
0
0
0
0
0
0
0
0
0
0
0
0
0
0
0
0
0
0
0
0
0
0
0
0
0
0
0
0
0
0
0
0
0
0
0
0
0
0
0
0
0
0
0
0
0
0
0
0
0
0
0
0
0
0
0
0
0
0
0
0
0
0
0
0
0
0
0
0
0
0
0
0
0
0
0
0
0
0
0
0
0
0
0
0
0
0
0
0
0
0
0
0
0
0
0
0
0
0
0
0
0
0
0
0
0
0
0
0
0
0
0
0
0
0
0
0
0
0
0
0
0
0
0
0
0
0
0
0
0
0
0
0
0
0
0
0
0
0
0
0
0
0
0
0
0
0
0
0
0
0
0
0
0
0
0
0
0
0
0
0
0
0
0
0
0
0
0
0
0
0
0
0
0
0
0
0
0
0
0
0
0
0
0
0
0
0
0
0
0
0
0
0
0
0
0
0
0
0
0
0
0
0
0
0
0
0
0
0
0
0
0
0
0
0
0
0
0
0
0
0
0
0
0
0
0
0
0
0
0
0
0
0
0
0
0
0
0
0
0
0
0
0
0
0
0
0
0
0
0
0
0
0
0
0
0
0
0
0
0
0
0
0
0
0
0
0
0
0
0
0
0
0
0
0
0
0
0
0
0
0
0
0
0
0
0
0
0
0
0
0
0
0
0
0
0
0
0
0
0
0
0
0
0
0
0
0
0
0
0
0
0
0
0
0
0
0
0
0
0
0
0
0
0
0
0
0
0
0
0
0
0
0
0
0
0
0
0
0
0
0
0
0
0
0
0
0
0
0
0
0
0
0
0
0
0
0
0
0
0
0
0
0
0
0
0
0
0
0
0
0
0
0
0
0
0
0
0
0
0
0
0
0
0
0
0
0
0
0
0
0
0
0
0
0
0
0
0
0
0
0
0
0
0
0
0
0
0
0
0
0
0
0
0
0
0
0
0
0
0
0
0
0
0
0
0
0
0
0
0
0
0
0
0
0
0
0
0
0
0
0
0
0
0
0
0
0
0
0
0
0
0
0
0
0
0
0
0
0
0
0
0
0
0
0
0
0
0
0
0
0
0
0
0
0
0
0
0
0
0
0
0
0
0
0
0
0
0
0
0
0
0
0
0
0
0
0
0
0
0
0
0
0
0
0
0
0
0
0
0
0
0
0
0
0
0
0
0
0
0
0
0
0
0
0
0
0
0
0
0
0
0
0
0
0
0
0
0
0
0
0
0
0
0
0
0
0
0
0
0
0
0
0
0
0
0
0
0
0
0
0
0
0
0
0
0
0
0
0
0
0
0
0
0
0
0
0
0
0
0
0
0
0
0
0
0
0
0
0
0
0
0
0
0
0
0
0
0
0
0
0
0
0
0
0
0
0
0
0
0
0
0
0
0
0
0
0
0
0
0
0
0
0
0
0
0
0
0
0
0
0
0
0
0
0
0
0
0
0
0
0
0
0
0
0
0
0
0
0
0
0
0
0
0
0
0
0
0
0
0
0
0
0
0
0
0
0
0
0
0
0
0
0
0
0
0
0
0
0
0
0
0
0
0
0
0
0
0
0
0
0
0
0
0
0
0
0
0
0
0
0
0
0
0
0
0
0
0
0
0
0
0
0
0
0
0
0
0
0
0
0
0
0
0
0
0
0
0
0
0
0
0
0
0
0
0
0
0
0
0
0
0
0
0
0
0
0
0
0
0
0
0
0
0
0
0
0
0
0
0
0
0
0
0
0
0
0
0
0
0
0
0
0
0
0
0
0
0
0
0
0
0
0
0
0
0
0
0
0
0
0
0
0
0
0
0
0
0
0
0
0
0
0
0
0
0
0
0
0
0
0
0
0
0
0
0
0
0
0
0
0
0
0
0
0
0
0
0
0
0
0
0
0
0
0
0
0
0
0
0
0
0
0
0
0
0
0
0
0
0
0
0
0
0
0
0
0
0
0
0
0
0
0
0
0
0
0
0
0
0
0
0
0
0
0
0
0
0
0
0
0
0
0
0
0
0
0
0
0
0
0
0
0
0
0
0
0
0
0
0
0
0
0
0
0
0
0
0
0
0
0
0
0
0
0
0
0
0
0
0
0
0
0
0
0
0
0
0
0
0
0
0
0
0
0
0
0
0
0
0
0
0
0
0
0
0
0
0
0
0
0
0
0
0
0
0
0
0
0
0
0
0
0
0
0
0
0
0
0
0
0
0
0
0
0
0
0
0
0
0
0
0
0
0
0
0
0
0
0
0
0
0
0
0
0
0
0
0
0
0
0
0
0
0
0
0
0
0
0
0
0
0
0
0
0
0
0
0
0
0
0
0
0
0
0
0
0
0
0
0
0
0
0
0
0
0
0
0
0
0
0
0
0
0
0
0
0
0
0
0
0
0
0
0
0
0
0
0
0
0
0
0
0
0
0
0
0
0
0
0
0
0
0
0
0
0
0
0
0
0
0
0
0
0
0
0
0
0
0
0
0
0
0
0
0
0
0
0
0
0
0
0
0
0
0
0
0
0
0
0
0
0
0
0
0
0
0
0
0
0
0
0
0
0
0
0
0
0
0
0
0
0
0
0
0
0
0
0
0
0
0
0
0
0
0
0
0
0
0
0
0
0
0
0
0
0
0
0
0
0
0
0
0
0
0
0
0
0
0
0
0
0
0
0
0
0
0
0
0
0
0
0
0
0
0
0
0
0
0
0
0
0
0
0
0
0
0
0
0
0
0
0
0
0
0
0
0
0
0
0
0
0
0
0
0
0
0
0
0
0
0
0
0
0
0
0
0
0
0
0
0
0
0
0
0
0
0
0
0
0
0
0
0
0
0
0
0
0
0
0
0
0
0
0
0
0
0
0
0
0
0
0
0
0
0
0
0
0
0
0
0
0
0
0
0
0
0
0
0
0
0
0
0
0
0
0
0
0
0
0
0
0
0
0
0
0
0
0
0
0
0
0
0
0
0
0
0
0
0
0
0
0
0
0
0
0
0
0
0
0
0
0
0
0
0
0
0
0
0
0
0
0
0
0
0
0
0
0
0
0
0
0
0
0
0
0
0
0
0
0
0
0
0
0
0
0
0
0
0
0
0
0
0
0
0
0
0
0
0
0
0
0
0
0
0
0
0
0
0
0
0
0
0
0
0
0
0
0
0
0
0
0
0
0
0
0
0
0
0
0
0
0
0
0
0
0
0
0
0
0
0
0
0
0
0
0
0
0
0
0
0
0
0
0
0
0
0
0
0
0
0
0
0
0
0
0
0
0
0
0
0
0
0
0
0
0
0
0
0
0
0
0
0
0
0
0
0
0
0
0
0
0
0
0
0
0
0
0
0
0
0
0
0
0
0
0
0
0
0
0
0
0
0
0
0
0
0
0
0
0
0
0
0
0
0
0
0
0
0
0
0
0
0
0
0
0
0
0
0
0
0
0
0
0
0
0
0
0
0
0
0
0
0
0
0
0
0
0
0
0
0
0
0
0
0
0
0
0
0
0
0
0
0
0
0
0
0
0
0
0
0
0
0
0
0
0
0
0
0
0
0
0
0
0
0
0
0
0
0
0
0
0
0
0
0
0
0
0
0
0
0
0
0
0
0
0
0
0
0
0
0
0
0
0
0
0
0
0
0
0
0
0
0
0
0
0
0
0
0
0
0
0
0
0
0
0
0
0
0
0
0
0
0
0
0
0
0
0
0
0
0
0
0
0
0
0
0
0
0
0
0
0
0
0
0
0
0
0
0
0
0
0
0
0
0
0
0
0
0
0
0
0
0
0
0
0
0
0
0
0
0
0
0
0
0
0
0
0
0
0
0
0
0
0
0
0
0
0
0
0
0
0
0
0
0
0
0
0
0
0
0
0
0
0
0
0
0
0
0
0
0
0
0
0
0
0
0
0
0
0
0
0
0
0
0
0
0
0
0
0
0
0
0
0
0
0
0
0
0
0
0
0
0
0
0
0
0
0
0
0
0
0
0
0
0
0
0
0
0
0
0
0
0
0
0
0
0
0
0
0
0
0
0
0
0
0
0
0
0
0
0
0
0
0
0
0
0
0
0
0
0
0
0
0
0
0
0
0
0
0
0
0
0
0
0
0
0
0
0
0
0
0
0
0
0
0
0
0
0
0
0
0
0
0
0
0
0
0
0
0
0
0
0
0
0
0
0
0
0
0
0
0
0
0
0
0
0
0
0
0
0
0
0
0
0
0
0
0
0
0
0
0
0
0
0
0
0
0
0
0
0
0
0
0
0
0
0
0
0
0
0
0
0
0
0
0
0
0
0
0
0
0
0
0
0
0
0
0
0
0
0
0
0
0
0
0
0
0
0
0
0
0
0
0
0
0
0
0
0
0
0
0
0
0
0
0
0
0
0
0
0
0
0
0
0
0
0
0
0
0
0
0
0
0
0
0
0
0
0
0
0
0
0
0
0
0
0
0
0
0
0
0
0
0
0
0
0
0
0
0
0
0
0
0
0
0
0
0
0
0
0
0
0
0
0
0
0
0
0
0
0
0
0
0
0
0
0
0
0
0
0
0
0
0
0
0
0
0
0
0
0
0
0
0
0
0
0
0
0
0
0
0
0
0
0
0
0
0
0
0
0
0
0
0
0
0
0
0
0
0
0
0
0
0
0
0
0
0
0
0
0
0
0
0
0
0
0
0
0
0
0
0
0
0
0
0
0
0
0
0
0
0
0
0
0
0
0
0
0
0
0
0
0
0
0
0
0
0
0
0
0
0
0
0
0
0
0
0
0
0
0
0
0
0
0
0
0
0
0
0
0
0
0
0
0
0
0
0
0
0
0
0
0
0
0
0
0
0
0
0
0
0
0
0
0
0
0
0
0
0
0
0
0
0
0
0
0
0
0
0
0
0
0
0
0
0
0
0
0
0
0
0
0
0
0
0
0
0
0
0
0
0
0
0
0
0
0
0
0
0
0
0
0
0
0
0
0
0
0
0
0
0
0
0
0
0
0
0
0
0
0
0
0
0
0
0
0
0
0
0
0
0
0
0
0
0
0
0
0
0
0
0
0
0
0
0
0
0
0
0
0
0
0
0
0
0
0
0
0
0
0
0
0
0
0
0
0
0
0
0
0
0
0
0
0
0
0
0
0
0
0
0
0
0
0
0
0
0
0
0
0
0
0
0
0
0
0
0
0
0
0
0
0
0
0
0
0
0
0
0
0
0
0
0
0
0
0
0
0
0
0
0
0
0
0
0
0
0
0
0
0
0
0
0
0
0
0
0
0
0
0
0
0
0
0
0
0
0
0
0
0
0
0
0
0
0
0
0
0
0
0
0
0
0
0
0
0
0
0
0
0
0
0
0
0
0
0
0
0
0
0
0
0
0
0
0
0
0
0
0
0
0
0
0
0
0
0
0
0
0
0
0
0
0
0
0
0
0
0
0
0
0
0
0
0
0
0
0
0
0
0
0
0
0
0
0
0
0
0
0
0
0
0
0
0
0
0
0
0
0
0
0
0
0
0
0
0
0
0
0
0
0
0
0
0
0
0
0
0
0
0
0
0
0
0
0
0
0
0
0
0
0
0
0
0
0
0
0
0
0
0
0
0
0
0
0
0
0
0
0
0
0
0
0
0
0
0
0
0
0
0
0
0
0
0
0
0
0
0
0
0
0
0
0
0
0
0
0
0
0
0
0
0
0
0
0
0
0
0
0
0
0
0
0
0
0
0
0
0
0
0
0
0
0
0
0
0
0
0
0
0
0
0
0
0
0
0
0
0
0
0
0
0
0
0
0
0
0
0
0
0
0
0
0
0
0
0
0
0
0
0
0
0
0
0
0
0
0
0
0
0
0
0
0
0
0
0
0
0
0
0
0
0
0
0
0
0
0
0
0
0
0
0
0
0
0
0
0
0
0
0
0
0
0
0
0
0
0
0
0
0
0
0
0
0
0
0
0
0
0
0
0
0
0
0
0
0
0
0
0
0
0
0
0
0
0
0
0
0
0
0
0
0
0
0
0
0
0
0
0
0
0
0
0
0
0
0
0
0
0
0
0
0
0
0
0
0
0
0
0
0
0
0
0
0
0
0
0
0
0
0
0
0
0
0
0
0
0
0
0
0
0
0
0
0
0
0
0
0
0
0
0
0
0
0
0
0
0
0
0
0
0
0
0
0
0
0
0
0
0
0
0
0
0
0
0
0
0
0
0
0
0
0
0
0
0
0
0
0
0
0
0
0
0
0
0
0
0
0
0
0
0
0
0
0
0
0
0
0
0
0
0
0
0
0
0
0
0
0
0
0
0
0
0
0
0
0
0
0
0
0
0
0
0
0
0
0
0
0
0
0
0
0
0
0
0
0
0
0
0
0
0
0
0
0
0
0
0
0
0
0
0
0
0
0
0
0
0
0
0
0
0
0
0
0
0
0
0
0
0
0
0
0
0
0
0
0
0
0
0
0
0
0
0
0
0
0
0
0
0
0
0
0
0
0
0
0
0
0
0
0
0
0
0
0
0
0
0
0
0
0
0
0
0
0
0
0
0
0
0
0
0
0
0
0
0
0
0
0
0
0
0
0
0
0
0
0
0
0
0
0
0
0
0
0
0
0
0
0
0
0
0
0
0
0
0
0
0
0
0
0
0
0
0
0
0
0
0
0
0
0
0
0
0
0
0
0
0
0
0
0
0
0
0
0
0
0
0
0
0
0
0
0
0
0
0
0
0
0
0
0
0
0
0
0
0
0
0
0
0
0
0
0
0
0
0
0
0
0
0
0
0
0
0
0
0
0
0
0
0
0
0
0
0
0
0
0
0
0
0
0
0
0
0
0
0
0
0
0
0
0
0
0
0
0
0
0
0
0
0
0
0
0
0
0
0
0
0
0
0
0
0
0
0
0
0
0
0
0
0
0
0
0
0
0
0
0
0
0
0
0
0
0
0
0
0
0
0
0
0
0
0
0
0
0
0
0
0
0
0
0
0
0
0
0
0
0
0
0
0
0
0
0
0
0
0
0
0
0
0
0
0
0
0
0
0
0
0
0
0
0
0
0
0
0
0
0
0
0
0
0
0
0
0
0
0
0
0
0
0
0
0
0
0
0
0
0
0
0
0
0
0
0
0
0
0
0
0
0
0
0
0
0
0
0
0
0
0
0
0
0
0
0
0
0
0
0
0
0
0
0
0
0
0
0
0
0
0
0
0
0
0
0
0
0
0
0
0
0
0
0
0
0
0
0
0
0
0
0
0
0
0
0
0
0
0
0
0
0
0
0
0
0
0
0
0
0
0
0
0
0
0
0
0
0
0
0
0
0
0
0
0
0
0
0
0
0
0
0
0
0
0
0
0
0
0
0
0
0
0
0
0
0
0
0
0
0
0
0
0
0
0
0
0
0
0
0
0
0
0
0
0
0
0
0
0
0
0
0
0
0
0
0
0
0
0
0
0
0
0
0
0
0
0
0
0
0
0
0
0
0
0
0
0
0
0
0
0
0
0
0
0
0
0
0
0
0
0
0
0
0
0
0
0
0
0
0
0
0
0
0
0
0
0
0
0
0
0
0
0
0
0
0
0
0
0
0
0
0
0
0
0
0
0
0
0
0
0
0
0
0
0
0
0
0
0
0
0
0
0
0
0
0
0
0
0
0
0
0
0
0
0
0
0
0
0
0
0
0
0
0
0
0
0
0
0
0
0
0
0
0
0
0
0
0
0
0
0
0
0
0
0
0
0
0
0
0
0
0
0
0
0
0
0
0
0
0
0
0
0
0
0
0
0
0
0
0
0
0
0
0
0
0
0
0
0
0
0
0
0
0
0
0
0
0
0
0
0
0
0
0
0
0
0
0
0
0
0
0
0
0
0
0
0
0
0
0
0
0
0
0
0
0
0
0
0
0
0
0
0
0
0
0
0
0
0
0
0
0
0
0
0
0
0
0
0
0
0
0
0
0
0
0
0
0
0
0
0
0
0
0
0
0
0
0
0
0
0
0
0
0
0
0
0
0
0
0
0
0
0
0
0
0
0
0
0
0
0
0
0
0
0
0
0
0
0
0
0
0
0
0
0
0
0
0
0
0
0
0
0
0
0
0
0
0
0
0
0
0
0
0
0
0
0
0
0
0
0
0
0
0
0
0
0
0
0
0
0
0
0
0
0
0
0
0
0
0
0
0
0
0
0
0
0
0
0
0
0
0
0
0
0
0
0
0
0
0
0
0
0
0
0
0
0
0
0
0
0
0
0
0
0
0
0
0
0
0
0
0
0
0
0
0
0
0
0
0
0
0
0
0
0
0
0
0
0
0
0
0
0
0
0
0
0
0
0
0
0
0
0
0
0
0
0
0
0
0
0
0
0
0
0
0
0
0
0
0
0
0
0
0
0
0
0
0
0
0
0
0
0
0
0
0
0
0
0
0
0
0
0
0
0
0
0
0
0
0
0
0
0
0
0
0
0
0
0
0
0
0
0
0
0
0
0
0
0
0
0
0
0
0
0
0
0
0
0
0
0
0
0
0
0
0
0
0
0
0
0
0
0
0
0
0
0
0
0
0
0
0
0
0
0
0
0
0
0
0
0
0
0
0
0
0
0
0
0
0
0
0
0
0
0
0
0
0
0
0
0
0
0
0
0
0
0
0
0
0
0
0
0
0
0
0
0
0
0
0
0
0
0
0
0
0
0
0
0
0
0
0
0
0
0
0
0
0
0
0
0
0
0
0
0
0
0
0
0
0
0
0
0
0
0
0
0
0
0
0
0
0
0
0
0
0
0
0
0
0
0
0
0
0
0
0
0
0
0
0
0
0
0
0
0
0
0
0
0
0
0
0
0
0
0
0
0
0
0
0
0
0
0
0
0
0
0
0
0
0
0
0
0
0
0
0
0
0
0
0
0
0
0
0
0
0
0
0
0
0
0
0
0
0
0
0
0
0
0
0
0
0
0
0
0
0
0
0
0
0
0
0
0
0
0
0
0
0
0
0
0
0
0
0
0
0
0
0
0
0
0
0
0
0
0
0
0
0
0
0
0
0
0
0
0
0
0
0
0
0
0
0
0
0
0
0
0
0
0
0
0
0
0
0
0
0
0
0
0
0
0
0
0
0
0
0
0
0
0
0
0
0
0
0
0
0
0
0
0
0
0
0
0
0
0
0
0
0
0
0
0
0
0
0
0
0
0
0
0
0
0
0
0
0
0
0
0
0
0
0
0
0
0
0
0
0
0
0
0
0
0
0
0
0
0
0
0
0
0
0
0
0
0
0
0
0
0
0
0
0
0
0
0
0
0
0
0
0
0
0
0
0
0
0
0
0
0
0
0
0
0
0
0
0
0
0
0
0
0
0
0
0
0
0
0
0
0
0
0
0
0
0
0
0
0
0
0
0
0
0
0
0
0
0
0
0
0
0
0
0
0
0
0
0
0
0
0
0
0
0
0
0
0
0
0
0
0
0
0
0
0
0
0
0
0
0
0
0
0
0
0
0
0
0
0
0
0
0
0
0
0
0
0
0
0
0
0
0
0
0
0
0
0
0
0
0
0
0
0
0
0
0
0
0
0
0
0
0
0
0
0
0
0
0
0
0
0
0
0
0
0
0
0
0
0
0
0
0
0
0
0
0
0
0
0
0
0
0
0
0
0
0
0
0
0
0
0
0
0
0
0
0
0
0
0
0
0
0
0
0
0
0
0
0
0
0
0
0
0
0
0
0
0
0
0
0
0
0
0
0
0
0
0
0
0
0
0
0
0
0
0
0
0
0
0
0
0
0
0
0
0
0
0
0
0
0
0
0
0
0
0
0
0
0
0
0
0
0
0
0
0
0
0
0
0
0
0
0
0
0
0
0
0
0
0
0
0
0
0
0
0
0
0
0
0
0
0
0
0
0
0
0
0
0
0
0
0
0
0
0
0
0
0
0
0
0
0
0
0
0
0
0
0
0
0
0
0
0
0
0
0
0
0
0
0
0
0
0
0
0
0
0
0
0
0
0
0
0
0
0
0
0
0
0
0
0
0
0
0
0
0
0
0
0
0
0
0
0
0
0
0
0
0
0
0
0
0
0
0
0
0
0
0
0
0
0
0
0
0
0
0
0
0
0
0
0
0
0
0
0
0
0
0
0
0
0
0
0
0
0
0
0
0
0
0
0
0
0
0
0
0
0
0
0
0
0
0
0
0
0
0
0
0
0
0
0
0
0
0
0
0
0
0
0
0
0
0
0
0
0
0
0
0
0
0
0
0
0
0
0
0
0
0
0
0
0
0
0
0
0
0
0
0
0
0
0
0
0
0
0
0
0
0
0
0
0
0
0
0
0
0
0
0
0
0
0
0
0
0
0
0
0
0
0
0
0
0
0
0
0
0
0
0
0
0
0
0
0
0
0
0
0
0
0
0
0
0
0
0
0
0
0
0
0
0
0
0
0
0
0
0
0
0
0
0
0
0
0
0
0
0
0
0
0
0
0
0
0
0
0
0
0
0
0
0
0
0
0
0
0
0
0
0
0
0
0
0
0
0
0
0
0
0
0
0
0
0
0
0
0
0
0
0
0
0
0
0
0
0
0
0
0
0
0
0
0
0
0
0
0
0
0
0
0
0
0
0
0
0
0
0
0
0
0
0
0
0
0
0
0
0
0
0
0
0
0
0
0
0
0
0
0
0
0
0
0
0
0
0
0
0
0
0
0
0
0
0
0
0
0
0
0
0
0
0
0
0
0
0
0
0
0
0
0
0
0
0
0
0
0
0
0
0
0
0
0
0
0
0
0
0
0
0
0
0
0
0
0
0
0
0
0
0
0
0
0
0
0
0
0
0
0
0
0
0
0
0
0
0
0
0
0
0
0
0
0
0
0
0
0
0
0
0
0
0
0
0
0
0
0
0
0
0
0
0
0
0
0
0
0
0
0
0
0
0
0
0
0
0
0
0
0
0
0
0
0
0
0
0
0
0
0
0
0
0
0
0
0
0
0
0
0
0
0
0
0
0
0
0
0
0
0
0
0
0
0
0
0
0
0
0
0
0
0
0
0
0
0
0
0
0
0
0
0
0
0
0
0
0
0
0
0
0
0
0
0
0
0
0
0
0
0
0
0
0
0
0
0
0
0
0
0
0
0
0
0
0
0
0
0
0
0
0
0
0
0
0
0
0
0
0
0
0
0
0
0
0
0
0
0
0
0
0
0
0
0
0
0
0
0
0
0
0
0
0
0
0
0
0
0
0
0
0
0
0
0
0
0
0
0
0
0
0
0
0
0
0
0
0
0
0
0
0
0
0
0
0
0
0
0
0
0
0
0
0
0
0
0
0
0
0
0
0
0
0
0
0
0
0
0
0
0
0
0
0
0
0
0
0
0
0
0
0
0
0
0
0
0
0
0
0
0
0
0
0
0
0
0
0
0
0
0
0
0
0
0
0
0
0
0
0
0
0
0
0
0
0
0
0
0
0
0
0
0
0
0
0
0
0
0
0
0
0
0
0
0
0
0
0
0
0
0
0
0
0
0
0
0
0
0
0
0
0
0
0
0
0
0
0
0
0
0
0
0
0
0
0
0
0
0
0
0
0
0
0
0
0
0
0
0
0
0
0
0
0
0
0
0
0
0
0
0
0
0
0
0
0
0
0
0
0
0
0
0
0
0
0
0
0
0
0
0
0
0
0
0
0
0
0
0
0
0
0
0
0
0
0
0
0
0
0
0
0
0
0
0
0
0
0
0
0
0
0
0
0
0
0
0
0
0
0
0
0
0
0
0
0
0
0
0
0
0
0
0
0
0
0
0
0
0
0
0
0
0
0
0
0
0
0
0
0
0
0
0
0
0
0
0
0
0
0
0
0
0
0
0
0
0
0
0
0
0
0
0
0
0
0
0
0
0
0
0
0
0
0
0
0
0
0
0
0
0
0
0
0
0
0
0
0
0
0
0
0
0
0
0
0
0
0
0
0
0
0
0
0
0
0
0
0
0
0
0
0
0
0
0
0
0
0
0
0
0
0
0
0
0
0
0
0
0
0
0
0
0
0
0
0
0
0
0
0
0
0
0
0
0
0
0
0
0
0
0
0
0
0
0
0
0
0
0
0
0
0
0
0
0
0
0
0
0
0
0
0
0
0
0
0
0
0
0
0
0
0
0
0
0
0
0
0
0
0
0
0
0
0
0
0
0
0
0
0
0
0
0
0
0
0
0
0
0
0
0
0
0
0
0
0
0
0
0
0
0
0
0
0
0
0
0
0
0
0
0
0
0
0
0
0
0
0
0
0
0
0
0
0
0
0
0
0
0
0
0
0
0
0
0
0
0
0
0
0
0
0
0
0
0
0
0
0
0
0
0
0
0
0
0
0
0
0
0
0
0
0
0
0
0
0
0
0
0
0
0
0
0
0
0
0
0
0
0
0
0
0
0
0
0
0
0
0
0
0
0
0
0
0
0
0
0
0
0
0
0
0
0
0
0
0
0
0
0
0
0
0
0
0
0
0
0
0
0
0
0
0
0
0
0
0
0
0
0
0
0
0
0
0
0
0
0
0
0
0
0
0
0
0
0
0
0
0
0
0
0
0
0
0
0
0
0
0
0
0
0
0
0
0
0
0
0
0
0
0
0
0
0
0
0
0
0
0
0
0
0
0
0
0
0
0
0
0
0
0
0
0
0
0
0
0
0
0
0
0
0
0
0
0
0
0
0
0
0
0
0
0
0
0
0
0
0
0
0
0
0
0
0
0
0
0
0
0
0
0
0
0
0
0
0
0
0
0
0
0
0
0
0
0
0
0
0
0
0
0
0
0
0
0
0
0
0
0
0
0
0
0
0
0
0
0
0
0
0
0
0
0
0
0
0
0
0
0
0
0
0
0
0
0
0
0
0
0
0
0
0
0
0
0
0
0
0
0
0
0
0
0
0
0
0
0
0
0
0
0
0
0
0
0
0
0
0
0
0
0
0
0
0
0
0
0
0
0
0
0
0
0
0
0
0
0
0
0
0
0
0
0
0
0
0
0
0
0
0
0
0
0
0
0
0
0
0
0
0
0
0
0
0
0
0
0
0
0
0
0
0
0
0
0
0
0
0
0
0
0
0
0
0
0
0
0
0
0
0
0
0
0
0
0
0
0
0
0
0
0
0
0
0
0
0
0
0
0
0
0
0
0
0
0
0
0
0
0
0
0
0
0
0
0
0
0
0
0
0
0
0
0
0
0
0
0
0
0
0
0
0
0
0
0
0
0
0
0
0
0
0
0
0
0
0
0
0
0
0
0
0
0
0
0
0
0
0
0
0
0
0
0
0
0
0
0
0
0
0
0
0
0
0
0
0
0
0
0
0
0
0
0
0
0
0
0
0
0
0
0
0
0
0
0
0
0
0
0
0
0
0
0
0
0
0
0
0
0
0
0
0
0
0
0
0
0
0
0
0
0
0
0
0
0
0
0
0
0
0
0
0
0
0
0
0
0
0
0
0
0
0
0
0
0
0
0
0
0
0
0
0
0
0
0
0
0
0
0
0
0
0
0
0
0
0
0
0
0
0
0
0
0
0
0
0
0
0
0
0
0
0
0
0
0
0
0
0
0
0
0
0
0
0
0
0
0
0
0
0
0
0
0
0
0
0
0
0
0
0
0
0
0
0
0
0
0
0
0
0
0
0
0
0
0
0
0
0
0
0
0
0
0
0
0
0
0
0
0
0
0
0
0
0
0
0
0
0
0
0
0
0
0
0
0
0
0
0
0
0
0
0
0
0
0
0
0
0
0
0
0
0
0
0
0
0
0
0
0
0
0
0
0
0
0
0
0
0
0
0
0
0
0
0
0
0
0
0
0
0
0
0
0
0
0
0
0
0
0
0
0
0
0
0
0
0
0
0
0
0
0
0
0
0
0
0
0
0
0
0
0
0
0
0
0
0
0
0
0
0
0
0
0
0
0
0
0
0
0
0
0
0
0
0
0
0
0
0
0
0
0
0
0
0
0
0
0
0
0
0
0
0
0
0
0
0
0
0
0
0
0
0
0
0
0
0
0
0
0
0
0
0
0
0
0
0
0
0
0
0
0
0
0
0
0
0
0
0
0
0
0
0
0
0
0
0
0
0
0
0
0
0
0
0
0
0
0
0
0
0
0
0
0
0
0
0
0
0
0
0
0
0
0
0
0
0
0
0
0
0
0
0
0
0
0
0
0
0
0
0
0
0
0
0
0
0
0
0
0
0
0
0
0
0
0
0
0
0
0
0
0
0
0
0
0
0
0
0
0
0
0
0
0
0
0
0
0
0
0
0
0
0
0
0
0
0
0
0
0
0
0
0
0
0
0
0
0
0
0
0
0
0
0
0
0
0
0
0
0
0
0
0
0
0
0
0
0
0
0
0
0
0
0
0
0
0
0
0
0
0
0
0
0
0
0
0
0
0
0
0
0
0
0
0
0
0
0
0
0
0
0
0
0
0
0
0
0
0
0
0
0
0
0
0
0
0
0
0
0
0
0
0
0
0
0
0
0
0
0
0
0
0
0
0
0
0
0
0
0
0
0
0
0
0
0
0
0
0
0
0
0
0
0
0
0
0
0
0
0
0
0
0
0
0
0
0
0
0
0
0
0
0
0
0
0
0
0
0
0
0
0
0
0
0
0
0
0
0
0
0
0
0
0
0
0
0
0
0
0
0
0
0
0
0
0
0
0
0
0
0
0
0
0
0
0
0
0
0
0
0
0
0
0
0
0
0
0
0
0
0
0
0
0
0
0
0
0
0
0
0
0
0
0
0
0
0
0
0
0
0
0
0
0
0
0
0
0
0
0
0
0
0
0
0
0
0
0
0
0
0
0
0
0
0
0
0
0
0
0
0
0
0
0
0
0
0
0
0
0
0
0
0
0
0
0
0
0
0
0
0
0
0
0
0
0
0
0
0
0
0
0
0
0
0
0
0
0
0
0
0
0
0
0
0
0
0
0
0
0
0
0
0
0
0
0
0
0
0
0
0
0
0
0
0
0
0
0
0
0
0
0
0
0
0
0
0
0
0
0
0
0
0
0
0
0
0
0
0
0
0
0
0
0
0
0
0
0
0
0
0
0
0
0
0
0
0
0
0
0
0
0
0
0
0
0
0
0
0
0
0
0
0
0
0
0
0
0
0
0
0
0
0
0
0
0
0
0
0
0
0
0
0
0
0
0
0
0
0
0
0
0
0
0
0
0
0
0
0
0
0
0
0
0
0
0
0
0
0
0
0
0
0
0
0
0
0
0
0
0
0
0
0
0
0
0
0
0
0
0
0
0
0
0
0
0
0
0
0
0
0
0
0
0
0
0
0
0
0
0
0
0
0
0
0
0
0
0
0
0
0
0
0
0
0
0
0
0
0
0
0
0
0
0
0
0
0
0
0
0
0
0
0
0
0
0
0
0
0
0
0
0
0
0
0
0
0
0
0
0
0
0
0
0
0
0
0
0
0
0
0
0
0
0
0
0
0
0
0
0
0
0
0
0
0
0
0
0
0
0
0
0
0
0
0
0
0
0
0
0
0
0
0
0
0
0
0
0
0
0
0
0
0
0
0
0
0
0
0
0
0
0
0
0
0
0
0
0
0
0
0
0
0
0
0
0
0
0
0
0
0
0
0
0
0
0
0
0
0
0
0
0
0
0
0
0
0
0
0
0
0
0
0
0
0
0
0
0
0
0
0
0
0
0
0
0
0
0
0
0
0
0
0
0
0
0
0
0
0
0
0
0
0
0
0
0
0
0
0
0
0
0
0
0
0
0
0
0
0
0
0
0
0
0
0
0
0
0
0
0
0
0
0
0
0
0
0
0
0
0
0
0
0
0
0
0
0
0
0
0
0
0
0
0
0
0
0
0
0
0
0
0
0
0
0
0
0
0
0
0
0
0
0
0
0
0
0
0
0
0
0
0
0
0
0
0
0
0
0
0
0
0
0
0
0
0
0
0
0
0
0
0
0
0
0
0
0
0
0
0
0
0
0
0
0
0
0
0
0
0
0
0
0
0
0
0
0
0
0
0
0
0
0
0
0
0
0
0
0
0
0
0
0
0
0
0
0
0
0
0
0
0
0
0
0
0
0
0
0
0
0
0
0
0
0
0
0
0
0
0
0
0
0
0
0
0
0
0
0
0
0
0
0
0
0
0
0
0
0
0
0
0
0
0
0
0
0
0
0
0
0
0
0
0
0
0
0
0
0
0
0
0
0
0
0
0
0
0
0
0
0
0
0
0
0
0
0
0
0
0
0
0
0
0
0
0
0
0
0
0
0
0
0
0
0
0
0
0
0
0
0
0
0
0
0
0
0
0
0
0
0
0
0
0
0
0
0
0
0
0
0
0
0
0
0
0
0
0
0
0
0
0
0
0
0
0
0
0
0
0
0
0
0
0
0
0
0
0
0
0
0
0
0
0
0
0
0
0
0
0
0
0
0
0
0
0
0
0
0
0
0
0
0
0
0
0
0
0
0
0
0
0
0
0
0
0
0
0
0
0
0
0
0
0
0
0
0
0
0
0
0
0
0
0
0
0
0
0
0
0
0
0
0
0
0
0
0
0
0
0
0
0
0
0
0
0
0
0
0
0
0
0
0
0
0
0
0
0
0
0
0
0
0
0
0
0
0
0
0
0
0
0
0
0
0
0
0
0
0
0
0
0
0
0
0
0
0
0
0
0
0
0
0
0
0
0
0
0
0
0
0
0
0
0
0
0
0
0
0
0
0
0
0
0
0
0
0
0
0
0
0
0
0
0
0
0
0
0
0
0
0
0
0
0
0
0
0
0
0
0
0
0
0
0
0
0
0
0
0
0
0
0
0
0
0
0
0
0
0
0
0
0
0
0
0
0
0
0
0
0
0
0
0
0
0
0
0
0
0
0
0
0
0
0
0
0
0
0
0
0
0
0
0
0
0
0
0
0
0
0
0
0
0
0
0
0
0
0
0
0
0
0
0
0
0
0
0
0
0
0
0
0
0
0
0
0
0
0
0
0
0
0
0
0
0
0
0
0
0
0
0
0
0
0
0
0
0
0
0
0
0
0
0
0
0
0
0
0
0
0
0
0
0
0
0
0
0
0
0
0
0
0
0
0
0
0
0
0
0
0
0
0
0
0
0
0
0
0
0
0
0
0
0
0
0
0
0
0
0
0
0
0
0
0
0
0
0
0
0
0
0
0
0
0
0
0
0
0
0
0
0
0
0
0
0
0
0
0
0
0
0
0
0
0
0
0
0
0
0
0
0
0
0
0
0
0
0
0
0
0
0
0
0
0
0
0
0
0
0
0
0
0
0
0
0
0
0
0
0
0
0
0
0
0
0
0
0
0
0
0
0
0
0
0
0
0
0
0
0
0
0
0
0
0
0
0
0
0
0
0
0
0
0
0
0
0
0
0
0
0
0
0
0
0
0
0
0
0
0
0
0
0
0
0
0
0
0
0
0
0
0
0
0
0
0
0
0
0
0
0
0
0
0
0
0
0
0
0
0
0
0
0
0
0
0
0
0
0
0
0
0
0
0
0
0
0
0
0
0
0
0
0
0
0
0
0
0
0
0
0
0
0
0
0
0
0
0
0
0
0
0
0
0
0
0
0
0
0
0
0
0
0
0
0
0
0
0
0
0
0
0
0
0
0
0
0
0
0
0
0
0
0
0
0
0
0
0
0
0
0
0
0
0
0
0
0
0
0
0
0
0
0
0
0
0
0
0
0
0
0
0
0
0
0
0
0
0
0
0
0
0
0
0
0
0
0
0
0
0
0
0
0
0
0
0
0
0
0
0
0
0
0
0
0
0
0
0
0
0
0
0
0
0
0
0
0
0
0
0
0
0
0
0
0
0
0
0
0
0
0
0
0
0
0
0
0
0
0
0
0
0
0
0
0
0
0
0
0
0
0
0
0
0
0
0
0
0
0
0
0
0
0
0
0
0
0
0
0
0
0
0
0
0
0
0
0
0
0
0
0
0
0
0
0
0
0
0
0
0
0
0
0
0
0
0
0
0
0
0
0
0
0
0
0
0
0
0
0
0
0
0
0
0
0
0
0
0
0
0
0
0
0
0
0
0
0
0
0
0
0
0
0
0
0
0
0
0
0
0
0
0
0
0
0
0
0
0
0
0
0
0
0
0
0
0
0
0
0
0
0
0
0
0
0
0
0
0
0
0
0
0
0
0
0
0
0
0
0
0
0
0
0
0
0
0
0
0
0
0
0
0
0
0
0
0
0
0
0
0
0
0
0
0
0
0
0
0
0
0
0
0
0
0
0
0
0
0
0
0
0
0
0
0
0
0
0
0
0
0
0
0
0
0
0
0
0
0
0
0
0
0
0
0
0
0
0
0
0
0
0
0
0
0
0
0
0
0
0
0
0
0
0
0
0
0
0
0
0
0
0
0
0
0
0
0
0
0
0
0
0
0
0
0
0
0
0
0
0
0
0
0
0
0
0
0
0
0
0
0
0
0
0
0
0
0
0
0
0
0
0
0
0
0
0
0
0
0
0
0
0
0
0
0
0
0
0
0
0
0
0
0
0
0
0
0
0
0
0
0
0
0
0
0
0
0
0
0
0
0
0
0
0
0
0
0
0
0
0
0
0
0
0
0
0
0
0
0
0
0
0
0
0
0
0
0
0
0
0
0
0
0
0
0
0
0
0
0
0
0
0
0
0
0
0
0
0
0
0
0
0
0
0
0
0
0
0
0
0
0
0
0
0
0
0
0
0
0
0
0
0
0
0
0
0
0
0
0
0
0
0
0
0
0
0
0
0
0
0
0
0
0
0
0
0
0
0
0
0
0
0
0
0
0
0
0
0
0
0
0
0
0
0
0
0
0
0
0
0
0
0
0
0
0
0
0
0
0
0
0
0
0
0
0
0
0
0
0
0
0
0
0
0
0
0
0
0
0
0
0
0
0
0
0
0
0
0
0
0
0
0
0
0
0
0
0
0
0
0
0
0
0
0
0
0
0
0
0
0
0
0
0
0
0
0
0
0
0
0
0
0
0
0
0
0
0
0
0
0
0
0
0
0
0
0
0
0
0
0
0
0
0
0
0
0
0
0
0
0
0
0
0
0
0
0
0
0
0
0
0
0
0
0
0
0
0
0
0
0
0
0
0
0
0
0
0
0
0
0
0
0
0
0
0
0
0
0
0
0
0
0
0
0
0
0
0
0
0
0
0
0
0
0
0
0
0
0
0
0
0
0
0
0
0
0
0
0
0
0
0
0
0
0
0
0
0
0
0
0
0
0
0
0
0
0
0
0
0
0
0
0
0
0
0
0
0
0
0
0
0
0
0
0
0
0
0
0
0
0
0
0
0
0
0
0
0
0
0
0
0
0
0
0
0
0
0
0
0
0
0
0
0
0
0
0
0
0
0
0
0
0
0
0
0
0
0
0
0
0
0
0
0
0
0
0
0
0
0
0
0
0
0
0
0
0
0
0
0
0
0
0
0
0
0
0
0
0
0
0
0
0
0
0
0
0
0
0
0
0
0
0
0
0
0
0
0
0
0
0
0
0
0
0
0
0
0
0
0
0
0
0
0
0
0
0
0
0
0
0
0
0
0
0
0
0
0
0
0
0
0
0
0
0
0
0
0
0
0
0
0
0
0
0
0
0
0
0
0
0
0
0
0
0
0
0
0
0
0
0
0
0
0
0
0
0
0
0
0
0
0
0
0
0
0
0
0
0
0
0
0
0
0
0
0
0
0
0
0
0
0
0
0
0
0
0
0
0
0
0
0
0
0
0
0
0
0
0
0
0
0
0
0
0
0
0
0
0
0
0
0
0
0
0
0
0
0
0
0
0
0
0
0
0
0
0
0
0
0
0
0
0
0
0
0
0
0
0
0
0
0
0
0
0
0
0
0
0
0
0
0
0
0
0
0
0
0
0
0
0
0
0
0
0
0
0
0
0
0
0
0
0
0
0
0
0
0
0
0
0
0
0
0
0
0
0
0
0
0
0
0
0
0
0
0
0
0
0
0
0
0
0
0
0
0
0
0
0
0
0
0
0
0
0
0
0
0
0
0
0
0
0
0
0
0
0
0
0
0
0
0
0
0
0
0
0
0
0
0
0
0
0
0
0
0
0
0
0
0
0
0
0
0
0
0
0
0
0
0
0
0
0
0
0
0
0
0
0
0
0
0
0
0
0
0
0
0
0
0
0
0
0
0
0
0
0
0
0
0
0
0
0
0
0
0
0
0
0
0
0
0
0
0
0
0
0
0
0
0
0
0
0
0
0
0
0
0
0
0
0
0
0
0
0
0
0
0
0
0
0
0
0
0
0
0
0
0
0
0
0
0
0
0
0
0
0
0
0
0
0
0
0
0
0
0
0
0
0
0
0
0
0
0
0
0
0
0
0
0
0
0
0
0
0
0
0
0
0
0
0
0
0
0
0
0
0
0
0
0
0
0
0
0
0
0
0
0
0
0
0
0
0
0
0
0
0
0
0
0
0
0
0
0
0
0
0
0
0
0
0
0
0
0
0
0
0
0
0
0
0
0
0
0
0
0
0
0
0
0
0
0
0
0
0
0
0
0
0
0
0
0
0
0
0
0
0
0
0
0
0
0
0
0
0
0
0
0
0
0
0
0
0
0
0
0
0
0
0
0
0
0
0
0
0
0
0
0
0
0
0
0
0
0
0
0
0
0
0
0
0
0
0
0
0
0
0
0
0
0
0
0
0
0
0
0
0
0
0
0
0
0
0
0
0
0
0
0
0
0
0
0
0
0
0
0
0
0
0
0
0
0
0
0
0
0
0
0
0
0
0
0
0
0
0
0
0
0
0
0
0
0
0
0
0
0
0
0
0
0
0
0
0
0
0
0
0
0
0
0
0
0
0
0
0
0
0
0
0
0
0
0
0
0
0
0
0
0
0
0
0
0
0
0
0
0
0
0
0
0
0
0
0
0
0
0
0
0
0
0
0
0
0
0
0
0
0
0
0
0
0
0
0
0
0
0
0
0
0
0
0
0
0
0
0
0
0
0
0
0
0
0
0
0
0
0
0
0
0
0
0
0
0
0
0
0
0
0
0
0
0
0
0
0
0
0
0
0
0
0
0
0
0
0
0
0
0
0
0
0
0
0
0
0
0
0
0
0
0
0
0
0
0
0
0
0
0
0
0
0
0
0
0
0
0
0
0
0
0
0
0
0
0
0
0
0
0
0
0
0
0
0
0
0
0
0
0
0
0
0
0
0
0
0
0
0
0
0
0
0
0
0
0
0
0
0
0
0
0
0
0
0
0
0
0
0
0
0
0
0
0
0
0
0
0
0
0
0
0
0
0
0
0
0
0
0
0
0
0
0
0
0
0
0
0
0
0
0
0
0
0
0
0
0
0
0
0
0
0
0
0
0
0
0
0
0
0
0
0
0
0
0
0
0
0
0
0
0
0
0
0
0
0
0
0
0
0
0
0
0
0
0
0
0
0
0
0
0
0
0
0
0
0
0
0
0
0
0
0
0
0
0
0
0
0
0
0
0
0
0
0
0
0
0
0
0
0
0
0
0
0
0
0
0
0
0
0
0
0
0
0
0
0
0
0
0
0
0
0
0
0
0
0
0
0
0
0
0
0
0
0
0
0
0
0
0
0
0
0
0
0
0
0
0
0
0
0
0
0
0
0
0
0
0
0
0
0
0
0
0
0
0
0
0
0
0
0
0
0
0
0
0
0
0
0
0
0
0
0
0
0
0
0
0
0
0
0
0
0
0
0
0
0
0
0
0
0
0
0
0
0
0
0
0
0
0
0
0
0
0
0
0
0
0
0
0
0
0
0
0
0
0
0
0
0
0
0
0
0
0
0
0
0
0
0
0
0
0
0
0
0
0
0
0
0
0
0
0
0
0
0
0
0
0
0
0
0
0
0
0
0
0
0
0
0
0
0
0
0
0
0
0
0
0
0
0
0
0
0
0
0
0
0
0
0
0
0
0
0
0
0
0
0
0
0
0
0
0
0
0
0
0
0
0
0
0
0
0
0
0
0
0
0
0
0
0
0
0
0
0
0
0
0
0
0
0
0
0
0
0
0
0
0
0
0
0
0
0
0
0
0
0
0
0
0
0
0
0
0
0
0
0
0
0
0
0
0
0
0
0
0
0
0
0
0
0
0
0
0
0
0
0
0
0
0
0
0
0
0
0
0
0
0
0
0
0
0
0
0
0
0
0
0
0
0
0
0
0
0
0
0
0
0
0
0
0
0
0
0
0
0
0
0
0
0
0
0
0
0
0
0
0
0
0
0
0
0
0
0
0
0
0
0
0
0
0
0
0
0
0
0
0
0
0
0
0
0
0
0
0
0
0
0
0
0
0
0
0
0
0
0
0
0
0
0
0
0
0
0
0
0
0
0
0
0
0
0
0
0
0
0
0
0
0
0
0
0
0
0
0
0
0
0
0
0
0
0
0
0
0
0
0
0
0
0
0
0
0
0
0
0
0
0
0
0
0
0
0
0
0
0
0
0
0
0
0
0
0
0
0
0
0
0
0
0
0
0
0
0
0
0
0
0
0
0
0
0
0
0
0
0
0
0
0
0
0
0
0
0
0
0
0
0
0
0
0
0
0
0
0
0
0
0
0
0
0
0
0
0
0
0
0
0
0
0
0
0
0
0
0
0
0
0
0
0
0
0
0
0
0
0
0
0
0
0
0
0
0
0
0
0
0
0
0
0
0
0
0
0
0
0
0
0
0
0
0
0
0
0
0
0
0
0
0
0
0
0
0
0
0
0
0
0
0
0
0
0
0
0
0
0
0
0
0
0
0
0
0
0
0
0
0
0
0
0
0
0
0
0
0
0
0
0
0
0
0
0
0
0
0
0
0
0
0
0
0
0
0
0
0
0
0
0
0
0
0
0
0
0
0
0
0
0
0
0
0
0
0
0
0
0
0
0
0
0
0
0
0
0
0
0
0
0
0
0
0
0
0
0
0
0
0
0
0
0
0
0
0
0
0
0
0
0
0
0
0
0
0
0
0
0
0
0
0
0
0
0
0
0
0
0
0
0
0
0
0
0
0
0
0
0
0
0
0
0
0
0
0
0
0
0
0
0
0
0
0
0
0
0
0
0
0
0
0
0
0
0
0
0
0
0
0
0
0
0
0
0
0
0
0
0
0
0
0
0
0
0
0
0
0
0
0
0
0
0
0
0
0
0
0
0
0
0
0
0
0
0
0
0
0
0
0
0
0
0
0
0
0
0
0
0
0
0
0
0
0
0
0
0
0
0
0
0
0
0
0
0
0
0
0
0
0
0
0
0
0
0
0
0
0
0
0
0
0
0
0
0
0
0
0
0
0
0
0
0
0
0
0
0
0
0
0
0
0
0
0
0
0
0
0
0
0
0
0
0
0
0
0
0
0
0
0
0
0
0
0
0
0
0
0
0
0
0
0
0
0
0
0
0
0
0
0
0
0
0
0
0
0
0
0
0
0
0
0
0
0
0
0
0
0
0
0
0
0
0
0
0
0
0
0
0
0
0
0
0
0
0
0
0
0
0
0
0
0
0
0
0
0
0
0
0
0
0
0
0
0
0
0
0
0
0
0
0
0
0
0
0
0
0
0
0
0
0
0
0
0
0
0
0
0
0
0
0
0
0
0
0
0
0
0
0
0
0
0
0
0
0
0
0
0
0
0
0
0
0
0
0
0
0
0
0
0
0
0
0
0
0
0
0
0
0
0
0
0
0
0
0
0
0
0
0
0
0
0
0
0
0
0
0
0
0
0
0
0
0
0
0
0
0
0
0
0
0
0
0
0
0
0
0
0
0
0
0
0
0
0
0
0
0
0
0
0
0
0
0
0
0
0
0
0
0
0
0
0
0
0
0
0
0
0
0
0
0
0
0
0
0
0
0
0
0
0
0
0
0
0
0
0
0
0
0
0
0
0
0
0
0
0
0
0
0
0
0
0
0
0
0
0
0
0
0
0
0
0
0
0
0
0
0
0
0
0
0
0
0
0
0
0
0
0
0
0
0
0
0
0
0
0
0
0
0
0
0
0
0
0
0
0
0
0
0
0
0
0
0
0
0
0
0
0
0
0
0
0
0
0
0
0
0
0
0
0
0
0
0
0
0
0
0
0
0
0
0
0
0
0
0
0
0
0
0
0
0
0
0
0
0
0
0
0
0
0
0
0
0
0
0
0
0
0
0
0
0
0
0
0
0
0
0
0
0
0
0
0
0
0
0
0
0
0
0
0
0
0
0
0
0
0
0
0
0
0
0
0
0
0
0
0
0
0
0
0
0
0
0
0
0
0
0
0
0
0
0
0
0
0
0
0
0
0
0
0
0
0
0
0
0
0
0
0
0
0
0
0
0
0
0
0
0
0
0
0
0
0
0
0
0
0
0
0
0
0
0
0
0
0
0
0
0
0
0
0
0
0
0
0
0
0
0
0
0
0
0
0
0
0
0
0
0
0
0
0
0
0
0
0
0
0
0
0
0
0
0
0
0
0
0
0
0
0
0
0
0
0
0
0
0
0
0
0
0
0
0
0
0
0
0
0
0
0
0
0
0
0
0
0
0
0
0
0
0
0
0
0
0
0
0
0
0
0
0
0
0
0
0
0
0
0
0
0
0
0
0
0
0
0
0
0
0
0
0
0
0
0
0
0
0
0
0
0
0
0
0
0
0
0
0
0
0
0
0
0
0
0
0
0
0
0
0
0
0
0
0
0
0
0
0
0
0
0
0
0
0
0
0
0
0
0
0
0
0
0
0
0
0
0
0
0
0
0
0
0
0
0
0
0
0
0
0
0
0
0
0
0
0
0
0
0
0
0
0
0
0
0
0
0
0
0
0
0
0
0
0
0
0
0
0
0
0
0
0
0
0
0
0
0
0
0
0
0
0
0
0
0
0
0
0
0
0
0
0
0
0
0
0
0
0
0
0
0
0
0
0
0
0
0
0
0
0
0
0
0
0
0
0
0
0
0
0
0
0
0
0
0
0
0
0
0
0
0
0
0
0
0
0
0
0
0
0
0
0
0
0
0
0
0
0
0
0
0
0
0
0
0
0
0
0
0
0
0
0
0
0
0
0
0
0
0
0
0
0
0
0
0
0
0
0
0
0
0
0
0
0
0
0
0
0
0
0
0
0
0
0
0
0
0
0
0
0
0
0
0
0
0
0
0
0
0
0
0
0
0
0
0
0
0
0
0
0
0
0
0
0
0
0
0
0
0
0
0
0
0
0
0
0
0
0
0
0
0
0
0
0
0
0
0
0
0
0
0
0
0
0
0
0
0
0
0
0
0
0
0
0
0
0
0
0
0
0
0
0
0
0
0
0
0
0
0
0
0
0
0
0
0
0
0
0
0
0
0
0
0
0
0
0
0
0
0
0
0
0
0
0
0
0
0
0
0
0
0
0
0
0
0
0
0
0
0
0
0
0
0
0
0
0
0
0
0
0
0
0
0
0
0
0
0
0
0
0
0
0
0
0
0
0
0
0
0
0
0
0
0
0
0
0
0
0
0
0
0
0
0
0
0
0
0
0
0
0
0
0
0
0
0
0
0
0
0
0
0
0
0
0
0
0
0
0
0
0
0
0
0
0
0
0
0
0
0
0
0
0
0
0
0
0
0
0
0
0
0
0
0
0
0
0
0
0
0
0
0
0
0
0
0
0
0
0
0
0
0
0
0
0
0
0
0
0
0
0
0
0
0
0
0
0
0
0
0
0
0
0
0
0
0
0
0
0
0
0
0
0
0
0
0
0
0
0
0
0
0
0
0
0
0
0
0
0
0
0
0
0
0
0
0
0
0
0
0
0
0
0
0
0
0
0
0
0
0
0
0
0
0
0
0
0
0
0
0
0
0
0
0
0
0
0
0
0
0
0
0
0
0
0
0
0
0
0
0
0
0
0
0
0
0
0
0
0
0
0
0
0
0
0
0
0
0
0
0
0
0
0
0
0
0
0
0
0
0
0
0
0
0
0
0
0
0
0
0
0
0
0
0
0
0
0
0
0
0
0
0
0
0
0
0
0
0
0
0
0
0
0
0
0
0
0
0
0
0
0
0
0
0
0
0
0
0
0
0
0
0
0
0
0
0
0
0
0
0
0
0
0
0
0
0
0
0
0
0
0
0
0
0
0
0
0
0
0
0
0
0
0
0
0
0
0
0
0
0
0
0
0
0
0
0
0
0
0
0
0
0
0
0
0
0
0
0
0
0
0
0
0
0
0
0
0
0
0
0
0
0
0
0
0
0
0
0
0
0
0
0
0
0
0
0
0
0
0
0
0
0
0
0
0
0
0
0
0
0
0
0
0
0
0
0
0
0
0
0
0
0
0
0
0
0
0
0
0
0
0
0
0
0
0
0
0
0
0
0
0
0
0
0
0
0
0
0
0
0
0
0
0
0
0
0
0
0
0
0
0
0
0
0
0
0
0
0
0
0
0
0
0
0
0
0
0
0
0
0
0
0
0
0
0
0
0
0
0
0
0
0
0
0
0
0
0
0
0
0
0
0
0
0
0
0
0
0
0
0
0
0
0
0
0
0
0
0
0
0
0
0
0
0
0
0
0
0
0
0
0
0
0
0
0
0
0
0
0
0
0
0
0
0
0
0
0
0
0
0
0
0
0
0
0
0
0
0
0
0
0
0
0
0
0
0
0
0
0
0
0
0
0
0
0
0
0
0
0
0
0
0
0
0
0
0
0
0
0
0
0
0
0
0
0
0
0
0
0
0
0
0
0
0
0
0
0
0
0
0
0
0
0
0
0
0
0
0
0
0
0
0
0
0
0
0
0
0
0
0
0
0
0
0
0
0
0
0
0
0
0
0
0
0
0
0
0
0
0
0
0
0
0
0
0
0
0
0
0
0
0
0
0
0
0
0
0
0
0
0
0
0
0
0
0
0
0
0
0
0
0
0
0
0
0
0
0
0
0
0
0
0
0
0
0
0
0
0
0
0
0
0
0
0
0
0
0
0
0
0
0
0
0
0
0
0
0
0
0
0
0
0
0
0
0
0
0
0
0
0
0
0
0
0
0
0
0
0
0
0
0
0
0
0
0
0
0
0
0
0
0
0
0
0
0
0
0
0
0
0
0
0
0
0
0
0
0
0
0
0
0
0
0
0
0
0
0
0
0
0
0
0
0
0
0
0
0
0
0
0
0
0
0
0
0
0
0
0
0
0
0
0
0
0
0
0
0
0
0
0
0
0
0
0
0
0
0
0
0
0
0
0
0
0
0
0
0
0
0
0
0
0
0
0
0
0
0
0
0
0
0
0
0
0
0
0
0
0
0
0
0
0
0
0
0
0
0
0
0
0
0
0
0
0
0
0
0
0
0
0
0
0
0
0
0
0
0
0
0
0
0
0
0
0
0
0
0
0
0
0
0
0
0
0
0
0
0
0
0
0
0
0
0
0
0
0
0
0
0
0
0
0
0
0
0
0
0
0
0
0
0
0
0
0
0
0
0
0
0
0
0
0
0
0
0
0
0
0
0
0
0
0
0
0
0
0
0
0
0
0
0
0
0
0
0
0
0
0
0
0
0
0
0
0
0
0
0
0
0
0
0
0
0
0
0
0
0
0
0
0
0
0
0
0
0
0
0
0
0
0
0
0
0
0
0
0
0
0
0
0
0
0
0
0
0
0
0
0
0
0
0
0
0
0
0
0
0
0
0
0
0
0
0
0
0
0
0
0
0
0
0
0
0
0
0
0
0
0
0
0
0
0
0
0
0
0
0
0
0
0
0
0
0
0
0
0
0
0
0
0
0
0
0
0
0
0
0
0
0
0
0
0
0
0
0
0
0
0
0
0
0
0
0
0
0
0
0
0
0
0
0
0
0
0
0
0
0
0
0
0
0
0
0
0
0
0
0
0
0
0
0
0
0
0
0
0
0
0
0
0
0
0
0
0
0
0
0
0
0
0
0
0
0
0
0
0
0
0
0
0
0
0
0
0
0
0
0
0
0
0
0
0
0
0
0
0
0
0
0
0
0
0
0
0
0
0
0
0
0
0
0
0
0
0
0
0
0
0
0
0
0
0
0
0
0
0
0
0
0
0
0
0
0
0
0
0
0
0
0
0
0
0
0
0
0
0
0
0
0
0
0
0
0
0
0
0
0
0
0
0
0
0
0
0
0
0
0
0
0
0
0
0
0
0
0
0
0
0
0
0
0
0
0
0
0
0
0
0
0
0
0
0
0
0
0
0
0
0
0
0
0
0
0
0
0
0
0
0
0
0
0
0
0
0
0
0
0
0
0
0
0
0
0
0
0
0
0
0
0
0
0
0
0
0
0
0
0
0
0
0
0
0
0
0
0
0
0
0
0
0
0
0
0
0
0
0
0
0
0
0
0
0
0
0
0
0
0
0
0
0
0
0
0
0
0
0
0
0
0
0
0
0
0
0
0
0
0
0
0
0
0
0
0
0
0
0
0
0
0
0
0
0
0
0
0
0
0
0
0
0
0
0
0
0
0
0
0
0
0
0
0
0
0
0
0
0
0
0
0
0
0
0
0
0
0
0
0
0
0
0
0
0
0
0
0
0
0
0
0
0
0
0
0
0
0
0
0
0
0
0
0
0
0
0
0
0
0
0
0
0
0
0
0
0
0
0
0
0
0
0
0
0
0
0
0
0
0
0
0
0
0
0
0
0
0
0
0
0
0
0
0
0
0
0
0
0
0
0
0
0
0
0
0
0
0
0
0
0
0
0
0
0
0
0
0
0
0
0
0
0
0
0
0
0
0
0
0
0
0
0
0
0
0
0
0
0
0
0
0
0
0
0
0
0
0
0
0
0
0
0
0
0
0
0
0
0
0
0
0
0
0
0
0
0
0
0
0
0
0
0
0
0
0
0
0
0
0
0
0
0
0
0
0
0
0
0
0
0
0
0
0
0
0
0
0
0
0
0
0
0
0
0
0
0
0
0
0
0
0
0
0
0
0
0
0
0
0
0
0
0
0
0
0
0
0
0
0
0
0
0
0
0
0
0
0
0
0
0
0
0
0
0
0
0
0
0
0
0
0
0
0
0
0
0
0
0
0
0
0
0
0
0
0
0
0
0
0
0
0
0
0
0
0
0
0
0
0
0
0
0
0
0
0
0
0
0
0
0
0
0
0
0
0
0
0
0
0
0
0
0
0
0
0
0
0
0
0
0
0
0
0
0
0
0
0
0
0
0
0
0
0
0
0
0
0
0
0
0
0
0
0
0
0
0
0
0
0
0
0
0
0
0
0
0
0
0
0
0
0
0
0
0
0
0
0
0
0
0
0
0
0
0
0
0
0
0
0
0
0
0
0
0
0
0
0
0
0
0
0
0
0
0
0
0
0
0
0
0
0
0
0
0
0
0
0
0
0
0
0
0
0
0
0
0
0
0
0
0
0
0
0
0
0
0
0
0
0
0
0
0
0
0
0
0
0
0
0
0
0
0
0
0
0
0
0
0
0
0
0
0
0
0
0
0
0
0
0
0
0
0
0
0
0
0
0
0
0
0
0
0
0
0
0
0
0
0
0
0
0
0
0
0
0
0
0
0
0
0
0
0
0
0
0
0
0
0
0
0
0
0
0
0
0
0
0
0
0
0
0
0
0
0
0
0
0
0
0
0
0
0
0
0
0
0
0
0
0
0
0
0
0
0
0
0
0
0
0
0
0
0
0
0
0
0
0
0
0
0
0
0
0
0
0
0
0
0
0
0
0
0
0
0
0
0
0
0
0
0
0
0
0
0
0
0
0
0
0
0
0
0
0
0
0
0
0
0
0
0
0
0
0
0
0
0
0
0
0
0
0
0
0
0
0
0
0
0
0
0
0
0
0
0
0
0
0
0
0
0
0
0
0
0
0
0
0
0
0
0
0
0
0
0
0
0
0
0
0
0
0
0
0
0
0
0
0
0
0
0
0
0
0
0
0
0
0
0
0
0
0
0
0
0
0
0
0
0
0
0
0
0
0
0
0
0
0
0
0
0
0
0
0
0
0
0
0
0
0
0
0
0
0
0
0
0
0
0
0
0
0
0
0
0
0
0
0
0
0
0
0
0
0
0
0
0
0
0
0
0
0
0
0
0
0
0
0
0
0
0
0
0
0
0
0
0
0
0
0
0
0
0
0
0
0
0
0
0
0
0
0
0
0
0
0
0
0
0
0
0
0
0
0
0
0
0
0
0
0
0
0
0
0
0
0
0
0
0
0
0
0
0
0
0
0
0
0
0
0
0
0
0
0
0
0
0
0
0
0
0
0
0
0
0
0
0
0
0
0
0
0
0
0
0
0
0
0
0
0
0
0
0
0
0
0
0
0
0
0
0
0
0
0
0
0
0
0
0
0
0
0
0
0
0
0
0
0
0
0
0
0
0
0
0
0
0
0
0
0
0
0
0
0
0
0
0
0
0
0
0
0
0
0
0
0
0
0
0
0
0
0
0
0
0
0
0
0
0
0
0
0
0
0
0
0
0
0
0
0
0
0
0
0
0
0
0
0
0
0
0
0
0
0
0
0
0
0
0
0
0
0
0
0
0
0
0
0
0
0
0
0
0
0
0
0
0
0
0
0
0
0
0
0
0
0
0
0
0
0
0
0
0
0
0
0
0
0
0
0
0
0
0
0
0
0
0
0
0
0
0
0
0
0
0
0
0
0
0
0
0
0
0
0
0
0
0
0
0
0
0
0
0
0
0
0
0
0
0
0
0
0
0
0
0
0
0
0
0
0
0
0
0
0
0
0
0
0
0
0
0
0
0
0
0
0
0
0
0
0
0
0
0
0
0
0
0
0
0
0
0
0
0
0
0
0
0
0
0
0
0
0
0
0
0
0
0
0
0
0
0
0
0
0
0
0
0
0
0
0
0
0
0
0
0
0
0
0
0
0
0
0
0
0
0
0
0
0
0
0
0
0
0
0
0
0
0
0
0
0
0
0
0
0
0
0
0
0
0
0
0
0
0
0
0
0
0
0
0
0
0
0
0
0
0
0
0
0
0
0
0
0
0
0
0
0
0
0
0
0
0
0
0
0
0
0
0
0
0
0
0
0
0
0
0
0
0
0
0
0
0
0
0
0
0
0
0
0
0
0
0
0
0
0
0
0
0
0
0
0
0
0
0
0
0
0
0
0
0
0
0
0
0
0
0
0
0
0
0
0
0
0
0
0
0
0
0
0
0
0
0
0
0
0
0
0
0
0
0
0
0
0
0
0
0
0
0
0
0
0
0
0
0
0
0
0
0
0
0
0
0
0
0
0
0
0
0
0
0
0
0
0
0
0
0
0
0
0
0
0
0
0
0
0
0
0
0
0
0
0
0
0
0
0
0
0
0
0
0
0
0
0
0
0
0
0
0
0
0
0
0
0
0
0
0
0
0
0
0
0
0
0
0
0
0
0
0
0
0
0
0
0
0
0
0
0
0
0
0
0
0
0
0
0
0
0
0
0
0
0
0
0
0
0
0
0
0
0
0
0
0
0
0
0
0
0
0
0
0
0
0
0
0
0
0
0
0
0
0
0
0
0
0
0
0
0
0
0
0
0
0
0
0
0
0
0
0
0
0
0
0
0
0
0
0
0
0
0
0
0
0
0
0
0
0
0
0
0
0
0
0
0
0
0
0
0
0
0
0
0
0
0
0
0
0
0
0
0
0
0
0
0
0
0
0
0
0
0
0
0
0
0
0
0
0
0
0
0
0
0
0
0
0
0
0
0
0
0
0
0
0
0
0
0
0
0
0
0
0
0
0
0
0
0
0
0
0
0
0
0
0
0
0
0
0
0
0
0
0
0
0
0
0
0
0
0
0
0
0
0
0
0
0
0
0
0
0
0
0
0
0
0
0
0
0
0
0
0
0
0
0
0
0
0
0
0
0
0
0
0
0
0
0
0
0
0
0
0
0
0
0
0
0
0
0
0
0
0
0
0
0
0
0
0
0
0
0
0
0
0
0
0
0
0
0
0
0
0
0
0
0
0
0
0
0
0
0
0
0
0
0
0
0
0
0
0
0
0
0
0
0
0
0
0
0
0
0
0
0
0
0
0
0
0
0
0
0
0
0
0
0
0
0
0
0
0
0
0
0
0
0
0
0
0
0
0
0
0
0
0
0
0
0
0
0
0
0
0
0
0
0
0
0
0
0
0
0
0
0
0
0
0
0
0
0
0
0
0
0
0
0
0
0
0
0
0
0
0
0
0
0
0
0
0
0
0
0
0
0
0
0
0
0
0
0
0
0
0
0
0
0
0
0
0
0
0
0
0
0
0
0
0
0
0
0
0
0
0
0
0
0
0
0
0
0
0
0
0
0
0
0
0
0
0
0
0
0
0
0
0
0
0
0
0
0
0
0
0
0
0
0
0
0
0
0
0
0
0
0
0
0
0
0
0
0
0
0
0
0
0
0
0
0
0
0
0
0
0
0
0
0
0
0
0
0
0
0
0
0
0
0
0
0
0
0
0
0
0
0
0
0
0
0
0
0
0
0
0
0
0
0
0
0
0
0
0
0
0
0
0
0
0
0
0
0
0
0
0
0
0
0
0
0
0
0
0
0
0
0
0
0
0
0
0
0
0
0
0
0
0
0
0
0
0
0
0
0
0
0
0
0
0
0
0
0
0
0
0
0
0
0
0
0
0
0
0
0
0
0
0
0
0
0
0
0
0
0
0
0
0
0
0
0
0
0
0
0
0
0
0
0
0
0
0
0
0
0
0
0
0
0
0
0
0
0
0
0
0
0
0
0
0
0
0
0
0
0
0
0
0
0
0
0
0
0
0
0
0
0
0
0
0
0
0
0
0
0
0
0
0
0
0
0
0
0
0
0
0
0
0
0
0
0
0
0
0
0
0
0
0
0
0
0
0
0
0
0
0
0
0
0
0
0
0
0
0
0
0
0
0
0
0
0
0
0
0
0
0
0
0
0
0
0
0
0
0
0
0
0
0
0
0
0
0
0
0
0
0
0
0
0
0
0
0
0
0
0
0
0
0
0
0
0
0
0
0
0
0
0
0
0
0
0
0
0
0
0
0
0
0
0
0
0
0
0
0
0
0
0
0
0
0
0
0
0
0
0
0
0
0
0
0
0
0
0
0
0
0
0
0
0
0
0
0
0
0
0
0
0
0
0
0
0
0
0
0
0
0
0
0
0
0
0
0
0
0
0
0
0
0
0
0
0
0
0
0
0
0
0
0
0
0
0
0
0
0
0
0
0
0
0
0
0
0
0
0
0
0
0
0
0
0
0
0
0
0
0
0
0
0
0
0
0
0
0
0
0
0
0
0
0
0
0
0
0
0
0
0
0
0
0
0
0
0
0
0
0
0
0
0
0
0
0
0
0
0
0
0
0
0
0
0
0
0
0
0
0
0
0
0
0
0
0
0
0
0
0
0
0
0
0
0
0
0
0
0
0
0
0
0
0
0
0
0
0
0
0
0
0
0
0
0
0
0
0
0
0
0
0
0
0
0
0
0
0
0
0
0
0
0
0
0
0
0
0
0
0
0
0
0
0
0
0
0
0
0
0
0
0
0
0
0
0
0
0
0
0
0
0
0
0
0
0
0
0
0
0
0
0
0
0
0
0
0
0
0
0
0
0
0
0
0
0
0
0
0
0
0
0
0
0
0
0
0
0
0
0
0
0
0
0
0
0
0
0
0
0
0
0
0
0
0
0
0
0
0
0
0
0
0
0
0
0
0
0
0
0
0
0
0
0
0
0
0
0
0
0
0
0
0
0
0
0
0
0
0
0
0
0
0
0
0
0
0
0
0
0
0
0
0
0
0
0
0
0
0
0
0
0
0
0
0
0
0
0
0
0
0
0
0
0
0
0
0
0
0
0
0
0
0
0
0
0
0
0
0
0
0
0
0
0
0
0
0
0
0
0
0
0
0
0
0
0
0
0
0
0
0
0
0
0
0
0
0
0
0
0
0
0
0
0
0
0
0
0
0
0
0
0
0
0
0
0
0
0
0
0
0
0
0
0
0
0
0
0
0
0
0
0
0
0
0
0
0
0
0
0
0
0
0
0
0
0
0
0
0
0
0
0
0
0
0
0
0
0
0
0
0
0
0
0
0
0
0
0
0
0
0
0
0
0
0
0
0
0
0
0
0
0
0
0
0
0
0
0
0
0
0
0
0
0
0
0
0
0
0
0
0
0
0
0
0
0
0
0
0
0
0
0
0
0
0
0
0
0
0
0
0
0
0
0
0
0
0
0
0
0
0
0
0
0
0
0
0
0
0
0
0
0
0
0
0
0
0
0
0
0
0
0
0
0
0
0
0
0
0
0
0
0
0
0
0
0
0
0
0
0
0
0
0
0
0
0
0
0
0
0
0
0
0
0
0
0
0
0
0
0
0
0
0
0
0
0
0
0
0
0
0
0
0
0
0
0
0
0
0
0
0
0
0
0
0
0
0
0
0
0
0
0
0
0
0
0
0
0
0
0
0
0
0
0
0
0
0
0
0
0
0
0
0
0
0
0
0
0
0
0
0
0
0
0
0
0
0
0
0
0
0
0
0
0
0
0
0
0
0
0
0
0
0
0
0
0
0
0
0
0
0
0
0
0
0
0
0
0
0
0
0
0
0
0
0
0
0
0
0
0
0
0
0
0
0
0
0
0
0
0
0
0
0
0
0
0
0
0
0
0
0
0
0
0
0
0
0
0
0
0
0
0
0
0
0
0
0
0
0
0
0
0
0
0
0
0
0
0
0
0
0
0
0
0
0
0
0
0
0
0
0
0
0
0
0
0
0
0
0
0
0
0
0
0
0
0
0
0
0
0
0
0
0
0
0
0
0
0
0
0
0
0
0
0
0
0
0
0
0
0
0
0
0
0
0
0
0
0
0
0
0
0
0
0
0
0
0
0
0
0
0
0
0
0
0
0
0
0
0
0
0
0
0
0
0
0
0
0
0
0
0
0
0
0
0
0
0
0
0
0
0
0
0
0
0
0
0
0
0
0
0
0
0
0
0
0
0
0
0
0
0
0
0
0
0
0
0
0
0
0
0
0
0
0
0
0
0
0
0
0
0
0
0
0
0
0
0
0
0
0
0
0
0
0
0
0
0
0
0
0
0
0
0
0
0
0
0
0
0
0
0
0
0
0
0
0
0
0
0
0
0
0
0
0
0
0
0
0
0
0
0
0
0
0
0
0
0
0
0
0
0
0
0
0
0
0
0
0
0
0
0
0
0
0
0
0
0
0
0
0
0
0
0
0
0
0
0
0
0
0
0
0
0
0
0
0
0
0
0
0
0
0
0
0
0
0
0
0
0
0
0
0
0
0
0
0
0
0
0
0
0
0
0
0
0
0
0
0
0
0
0
0
0
0
0
0
0
0
0
0
0
0
0
0
0
0
0
0
0
0
0
0
0
0
0
0
0
0
0
0
0
0
0
0
0
0
0
0
0
0
0
0
0
0
0
0
0
0
0
0
0
0
0
0
0
0
0
0
0
0
0
0
0
0
0
0
0
0
0
0
0
0
0
0
0
0
0
0
0
0
0
0
0
0
0
0
0
0
0
0
0
0
0
0
0
0
0
0
0
0
0
0
0
0
0
0
0
0
0
0
0
0
0
0
0
0
0
0
0
0
0
0
0
0
0
0
0
0
0
0
0
0
0
0
0
0
0
0
0
0
0
0
0
0
0
0
0
0
0
0
0
0
0
0
0
0
0
0
0
0
0
0
0
0
0
0
0
0
0
0
0
0
0
0
0
0
0
0
0
0
0
0
0
0
0
0
0
0
0
0
0
0
0
0
0
0
0
0
0
0
0
0
0
0
0
0
0
0
0
0
0
0
0
0
0
0
0
0
0
0
0
0
0
0
0
0
0
0
0
0
0
0
0
0
0
0
0
0
0
0
0
0
0
0
0
0
0
0
0
0
0
0
0
0
0
0
0
0
0
0
0
0
0
0
0
0
0
0
0
0
0
0
0
0
0
0
0
0
0
0
0
0
0
0
0
0
0
0
0
0
0
0
0
0
0
0
0
0
0
0
0
0
0
0
0
0
0
0
0
0
0
0
0
0
0
0
0
0
0
0
0
0
0
0
0
0
0
0
0
0
0
0
0
0
0
0
0
0
0
0
0
0
0
0
0
0
0
0
0
0
0
0
0
0
0
0
0
0
0
0
0
0
0
0
0
0
0
0
0
0
0
0
0
0
0
0
0
0
0
0
0
0
0
0
0
0
0
0
0
0
0
0
0
0
0
0
0
0
0
0
0
0
0
0
0
0
0
0
0
0
0
0
0
0
0
0
0
0
0
0
0
0
0
0
0
0
0
0
0
0
0
0
0
0
0
0
0
0
0
0
0
0
0
0
0
0
0
0
0
0
0
0
0
0
0
0
0
0
0
0
0
0
0
0
0
0
0
0
0
0
0
0
0
0
0
0
0
0
0
0
0
0
0
0
0
0
0
0
0
0
0
0
0
0
0
0
0
0
0
0
0
0
0
0
0
0
0
0
0
0
0
0
0
0
0
0
0
0
0
0
0
0
0
0
0
0
0
0
0
0
0
0
0
0
0
0
0
0
0
0
0
0
0
0
0
0
0
0
0
0
0
0
0
0
0
0
0
0
0
0
0
0
0
0
0
0
0
0
0
0
0
0
0
0
0
0
0
0
0
0
0
0
0
0
0
0
0
0
0
0
0
0
0
0
0
0
0
0
0
0
0
0
0
0
0
0
0
0
0
0
0
0
0
0
0
0
0
0
0
0
0
0
0
0
0
0
0
0
0
0
0
0
0
0
0
0
0
0
0
0
0
0
0
0
0
0
0
0
0
0
0
0
0
0
0
0
0
0
0
0
0
0
0
0
0
0
0
0
0
0
0
0
0
0
0
0
0
0
0
0
0
0
0
0
0
0
0
0
0
0
0
0
0
0
0
0
0
0
0
0
0
0
0
0
0
0
0
0
0
0
0
0
0
0
0
0
0
0
0
0
0
0
0
0
0
0
0
0
0
0
0
0
0
0
0
0
0
0
0
0
0
0
0
0
0
0
0
0
0
0
0
0
0
0
0
0
0
0
0
0
0
0
0
0
0
0
0
0
0
0
0
0
0
0
0
0
0
0
0
0
0
0
0
0
0
0
0
0
0
0
0
0
0
0
0
0
0
0
0
0
0
0
0
0
0
0
0
0
0
0
0
0
0
0
0
0
0
0
0
0
0
0
0
0
0
0
0
0
0
0
0
0
0
0
0
0
0
0
0
0
0
0
0
0
0
0
0
0
0
0
0
0
0
0
0
0
0
0
0
0
0
0
0
0
0
0
0
0
0
0
0
0
0
0
0
0
0
0
0
0
0
0
0
0
0
0
0
0
0
0
0
0
0
0
0
0
0
0
0
0
0
0
0
0
0
0
0
0
0
0
0
0
0
0
0
0
0
0
0
0
0
0
0
0
0
0
0
0
0
0
0
0
0
0
0
0
0
0
0
0
0
0
0
0
0
0
0
0
0
0
0
0
0
0
0
0
0
0
0
0
0
0
0
0
0
0
0
0
0
0
0
0
0
0
0
0
0
0
0
0
0
0
0
0
0
0
0
0
0
0
0
0
0
0
0
0
0
0
0
0
0
0
0
0
0
0
0
0
0
0
0
0
0
0
0
0
0
0
0
0
0
0
0
0
0
0
0
0
0
0
0
0
0
0
0
0
0
0
0
0
0
0
0
0
0
0
0
0
0
0
0
0
0
0
0
0
0
0
0
0
0
0
0
0
0
0
0
0
0
0
0
0
0
0
0
0
0
0
0
0
0
0
0
0
0
0
0
0
0
0
0
0
0
0
0
0
0
0
0
0
0
0
0
0
0
0
0
0
0
0
0
0
0
0
0
0
0
0
0
0
0
0
0
0
0
0
0
0
0
0
0
0
0
0
0
0
0
0
0
0
0
0
0
0
0
0
0
0
0
0
0
0
0
0
0
0
0
0
0
0
0
0
0
0
0
0
0
0
0
0
0
0
0
0
0
0
0
0
0
0
0
0
0
0
0
0
0
0
0
0
0
0
0
0
0
0
0
0
0
0
0
0
0
0
0
0
0
0
0
0
0
0
0
0
0
0
0
0
0
0
0
0
0
0
0
0
0
0
0
0
0
0
0
0
0
0
0
0
0
0
0
0
0
0
0
0
0
0
0
0
0
0
0
0
0
0
0
0
0
0
0
0
0
0
0
0
0
0
0
0
0
0
0
0
0
0
0
0
0
0
0
0
0
0
0
0
0
0
0
0
0
0
0
0
0
0
0
0
0
0
0
0
0
0
0
0
0
0
0
0
0
0
0
0
0
0
0
0
0
0
0
0
0
0
0
0
0
0
0
0
0
0
0
0
0
0
0
0
0
0
0
0
0
0
0
0
0
0
0
0
0
0
0
0
0
0
0
0
0
0
0
0
0
0
0
0
0
0
0
0
0
0
0
0
0
0
0
0
0
0
0
0
0
0
0
0
0
0
0
0
0
0
0
0
0
0
0
0
0
0
0
0
0
0
0
0
0
0
0
0
0
0
0
0
0
0
0
0
0
0
0
0
0
0
0
0
0
0
0
0
0
0
0
0
0
0
0
0
0
0
0
0
0
0
0
0
0
0
0
0
0
0
0
0
0
0
0
0
0
0
0
0
0
0
0
0
0
0
0
0
0
0
0
0
0
0
0
0
0
0
0
0
0
0
0
0
0
0
0
0
0
0
0
0
0
0
0
0
0
0
0
0
0
0
0
0
0
0
0
0
0
0
0
0
0
0
0
0
0
0
0
0
0
0
0
0
0
0
0
0
0
0
0
0
0
0
0
0
0
0
0
0
0
0
0
0
0
0
0
0
0
0
0
0
0
0
0
0
0
0
0
0
0
0
0
0
0
0
0
0
0
0
0
0
0
0
0
0
0
0
0
0
0
0
0
0
0
0
0
0
0
0
0
0
0
0
0
0
0
0
0
0
0
0
0
0
0
0
0
0
0
0
0
0
0
0
0
0
0
0
0
0
0
0
0
0
0
0
0
0
0
0
0
0
0
0
0
0
0
0
0
0
0
0
0
0
0
0
0
0
0
0
0
0
0
0
0
0
0
0
0
0
0
0
0
0
0
0
0
0
0
0
0
0
0
0
0
0
0
0
0
0
0
0
0
0
0
0
0
0
0
0
0
0
0
0
0
0
0
0
0
0
0
0
0
0
0
0
0
0
0
0
0
0
0
0
0
0
0
0
0
0
0
0
0
0
0
0
0
0
0
0
0
0
0
0
0
0
0
0
0
0
0
0
0
0
0
0
0
0
0
0
0
0
0
0
0
0
0
0
0
0
0
0
0
0
0
0
0
0
0
0
0
0
0
0
0
0
0
0
0
0
0
0
0
0
0
0
0
0
0
0
0
0
0
0
0
0
0
0
0
0
0
0
0
0
0
0
0
0
0
0
0
0
0
0
0
0
0
0
0
0
0
0
0
0
0
0
0
0
0
0
0
0
0
0
0
0
0
0
0
0
0
0
0
0
0
0
0
0
0
0
0
0
0
0
0
0
0
0
0
0
0
0
0
0
0
0
0
0
0
0
0
0
0
0
0
0
0
0
0
0
0
0
0
0
0
0
0
0
0
0
0
0
0
0
0
0
0
0
0
0
0
0
0
0
0
0
0
0
0
0
0
0
0
0
0
0
0
0
0
0
0
0
0
0
0
0
0
0
0
0
0
0
0
0
0
0
0
0
0
0
0
0
0
0
0
0
0
0
0
0
0
0
0
0
0
0
0
0
0
0
0
0
0
0
0
0
0
0
0
0
0
0
0
0
0
0
0
0
0
0
0
0
0
0
0
0
0
0
0
0
0
0
0
0
0
0
0
0
0
0
0
0
0
0
0
0
0
0
0
0
0
0
0
0
0
0
0
0
0
0
0
0
0
0
0
0
0
0
0
0
0
0
0
0
0
0
0
0
0
0
0
0
0
0
0
0
0
0
0
0
0
0
0
0
0
0
0
0
0
0
0
0
0
0
0
0
0
0
0
0
0
0
0
0
0
0
0
0
0
0
0
0
0
0
0
0
0
0
0
0
0
0
0
0
0
0
0
0
0
0
0
0
0
0
0
0
0
0
0
0
0
0
0
0
0
0
0
0
0
0
0
0
0
0
0
0
0
0
0
0
0
0
0
0
0
0
0
0
0
0
0
0
0
0
0
0
0
0
0
0
0
0
0
0
0
0
0
0
0
0
0
0
0
0
0
0
0
0
0
0
0
0
0
0
0
0
0
0
0
0
0
0
0
0
0
0
0
0
0
0
0
0
0
0
0
0
0
0
0
0
0
0
0
0
0
0
0
0
0
0
0
0
0
0
0
0
0
0
0
0
0
0
0
0
0
0
0
0
0
0
0
0
0
0
0
0
0
0
0
0
0
0
0
0
0
0
0
0
0
0
0
0
0
0
0
0
0
0
0
0
0
0
0
0
0
0
0
0
0
0
0
0
0
0
0
0
0
0
0
0
0
0
0
0
0
0
0
0
0
0
0
0
0
0
0
0
0
0
0
0
0
0
0
0
0
0
0
0
0
0
0
0
0
0
0
0
0
0
0
0
0
0
0
0
0
0
0
0
0
0
0
0
0
0
0
0
0
0
0
0
0
0
0
0
0
0
0
0
0
0
0
0
0
0
0
0
0
0
0
0
0
0
0
0
0
0
0
0
0
0
0
0
0
0
0
0
0
0
0
0
0
0
0
0
0
0
0
0
0
0
0
0
0
0
0
0
0
0
0
0
0
0
0
0
0
0
0
0
0
0
0
0
0
0
0
0
0
0
0
0
0
0
0
0
0
0
0
0
0
0
0
0
0
0
0
0
0
0
0
0
0
0
0
0
0
0
0
0
0
0
0
0
0
0
0
0
0
0
0
0
0
0
0
0
0
0
0
0
0
0
0
0
0
0
0
0
0
0
0
0
0
0
0
0
0
0
0
0
0
0
0
0
0
0
0
0
0
0
0
0
0
0
0
0
0
0
0
0
0
0
0
0
0
0
0
0
0
0
0
0
0
0
0
0
0
0
0
0
0
0
0
0
0
0
0
0
0
0
0
0
0
0
0
0
0
0
0
0
0
0
0
0
0
0
0
0
0
0
0
0
0
0
0
0
0
0
0
0
0
0
0
0
0
0
0
0
0
0
0
0
0
0
0
0
0
0
0
0
0
0
0
0
0
0
0
0
0
0
0
0
0
0
0
0
0
0
0
0
0
0
0
0
0
0
0
0
0
0
0
0
0
0
0
0
0
0
0
0
0
0
0
0
0
0
0
0
0
0
0
0
0
0
0
0
0
0
0
0
0
0
0
0
0
0
0
0
0
0
0
0
0
0
0
0
0
0
0
0
0
0
0
0
0
0
0
0
0
0
0
0
0
0
0
0
0
0
0
0
0
0
0
0
0
0
0
0
0
0
0
0
0
0
0
0
0
0
0
0
0
0
0
0
0
0
0
0
0
0
0
0
0
0
0
0
0
0
0
0
0
0
0
0
0
0
0
0
0
0
0
0
0
0
0
0
0
0
0
0
0
0
0
0
0
0
0
0
0
0
0
0
0
0
0
0
0
0
0
0
0
0
0
0
0
0
0
0
0
0
0
0
0
0
0
0
0
0
0
0
0
0
0
0
0
0
0
0
0
0
0
0
0
0
0
0
0
0
0
0
0
0
0
0
0
0
0
0
0
0
0
0
0
0
0
0
0
0
0
0
0
0
0
0
0
0
0
0
0
0
0
0
0
0
0
0
0
0
0
0
0
0
0
0
0
0
0
0
0
0
0
0
0
0
0
0
0
0
0
0
0
0
0
0
0
0
0
0
0
0
0
0
0
0
0
0
0
0
0
0
0
0
0
0
0
0
0
0
0
0
0
0
0
0
0
0
0
0
0
0
0
0
0
0
0
0
0
0
0
0
0
0
0
0
0
0
0
0
0
0
0
0
0
0
0
0
0
0
0
0
0
0
0
0
0
0
0
0
0
0
0
0
0
0
0
0
0
0
0
0
0
0
0
0
0
0
0
0
0
0
0
0
0
0
0
0
0
0
0
0
0
0
0
0
0
0
0
0
0
0
0
0
0
0
0
0
0
0
0
0
0
0
0
0
0
0
0
0
0
0
0
0
0
0
0
0
0
0
0
0
0
0
0
0
0
0
0
0
0
0
0
0
0
0
0
0
0
0
0
0
0
0
0
0
0
0
0
0
0
0
0
0
0
0
0
0
0
0
0
0
0
0
0
0
0
0
0
0
0
0
0
0
0
0
0
0
0
0
0
0
0
0
0
0
0
0
0
0
0
0
0
0
0
0
0
0
0
0
0
0
0
0
0
0
0
0
0
0
0
0
0
0
0
0
0
0
0
0
0
0
0
0
0
0
0
0
0
0
0
0
0
0
0
0
0
0
0
0
0
0
0
0
0
0
0
0
0
0
0
0
0
0
0
0
0
0
0
0
0
0
0
0
0
0
0
0
0
0
0
0
0
0
0
0
0
0
0
0
0
0
0
0
0
0
0
0
0
0
0
0
0
0
0
0
0
0
0
0
0
0
0
0
0
0
0
0
0
0
0
0
0
0
0
0
0
0
0
0
0
0
0
0
0
0
0
0
0
0
0
0
0
0
0
0
0
0
0
0
0
0
0
0
0
0
0
0
0
0
0
0
0
0
0
0
0
0
0
0
0
0
0
0
0
0
0
0
0
0
0
0
0
0
0
0
0
0
0
0
0
0
0
0
0
0
0
0
0
0
0
0
0
0
0
0
0
0
0
0
0
0
0
0
0
0
0
0
0
0
0
0
0
0
0
0
0
0
0
0
0
0
0
0
0
0
0
0
0
0
0
0
0
0
0
0
0
0
0
0
0
0
0
0
0
0
0
0
0
0
0
0
0
0
0
0
0
0
0
0
0
0
0
0
0
0
0
0
0
0
0
0
0
0
0
0
0
0
0
0
0
0
0
0
0
0
0
0
0
0
0
0
0
0
0
0
0
0
0
0
0
0
0
0
0
0
0
0
0
0
0
0
0
0
0
0
0
0
0
0
0
0
0
0
0
0
0
0
0
0
0
0
0
0
0
0
0
0
0
0
0
0
0
0
0
0
0
0
0
0
0
0
0
0
0
0
0
0
0
0
0
0
0
0
0
0
0
0
0
0
0
0
0
0
0
0
0
0
0
0
0
0
0
0
0
0
0
0
0
0
0
0
0
0
0
0
0
0
0
0
0
0
0
0
0
0
0
0
0
0
0
0
0
0
0
0
0
0
0
0
0
0
0
0
0
0
0
0
0
0
0
0
0
0
0
0
0
0
0
0
0
0
0
0
0
0
0
0
0
0
0
0
0
0
0
0
0
0
0
0
0
0
0
0
0
0
0
0
0
0
0
0
0
0
0
0
0
0
0
0
0
0
0
0
0
0
0
0
0
0
0
0
0
0
0
0
0
0
0
0
0
0
0
0
0
0
0
0
0
0
0
0
0
0
0
0
0
0
0
0
0
0
0
0
0
0
0
0
0
0
0
0
0
0
0
0
0
0
0
0
0
0
0
0
0
0
0
0
0
0
0
0
0
0
0
0
0
0
0
0
0
0
0
0
0
0
0
0
0
0
0
0
0
0
0
0
0
0
0
0
0
0
0
0
0
0
0
0
0
0
0
0
0
0
0
0
0
0
0
0
0
0
0
0
0
0
0
0
0
0
0
0
0
0
0
0
0
0
0
0
0
0
0
0
0
0
0
0
0
0
0
0
0
0
0
0
0
0
0
0
0
0
0
0
0
0
0
0
0
0
0
0
0
0
0
0
0
0
0
0
0
0
0
0
0
0
0
0
0
0
0
0
0
0
0
0
0
0
0
0
0
0
0
0
0
0
0
0
0
0
0
0
0
0
0
0
0
0
0
0
0
0
0
0
0
0
0
0
0
0
0
0
0
0
0
0
0
0
0
0
0
0
0
0
0
0
0
0
0
0
0
0
0
0
0
0
0
0
0
0
0
0
0
0
0
0
0
0
0
0
0
0
0
0
0
0
0
0
0
0
0
0
0
0
0
0
0
0
0
0
0
0
0
0
0
0
0
0
0
0
0
0
0
0
0
0
0
0
0
0
0
0
0
0
0
0
0
0
0
0
0
0
0
0
0
0
0
0
0
0
0
0
0
0
0
0
0
0
0
0
0
0
0
0
0
0
0
0
0
0
0
0
0
0
0
0
0
0
0
0
0
0
0
0
0
0
0
0
0
0
0
0
0
0
0
0
0
0
0
0
0
0
0
0
0
0
0
0
0
0
0
0
0
0
0
0
0
0
0
0
0
0
0
0
0
0
0
0
0
0
0
0
0
0
0
0
0
0
0
0
0
0
0
0
0
0
0
0
0
0
0
0
0
0
0
0
0
0
0
0
0
0
0
0
0
0
0
0
0
0
0
0
0
0
0
0
0
0
0
0
0
0
0
0
0
0
0
0
0
0
0
0
0
0
0
0
0
0
0
0
0
0
0
0
0
0
0
0
0
0
0
0
0
0
0
0
0
0
0
0
0
0
0
0
0
0
0
0
0
0
0
0
0
0
0
0
0
0
0
0
0
0
0
0
0
0
0
0
0
0
0
0
0
0
0
0
0
0
0
0
0
0
0
0
0
0
0
0
0
0
0
0
0
0
0
0
0
0
0
0
0
0
0
0
0
0
0
0
0
0
0
0
0
0
0
0
0
0
0
0
0
0
0
0
0
0
0
0
0
0
0
0
0
0
0
0
0
0
0
0
0
0
0
0
0
0
0
0
0
0
0
0
0
0
0
0
0
0
0
0
0
0
0
0
0
0
0
0
0
0
0
0
0
0
0
0
0
0
0
0
0
0
0
0
0
0
0
0
0
0
0
0
0
0
0
0
0
0
0
0
0
0
0
0
0
0
0
0
0
0
0
0
0
0
0
0
0
0
0
0
0
0
0
0
0
0
0
0
0
0
0
0
0
0
0
0
0
0
0
0
0
0
0
0
0
0
0
0
0
0
0
0
0
0
0
0
0
0
0
0
0
0
0
0
0
0
0
0
0
0
0
0
0
0
0
0
0
0
0
0
0
0
0
0
0
0
0
0
0
0
0
0
0
0
0
0
0
0
0
0
0
0
0
0
0
0
0
0
0
0
0
0
0
0
0
0
0
0
0
0
0
0
0
0
0
0
0
0
0
0
0
0
0
0
0
0
0
0
0
0
0
0
0
0
0
0
0
0
0
0
0
0
0
0
0
0
0
0
0
0
0
0
0
0
0
0
0
0
0
0
0
0
0
0
0
0
0
0
0
0
0
0
0
0
0
0
0
0
0
0
0
0
0
0
0
0
0
0
0
0
0
0
0
0
0
0
0
0
0
0
0
0
0
0
0
0
0
0
0
0
0
0
0
0
0
0
0
0
0
0
0
0
0
0
0
0
0
0
0
0
0
0
0
0
0
0
0
0
0
0
0
0
0
0
0
0
0
0
0
0
0
0
0
0
0
0
0
0
0
0
0
0
0
0
0
0
0
0
0
0
0
0
0
0
0
0
0
0
0
0
0
0
0
0
0
0
0
0
0
0
0
0
0
0
0
0
0
0
0
0
0
0
0
0
0
0
0
0
0
0
0
0
0
0
0
0
0
0
0
0
0
0
0
0
0
0
0
0
0
0
0
0
0
0
0
0
0
0
0
0
0
0
0
0
0
0
0
0
0
0
0
0
0
0
0
0
0
0
0
0
0
0
0
0
0
0
0
0
0
0
0
0
0
0
0
0
0
0
0
0
0
0
0
0
0
0
0
0
0
0
0
0
0
0
0
0
0
0
0
0
0
0
0
0
0
0
0
0
0
0
0
0
0
0
0
0
0
0
0
0
0
0
0
0
0
0
0
0
0
0
0
0
0
0
0
0
0
0
0
0
0
0
0
0
0
0
0
0
0
0
0
0
0
0
0
0
0
0
0
0
0
0
0
0
0
0
0
0
0
0
0
0
0
0
0
0
0
0
0
0
0
0
0
0
0
0
0
0
0
0
0
0
0
0
0
0
0
0
0
0
0
0
0
0
0
0
0
0
0
0
0
0
0
0
0
0
0
0
0
0
0
0
0
0
0
0
0
0
0
0
0
0
0
0
0
0
0
0
0
0
0
0
0
0
0
0
0
0
0
0
0
0
0
0
0
0
0
0
0
0
0
0
0
0
0
0
0
0
0
0
0
0
0
0
0
0
0
0
0
0
0
0
0
0
0
0
0
0
0
0
0
0
0
0
0
0
0
0
0
0
0
0
0
0
0
0
0
0
0
0
0
0
0
0
0
0
0
0
0
0
0
0
0
0
0
0
0
0
0
0
0
0
0
0
0
0
0
0
0
0
0
0
0
0
0
0
0
0
0
0
0
0
0
0
0
0
0
0
0
0
0
0
0
0
0
0
0
0
0
0
0
0
0
0
0
0
0
0
0
0
0
0
0
0
0
0
0
0
0
0
0
0
0
0
0
0
0
0
0
0
0
0
0
0
0
0
0
0
0
0
0
0
0
0
0
0
0
0
0
0
0
0
0
0
0
0
0
0
0
0
0
0
0
0
0
0
0
0
0
0
0
0
0
0
0
0
0
0
0
0
0
0
0
0
0
0
0
0
0
0
0
0
0
0
0
0
0
0
0
0
0
0
0
0
0
0
0
0
0
0
0
0
0
0
0
0
0
0
0
0
0
0
0
0
0
0
0
0
0
0
0
0
0
0
0
0
0
0
0
0
0
0
0
0
0
0
0
0
0
0
0
0
0
0
0
0
0
0
0
0
0
0
0
0
0
0
0
0
0
0
0
0
0
0
0
0
0
0
0
0
0
0
0
0
0
0
0
0
0
0
0
0
0
0
0
0
0
0
0
0
0
0
0
0
0
0
0
0
0
0
0
0
0
0
0
0
0
0
0
0
0
0
0
0
0
0
0
0
0
0
0
0
0
0
0
0
0
0
0
0
0
0
0
0
0
0
0
0
0
0
0
0
0
0
0
0
0
0
0
0
0
0
0
0
0
0
0
0
0
0
0
0
0
0
0
0
0
0
0
0
0
0
0
0
0
0
0
0
0
0
0
0
0
0
0
0
0
0
0
0
0
0
0
0
0
0
0
0
0
0
0
0
0
0
0
0
0
0
0
0
0
0
0
0
0
0
0
0
0
0
0
0
0
0
0
0
0
0
0
0
0
0
0
0
0
0
0
0
0
0
0
0
0
0
0
0
0
0
0
0
0
0
0
0
0
0
0
0
0
0
0
0
0
0
0
0
0
0
0
0
0
0
0
0
0
0
0
0
0
0
0
0
0
0
0
0
0
0
0
0
0
0
0
0
0
0
0
0
0
0
0
0
0
0
0
0
0
0
0
0
0
0
0
0
0
0
0
0
0
0
0
0
0
0
0
0
0
0
0
0
0
0
0
0
0
0
0
0
0
0
0
0
0
0
0
0
0
0
0
0
0
0
0
0
0
0
0
0
0
0
0
0
0
0
0
0
0
0
0
0
0
0
0
0
0
0
0
0
0
0
0
0
0
0
0
0
0
0
0
0
0
0
0
0
0
0
0
0
0
0
0
0
0
0
0
0
0
0
0
0
0
0
0
0
0
0
0
0
0
0
0
0
0
0
0
0
0
0
0
0
0
0
0
0
0
0
0
0
0
0
0
0
0
0
0
0
0
0
0
0
0
0
0
0
0
0
0
0
0
0
0
0
0
0
0
0
0
0
0
0
0
0
0
0
0
0
0
0
0
0
0
0
0
0
0
0
0
0
0
0
0
0
0
0
0
0
0
0
0
0
0
0
0
0
0
0
0
0
0
0
0
0
0
0
0
0
0
0
0
0
0
0
0
0
0
0
0
0
0
0
0
0
0
0
0
0
0
0
0
0
0
0
0
0
0
0
0
0
0
0
0
0
0
0
0
0
0
0
0
0
0
0
0
0
0
0
0
0
0
0
0
0
0
0
0
0
0
0
0
0
0
0
0
0
0
0
0
0
0
0
0
0
0
0
0
0
0
0
0
0
0
0
0
0
0
0
0
0
0
0
0
0
0
0
0
0
0
0
0
0
0
0
0
0
0
0
0
0
0
0
0
0
0
0
0
0
0
0
0
0
0
0
0
0
0
0
0
0
0
0
0
0
0
0
0
0
0
0
0
0
0
0
0
0
0
0
0
0
0
0
0
0
0
0
0
0
0
0
0
0
0
0
0
0
0
0
0
0
0
0
0
0
0
0
0
0
0
0
0
0
0
0
0
0
0
0
0
0
0
0
0
0
0
0
0
0
0
0
0
0
0
0
0
0
0
0
0
0
0
0
0
0
0
0
0
0
0
0
0
0
0
0
0
0
0
0
0
0
0
0
0
0
0
0
0
0
0
0
0
0
0
0
0
0
0
0
0
0
0
0
0
0
0
0
0
0
0
0
0
0
0
0
0
0
0
0
0
0
0
0
0
0
0
0
0
0
0
0
0
0
0
0
0
0
0
0
0
0
0
0
0
0
0
0
0
0
0
0
0
0
0
0
0
0
0
0
0
0
0
0
0
0
0
0
0
0
0
0
0
0
0
0
0
0
0
0
0
0
0
0
0
0
0
0
0
0
0
0
0
0
0
0
0
0
0
0
0
0
0
0
0
0
0
0
0
0
0
0
0
0
0
0
0
0
0
0
0
0
0
0
0
0
0
0
0
0
0
0
0
0
0
0
0
0
0
0
0
0
0
0
0
0
0
0
0
0
0
0
0
0
0
0
0
0
0
0
0
0
0
0
0
0
0
0
0
0
0
0
0
0
0
0
0
0
0
0
0
0
0
0
0
0
0
0
0
0
0
0
0
0
0
0
0
0
0
0
0
0
0
0
0
0
0
0
0
0
0
0
0
0
0
0
0
0
0
0
0
0
0
0
0
0
0
0
0
0
0
0
0
0
0
0
0
0
0
0
0
0
0
0
0
0
0
0
0
0
0
0
0
0
0
0
0
0
0
0
0
0
0
0
0
0
0
0
0
0
0
0
0
0
0
0
0
0
0
0
0
0
0
0
0
0
0
0
0
0
0
0
0
0
0
0
0
0
0
0
0
0
0
0
0
0
0
0
0
0
0
0
0
0
0
0
0
0
0
0
0
0
0
0
0
0
0
0
0
0
0
0
0
0
0
0
0
0
0
0
0
0
0
0
0
0
0
0
0
0
0
0
0
0
0
0
0
0
0
0
0
0
0
0
0
0
0
0
0
0
0
0
0
0
0
0
0
0
0
0
0
0
0
0
0
0
0
0
0
0
0
0
0
0
0
0
0
0
0
0
0
0
0
0
0
0
0
0
0
0
0
0
0
0
0
0
0
0
0
0
0
0
0
0
0
0
0
0
0
0
0
0
0
0
0
0
0
0
0
0
0
0
0
0
0
0
0
0
0
0
0
0
0
0
0
0
0
0
0
0
0
0
0
0
0
0
0
0
0
0
0
0
0
0
0
0
0
0
0
0
0
0
0
0
0
0
0
0
0
0
0
0
0
0
0
0
0
0
0
0
0
0
0
0
0
0
0
0
0
0
0
0
0
0
0
0
0
0
0
0
0
0
0
0
0
0
0
0
0
0
0
0
0
0
0
0
0
0
0
0
0
0
0
0
0
0
0
0
0
0
0
0
0
0
0
0
0
0
0
0
0
0
0
0
0
0
0
0
0
0
0
0
0
0
0
0
0
0
0
0
0
0
0
0
0
0
0
0
0
0
0
0
0
0
0
0
0
0
0
0
0
0
0
0
0
0
0
0
0
0
0
0
0
0
0
0
0
0
0
0
0
0
0
0
0
0
0
0
0
0
0
0
0
0
0
0
0
0
0
0
0
0
0
0
0
0
0
0
0
0
0
0
0
0
0
0
0
0
0
0
0
0
0
0
0
0
0
0
0
0
0
0
0
0
0
0
0
0
0
0
0
0
0
0
0
0
0
0
0
0
0
0
0
0
0
0
0
0
0
0
0
0
0
0
0
0
0
0
0
0
0
0
0
0
0
0
0
0
0
0
0
0
0
0
0
0
0
0
0
0
0
0
0
0
0
0
0
0
0
0
0
0
0
0
0
0
0
0
0
0
0
0
0
0
0
0
0
0
0
0
0
0
0
0
0
0
0
0
0
0
0
0
0
0
0
0
0
0
0
0
0
0
0
0
0
0
0
0
0
0
0
0
0
0
0
0
0
0
0
0
0
0
0
0
0
0
0
0
0
0
0
0
0
0
0
0
0
0
0
0
0
0
0
0
0
0
0
0
0
0
0
0
0
0
0
0
0
0
0
0
0
0
0
0
0
0
0
0
0
0
0
0
0
0
0
0
0
0
0
0
0
0
0
0
0
0
0
0
0
0
0
0
0
0
0
0
0
0
0
0
0
0
0
0
0
0
0
0
0
0
0
0
0
0
0
0
0
0
0
0
0
0
0
0
0
0
0
0
0
0
0
0
0
0
0
0
0
0
0
0
0
0
0
0
0
0
0
0
0
0
0
0
0
0
0
0
0
0
0
0
0
0
0
0
0
0
0
0
0
0
0
0
0
0
0
0
0
0
0
0
0
0
0
0
0
0
0
0
0
0
0
0
0
0
0
0
0
0
0
0
0
0
0
0
0
0
0
0
0
0
0
0
0
0
0
0
0
0
0
0
0
0
0
0
0
0
0
0
0
0
0
0
0
0
0
0
0
0
0
0
0
0
0
0
0
0
0
0
0
0
0
0
0
0
0
0
0
0
0
0
0
0
0
0
0
0
0
0
0
0
0
0
0
0
0
0
0
0
0
0
0
0
0
0
0
0
0
0
0
0
0
0
0
0
0
0
0
0
0
0
0
0
0
0
0
0
0
0
0
0
0
0
0
0
0
0
0
0
0
0
0
0
0
0
0
0
0
0
0
0
0
0
0
0
0
0
0
0
0
0
0
0
0
0
0
0
0
0
0
0
0
0
0
0
0
0
0
0
0
0
0
0
0
0
0
0
0
0
0
0
0
0
0
0
0
0
0
0
0
0
0
0
0
0
0
0
0
0
0
0
0
0
0
0
0
0
0
0
0
0
0
0
0
0
0
0
0
0
0
0
0
0
0
0
0
0
0
0
0
0
0
0
0
0
0
0
0
0
0
0
0
0
0
0
0
0
0
0
0
0
0
0
0
0
0
0
0
0
0
0
0
0
0
0
0
0
0
0
0
0
0
0
0
0
0
0
0
0
0
0
0
0
0
0
0
0
0
0
0
0
0
0
0
0
0
0
0
0
0
0
0
0
0
0
0
0
0
0
0
0
0
0
0
0
0
0
0
0
0
0
0
0
0
0
0
0
0
0
0
0
0
0
0
0
0
0
0
0
0
0
0
0
0
0
0
0
0
0
0
0
0
0
0
0
0
0
0
0
0
0
0
0
0
0
0
0
0
0
0
0
0
0
0
0
0
0
0
0
0
0
0
0
0
0
0
0
0
0
0
0
0
0
0
0
0
0
0
0
0
0
0
0
0
0
0
0
0
0
0
0
0
0
0
0
0
0
0
0
0
0
0
0
0
0
0
0
0
0
0
0
0
0
0
0
0
0
0
0
0
0
0
0
0
0
0
0
0
0
0
0
0
0
0
0
0
0
0
0
0
0
0
0
0
0
0
0
0
0
0
0
0
0
0
0
0
0
0
0
0
0
0
0
0
0
0
0
0
0
0
0
0
0
0
0
0
0
0
0
0
0
0
0
0
0
0
0
0
0
0
0
0
0
0
0
0
0
0
0
0
0
0
0
0
0
0
0
0
0
0
0
0
0
0
0
0
0
0
0
0
0
0
0
0
0
0
0
0
0
0
0
0
0
0
0
0
0
0
0
0
0
0
0
0
0
0
0
0
0
0
0
0
0
0
0
0
0
0
0
0
0
0
0
0
0
0
0
0
0
0
0
0
0
0
0
0
0
0
0
0
0
0
0
0
0
0
0
0
0
0
0
0
0
0
0
0
0
0
0
0
0
0
0
0
0
0
0
0
0
0
0
0
0
0
0
0
0
0
0
0
0
0
0
0
0
0
0
0
0
0
0
0
0
0
0
0
0
0
0
0
0
0
0
0
0
0
0
0
0
0
0
0
0
0
0
0
0
0
0
0
0
0
0
0
0
0
0
0
0
0
0
0
0
0
0
0
0
0
0
0
0
0
0
0
0
0
0
0
0
0
0
0
0
0
0
0
0
0
0
0
0
0
0
0
0
0
0
0
0
0
0
0
0
0
0
0
0
0
0
0
0
0
0
0
0
0
0
0
0
0
0
0
0
0
0
0
0
0
0
0
0
0
0
0
0
0
0
0
0
0
0
0
0
0
0
0
0
0
0
0
0
0
0
0
0
0
0
0
0
0
0
0
0
0
0
0
0
0
0
0
0
0
0
0
0
0
0
0
0
0
0
0
0
0
0
0
0
0
0
0
0
0
0
0
0
0
0
0
0
0
0
0
0
0
0
0
0
0
0
0
0
0
0
0
0
0
0
0
0
0
0
0
0
0
0
0
0
0
0
0
0
0
0
0
0
0
0
0
0
0
0
0
0
0
0
0
0
0
0
0
0
0
0
0
0
0
0
0
0
0
0
0
0
0
0
0
0
0
0
0
0
0
0
0
0
0
0
0
0
0
0
0
0
0
0
0
0
0
0
0
0
0
0
0
0
0
0
0
0
0
0
0
0
0
0
0
0
0
0
0
0
0
0
0
0
0
0
0
0
0
0
0
0
0
0
0
0
0
0
0
0
0
0
0
0
0
0
0
0
0
0
0
0
0
0
0
0
0
0
0
0
0
0
0
0
0
0
0
0
0
0
0
0
0
0
0
0
0
0
0
0
0
0
0
0
0
0
0
0
0
0
0
0
0
0
0
0
0
0
0
0
0
0
0
0
0
0
0
0
0
0
0
0
0
0
0
0
0
0
0
0
0
0
0
0
0
0
0
0
0
0
0
0
0
0
0
0
0
0
0
0
0
0
0
0
0
0
0
0
0
0
0
0
0
0
0
0
0
0
0
0
0
0
0
0
0
0
0
0
0
0
0
0
0
0
0
0
0
0
0
0
0
0
0
0
0
0
0
0
0
0
0
0
0
0
0
0
0
0
0
0
0
0
0
0
0
0
0
0
0
0
0
0
0
0
0
0
0
0
0
0
0
0
0
0
0
0
0
0
0
0
0
0
0
0
0
0
0
0
0
0
0
0
0
0
0
0
0
0
0
0
0
0
0
0
0
0
0
0
0
0
0
0
0
0
0
0
0
0
0
0
0
0
0
0
0
0
0
0
0
0
0
0
0
0
0
0
0
0
0
0
0
0
0
0
0
0
0
0
0
0
0
0
0
0
0
0
0
0
0
0
0
0
0
0
0
0
0
0
0
0
0
0
0
0
0
0
0
0
0
0
0
0
0
0
0
0
0
0
0
0
0
0
0
0
0
0
0
0
0
0
0
0
0
0
0
0
0
0
0
0
0
0
0
0
0
0
0
0
0
0
0
0
0
0
0
0
0
0
0
0
0
0
0
0
0
0
0
0
0
0
0
0
0
0
0
0
0
0
0
0
0
0
0
0
0
0
0
0
0
0
0
0
0
0
0
0
0
0
0
0
0
0
0
0
0
0
0
0
0
0
0
0
0
0
0
0
0
0
0
0
0
0
0
0
0
0
0
0
0
0
0
0
0
0
0
0
0
0
0
0
0
0
0
0
0
0
0
0
0
0
0
0
0
0
0
0
0
0
0
0
0
0
0
0
0
0
0
0
0
0
0
0
0
0
0
0
0
0
0
0
0
0
0
0
0
0
0
0
0
0
0
0
0
0
0
0
0
0
0
0
0
0
0
0
0
0
0
0
0
0
0
0
0
0
0
0
0
0
0
0
0
0
0
0
0
0
0
0
0
0
0
0
0
0
0
0
0
0
0
0
0
0
0
0
0
0
0
0
0
0
0
0
0
0
0
0
0
0
0
0
0
0
0
0
0
0
0
0
0
0
0
0
0
0
0
0
0
0
0
0
0
0
0
0
0
0
0
0
0
0
0
0
0
0
0
0
0
0
0
0
0
0
0
0
0
0
0
0
0
0
0
0
0
0
0
0
0
0
0
0
0
0
0
0
0
0
0
0
0
0
0
0
0
0
0
0
0
0
0
0
0
0
0
0
0
0
0
0
0
0
0
0
0
0
0
0
0
0
0
0
0
0
0
0
0
0
0
0
0
0
0
0
0
0
0
0
0
0
0
0
0
0
0
0
0
0
0
0
0
0
0
0
0
0
0
0
0
0
0
0
0
0
0
0
0
0
0
0
0
0
0
0
0
0
0
0
0
0
0
0
0
0
0
0
0
0
0
0
0
0
0
0
0
0
0
0
0
0
0
0
0
0
0
0
0
0
0
0
0
0
0
0
0
0
0
0
0
0
0
0
0
0
0
0
0
0
0
0
0
0
0
0
0
0
0
0
0
0
0
0
0
0
0
0
0
0
0
0
0
0
0
0
0
0
0
0
0
0
0
0
0
0
0
0
0
0
0
0
0
0
0
0
0
0
0
0
0
0
0
0
0
0
0
0
0
0
0
0
0
0
0
0
0
0
0
0
0
0
0
0
0
0
0
0
0
0
0
0
0
0
0
0
0
0
0
0
0
0
0
0
0
0
0
0
0
0
0
0
0
0
0
0
0
0
0
0
0
0
0
0
0
0
0
0
0
0
0
0
0
0
0
0
0
0
0
0
0
0
0
0
0
0
0
0
0
0
0
0
0
0
0
0
0
0
0
0
0
0
0
0
0
0
0
0
0
0
0
0
0
0
0
0
0
0
0
0
0
0
0
0
0
0
0
0
0
0
0
0
0
0
0
0
0
0
0
0
0
0
0
0
0
0
0
0
0
0
0
0
0
0
0
0
0
0
0
0
0
0
0
0
0
0
0
0
0
0
0
0
0
0
0
0
0
0
0
0
0
0
0
0
0
0
0
0
0
0
0
0
0
0
0
0
0
0
0
0
0
0
0
0
0
0
0
0
0
0
0
0
0
0
0
0
0
0
0
0
0
0
0
0
0
0
0
0
0
0
0
0
0
0
0
0
0
0
0
0
0
0
0
0
0
0
0
0
0
0
0
0
0
0
0
0
0
0
0
0
0
0
0
0
0
0
0
0
0
0
0
0
0
0
0
0
0
0
0
0
0
0
0
0
0
0
0
0
0
0
0
0
0
0
0
0
0
0
0
0
0
0
0
0
0
0
0
0
0
0
0
0
0
0
0
0
0
0
0
0
0
0
0
0
0
0
0
0
0
0
0
0
0
0
0
0
0
0
0
0
0
0
0
0
0
0
0
0
0
0
0
0
0
0
0
0
0
0
0
0
0
0
0
0
0
0
0
0
0
0
0
0
0
0
0
0
0
0
0
0
0
0
0
0
0
0
0
0
0
0
0
0
0
0
0
0
0
0
0
0
0
0
0
0
0
0
0
0
0
0
0
0
0
0
0
0
0
0
0
0
0
0
0
0
0
0
0
0
0
0
0
0
0
0
0
0
0
0
0
0
0
0
0
0
0
0
0
0
0
0
0
0
0
0
0
0
0
0
0
0
0
0
0
0
0
0
0
0
0
0
0
0
0
0
0
0
0
0
0
0
0
0
0
0
0
0
0
0
0
0
0
0
0
0
0
0
0
0
0
0
0
0
0
0
0
0
0
0
0
0
0
0
0
0
0
0
0
0
0
0
0
0
0
0
0
0
0
0
0
0
0
0
0
0
0
0
0
0
0
0
0
0
0
0
0
0
0
0
0
0
0
0
0
0
0
0
0
0
0
0
0
0
0
0
0
0
0
0
0
0
0
0
0
0
0
0
0
0
0
0
0
0
0
0
0
0
0
0
0
0
0
0
0
0
0
0
0
0
0
0
0
0
0
0
0
0
0
0
0
0
0
0
0
0
0
0
0
0
0
0
0
0
0
0
0
0
0
0
0
0
0
0
0
0
0
0
0
0
0
0
0
0
0
0
0
0
0
0
0
0
0
0
0
0
0
0
0
0
0
0
0
0
0
0
0
0
0
0
0
0
0
0
0
0
0
0
0
0
0
0
0
0
0
0
0
0
0
0
0
0
0
0
0
0
0
0
0
0
0
0
0
0
0
0
0
0
0
0
0
0
0
0
0
0
0
0
0
0
0
0
0
0
0
0
0
0
0
0
0
0
0
0
0
0
0
0
0
0
0
0
0
0
0
0
0
0
0
0
0
0
0
0
0
0
0
0
0
0
0
0
0
0
0
0
0
0
0
0
0
0
0
0
0
0
0
0
0
0
0
0
0
0
0
0
0
0
0
0
0
0
0
0
0
0
0
0
0
0
0
0
0
0
0
0
0
0
0
0
0
0
0
0
0
0
0
0
0
0
0
0
0
0
0
0
0
0
0
0
0
0
0
0
0
0
0
0
0
0
0
0
0
0
0
0
0
0
0
0
0
0
0
0
0
0
0
0
0
0
0
0
0
0
0
0
0
0
0
0
0
0
0
0
0
0
0
0
0
0
0
0
0
0
0
0
0
0
0
0
0
0
0
0
0
0
0
0
0
0
0
0
0
0
0
0
0
0
0
0
0
0
0
0
0
0
0
0
0
0
0
0
0
0
0
0
0
0
0
0
0
0
0
0
0
0
0
0
0
0
0
0
0
0
0
0
0
0
0
0
0
0
0
0
0
0
0
0
0
0
0
0
0
0
0
0
0
0
0
0
0
0
0
0
0
0
0
0
0
0
0
0
0
0
0
0
0
0
0
0
0
0
0
0
0
0
0
0
0
0
0
0
0
0
0
0
0
0
0
0
0
0
0
0
0
0
0
0
0
0
0
0
0
0
0
0
0
0
0
0
0
0
0
0
0
0
0
0
0
0
0
0
0
0
0
0
0
0
0
0
0
0
0
0
0
0
0
0
0
0
0
0
0
0
0
0
0
0
0
0
0
0
0
0
0
0
0
0
0
0
0
0
0
0
0
0
0
0
0
0
0
0
0
0
0
0
0
0
0
0
0
0
0
0
0
0
0
0
0
0
0
0
0
0
0
0
0
0
0
0
0
0
0
0
0
0
0
0
0
0
0
0
0
0
0
0
0
0
0
0
0
0
0
0
0
0
0
0
0
0
0
0
0
0
0
0
0
0
0
0
0
0
0
0
0
0
0
0
0
0
0
0
0
0
0
0
0
0
0
0
0
0
0
0
0
0
0
0
0
0
0
0
0
0
0
0
0
0
0
0
0
0
0
0
0
0
0
0
0
0
0
0
0
0
0
0
0
0
0
0
0
0
0
0
0
0
0
0
0
0
0
0
0
0
0
0
0
0
0
0
0
0
0
0
0
0
0
0
0
0
0
0
0
0
0
0
0
0
0
0
0
0
0
0
0
0
0
0
0
0
0
0
0
0
0
0
0
0
0
0
0
0
0
0
0
0
0
0
0
0
0
0
0
0
0
0
0
0
0
0
0
0
0
0
0
0
0
0
0
0
0
0
0
0
0
0
0
0
0
0
0
0
0
0
0
0
0
0
0
0
0
0
0
0
0
0
0
0
0
0
0
0
0
0
0
0
0
0
0
0
0
0
0
0
0
0
0
0
0
0
0
0
0
0
0
0
0
0
0
0
0
0
0
0
0
0
0
0
0
0
0
0
0
0
0
0
0
0
0
0
0
0
0
0
0
0
0
0
0
0
0
0
0
0
0
0
0
0
0
0
0
0
0
0
0
0
0
0
0
0
0
0
0
0
0
0
0
0
0
0
0
0
0
0
0
0
0
0
0
0
0
0
0
0
0
0
0
0
0
0
0
0
0
0
0
0
0
0
0
0
0
0
0
0
0
0
0
0
0
0
0
0
0
0
0
0
0
0
0
0
0
0
0
0
0
0
0
0
0
0
0
0
0
0
0
0
0
0
0
0
0
0
0
0
0
0
0
0
0
0
0
0
0
0
0
0
0
0
0
0
0
0
0
0
0
0
0
0
0
0
0
0
0
0
0
0
0
0
0
0
0
0
0
0
0
0
0
0
0
0
0
0
0
0
0
0
0
0
0
0
0
0
0
0
0
0
0
0
0
0
0
0
0
0
0
0
0
0
0
0
0
0
0
0
0
0
0
0
0
0
0
0
0
0
0
0
0
0
0
0
0
0
0
0
0
0
0
0
0
0
0
0
0
0
0
0
0
0
0
0
0
0
0
0
0
0
0
0
0
0
0
0
0
0
0
0
0
0
0
0
0
0
0
0
0
0
0
0
0
0
0
0
0
0
0
0
0
0
0
0
0
0
0
0
0
0
0
0
0
0
0
0
0
0
0
0
0
0
0
0
0
0
0
0
0
0
0
0
0
0
0
0
0
0
0
0
0
0
0
0
0
0
0
0
0
0
0
0
0
0
0
0
0
0
0
0
0
0
0
0
0
0
0
0
0
0
0
0
0
0
0
0
0
0
0
0
0
0
0
0
0
0
0
0
0
0
0
0
0
0
0
0
0
0
0
0
0
0
0
0
0
0
0
0
0
0
0
0
0
0
0
0
0
0
0
0
0
0
0
0
0
0
0
0
0
0
0
0
0
0
0
0
0
0
0
0
0
0
0
0
0
0
0
0
0
0
0
0
0
0
0
0
0
0
0
0
0
0
0
0
0
0
0
0
0
0
0
0
0
0
0
0
0
0
0
0
0
0
0
0
0
0
0
0
0
0
0
0
0
0
0
0
0
0
0
0
0
0
0
0
0
0
0
0
0
0
0
0
0
0
0
0
0
0
0
0
0
0
0
0
0
0
0
0
0
0
0
0
0
0
0
0
0
0
0
0
0
0
0
0
0
0
0
0
0
0
0
0
0
0
0
0
0
0
0
0
0
0
0
0
0
0
0
0
0
0
0
0
0
0
0
0
0
0
0
0
0
0
0
0
0
0
0
0
0
0
0
0
0
0
0
0
0
0
0
0
0
0
0
0
0
0
0
0
0
0
0
0
0
0
0
0
0
0
0
0
0
0
0
0
0
0
0
0
0
0
0
0
0
0
0
0
0
0
0
0
0
0
0
0
0
0
0
0
0
0
0
0
0
0
0
0
0
0
0
0
0
0
0
0
0
0
0
0
0
0
0
0
0
0
0
0
0
0
0
0
0
0
0
0
0
0
0
0
0
0
0
0
0
0
0
0
0
0
0
0
0
0
0
0
0
0
0
0
0
0
0
0
0
0
0
0
0
0
0
0
0
0
0
0
0
0
0
0
0
0
0
0
0
0
0
0
0
0
0
0
0
0
0
0
0
0
0
0
0
0
0
0
0
0
0
0
0
0
0
0
0
0
0
0
0
0
0
0
0
0
0
0
0
0
0
0
0
0
0
0
0
0
0
0
0
0
0
0
0
0
0
0
0
0
0
0
0
0
0
0
0
0
0
0
0
0
0
0
0
0
0
0
0
0
0
0
0
0
0
0
0
0
0
0
0
0
0
0
0
0
0
0
0
0
0
0
0
0
0
0
0
0
0
0
0
0
0
0
0
0
0
0
0
0
0
0
0
0
0
0
0
0
0
0
0
0
0
0
0
0
0
0
0
0
0
0
0
0
0
0
0
0
0
0
0
0
0
0
0
0
0
0
0
0
0
0
0
0
0
0
0
0
0
0
0
0
0
0
0
0
0
0
0
0
0
0
0
0
0
0
0
0
0
0
0
0
0
0
0
0
0
0
0
0
0
0
0
0
0
0
0
0
0
0
0
0
0
0
0
0
0
0
0
0
0
0
0
0
0
0
0
0
0
0
0
0
0
0
0
0
0
0
0
0
0
0
0
0
0
0
0
0
0
0
0
0
0
0
0
0
0
0
0
0
0
0
0
0
0
0
0
0
0
0
0
0
0
0
0
0
0
0
0
0
0
0
0
0
0
0
0
0
0
0
0
0
0
0
0
0
0
0
0
0
0
0
0
0
0
0
0
0
0
0
0
0
0
0
0
0
0
0
0
0
0
0
0
0
0
0
0
0
0
0
0
0
0
0
0
0
0
0
0
0
0
0
0
0
0
0
0
0
0
0
0
0
0
0
0
0
0
0
0
0
0
0
0
0
0
0
0
0
0
0
0
0
0
0
0
0
0
0
0
0
0
0
0
0
0
0
0
0
0
0
0
0
0
0
0
0
0
0
0
0
0
0
0
0
0
0
0
0
0
0
0
0
0
0
0
0
0
0
0
0
0
0
0
0
0
0
0
0
0
0
0
0
0
0
0
0
0
0
0
0
0
0
0
0
0
0
0
0
0
0
0
0
0
0
0
0
0
0
0
0
0
0
0
0
0
0
0
0
0
0
0
0
0
0
0
0
0
0
0
0
0
0
0
0
0
0
0
0
0
0
0
0
0
0
0
0
0
0
0
0
0
0
0
0
0
0
0
0
0
0
0
0
0
0
0
0
0
0
0
0
0
0
0
0
0
0
0
0
0
0
0
0
0
0
0
0
0
0
0
0
0
0
0
0
0
0
0
0
0
0
0
0
0
0
0
0
0
0
0
0
0
0
0
0
0
0
0
0
0
0
0
0
0
0
0
0
0
0
0
0
0
0
0
0
0
0
0
0
0
0
0
0
0
0
0
0
0
0
0
0
0
0
0
0
0
0
0
0
0
0
0
0
0
0
0
0
0
0
0
0
0
0
0
0
0
0
0
0
0
0
0
0
0
0
0
0
0
0
0
0
0
0
0
0
0
0
0
0
0
0
0
0
0
0
0
0
0
0
0
0
0
0
0
0
0
0
0
0
0
0
0
0
0
0
0
0
0
0
0
0
0
0
0
0
0
0
0
0
0
0
0
0
0
0
0
0
0
0
0
0
0
0
0
0
0
0
0
0
0
0
0
0
0
0
0
0
0
0
0
0
0
0
0
0
0
0
0
0
0
0
0
0
0
0
0
0
0
0
0
0
0
0
0
0
0
0
0
0
0
0
0
0
0
0
0
0
0
0
0
0
0
0
0
0
0
0
0
0
0
0
0
0
0
0
0
0
0
0
0
0
0
0
0
0
0
0
0
0
0
0
0
0
0
0
0
0
0
0
0
0
0
0
0
0
0
0
0
0
0
0
0
0
0
0
0
0
0
0
0
0
0
0
0
0
0
0
0
0
0
0
0
0
0
0
0
0
0
0
0
0
0
0
0
0
0
0
0
0
0
0
0
0
0
0
0
0
0
0
0
0
0
0
0
0
0
0
0
0
0
0
0
0
0
0
0
0
0
0
0
0
0
0
0
0
0
0
0
0
0
0
0
0
0
0
0
0
0
0
0
0
0
0
0
0
0
0
0
0
0
0
0
0
0
0
0
0
0
0
0
0
0
0
0
0
0
0
0
0
0
0
0
0
0
0
0
0
0
0
0
0
0
0
0
0
0
0
0
0
0
0
0
0
0
0
0
0
0
0
0
0
0
0
0
0
0
0
0
0
0
0
0
0
0
0
0
0
0
0
0
0
0
0
0
0
0
0
0
0
0
0
0
0
0
0
0
0
0
0
0
0
0
0
0
0
0
0
0
0
0
0
0
0
0
0
0
0
0
0
0
0
0
0
0
0
0
0
0
0
0
0
0
0
0
0
0
0
0
0
0
0
0
0
0
0
0
0
0
0
0
0
0
0
0
0
0
0
0
0
0
0
0
0
0
0
0
0
0
0
0
0
0
0
0
0
0
0
0
0
0
0
0
0
0
0
0
0
0
0
0
0
0
0
0
0
0
0
0
0
0
0
0
0
0
0
0
0
0
0
0
0
0
0
0
0
0
0
0
0
0
0
0
0
0
0
0
0
0
0
0
0
0
0
0
0
0
0
0
0
0
0
0
0
0
0
0
0
0
0
0
0
0
0
0
0
0
0
0
0
0
0
0
0
0
0
0
0
0
0
0
0
0
0
0
0
0
0
0
0
0
0
0
0
0
0
0
0
0
0
0
0
0
0
0
0
0
0
0
0
0
0
0
0
0
0
0
0
0
0
0
0
0
0
0
0
0
0
0
0
0
0
0
0
0
0
0
0
0
0
0
0
0
0
0
0
0
0
0
0
0
0
0
0
0
0
0
0
0
0
0
0
0
0
0
0
0
0
0
0
0
0
0
0
0
0
0
0
0
0
0
0
0
0
0
0
0
0
0
0
0
0
0
0
0
0
0
0
0
0
0
0
0
0
0
0
0
0
0
0
0
0
0
0
0
0
0
0
0
0
0
0
0
0
0
0
0
0
0
0
0
0
0
0
0
0
0
0
0
0
0
0
0
0
0
0
0
0
0
0
0
0
0
0
0
0
0
0
0
0
0
0
0
0
0
0
0
0
0
0
0
0
0
0
0
0
0
0
0
0
0
0
0
0
0
0
0
0
0
0
0
0
0
0
0
0
0
0
0
0
0
0
0
0
0
0
0
0
0
0
0
0
0
0
0
0
0
0
0
0
0
0
0
0
0
0
0
0
0
0
0
0
0
0
0
0
0
0
0
0
0
0
0
0
0
0
0
0
0
0
0
0
0
0
0
0
0
0
0
0
0
0
0
0
0
0
0
0
0
0
0
0
0
0
0
0
0
0
0
0
0
0
0
0
0
0
0
0
0
0
0
0
0
0
0
0
0
0
0
0
0
0
0
0
0
0
0
0
0
0
0
0
0
0
0
0
0
0
0
0
0
0
0
0
0
0
0
0
0
0
0
0
0
0
0
0
0
0
0
0
0
0
0
0
0
0
0
0
0
0
0
0
0
0
0
0
0
0
0
0
0
0
0
0
0
0
0
0
0
0
0
0
0
0
0
0
0
0
0
0
0
0
0
0
0
0
0
0
0
0
0
0
0
0
0
0
0
0
0
0
0
0
0
0
0
0
0
0
0
0
0
0
0
0
0
0
0
0
0
0
0
0
0
0
0
0
0
0
0
0
0
0
0
0
0
0
0
0
0
0
0
0
0
0
0
0
0
0
0
0
0
0
0
0
0
0
0
0
0
0
0
0
0
0
0
0
0
0
0
0
0
0
0
0
0
0
0
0
0
0
0
0
0
0
0
0
0
0
0
0
0
0
0
0
0
0
0
0
0
0
0
0
0
0
0
0
0
0
0
0
0
0
0
0
0
0
0
0
0
0
0
0
0
0
0
0
0
0
0
0
0
0
0
0
0
0
0
0
0
0
0
0
0
0
0
0
0
0
0
0
0
0
0
0
0
0
0
0
0
0
0
0
0
0
0
0
0
0
0
0
0
0
0
0
0
0
0
0
0
0
0
0
0
0
0
0
0
0
0
0
0
0
0
0
0
0
0
0
0
0
0
0
0
0
0
0
0
0
0
0
0
0
0
0
0
0
0
0
0
0
0
0
0
0
0
0
0
0
0
0
0
0
0
0
0
0
0
0
0
0
0
0
0
0
0
0
0
0
0
0
0
0
0
0
0
0
0
0
0
0
0
0
0
0
0
0
0
0
0
0
0
0
0
0
0
0
0
0
0
0
0
0
0
0
0
0
0
0
0
0
0
0
0
0
0
0
0
0
0
0
0
0
0
0
0
0
0
0
0
0
0
0
0
0
0
0
0
0
0
0
0
0
0
0
0
0
0
0
0
0
0
0
0
0
0
0
0
0
0
0
0
0
0
0
0
0
0
0
0
0
0
0
0
0
0
0
0
0
0
0
0
0
0
0
0
0
0
0
0
0
0
0
0
0
0
0
0
0
0
0
0
0
0
0
0
0
0
0
0
0
0
0
0
0
0
0
0
0
0
0
0
0
0
0
0
0
0
0
0
0
0
0
0
0
0
0
0
0
0
0
0
0
0
0
0
0
0
0
0
0
0
0
0
0
0
0
0
0
0
0
0
0
0
0
0
0
0
0
0
0
0
0
0
0
0
0
0
0
0
0
0
0
0
0
0
0
0
0
0
0
0
0
0
0
0
0
0
0
0
0
0
0
0
0
0
0
0
0
0
0
0
0
0
0
0
0
0
0
0
0
0
0
0
0
0
0
0
0
0
0
0
0
0
0
0
0
0
0
0
0
0
0
0
0
0
0
0
0
0
0
0
0
0
0
0
0
0
0
0
0
0
0
0
0
0
0
0
0
0
0
0
0
0
0
0
0
0
0
0
0
0
0
0
0
0
0
0
0
0
0
0
0
0
0
0
0
0
0
0
0
0
0
0
0
0
0
0
0
0
0
0
0
0
0
0
0
0
0
0
0
0
0
0
0
0
0
0
0
0
0
0
0
0
0
0
0
0
0
0
0
0
0
0
0
0
0
0
0
0
0
0
0
0
0
0
0
0
0
0
0
0
0
0
0
0
0
0
0
0
0
0
0
0
0
0
0
0
0
0
0
0
0
0
0
0
0
0
0
0
0
0
0
0
0
0
0
0
0
0
0
0
0
0
0
0
0
0
0
0
0
0
0
0
0
0
0
0
0
0
0
0
0
0
0
0
0
0
0
0
0
0
0
0
0
0
0
0
0
0
0
0
0
0
0
0
0
0
0
0
0
0
0
0
0
0
0
0
0
0
0
0
0
0
0
0
0
0
0
0
0
0
0
0
0
0
0
0
0
0
0
0
0
0
0
0
0
0
0
0
0
0
0
0
0
0
0
0
0
0
0
0
0
0
0
0
0
0
0
0
0
0
0
0
0
0
0
0
0
0
0
0
0
0
0
0
0
0
0
0
0
0
0
0
0
0
0
0
0
0
0
0
0
0
0
0
0
0
0
0
0
0
0
0
0
0
0
0
0
0
0
0
0
0
0
0
0
0
0
0
0
0
0
0
0
0
0
0
0
0
0
0
0
0
0
0
0
0
0
0
0
0
0
0
0
0
0
0
0
0
0
0
0
0
0
0
0
0
0
0
0
0
0
0
0
0
0
0
0
0
0
0
0
0
0
0
0
0
0
0
0
0
0
0
0
0
0
0
0
0
0
0
0
0
0
0
0
0
0
0
0
0
0
0
0
0
0
0
0
0
0
0
0
0
0
0
0
0
0
0
0
0
0
0
0
0
0
0
0
0
0
0
0
0
0
0
0
0
0
0
0
0
0
0
0
0
0
0
0
0
0
0
0
0
0
0
0
0
0
0
0
0
0
0
0
0
0
0
0
0
0
0
0
0
0
0
0
0
0
0
0
0
0
0
0
0
0
0
0
0
0
0
0
0
0
0
0
0
0
0
0
0
0
0
0
0
0
0
0
0
0
0
0
0
0
0
0
0
0
0
0
0
0
0
0
0
0
0
0
0
0
0
0
0
0
0
0
0
0
0
0
0
0
0
0
0
0
0
0
0
0
0
0
0
0
0
0
0
0
0
0
0
0
0
0
0
0
0
0
0
0
0
0
0
0
0
0
0
0
0
0
0
0
0
0
0
0
0
0
0
0
0
0
0
0
0
0
0
0
0
0
0
0
0
0
0
0
0
0
0
0
0
0
0
0
0
0
0
0
0
0
0
0
0
0
0
0
0
0
0
0
0
0
0
0
0
0
0
0
0
0
0
0
0
0
0
0
0
0
0
0
0
0
0
0
0
0
0
0
0
0
0
0
0
0
0
0
0
0
0
0
0
0
0
0
0
0
0
0
0
0
0
0
0
0
0
0
0
0
0
0
0
0
0
0
0
0
0
0
0
0
0
0
0
0
0
0
0
0
0
0
0
0
0
0
0
0
0
0
0
0
0
0
0
0
0
0
0
0
0
0
0
0
0
0
0
0
0
0
0
0
0
0
0
0
0
0
0
0
0
0
0
0
0
0
0
0
0
0
0
0
0
0
0
0
0
0
0
0
0
0
0
0
0
0
0
0
0
0
0
0
0
0
0
0
0
0
0
0
0
0
0
0
0
0
0
0
0
0
0
0
0
0
0
0
0
0
0
0
0
0
0
0
0
0
0
0
0
0
0
0
0
0
0
0
0
0
0
0
0
0
0
0
0
0
0
0
0
0
0
0
0
0
0
0
0
0
0
0
0
0
0
0
0
0
0
0
0
0
0
0
0
0
0
0
0
0
0
0
0
0
0
0
0
0
0
0
0
0
0
0
0
0
0
0
0
0
0
0
0
0
0
0
0
0
0
0
0
0
0
0
0
0
0
0
0
0
0
0
0
0
0
0
0
0
0
0
0
0
0
0
0
0
0
0
0
0
0
0
0
0
0
0
0
0
0
0
0
0
0
0
0
0
0
0
0
0
0
0
0
0
0
0
0
0
0
0
0
0
0
0
0
0
0
0
0
0
0
0
0
0
0
0
0
0
0
0
0
0
0
0
0
0
0
0
0
0
0
0
0
0
0
0
0
0
0
0
0
0
0
0
0
0
0
0
0
0
0
0
0
0
0
0
0
0
0
0
0
0
0
0
0
0
0
0
0
0
0
0
0
0
0
0
0
0
0
0
0
0
0
0
0
0
0
0
0
0
0
0
0
0
0
0
0
0
0
0
0
0
0
0
0
0
0
0
0
0
0
0
0
0
0
0
0
0
0
0
0
0
0
0
0
0
0
0
0
0
0
0
0
0
0
0
0
0
0
0
0
0
0
0
0
0
0
0
0
0
0
0
0
0
0
0
0
0
0
0
0
0
0
0
0
0
0
0
0
0
0
0
0
0
0
0
0
0
0
0
0
0
0
0
0
0
0
0
0
0
0
0
0
0
0
0
0
0
0
0
0
0
0
0
0
0
0
0
0
0
0
0
0
0
0
0
0
0
0
0
0
0
0
0
0
0
0
0
0
0
0
0
0
0
0
0
0
0
0
0
0
0
0
0
0
0
0
0
0
0
0
0
0
0
0
0
0
0
0
0
0
0
0
0
0
0
0
0
0
0
0
0
0
0
0
0
0
0
0
0
0
0
0
0
0
0
0
0
0
0
0
0
0
0
0
0
0
0
0
0
0
0
0
0
0
0
0
0
0
0
0
0
0
0
0
0
0
0
0
0
0
0
0
0
0
0
0
0
0
0
0
0
0
0
0
0
0
0
0
0
0
0
0
0
0
0
0
0
0
0
0
0
0
0
0
0
0
0
0
0
0
0
0
0
0
0
0
0
0
0
0
0
0
0
0
0
0
0
0
0
0
0
0
0
0
0
0
0
0
0
0
0
0
0
0
0
0
0
0
0
0
0
0
0
0
0
0
0
0
0
0
0
0
0
0
0
0
0
0
0
0
0
0
0
0
0
0
0
0
0
0
0
0
0
0
0
0
0
0
0
0
0
0
0
0
0
0
0
0
0
0
0
0
0
0
0
0
0
0
0
0
0
0
0
0
0
0
0
0
0
0
0
0
0
0
0
0
0
0
0
0
0
0
0
0
0
0
0
0
0
0
0
0
0
0
0
0
0
0
0
0
0
0
0
0
0
0
0
0
0
0
0
0
0
0
0
0
0
0
0
0
0
0
0
0
0
0
0
0
0
0
0
0
0
0
0
0
0
0
0
0
0
0
0
0
0
0
0
0
0
0
0
0
0
0
0
0
0
0
0
0
0
0
0
0
0
0
0
0
0
0
0
0
0
0
0
0
0
0
0
0
0
0
0
0
0
0
0
0
0
0
0
0
0
0
0
0
0
0
0
0
0
0
0
0
0
0
0
0
0
0
0
0
0
0
0
0
0
0
0
0
0
0
0
0
0
0
0
0
0
0
0
0
0
0
0
0
0
0
0
0
0
0
0
0
0
0
0
0
0
0
0
0
0
0
0
0
0
0
0
0
0
0
0
0
0
0
0
0
0
0
0
0
0
0
0
0
0
0
0
0
0
0
0
0
0
0
0
0
0
0
0
0
0
0
0
0
0
0
0
0
0
0
0
0
0
0
0
0
0
0
0
0
0
0
0
0
0
0
0
0
0
0
0
0
0
0
0
0
0
0
0
0
0
0
0
0
0
0
0
0
0
0
0
0
0
0
0
0
0
0
0
0
0
0
0
0
0
0
0
0
0
0
0
0
0
0
0
0
0
0
0
0
0
0
0
0
0
0
0
0
0
0
0
0
0
0
0
0
0
0
0
0
0
0
0
0
0
0
0
0
0
0
0
0
0
0
0
0
0
0
0
0
0
0
0
0
0
0
0
0
0
0
0
0
0
0
0
0
0
0
0
0
0
0
0
0
0
0
0
0
0
0
0
0
0
0
0
0
0
0
0
0
0
0
0
0
0
0
0
0
0
0
0
0
0
0
0
0
0
0
0
0
0
0
0
0
0
0
0
0
0
0
0
0
0
0
0
0
0
0
0
0
0
0
0
0
0
0
0
0
0
0
0
0
0
0
0
0
0
0
0
0
0
0
0
0
0
0
0
0
0
0
0
0
0
0
0
0
0
0
0
0
0
0
0
0
0
0
0
0
0
0
0
0
0
0
0
0
0
0
0
0
0
0
0
0
0
0
0
0
0
0
0
0
0
0
0
0
0
0
0
0
0
0
0
0
0
0
0
0
0
0
0
0
0
0
0
0
0
0
0
0
0
0
0
0
0
0
0
0
0
0
0
0
0
0
0
0
0
0
0
0
0
0
0
0
0
0
0
0
0
0
0
0
0
0
0
0
0
0
0
0
0
0
0
0
0
0
0
0
0
0
0
0
0
0
0
0
0
0
0
0
0
0
0
0
0
0
0
0
0
0
0
0
0
0
0
0
0
0
0
0
0
0
0
0
0
0
0
0
0
0
0
0
0
0
0
0
0
0
0
0
0
0
0
0
0
0
0
0
0
0
0
0
0
0
0
0
0
0
0
0
0
0
0
0
0
0
0
0
0
0
0
0
0
0
0
0
0
0
0
0
0
0
0
0
0
0
0
0
0
0
0
0
0
0
0
0
0
0
0
0
0
0
0
0
0
0
0
0
0
0
0
0
0
0
0
0
0
0
0
0
0
0
0
0
0
0
0
0
0
0
0
0
0
0
0
0
0
0
0
0
0
0
0
0
0
0
0
0
0
0
0
0
0
0
0
0
0
0
0
0
0
0
0
0
0
0
0
0
0
0
0
0
0
0
0
0
0
0
0
0
0
0
0
0
0
0
0
0
0
0
0
0
0
0
0
0
0
0
0
0
0
0
0
0
0
0
0
0
0
0
0
0
0
0
0
0
0
0
0
0
0
0
0
0
0
0
0
0
0
0
0
0
0
0
0
0
0
0
0
0
0
0
0
0
0
0
0
0
0
0
0
0
0
0
0
0
0
0
0
0
0
0
0
0
0
0
0
0
0
0
0
0
0
0
0
0
0
0
0
0
0
0
0
0
0
0
0
0
0
0
0
0
0
0
0
0
0
0
0
0
0
0
0
0
0
0
0
0
0
0
0
0
0
0
0
0
0
0
0
0
0
0
0
0
0
0
0
0
0
0
0
0
0
0
0
0
0
0
0
0
0
0
0
0
0
0
0
0
0
0
0
0
0
0
0
0
0
0
0
0
0
0
0
0
0
0
0
0
0
0
0
0
0
0
0
0
0
0
0
0
0
0
0
0
0
0
0
0
0
0
0
0
0
0
0
0
0
0
0
0
0
0
0
0
0
0
0
0
0
0
0
0
0
0
0
0
0
0
0
0
0
0
0
0
0
0
0
0
0
0
0
0
0
0
0
0
0
0
0
0
0
0
0
0
0
0
0
0
0
0
0
0
0
0
0
0
0
0
0
0
0
0
0
0
0
0
0
0
0
0
0
0
0
0
0
0
0
0
0
0
0
0
0
0
0
0
0
0
0
0
0
0
0
0
0
0
0
0
0
0
0
0
0
0
0
0
0
0
0
0
0
0
0
0
0
0
0
0
0
0
0
0
0
0
0
0
0
0
0
0
0
0
0
0
0
0
0
0
0
0
0
0
0
0
0
0
0
0
0
0
0
0
0
0
0
0
0
0
0
0
0
0
0
0
0
0
0
0
0
0
0
0
0
0
0
0
0
0
0
0
0
0
0
0
0
0
0
0
0
0
0
0
0
0
0
0
0
0
0
0
0
0
0
0
0
0
0
0
0
0
0
0
0
0
0
0
0
0
0
0
0
0
0
0
0
0
0
0
0
0
0
0
0
0
0
0
0
0
0
0
0
0
0
0
0
0
0
0
0
0
0
0
0
0
0
0
0
0
0
0
0
0
0
0
0
0
0
0
0
0
0
0
0
0
0
0
0
0
0
0
0
0
0
0
0
0
0
0
0
0
0
0
0
0
0
0
0
0
0
0
0
0
0
0
0
0
0
0
0
0
0
0
0
0
0
0
0
0
0
0
0
0
0
0
0
0
0
0
0
0
0
0
0
0
0
0
0
0
0
0
0
0
0
0
0
0
0
0
0
0
0
0
0
0
0
0
0
0
0
0
0
0
0
0
0
0
0
0
0
0
0
0
0
0
0
0
0
0
0
0
0
0
0
0
0
0
0
0
0
0
0
0
0
0
0
0
0
0
0
0
0
0
0
0
0
0
0
0
0
0
0
0
0
0
0
0
0
0
0
0
0
0
0
0
0
0
0
0
0
0
0
0
0
0
0
0
0
0
0
0
0
0
0
0
0
0
0
0
0
0
0
0
0
0
0
0
0
0
0
0
0
0
0
0
0
0
0
0
0
0
0
0
0
0
0
0
0
0
0
0
0
0
0
0
0
0
0
0
0
0
0
0
0
0
0
0
0
0
0
0
0
0
0
0
0
0
0
0
0
0
0
0
0
0
0
0
0
0
0
0
0
0
0
0
0
0
0
0
0
0
0
0
0
0
0
0
0
0
0
0
0
0
0
0
0
0
0
0
0
0
0
0
0
0
0
0
0
0
0
0
0
0
0
0
0
0
0
0
0
0
0
0
0
0
0
0
0
0
0
0
0
0
0
0
0
0
0
0
0
0
0
0
0
0
0
0
0
0
0
0
0
0
0
0
0
0
0
0
0
0
0
0
0
0
0
0
0
0
0
0
0
0
0
0
0
0
0
0
0
0
0
0
0
0
0
0
0
0
0
0
0
0
0
0
0
0
0
0
0
0
0
0
0
0
0
0
0
0
0
0
0
0
0
0
0
0
0
0
0
0
0
0
0
0
0
0
0
0
0
0
0
0
0
0
0
0
0
0
0
0
0
0
0
0
0
0
0
0
0
0
0
0
0
0
0
0
0
0
0
0
0
0
0
0
0
0
0
0
0
0
0
0
0
0
0
0
0
0
0
0
0
0
0
0
0
0
0
0
0
0
0
0
0
0
0
0
0
0
0
0
0
0
0
0
0
0
0
0
0
0
0
0
0
0
0
0
0
0
0
0
0
0
0
0
0
0
0
0
0
0
0
0
0
0
0
0
0
0
0
0
0
0
0
0
0
0
0
0
0
0
0
0
0
0
0
0
0
0
0
0
0
0
0
0
0
0
0
0
0
0
0
0
0
0
0
0
0
0
0
0
0
0
0
0
0
0
0
0
0
0
0
0
0
0
0
0
0
0
0
0
0
0
0
0
0
0
0
0
0
0
0
0
0
0
0
0
0
0
0
0
0
0
0
0
0
0
0
0
0
0
0
0
0
0
0
0
0
0
0
0
0
0
0
0
0
0
0
0
0
0
0
0
0
0
0
0
0
0
0
0
0
0
0
0
0
0
0
0
0
0
0
0
0
0
0
0
0
0
0
0
0
0
0
0
0
0
0
0
0
0
0
0
0
0
0
0
0
0
0
0
0
0
0
0
0
0
0
0
0
0
0
0
0
0
0
0
0
0
0
0
0
0
0
0
0
0
0
0
0
0
0
0
0
0
0
0
0
0
0
0
0
0
0
0
0
0
0
0
0
0
0
0
0
0
0
0
0
0
0
0
0
0
0
0
0
0
0
0
0
0
0
0
0
0
0
0
0
0
0
0
0
0
0
0
0
0
0
0
0
0
0
0
0
0
0
0
0
0
0
0
0
0
0
0
0
0
0
0
0
0
0
0
0
0
0
0
0
0
0
0
0
0
0
0
0
0
0
0
0
0
0
0
0
0
0
0
0
0
0
0
0
0
0
0
0
0
0
0
0
0
0
0
0
0
0
0
0
0
0
0
0
0
0
0
0
0
0
0
0
0
0
0
0
0
0
0
0
0
0
0
0
0
0
0
0
0
0
0
0
0
0
0
0
0
0
0
0
0
0
0
0
0
0
0
0
0
0
0
0
0
0
0
0
0
0
0
0
0
0
0
0
0
0
0
0
0
0
0
0
0
0
0
0
0
0
0
0
0
0
0
0
0
0
0
0
0
0
0
0
0
0
0
0
0
0
0
0
0
0
0
0
0
0
0
0
0
0
0
0
0
0
0
0
0
0
0
0
0
0
0
0
0
0
0
0
0
0
0
0
0
0
0
0
0
0
0
0
0
0
0
0
0
0
0
0
0
0
0
0
0
0
0
0
0
0
0
0
0
0
0
0
0
0
0
0
0
0
0
0
0
0
0
0
0
0
0
0
0
0
0
0
0
0
0
0
0
0
0
0
0
0
0
0
0
0
0
0
0
0
0
0
0
0
0
0
0
0
0
0
0
0
0
0
0
0
0
0
0
0
0
0
0
0
0
0
0
0
0
0
0
0
0
0
0
0
0
0
0
0
0
0
0
0
0
0
0
0
0
0
0
0
0
0
0
0
0
0
0
0
0
0
0
0
0
0
0
0
0
0
0
0
0
0
0
0
0
0
0
0
0
0
0
0
0
0
0
0
0
0
0
0
0
0
0
0
0
0
0
0
0
0
0
0
0
0
0
0
0
0
0
0
0
0
0
0
0
0
0
0
0
0
0
0
0
0
0
0
0
0
0
0
0
0
0
0
0
0
0
0
0
0
0
0
0
0
0
0
0
0
0
0
0
0
0
0
0
0
0
0
0
0
0
0
0
0
0
0
0
0
0
0
0
0
0
0
0
0
0
0
0
0
0
0
0
0
0
0
0
0
0
0
0
0
0
0
0
0
0
0
0
0
0
0
0
0
0
0
0
0
0
0
0
0
0
0
0
0
0
0
0
0
0
0
0
0
0
0
0
0
0
0
0
0
0
0
0
0
0
0
0
0
0
0
0
0
0
0
0
0
0
0
0
0
0
0
0
0
0
0
0
0
0
0
0
0
0
0
0
0
0
0
0
0
0
0
0
0
0
0
0
0
0
0
0
0
0
0
0
0
0
0
0
0
0
0
0
0
0
0
0
0
0
0
0
0
0
0
0
0
0
0
0
0
0
0
0
0
0
0
0
0
0
0
0
0
0
0
0
0
0
0
0
0
0
0
0
0
0
0
0
0
0
0
0
0
0
0
0
0
0
0
0
0
0
0
0
0
0
0
0
0
0
0
0
0
0
0
0
0
0
0
0
0
0
0
0
0
0
0
0
0
0
0
0
0
0
0
0
0
0
0
0
0
0
0
0
0
0
0
0
0
0
0
0
0
0
0
0
0
0
0
0
0
0
0
0
0
0
0
0
0
0
0
0
0
0
0
0
0
0
0
0
0
0
0
0
0
0
0
0
0
0
0
0
0
0
0
0
0
0
0
0
0
0
0
0
0
0
0
0
0
0
0
0
0
0
0
0
0
0
0
0
0
0
0
0
0
0
0
0
0
0
0
0
0
0
0
0
0
0
0
0
0
0
0
0
0
0
0
0
0
0
0
0
0
0
0
0
0
0
0
0
0
0
0
0
0
0
0
0
0
0
0
0
0
0
0
0
0
0
0
0
0
0
0
0
0
0
0
0
0
0
0
0
0
0
0
0
0
0
0
0
0
0
0
0
0
0
0
0
0
0
0
0
0
0
0
0
0
0
0
0
0
0
0
0
0
0
0
0
0
0
0
0
0
0
0
0
0
0
0
0
0
0
0
0
0
0
0
0
0
0
0
0
0
0
0
0
0
0
0
0
0
0
0
0
0
0
0
0
0
0
0
0
0
0
0
0
0
0
0
0
0
0
0
0
0
0
0
0
0
0
0
0
0
0
0
0
0
0
0
0
0
0
0
0
0
0
0
0
0
0
0
0
0
0
0
0
0
0
0
0
0
0
0
0
0
0
0
0
0
0
0
0
0
0
0
0
0
0
0
0
0
0
0
0
0
0
0
0
0
0
0
0
0
0
0
0
0
0
0
0
0
0
0
0
0
0
0
0
0
0
0
0
0
0
0
0
0
0
0
0
0
0
0
0
0
0
0
0
0
0
0
0
0
0
0
0
0
0
0
0
0
0
0
0
0
0
0
0
0
0
0
0
0
0
0
0
0
0
0
0
0
0
0
0
0
0
0
0
0
0
0
0
0
0
0
0
0
0
0
0
0
0
0
0
0
0
0
0
0
0
0
0
0
0
0
0
0
0
0
0
0
0
0
0
0
0
0
0
0
0
0
0
0
0
0
0
0
0
0
0
0
0
0
0
0
0
0
0
0
0
0
0
0
0
0
0
0
0
0
0
0
0
0
0
0
0
0
0
0
0
0
0
0
0
0
0
0
0
0
0
0
0
0
0
0
0
0
0
0
0
0
0
0
0
0
0
0
0
0
0
0
0
0
0
0
0
0
0
0
0
0
0
0
0
0
0
0
0
0
0
0
0
0
0
0
0
0
0
0
0
0
0
0
0
0
0
0
0
0
0
0
0
0
0
0
0
0
0
0
0
0
0
0
0
0
0
0
0
0
0
0
0
0
0
0
0
0
0
0
0
0
0
0
0
0
0
0
0
0
0
0
0
0
0
0
0
0
0
0
0
0
0
0
0
0
0
0
0
0
0
0
0
0
0
0
0
0
0
0
0
0
0
0
0
0
0
0
0
0
0
0
0
0
0
0
0
0
0
0
0
0
0
0
0
0
0
0
0
0
0
0
0
0
0
0
0
0
0
0
0
0
0
0
0
0
0
0
0
0
0
0
0
0
0
0
0
0
0
0
0
0
0
0
0
0
0
0
0
0
0
0
0
0
0
0
0
0
0
0
0
0
0
0
0
0
0
0
0
0
0
0
0
0
0
0
0
0
0
0
0
0
0
0
0
0
0
0
0
0
0
0
0
0
0
0
0
0
0
0
0
0
0
0
0
0
0
0
0
0
0
0
0
0
0
0
0
0
0
0
0
0
0
0
0
0
0
0
0
0
0
0
0
0
0
0
0
0
0
0
0
0
0
0
0
0
0
0
0
0
0
0
0
0
0
0
0
0
0
0
0
0
0
0
0
0
0
0
0
0
0
0
0
0
0
0
0
0
0
0
0
0
0
0
0
0
0
0
0
0
0
0
0
0
0
0
0
0
0
0
0
0
0
0
0
0
0
0
0
0
0
0
0
0
0
0
0
0
0
0
0
0
0
0
0
0
0
0
0
0
0
0
0
0
0
0
0
0
0
0
0
0
0
0
0
0
0
0
0
0
0
0
0
0
0
0
0
0
0
0
0
0
0
0
0
0
0
0
0
0
0
0
0
0
0
0
0
0
0
0
0
0
0
0
0
0
0
0
0
0
0
0
0
0
0
0
0
0
0
0
0
0
0
0
0
0
0
0
0
0
0
0
0
0
0
0
0
0
0
0
0
0
0
0
0
0
0
0
0
0
0
0
0
0
0
0
0
0
0
0
0
0
0
0
0
0
0
0
0
0
0
0
0
0
0
0
0
0
0
0
0
0
0
0
0
0
0
0
0
0
0
0
0
0
0
0
0
0
0
0
0
0
0
0
0
0
0
0
0
0
0
0
0
0
0
0
0
0
0
0
0
0
0
0
0
0
0
0
0
0
0
0
0
0
0
0
0
0
0
0
0
0
0
0
0
0
0
0
0
0
0
0
0
0
0
0
0
0
0
0
0
0
0
0
0
0
0
0
0
0
0
0
0
0
0
0
0
0
0
0
0
0
0
0
0
0
0
0
0
0
0
0
0
0
0
0
0
0
0
0
0
0
0
0
0
0
0
0
0
0
0
0
0
0
0
0
0
0
0
0
0
0
0
0
0
0
0
0
0
0
0
0
0
0
0
0
0
0
0
0
0
0
0
0
0
0
0
0
0
0
0
0
0
0
0
0
0
0
0
0
0
0
0
0
0
0
0
0
0
0
0
0
0
0
0
0
0
0
0
0
0
0
0
0
0
0
0
0
0
0
0
0
0
0
0
0
0
0
0
0
0
0
0
0
0
0
0
0
0
0
0
0
0
0
0
0
0
0
0
0
0
0
0
0
0
0
0
0
0
0
0
0
0
0
0
0
0
0
0
0
0
0
0
0
0
0
0
0
0
0
0
0
0
0
0
0
0
0
0
0
0
0
0
0
0
0
0
0
0
0
0
0
0
0
0
0
0
0
0
0
0
0
0
0
0
0
0
0
0
0
0
0
0
0
0
0
0
0
0
0
0
0
0
0
0
0
0
0
0
0
0
0
0
0
0
0
0
0
0
0
0
0
0
0
0
0
0
0
0
0
0
0
0
0
0
0
0
0
0
0
0
0
0
0
0
0
0
0
0
0
0
0
0
0
0
0
0
0
0
0
0
0
0
0
0
0
0
0
0
0
0
0
0
0
0
0
0
0
0
0
0
0
0
0
0
0
0
0
0
0
0
0
0
0
0
0
0
0
0
0
0
0
0
0
0
0
0
0
0
0
0
0
0
0
0
0
0
0
0
0
0
0
0
0
0
0
0
0
0
0
0
0
0
0
0
0
0
0
0
0
0
0
0
0
0
0
0
0
0
0
0
0
0
0
0
0
0
0
0
0
0
0
0
0
0
0
0
0
0
0
0
0
0
0
0
0
0
0
0
0
0
0
0
0
0
0
0
0
0
0
0
0
0
0
0
0
0
0
0
0
0
0
0
0
0
0
0
0
0
0
0
0
0
0
0
0
0
0
0
0
0
0
0
0
0
0
0
0
0
0
0
0
0
0
0
0
0
0
0
0
0
0
0
0
0
0
0
0
0
0
0
0
0
0
0
0
0
0
0
0
0
0
0
0
0
0
0
0
0
0
0
0
0
0
0
0
0
0
0
0
0
0
0
0
0
0
0
0
0
0
0
0
0
0
0
0
0
0
0
0
0
0
0
0
0
0
0
0
0
0
0
0
0
0
0
0
0
0
0
0
0
0
0
0
0
0
0
0
0
0
0
0
0
0
0
0
0
0
0
0
0
0
0
0
0
0
0
0
0
0
0
0
0
0
0
0
0
0
0
0
0
0
0
0
0
0
0
0
0
0
0
0
0
0
0
0
0
0
0
0
0
0
0
0
0
0
0
0
0
0
0
0
0
0
0
0
0
0
0
0
0
0
0
0
0
0
0
0
0
0
0
0
0
0
0
0
0
0
0
0
0
0
0
0
0
0
0
0
0
0
0
0
0
0
0
0
0
0
0
0
0
0
0
0
0
0
0
0
0
0
0
0
0
0
0
0
0
0
0
0
0
0
0
0
0
0
0
0
0
0
0
0
0
0
0
0
0
0
0
0
0
0
0
0
0
0
0
0
0
0
0
0
0
0
0
0
0
0
0
0
0
0
0
0
0
0
0
0
0
0
0
0
0
0
0
0
0
0
0
0
0
0
0
0
0
0
0
0
0
0
0
0
0
0
0
0
0
0
0
0
0
0
0
0
0
0
0
0
0
0
0
0
0
0
0
0
0
0
0
0
0
0
0
0
0
0
0
0
0
0
0
0
0
0
0
0
0
0
0
0
0
0
0
0
0
0
0
0
0
0
0
0
0
0
0
0
0
0
0
0
0
0
0
0
0
0
0
0
0
0
0
0
0
0
0
0
0
0
0
0
0
0
0
0
0
0
0
0
0
0
0
0
0
0
0
0
0
0
0
0
0
0
0
0
0
0
0
0
0
0
0
0
0
0
0
0
0
0
0
0
0
0
0
0
0
0
0
0
0
0
0
0
0
0
0
0
0
0
0
0
0
0
0
0
0
0
0
0
0
0
0
0
0
0
0
0
0
0
0
0
0
0
0
0
0
0
0
0
0
0
0
0
0
0
0
0
0
0
0
0
0
0
0
0
0
0
0
0
0
0
0
0
0
0
0
0
0
0
0
0
0
0
0
0
0
0
0
0
0
0
0
0
0
0
0
0
0
0
0
0
0
0
0
0
0
0
0
0
0
0
0
0
0
0
0
0
0
0
0
0
0
0
0
0
0
0
0
0
0
0
0
0
0
0
0
0
0
0
0
0
0
0
0
0
0
0
0
0
0
0
0
0
0
0
0
0
0
0
0
0
0
0
0
0
0
0
0
0
0
0
0
0
0
0
0
0
0
0
0
0
0
0
0
0
0
0
0
0
0
0
0
0
0
0
0
0
0
0
0
0
0
0
0
0
0
0
0
0
0
0
0
0
0
0
0
0
0
0
0
0
0
0
0
0
0
0
0
0
0
0
0
0
0
0
0
0
0
0
0
0
0
0
0
0
0
0
0
0
0
0
0
0
0
0
0
0
0
0
0
0
0
0
0
0
0
0
0
0
0
0
0
0
0
0
0
0
0
0
0
0
0
0
0
0
0
0
0
0
0
0
0
0
0
0
0
0
0
0
0
0
0
0
0
0
0
0
0
0
0
0
0
0
0
0
0
0
0
0
0
0
0
0
0
0
0
0
0
0
0
0
0
0
0
0
0
0
0
0
0
0
0
0
0
0
0
0
0
0
0
0
0
0
0
0
0
0
0
0
0
0
0
0
0
0
0
0
0
0
0
0
0
0
0
0
0
0
0
0
0
0
0
0
0
0
0
0
0
0
0
0
0
0
0
0
0
0
0
0
0
0
0
0
0
0
0
0
0
0
0
0
0
0
0
0
0
0
0
0
0
0
0
0
0
0
0
0
0
0
0
0
0
0
0
0
0
0
0
0
0
0
0
0
0
0
0
0
0
0
0
0
0
0
0
0
0
0
0
0
0
0
0
0
0
0
0
0
0
0
0
0
0
0
0
0
0
0
0
0
0
0
0
0
0
0
0
0
0
0
0
0
0
0
0
0
0
0
0
0
0
0
0
0
0
0
0
0
0
0
0
0
0
0
0
0
0
0
0
0
0
0
0
0
0
0
0
0
0
0
0
0
0
0
0
0
0
0
0
0
0
0
0
0
0
0
0
0
0
0
0
0
0
0
0
0
0
0
0
0
0
0
0
0
0
0
0
0
0
0
0
0
0
0
0
0
0
0
0
0
0
0
0
0
0
0
0
0
0
0
0
0
0
0
0
0
0
0
0
0
0
0
0
0
0
0
0
0
0
0
0
0
0
0
0
0
0
0
0
0
0
0
0
0
0
0
0
0
0
0
0
0
0
0
0
0
0
0
0
0
0
0
0
0
0
0
0
0
0
0
0
0
0
0
0
0
0
0
0
0
0
0
0
0
0
0
0
0
0
0
0
0
0
0
0
0
0
0
0
0
0
0
0
0
0
0
0
0
0
0
0
0
0
0
0
0
0
0
0
0
0
0
0
0
0
0
0
0
0
0
0
0
0
0
0
0
0
0
0
0
0
0
0
0
0
0
0
0
0
0
0
0
0
0
0
0
0
0
0
0
0
0
0
0
0
0
0
0
0
0
0
0
0
0
0
0
0
0
0
0
0
0
0
0
0
0
0
0
0
0
0
0
0
0
0
0
0
0
0
0
0
0
0
0
0
0
0
0
0
0
0
0
0
0
0
0
0
0
0
0
0
0
0
0
0
0
0
0
0
0
0
0
0
0
0
0
0
0
0
0
0
0
0
0
0
0
0
0
0
0
0
0
0
0
0
0
0
0
0
0
0
0
0
0
0
0
0
0
0
0
0
0
0
0
0
0
0
0
0
0
0
0
0
0
0
0
0
0
0
0
0
0
0
0
0
0
0
0
0
0
0
0
0
0
0
0
0
0
0
0
0
0
0
0
0
0
0
0
0
0
0
0
0
0
0
0
0
0
0
0
0
0
0
0
0
0
0
0
0
0
0
0
0
0
0
0
0
0
0
0
0
0
0
0
0
0
0
0
0
0
0
0
0
0
0
0
0
0
0
0
0
0
0
0
0
0
0
0
0
0
0
0
0
0
0
0
0
0
0
0
0
0
0
0
0
0
0
0
0
0
0
0
0
0
0
0
0
0
0
0
0
0
0
0
0
0
0
0
0
0
0
0
0
0
0
0
0
0
0
0
0
0
0
0
0
0
0
0
0
0
0
0
0
0
0
0
0
0
0
0
0
0
0
0
0
0
0
0
0
0
0
0
0
0
0
0
0
0
0
0
0
0
0
0
0
0
0
0
0
0
0
0
0
0
0
0
0
0
0
0
0
0
0
0
0
0
0
0
0
0
0
0
0
0
0
0
0
0
0
0
0
0
0
0
0
0
0
0
0
0
0
0
0
0
0
0
0
0
0
0
0
0
0
0
0
0
0
0
0
0
0
0
0
0
0
0
0
0
0
0
0
0
0
0
0
0
0
0
0
0
0
0
0
0
0
0
0
0
0
0
0
0
0
0
0
0
0
0
0
0
0
0
0
0
0
0
0
0
0
0
0
0
0
0
0
0
0
0
0
0
0
0
0
0
0
0
0
0
0
0
0
0
0
0
0
0
0
0
0
0
0
0
0
0
0
0
0
0
0
0
0
0
0
0
0
0
0
0
0
0
0
0
0
0
0
0
0
0
0
0
0
0
0
0
0
0
0
0
0
0
0
0
0
0
0
0
0
0
0
0
0
0
0
0
0
0
0
0
0
0
0
0
0
0
0
0
0
0
0
0
0
0
0
0
0
0
0
0
0
0
0
0
0
0
0
0
0
0
0
0
0
0
0
0
0
0
0
0
0
0
0
0
0
0
0
0
0
0
0
0
0
0
0
0
0
0
0
0
0
0
0
0
0
0
0
0
0
0
0
0
0
0
0
0
0
0
0
0
0
0
0
0
0
0
0
0
0
0
0
0
0
0
0
0
0
0
0
0
0
0
0
0
0
0
0
0
0
0
0
0
0
0
0
0
0
0
0
0
0
0
0
0
0
0
0
0
0
0
0
0
0
0
0
0
0
0
0
0
0
0
0
0
0
0
0
0
0
0
0
0
0
0
0
0
0
0
0
0
0
0
0
0
0
0
0
0
0
0
0
0
0
0
0
0
0
0
0
0
0
0
0
0
0
0
0
0
0
0
0
0
0
0
0
0
0
0
0
0
0
0
0
0
0
0
0
0
0
0
0
0
0
0
0
0
0
0
0
0
0
0
0
0
0
0
0
0
0
0
0
0
0
0
0
0
0
0
0
0
0
0
0
0
0
0
0
0
0
0
0
0
0
0
0
0
0
0
0
0
0
0
0
0
0
0
0
0
0
0
0
0
0
0
0
0
0
0
0
0
0
0
0
0
0
0
0
0
0
0
0
0
0
0
0
0
0
0
0
0
0
0
0
0
0
0
0
0
0
0
0
0
0
0
0
0
0
0
0
0
0
0
0
0
0
0
0
0
0
0
0
0
0
0
0
0
0
0
0
0
0
0
0
0
0
0
0
0
0
0
0
0
0
0
0
0
0
0
0
0
0
0
0
0
0
0
0
0
0
0
0
0
0
0
0
0
0
0
0
0
0
0
0
0
0
0
0
0
0
0
0
0
0
0
0
0
0
0
0
0
0
0
0
0
0
0
0
0
0
0
0
0
0
0
0
0
0
0
0
0
0
0
0
0
0
0
0
0
0
0
0
0
0
0
0
0
0
0
0
0
0
0
0
0
0
0
0
0
0
0
0
0
0
0
0
0
0
0
0
0
0
0
0
0
0
0
0
0
0
0
0
0
0
0
0
0
0
0
0
0
0
0
0
0
0
0
0
0
0
0
0
0
0
0
0
0
0
0
0
0
0
0
0
0
0
0
0
0
0
0
0
0
0
0
0
0
0
0
0
0
0
0
0
0
0
0
0
0
0
0
0
0
0
0
0
0
0
0
0
0
0
0
0
0
0
0
0
0
0
0
0
0
0
0
0
0
0
0
0
0
0
0
0
0
0
0
0
0
0
0
0
0
0
0
0
0
0
0
0
0
0
0
0
0
0
0
0
0
0
0
0
0
0
0
0
0
0
0
0
0
0
0
0
0
0
0
0
0
0
0
0
0
0
0
0
0
0
0
0
0
0
0
0
0
0
0
0
0
0
0
0
0
0
0
0
0
0
0
0
0
0
0
0
0
0
0
0
0
0
0
0
0
0
0
0
0
0
0
0
0
0
0
0
0
0
0
0
0
0
0
0
0
0
0
0
0
0
0
0
0
0
0
0
0
0
0
0
0
0
0
0
0
0
0
0
0
0
0
0
0
0
0
0
0
0
0
0
0
0
0
0
0
0
0
0
0
0
0
0
0
0
0
0
0
0
0
0
0
0
0
0
0
0
0
0
0
0
0
0
0
0
0
0
0
0
0
0
0
0
0
0
0
0
0
0
0
0
0
0
0
0
0
0
0
0
0
0
0
0
0
0
0
0
0
0
0
0
0
0
0
0
0
0
0
0
0
0
0
0
0
0
0
0
0
0
0
0
0
0
0
0
0
0
0
0
0
0
0
0
0
0
0
0
0
0
0
0
0
0
0
0
0
0
0
0
0
0
0
0
0
0
0
0
0
0
0
0
0
0
0
0
0
0
0
0
0
0
0
0
0
0
0
0
0
0
0
0
0
0
0
0
0
0
0
0
0
0
0
0
0
0
0
0
0
0
0
0
0
0
0
0
0
0
0
0
0
0
0
0
0
0
0
0
0
0
0
0
0
0
0
0
0
0
0
0
0
0
0
0
0
0
0
0
0
0
0
0
0
0
0
0
0
0
0
0
0
0
0
0
0
0
0
0
0
0
0
0
0
0
0
0
0
0
0
0
0
0
0
0
0
0
0
0
0
0
0
0
0
0
0
0
0
0
0
0
0
0
0
0
0
0
0
0
0
0
0
0
0
0
0
0
0
0
0
0
0
0
0
0
0
0
0
0
0
0
0
0
0
0
0
0
0
0
0
0
0
0
0
0
0
0
0
0
0
0
0
0
0
0
0
0
0
0
0
0
0
0
0
0
0
0
0
0
0
0
0
0
0
0
0
0
0
0
0
0
0
0
0
0
0
0
0
0
0
0
0
0
0
0
0
0
0
0
0
0
0
0
0
0
0
0
0
0
0
0
0
0
0
0
0
0
0
0
0
0
0
0
0
0
0
0
0
0
0
0
0
0
0
0
0
0
0
0
0
0
0
0
0
0
0
0
0
0
0
0
0
0
0
0
0
0
0
0
0
0
0
0
0
0
0
0
0
0
0
0
0
0
0
0
0
0
0
0
0
0
0
0
0
0
0
0
0
0
0
0
0
0
0
0
0
0
0
0
0
0
0
0
0
0
0
0
0
0
0
0
0
0
0
0
0
0
0
0
0
0
0
0
0
0
0
0
0
0
0
0
0
0
0
0
0
0
0
0
0
0
0
0
0
0
0
0
0
0
0
0
0
0
0
0
0
0
0
0
0
0
0
0
0
0
0
0
0
0
0
0
0
0
0
0
0
0
0
0
0
0
0
0
0
0
0
0
0
0
0
0
0
0
0
0
0
0
0
0
0
0
0
0
0
0
0
0
0
0
0
0
0
0
0
0
0
0
0
0
0
0
0
0
0
0
0
0
0
0
0
0
0
0
0
0
0
0
0
0
0
0
0
0
0
0
0
0
0
0
0
0
0
0
0
0
0
0
0
0
0
0
0
0
0
0
0
0
0
0
0
0
0
0
0
0
0
0
0
0
0
0
0
0
0
0
0
0
0
0
0
0
0
0
0
0
0
0
0
0
0
0
0
0
0
0
0
0
0
0
0
0
0
0
0
0
0
0
0
0
0
0
0
0
0
0
0
0
0
0
0
0
0
0
0
0
0
0
0
0
0
0
0
0
0
0
0
0
0
0
0
0
0
0
0
0
0
0
0
0
0
0
0
0
0
0
0
0
0
0
0
0
0
0
0
0
0
0
0
0
0
0
0
0
0
0
0
0
0
0
0
0
0
0
0
0
0
0
0
0
0
0
0
0
0
0
0
0
0
0
0
0
0
0
0
0
0
0
0
0
0
0
0
0
0
0
0
0
0
0
0
0
0
0
0
0
0
0
0
0
0
0
0
0
0
0
0
0
0
0
0
0
0
0
0
0
0
0
0
0
0
0
0
0
0
0
0
0
0
0
0
0
0
0
0
0
0
0
0
0
0
0
0
0
0
0
0
0
0
0
0
0
0
0
0
0
0
0
0
0
0
0
0
0
0
0
0
0
0
0
0
0
0
0
0
0
0
0
0
0
0
0
0
0
0
0
0
0
0
0
0
0
0
0
0
0
0
0
0
0
0
0
0
0
0
0
0
0
0
0
0
0
0
0
0
0
0
0
0
0
0
0
0
0
0
0
0
0
0
0
0
0
0
0
0
0
0
0
0
0
0
0
0
0
0
0
0
0
0
0
0
0
0
0
0
0
0
0
0
0
0
0
0
0
0
0
0
0
0
0
0
0
0
0
0
0
0
0
0
0
0
0
0
0
0
0
0
0
0
0
0
0
0
0
0
0
0
0
0
0
0
0
0
0
0
0
0
0
0
0
0
0
0
0
0
0
0
0
0
0
0
0
0
0
0
0
0
0
0
0
0
0
0
0
0
0
0
0
0
0
0
0
0
0
0
0
0
0
0
0
0
0
0
0
0
0
0
0
0
0
0
0
0
0
0
0
0
0
0
0
0
0
0
0
0
0
0
0
0
0
0
0
0
0
0
0
0
0
0
0
0
0
0
0
0
0
0
0
0
0
0
0
0
0
0
0
0
0
0
0
0
0
0
0
0
0
0
0
0
0
0
0
0
0
0
0
0
0
0
0
0
0
0
0
0
0
0
0
0
0
0
0
0
0
0
0
0
0
0
0
0
0
0
0
0
0
0
0
0
0
0
0
0
0
0
0
0
0
0
0
0
0
0
0
0
0
0
0
0
0
0
0
0
0
0
0
0
0
0
0
0
0
0
0
0
0
0
0
0
0
0
0
0
0
0
0
0
0
0
0
0
0
0
0
0
0
0
0
0
0
0
0
0
0
0
0
0
0
0
0
0
0
0
0
0
0
0
0
0
0
0
0
0
0
0
0
0
0
0
0
0
0
0
0
0
0
0
0
0
0
0
0
0
0
0
0
0
0
0
0
0
0
0
0
0
0
0
0
0
0
0
0
0
0
0
0
0
0
0
0
0
0
0
0
0
0
0
0
0
0
0
0
0
0
0
0
0
0
0
0
0
0
0
0
0
0
0
0
0
0
0
0
0
0
0
0
0
0
0
0
0
0
0
0
0
0
0
0
0
0
0
0
0
0
0
0
0
0
0
0
0
0
0
0
0
0
0
0
0
0
0
0
0
0
0
0
0
0
0
0
0
0
0
0
0
0
0
0
0
0
0
0
0
0
0
0
0
0
0
0
0
0
0
0
0
0
0
0
0
0
0
0
0
0
0
0
0
0
0
0
0
0
0
0
0
0
0
0
0
0
0
0
0
0
0
0
0
0
0
0
0
0
0
0
0
0
0
0
0
0
0
0
0
0
0
0
0
0
0
0
0
0
0
0
0
0
0
0
0
0
0
0
0
0
0
0
0
0
0
0
0
0
0
0
0
0
0
0
0
0
0
0
0
0
0
0
0
0
0
0
0
0
0
0
0
0
0
0
0
0
0
0
0
0
0
0
0
0
0
0
0
0
0
0
0
0
0
0
0
0
0
0
0
0
0
0
0
0
0
0
0
0
0
0
0
0
0
0
0
0
0
0
0
0
0
0
0
0
0
0
0
0
0
0
0
0
0
0
0
0
0
0
0
0
0
0
0
0
0
0
0
0
0
0
0
0
0
0
0
0
0
0
0
0
0
0
0
0
0
0
0
0
0
0
0
0
0
0
0
0
0
0
0
0
0
0
0
0
0
0
0
0
0
0
0
0
0
0
0
0
0
0
0
0
0
0
0
0
0
0
0
0
0
0
0
0
0
0
0
0
0
0
0
0
0
0
0
0
0
0
0
0
0
0
0
0
0
0
0
0
0
0
0
0
0
0
0
0
0
0
0
0
0
0
0
0
0
0
0
0
0
0
0
0
0
0
0
0
0
0
0
0
0
0
0
0
0
0
0
0
0
0
0
0
0
0
0
0
0
0
0
0
0
0
0
0
0
0
0
0
0
0
0
0
0
0
0
0
0
0
0
0
0
0
0
0
0
0
0
0
0
0
0
0
0
0
0
0
0
0
0
0
0
0
0
0
0
0
0
0
0
0
0
0
0
0
0
0
0
0
0
0
0
0
0
0
0
0
0
0
0
0
0
0
0
0
0
0
0
0
0
0
0
0
0
0
0
0
0
0
0
0
0
0
0
0
0
0
0
0
0
0
0
0
0
0
0
0
0
0
0
0
0
0
0
0
0
0
0
0
0
0
0
0
0
0
0
0
0
0
0
0
0
0
0
0
0
0
0
0
0
0
0
0
0
0
0
0
0
0
0
0
0
0
0
0
0
0
0
0
0
0
0
0
0
0
0
0
0
0
0
0
0
0
0
0
0
0
0
0
0
0
0
0
0
0
0
0
0
0
0
0
0
0
0
0
0
0
0
0
0
0
0
0
0
0
0
0
0
0
0
0
0
0
0
0
0
0
0
0
0
0
0
0
0
0
0
0
0
0
0
0
0
0
0
0
0
0
0
0
0
0
0
0
0
0
0
0
0
0
0
0
0
0
0
0
0
0
0
0
0
0
0
0
0
0
0
0
0
0
0
0
0
0
0
0
0
0
0
0
0
0
0
0
0
0
0
0
0
0
0
0
0
0
0
0
0
0
0
0
0
0
0
0
0
0
0
0
0
0
0
0
0
0
0
0
0
0
0
0
0
0
0
0
0
0
0
0
0
0
0
0
0
0
0
0
0
0
0
0
0
0
0
0
0
0
0
0
0
0
0
0
0
0
0
0
0
0
0
0
0
0
0
0
0
0
0
0
0
0
0
0
0
0
0
0
0
0
0
0
0
0
0
0
0
0
0
0
0
0
0
0
0
0
0
0
0
0
0
0
0
0
0
0
0
0
0
0
0
0
0
0
0
0
0
0
0
0
0
0
0
0
0
0
0
0
0
0
0
0
0
0
0
0
0
0
0
0
0
0
0
0
0
0
0
0
0
0
0
0
0
0
0
0
0
0
0
0
0
0
0
0
0
0
0
0
0
0
0
0
0
0
0
0
0
0
0
0
0
0
0
0
0
0
0
0
0
0
0
0
0
0
0
0
0
0
0
0
0
0
0
0
0
0
0
0
0
0
0
0
0
0
0
0
0
0
0
0
0
0
0
0
0
0
0
0
0
0
0
0
0
0
0
0
0
0
0
0
0
0
0
0
0
0
0
0
0
0
0
0
0
0
0
0
0
0
0
0
0
0
0
0
0
0
0
0
0
0
0
0
0
0
0
0
0
0
0
0
0
0
0
0
0
0
0
0
0
0
0
0
0
0
0
0
0
0
0
0
0
0
0
0
0
0
0
0
0
0
0
0
0
0
0
0
0
0
0
0
0
0
0
0
0
0
0
0
0
0
0
0
0
0
0
0
0
0
0
0
0
0
0
0
0
0
0
0
0
0
0
0
0
0
0
0
0
0
0
0
0
0
0
0
0
0
0
0
0
0
0
0
0
0
0
0
0
0
0
0
0
0
0
0
0
0
0
0
0
0
0
0
0
0
0
0
0
0
0
0
0
0
0
0
0
0
0
0
0
0
0
0
0
0
0
0
0
0
0
0
0
0
0
0
0
0
0
0
0
0
0
0
0
0
0
0
0
0
0
0
0
0
0
0
0
0
0
0
0
0
0
0
0
0
0
0
0
0
0
0
0
0
0
0
0
0
0
0
0
0
0
0
0
0
0
0
0
0
0
0
0
0
0
0
0
0
0
0
0
0
0
0
0
0
0
0
0
0
0
0
0
0
0
0
0
0
0
0
0
0
0
0
0
0
0
0
0
0
0
0
0
0
0
0
0
0
0
0
0
0
0
0
0
0
0
0
0
0
0
0
0
0
0
0
0
0
0
0
0
0
0
0
0
0
0
0
0
0
0
0
0
0
0
0
0
0
0
0
0
0
0
0
0
0
0
0
0
0
0
0
0
0
0
0
0
0
0
0
0
0
0
0
0
0
0
0
0
0
0
0
0
0
0
0
0
0
0
0
0
0
0
0
0
0
0
0
0
0
0
0
0
0
0
0
0
0
0
0
0
0
0
0
0
0
0
0
0
0
0
0
0
0
0
0
0
0
0
0
0
0
0
0
0
0
0
0
0
0
0
0
0
0
0
0
0
0
0
0
0
0
0
0
0
0
0
0
0
0
0
0
0
0
0
0
0
0
0
0
0
0
0
0
0
0
0
0
0
0
0
0
0
0
0
0
0
0
0
0
0
0
0
0
0
0
0
0
0
0
0
0
0
0
0
0
0
0
0
0
0
0
0
0
0
0
0
0
0
0
0
0
0
0
0
0
0
0
0
0
0
0
0
0
0
0
0
0
0
0
0
0
0
0
0
0
0
0
0
0
0
0
0
0
0
0
0
0
0
0
0
0
0
0
0
0
0
0
0
0
0
0
0
0
0
0
0
0
0
0
0
0
0
0
0
0
0
0
0
0
0
0
0
0
0
0
0
0
0
0
0
0
0
0
0
0
0
0
0
0
0
0
0
0
0
0
0
0
0
0
0
0
0
0
0
0
0
0
0
0
0
0
0
0
0
0
0
0
0
0
0
0
0
0
0
0
0
0
0
0
0
0
0
0
0
0
0
0
0
0
0
0
0
0
0
0
0
0
0
0
0
0
0
0
0
0
0
0
0
0
0
0
0
0
0
0
0
0
0
0
0
0
0
0
0
0
0
0
0
0
0
0
0
0
0
0
0
0
0
0
0
0
0
0
0
0
0
0
0
0
0
0
0
0
0
0
0
0
0
0
0
0
0
0
0
0
0
0
0
0
0
0
0
0
0
0
0
0
0
0
0
0
0
0
0
0
0
0
0
0
0
0
0
0
0
0
0
0
0
0
0
0
0
0
0
0
0
0
0
0
0
0
0
0
0
0
0
0
0
0
0
0
0
0
0
0
0
0
0
0
0
0
0
0
0
0
0
0
0
0
0
0
0
0
0
0
0
0
0
0
0
0
0
0
0
0
0
0
0
0
0
0
0
0
0
0
0
0
0
0
0
0
0
0
0
0
0
0
0
0
0
0
0
0
0
0
0
0
0
0
0
0
0
0
0
0
0
0
0
0
0
0
0
0
0
0
0
0
0
0
0
0
0
0
0
0
0
0
0
0
0
0
0
0
0
0
0
0
0
0
0
0
0
0
0
0
0
0
0
0
0
0
0
0
0
0
0
0
0
0
0
0
0
0
0
0
0
0
0
0
0
0
0
0
0
0
0
0
0
0
0
0
0
0
0
0
0
0
0
0
0
0
0
0
0
0
0
0
0
0
0
0
0
0
0
0
0
0
0
0
0
0
0
0
0
0
0
0
0
0
0
0
0
0
0
0
0
0
0
0
0
0
0
0
0
0
0
0
0
0
0
0
0
0
0
0
0
0
0
0
0
0
0
0
0
0
0
0
0
0
0
0
0
0
0
0
0
0
0
0
0
0
0
0
0
0
0
0
0
0
0
0
0
0
0
0
0
0
0
0
0
0
0
0
0
0
0
0
0
0
0
0
0
0
0
0
0
0
0
0
0
0
0
0
0
0
0
0
0
0
0
0
0
0
0
0
0
0
0
0
0
0
0
0
0
0
0
0
0
0
0
0
0
0
0
0
0
0
0
0
0
0
0
0
0
0
0
0
0
0
0
0
0
0
0
0
0
0
0
0
0
0
0
0
0
0
0
0
0
0
0
0
0
0
0
0
0
0
0
0
0
0
0
0
0
0
0
0
0
0
0
0
0
0
0
0
0
0
0
0
0
0
0
0
0
0
0
0
0
0
0
0
0
0
0
0
0
0
0
0
0
0
0
0
0
0
0
0
0
0
0
0
0
0
0
0
0
0
0
0
0
0
0
0
0
0
0
0
0
0
0
0
0
0
0
0
0
0
0
0
0
0
0
0
0
0
0
0
0
0
0
0
0
0
0
0
0
0
0
0
0
0
0
0
0
0
0
0
0
0
0
0
0
0
0
0
0
0
0
0
0
0
0
0
0
0
0
0
0
0
0
0
0
0
0
0
0
0
0
0
0
0
0
0
0
0
0
0
0
0
0
0
0
0
0
0
0
0
0
0
0
0
0
0
0
0
0
0
0
0
0
0
0
0
0
0
0
0
0
0
0
0
0
0
0
0
0
0
0
0
0
0
0
0
0
0
0
0
0
0
0
0
0
0
0
0
0
0
0
0
0
0
0
0
0
0
0
0
0
0
0
0
0
0
0
0
0
0
0
0
0
0
0
0
0
0
0
0
0
0
0
0
0
0
0
0
0
0
0
0
0
0
0
0
0
0
0
0
0
0
0
0
0
0
0
0
0
0
0
0
0
0
0
0
0
0
0
0
0
0
0
0
0
0
0
0
0
0
0
0
0
0
0
0
0
0
0
0
0
0
0
0
0
0
0
0
0
0
0
0
0
0
0
0
0
0
0
0
0
0
0
0
0
0
0
0
0
0
0
0
0
0
0
0
0
0
0
0
0
0
0
0
0
0
0
0
0
0
0
0
0
0
0
0
0
0
0
0
0
0
0
0
0
0
0
0
0
0
0
0
0
0
0
0
0
0
0
0
0
0
0
0
0
0
0
0
0
0
0
0
0
0
0
0
0
0
0
0
0
0
0
0
0
0
0
0
0
0
0
0
0
0
0
0
0
0
0
0
0
0
0
0
0
0
0
0
0
0
0
0
0
0
0
0
0
0
0
0
0
0
0
0
0
0
0
0
0
0
0
0
0
0
0
0
0
0
0
0
0
0
0
0
0
0
0
0
0
0
0
0
0
0
0
0
0
0
0
0
0
0
0
0
0
0
0
0
0
0
0
0
0
0
0
0
0
0
0
0
0
0
0
0
0
0
0
0
0
0
0
0
0
0
0
0
0
0
0
0
0
0
0
0
0
0
0
0
0
0
0
0
0
0
0
0
0
0
0
0
0
0
0
0
0
0
0
0
0
0
0
0
0
0
0
0
0
0
0
0
0
0
0
0
0
0
0
0
0
0
0
0
0
0
0
0
0
0
0
0
0
0
0
0
0
0
0
0
0
0
0
0
0
0
0
0
0
0
0
0
0
0
0
0
0
0
0
0
0
0
0
0
0
0
0
0
0
0
0
0
0
0
0
0
0
0
0
0
0
0
0
0
0
0
0
0
0
0
0
0
0
0
0
0
0
0
0
0
0
0
0
0
0
0
0
0
0
0
0
0
0
0
0
0
0
0
0
0
0
0
0
0
0
0
0
0
0
0
0
0
0
0
0
0
0
0
0
0
0
0
0
0
0
0
0
0
0
0
0
0
0
0
0
0
0
0
0
0
0
0
0
0
0
0
0
0
0
0
0
0
0
0
0
0
0
0
0
0
0
0
0
0
0
0
0
0
0
0
0
0
0
0
0
0
0
0
0
0
0
0
0
0
0
0
0
0
0
0
0
0
0
0
0
0
0
0
0
0
0
0
0
0
0
0
0
0
0
0
0
0
0
0
0
0
0
0
0
0
0
0
0
0
0
0
0
0
0
0
0
0
0
0
0
0
0
0
0
0
0
0
0
0
0
0
0
0
0
0
0
0
0
0
0
0
0
0
0
0
0
0
0
0
0
0
0
0
0
0
0
0
0
0
0
0
0
0
0
0
0
0
0
0
0
0
0
0
0
0
0
0
0
0
0
0
0
0
0
0
0
0
0
0
0
0
0
0
0
0
0
0
0
0
0
0
0
0
0
0
0
0
0
0
0
0
0
0
0
0
0
0
0
0
0
0
0
0
0
0
0
0
0
0
0
0
0
0
0
0
0
0
0
0
0
0
0
0
0
0
0
0
0
0
0
0
0
0
0
0
0
0
0
0
0
0
0
0
0
0
0
0
0
0
0
0
0
0
0
0
0
0
0
0
0
0
0
0
0
0
0
0
0
0
0
0
0
0
0
0
0
0
0
0
0
0
0
0
0
0
0
0
0
0
0
0
0
0
0
0
0
0
0
0
0
0
0
0
0
0
0
0
0
0
0
0
0
0
0
0
0
0
0
0
0
0
0
0
0
0
0
0
0
0
0
0
0
0
0
0
0
0
0
0
0
0
0
0
0
0
0
0
0
0
0
0
0
0
0
0
0
0
0
0
0
0
0
0
0
0
0
0
0
0
0
0
0
0
0
0
0
0
0
0
0
0
0
0
0
0
0
0
0
0
0
0
0
0
0
0
0
0
0
0
0
0
0
0
0
0
0
0
0
0
0
0
0
0
0
0
0
0
0
0
0
0
0
0
0
0
0
0
0
0
0
0
0
0
0
0
0
0
0
0
0
0
0
0
0
0
0
0
0
0
0
0
0
0
0
0
0
0
0
0
0
0
0
0
0
0
0
0
0
0
0
0
0
0
0
0
0
0
0
0
0
0
0
0
0
0
0
0
0
0
0
0
0
0
0
0
0
0
0
0
0
0
0
0
0
0
0
0
0
0
0
0
0
0
0
0
0
0
0
0
0
0
0
0
0
0
0
0
0
0
0
0
0
0
0
0
0
0
0
0
0
0
0
0
0
0
0
0
0
0
0
0
0
0
0
0
0
0
0
0
0
0
0
0
0
0
0
0
0
0
0
0
0
0
0
0
0
0
0
0
0
0
0
0
0
0
0
0
0
0
0
0
0
0
0
0
0
0
0
0
0
0
0
0
0
0
0
0
0
0
0
0
0
0
0
0
0
0
0
0
0
0
0
0
0
0
0
0
0
0
0
0
0
0
0
0
0
0
0
0
0
0
0
0
0
0
0
0
0
0
0
0
0
0
0
0
0
0
0
0
0
0
0
0
0
0
0
0
0
0
0
0
0
0
0
0
0
0
0
0
0
0
0
0
0
0
0
0
0
0
0
0
0
0
0
0
0
0
0
0
0
0
0
0
0
0
0
0
0
0
0
0
0
0
0
0
0
0
0
0
0
0
0
0
0
0
0
0
0
0
0
0
0
0
0
0
0
0
0
0
0
0
0
0
0
0
0
0
0
0
0
0
0
0
0
0
0
0
0
0
0
0
0
0
0
0
0
0
0
0
0
0
0
0
0
0
0
0
0
0
0
0
0
0
0
0
0
0
0
0
0
0
0
0
0
0
0
0
0
0
0
0
0
0
0
0
0
0
0
0
0
0
0
0
0
0
0
0
0
0
0
0
0
0
0
0
0
0
0
0
0
0
0
0
0
0
0
0
0
0
0
0
0
0
0
0
0
0
0
0
0
0
0
0
0
0
0
0
0
0
0
0
0
0
0
0
0
0
0
0
0
0
0
0
0
0
0
0
0
0
0
0
0
0
0
0
0
0
0
0
0
0
0
0
0
0
0
0
0
0
0
0
0
0
0
0
0
0
0
0
0
0
0
0
0
0
0
0
0
0
0
0
0
0
0
0
0
0
0
0
0
0
0
0
0
0
0
0
0
0
0
0
0
0
0
0
0
0
0
0
0
0
0
0
0
0
0
0
0
0
0
0
0
0
0
0
0
0
0
0
0
0
0
0
0
0
0
0
0
0
0
0
0
0
0
0
0
0
0
0
0
0
0
0
0
0
0
0
0
0
0
0
0
0
0
0
0
0
0
0
0
0
0
0
0
0
0
0
0
0
0
0
0
0
0
0
0
0
0
0
0
0
0
0
0
0
0
0
0
0
0
0
0
0
0
0
0
0
0
0
0
0
0
0
0
0
0
0
0
0
0
0
0
0
0
0
0
0
0
0
0
0
0
0
0
0
0
0
0
0
0
0
0
0
0
0
0
0
0
0
0
0
0
0
0
0
0
0
0
0
0
0
0
0
0
0
0
0
0
0
0
0
0
0
0
0
0
0
0
0
0
0
0
0
0
0
0
0
0
0
0
0
0
0
0
0
0
0
0
0
0
0
0
0
0
0
0
0
0
0
0
0
0
0
0
0
0
0
0
0
0
0
0
0
0
0
0
0
0
0
0
0
0
0
0
0
0
0
0
0
0
0
0
0
0
0
0
0
0
0
0
0
0
0
0
0
0
0
0
0
0
0
0
0
0
0
0
0
0
0
0
0
0
0
0
0
0
0
0
0
0
0
0
0
0
0
0
0
0
0
0
0
0
0
0
0
0
0
0
0
0
0
0
0
0
0
0
0
0
0
0
0
0
0
0
0
0
0
0
0
0
0
0
0
0
0
0
0
0
0
0
0
0
0
0
0
0
0
0
0
0
0
0
0
0
0
0
0
0
0
0
0
0
0
0
0
0
0
0
0
0
0
0
0
0
0
0
0
0
0
0
0
0
0
0
0
0
0
0
0
0
0
0
0
0
0
0
0
0
0
0
0
0
0
0
0
0
0
0
0
0
0
0
0
0
0
0
0
0
0
0
0
0
0
0
0
0
0
0
0
0
0
0
0
0
0
0
0
0
0
0
0
0
0
0
0
0
0
0
0
0
0
0
0
0
0
0
0
0
0
0
0
0
0
0
0
0
0
0
0
0
0
0
0
0
0
0
0
0
0
0
0
0
0
0
0
0
0
0
0
0
0
0
0
0
0
0
0
0
0
0
0
0
0
0
0
0
0
0
0
0
0
0
0
0
0
0
0
0
0
0
0
0
0
0
0
0
0
0
0
0
0
0
0
0
0
0
0
0
0
0
0
0
0
0
0
0
0
0
0
0
0
0
0
0
0
0
0
0
0
0
0
0
0
0
0
0
0
0
0
0
0
0
0
0
0
0
0
0
0
0
0
0
0
0
0
0
0
0
0
0
0
0
0
0
0
0
0
0
0
0
0
0
0
0
0
0
0
0
0
0
0
0
0
0
0
0
0
0
0
0
0
0
0
0
0
0
0
0
0
0
0
0
0
0
0
0
0
0
0
0
0
0
0
0
0
0
0
0
0
0
0
0
0
0
0
0
0
0
0
0
0
0
0
0
0
0
0
0
0
0
0
0
0
0
0
0
0
0
0
0
0
0
0
0
0
0
0
0
0
0
0
0
0
0
0
0
0
0
0
0
0
0
0
0
0
0
0
0
0
0
0
0
0
0
0
0
0
0
0
0
0
0
0
0
0
0
0
0
0
0
0
0
0
0
0
0
0
0
0
0
0
0
0
0
0
0
0
0
0
0
0
0
0
0
0
0
0
0
0
0
0
0
0
0
0
0
0
0
0
0
0
0
0
0
0
0
0
0
0
0
0
0
0
0
0
0
0
0
0
0
0
0
0
0
0
0
0
0
0
0
0
0
0
0
0
0
0
0
0
0
0
0
0
0
0
0
0
0
0
0
0
0
0
0
0
0
0
0
0
0
0
0
0
0
0
0
0
0
0
0
0
0
0
0
0
0
0
0
0
0
0
0
0
0
0
0
0
0
0
0
0
0
0
0
0
0
0
0
0
0
0
0
0
0
0
0
0
0
0
0
0
0
0
0
0
0
0
0
0
0
0
0
0
0
0
0
0
0
0
0
0
0
0
0
0
0
0
0
0
0
0
0
0
0
0
0
0
0
0
0
0
0
0
0
0
0
0
0
0
0
0
0
0
0
0
0
0
0
0
0
0
0
0
0
0
0
0
0
0
0
0
0
0
0
0
0
0
0
0
0
0
0
0
0
0
0
0
0
0
0
0
0
0
0
0
0
0
0
0
0
0
0
0
0
0
0
0
0
0
0
0
0
0
0
0
0
0
0
0
0
0
0
0
0
0
0
0
0
0
0
0
0
0
0
0
0
0
0
0
0
0
0
0
0
0
0
0
0
0
0
0
0
0
0
0
0
0
0
0
0
0
0
0
0
0
0
0
0
0
0
0
0
0
0
0
0
0
0
0
0
0
0
0
0
0
0
0
0
0
0
0
0
0
0
0
0
0
0
0
0
0
0
0
0
0
0
0
0
0
0
0
0
0
0
0
0
0
0
0
0
0
0
0
0
0
0
0
0
0
0
0
0
0
0
0
0
0
0
0
0
0
0
0
0
0
0
0
0
0
0
0
0
0
0
0
0
0
0
0
0
0
0
0
0
0
0
0
0
0
0
0
0
0
0
0
0
0
0
0
0
0
0
0
0
0
0
0
0
0
0
0
0
0
0
0
0
0
0
0
0
0
0
0
0
0
0
0
0
0
0
0
0
0
0
0
0
0
0
0
0
0
0
0
0
0
0
0
0
0
0
0
0
0
0
0
0
0
0
0
0
0
0
0
0
0
0
0
0
0
0
0
0
0
0
0
0
0
0
0
0
0
0
0
0
0
0
0
0
0
0
0
0
0
0
0
0
0
0
0
0
0
0
0
0
0
0
0
0
0
0
0
0
0
0
0
0
0
0
0
0
0
0
0
0
0
0
0
0
0
0
0
0
0
0
0
0
0
0
0
0
0
0
0
0
0
0
0
0
0
0
0
0
0
0
0
0
0
0
0
0
0
0
0
0
0
0
0
0
0
0
0
0
0
0
0
0
0
0
0
0
0
0
0
0
0
0
0
0
0
0
0
0
0
0
0
0
0
0
0
0
0
0
0
0
0
0
0
0
0
0
0
0
0
0
0
0
0
0
0
0
0
0
0
0
0
0
0
0
0
0
0
0
0
0
0
0
0
0
0
0
0
0
0
0
0
0
0
0
0
0
0
0
0
0
0
0
0
0
0
0
0
0
0
0
0
0
0
0
0
0
0
0
0
0
0
0
0
0
0
0
0
0
0
0
0
0
0
0
0
0
0
0
0
0
0
0
0
0
0
0
0
0
0
0
0
0
0
0
0
0
0
0
0
0
0
0
0
0
0
0
0
0
0
0
0
0
0
0
0
0
0
0
0
0
0
0
0
0
0
0
0
0
0
0
0
0
0
0
0
0
0
0
0
0
0
0
0
0
0
0
0
0
0
0
0
0
0
0
0
0
0
0
0
0
0
0
0
0
0
0
0
0
0
0
0
0
0
0
0
0
0
0
0
0
0
0
0
0
0
0
0
0
0
0
0
0
0
0
0
0
0
0
0
0
0
0
0
0
0
0
0
0
0
0
0
0
0
0
0
0
0
0
0
0
0
0
0
0
0
0
0
0
0
0
0
0
0
0
0
0
0
0
0
0
0
0
0
0
0
0
0
0
0
0
0
0
0
0
0
0
0
0
0
0
0
0
0
0
0
0
0
0
0
0
0
0
0
0
0
0
0
0
0
0
0
0
0
0
0
0
0
0
0
0
0
0
0
0
0
0
0
0
0
0
0
0
0
0
0
0
0
0
0
0
0
0
0
0
0
0
0
0
0
0
0
0
0
0
0
0
0
0
0
0
0
0
0
0
0
0
0
0
0
0
0
0
0
0
0
0
0
0
0
0
0
0
0
0
0
0
0
0
0
0
0
0
0
0
0
0
0
0
0
0
0
0
0
0
0
0
0
0
0
0
0
0
0
0
0
0
0
0
0
0
0
0
0
0
0
0
0
0
0
0
0
0
0
0
0
0
0
0
0
0
0
0
0
0
0
0
0
0
0
0
0
0
0
0
0
0
0
0
0
0
0
0
0
0
0
0
0
0
0
0
0
0
0
0
0
0
0
0
0
0
0
0
0
0
0
0
0
0
0
0
0
0
0
0
0
0
0
0
0
0
0
0
0
0
0
0
0
0
0
0
0
0
0
0
0
0
0
0
0
0
0
0
0
0
0
0
0
0
0
0
0
0
0
0
0
0
0
0
0
0
0
0
0
0
0
0
0
0
0
0
0
0
0
0
0
0
0
0
0
0
0
0
0
0
0
0
0
0
0
0
0
0
0
0
0
0
0
0
0
0
0
0
0
0
0
0
0
0
0
0
0
0
0
0
0
0
0
0
0
0
0
0
0
0
0
0
0
0
0
0
0
0
0
0
0
0
0
0
0
0
0
0
0
0
0
0
0
0
0
0
0
0
0
0
0
0
0
0
0
0
0
0
0
0
0
0
0
0
0
0
0
0
0
0
0
0
0
0
0
0
0
0
0
0
0
0
0
0
0
0
0
0
0
0
0
0
0
0
0
0
0
0
0
0
0
0
0
0
0
0
0
0
0
0
0
0
0
0
0
0
0
0
0
0
0
0
0
0
0
0
0
0
0
0
0
0
0
0
0
0
0
0
0
0
0
0
0
0
0
0
0
0
0
0
0
0
0
0
0
0
0
0
0
0
0
0
0
0
0
0
0
0
0
0
0
0
0
0
0
0
0
0
0
0
0
0
0
0
0
0
0
0
0
0
0
0
0
0
0
0
0
0
0
0
0
0
0
0
0
0
0
0
0
0
0
0
0
0
0
0
0
0
0
0
0
0
0
0
0
0
0
0
0
0
0
0
0
0
0
0
0
0
0
0
0
0
0
0
0
0
0
0
0
0
0
0
0
0
0
0
0
0
0
0
0
0
0
0
0
0
0
0
0
0
0
0
0
0
0
0
0
0
0
0
0
0
0
0
0
0
0
0
0
0
0
0
0
0
0
0
0
0
0
0
0
0
0
0
0
0
0
0
0
0
0
0
0
0
0
0
0
0
0
0
0
0
0
0
0
0
0
0
0
0
0
0
0
0
0
0
0
0
0
0
0
0
0
0
0
0
0
0
0
0
0
0
0
0
0
0
0
0
0
0
0
0
0
0
0
0
0
0
0
0
0
0
0
0
0
0
0
0
0
0
0
0
0
0
0
0
0
0
0
0
0
0
0
0
0
0
0
0
0
0
0
0
0
0
0
0
0
0
0
0
0
0
0
0
0
0
0
0
0
0
0
0
0
0
0
0
0
0
0
0
0
0
0
0
0
0
0
0
0
0
0
0
0
0
0
0
0
0
0
0
0
0
0
0
0
0
0
0
0
0
0
0
0
0
0
0
0
0
0
0
0
0
0
0
0
0
0
0
0
0
0
0
0
0
0
0
0
0
0
0
0
0
0
0
0
0
0
0
0
0
0
0
0
0
0
0
0
0
0
0
0
0
0
0
0
0
0
0
0
0
0
0
0
0
0
0
0
0
0
0
0
0
0
0
0
0
0
0
0
0
0
0
0
0
0
0
0
0
0
0
0
0
0
0
0
0
0
0
0
0
0
0
0
0
0
0
0
0
0
0
0
0
0
0
0
0
0
0
0
0
0
0
0
0
0
0
0
0
0
0
0
0
0
0
0
0
0
0
0
0
0
0
0
0
0
0
0
0
0
0
0
0
0
0
0
0
0
0
0
0
0
0
0
0
0
0
0
0
0
0
0
0
0
0
0
0
0
0
0
0
0
0
0
0
0
0
0
0
0
0
0
0
0
0
0
0
0
0
0
0
0
0
0
0
0
0
0
0
0
0
0
0
0
0
0
0
0
0
0
0
0
0
0
0
0
0
0
0
0
0
0
0
0
0
0
0
0
0
0
0
0
0
0
0
0
0
0
0
0
0
0
0
0
0
0
0
0
0
0
0
0
0
0
0
0
0
0
0
0
0
0
0
0
0
0
0
0
0
0
0
0
0
0
0
0
0
0
0
0
0
0
0
0
0
0
0
0
0
0
0
0
0
0
0
0
0
0
0
0
0
0
0
0
0
0
0
0
0
0
0
0
0
0
0
0
0
0
0
0
0
0
0
0
0
0
0
0
0
0
0
0
0
0
0
0
0
0
0
0
0
0
0
0
0
0
0
0
0
0
0
0
0
0
0
0
0
0
0
0
0
0
0
0
0
0
0
0
0
0
0
0
0
0
0
0
0
0
0
0
0
0
0
0
0
0
0
0
0
0
0
0
0
0
0
0
0
0
0
0
0
0
0
0
0
0
0
0
0
0
0
0
0
0
0
0
0
0
0
0
0
0
0
0
0
0
0
0
0
0
0
0
0
0
0
0
0
0
0
0
0
0
0
0
0
0
0
0
0
0
0
0
0
0
0
0
0
0
0
0
0
0
0
0
0
0
0
0
0
0
0
0
0
0
0
0
0
0
0
0
0
0
0
0
0
0
0
0
0
0
0
0
0
0
0
0
0
0
0
0
0
0
0
0
0
0
0
0
0
0
0
0
0
0
0
0
0
0
0
0
0
0
0
0
0
0
0
0
0
0
0
0
0
0
0
0
0
0
0
0
0
0
0
0
0
0
0
0
0
0
0
0
0
0
0
0
0
0
0
0
0
0
0
0
0
0
0
0
0
0
0
0
0
0
0
0
0
0
0
0
0
0
0
0
0
0
0
0
0
0
0
0
0
0
0
0
0
0
0
0
0
0
0
0
0
0
0
0
0
0
0
0
0
0
0
0
0
0
0
0
0
0
0
0
0
0
0
0
0
0
0
0
0
0
0
0
0
0
0
0
0
0
0
0
0
0
0
0
0
0
0
0
0
0
0
0
0
0
0
0
0
0
0
0
0
0
0
0
0
0
0
0
0
0
0
0
0
0
0
0
0
0
0
0
0
0
0
0
0
0
0
0
0
0
0
0
0
0
0
0
0
0
0
0
0
0
0
0
0
0
0
0
0
0
0
0
0
0
0
0
0
0
0
0
0
0
0
0
0
0
0
0
0
0
0
0
0
0
0
0
0
0
0
0
0
0
0
0
0
0
0
0
0
0
0
0
0
0
0
0
0
0
0
0
0
0
0
0
0
0
0
0
0
0
0
0
0
0
0
0
0
0
0
0
0
0
0
0
0
0
0
0
0
0
0
0
0
0
0
0
0
0
0
0
0
0
0
0
0
0
0
0
0
0
0
0
0
0
0
0
0
0
0
0
0
0
0
0
0
0
0
0
0
0
0
0
0
0
0
0
0
0
0
0
0
0
0
0
0
0
0
0
0
0
0
0
0
0
0
0
0
0
0
0
0
0
0
0
0
0
0
0
0
0
0
0
0
0
0
0
0
0
0
0
0
0
0
0
0
0
0
0
0
0
0
0
0
0
0
0
0
0
0
0
0
0
0
0
0
0
0
0
0
0
0
0
0
0
0
0
0
0
0
0
0
0
0
0
0
0
0
0
0
0
0
0
0
0
0
0
0
0
0
0
0
0
0
0
0
0
0
0
0
0
0
0
0
0
0
0
0
0
0
0
0
0
0
0
0
0
0
0
0
0
0
0
0
0
0
0
0
0
0
0
0
0
0
0
0
0
0
0
0
0
0
0
0
0
0
0
0
0
0
0
0
0
0
0
0
0
0
0
0
0
0
0
0
0
0
0
0
0
0
0
0
0
0
0
0
0
0
0
0
0
0
0
0
0
0
0
0
0
0
0
0
0
0
0
0
0
0
0
0
0
0
0
0
0
0
0
0
0
0
0
0
0
0
0
0
0
0
0
0
0
0
0
0
0
0
0
0
0
0
0
0
0
0
0
0
0
0
0
0
0
0
0
0
0
0
0
0
0
0
0
0
0
0
0
0
0
0
0
0
0
0
0
0
0
0
0
0
0
0
0
0
0
0
0
0
0
0
0
0
0
0
0
0
0
0
0
0
0
0
0
0
0
0
0
0
0
0
0
0
0
0
0
0
0
0
0
0
0
0
0
0
0
0
0
0
0
0
0
0
0
0
0
0
0
0
0
0
0
0
0
0
0
0
0
0
0
0
0
0
0
0
0
0
0
0
0
0
0
0
0
0
0
0
0
0
0
0
0
0
0
0
0
0
0
0
0
0
0
0
0
0
0
0
0
0
0
0
0
0
0
0
0
0
0
0
0
0
0
0
0
0
0
0
0
0
0
0
0
0
0
0
0
0
0
0
0
0
0
0
0
0
0
0
0
0
0
0
0
0
0
0
0
0
0
0
0
0
0
0
0
0
0
0
0
0
0
0
0
0
0
0
0
0
0
0
0
0
0
0
0
0
0
0
0
0
0
0
0
0
0
0
0
0
0
0
0
0
0
0
0
0
0
0
0
0
0
0
0
0
0
0
0
0
0
0
0
0
0
0
0
0
0
0
0
0
0
0
0
0
0
0
0
0
0
0
0
0
0
0
0
0
0
0
0
0
0
0
0
0
0
0
0
0
0
0
0
0
0
0
0
0
0
0
0
0
0
0
0
0
0
0
0
0
0
0
0
0
0
0
0
0
0
0
0
0
0
0
0
0
0
0
0
0
0
0
0
0
0
0
0
0
0
0
0
0
0
0
0
0
0
0
0
0
0
0
0
0
0
0
0
0
0
0
0
0
0
0
0
0
0
0
0
0
0
0
0
0
0
0
0
0
0
0
0
0
0
0
0
0
0
0
0
0
0
0
0
0
0
0
0
0
0
0
0
0
0
0
0
0
0
0
0
0
0
0
0
0
0
0
0
0
0
0
0
0
0
0
0
0
0
0
0
0
0
0
0
0
0
0
0
0
0
0
0
0
0
0
0
0
0
0
0
0
0
0
0
0
0
0
0
0
0
0
0
0
0
0
0
0
0
0
0
0
0
0
0
0
0
0
0
0
0
0
0
0
0
0
0
0
0
0
0
0
0
0
0
0
0
0
0
0
0
0
0
0
0
0
0
0
0
0
0
0
0
0
0
0
0
0
0
0
0
0
0
0
0
0
0
0
0
0
0
0
0
0
0
0
0
0
0
0
0
0
0
0
0
0
0
0
0
0
0
0
0
0
0
0
0
0
0
0
0
0
0
0
0
0
0
0
0
0
0
0
0
0
0
0
0
0
0
0
0
0
0
0
0
0
0
0
0
0
0
0
0
0
0
0
0
0
0
0
0
0
0
0
0
0
0
0
0
0
0
0
0
0
0
0
0
0
0
0
0
0
0
0
0
0
0
0
0
0
0
0
0
0
0
0
0
0
0
0
0
0
0
0
0
0
0
0
0
0
0
0
0
0
0
0
0
0
0
0
0
0
0
0
0
0
0
0
0
0
0
0
0
0
0
0
0
0
0
0
0
0
0
0
0
0
0
0
0
0
0
0
0
0
0
0
0
0
0
0
0
0
0
0
0
0
0
0
0
0
0
0
0
0
0
0
0
0
0
0
0
0
0
0
0
0
0
0
0
0
0
0
0
0
0
0
0
0
0
0
0
0
0
0
0
0
0
0
0
0
0
0
0
0
0
0
0
0
0
0
0
0
0
0
0
0
0
0
0
0
0
0
0
0
0
0
0
0
0
0
0
0
0
0
0
0
0
0
0
0
0
0
0
0
0
0
0
0
0
0
0
0
0
0
0
0
0
0
0
0
0
0
0
0
0
0
0
0
0
0
0
0
0
0
0
0
0
0
0
0
0
0
0
0
0
0
0
0
0
0
0
0
0
0
0
0
0
0
0
0
0
0
0
0
0
0
0
0
0
0
0
0
0
0
0
0
0
0
0
0
0
0
0
0
0
0
0
0
0
0
0
0
0
0
0
0
0
0
0
0
0
0
0
0
0
0
0
0
0
0
0
0
0
0
0
0
0
0
0
0
0
0
0
0
0
0
0
0
0
0
0
0
0
0
0
0
0
0
0
0
0
0
0
0
0
0
0
0
0
0
0
0
0
0
0
0
0
0
0
0
0
0
0
0
0
0
0
0
0
0
0
0
0
0
0
0
0
0
0
0
0
0
0
0
0
0
0
0
0
0
0
0
0
0
0
0
0
0
0
0
0
0
0
0
0
0
0
0
0
0
0
0
0
0
0
0
0
0
0
0
0
0
0
0
0
0
0
0
0
0
0
0
0
0
0
0
0
0
0
0
0
0
0
0
0
0
0
0
0
0
0
0
0
0
0
0
0
0
0
0
0
0
0
0
0
0
0
0
0
0
0
0
0
0
0
0
0
0
0
0
0
0
0
0
0
0
0
0
0
0
0
0
0
0
0
0
0
0
0
0
0
0
0
0
0
0
0
0
0
0
0
0
0
0
0
0
0
0
0
0
0
0
0
0
0
0
0
0
0
0
0
0
0
0
0
0
0
0
0
0
0
0
0
0
0
0
0
0
0
0
0
0
0
0
0
0
0
0
0
0
0
0
0
0
0
0
0
0
0
0
0
0
0
0
0
0
0
0
0
0
0
0
0
0
0
0
0
0
0
0
0
0
0
0
0
0
0
0
0
0
0
0
0
0
0
0
0
0
0
0
0
0
0
0
0
0
0
0
0
0
0
0
0
0
0
0
0
0
0
0
0
0
0
0
0
0
0
0
0
0
0
0
0
0
0
0
0
0
0
0
0
0
0
0
0
0
0
0
0
0
0
0
0
0
0
0
0
0
0
0
0
0
0
0
0
0
0
0
0
0
0
0
0
0
0
0
0
0
0
0
0
0
0
0
0
0
0
0
0
0
0
0
0
0
0
0
0
0
0
0
0
0
0
0
0
0
0
0
0
0
0
0
0
0
0
0
0
0
0
0
0
0
0
0
0
0
0
0
0
0
0
0
0
0
0
0
0
0
0
0
0
0
0
0
0
0
0
0
0
0
0
0
0
0
0
0
0
0
0
0
0
0
0
0
0
0
0
0
0
0
0
0
0
0
0
0
0
0
0
0
0
0
0
0
0
0
0
0
0
0
0
0
0
0
0
0
0
0
0
0
0
0
0
0
0
0
0
0
0
0
0
0
0
0
0
0
0
0
0
0
0
0
0
0
0
0
0
0
0
0
0
0
0
0
0
0
0
0
0
0
0
0
0
0
0
0
0
0
0
0
0
0
0
0
0
0
0
0
0
0
0
0
0
0
0
0
0
0
0
0
0
0
0
0
0
0
0
0
0
0
0
0
0
0
0
0
0
0
0
0
0
0
0
0
0
0
0
0
0
0
0
0
0
0
0
0
0
0
0
0
0
0
0
0
0
0
0
0
0
0
0
0
0
0
0
0
0
0
0
0
0
0
0
0
0
0
0
0
0
0
0
0
0
0
0
0
0
0
0
0
0
0
0
0
0
0
0
0
0
0
0
0
0
0
0
0
0
0
0
0
0
0
0
0
0
0
0
0
0
0
0
0
0
0
0
0
0
0
0
0
0
0
0
0
0
0
0
0
0
0
0
0
0
0
0
0
0
0
0
0
0
0
0
0
0
0
0
0
0
0
0
0
0
0
0
0
0
0
0
0
0
0
0
0
0
0
0
0
0
0
0
0
0
0
0
0
0
0
0
0
0
0
0
0
0
0
0
0
0
0
0
0
0
0
0
0
0
0
0
0
0
0
0
0
0
0
0
0
0
0
0
0
0
0
0
0
0
0
0
0
0
0
0
0
0
0
0
0
0
0
0
0
0
0
0
0
0
0
0
0
0
0
0
0
0
0
0
0
0
0
0
0
0
0
0
0
0
0
0
0
0
0
0
0
0
0
0
0
0
0
0
0
0
0
0
0
0
0
0
0
0
0
0
0
0
0
0
0
0
0
0
0
0
0
0
0
0
0
0
0
0
0
0
0
0
0
0
0
0
0
0
0
0
0
0
0
0
0
0
0
0
0
0
0
0
0
0
0
0
0
0
0
0
0
0
0
0
0
0
0
0
0
0
0
0
0
0
0
0
0
0
0
0
0
0
0
0
0
0
0
0
0
0
0
0
0
0
0
0
0
0
0
0
0
0
0
0
0
0
0
0
0
0
0
0
0
0
0
0
0
0
0
0
0
0
0
0
0
0
0
0
0
0
0
0
0
0
0
0
0
0
0
0
0
0
0
0
0
0
0
0
0
0
0
0
0
0
0
0
0
0
0
0
0
0
0
0
0
0
0
0
0
0
0
0
0
0
0
0
0
0
0
0
0
0
0
0
0
0
0
0
0
0
0
0
0
0
0
0
0
0
0
0
0
0
0
0
0
0
0
0
0
0
0
0
0
0
0
0
0
0
0
0
0
0
0
0
0
0
0
0
0
0
0
0
0
0
0
0
0
0
0
0
0
0
0
0
0
0
0
0
0
0
0
0
0
0
0
0
0
0
0
0
0
0
0
0
0
0
0
0
0
0
0
0
0
0
0
0
0
0
0
0
0
0
0
0
0
0
0
0
0
0
0
0
0
0
0
0
0
0
0
0
0
0
0
0
0
0
0
0
0
0
0
0
0
0
0
0
0
0
0
0
0
0
0
0
0
0
0
0
0
0
0
0
0
0
0
0
0
0
0
0
0
0
0
0
0
0
0
0
0
0
0
0
0
0
0
0
0
0
0
0
0
0
0
0
0
0
0
0
0
0
0
0
0
0
0
0
0
0
0
0
0
0
0
0
0
0
0
0
0
0
0
0
0
0
0
0
0
0
0
0
0
0
0
0
0
0
0
0
0
0
0
0
0
0
0
0
0
0
0
0
0
0
0
0
0
0
0
0
0
0
0
0
0
0
0
0
0
0
0
0
0
0
0
0
0
0
0
0
0
0
0
0
0
0
0
0
0
0
0
0
0
0
0
0
0
0
0
0
0
0
0
0
0
0
0
0
0
0
0
0
0
0
0
0
0
0
0
0
0
0
0
0
0
0
0
0
0
0
0
0
0
0
0
0
0
0
0
0
0
0
0
0
0
0
0
0
0
0
0
0
0
0
0
0
0
0
0
0
0
0
0
0
0
0
0
0
0
0
0
0
0
0
0
0
0
0
0
0
0
0
0
0
0
0
0
0
0
0
0
0
0
0
0
0
0
0
0
0
0
0
0
0
0
0
0
0
0
0
0
0
0
0
0
0
0
0
0
0
0
0
0
0
0
0
0
0
0
0
0
0
0
0
0
0
0
0
0
0
0
0
0
0
0
0
0
0
0
0
0
0
0
0
0
0
0
0
0
0
0
0
0
0
0
0
0
0
0
0
0
0
0
0
0
0
0
0
0
0
0
0
0
0
0
0
0
0
0
0
0
0
0
0
0
0
0
0
0
0
0
0
0
0
0
0
0
0
0
0
0
0
0
0
0
0
0
0
0
0
0
0
0
0
0
0
0
0
0
0
0
0
0
0
0
0
0
0
0
0
0
0
0
0
0
0
0
0
0
0
0
0
0
0
0
0
0
0
0
0
0
0
0
0
0
0
0
0
0
0
0
0
0
0
0
0
0
0
0
0
0
0
0
0
0
0
0
0
0
0
0
0
0
0
0
0
0
0
0
0
0
0
0
0
0
0
0
0
0
0
0
0
0
0
0
0
0
0
0
0
0
0
0
0
0
0
0
0
0
0
0
0
0
0
0
0
0
0
0
0
0
0
0
0
0
0
0
0
0
0
0
0
0
0
0
0
0
0
0
0
0
0
0
0
0
0
0
0
0
0
0
0
0
0
0
0
0
0
0
0
0
0
0
0
0
0
0
0
0
0
0
0
0
0
0
0
0
0
0
0
0
0
0
0
0
0
0
0
0
0
0
0
0
0
0
0
0
0
0
0
0
0
0
0
0
0
0
0
0
0
0
0
0
0
0
0
0
0
0
0
0
0
0
0
0
0
0
0
0
0
0
0
0
0
0
0
0
0
0
0
0
0
0
0
0
0
0
0
0
0
0
0
0
0
0
0
0
0
0
0
0
0
0
0
0
0
0
0
0
0
0
0
0
0
0
0
0
0
0
0
0
0
0
0
0
0
0
0
0
0
0
0
0
0
0
0
0
0
0
0
0
0
0
0
0
0
0
0
0
0
0
0
0
0
0
0
0
0
0
0
0
0
0
0
0
0
0
0
0
0
0
0
0
0
0
0
0
0
0
0
0
0
0
0
0
0
0
0
0
0
0
0
0
0
0
0
0
0
0
0
0
0
0
0
0
0
0
0
0
0
0
0
0
0
0
0
0
0
0
0
0
0
0
0
0
0
0
0
0
0
0
0
0
0
0
0
0
0
0
0
0
0
0
0
0
0
0
0
0
0
0
0
0
0
0
0
0
0
0
0
0
0
0
0
0
0
0
0
0
0
0
0
0
0
0
0
0
0
0
0
0
0
0
0
0
0
0
0
0
0
0
0
0
0
0
0
0
0
0
0
0
0
0
0
0
0
0
0
0
0
0
0
0
0
0
0
0
0
0
0
0
0
0
0
0
0
0
0
0
0
0
0
0
0
0
0
0
0
0
0
0
0
0
0
0
0
0
0
0
0
0
0
0
0
0
0
0
0
0
0
0
0
0
0
0
0
0
0
0
0
0
0
0
0
0
0
0
0
0
0
0
0
0
0
0
0
0
0
0
0
0
0
0
0
0
0
0
0
0
0
0
0
0
0
0
0
0
0
0
0
0
0
0
0
0
0
0
0
0
0
0
0
0
0
0
0
0
0
0
0
0
0
0
0
0
0
0
0
0
0
0
0
0
0
0
0
0
0
0
0
0
0
0
0
0
0
0
0
0
0
0
0
0
0
0
0
0
0
0
0
0
0
0
0
0
0
0
0
0
0
0
0
0
0
0
0
0
0
0
0
0
0
0
0
0
0
0
0
0
0
0
0
0
0
0
0
0
0
0
0
0
0
0
0
0
0
0
0
0
0
0
0
0
0
0
0
0
0
0
0
0
0
0
0
0
0
0
0
0
0
0
0
0
0
0
0
0
0
0
0
0
0
0
0
0
0
0
0
0
0
0
0
0
0
0
0
0
0
0
0
0
0
0
0
0
0
0
0
0
0
0
0
0
0
0
0
0
0
0
0
0
0
0
0
0
0
0
0
0
0
0
0
0
0
0
0
0
0
0
0
0
0
0
0
0
0
0
0
0
0
0
0
0
0
0
0
0
0
0
0
0
0
0
0
0
0
0
0
0
0
0
0
0
0
0
0
0
0
0
0
0
0
0
0
0
0
0
0
0
0
0
0
0
0
0
0
0
0
0
0
0
0
0
0
0
0
0
0
0
0
0
0
0
0
0
0
0
0
0
0
0
0
0
0
0
0
0
0
0
0
0
0
0
0
0
0
0
0
0
0
0
0
0
0
0
0
0
0
0
0
0
0
0
0
0
0
0
0
0
0
0
0
0
0
0
0
0
0
0
0
0
0
0
0
0
0
0
0
0
0
0
0
0
0
0
0
0
0
0
0
0
0
0
0
0
0
0
0
0
0
0
0
0
0
0
0
0
0
0
0
0
0
0
0
0
0
0
0
0
0
0
0
0
0
0
0
0
0
0
0
0
0
0
0
0
0
0
0
0
0
0
0
0
0
0
0
0
0
0
0
0
0
0
0
0
0
0
0
0
0
0
0
0
0
0
0
0
0
0
0
0
0
0
0
0
0
0
0
0
0
0
0
0
0
0
0
0
0
0
0
0
0
0
0
0
0
0
0
0
0
0
0
0
0
0
0
0
0
0
0
0
0
0
0
0
0
0
0
0
0
0
0
0
0
0
0
0
0
0
0
0
0
0
0
0
0
0
0
0
0
0
0
0
0
0
0
0
0
0
0
0
0
0
0
0
0
0
0
0
0
0
0
0
0
0
0
0
0
0
0
0
0
0
0
0
0
0
0
0
0
0
0
0
0
0
0
0
0
0
0
0
0
0
0
0
0
0
0
0
0
0
0
0
0
0
0
0
0
0
0
0
0
0
0
0
0
0
0
0
0
0
0
0
0
0
0
0
0
0
0
0
0
0
0
0
0
0
0
0
0
0
0
0
0
0
0
0
0
0
0
0
0
0
0
0
0
0
0
0
0
0
0
0
0
0
0
0
0
0
0
0
0
0
0
0
0
0
0
0
0
0
0
0
0
0
0
0
0
0
0
0
0
0
0
0
0
0
0
0
0
0
0
0
0
0
0
0
0
0
0
0
0
0
0
0
0
0
0
0
0
0
0
0
0
0
0
0
0
0
0
0
0
0
0
0
0
0
0
0
0
0
0
0
0
0
0
0
0
0
0
0
0
0
0
0
0
0
0
0
0
0
0
0
0
0
0
0
0
0
0
0
0
0
0
0
0
0
0
0
0
0
0
0
0
0
0
0
0
0
0
0
0
0
0
0
0
0
0
0
0
0
0
0
0
0
0
0
0
0
0
0
0
0
0
0
0
0
0
0
0
0
0
0
0
0
0
0
0
0
0
0
0
0
0
0
0
0
0
0
0
0
0
0
0
0
0
0
0
0
0
0
0
0
0
0
0
0
0
0
0
0
0
0
0
0
0
0
0
0
0
0
0
0
0
0
0
0
0
0
0
0
0
0
0
0
0
0
0
0
0
0
0
0
0
0
0
0
0
0
0
0
0
0
0
0
0
0
0
0
0
0
0
0
0
0
0
0
0
0
0
0
0
0
0
0
0
0
0
0
0
0
0
0
0
0
0
0
0
0
0
0
0
0
0
0
0
0
0
0
0
0
0
0
0
0
0
0
0
0
0
0
0
0
0
0
0
0
0
0
0
0
0
0
0
0
0
0
0
0
0
0
0
0
0
0
0
0
0
0
0
0
0
0
0
0
0
0
0
0
0
0
0
0
0
0
0
0
0
0
0
0
0
0
0
0
0
0
0
0
0
0
0
0
0
0
0
0
0
0
0
0
0
0
0
0
0
0
0
0
0
0
0
0
0
0
0
0
0
0
0
0
0
0
0
0
0
0
0
0
0
0
0
0
0
0
0
0
0
0
0
0
0
0
0
0
0
0
0
0
0
0
0
0
0
0
0
0
0
0
0
0
0
0
0
0
0
0
0
0
0
0
0
0
0
0
0
0
0
0
0
0
0
0
0
0
0
0
0
0
0
0
0
0
0
0
0
0
0
0
0
0
0
0
0
0
0
0
0
0
0
0
0
0
0
0
0
0
0
0
0
0
0
0
0
0
0
0
0
0
0
0
0
0
0
0
0
0
0
0
0
0
0
0
0
0
0
0
0
0
0
0
0
0
0
0
0
0
0
0
0
0
0
0
0
0
0
0
0
0
0
0
0
0
0
0
0
0
0
0
0
0
0
0
0
0
0
0
0
0
0
0
0
0
0
0
0
0
0
0
0
0
0
0
0
0
0
0
0
0
0
0
0
0
0
0
0
0
0
0
0
0
0
0
0
0
0
0
0
0
0
0
0
0
0
0
0
0
0
0
0
0
0
0
0
0
0
0
0
0
0
0
0
0
0
0
0
0
0
0
0
0
0
0
0
0
0
0
0
0
0
0
0
0
0
0
0
0
0
0
0
0
0
0
0
0
0
0
0
0
0
0
0
0
0
0
0
0
0
0
0
0
0
0
0
0
0
0
0
0
0
0
0
0
0
0
0
0
0
0
0
0
0
0
0
0
0
0
0
0
0
0
0
0
0
0
0
0
0
0
0
0
0
0
0
0
0
0
0
0
0
0
0
0
0
0
0
0
0
0
0
0
0
0
0
0
0
0
0
0
0
0
0
0
0
0
0
0
0
0
0
0
0
0
0
0
0
0
0
0
0
0
0
0
0
0
0
0
0
0
0
0
0
0
0
0
0
0
0
0
0
0
0
0
0
0
0
0
0
0
0
0
0
0
0
0
0
0
0
0
0
0
0
0
0
0
0
0
0
0
0
0
0
0
0
0
0
0
0
0
0
0
0
0
0
0
0
0
0
0
0
0
0
0
0
0
0
0
0
0
0
0
0
0
0
0
0
0
0
0
0
0
0
0
0
0
0
0
0
0
0
0
0
0
0
0
0
0
0
0
0
0
0
0
0
0
0
0
0
0
0
0
0
0
0
0
0
0
0
0
0
0
0
0
0
0
0
0
0
0
0
0
0
0
0
0
0
0
0
0
0
0
0
0
0
0
0
0
0
0
0
0
0
0
0
0
0
0
0
0
0
0
0
0
0
0
0
0
0
0
0
0
0
0
0
0
0
0
0
0
0
0
0
0
0
0
0
0
0
0
0
0
0
0
0
0
0
0
0
0
0
0
0
0
0
0
0
0
0
0
0
0
0
0
0
0
0
0
0
0
0
0
0
0
0
0
0
0
0
0
0
0
0
0
0
0
0
0
0
0
0
0
0
0
0
0
0
0
0
0
0
0
0
0
0
0
0
0
0
0
0
0
0
0
0
0
0
0
0
0
0
0
0
0
0
0
0
0
0
0
0
0
0
0
0
0
0
0
0
0
0
0
0
0
0
0
0
0
0
0
0
0
0
0
0
0
0
0
0
0
0
0
0
0
0
0
0
0
0
0
0
0
0
0
0
0
0
0
0
0
0
0
0
0
0
0
0
0
0
0
0
0
0
0
0
0
0
0
0
0
0
0
0
0
0
0
0
0
0
0
0
0
0
0
0
0
0
0
0
0
0
0
0
0
0
0
0
0
0
0
0
0
0
0
0
0
0
0
0
0
0
0
0
0
0
0
0
0
0
0
0
0
0
0
0
0
0
0
0
0
0
0
0
0
0
0
0
0
0
0
0
0
0
0
0
0
0
0
0
0
0
0
0
0
0
0
0
0
0
0
0
0
0
0
0
0
0
0
0
0
0
0
0
0
0
0
0
0
0
0
0
0
0
0
0
0
0
0
0
0
0
0
0
0
0
0
0
0
0
0
0
0
0
0
0
0
0
0
0
0
0
0
0
0
0
0
0
0
0
0
0
0
0
0
0
0
0
0
0
0
0
0
0
0
0
0
0
0
0
0
0
0
0
0
0
0
0
0
0
0
0
0
0
0
0
0
0
0
0
0
0
0
0
0
0
0
0
0
0
0
0
0
0
0
0
0
0
0
0
0
0
0
0
0
0
0
0
0
0
0
0
0
0
0
0
0
0
0
0
0
0
0
0
0
0
0
0
0
0
0
0
0
0
0
0
0
0
0
0
0
0
0
0
0
0
0
0
0
0
0
0
0
0
0
0
0
0
0
0
0
0
0
0
0
0
0
0
0
0
0
0
0
0
0
0
0
0
0
0
0
0
0
0
0
0
0
0
0
0
0
0
0
0
0
0
0
0
0
0
0
0
0
0
0
0
0
0
0
0
0
0
0
0
0
0
0
0
0
0
0
0
0
0
0
0
0
0
0
0
0
0
0
0
0
0
0
0
0
0
0
0
0
0
0
0
0
0
0
0
0
0
0
0
0
0
0
0
0
0
0
0
0
0
0
0
0
0
0
0
0
0
0
0
0
0
0
0
0
0
0
0
0
0
0
0
0
0
0
0
0
0
0
0
0
0
0
0
0
0
0
0
0
0
0
0
0
0
0
0
0
0
0
0
0
0
0
0
0
0
0
0
0
0
0
0
0
0
0
0
0
0
0
0
0
0
0
0
0
0
0
0
0
0
0
0
0
0
0
0
0
0
0
0
0
0
0
0
0
0
0
0
0
0
0
0
0
0
0
0
0
0
0
0
0
0
0
0
0
0
0
0
0
0
0
0
0
0
0
0
0
0
0
0
0
0
0
0
0
0
0
0
0
0
0
0
0
0
0
0
0
0
0
0
0
0
0
0
0
0
0
0
0
0
0
0
0
0
0
0
0
0
0
0
0
0
0
0
0
0
0
0
0
0
0
0
0
0
0
0
0
0
0
0
0
0
0
0
0
0
0
0
0
0
0
0
0
0
0
0
0
0
0
0
0
0
0
0
0
0
0
0
0
0
0
0
0
0
0
0
0
0
0
0
0
0
0
0
0
0
0
0
0
0
0
0
0
0
0
0
0
0
0
0
0
0
0
0
0
0
0
0
0
0
0
0
0
0
0
0
0
0
0
0
0
0
0
0
0
0
0
0
0
0
0
0
0
0
0
0
0
0
0
0
0
0
0
0
0
0
0
0
0
0
0
0
0
0
0
0
0
0
0
0
0
0
0
0
0
0
0
0
0
0
0
0
0
0
0
0
0
0
0
0
0
0
0
0
0
0
0
0
0
0
0
0
0
0
0
0
0
0
0
0
0
0
0
0
0
0
0
0
0
0
0
0
0
0
0
0
0
0
0
0
0
0
0
0
0
0
0
0
0
0
0
0
0
0
0
0
0
0
0
0
0
0
0
0
0
0
0
0
0
0
0
0
0
0
0
0
0
0
0
0
0
0
0
0
0
0
0
0
0
0
0
0
0
0
0
0
0
0
0
0
0
0
0
0
0
0
0
0
0
0
0
0
0
0
0
0
0
0
0
0
0
0
0
0
0
0
0
0
0
0
0
0
0
0
0
0
0
0
0
0
0
0
0
0
0
0
0
0
0
0
0
0
0
0
0
0
0
0
0
0
0
0
0
0
0
0
0
0
0
0
0
0
0
0
0
0
0
0
0
0
0
0
0
0
0
0
0
0
0
0
0
0
0
0
0
0
0
0
0
0
0
0
0
0
0
0
0
0
0
0
0
0
0
0
0
0
0
0
0
0
0
0
0
0
0
0
0
0
0
0
0
0
0
0
0
0
0
0
0
0
0
0
0
0
0
0
0
0
0
0
0
0
0
0
0
0
0
0
0
0
0
0
0
0
0
0
0
0
0
0
0
0
0
0
0
0
0
0
0
0
0
0
0
0
0
0
0
0
0
0
0
0
0
0
0
0
0
0
0
0
0
0
0
0
0
0
0
0
0
0
0
0
0
0
0
0
0
0
0
0
0
0
0
0
0
0
0
0
0
0
0
0
0
0
0
0
0
0
0
0
0
0
0
0
0
0
0
0
0
0
0
0
0
0
0
0
0
0
0
0
0
0
0
0
0
0
0
0
0
0
0
0
0
0
0
0
0
0
0
0
0
0
0
0
0
0
0
0
0
0
0
0
0
0
0
0
0
0
0
0
0
0
0
0
0
0
0
0
0
0
0
0
0
0
0
0
0
0
0
0
0
0
0
0
0
0
0
0
0
0
0
0
0
0
0
0
0
0
0
0
0
0
0
0
0
0
0
0
0
0
0
0
0
0
0
0
0
0
0
0
0
0
0
0
0
0
0
0
0
0
0
0
0
0
0
0
0
0
0
0
0
0
0
0
0
0
0
0
0
0
0
0
0
0
0
0
0
0
0
0
0
0
0
0
0
0
0
0
0
0
0
0
0
0
0
0
0
0
0
0
0
0
0
0
0
0
0
0
0
0
0
0
0
0
0
0
0
0
0
0
0
0
0
0
0
0
0
0
0
0
0
0
0
0
0
0
0
0
0
0
0
0
0
0
0
0
0
0
0
0
0
0
0
0
0
0
0
0
0
0
0
0
0
0
0
0
0
0
0
0
0
0
0
0
0
0
0
0
0
0
0
0
0
0
0
0
0
0
0
0
0
0
0
0
0
0
0
0
0
0
0
0
0
0
0
0
0
0
0
0
0
0
0
0
0
0
0
0
0
0
0
0
0
0
0
0
0
0
0
0
0
0
0
0
0
0
0
0
0
0
0
0
0
0
0
0
0
0
0
0
0
0
0
0
0
0
0
0
0
0
0
0
0
0
0
0
0
0
0
0
0
0
0
0
0
0
0
0
0
0
0
0
0
0
0
0
0
0
0
0
0
0
0
0
0
0
0
0
0
0
0
0
0
0
0
0
0
0
0
0
0
0
0
0
0
0
0
0
0
0
0
0
0
0
0
0
0
0
0
0
0
0
0
0
0
0
0
0
0
0
0
0
0
0
0
0
0
0
0
0
0
0
0
0
0
0
0
0
0
0
0
0
0
0
0
0
0
0
0
0
0
0
0
0
0
0
0
0
0
0
0
0
0
0
0
0
0
0
0
0
0
0
0
0
0
0
0
0
0
0
0
0
0
0
0
0
0
0
0
0
0
0
0
0
0
0
0
0
0
0
0
0
0
0
0
0
0
0
0
0
0
0
0
0
0
0
0
0
0
0
0
0
0
0
0
0
0
0
0
0
0
0
0
0
0
0
0
0
0
0
0
0
0
0
0
0
0
0
0
0
0
0
0
0
0
0
0
0
0
0
0
0
0
0
0
0
0
0
0
0
0
0
0
0
0
0
0
0
0
0
0
0
0
0
0
0
0
0
0
0
0
0
0
0
0
0
0
0
0
0
0
0
0
0
0
0
0
0
0
0
0
0
0
0
0
0
0
0
0
0
0
0
0
0
0
0
0
0
0
0
0
0
0
0
0
0
0
0
0
0
0
0
0
0
0
0
0
0
0
0
0
0
0
0
0
0
0
0
0
0
0
0
0
0
0
0
0
0
0
0
0
0
0
0
0
0
0
0
0
0
0
0
0
0
0
0
0
0
0
0
0
0
0
0
0
0
0
0
0
0
0
0
0
0
0
0
0
0
0
0
0
0
0
0
0
0
0
0
0
0
0
0
0
0
0
0
0
0
0
0
0
0
0
0
0
0
0
0
0
0
0
0
0
0
0
0
0
0
0
0
0
0
0
0
0
0
0
0
0
0
0
0
0
0
0
0
0
0
0
0
0
0
0
0
0
0
0
0
0
0
0
0
0
0
0
0
0
0
0
0
0
0
0
0
0
0
0
0
0
0
0
0
0
0
0
0
0
0
0
0
0
0
0
0
0
0
0
0
0
0
0
0
0
0
0
0
0
0
0
0
0
0
0
0
0
0
0
0
0
0
0
0
0
0
0
0
0
0
0
0
0
0
0
0
0
0
0
0
0
0
0
0
0
0
0
0
0
0
0
0
0
0
0
0
0
0
0
0
0
0
0
0
0
0
0
0
0
0
0
0
0
0
0
0
0
0
0
0
0
0
0
0
0
0
0
0
0
0
0
0
0
0
0
0
0
0
0
0
0
0
0
0
0
0
0
0
0
0
0
0
0
0
0
0
0
0
0
0
0
0
0
0
0
0
0
0
0
0
0
0
0
0
0
0
0
0
0
0
0
0
0
0
0
0
0
0
0
0
0
0
0
0
0
0
0
0
0
0
0
0
0
0
0
0
0
0
0
0
0
0
0
0
0
0
0
0
0
0
0
0
0
0
0
0
0
0
0
0
0
0
0
0
0
0
0
0
0
0
0
0
0
0
0
0
0
0
0
0
0
0
0
0
0
0
0
0
0
0
0
0
0
0
0
0
0
0
0
0
0
0
0
0
0
0
0
0
0
0
0
0
0
0
0
0
0
0
0
0
0
0
0
0
0
0
0
0
0
0
0
0
0
0
0
0
0
0
0
0
0
0
0
0
0
0
0
0
0
0
0
0
0
0
0
0
0
0
0
0
0
0
0
0
0
0
0
0
0
0
0
0
0
0
0
0
0
0
0
0
0
0
0
0
0
0
0
0
0
0
0
0
0
0
0
0
0
0
0
0
0
0
0
0
0
0
0
0
0
0
0
0
0
0
0
0
0
0
0
0
0
0
0
0
0
0
0
0
0
0
0
0
0
0
0
0
0
0
0
0
0
0
0
0
0
0
0
0
0
0
0
0
0
0
0
0
0
0
0
0
0
0
0
0
0
0
0
0
0
0
0
0
0
0
0
0
0
0
0
0
0
0
0
0
0
0
0
0
0
0
0
0
0
0
0
0
0
0
0
0
0
0
0
0
0
0
0
0
0
0
0
0
0
0
0
0
0
0
0
0
0
0
0
0
0
0
0
0
0
0
0
0
0
0
0
0
0
0
0
0
0
0
0
0
0
0
0
0
0
0
0
0
0
0
0
0
0
0
0
0
0
0
0
0
0
0
0
0
0
0
0
0
0
0
0
0
0
0
0
0
0
0
0
0
0
0
0
0
0
0
0
0
0
0
0
0
0
0
0
0
0
0
0
0
0
0
0
0
0
0
0
0
0
0
0
0
0
0
0
0
0
0
0
0
0
0
0
0
0
0
0
0
0
0
0
0
0
0
0
0
0
0
0
0
0
0
0
0
0
0
0
0
0
0
0
0
0
0
0
0
0
0
0
0
0
0
0
0
0
0
0
0
0
0
0
0
0
0
0
0
0
0
0
0
0
0
0
0
0
0
0
0
0
0
0
0
0
0
0
0
0
0
0
0
0
0
0
0
0
0
0
0
0
0
0
0
0
0
0
0
0
0
0
0
0
0
0
0
0
0
0
0
0
0
0
0
0
0
0
0
0
0
0
0
0
0
0
0
0
0
0
0
0
0
0
0
0
0
0
0
0
0
0
0
0
0
0
0
0
0
0
0
0
0
0
0
0
0
0
0
0
0
0
0
0
0
0
0
0
0
0
0
0
0
0
0
0
0
0
0
0
0
0
0
0
0
0
0
0
0
0
0
0
0
0
0
0
0
0
0
0
0
0
0
0
0
0
0
0
0
0
0
0
0
0
0
0
0
0
0
0
0
0
0
0
0
0
0
0
0
0
0
0
0
0
0
0
0
0
0
0
0
0
0
0
0
0
0
0
0
0
0
0
0
0
0
0
0
0
0
0
0
0
0
0
0
0
0
0
0
0
0
0
0
0
0
0
0
0
0
0
0
0
0
0
0
0
0
0
0
0
0
0
0
0
0
0
0
0
0
0
0
0
0
0
0
0
0
0
0
0
0
0
0
0
0
0
0
0
0
0
0
0
0
0
0
0
0
0
0
0
0
0
0
0
0
0
0
0
0
0
0
0
0
0
0
0
0
0
0
0
0
0
0
0
0
0
0
0
0
0
0
0
0
0
0
0
0
0
0
0
0
0
0
0
0
0
0
0
0
0
0
0
0
0
0
0
0
0
0
0
0
0
0
0
0
0
0
0
0
0
0
0
0
0
0
0
0
0
0
0
0
0
0
0
0
0
0
0
0
0
0
0
0
0
0
0
0
0
0
0
0
0
0
0
0
0
0
0
0
0
0
0
0
0
0
0
0
0
0
0
0
0
0
0
0
0
0
0
0
0
0
0
0
0
0
0
0
0
0
0
0
0
0
0
0
0
0
0
0
0
0
0
0
0
0
0
0
0
0
0
0
0
0
0
0
0
0
0
0
0
0
0
0
0
0
0
0
0
0
0
0
0
0
0
0
0
0
0
0
0
0
0
0
0
0
0
0
0
0
0
0
0
0
0
0
0
0
0
0
0
0
0
0
0
0
0
0
0
0
0
0
0
0
0
0
0
0
0
0
0
0
0
0
0
0
0
0
0
0
0
0
0
0
0
0
0
0
0
0
0
0
0
0
0
0
0
0
0
0
0
0
0
0
0
0
0
0
0
0
0
0
0
0
0
0
0
0
0
0
0
0
0
0
0
0
0
0
0
0
0
0
0
0
0
0
0
0
0
0
0
0
0
0
0
0
0
0
0
0
0
0
0
0
0
0
0
0
0
0
0
0
0
0
0
0
0
0
0
0
0
0
0
0
0
0
0
0
0
0
0
0
0
0
0
0
0
0
0
0
0
0
0
0
0
0
0
0
0
0
0
0
0
0
0
0
0
0
0
0
0
0
0
0
0
0
0
0
0
0
0
0
0
0
0
0
0
0
0
0
0
0
0
0
0
0
0
0
0
0
0
0
0
0
0
0
0
0
0
0
0
0
0
0
0
0
0
0
0
0
0
0
0
0
0
0
0
0
0
0
0
0
0
0
0
0
0
0
0
0
0
0
0
0
0
0
0
0
0
0
0
0
0
0
0
0
0
0
0
0
0
0
0
0
0
0
0
0
0
0
0
0
0
0
0
0
0
0
0
0
0
0
0
0
0
0
0
0
0
0
0
0
0
0
0
0
0
0
0
0
0
0
0
0
0
0
0
0
0
0
0
0
0
0
0
0
0
0
0
0
0
0
0
0
0
0
0
0
0
0
0
0
0
0
0
0
0
0
0
0
0
0
0
0
0
0
0
0
0
0
0
0
0
0
0
0
0
0
0
0
0
0
0
0
0
0
0
0
0
0
0
0
0
0
0
0
0
0
0
0
0
0
0
0
0
0
0
0
0
0
0
0
0
0
0
0
0
0
0
0
0
0
0
0
0
0
0
0
0
0
0
0
0
0
0
0
0
0
0
0
0
0
0
0
0
0
0
0
0
0
0
0
0
0
0
0
0
0
0
0
0
0
0
0
0
0
0
0
0
0
0
0
0
0
0
0
0
0
0
0
0
0
0
0
0
0
0
0
0
0
0
0
0
0
0
0
0
0
0
0
0
0
0
0
0
0
0
0
0
0
0
0
0
0
0
0
0
0
0
0
0
0
0
0
0
0
0
0
0
0
0
0
0
0
0
0
0
0
0
0
0
0
0
0
0
0
0
0
0
0
0
0
0
0
0
0
0
0
0
0
0
0
0
0
0
0
0
0
0
0
0
0
0
0
0
0
0
0
0
0
0
0
0
0
0
0
0
0
0
0
0
0
0
0
0
0
0
0
0
0
0
0
0
0
0
0
0
0
0
0
0
0
0
0
0
0
0
0
0
0
0
0
0
0
0
0
0
0
0
0
0
0
0
0
0
0
0
0
0
0
0
0
0
0
0
0
0
0
0
0
0
0
0
0
0
0
0
0
0
0
0
0
0
0
0
0
0
0
0
0
0
0
0
0
0
0
0
0
0
0
0
0
0
0
0
0
0
0
0
0
0
0
0
0
0
0
0
0
0
0
0
0
0
0
0
0
0
0
0
0
0
0
0
0
0
0
0
0
0
0
0
0
0
0
0
0
0
0
0
0
0
0
0
0
0
0
0
0
0
0
0
0
0
0
0
0
0
0
0
0
0
0
0
0
0
0
0
0
0
0
0
0
0
0
0
0
0
0
0
0
0
0
0
0
0
0
0
0
0
0
0
0
0
0
0
0
0
0
0
0
0
0
0
0
0
0
0
0
0
0
0
0
0
0
0
0
0
0
0
0
0
0
0
0
0
0
0
0
0
0
0
0
0
0
0
0
0
0
0
0
0
0
0
0
0
0
0
0
0
0
0
0
0
0
0
0
0
0
0
0
0
0
0
0
0
0
0
0
0
0
0
0
0
0
0
0
0
0
0
0
0
0
0
0
0
0
0
0
0
0
0
0
0
0
0
0
0
0
0
0
0
0
0
0
0
0
0
0
0
0
0
0
0
0
0
0
0
0
0
0
0
0
0
0
0
0
0
0
0
0
0
0
0
0
0
0
0
0
0
0
0
0
0
0
0
0
0
0
0
0
0
0
0
0
0
0
0
0
0
0
0
0
0
0
0
0
0
0
0
0
0
0
0
0
0
0
0
0
0
0
0
0
0
0
0
0
0
0
0
0
0
0
0
0
0
0
0
0
0
0
0
0
0
0
0
0
0
0
0
0
0
0
0
0
0
0
0
0
0
0
0
0
0
0
0
0
0
0
0
0
0
0
0
0
0
0
0
0
0
0
0
0
0
0
0
0
0
0
0
0
0
0
0
0
0
0
0
0
0
0
0
0
0
0
0
0
0
0
0
0
0
0
0
0
0
0
0
0
0
0
0
0
0
0
0
0
0
0
0
0
0
0
0
0
0
0
0
0
0
0
0
0
0
0
0
0
0
0
0
0
0
0
0
0
0
0
0
0
0
0
0
0
0
0
0
0
0
0
0
0
0
0
0
0
0
0
0
0
0
0
0
0
0
0
0
0
0
0
0
0
0
0
0
0
0
0
0
0
0
0
0
0
0
0
0
0
0
0
0
0
0
0
0
0
0
0
0
0
0
0
0
0
0
0
0
0
0
0
0
0
0
0
0
0
0
0
0
0
0
0
0
0
0
0
0
0
0
0
0
0
0
0
0
0
0
0
0
0
0
0
0
0
0
0
0
0
0
0
0
0
0
0
0
0
0
0
0
0
0
0
0
0
0
0
0
0
0
0
0
0
0
0
0
0
0
0
0
0
0
0
0
0
0
0
0
0
0
0
0
0
0
0
0
0
0
0
0
0
0
0
0
0
0
0
0
0
0
0
0
0
0
0
0
0
0
0
0
0
0
0
0
0
0
0
0
0
0
0
0
0
0
0
0
0
0
0
0
0
0
0
0
0
0
0
0
0
0
0
0
0
0
0
0
0
0
0
0
0
0
0
0
0
0
0
0
0
0
0
0
0
0
0
0
0
0
0
0
0
0
0
0
0
0
0
0
0
0
0
0
0
0
0
0
0
0
0
0
0
0
0
0
0
0
0
0
0
0
0
0
0
0
0
0
0
0
0
0
0
0
0
0
0
0
0
0
0
0
0
0
0
0
0
0
0
0
0
0
0
0
0
0
0
0
0
0
0
0
0
0
0
0
0
0
0
0
0
0
0
0
0
0
0
0
0
0
0
0
0
0
0
0
0
0
0
0
0
0
0
0
0
0
0
0
0
0
0
0
0
0
0
0
0
0
0
0
0
0
0
0
0
0
0
0
0
0
0
0
0
0
0
0
0
0
0
0
0
0
0
0
0
0
0
0
0
0
0
0
0
0
0
0
0
0
0
0
0
0
0
0
0
0
0
0
0
0
0
0
0
0
0
0
0
0
0
0
0
0
0
0
0
0
0
0
0
0
0
0
0
0
0
0
0
0
0
0
0
0
0
0
0
0
0
0
0
0
0
0
0
0
0
0
0
0
0
0
0
0
0
0
0
0
0
0
0
0
0
0
0
0
0
0
0
0
0
0
0
0
0
0
0
0
0
0
0
0
0
0
0
0
0
0
0
0
0
0
0
0
0
0
0
0
0
0
0
0
0
0
0
0
0
0
0
0
0
0
0
0
0
0
0
0
0
0
0
0
0
0
0
0
0
0
0
0
0
0
0
0
0
0
0
0
0
0
0
0
0
0
0
0
0
0
0
0
0
0
0
0
0
0
0
0
0
0
0
0
0
0
0
0
0
0
0
0
0
0
0
0
0
0
0
0
0
0
0
0
0
0
0
0
0
0
0
0
0
0
0
0
0
0
0
0
0
0
0
0
0
0
0
0
0
0
0
0
0
0
0
0
0
0
0
0
0
0
0
0
0
0
0
0
0
0
0
0
0
0
0
0
0
0
0
0
0
0
0
0
0
0
0
0
0
0
0
0
0
0
0
0
0
0
0
0
0
0
0
0
0
0
0
0
0
0
0
0
0
0
0
0
0
0
0
0
0
0
0
0
0
0
0
0
0
0
0
0
0
0
0
0
0
0
0
0
0
0
0
0
0
0
0
0
0
0
0
0
0
0
0
0
0
0
0
0
0
0
0
0
0
0
0
0
0
0
0
0
0
0
0
0
0
0
0
0
0
0
0
0
0
0
0
0
0
0
0
0
0
0
0
0
0
0
0
0
0
0
0
0
0
0
0
0
0
0
0
0
0
0
0
0
0
0
0
0
0
0
0
0
0
0
0
0
0
0
0
0
0
0
0
0
0
0
0
0
0
0
0
0
0
0
0
0
0
0
0
0
0
0
0
0
0
0
0
0
0
0
0
0
0
0
0
0
0
0
0
0
0
0
0
0
0
0
0
0
0
0
0
0
0
0
0
0
0
0
0
0
0
0
0
0
0
0
0
0
0
0
0
0
0
0
0
0
0
0
0
0
0
0
0
0
0
0
0
0
0
0
0
0
0
0
0
0
0
0
0
0
0
0
0
0
0
0
0
0
0
0
0
0
0
0
0
0
0
0
0
0
0
0
0
0
0
0
0
0
0
0
0
0
0
0
0
0
0
0
0
0
0
0
0
0
0
0
0
0
0
0
0
0
0
0
0
0
0
0
0
0
0
0
0
0
0
0
0
0
0
0
0
0
0
0
0
0
0
0
0
0
0
0
0
0
0
0
0
0
0
0
0
0
0
0
0
0
0
0
0
0
0
0
0
0
0
0
0
0
0
0
0
0
0
0
0
0
0
0
0
0
0
0
0
0
0
0
0
0
0
0
0
0
0
0
0
0
0
0
0
0
0
0
0
0
0
0
0
0
0
0
0
0
0
0
0
0
0
0
0
0
0
0
0
0
0
0
0
0
0
0
0
0
0
0
0
0
0
0
0
0
0
0
0
0
0
0
0
0
0
0
0
0
0
0
0
0
0
0
0
0
0
0
0
0
0
0
0
0
0
0
0
0
0
0
0
0
0
0
0
0
0
0
0
0
0
0
0
0
0
0
0
0
0
0
0
0
0
0
0
0
0
0
0
0
0
0
0
0
0
0
0
0
0
0
0
0
0
0
0
0
0
0
0
0
0
0
0
0
0
0
0
0
0
0
0
0
0
0
0
0
0
0
0
0
0
0
0
0
0
0
0
0
0
0
0
0
0
0
0
0
0
0
0
0
0
0
0
0
0
0
0
0
0
0
0
0
0
0
0
0
0
0
0
0
0
0
0
0
0
0
0
0
0
0
0
0
0
0
0
0
0
0
0
0
0
0
0
0
0
0
0
0
0
0
0
0
0
0
0
0
0
0
0
0
0
0
0
0
0
0
0
0
0
0
0
0
0
0
0
0
0
0
0
0
0
0
0
0
0
0
0
0
0
0
0
0
0
0
0
0
0
0
0
0
0
0
0
0
0
0
0
0
0
0
0
0
0
0
0
0
0
0
0
0
0
0
0
0
0
0
0
0
0
0
0
0
0
0
0
0
0
0
0
0
0
0
0
0
0
0
0
0
0
0
0
0
0
0
0
0
0
0
0
0
0
0
0
0
0
0
0
0
0
0
0
0
0
0
0
0
0
0
0
0
0
0
0
0
0
0
0
0
0
0
0
0
0
0
0
0
0
0
0
0
0
0
0
0
0
0
0
0
0
0
0
0
0
0
0
0
0
0
0
0
0
0
0
0
0
0
0
0
0
0
0
0
0
0
0
0
0
0
0
0
0
0
0
0
0
0
0
0
0
0
0
0
0
0
0
0
0
0
0
0
0
0
0
0
0
0
0
0
0
0
0
0
0
0
0
0
0
0
0
0
0
0
0
0
0
0
0
0
0
0
0
0
0
0
0
0
0
0
0
0
0
0
0
0
0
0
0
0
0
0
0
0
0
0
0
0
0
0
0
0
0
0
0
0
0
0
0
0
0
0
0
0
0
0
0
0
0
0
0
0
0
0
0
0
0
0
0
0
0
0
0
0
0
0
0
0
0
0
0
0
0
0
0
0
0
0
0
0
0
0
0
0
0
0
0
0
0
0
0
0
0
0
0
0
0
0
0
0
0
0
0
0
0
0
0
0
0
0
0
0
0
0
0
0
0
0
0
0
0
0
0
0
0
0
0
0
0
0
0
0
0
0
0
0
0
0
0
0
0
0
0
0
0
0
0
0
0
0
0
0
0
0
0
0
0
0
0
0
0
0
0
0
0
0
0
0
0
0
0
0
0
0
0
0
0
0
0
0
0
0
0
0
0
0
0
0
0
0
0
0
0
0
0
0
0
0
0
0
0
0
0
0
0
0
0
0
0
0
0
0
0
0
0
0
0
0
0
0
0
0
0
0
0
0
0
0
0
0
0
0
0
0
0
0
0
0
0
0
0
0
0
0
0
0
0
0
0
0
0
0
0
0
0
0
0
0
0
0
0
0
0
0
0
0
0
0
0
0
0
0
0
0
0
0
0
0
0
0
0
0
0
0
0
0
0
0
0
0
0
0
0
0
0
0
0
0
0
0
0
0
0
0
0
0
0
0
0
0
0
0
0
0
0
0
0
0
0
0
0
0
0
0
0
0
0
0
0
0
0
0
0
0
0
0
0
0
0
0
0
0
0
0
0
0
0
0
0
0
0
0
0
0
0
0
0
0
0
0
0
0
0
0
0
0
0
0
0
0
0
0
0
0
0
0
0
0
0
0
0
0
0
0
0
0
0
0
0
0
0
0
0
0
0
0
0
0
0
0
0
0
0
0
0
0
0
0
0
0
0
0
0
0
0
0
0
0
0
0
0
0
0
0
0
0
0
0
0
0
0
0
0
0
0
0
0
0
0
0
0
0
0
0
0
0
0
0
0
0
0
0
0
0
0
0
0
0
0
0
0
0
0
0
0
0
0
0
0
0
0
0
0
0
0
0
0
0
0
0
0
0
0
0
0
0
0
0
0
0
0
0
0
0
0
0
0
0
0
0
0
0
0
0
0
0
0
0
0
0
0
0
0
0
0
0
0
0
0
0
0
0
0
0
0
0
0
0
0
0
0
0
0
0
0
0
0
0
0
0
0
0
0
0
0
0
0
0
0
0
0
0
0
0
0
0
0
0
0
0
0
0
0
0
0
0
0
0
0
0
0
0
0
0
0
0
0
0
0
0
0
0
0
0
0
0
0
0
0
0
0
0
0
0
0
0
0
0
0
0
0
0
0
0
0
0
0
0
0
0
0
0
0
0
0
0
0
0
0
0
0
0
0
0
0
0
0
0
0
0
0
0
0
0
0
0
0
0
0
0
0
0
0
0
0
0
0
0
0
0
0
0
0
0
0
0
0
0
0
0
0
0
0
0
0
0
0
0
0
0
0
0
0
0
0
0
0
0
0
0
0
0
0
0
0
0
0
0
0
0
0
0
0
0
0
0
0
0
0
0
0
0
0
0
0
0
0
0
0
0
0
0
0
0
0
0
0
0
0
0
0
0
0
0
0
0
0
0
0
0
0
0
0
0
0
0
0
0
0
0
0
0
0
0
0
0
0
0
0
0
0
0
0
0
0
0
0
0
0
0
0
0
0
0
0
0
0
0
0
0
0
0
0
0
0
0
0
0
0
0
0
0
0
0
0
0
0
0
0
0
0
0
0
0
0
0
0
0
0
0
0
0
0
0
0
0
0
0
0
0
0
0
0
0
0
0
0
0
0
0
0
0
0
0
0
0
0
0
0
0
0
0
0
0
0
0
0
0
0
0
0
0
0
0
0
0
0
0
0
0
0
0
0
0
0
0
0
0
0
0
0
0
0
0
0
0
0
0
0
0
0
0
0
0
0
0
0
0
0
0
0
0
0
0
0
0
0
0
0
0
0
0
0
0
0
0
0
0
0
0
0
0
0
0
0
0
0
0
0
0
0
0
0
0
0
0
0
0
0
0
0
0
0
0
0
0
0
0
0
0
0
0
0
0
0
0
0
0
0
0
0
0
0
0
0
0
0
0
0
0
0
0
0
0
0
0
0
0
0
0
0
0
0
0
0
0
0
0
0
0
0
0
0
0
0
0
0
0
0
0
0
0
0
0
0
0
0
0
0
0
0
0
0
0
0
0
0
0
0
0
0
0
0
0
0
0
0
0
0
0
0
0
0
0
0
0
0
0
0
0
0
0
0
0
0
0
0
0
0
0
0
0
0
0
0
0
0
0
0
0
0
0
0
0
0
0
0
0
0
0
0
0
0
0
0
0
0
0
0
0
0
0
0
0
0
0
0
0
0
0
0
0
0
0
0
0
0
0
0
0
0
0
0
0
0
0
0
0
0
0
0
0
0
0
0
0
0
0
0
0
0
0
0
0
0
0
0
0
0
0
0
0
0
0
0
0
0
0
0
0
0
0
0
0
0
0
0
0
0
0
0
0
0
0
0
0
0
0
0
0
0
0
0
0
0
0
0
0
0
0
0
0
0
0
0
0
0
0
0
0
0
0
0
0
0
0
0
0
0
0
0
0
0
0
0
0
0
0
0
0
0
0
0
0
0
0
0
0
0
0
0
0
0
0
0
0
0
0
0
0
0
0
0
0
0
0
0
0
0
0
0
0
0
0
0
0
0
0
0
0
0
0
0
0
0
0
0
0
0
0
0
0
0
0
0
0
0
0
0
0
0
0
0
0
0
0
0
0
0
0
0
0
0
0
0
0
0
0
0
0
0
0
0
0
0
0
0
0
0
0
0
0
0
0
0
0
0
0
0
0
0
0
0
0
0
0
0
0
0
0
0
0
0
0
0
0
0
0
0
0
0
0
0
0
0
0
0
0
0
0
0
0
0
0
0
0
0
0
0
0
0
0
0
0
0
0
0
0
0
0
0
0
0
0
0
0
0
0
0
0
0
0
0
0
0
0
0
0
0
0
0
0
0
0
0
0
0
0
0
0
0
0
0
0
0
0
0
0
0
0
0
0
0
0
0
0
0
0
0
0
0
0
0
0
0
0
0
0
0
0
0
0
0
0
0
0
0
0
0
0
0
0
0
0
0
0
0
0
0
0
0
0
0
0
0
0
0
0
0
0
0
0
0
0
0
0
0
0
0
0
0
0
0
0
0
0
0
0
0
0
0
0
0
0
0
0
0
0
0
0
0
0
0
0
0
0
0
0
0
0
0
0
0
0
0
0
0
0
0
0
0
0
0
0
0
0
0
0
0
0
0
0
0
0
0
0
0
0
0
0
0
0
0
0
0
0
0
0
0
0
0
0
0
0
0
0
0
0
0
0
0
0
0
0
0
0
0
0
0
0
0
0
0
0
0
0
0
0
0
0
0
0
0
0
0
0
0
0
0
0
0
0
0
0
0
0
0
0
0
0
0
0
0
0
0
0
0
0
0
0
0
0
0
0
0
0
0
0
0
0
0
0
0
0
0
0
0
0
0
0
0
0
0
0
0
0
0
0
0
0
0
0
0
0
0
0
0
0
0
0
0
0
0
0
0
0
0
0
0
0
0
0
0
0
0
0
0
0
0
0
0
0
0
0
0
0
0
0
0
0
0
0
0
0
0
0
0
0
0
0
0
0
0
0
0
0
0
0
0
0
0
0
0
0
0
0
0
0
0
0
0
0
0
0
0
0
0
0
0
0
0
0
0
0
0
0
0
0
0
0
0
0
0
0
0
0
0
0
0
0
0
0
0
0
0
0
0
0
0
0
0
0
0
0
0
0
0
0
0
0
0
0
0
0
0
0
0
0
0
0
0
0
0
0
0
0
0
0
0
0
0
0
0
0
0
0
0
0
0
0
0
0
0
0
0
0
0
0
0
0
0
0
0
0
0
0
0
0
0
0
0
0
0
0
0
0
0
0
0
0
0
0
0
0
0
0
0
0
0
0
0
0
0
0
0
0
0
0
0
0
0
0
0
0
0
0
0
0
0
0
0
0
0
0
0
0
0
0
0
0
0
0
0
0
0
0
0
0
0
0
0
0
0
0
0
0
0
0
0
0
0
0
0
0
0
0
0
0
0
0
0
0
0
0
0
0
0
0
0
0
0
0
0
0
0
0
0
0
0
0
0
0
0
0
0
0
0
0
0
0
0
0
0
0
0
0
0
0
0
0
0
0
0
0
0
0
0
0
0
0
0
0
0
0
0
0
0
0
0
0
0
0
0
0
0
0
0
0
0
0
0
0
0
0
0
0
0
0
0
0
0
0
0
0
0
0
0
0
0
0
0
0
0
0
0
0
0
0
0
0
0
0
0
0
0
0
0
0
0
0
0
0
0
0
0
0
0
0
0
0
0
0
0
0
0
0
0
0
0
0
0
0
0
0
0
0
0
0
0
0
0
0
0
0
0
0
0
0
0
0
0
0
0
0
0
0
0
0
0
0
0
0
0
0
0
0
0
0
0
0
0
0
0
0
0
0
0
0
0
0
0
0
0
0
0
0
0
0
0
0
0
0
0
0
0
0
0
0
0
0
0
0
0
0
0
0
0
0
0
0
0
0
0
0
0
0
0
0
0
0
0
0
0
0
0
0
0
0
0
0
0
0
0
0
0
0
0
0
0
0
0
0
0
0
0
0
0
0
0
0
0
0
0
0
0
0
0
0
0
0
0
0
0
0
0
0
0
0
0
0
0
0
0
0
0
0
0
0
0
0
0
0
0
0
0
0
0
0
0
0
0
0
0
0
0
0
0
0
0
0
0
0
0
0
0
0
0
0
0
0
0
0
0
0
0
0
0
0
0
0
0
0
0
0
0
0
0
0
0
0
0
0
0
0
0
0
0
0
0
0
0
0
0
0
0
0
0
0
0
0
0
0
0
0
0
0
0
0
0
0
0
0
0
0
0
0
0
0
0
0
0
0
0
0
0
0
0
0
0
0
0
0
0
0
0
0
0
0
0
0
0
0
0
0
0
0
0
0
0
0
0
0
0
0
0
0
0
0
0
0
0
0
0
0
0
0
0
0
0
0
0
0
0
0
0
0
0
0
0
0
0
0
0
0
0
0
0
0
0
0
0
0
0
0
0
0
0
0
0
0
0
0
0
0
0
0
0
0
0
0
0
0
0
0
0
0
0
0
0
0
0
0
0
0
0
0
0
0
0
0
0
0
0
0
0
0
0
0
0
0
0
0
0
0
0
0
0
0
0
0
0
0
0
0
0
0
0
0
0
0
0
0
0
0
0
0
0
0
0
0
0
0
0
0
0
0
0
0
0
0
0
0
0
0
0
0
0
0
0
0
0
0
0
0
0
0
0
0
0
0
0
0
0
0
0
0
0
0
0
0
0
0
0
0
0
0
0
0
0
0
0
0
0
0
0
0
0
0
0
0
0
0
0
0
0
0
0
0
0
0
0
0
0
0
0
0
0
0
0
0
0
0
0
0
0
0
0
0
0
0
0
0
0
0
0
0
0
0
0
0
0
0
0
0
0
0
0
0
0
0
0
0
0
0
0
0
0
0
0
0
0
0
0
0
0
0
0
0
0
0
0
0
0
0
0
0
0
0
0
0
0
0
0
0
0
0
0
0
0
0
0
0
0
0
0
0
0
0
0
0
0
0
0
0
0
0
0
0
0
0
0
0
0
0
0
0
0
0
0
0
0
0
0
0
0
0
0
0
0
0
0
0
0
0
0
0
0
0
0
0
0
0
0
0
0
0
0
0
0
0
0
0
0
0
0
0
0
0
0
0
0
0
0
0
0
0
0
0
0
0
0
0
0
0
0
0
0
0
0
0
0
0
0
0
0
0
0
0
0
0
0
0
0
0
0
0
0
0
0
0
0
0
0
0
0
0
0
0
0
0
0
0
0
0
0
0
0
0
0
0
0
0
0
0
0
0
0
0
0
0
0
0
0
0
0
0
0
0
0
0
0
0
0
0
0
0
0
0
0
0
0
0
0
0
0
0
0
0
0
0
0
0
0
0
0
0
0
0
0
0
0
0
0
0
0
0
0
0
0
0
0
0
0
0
0
0
0
0
0
0
0
0
0
0
0
0
0
0
0
0
0
0
0
0
0
0
0
0
0
0
0
0
0
0
0
0
0
0
0
0
0
0
0
0
0
0
0
0
0
0
0
0
0
0
0
0
0
0
0
0
0
0
0
0
0
0
0
0
0
0
0
0
0
0
0
0
0
0
0
0
0
0
0
0
0
0
0
0
0
0
0
0
0
0
0
0
0
0
0
0
0
0
0
0
0
0
0
0
0
0
0
0
0
0
0
0
0
0
0
0
0
0
0
0
0
0
0
0
0
0
0
0
0
0
0
0
0
0
0
0
0
0
0
0
0
0
0
0
0
0
0
0
0
0
0
0
0
0
0
0
0
0
0
0
0
0
0
0
0
0
0
0
0
0
0
0
0
0
0
0
0
0
0
0
0
0
0
0
0
0
0
0
0
0
0
0
0
0
0
0
0
0
0
0
0
0
0
0
0
0
0
0
0
0
0
0
0
0
0
0
0
0
0
0
0
0
0
0
0
0
0
0
0
0
0
0
0
0
0
0
0
0
0
0
0
0
0
0
0
0
0
0
0
0
0
0
0
0
0
0
0
0
0
0
0
0
0
0
0
0
0
0
0
0
0
0
0
0
0
0
0
0
0
0
0
0
0
0
0
0
0
0
0
0
0
0
0
0
0
0
0
0
0
0
0
0
0
0
0
0
0
0
0
0
0
0
0
0
0
0
0
0
0
0
0
0
0
0
0
0
0
0
0
0
0
0
0
0
0
0
0
0
0
0
0
0
0
0
0
0
0
0
0
0
0
0
0
0
0
0
0
0
0
0
0
0
0
0
0
0
0
0
0
0
0
0
0
0
0
0
0
0
0
0
0
0
0
0
0
0
0
0
0
0
0
0
0
0
0
0
0
0
0
0
0
0
0
0
0
0
0
0
0
0
0
0
0
0
0
0
0
0
0
0
0
0
0
0
0
0
0
0
0
0
0
0
0
0
0
0
0
0
0
0
0
0
0
0
0
0
0
0
0
0
0
0
0
0
0
0
0
0
0
0
0
0
0
0
0
0
0
0
0
0
0
0
0
0
0
0
0
0
0
0
0
0
0
0
0
0
0
0
0
0
0
0
0
0
0
0
0
0
0
0
0
0
0
0
0
0
0
0
0
0
0
0
0
0
0
0
0
0
0
0
0
0
0
0
0
0
0
0
0
0
0
0
0
0
0
0
0
0
0
0
0
0
0
0
0
0
0
0
0
0
0
0
0
0
0
0
0
0
0
0
0
0
0
0
0
0
0
0
0
0
0
0
0
0
0
0
0
0
0
0
0
0
0
0
0
0
0
0
0
0
0
0
0
0
0
0
0
0
0
0
0
0
0
0
0
0
0
0
0
0
0
0
0
0
0
0
0
0
0
0
0
0
0
0
0
0
0
0
0
0
0
0
0
0
0
0
0
0
0
0
0
0
0
0
0
0
0
0
0
0
0
0
0
0
0
0
0
0
0
0
0
0
0
0
0
0
0
0
0
0
0
0
0
0
0
0
0
0
0
0
0
0
0
0
0
0
0
0
0
0
0
0
0
0
0
0
0
0
0
0
0
0
0
0
0
0
0
0
0
0
0
0
0
0
0
0
0
0
0
0
0
0
0
0
0
0
0
0
0
0
0
0
0
0
0
0
0
0
0
0
0
0
0
0
0
0
0
0
0
0
0
0
0
0
0
0
0
0
0
0
0
0
0
0
0
0
0
0
0
0
0
0
0
0
0
0
0
0
0
0
0
0
0
0
0
0
0
0
0
0
0
0
0
0
0
0
0
0
0
0
0
0
0
0
0
0
0
0
0
0
0
0
0
0
0
0
0
0
0
0
0
0
0
0
0
0
0
0
0
0
0
0
0
0
0
0
0
0
0
0
0
0
0
0
0
0
0
0
0
0
0
0
0
0
0
0
0
0
0
0
0
0
0
0
0
0
0
0
0
0
0
0
0
0
0
0
0
0
0
0
0
0
0
0
0
0
0
0
0
0
0
0
0
0
0
0
0
0
0
0
0
0
0
0
0
0
0
0
0
0
0
0
0
0
0
0
0
0
0
0
0
0
0
0
0
0
0
0
0
0
0
0
0
0
0
0
0
0
0
0
0
0
0
0
0
0
0
0
0
0
0
0
0
0
0
0
0
0
0
0
0
0
0
0
0
0
0
0
0
0
0
0
0
0
0
0
0
0
0
0
0
0
0
0
0
0
0
0
0
0
0
0
0
0
0
0
0
0
0
0
0
0
0
0
0
0
0
0
0
0
0
0
0
0
0
0
0
0
0
0
0
0
0
0
0
0
0
0
0
0
0
0
0
0
0
0
0
0
0
0
0
0
0
0
0
0
0
0
0
0
0
0
0
0
0
0
0
0
0
0
0
0
0
0
0
0
0
0
0
0
0
0
0
0
0
0
0
0
0
0
0
0
0
0
0
0
0
0
0
0
0
0
0
0
0
0
0
0
0
0
0
0
0
0
0
0
0
0
0
0
0
0
0
0
0
0
0
0
0
0
0
0
0
0
0
0
0
0
0
0
0
0
0
0
0
0
0
0
0
0
0
0
0
0
0
0
0
0
0
0
0
0
0
0
0
0
0
0
0
0
0
0
0
0
0
0
0
0
0
0
0
0
0
0
0
0
0
0
0
0
0
0
0
0
0
0
0
0
0
0
0
0
0
0
0
0
0
0
0
0
0
0
0
0
0
0
0
0
0
0
0
0
0
0
0
0
0
0
0
0
0
0
0
0
0
0
0
0
0
0
0
0
0
0
0
0
0
0
0
0
0
0
0
0
0
0
0
0
0
0
0
0
0
0
0
0
0
0
0
0
0
0
0
0
0
0
0
0
0
0
0
0
0
0
0
0
0
0
0
0
0
0
0
0
0
0
0
0
0
0
0
0
0
0
0
0
0
0
0
0
0
0
0
0
0
0
0
0
0
0
0
0
0
0
0
0
0
0
0
0
0
0
0
0
0
0
0
0
0
0
0
0
0
0
0
0
0
0
0
0
0
0
0
0
0
0
0
0
0
0
0
0
0
0
0
0
0
0
0
0
0
0
0
0
0
0
0
0
0
0
0
0
0
0
0
0
0
0
0
0
0
0
0
0
0
0
0
0
0
0
0
0
0
0
0
0
0
0
0
0
0
0
0
0
0
0
0
0
0
0
0
0
0
0
0
0
0
0
0
0
0
0
0
0
0
0
0
0
0
0
0
0
0
0
0
0
0
0
0
0
0
0
0
0
0
0
0
0
0
0
0
0
0
0
0
0
0
0
0
0
0
0
0
0
0
0
0
0
0
0
0
0
0
0
0
0
0
0
0
0
0
0
0
0
0
0
0
0
0
0
0
0
0
0
0
0
0
0
0
0
0
0
0
0
0
0
0
0
0
0
0
0
0
0
0
0
0
0
0
0
0
0
0
0
0
0
0
0
0
0
0
0
0
0
0
0
0
0
0
0
0
0
0
0
0
0
0
0
0
0
0
0
0
0
0
0
0
0
0
0
0
0
0
0
0
0
0
0
0
0
0
0
0
0
0
0
0
0
0
0
0
0
0
0
0
0
0
0
0
0
0
0
0
0
0
0
0
0
0
0
0
0
0
0
0
0
0
0
0
0
0
0
0
0
0
0
0
0
0
0
0
0
0
0
0
0
0
0
0
0
0
0
0
0
0
0
0
0
0
0
0
0
0
0
0
0
0
0
0
0
0
0
0
0
0
0
0
0
0
0
0
0
0
0
0
0
0
0
0
0
0
0
0
0
0
0
0
0
0
0
0
0
0
0
0
0
0
0
0
0
0
0
0
0
0
0
0
0
0
0
0
0
0
0
0
0
0
0
0
0
0
0
0
0
0
0
0
0
0
0
0
0
0
0
0
0
0
0
0
0
0
0
0
0
0
0
0
0
0
0
0
0
0
0
0
0
0
0
0
0
0
0
0
0
0
0
0
0
0
0
0
0
0
0
0
0
0
0
0
0
0
0
0
0
0
0
0
0
0
0
0
0
0
0
0
0
0
0
0
0
0
0
0
0
0
0
0
0
0
0
0
0
0
0
0
0
0
0
0
0
0
0
0
0
0
0
0
0
0
0
0
0
0
0
0
0
0
0
0
0
0
0
0
0
0
0
0
0
0
0
0
0
0
0
0
0
0
0
0
0
0
0
0
0
0
0
0
0
0
0
0
0
0
0
0
0
0
0
0
0
0
0
0
0
0
0
0
0
0
0
0
0
0
0
0
0
0
0
0
0
0
0
0
0
0
0
0
0
0
0
0
0
0
0
0
0
0
0
0
0
0
0
0
0
0
0
0
0
0
0
0
0
0
0
0
0
0
0
0
0
0
0
0
0
0
0
0
0
0
0
0
0
0
0
0
0
0
0
0
0
0
0
0
0
0
0
0
0
0
0
0
0
0
0
0
0
0
0
0
0
0
0
0
0
0
0
0
0
0
0
0
0
0
0
0
0
0
0
0
0
0
0
0
0
0
0
0
0
0
0
0
0
0
0
0
0
0
0
0
0
0
0
0
0
0
0
0
0
0
0
0
0
0
0
0
0
0
0
0
0
0
0
0
0
0
0
0
0
0
0
0
0
0
0
0
0
0
0
0
0
0
0
0
0
0
0
0
0
0
0
0
0
0
0
0
0
0
0
0
0
0
0
0
0
0
0
0
0
0
0
0
0
0
0
0
0
0
0
0
0
0
0
0
0
0
0
0
0
0
0
0
0
0
0
0
0
0
0
0
0
0
0
0
0
0
0
0
0
0
0
0
0
0
0
0
0
0
0
0
0
0
0
0
0
0
0
0
0
0
0
0
0
0
0
0
0
0
0
0
0
0
0
0
0
0
0
0
0
0
0
0
0
0
0
0
0
0
0
0
0
0
0
0
0
0
0
0
0
0
0
0
0
0
0
0
0
0
0
0
0
0
0
0
0
0
0
0
0
0
0
0
0
0
0
0
0
0
0
0
0
0
0
0
0
0
0
0
0
0
0
0
0
0
0
0
0
0
0
0
0
0
0
0
0
0
0
0
0
0
0
0
0
0
0
0
0
0
0
0
0
0
0
0
0
0
0
0
0
0
0
0
0
0
0
0
0
0
0
0
0
0
0
0
0
0
0
0
0
0
0
0
0
0
0
0
0
0
0
0
0
0
0
0
0
0
0
0
0
0
0
0
0
0
0
0
0
0
0
0
0
0
0
0
0
0
0
0
0
0
0
0
0
0
0
0
0
0
0
0
0
0
0
0
0
0
0
0
0
0
0
0
0
0
0
0
0
0
0
0
0
0
0
0
0
0
0
0
0
0
0
0
0
0
0
0
0
0
0
0
0
0
0
0
0
0
0
0
0
0
0
0
0
0
0
0
0
0
0
0
0
0
0
0
0
0
0
0
0
0
0
0
0
0
0
0
0
0
0
0
0
0
0
0
0
0
0
0
0
0
0
0
0
0
0
0
0
0
0
0
0
0
0
0
0
0
0
0
0
0
0
0
0
0
0
0
0
0
0
0
0
0
0
0
0
0
0
0
0
0
0
0
0
0
0
0
0
0
0
0
0
0
0
0
0
0
0
0
0
0
0
0
0
0
0
0
0
0
0
0
0
0
0
0
0
0
0
0
0
0
0
0
0
0
0
0
0
0
0
0
0
0
0
0
0
0
0
0
0
0
0
0
0
0
0
0
0
0
0
0
0
0
0
0
0
0
0
0
0
0
0
0
0
0
0
0
0
0
0
0
0
0
0
0
0
0
0
0
0
0
0
0
0
0
0
0
0
0
0
0
0
0
0
0
0
0
0
0
0
0
0
0
0
0
0
0
0
0
0
0
0
0
0
0
0
0
0
0
0
0
0
0
0
0
0
0
0
0
0
0
0
0
0
0
0
0
0
0
0
0
0
0
0
0
0
0
0
0
0
0
0
0
0
0
0
0
0
0
0
0
0
0
0
0
0
0
0
0
0
0
0
0
0
0
0
0
0
0
0
0
0
0
0
0
0
0
0
0
0
0
0
0
0
0
0
0
0
0
0
0
0
0
0
0
0
0
0
0
0
0
0
0
0
0
0
0
0
0
0
0
0
0
0
0
0
0
0
0
0
0
0
0
0
0
0
0
0
0
0
0
0
0
0
0
0
0
0
0
0
0
0
0
0
0
0
0
0
0
0
0
0
0
0
0
0
0
0
0
0
0
0
0
0
0
0
0
0
0
0
0
0
0
0
0
0
0
0
0
0
0
0
0
0
0
0
0
0
0
0
0
0
0
0
0
0
0
0
0
0
0
0
0
0
0
0
0
0
0
0
0
0
0
0
0
0
0
0
0
0
0
0
0
0
0
0
0
0
0
0
0
0
0
0
0
0
0
0
0
0
0
0
0
0
0
0
0
0
0
0
0
0
0
0
0
0
0
0
0
0
0
0
0
0
0
0
0
0
0
0
0
0
0
0
0
0
0
0
0
0
0
0
0
0
0
0
0
0
0
0
0
0
0
0
0
0
0
0
0
0
0
0
0
0
0
0
0
0
0
0
0
0
0
0
0
0
0
0
0
0
0
0
0
0
0
0
0
0
0
0
0
0
0
0
0
0
0
0
0
0
0
0
0
0
0
0
0
0
0
0
0
0
0
0
0
0
0
0
0
0
0
0
0
0
0
0
0
0
0
0
0
0
0
0
0
0
0
0
0
0
0
0
0
0
0
0
0
0
0
0
0
0
0
0
0
0
0
0
0
0
0
0
0
0
0
0
0
0
0
0
0
0
0
0
0
0
0
0
0
0
0
0
0
0
0
0
0
0
0
0
0
0
0
0
0
0
0
0
0
0
0
0
0
0
0
0
0
0
0
0
0
0
0
0
0
0
0
0
0
0
0
0
0
0
0
0
0
0
0
0
0
0
0
0
0
0
0
0
0
0
0
0
0
0
0
0
0
0
0
0
0
0
0
0
0
0
0
0
0
0
0
0
0
0
0
0
0
0
0
0
0
0
0
0
0
0
0
0
0
0
0
0
0
0
0
0
0
0
0
0
0
0
0
0
0
0
0
0
0
0
0
0
0
0
0
0
0
0
0
0
0
0
0
0
0
0
0
0
0
0
0
0
0
0
0
0
0
0
0
0
0
0
0
0
0
0
0
0
0
0
0
0
0
0
0
0
0
0
0
0
0
0
0
0
0
0
0
0
0
0
0
0
0
0
0
0
0
0
0
0
0
0
0
0
0
0
0
0
0
0
0
0
0
0
0
0
0
0
0
0
0
0
0
0
0
0
0
0
0
0
0
0
0
0
0
0
0
0
0
0
0
0
0
0
0
0
0
0
0
0
0
0
0
0
0
0
0
0
0
0
0
0
0
0
0
0
0
0
0
0
0
0
0
0
0
0
0
0
0
0
0
0
0
0
0
0
0
0
0
0
0
0
0
0
0
0
0
0
0
0
0
0
0
0
0
0
0
0
0
0
0
0
0
0
0
0
0
0
0
0
0
0
0
0
0
0
0
0
0
0
0
0
0
0
0
0
0
0
0
0
0
0
0
0
0
0
0
0
0
0
0
0
0
0
0
0
0
0
0
0
0
0
0
0
0
0
0
0
0
0
0
0
0
0
0
0
0
0
0
0
0
0
0
0
0
0
0
0
0
0
0
0
0
0
0
0
0
0
0
0
0
0
0
0
0
0
0
0
0
0
0
0
0
0
0
0
0
0
0
0
0
0
0
0
0
0
0
0
0
0
0
0
0
0
0
0
0
0
0
0
0
0
0
0
0
0
0
0
0
0
0
0
0
0
0
0
0
0
0
0
0
0
0
0
0
0
0
0
0
0
0
0
0
0
0
0
0
0
0
0
0
0
0
0
0
0
0
0
0
0
0
0
0
0
0
0
0
0
0
0
0
0
0
0
0
0
0
0
0
0
0
0
0
0
0
0
0
0
0
0
0
0
0
0
0
0
0
0
0
0
0
0
0
0
0
0
0
0
0
0
0
0
0
0
0
0
0
0
0
0
0
0
0
0
0
0
0
0
0
0
0
0
0
0
0
0
0
0
0
0
0
0
0
0
0
0
0
0
0
0
0
0
0
0
0
0
0
0
0
0
0
0
0
0
0
0
0
0
0
0
0
0
0
0
0
0
0
0
0
0
0
0
0
0
0
0
0
0
0
0
0
0
0
0
0
0
0
0
0
0
0
0
0
0
0
0
0
0
0
0
0
0
0
0
0
0
0
0
0
0
0
0
0
0
0
0
0
0
0
0
0
0
0
0
0
0
0
0
0
0
0
0
0
0
0
0
0
0
0
0
0
0
0
0
0
0
0
0
0
0
0
0
0
0
0
0
0
0
0
0
0
0
0
0
0
0
0
0
0
0
0
0
0
0
0
0
0
0
0
0
0
0
0
0
0
0
0
0
0
0
0
0
0
0
0
0
0
0
0
0
0
0
0
0
0
0
0
0
0
0
0
0
0
0
0
0
0
0
0
0
0
0
0
0
0
0
0
0
0
0
0
0
0
0
0
0
0
0
0
0
0
0
0
0
0
0
0
0
0
0
0
0
0
0
0
0
0
0
0
0
0
0
0
0
0
0
0
0
0
0
0
0
0
0
0
0
0
0
0
0
0
0
0
0
0
0
0
0
0
0
0
0
0
0
0
0
0
0
0
0
0
0
0
0
0
0
0
0
0
0
0
0
0
0
0
0
0
0
0
0
0
0
0
0
0
0
0
0
0
0
0
0
0
0
0
0
0
0
0
0
0
0
0
0
0
0
0
0
0
0
0
0
0
0
0
0
0
0
0
0
0
0
0
0
0
0
0
0
0
0
0
0
0
0
0
0
0
0
0
0
0
0
0
0
0
0
0
0
0
0
0
0
0
0
0
0
0
0
0
0
0
0
0
0
0
0
0
0
0
0
0
0
0
0
0
0
0
0
0
0
0
0
0
0
0
0
0
0
0
0
0
0
0
0
0
0
0
0
0
0
0
0
0
0
0
0
0
0
0
0
0
0
0
0
0
0
0
0
0
0
0
0
0
0
0
0
0
0
0
0
0
0
0
0
0
0
0
0
0
0
0
0
0
0
0
0
0
0
0
0
0
0
0
0
0
0
0
0
0
0
0
0
0
0
0
0
0
0
0
0
0
0
0
0
0
0
0
0
0
0
0
0
0
0
0
0
0
0
0
0
0
0
0
0
0
0
0
0
0
0
0
0
0
0
0
0
0
0
0
0
0
0
0
0
0
0
0
0
0
0
0
0
0
0
0
0
0
0
0
0
0
0
0
0
0
0
0
0
0
0
0
0
0
0
0
0
0
0
0
0
0
0
0
0
0
0
0
0
0
0
0
0
0
0
0
0
0
0
0
0
0
0
0
0
0
0
0
0
0
0
0
0
0
0
0
0
0
0
0
0
0
0
0
0
0
0
0
0
0
0
0
0
0
0
0
0
0
0
0
0
0
0
0
0
0
0
0
0
0
0
0
0
0
0
0
0
0
0
0
0
0
0
0
0
0
0
0
0
0
0
0
0
0
0
0
0
0
0
0
0
0
0
0
0
0
0
0
0
0
0
0
0
0
0
0
0
0
0
0
0
0
0
0
0
0
0
0
0
0
0
0
0
0
0
0
0
0
0
0
0
0
0
0
0
0
0
0
0
0
0
0
0
0
0
0
0
0
0
0
0
0
0
0
0
0
0
0
0
0
0
0
0
0
0
0
0
0
0
0
0
0
0
0
0
0
0
0
0
0
0
0
0
0
0
0
0
0
0
0
0
0
0
0
0
0
0
0
0
0
0
0
0
0
0
0
0
0
0
0
0
0
0
0
0
0
0
0
0
0
0
0
0
0
0
0
0
0
0
0
0
0
0
0
0
0
0
0
0
0
0
0
0
0
0
0
0
0
0
0
0
0
0
0
0
0
0
0
0
0
0
0
0
0
0
0
0
0
0
0
0
0
0
0
0
0
0
0
0
0
0
0
0
0
0
0
0
0
0
0
0
0
0
0
0
0
0
0
0
0
0
0
0
0
0
0
0
0
0
0
0
0
0
0
0
0
0
0
0
0
0
0
0
0
0
0
0
0
0
0
0
0
0
0
0
0
0
0
0
0
0
0
0
0
0
0
0
0
0
0
0
0
0
0
0
0
0
0
0
0
0
0
0
0
0
0
0
0
0
0
0
0
0
0
0
0
0
0
0
0
0
0
0
0
0
0
0
0
0
0
0
0
0
0
0
0
0
0
0
0
0
0
0
0
0
0
0
0
0
0
0
0
0
0
0
0
0
0
0
0
0
0
0
0
0
0
0
0
0
0
0
0
0
0
0
0
0
0
0
0
0
0
0
0
0
0
0
0
0
0
0
0
0
0
0
0
0
0
0
0
0
0
0
0
0
0
0
0
0
0
0
0
0
0
0
0
0
0
0
0
0
0
0
0
0
0
0
0
0
0
0
0
0
0
0
0
0
0
0
0
0
0
0
0
0
0
0
0
0
0
0
0
0
0
0
0
0
0
0
0
0
0
0
0
0
0
0
0
0
0
0
0
0
0
0
0
0
0
0
0
0
0
0
0
0
0
0
0
0
0
0
0
0
0
0
0
0
0
0
0
0
0
0
0
0
0
0
0
0
0
0
0
0
0
0
0
0
0
0
0
0
0
0
0
0
0
0
0
0
0
0
0
0
0
0
0
0
0
0
0
0
0
0
0
0
0
0
0
0
0
0
0
0
0
0
0
0
0
0
0
0
0
0
0
0
0
0
0
0
0
0
0
0
0
0
0
0
0
0
0
0
0
0
0
0
0
0
0
0
0
0
0
0
0
0
0
0
0
0
0
0
0
0
0
0
0
0
0
0
0
0
0
0
0
0
0
0
0
0
0
0
0
0
0
0
0
0
0
0
0
0
0
0
0
0
0
0
0
0
0
0
0
0
0
0
0
0
0
0
0
0
0
0
0
0
0
0
0
0
0
0
0
0
0
0
0
0
0
0
0
0
0
0
0
0
0
0
0
0
0
0
0
0
0
0
0
0
0
0
0
0
0
0
0
0
0
0
0
0
0
0
0
0
0
0
0
0
0
0
0
0
0
0
0
0
0
0
0
0
0
0
0
0
0
0
0
0
0
0
0
0
0
0
0
0
0
0
0
0
0
0
0
0
0
0
0
0
0
0
0
0
0
0
0
0
0
0
0
0
0
0
0
0
0
0
0
0
0
0
0
0
0
0
0
0
0
0
0
0
0
0
0
0
0
0
0
0
0
0
0
0
0
0
0
0
0
0
0
0
0
0
0
0
0
0
0
0
0
0
0
0
0
0
0
0
0
0
0
0
0
0
0
0
0
0
0
0
0
0
0
0
0
0
0
0
0
0
0
0
0
0
0
0
0
0
0
0
0
0
0
0
0
0
0
0
0
0
0
0
0
0
0
0
0
0
0
0
0
0
0
0
0
0
0
0
0
0
0
0
0
0
0
0
0
0
0
0
0
0
0
0
0
0
0
0
0
0
0
0
0
0
0
0
0
0
0
0
0
0
0
0
0
0
0
0
0
0
0
0
0
0
0
0
0
0
0
0
0
0
0
0
0
0
0
0
0
0
0
0
0
0
0
0
0
0
0
0
0
0
0
0
0
0
0
0
0
0
0
0
0
0
0
0
0
0
0
0
0
0
0
0
0
0
0
0
0
0
0
0
0
0
0
0
0
0
0
0
0
0
0
0
0
0
0
0
0
0
0
0
0
0
0
0
0
0
0
0
0
0
0
0
0
0
0
0
0
0
0
0
0
0
0
0
0
0
0
0
0
0
0
0
0
0
0
0
0
0
0
0
0
0
0
0
0
0
0
0
0
0
0
0
0
0
0
0
0
0
0
0
0
0
0
0
0
0
0
0
0
0
0
0
0
0
0
0
0
0
0
0
0
0
0
0
0
0
0
0
0
0
0
0
0
0
0
0
0
0
0
0
0
0
0
0
0
0
0
0
0
0
0
0
0
0
0
0
0
0
0
0
0
0
0
0
0
0
0
0
0
0
0
0
0
0
0
0
0
0
0
0
0
0
0
0
0
0
0
0
0
0
0
0
0
0
0
0
0
0
0
0
0
0
0
0
0
0
0
0
0
0
0
0
0
0
0
0
0
0
0
0
0
0
0
0
0
0
0
0
0
0
0
0
0
0
0
0
0
0
0
0
0
0
0
0
0
0
0
0
0
0
0
0
0
0
0
0
0
0
0
0
0
0
0
0
0
0
0
0
0
0
0
0
0
0
0
0
0
0
0
0
0
0
0
0
0
0
0
0
0
0
0
0
0
0
0
0
0
0
0
0
0
0
0
0
0
0
0
0
0
0
0
0
0
0
0
0
0
0
0
0
0
0
0
0
0
0
0
0
0
0
0
0
0
0
0
0
0
0
0
0
0
0
0
0
0
0
0
0
0
0
0
0
0
0
0
0
0
0
0
0
0
0
0
0
0
0
0
0
0
0
0
0
0
0
0
0
0
0
0
0
0
0
0
0
0
0
0
0
0
0
0
0
0
0
0
0
0
0
0
0
0
0
0
0
0
0
0
0
0
0
0
0
0
0
0
0
0
0
0
0
0
0
0
0
0
0
0
0
0
0
0
0
0
0
0
0
0
0
0
0
0
0
0
0
0
0
0
0
0
0
0
0
0
0
0
0
0
0
0
0
0
0
0
0
0
0
0
0
0
0
0
0
0
0
0
0
0
0
0
0
0
0
0
0
0
0
0
0
0
0
0
0
0
0
0
0
0
0
0
0
0
0
0
0
0
0
0
0
0
0
0
0
0
0
0
0
0
0
0
0
0
0
0
0
0
0
0
0
0
0
0
0
0
0
0
0
0
0
0
0
0
0
0
0
0
0
0
0
0
0
0
0
0
0
0
0
0
0
0
0
0
0
0
0
0
0
0
0
0
0
0
0
0
0
0
0
0
0
0
0
0
0
0
0
0
0
0
0
0
0
0
0
0
0
0
0
0
0
0
0
0
0
0
0
0
0
0
0
0
0
0
0
0
0
0
0
0
0
0
0
0
0
0
0
0
0
0
0
0
0
0
0
0
0
0
0
0
0
0
0
0
0
0
0
0
0
0
0
0
0
0
0
0
0
0
0
0
0
0
0
0
0
0
0
0
0
0
0
0
0
0
0
0
0
0
0
0
0
0
0
0
0
0
0
0
0
0
0
0
0
0
0
0
0
0
0
0
0
0
0
0
0
0
0
0
0
0
0
0
0
0
0
0
0
0
0
0
0
0
0
0
0
0
0
0
0
0
0
0
0
0
0
0
0
0
0
0
0
0
0
0
0
0
0
0
0
0
0
0
0
0
0
0
0
0
0
0
0
0
0
0
0
0
0
0
0
0
0
0
0
0
0
0
0
0
0
0
0
0
0
0
0
0
0
0
0
0
0
0
0
0
0
0
0
0
0
0
0
0
0
0
0
0
0
0
0
0
0
0
0
0
0
0
0
0
0
0
0
0
0
0
0
0
0
0
0
0
0
0
0
0
0
0
0
0
0
0
0
0
0
0
0
0
0
0
0
0
0
0
0
0
0
0
0
0
0
0
0
0
0
0
0
0
0
0
0
0
0
0
0
0
0
0
0
0
0
0
0
0
0
0
0
0
0
0
0
0
0
0
0
0
0
0
0
0
0
0
0
0
0
0
0
0
0
0
0
0
0
0
0
0
0
0
0
0
0
0
0
0
0
0
0
0
0
0
0
0
0
0
0
0
0
0
0
0
0
0
0
0
0
0
0
0
0
0
0
0
0
0
0
0
0
0
0
0
0
0
0
0
0
0
0
0
0
0
0
0
0
0
0
0
0
0
0
0
0
0
0
0
0
0
0
0
0
0
0
0
0
0
0
0
0
0
0
0
0
0
0
0
0
0
0
0
0
0
0
0
0
0
0
0
0
0
0
0
0
0
0
0
0
0
0
0
0
0
0
0
0
0
0
0
0
0
0
0
0
0
0
0
0
0
0
0
0
0
0
0
0
0
0
0
0
0
0
0
0
0
0
0
0
0
0
0
0
0
0
0
0
0
0
0
0
0
0
0
0
0
0
0
0
0
0
0
0
0
0
0
0
0
0
0
0
0
0
0
0
0
0
0
0
0
0
0
0
0
0
0
0
0
0
0
0
0
0
0
0
0
0
0
0
0
0
0
0
0
0
0
0
0
0
0
0
0
0
0
0
0
0
0
0
0
0
0
0
0
0
0
0
0
0
0
0
0
0
0
0
0
0
0
0
0
0
0
0
0
0
0
0
0
0
0
0
0
0
0
0
0
0
0
0
0
0
0
0
0
0
0
0
0
0
0
0
0
0
0
0
0
0
0
0
0
0
0
0
0
0
0
0
0
0
0
0
0
0
0
0
0
0
0
0
0
0
0
0
0
0
0
0
0
0
0
0
0
0
0
0
0
0
0
0
0
0
0
0
0
0
0
0
0
0
0
0
0
0
0
0
0
0
0
0
0
0
0
0
0
0
0
0
0
0
0
0
0
0
0
0
0
0
0
0
0
0
0
0
0
0
0
0
0
0
0
0
0
0
0
0
0
0
0
0
0
0
0
0
0
0
0
0
0
0
0
0
0
0
0
0
0
0
0
0
0
0
0
0
0
0
0
0
0
0
0
0
0
0
0
0
0
0
0
0
0
0
0
0
0
0
0
0
0
0
0
0
0
0
0
0
0
0
0
0
0
0
0
0
0
0
0
0
0
0
0
0
0
0
0
0
0
0
0
0
0
0
0
0
0
0
0
0
0
0
0
0
0
0
0
0
0
0
0
0
0
0
0
0
0
0
0
0
0
0
0
0
0
0
0
0
0
0
0
0
0
0
0
0
0
0
0
0
0
0
0
0
0
0
0
0
0
0
0
0
0
0
0
0
0
0
0
0
0
0
0
0
0
0
0
0
0
0
0
0
0
0
0
0
0
0
0
0
0
0
0
0
0
0
0
0
0
0
0
0
0
0
0
0
0
0
0
0
0
0
0
0
0
0
0
0
0
0
0
0
0
0
0
0
0
0
0
0
0
0
0
0
0
0
0
0
0
0
0
0
0
0
0
0
0
0
0
0
0
0
0
0
0
0
0
0
0
0
0
0
0
0
0
0
0
0
0
0
0
0
0
0
0
0
0
0
0
0
0
0
0
0
0
0
0
0
0
0
0
0
0
0
0
0
0
0
0
0
0
0
0
0
0
0
0
0
0
0
0
0
0
0
0
0
0
0
0
0
0
0
0
0
0
0
0
0
0
0
0
0
0
0
0
0
0
0
0
0
0
0
0
0
0
0
0
0
0
0
0
0
0
0
0
0
0
0
0
0
0
0
0
0
0
0
0
0
0
0
0
0
0
0
0
0
0
0
0
0
0
0
0
0
0
0
0
0
0
0
0
0
0
0
0
0
0
0
0
0
0
0
0
0
0
0
0
0
0
0
0
0
0
0
0
0
0
0
0
0
0
0
0
0
0
0
0
0
0
0
0
0
0
0
0
0
0
0
0
0
0
0
0
0
0
0
0
0
0
0
0
0
0
0
0
0
0
0
0
0
0
0
0
0
0
0
0
0
0
0
0
0
0
0
0
0
0
0
0
0
0
0
0
0
0
0
0
0
0
0
0
0
0
0
0
0
0
0
0
0
0
0
0
0
0
0
0
0
0
0
0
0
0
0
0
0
0
0
0
0
0
0
0
0
0
0
0
0
0
0
0
0
0
0
0
0
0
0
0
0
0
0
0
0
0
0
0
0
0
0
0
0
0
0
0
0
0
0
0
0
0
0
0
0
0
0
0
0
0
0
0
0
0
0
0
0
0
0
0
0
0
0
0
0
0
0
0
0
0
0
0
0
0
0
0
0
0
0
0
0
0
0
0
0
0
0
0
0
0
0
0
0
0
0
0
0
0
0
0
0
0
0
0
0
0
0
0
0
0
0
0
0
0
0
0
0
0
0
0
0
0
0
0
0
0
0
0
0
0
0
0
0
0
0
0
0
0
0
0
0
0
0
0
0
0
0
0
0
0
0
0
0
0
0
0
0
0
0
0
0
0
0
0
0
0
0
0
0
0
0
0
0
0
0
0
0
0
0
0
0
0
0
0
0
0
0
0
0
0
0
0
0
0
0
0
0
0
0
0
0
0
0
0
0
0
0
0
0
0
0
0
0
0
0
0
0
0
0
0
0
0
0
0
0
0
0
0
0
0
0
0
0
0
0
0
0
0
0
0
0
0
0
0
0
0
0
0
0
0
0
0
0
0
0
0
0
0
0
0
0
0
0
0
0
0
0
0
0
0
0
0
0
0
0
0
0
0
0
0
0
0
0
0
0
0
0
0
0
0
0
0
0
0
0
0
0
0
0
0
0
0
0
0
0
0
0
0
0
0
0
0
0
0
0
0
0
0
0
0
0
0
0
0
0
0
0
0
0
0
0
0
0
0
0
0
0
0
0
0
0
0
0
0
0
0
0
0
0
0
0
0
0
0
0
0
0
0
0
0
0
0
0
0
0
0
0
0
0
0
0
0
0
0
0
0
0
0
0
0
0
0
0
0
0
0
0
0
0
0
0
0
0
0
0
0
0
0
0
0
0
0
0
0
0
0
0
0
0
0
0
0
0
0
0
0
0
0
0
0
0
0
0
0
0
0
0
0
0
0
0
0
0
0
0
0
0
0
0
0
0
0
0
0
0
0
0
0
0
0
0
0
0
0
0
0
0
0
0
0
0
0
0
0
0
0
0
0
0
0
0
0
0
0
0
0
0
0
0
0
0
0
0
0
0
0
0
0
0
0
0
0
0
0
0
0
0
0
0
0
0
0
0
0
0
0
0
0
0
0
0
0
0
0
0
0
0
0
0
0
0
0
0
0
0
0
0
0
0
0
0
0
0
0
0
0
0
0
0
0
0
0
0
0
0
0
0
0
0
0
0
0
0
0
0
0
0
0
0
0
0
0
0
0
0
0
0
0
0
0
0
0
0
0
0
0
0
0
0
0
0
0
0
0
0
0
0
0
0
0
0
0
0
0
0
0
0
0
0
0
0
0
0
0
0
0
0
0
0
0
0
0
0
0
0
0
0
0
0
0
0
0
0
0
0
0
0
0
0
0
0
0
0
0
0
0
0
0
0
0
0
0
0
0
0
0
0
0
0
0
0
0
0
0
0
0
0
0
0
0
0
0
0
0
0
0
0
0
0
0
0
0
0
0
0
0
0
0
0
0
0
0
0
0
0
0
0
0
0
0
0
0
0
0
0
0
0
0
0
0
0
0
0
0
0
0
0
0
0
0
0
0
0
0
0
0
0
0
0
0
0
0
0
0
0
0
0
0
0
0
0
0
0
0
0
0
0
0
0
0
0
0
0
0
0
0
0
0
0
0
0
0
0
0
0
0
0
0
0
0
0
0
0
0
0
0
0
0
0
0
0
0
0
0
0
0
0
0
0
0
0
0
0
0
0
0
0
0
0
0
0
0
0
0
0
0
0
0
0
0
0
0
0
0
0
0
0
0
0
0
0
0
0
0
0
0
0
0
0
0
0
0
0
0
0
0
0
0
0
0
0
0
0
0
0
0
0
0
0
0
0
0
0
0
0
0
0
0
0
0
0
0
0
0
0
0
0
0
0
0
0
0
0
0
0
0
0
0
0
0
0
0
0
0
0
0
0
0
0
0
0
0
0
0
0
0
0
0
0
0
0
0
0
0
0
0
0
0
0
0
0
0
0
0
0
0
0
0
0
0
0
0
0
0
0
0
0
0
0
0
0
0
0
0
0
0
0
0
0
0
0
0
0
0
0
0
0
0
0
0
0
0
0
0
0
0
0
0
0
0
0
0
0
0
0
0
0
0
0
0
0
0
0
0
0
0
0
0
0
0
0
0
0
0
0
0
0
0
0
0
0
0
0
0
0
0
0
0
0
0
0
0
0
0
0
0
0
0
0
0
0
0
0
0
0
0
0
0
0
0
0
0
0
0
0
0
0
0
0
0
0
0
0
0
0
0
0
0
0
0
0
0
0
0
0
0
0
0
0
0
0
0
0
0
0
0
0
0
0
0
0
0
0
0
0
0
0
0
0
0
0
0
0
0
0
0
0
0
0
0
0
0
0
0
0
0
0
0
0
0
0
0
0
0
0
0
0
0
0
0
0
0
0
0
0
0
0
0
0
0
0
0
0
0
0
0
0
0
0
0
0
0
0
0
0
0
0
0
0
0
0
0
0
0
0
0
0
0
0
0
0
0
0
0
0
0
0
0
0
0
0
0
0
0
0
0
0
0
0
0
0
0
0
0
0
0
0
0
0
0
0
0
0
0
0
0
0
0
0
0
0
0
0
0
0
0
0
0
0
0
0
0
0
0
0
0
0
0
0
0
0
0
0
0
0
0
0
0
0
0
0
0
0
0
0
0
0
0
0
0
0
0
0
0
0
0
0
0
0
0
0
0
0
0
0
0
0
0
0
0
0
0
0
0
0
0
0
0
0
0
0
0
0
0
0
0
0
0
0
0
0
0
0
0
0
0
0
0
0
0
0
0
0
0
0
0
0
0
0
0
0
0
0
0
0
0
0
0
0
0
0
0
0
0
0
0
0
0
0
0
0
0
0
0
0
0
0
0
0
0
0
0
0
0
0
0
0
0
0
0
0
0
0
0
0
0
0
0
0
0
0
0
0
0
0
0
0
0
0
0
0
0
0
0
0
0
0
0
0
0
0
0
0
0
0
0
0
0
0
0
0
0
0
0
0
0
0
0
0
0
0
0
0
0
0
0
0
0
0
0
0
0
0
0
0
0
0
0
0
0
0
0
0
0
0
0
0
0
0
0
0
0
0
0
0
0
0
0
0
0
0
0
0
0
0
0
0
0
0
0
0
0
0
0
0
0
0
0
0
0
0
0
0
0
0
0
0
0
0
0
0
0
0
0
0
0
0
0
0
0
0
0
0
0
0
0
0
0
0
0
0
0
0
0
0
0
0
0
0
0
0
0
0
0
0
0
0
0
0
0
0
0
0
0
0
0
0
0
0
0
0
0
0
0
0
0
0
0
0
0
0
0
0
0
0
0
0
0
0
0
0
0
0
0
0
0
0
0
0
0
0
0
0
0
0
0
0
0
0
0
0
0
0
0
0
0
0
0
0
0
0
0
0
0
0
0
0
0
0
0
0
0
0
0
0
0
0
0
0
0
0
0
0
0
0
0
0
0
0
0
0
0
0
0
0
0
0
0
0
0
0
0
0
0
0
0
0
0
0
0
0
0
0
0
0
0
0
0
0
0
0
0
0
0
0
0
0
0
0
0
0
0
0
0
0
0
0
0
0
0
0
0
0
0
0
0
0
0
0
0
0
0
0
0
0
0
0
0
0
0
0
0
0
0
0
0
0
0
0
0
0
0
0
0
0
0
0
0
0
0
0
0
0
0
0
0
0
0
0
0
0
0
0
0
0
0
0
0
0
0
0
0
0
0
0
0
0
0
0
0
0
0
0
0
0
0
0
0
0
0
0
0
0
0
0
0
0
0
0
0
0
0
0
0
0
0
0
0
0
0
0
0
0
0
0
0
0
0
0
0
0
0
0
0
0
0
0
0
0
0
0
0
0
0
0
0
0
0
0
0
0
0
0
0
0
0
0
0
0
0
0
0
0
0
0
0
0
0
0
0
0
0
0
0
0
0
0
0
0
0
0
0
0
0
0
0
0
0
0
0
0
0
0
0
0
0
0
0
0
0
0
0
0
0
0
0
0
0
0
0
0
0
0
0
0
0
0
0
0
0
0
0
0
0
0
0
0
0
0
0
0
0
0
0
0
0
0
0
0
0
0
0
0
0
0
0
0
0
0
0
0
0
0
0
0
0
0
0
0
0
0
0
0
0
0
0
0
0
0
0
0
0
0
0
0
0
0
0
0
0
0
0
0
0
0
0
0
0
0
0
0
0
0
0
0
0
0
0
0
0
0
0
0
0
0
0
0
0
0
0
0
0
0
0
0
0
0
0
0
0
0
0
0
0
0
0
0
0
0
0
0
0
0
0
0
0
0
0
0
0
0
0
0
0
0
0
0
0
0
0
0
0
0
0
0
0
0
0
0
0
0
0
0
0
0
0
0
0
0
0
0
0
0
0
0
0
0
0
0
0
0
0
0
0
0
0
0
0
0
0
0
0
0
0
0
0
0
0
0
0
0
0
0
0
0
0
0
0
0
0
0
0
0
0
0
0
0
0
0
0
0
0
0
0
0
0
0
0
0
0
0
0
0
0
0
0
0
0
0
0
0
0
0
0
0
0
0
0
0
0
0
0
0
0
0
0
0
0
0
0
0
0
0
0
0
0
0
0
0
0
0
0
0
0
0
0
0
0
0
0
0
0
0
0
0
0
0
0
0
0
0
0
0
0
0
0
0
0
0
0
0
0
0
0
0
0
0
0
0
0
0
0
0
0
0
0
0
0
0
0
0
0
0
0
0
0
0
0
0
0
0
0
0
0
0
0
0
0
0
0
0
0
0
0
0
0
0
0
0
0
0
0
0
0
0
0
0
0
0
0
0
0
0
0
0
0
0
0
0
0
0
0
0
0
0
0
0
0
0
0
0
0
0
0
0
0
0
0
0
0
0
0
0
0
0
0
0
0
0
0
0
0
0
0
0
0
0
0
0
0
0
0
0
0
0
0
0
0
0
0
0
0
0
0
0
0
0
0
0
0
0
0
0
0
0
0
0
0
0
0
0
0
0
0
0
0
0
0
0
0
0
0
0
0
0
0
0
0
0
0
0
0
0
0
0
0
0
0
0
0
0
0
0
0
0
0
0
0
0
0
0
0
0
0
0
0
0
0
0
0
0
0
0
0
0
0
0
0
0
0
0
0
0
0
0
0
0
0
0
0
0
0
0
0
0
0
0
0
0
0
0
0
0
0
0
0
0
0
0
0
0
0
0
0
0
0
0
0
0
0
0
0
0
0
0
0
0
0
0
0
0
0
0
0
0
0
0
0
0
0
0
0
0
0
0
0
0
0
0
0
0
0
0
0
0
0
0
0
0
0
0
0
0
0
0
0
0
0
0
0
0
0
0
0
0
0
0
0
0
0
0
0
0
0
0
0
0
0
0
0
0
0
0
0
0
0
0
0
0
0
0
0
0
0
0
0
0
0
0
0
0
0
0
0
0
0
0
0
0
0
0
0
0
0
0
0
0
0
0
0
0
0
0
0
0
0
0
0
0
0
0
0
0
0
0
0
0
0
0
0
0
0
0
0
0
0
0
0
0
0
0
0
0
0
0
0
0
0
0
0
0
0
0
0
0
0
0
0
0
0
0
0
0
0
0
0
0
0
0
0
0
0
0
0
0
0
0
0
0
0
0
0
0
0
0
0
0
0
0
0
0
0
0
0
0
0
0
0
0
0
0
0
0
0
0
0
0
0
0
0
0
0
0
0
0
0
0
0
0
0
0
0
0
0
0
0
0
0
0
0
0
0
0
0
0
0
0
0
0
0
0
0
0
0
0
0
0
0
0
0
0
0
0
0
0
0
0
0
0
0
0
0
0
0
0
0
0
0
0
0
0
0
0
0
0
0
0
0
0
0
0
0
0
0
0
0
0
0
0
0
0
0
0
0
0
0
0
0
0
0
0
0
0
0
0
0
0
0
0
0
0
0
0
0
0
0
0
0
0
0
0
0
0
0
0
0
0
0
0
0
0
0
0
0
0
0
0
0
0
0
0
0
0
0
0
0
0
0
0
0
0
0
0
0
0
0
0
0
0
0
0
0
0
0
0
0
0
0
0
0
0
0
0
0
0
0
0
0
0
0
0
0
0
0
0
0
0
0
0
0
0
0
0
0
0
0
0
0
0
0
0
0
0
0
0
0
0
0
0
0
0
0
0
0
0
0
0
0
0
0
0
0
0
0
0
0
0
0
0
0
0
0
0
0
0
0
0
0
0
0
0
0
0
0
0
0
0
0
0
0
0
0
0
0
0
0
0
0
0
0
0
0
0
0
0
0
0
0
0
0
0
0
0
0
0
0
0
0
0
0
0
0
0
0
0
0
0
0
0
0
0
0
0
0
0
0
0
0
0
0
0
0
0
0
0
0
0
0
0
0
0
0
0
0
0
0
0
0
0
0
0
0
0
0
0
0
0
0
0
0
0
0
0
0
0
0
0
0
0
0
0
0
0
0
0
0
0
0
0
0
0
0
0
0
0
0
0
0
0
0
0
0
0
0
0
0
0
0
0
0
0
0
0
0
0
0
0
0
0
0
0
0
0
0
0
0
0
0
0
0
0
0
0
0
0
0
0
0
0
0
0
0
0
0
0
0
0
0
0
0
0
0
0
0
0
0
0
0
0
0
0
0
0
0
0
0
0
0
0
0
0
0
0
0
0
0
0
0
0
0
0
0
0
0
0
0
0
0
0
0
0
0
0
0
0
0
0
0
0
0
0
0
0
0
0
0
0
0
0
0
0
0
0
0
0
0
0
0
0
0
0
0
0
0
0
0
0
0
0
0
0
0
0
0
0
0
0
0
0
0
0
0
0
0
0
0
0
0
0
0
0
0
0
0
0
0
0
0
0
0
0
0
0
0
0
0
0
0
0
0
0
0
0
0
0
0
0
0
0
0
0
0
0
0
0
0
0
0
0
0
0
0
0
0
0
0
0
0
0
0
0
0
0
0
0
0
0
0
0
0
0
0
0
0
0
0
0
0
0
0
0
0
0
0
0
0
0
0
0
0
0
0
0
0
0
0
0
0
0
0
0
0
0
0
0
0
0
0
0
0
0
0
0
0
0
0
0
0
0
0
0
0
0
0
0
0
0
0
0
0
0
0
0
0
0
0
0
0
0
0
0
0
0
0
0
0
0
0
0
0
0
0
0
0
0
0
0
0
0
0
0
0
0
0
0
0
0
0
0
0
0
0
0
0
0
0
0
0
0
0
0
0
0
0
0
0
0
0
0
0
0
0
0
0
0
0
0
0
0
0
0
0
0
0
0
0
0
0
0
0
0
0
0
0
0
0
0
0
0
0
0
0
0
0
0
0
0
0
0
0
0
0
0
0
0
0
0
0
0
0
0
0
0
0
0
0
0
0
0
0
0
0
0
0
0
0
0
0
0
0
0
0
0
0
0
0
0
0
0
0
0
0
0
0
0
0
0
0
0
0
0
0
0
0
0
0
0
0
0
0
0
0
0
0
0
0
0
0
0
0
0
0
0
0
0
0
0
0
0
0
0
0
0
0
0
0
0
0
0
0
0
0
0
0
0
0
0
0
0
0
0
0
0
0
0
0
0
0
0
0
0
0
0
0
0
0
0
0
0
0
0
0
0
0
0
0
0
0
0
0
0
0
0
0
0
0
0
0
0
0
0
0
0
0
0
0
0
0
0
0
0
0
0
0
0
0
0
0
0
0
0
0
0
0
0
0
0
0
0
0
0
0
0
0
0
0
0
0
0
0
0
0
0
0
0
0
0
0
0
0
0
0
0
0
0
0
0
0
0
0
0
0
0
0
0
0
0
0
0
0
0
0
0
0
0
0
0
0
0
0
0
0
0
0
0
0
0
0
0
0
0
0
0
0
0
0
0
0
0
0
0
0
0
0
0
0
0
0
0
0
0
0
0
0
0
0
0
0
0
0
0
0
0
0
0
0
0
0
0
0
0
0
0
0
0
0
0
0
0
0
0
0
0
0
0
0
0
0
0
0
0
0
0
0
0
0
0
0
0
0
0
0
0
0
0
0
0
0
0
0
0
0
0
0
0
0
0
0
0
0
0
0
0
0
0
0
0
0
0
0
0
0
0
0
0
0
0
0
0
0
0
0
0
0
0
0
0
0
0
0
0
0
0
0
0
0
0
0
0
0
0
0
0
0
0
0
0
0
0
0
0
0
0
0
0
0
0
0
0
0
0
0
0
0
0
0
0
0
0
0
0
0
0
0
0
0
0
0
0
0
0
0
0
0
0
0
0
0
0
0
0
0
0
0
0
0
0
0
0
0
0
0
0
0
0
0
0
0
0
0
0
0
0
0
0
0
0
0
0
0
0
0
0
0
0
0
0
0
0
0
0
0
0
0
0
0
0
0
0
0
0
0
0
0
0
0
0
0
0
0
0
0
0
0
0
0
0
0
0
0
0
0
0
0
0
0
0
0
0
0
0
0
0
0
0
0
0
0
0
0
0
0
0
0
0
0
0
0
0
0
0
0
0
0
0
0
0
0
0
0
0
0
0
0
0
0
0
0
0
0
0
0
0
0
0
0
0
0
0
0
0
0
0
0
0
0
0
0
0
0
0
0
0
0
0
0
0
0
0
0
0
0
0
0
0
0
0
0
0
0
0
0
0
0
0
0
0
0
0
0
0
0
0
0
0
0
0
0
0
0
0
0
0
0
0
0
0
0
0
0
0
0
0
0
0
0
0
0
0
0
0
0
0
0
0
0
0
0
0
0
0
0
0
0
0
0
0
0
0
0
0
0
0
0
0
0
0
0
0
0
0
0
0
0
0
0
0
0
0
0
0
0
0
0
0
0
0
0
0
0
0
0
0
0
0
0
0
0
0
0
0
0
0
0
0
0
0
0
0
0
0
0
0
0
0
0
0
0
0
0
0
0
0
0
0
0
0
0
0
0
0
0
0
0
0
0
0
0
0
0
0
0
0
0
0
0
0
0
0
0
0
0
0
0
0
0
0
0
0
0
0
0
0
0
0
0
0
0
0
0
0
0
0
0
0
0
0
0
0
0
0
0
0
0
0
0
0
0
0
0
0
0
0
0
0
0
0
0
0
0
0
0
0
0
0
0
0
0
0
0
0
0
0
0
0
0
0
0
0
0
0
0
0
0
0
0
0
0
0
0
0
0
0
0
0
0
0
0
0
0
0
0
0
0
0
0
0
0
0
0
0
0
0
0
0
0
0
0
0
0
0
0
0
0
0
0
0
0
0
0
0
0
0
0
0
0
0
0
0
0
0
0
0
0
0
0
0
0
0
0
0
0
0
0
0
0
0
0
0
0
0
0
0
0
0
0
0
0
0
0
0
0
0
0
0
0
0
0
0
0
0
0
0
0
0
0
0
0
0
0
0
0
0
0
0
0
0
0
0
0
0
0
0
0
0
0
0
0
0
0
0
0
0
0
0
0
0
0
0
0
0
0
0
0
0
0
0
0
0
0
0
0
0
0
0
0
0
0
0
0
0
0
0
0
0
0
0
0
0
0
0
0
0
0
0
0
0
0
0
0
0
0
0
0
0
0
0
0
0
0
0
0
0
0
0
0
0
0
0
0
0
0
0
0
0
0
0
0
0
0
0
0
0
0
0
0
0
0
0
0
0
0
0
0
0
0
0
0
0
0
0
0
0
0
0
0
0
0
0
0
0
0
0
0
0
0
0
0
0
0
0
0
0
0
0
0
0
0
0
0
0
0
0
0
0
0
0
0
0
0
0
0
0
0
0
0
0
0
0
0
0
0
0
0
0
0
0
0
0
0
0
0
0
0
0
0
0
0
0
0
0
0
0
0
0
0
0
0
0
0
0
0
0
0
0
0
0
0
0
0
0
0
0
0
0
0
0
0
0
0
0
0
0
0
0
0
0
0
0
0
0
0
0
0
0
0
0
0
0
0
0
0
0
0
0
0
0
0
0
0
0
0
0
0
0
0
0
0
0
0
0
0
0
0
0
0
0
0
0
0
0
0
0
0
0
0
0
0
0
0
0
0
0
0
0
0
0
0
0
0
0
0
0
0
0
0
0
0
0
0
0
0
0
0
0
0
0
0
0
0
0
0
0
0
0
0
0
0
0
0
0
0
0
0
0
0
0
0
0
0
0
0
0
0
0
0
0
0
0
0
0
0
0
0
0
0
0
0
0
0
0
0
0
0
0
0
0
0
0
0
0
0
0
0
0
0
0
0
0
0
0
0
0
0
0
0
0
0
0
0
0
0
0
0
0
0
0
0
0
0
0
0
0
0
0
0
0
0
0
0
0
0
0
0
0
0
0
0
0
0
0
0
0
0
0
0
0
0
0
0
0
0
0
0
0
0
0
0
0
0
0
0
0
0
0
0
0
0
0
0
0
0
0
0
0
0
0
0
0
0
0
0
0
0
0
0
0
0
0
0
0
0
0
0
0
0
0
0
0
0
0
0
0
0
0
0
0
0
0
0
0
0
0
0
0
0
0
0
0
0
0
0
0
0
0
0
0
0
0
0
0
0
0
0
0
0
0
0
0
0
0
0
0
0
0
0
0
0
0
0
0
0
0
0
0
0
0
0
0
0
0
0
0
0
0
0
0
0
0
0
0
0
0
0
0
0
0
0
0
0
0
0
0
0
0
0
0
0
0
0
0
0
0
0
0
0
0
0
0
0
0
0
0
0
0
0
0
0
0
0
0
0
0
0
0
0
0
0
0
0
0
0
0
0
0
0
0
0
0
0
0
0
0
0
0
0
0
0
0
0
0
0
0
0
0
0
0
0
0
0
0
0
0
0
0
0
0
0
0
0
0
0
0
0
0
0
0
0
0
0
0
0
0
0
0
0
0
0
0
0
0
0
0
0
0
0
0
0
0
0
0
0
0
0
0
0
0
0
0
0
0
0
0
0
0
0
0
0
0
0
0
0
0
0
0
0
0
0
0
0
0
0
0
0
0
0
0
0
0
0
0
0
0
0
0
0
0
0
0
0
0
0
0
0
0
0
0
0
0
0
0
0
0
0
0
0
0
0
0
0
0
0
0
0
0
0
0
0
0
0
0
0
0
0
0
0
0
0
0
0
0
0
0
0
0
0
0
0
0
0
0
0
0
0
0
0
0
0
0
0
0
0
0
0
0
0
0
0
0
0
0
0
0
0
0
0
0
0
0
0
0
0
0
0
0
0
0
0
0
0
0
0
0
0
0
0
0
0
0
0
0
0
0
0
0
0
0
0
0
0
0
0
0
0
0
0
0
0
0
0
0
0
0
0
0
0
0
0
0
0
0
0
0
0
0
0
0
0
0
0
0
0
0
0
0
0
0
0
0
0
0
0
0
0
0
0
0
0
0
0
0
0
0
0
0
0
0
0
0
0
0
0
0
0
0
0
0
0
0
0
0
0
0
0
0
0
0
0
0
0
0
0
0
0
0
0
0
0
0
0
0
0
0
0
0
0
0
0
0
0
0
0
0
0
0
0
0
0
0
0
0
0
0
0
0
0
0
0
0
0
0
0
0
0
0
0
0
0
0
0
0
0
0
0
0
0
0
0
0
0
0
0
0
0
0
0
0
0
0
0
0
0
0
0
0
0
0
0
0
0
0
0
0
0
0
0
0
0
0
0
0
0
0
0
0
0
0
0
0
0
0
0
0
0
0
0
0
0
0
0
0
0
0
0
0
0
0
0
0
0
0
0
0
0
0
0
0
0
0
0
0
0
0
0
0
0
0
0
0
0
0
0
0
0
0
0
0
0
0
0
0
0
0
0
0
0
0
0
0
0
0
0
0
0
0
0
0
0
0
0
0
0
0
0
0
0
0
0
0
0
0
0
0
0
0
0
0
0
0
0
0
0
0
0
0
0
0
0
0
0
0
0
0
0
0
0
0
0
0
0
0
0
0
0
0
0
0
0
0
0
0
0
0
0
0
0
0
0
0
0
0
0
0
0
0
0
0
0
0
0
0
0
0
0
0
0
0
0
0
0
0
0
0
0
0
0
0
0
0
0
0
0
0
0
0
0
0
0
0
0
0
0
0
0
0
0
0
0
0
0
0
0
0
0
0
0
0
0
0
0
0
0
0
0
0
0
0
0
0
0
0
0
0
0
0
0
0
0
0
0
0
0
0
0
0
0
0
0
0
0
0
0
0
0
0
0
0
0
0
0
0
0
0
0
0
0
0
0
0
0
0
0
0
0
0
0
0
0
0
0
0
0
0
0
0
0
0
0
0
0
0
0
0
0
0
0
0
0
0
0
0
0
0
0
0
0
0
0
0
0
0
0
0
0
0
0
0
0
0
0
0
0
0
0
0
0
0
0
0
0
0
0
0
0
0
0
0
0
0
0
0
0
0
0
0
0
0
0
0
0
0
0
0
0
0
0
0
0
0
0
0
0
0
0
0
0
0
0
0
0
0
0
0
0
0
0
0
0
0
0
0
0
0
0
0
0
0
0
0
0
0
0
0
0
0
0
0
0
0
0
0
0
0
0
0
0
0
0
0
0
0
0
0
0
0
0
0
0
0
0
0
0
0
0
0
0
0
0
0
0
0
0
0
0
0
0
0
0
0
0
0
0
0
0
0
0
0
0
0
0
0
0
0
0
0
0
0
0
0
0
0
0
0
0
0
0
0
0
0
0
0
0
0
0
0
0
0
0
0
0
0
0
0
0
0
0
0
0
0
0
0
0
0
0
0
0
0
0
0
0
0
0
0
0
0
0
0
0
0
0
0
0
0
0
0
0
0
0
0
0
0
0
0
0
0
0
0
0
0
0
0
0
0
0
0
0
0
0
0
0
0
0
0
0
0
0
0
0
0
0
0
0
0
0
0
0
0
0
0
0
0
0
0
0
0
0
0
0
0
0
0
0
0
0
0
0
0
0
0
0
0
0
0
0
0
0
0
0
0
0
0
0
0
0
0
0
0
0
0
0
0
0
0
0
0
0
0
0
0
0
0
0
0
0
0
0
0
0
0
0
0
0
0
0
0
0
0
0
0
0
0
0
0
0
0
0
0
0
0
0
0
0
0
0
0
0
0
0
0
0
0
0
0
0
0
0
0
0
0
0
0
0
0
0
0
0
0
0
0
0
0
0
0
0
0
0
0
0
0
0
0
0
0
0
0
0
0
0
0
0
0
0
0
0
0
0
0
0
0
0
0
0
0
0
0
0
0
0
0
0
0
0
0
0
0
0
0
0
0
0
0
0
0
0
0
0
0
0
0
0
0
0
0
0
0
0
0
0
0
0
0
0
0
0
0
0
0
0
0
0
0
0
0
0
0
0
0
0
0
0
0
0
0
0
0
0
0
0
0
0
0
0
0
0
0
0
0
0
0
0
0
0
0
0
0
0
0
0
0
0
0
0
0
0
0
0
0
0
0
0
0
0
0
0
0
0
0
0
0
0
0
0
0
0
0
0
0
0
0
0
0
0
0
0
0
0
0
0
0
0
0
0
0
0
0
0
0
0
0
0
0
0
0
0
0
0
0
0
0
0
0
0
0
0
0
0
0
0
0
0
0
0
0
0
0
0
0
0
0
0
0
0
0
0
0
0
0
0
0
0
0
0
0
0
0
0
0
0
0
0
0
0
0
0
0
0
0
0
0
0
0
0
0
0
0
0
0
0
0
0
0
0
0
0
0
0
0
0
0
0
0
0
0
0
0
0
0
0
0
0
0
0
0
0
0
0
0
0
0
0
0
0
0
0
0
0
0
0
0
0
0
0
0
0
0
0
0
0
0
0
0
0
0
0
0
0
0
0
0
0
0
0
0
0
0
0
0
0
0
0
0
0
0
0
0
0
0
0
0
0
0
0
0
0
0
0
0
0
0
0
0
0
0
0
0
0
0
0
0
0
0
0
0
0
0
0
0
0
0
0
0
0
0
0
0
0
0
0
0
0
0
0
0
0
0
0
0
0
0
0
0
0
0
0
0
0
0
0
0
0
0
0
0
0
0
0
0
0
0
0
0
0
0
0
0
0
0
0
0
0
0
0
0
0
0
0
0
0
0
0
0
0
0
0
0
0
0
0
0
0
0
0
0
0
0
0
0
0
0
0
0
0
0
0
0
0
0
0
0
0
0
0
0
0
0
0
0
0
0
0
0
0
0
0
0
0
0
0
0
0
0
0
0
0
0
0
0
0
0
0
0
0
0
0
0
0
0
0
0
0
0
0
0
0
0
0
0
0
0
0
0
0
0
0
0
0
0
0
0
0
0
0
0
0
0
0
0
0
0
0
0
0
0
0
0
0
0
0
0
0
0
0
0
0
0
0
0
0
0
0
0
0
0
0
0
0
0
0
0
0
0
0
0
0
0
0
0
0
0
0
0
0
0
0
0
0
0
0
0
0
0
0
0
0
0
0
0
0
0
0
0
0
0
0
0
0
0
0
0
0
0
0
0
0
0
0
0
0
0
0
0
0
0
0
0
0
0
0
0
0
0
0
0
0
0
0
0
0
0
0
0
0
0
0
0
0
0
0
0
0
0
0
0
0
0
0
0
0
0
0
0
0
0
0
0
0
0
0
0
0
0
0
0
0
0
0
0
0
0
0
0
0
0
0
0
0
0
0
0
0
0
0
0
0
0
0
0
0
0
0
0
0
0
0
0
0
0
0
0
0
0
0
0
0
0
0
0
0
0
0
0
0
0
0
0
0
0
0
0
0
0
0
0
0
0
0
0
0
0
0
0
0
0
0
0
0
0
0
0
0
0
0
0
0
0
0
0
0
0
0
0
0
0
0
0
0
0
0
0
0
0
0
0
0
0
0
0
0
0
0
0
0
0
0
0
0
0
0
0
0
0
0
0
0
0
0
0
0
0
0
0
0
0
0
0
0
0
0
0
0
0
0
0
0
0
0
0
0
0
0
0
0
0
0
0
0
0
0
0
0
0
0
0
0
0
0
0
0
0
0
0
0
0
0
0
0
0
0
0
0
0
0
0
0
0
0
0
0
0
0
0
0
0
0
0
0
0
0
0
0
0
0
0
0
0
0
0
0
0
0
0
0
0
0
0
0
0
0
0
0
0
0
0
0
0
0
0
0
0
0
0
0
0
0
0
0
0
0
0
0
0
0
0
0
0
0
0
0
0
0
0
0
0
0
0
0
0
0
0
0
0
0
0
0
0
0
0
0
0
0
0
0
0
0
0
0
0
0
0
0
0
0
0
0
0
0
0
0
0
0
0
0
0
0
0
0
0
0
0
0
0
0
0
0
0
0
0
0
0
0
0
0
0
0
0
0
0
0
0
0
0
0
0
0
0
0
0
0
0
0
0
0
0
0
0
0
0
0
0
0
0
0
0
0
0
0
0
0
0
0
0
0
0
0
0
0
0
0
0
0
0
0
0
0
0
0
0
0
0
0
0
0
0
0
0
0
0
0
0
0
0
0
0
0
0
0
0
0
0
0
0
0
0
0
0
0
0
0
0
0
0
0
0
0
0
0
0
0
0
0
0
0
0
0
0
0
0
0
0
0
0
0
0
0
0
0
0
0
0
0
0
0
0
0
0
0
0
0
0
0
0
0
0
0
0
0
0
0
0
0
0
0
0
0
0
0
0
0
0
0
0
0
0
0
0
0
0
0
0
0
0
0
0
0
0
0
0
0
0
0
0
0
0
0
0
0
0
0
0
0
0
0
0
0
0
0
0
0
0
0
0
0
0
0
0
0
0
0
0
0
0
0
0
0
0
0
0
0
0
0
0
0
0
0
0
0
0
0
0
0
0
0
0
0
0
0
0
0
0
0
0
0
0
0
0
0
0
0
0
0
0
0
0
0
0
0
0
0
0
0
0
0
0
0
0
0
0
0
0
0
0
0
0
0
0
0
0
0
0
0
0
0
0
0
0
0
0
0
0
0
0
0
0
0
0
0
0
0
0
0
0
0
0
0
0
0
0
0
0
0
0
0
0
0
0
0
0
0
0
0
0
0
0
0
0
0
0
0
0
0
0
0
0
0
0
0
0
0
0
0
0
0
0
0
0
0
0
0
0
0
0
0
0
0
0
0
0
0
0
0
0
0
0
0
0
0
0
0
0
0
0
0
0
0
0
0
0
0
0
0
0
0
0
0
0
0
0
0
0
0
0
0
0
0
0
0
0
0
0
0
0
0
0
0
0
0
0
0
0
0
0
0
0
0
0
0
0
0
0
0
0
0
0
0
0
0
0
0
0
0
0
0
0
0
0
0
0
0
0
0
0
0
0
0
0
0
0
0
0
0
0
0
0
0
0
0
0
0
0
0
0
0
0
0
0
0
0
0
0
0
0
0
0
0
0
0
0
0
0
0
0
0
0
0
0
0
0
0
0
0
0
0
0
0
0
0
0
0
0
0
0
0
0
0
0
0
0
0
0
0
0
0
0
0
0
0
0
0
0
0
0
0
0
0
0
0
0
0
0
0
0
0
0
0
0
0
0
0
0
0
0
0
0
0
0
0
0
0
0
0
0
0
0
0
0
0
0
0
0
0
0
0
0
0
0
0
0
0
0
0
0
0
0
0
0
0
0
0
0
0
0
0
0
0
0
0
0
0
0
0
0
0
0
0
0
0
0
0
0
0
0
0
0
0
0
0
0
0
0
0
0
0
0
0
0
0
0
0
0
0
0
0
0
0
0
0
0
0
0
0
0
0
0
0
0
0
0
0
0
0
0
0
0
0
0
0
0
0
0
0
0
0
0
0
0
0
0
0
0
0
0
0
0
0
0
0
0
0
0
0
0
0
0
0
0
0
0
0
0
0
0
0
0
0
0
0
0
0
0
0
0
0
0
0
0
0
0
0
0
0
0
0
0
0
0
0
0
0
0
0
0
0
0
0
0
0
0
0
0
0
0
0
0
0
0
0
0
0
0
0
0
0
0
0
0
0
0
0
0
0
0
0
0
0
0
0
0
0
0
0
0
0
0
0
0
0
0
0
0
0
0
0
0
0
0
0
0
0
0
0
0
0
0
0
0
0
0
0
0
0
0
0
0
0
0
0
0
0
0
0
0
0
0
0
0
0
0
0
0
0
0
0
0
0
0
0
0
0
0
0
0
0
0
0
0
0
0
0
0
0
0
0
0
0
0
0
0
0
0
0
0
0
0
0
0
0
0
0
0
0
0
0
0
0
0
0
0
0
0
0
0
0
0
0
0
0
0
0
0
0
0
0
0
0
0
0
0
0
0
0
0
0
0
0
0
0
0
0
0
0
0
0
0
0
0
0
0
0
0
0
0
0
0
0
0
0
0
0
0
0
0
0
0
0
0
0
0
0
0
0
0
0
0
0
0
0
0
0
0
0
0
0
0
0
0
0
0
0
0
0
0
0
0
0
0
0
0
0
0
0
0
0
0
0
0
0
0
0
0
0
0
0
0
0
0
0
0
0
0
0
0
0
0
0
0
0
0
0
0
0
0
0
0
0
0
0
0
0
0
0
0
0
0
0
0
0
0
0
0
0
0
0
0
0
0
0
0
0
0
0
0
0
0
0
0
0
0
0
0
0
0
0
0
0
0
0
0
0
0
0
0
0
0
0
0
0
0
0
0
0
0
0
0
0
0
0
0
0
0
0
0
0
0
0
0
0
0
0
0
0
0
0
0
0
0
0
0
0
0
0
0
0
0
0
0
0
0
0
0
0
0
0
0
0
0
0
0
0
0
0
0
0
0
0
0
0
0
0
0
0
0
0
0
0
0
0
0
0
0
0
0
0
0
0
0
0
0
0
0
0
0
0
0
0
0
0
0
0
0
0
0
0
0
0
0
0
0
0
0
0
0
0
0
0
0
0
0
0
0
0
0
0
0
0
0
0
0
0
0
0
0
0
0
0
0
0
0
0
0
0
0
0
0
0
0
0
0
0
0
0
0
0
0
0
0
0
0
0
0
0
0
0
0
0
0
0
0
0
0
0
0
0
0
0
0
0
0
0
0
0
0
0
0
0
0
0
0
0
0
0
0
0
0
0
0
0
0
0
0
0
0
0
0
0
0
0
0
0
0
0
0
0
0
0
0
0
0
0
0
0
0
0
0
0
0
0
0
0
0
0
0
0
0
0
0
0
0
0
0
0
0
0
0
0
0
0
0
0
0
0
0
0
0
0
0
0
0
0
0
0
0
0
0
0
0
0
0
0
0
0
0
0
0
0
0
0
0
0
0
0
0
0
0
0
0
0
0
0
0
0
0
0
0
0
0
0
0
0
0
0
0
0
0
0
0
0
0
0
0
0
0
0
0
0
0
0
0
0
0
0
0
0
0
0
0
0
0
0
0
0
0
0
0
0
0
0
0
0
0
0
0
0
0
0
0
0
0
0
0
0
0
0
0
0
0
0
0
0
0
0
0
0
0
0
0
0
0
0
0
0
0
0
0
0
0
0
0
0
0
0
0
0
0
0
0
0
0
0
0
0
0
0
0
0
0
0
0
0
0
0
0
0
0
0
0
0
0
0
0
0
0
0
0
0
0
0
0
0
0
0
0
0
0
0
0
0
0
0
0
0
0
0
0
0
0
0
0
0
0
0
0
0
0
0
0
0
0
0
0
0
0
0
0
0
0
0
0
0
0
0
0
0
0
0
0
0
0
0
0
0
0
0
0
0
0
0
0
0
0
0
0
0
0
0
0
0
0
0
0
0
0
0
0
0
0
0
0
0
0
0
0
0
0
0
0
0
0
0
0
0
0
0
0
0
0
0
0
0
0
0
0
0
0
0
0
0
0
0
0
0
0
0
0
0
0
0
0
0
0
0
0
0
0
0
0
0
0
0
0
0
0
0
0
0
0
0
0
0
0
0
0
0
0
0
0
0
0
0
0
0
0
0
0
0
0
0
0
0
0
0
0
0
0
0
0
0
0
0
0
0
0
0
0
0
0
0
0
0
0
0
0
0
0
0
0
0
0
0
0
0
0
0
0
0
0
0
0
0
0
0
0
0
0
0
0
0
0
0
0
0
0
0
0
0
0
0
0
0
0
0
0
0
0
0
0
0
0
0
0
0
0
0
0
0
0
0
0
0
0
0
0
0
0
0
0
0
0
0
0
0
0
0
0
0
0
0
0
0
0
0
0
0
0
0
0
0
0
0
0
0
0
0
0
0
0
0
0
0
0
0
0
0
0
0
0
0
0
0
0
0
0
0
0
0
0
0
0
0
0
0
0
0
0
0
0
0
0
0
0
0
0
0
0
0
0
0
0
0
0
0
0
0
0
0
0
0
0
0
0
0
0
0
0
0
0
0
0
0
0
0
0
0
0
0
0
0
0
0
0
0
0
0
0
0
0
0
0
0
0
0
0
0
0
0
0
0
0
0
0
0
0
0
0
0
0
0
0
0
0
0
0
0
0
0
0
0
0
0
0
0
0
0
0
0
0
0
0
0
0
0
0
0
0
0
0
0
0
0
0
0
0
0
0
0
0
0
0
0
0
0
0
0
0
0
0
0
0
0
0
0
0
0
0
0
0
0
0
0
0
0
0
0
0
0
0
0
0
0
0
0
0
0
0
0
0
0
0
0
0
0
0
0
0
0
0
0
0
0
0
0
0
0
0
0
0
0
0
0
0
0
0
0
0
0
0
0
0
0
0
0
0
0
0
0
0
0
0
0
0
0
0
0
0
0
0
0
0
0
0
0
0
0
0
0
0
0
0
0
0
0
0
0
0
0
0
0
0
0
0
0
0
0
0
0
0
0
0
0
0
0
0
0
0
0
0
0
0
0
0
0
0
0
0
0
0
0
0
0
0
0
0
0
0
0
0
0
0
0
0
0
0
0
0
0
0
0
0
0
0
0
0
0
0
0
0
0
0
0
0
0
0
0
0
0
0
0
0
0
0
0
0
0
0
0
0
0
0
0
0
0
0
0
0
0
0
0
0
0
0
0
0
0
0
0
0
0
0
0
0
0
0
0
0
0
0
0
0
0
0
0
0
0
0
0
0
0
0
0
0
0
0
0
0
0
0
0
0
0
0
0
0
0
0
0
0
0
0
0
0
0
0
0
0
0
0
0
0
0
0
0
0
0
0
0
0
0
0
0
0
0
0
0
0
0
0
0
0
0
0
0
0
0
0
0
0
0
0
0
0
0
0
0
0
0
0
0
0
0
0
0
0
0
0
0
0
0
0
0
0
0
0
0
0
0
0
0
0
0
0
0
0
0
0
0
0
0
0
0
0
0
0
0
0
0
0
0
0
0
0
0
0
0
0
0
0
0
0
0
0
0
0
0
0
0
0
0
0
0
0
0
0
0
0
0
0
0
0
0
0
0
0
0
0
0
0
0
0
0
0
0
0
0
0
0
0
0
0
0
0
0
0
0
0
0
0
0
0
0
0
0
0
0
0
0
0
0
0
0
0
0
0
0
0
0
0
0
0
0
0
0
0
0
0
0
0
0
0
0
0
0
0
0
0
0
0
0
0
0
0
0
0
0
0
0
0
0
0
0
0
0
0
0
0
0
0
0
0
0
0
0
0
0
0
0
0
0
0
0
0
0
0
0
0
0
0
0
0
0
0
0
0
0
0
0
0
0
0
0
0
0
0
0
0
0
0
0
0
0
0
0
0
0
0
0
0
0
0
0
0
0
0
0
0
0
0
0
0
0
0
0
0
0
0
0
0
0
0
0
0
0
0
0
0
0
0
0
0
0
0
0
0
0
0
0
0
0
0
0
0
0
0
0
0
0
0
0
0
0
0
0
0
0
0
0
0
0
0
0
0
0
0
0
0
0
0
0
0
0
0
0
0
0
0
0
0
0
0
0
0
0
0
0
0
0
0
0
0
0
0
0
0
0
0
0
0
0
0
0
0
0
0
0
0
0
0
0
0
0
0
0
0
0
0
0
0
0
0
0
0
0
0
0
0
0
0
0
0
0
0
0
0
0
0
0
0
0
0
0
0
0
0
0
0
0
0
0
0
0
0
0
0
0
0
0
0
0
0
0
0
0
0
0
0
0
0
0
0
0
0
0
0
0
0
0
0
0
0
0
0
0
0
0
0
0
0
0
0
0
0
0
0
0
0
0
0
0
0
0
0
0
0
0
0
0
0
0
0
0
0
0
0
0
0
0
0
0
0
0
0
0
0
0
0
0
0
0
0
0
0
0
0
0
0
0
0
0
0
0
0
0
0
0
0
0
0
0
0
0
0
0
0
0
0
0
0
0
0
0
0
0
0
0
0
0
0
0
0
0
0
0
0
0
0
0
0
0
0
0
0
0
0
0
0
0
0
0
0
0
0
0
0
0
0
0
0
0
0
0
0
0
0
0
0
0
0
0
0
0
0
0
0
0
0
0
0
0
0
0
0
0
0
0
0
0
0
0
0
0
0
0
0
0
0
0
0
0
0
0
0
0
0
0
0
0
0
0
0
0
0
0
0
0
0
0
0
0
0
0
0
0
0
0
0
0
0
0
0
0
0
0
0
0
0
0
0
0
0
0
0
0
0
0
0
0
0
0
0
0
0
0
0
0
0
0
0
0
0
0
0
0
0
0
0
0
0
0
0
0
0
0
0
0
0
0
0
0
0
0
0
0
0
0
0
0
0
0
0
0
0
0
0
0
0
0
0
0
0
0
0
0
0
0
0
0
0
0
0
0
0
0
0
0
0
0
0
0
0
0
0
0
0
0
0
0
0
0
0
0
0
0
0
0
0
0
0
0
0
0
0
0
0
0
0
0
0
0
0
0
0
0
0
0
0
0
0
0
0
0
0
0
0
0
0
0
0
0
0
0
0
0
0
0
0
0
0
0
0
0
0
0
0
0
0
0
0
0
0
0
0
0
0
0
0
0
0
0
0
0
0
0
0
0
0
0
0
0
0
0
0
0
0
0
0
0
0
0
0
0
0
0
0
0
0
0
0
0
0
0
0
0
0
0
0
0
0
0
0
0
0
0
0
0
0
0
0
0
0
0
0
0
0
0
0
0
0
0
0
0
0
0
0
0
0
0
0
0
0
0
0
0
0
0
0
0
0
0
0
0
0
0
0
0
0
0
0
0
0
0
0
0
0
0
0
0
0
0
0
0
0
0
0
0
0
0
0
0
0
0
0
0
0
0
0
0
0
0
0
0
0
0
0
0
0
0
0
0
0
0
0
0
0
0
0
0
0
0
0
0
0
0
0
0
0
0
0
0
0
0
0
0
0
0
0
0
0
0
0
0
0
0
0
0
0
0
0
0
0
0
0
0
0
0
0
0
0
0
0
0
0
0
0
0
0
0
0
0
0
0
0
0
0
0
0
0
0
0
0
0
0
0
0
0
0
0
0
0
0
0
0
0
0
0
0
0
0
0
0
0
0
0
0
0
0
0
0
0
0
0
0
0
0
0
0
0
0
0
0
0
0
0
0
0
0
0
0
0
0
0
0
0
0
0
0
0
0
0
0
0
0
0
0
0
0
0
0
0
0
0
0
0
0
0
0
0
0
0
0
0
0
0
0
0
0
0
0
0
0
0
0
0
0
0
0
0
0
0
0
0
0
0
0
0
0
0
0
0
0
0
0
0
0
0
0
0
0
0
0
0
0
0
0
0
0
0
0
0
0
0
0
0
0
0
0
0
0
0
0
0
0
0
0
0
0
0
0
0
0
0
0
0
0
0
0
0
0
0
0
0
0
0
0
0
0
0
0
0
0
0
0
0
0
0
0
0
0
0
0
0
0
0
0
0
0
0
0
0
0
0
0
0
0
0
0
0
0
0
0
0
0
0
0
0
0
0
0
0
0
0
0
0
0
0
0
0
0
0
0
0
0
0
0
0
0
0
0
0
0
0
0
0
0
0
0
0
0
0
0
0
0
0
0
0
0
0
0
0
0
0
0
0
0
0
0
0
0
0
0
0
0
0
0
0
0
0
0
0
0
0
0
0
0
0
0
0
0
0
0
0
0
0
0
0
0
0
0
0
0
0
0
0
0
0
0
0
0
0
0
0
0
0
0
0
0
0
0
0
0
0
0
0
0
0
0
0
0
0
0
0
0
0
0
0
0
0
0
0
0
0
0
0
0
0
0
0
0
0
0
0
0
0
0
0
0
0
0
0
0
0
0
0
0
0
0
0
0
0
0
0
0
0
0
0
0
0
0
0
0
0
0
0
0
0
0
0
0
0
0
0
0
0
0
0
0
0
0
0
0
0
0
0
0
0
0
0
0
0
0
0
0
0
0
0
0
0
0
0
0
0
0
0
0
0
0
0
0
0
0
0
0
0
0
0
0
0
0
0
0
0
0
0
0
0
0
0
0
0
0
0
0
0
0
0
0
0
0
0
0
0
0
0
0
0
0
0
0
0
0
0
0
0
0
0
0
0
0
0
0
0
0
0
0
0
0
0
0
0
0
0
0
0
0
0
0
0
0
0
0
0
0
0
0
0
0
0
0
0
0
0
0
0
0
0
0
0
0
0
0
0
0
0
0
0
0
0
0
0
0
0
0
0
0
0
0
0
0
0
0
0
0
0
0
0
0
0
0
0
0
0
0
0
0
0
0
0
0
0
0
0
0
0
0
0
0
0
0
0
0
0
0
0
0
0
0
0
0
0
0
0
0
0
0
0
0
0
0
0
0
0
0
0
0
0
0
0
0
0
0
0
0
0
0
0
0
0
0
0
0
0
0
0
0
0
0
0
0
0
0
0
0
0
0
0
0
0
0
0
0
0
0
0
0
0
0
0
0
0
0
0
0
0
0
0
0
0
0
0
0
0
0
0
0
0
0
0
0
0
0
0
0
0
0
0
0
0
0
0
0
0
0
0
0
0
0
0
0
0
0
0
0
0
0
0
0
0
0
0
0
0
0
0
0
0
0
0
0
0
0
0
0
0
0
0
0
0
0
0
0
0
0
0
0
0
0
0
0
0
0
0
0
0
0
0
0
0
0
0
0
0
0
0
0
0
0
0
0
0
0
0
0
0
0
0
0
0
0
0
0
0
0
0
0
0
0
0
0
0
0
0
0
0
0
0
0
0
0
0
0
0
0
0
0
0
0
0
0
0
0
0
0
0
0
0
0
0
0
0
0
0
0
0
0
0
0
0
0
0
0
0
0
0
0
0
0
0
0
0
0
0
0
0
0
0
0
0
0
0
0
0
0
0
0
0
0
0
0
0
0
0
0
0
0
0
0
0
0
0
0
0
0
0
0
0
0
0
0
0
0
0
0
0
0
0
0
0
0
0
0
0
0
0
0
0
0
0
0
0
0
0
0
0
0
0
0
0
0
0
0
0
0
0
0
0
0
0
0
0
0
0
0
0
0
0
0
0
0
0
0
0
0
0
0
0
0
0
0
0
0
0
0
0
0
0
0
0
0
0
0
0
0
0
0
0
0
0
0
0
0
0
0
0
0
0
0
0
0
0
0
0
0
0
0
0
0
0
0
0
0
0
0
0
0
0
0
0
0
0
0
0
0
0
0
0
0
0
0
0
0
0
0
0
0
0
0
0
0
0
0
0
0
0
0
0
0
0
0
0
0
0
0
0
0
0
0
0
0
0
0
0
0
0
0
0
0
0
0
0
0
0
0
0
0
0
0
0
0
0
0
0
0
0
0
0
0
0
0
0
0
0
0
0
0
0
0
0
0
0
0
0
0
0
0
0
0
0
0
0
0
0
0
0
0
0
0
0
0
0
0
0
0
0
0
0
0
0
0
0
0
0
0
0
0
0
0
0
0
0
0
0
0
0
0
0
0
0
0
0
0
0
0
0
0
0
0
0
0
0
0
0
0
0
0
0
0
0
0
0
0
0
0
0
0
0
0
0
0
0
0
0
0
0
0
0
0
0
0
0
0
0
0
0
0
0
0
0
0
0
0
0
0
0
0
0
0
0
0
0
0
0
0
0
0
0
0
0
0
0
0
0
0
0
0
0
0
0
0
0
0
0
0
0
0
0
0
0
0
0
0
0
0
0
0
0
0
0
0
0
0
0
0
0
0
0
0
0
0
0
0
0
0
0
0
0
0
0
0
0
0
0
0
0
0
0
0
0
0
0
0
0
0
0
0
0
0
0
0
0
0
0
0
0
0
0
0
0
0
0
0
0
0
0
0
0
0
0
0
0
0
0
0
0
0
0
0
0
0
0
0
0
0
0
0
0
0
0
0
0
0
0
0
0
0
0
0
0
0
0
0
0
0
0
0
0
0
0
0
0
0
0
0
0
0
0
0
0
0
0
0
0
0
0
0
0
0
0
0
0
0
0
0
0
0
0
0
0
0
0
0
0
0
0
0
0
0
0
0
0
0
0
0
0
0
0
0
0
0
0
0
0
0
0
0
0
0
0
0
0
0
0
0
0
0
0
0
0
0
0
0
0
0
0
0
0
0
0
0
0
0
0
0
0
0
0
0
0
0
0
0
0
0
0
0
0
0
0
0
0
0
0
0
0
0
0
0
0
0
0
0
0
0
0
0
0
0
0
0
0
0
0
0
0
0
0
0
0
0
0
0
0
0
0
0
0
0
0
0
0
0
0
0
0
0
0
0
0
0
0
0
0
0
0
0
0
0
0
0
0
0
0
0
0
0
0
0
0
0
0
0
0
0
0
0
0
0
0
0
0
0
0
0
0
0
0
0
0
0
0
0
0
0
0
0
0
0
0
0
0
0
0
0
0
0
0
0
0
0
0
0
0
0
0
0
0
0
0
0
0
0
0
0
0
0
0
0
0
0
0
0
0
0
0
0
0
0
0
0
0
0
0
0
0
0
0
0
0
0
0
0
0
0
0
0
0
0
0
0
0
0
0
0
0
0
0
0
0
0
0
0
0
0
0
0
0
0
0
0
0
0
0
0
0
0
0
0
0
0
0
0
0
0
0
0
0
0
0
0
0
0
0
0
0
0
0
0
0
0
0
0
0
0
0
0
0
0
0
0
0
0
0
0
0
0
0
0
0
0
0
0
0
0
0
0
0
0
0
0
0
0
0
0
0
0
0
0
0
0
0
0
0
0
0
0
0
0
0
0
0
0
0
0
0
0
0
0
0
0
0
0
0
0
0
0
0
0
0
0
0
0
0
0
0
0
0
0
0
0
0
0
0
0
0
0
0
0
0
0
0
0
0
0
0
0
0
0
0
0
0
0
0
0
0
0
0
0
0
0
0
0
0
0
0
0
0
0
0
0
0
0
0
0
0
0
0
0
0
0
0
0
0
0
0
0
0
0
0
0
0
0
0
0
0
0
0
0
0
0
0
0
0
0
0
0
0
0
0
0
0
0
0
0
0
0
0
0
0
0
0
0
0
0
0
0
0
0
0
0
0
0
0
0
0
0
0
0
0
0
0
0
0
0
0
0
0
0
0
0
0
0
0
0
0
0
0
0
0
0
0
0
0
0
0
0
0
0
0
0
0
0
0
0
0
0
0
0
0
0
0
0
0
0
0
0
0
0
0
0
0
0
0
0
0
0
0
0
0
0
0
0
0
0
0
0
0
0
0
0
0
0
0
0
0
0
0
0
0
0
0
0
0
0
0
0
0
0
0
0
0
0
0
0
0
0
0
0
0
0
0
0
0
0
0
0
0
0
0
0
0
0
0
0
0
0
0
0
0
0
0
0
0
0
0
0
0
0
0
0
0
0
0
0
0
0
0
0
0
0
0
0
0
0
0
0
0
0
0
0
0
0
0
0
0
0
0
0
0
0
0
0
0
0
0
0
0
0
0
0
0
0
0
0
0
0
0
0
0
0
0
0
0
0
0
0
0
0
0
0
0
0
0
0
0
0
0
0
0
0
0
0
0
0
0
0
0
0
0
0
0
0
0
0
0
0
0
0
0
0
0
0
0
0
0
0
0
0
0
0
0
0
0
0
0
0
0
0
0
0
0
0
0
0
0
0
0
0
0
0
0
0
0
0
0
0
0
0
0
0
0
0
0
0
0
0
0
0
0
0
0
0
0
0
0
0
0
0
0
0
0
0
0
0
0
0
0
0
0
0
0
0
0
0
0
0
0
0
0
0
0
0
0
0
0
0
0
0
0
0
0
0
0
0
0
0
0
0
0
0
0
0
0
0
0
0
0
0
0
0
0
0
0
0
0
0
0
0
0
0
0
0
0
0
0
0
0
0
0
0
0
0
0
0
0
0
0
0
0
0
0
0
0
0
0
0
0
0
0
0
0
0
0
0
0
0
0
0
0
0
0
0
0
0
0
0
0
0
0
0
0
0
0
0
0
0
0
0
0
0
0
0
0
0
0
0
0
0
0
0
0
0
0
0
0
0
0
0
0
0
0
0
0
0
0
0
0
0
0
0
0
0
0
0
0
0
0
0
0
0
0
0
0
0
0
0
0
0
0
0
0
0
0
0
0
0
0
0
0
0
0
0
0
0
0
0
0
0
0
0
0
0
0
0
0
0
0
0
0
0
0
0
0
0
0
0
0
0
0
0
0
0
0
0
0
0
0
0
0
0
0
0
0
0
0
0
0
0
0
0
0
0
0
0
0
0
0
0
0
0
0
0
0
0
0
0
0
0
0
0
0
0
0
0
0
0
0
0
0
0
0
0
0
0
0
0
0
0
0
0
0
0
0
0
0
0
0
0
0
0
0
0
0
0
0
0
0
0
0
0
0
0
0
0
0
0
0
0
0
0
0
0
0
0
0
0
0
0
0
0
0
0
0
0
0
0
0
0
0
0
0
0
0
0
0
0
0
0
0
0
0
0
0
0
0
0
0
0
0
0
0
0
0
0
0
0
0
0
0
0
0
0
0
0
0
0
0
0
0
0
0
0
0
0
0
0
0
0
0
0
0
0
0
0
0
0
0
0
0
0
0
0
0
0
0
0
0
0
0
0
0
0
0
0
0
0
0
0
0
0
0
0
0
0
0
0
0
0
0
0
0
0
0
0
0
0
0
0
0
0
0
0
0
0
0
0
0
0
0
0
0
0
0
0
0
0
0
0
0
0
0
0
0
0
0
0
0
0
0
0
0
0
0
0
0
0
0
0
0
0
0
0
0
0
0
0
0
0
0
0
0
0
0
0
0
0
0
0
0
0
0
0
0
0
0
0
0
0
0
0
0
0
0
0
0
0
0
0
0
0
0
0
0
0
0
0
0
0
0
0
0
0
0
0
0
0
0
0
0
0
0
0
0
0
0
0
0
0
0
0
0
0
0
0
0
0
0
0
0
0
0
0
0
0
0
0
0
0
0
0
0
0
0
0
0
0
0
0
0
0
0
0
0
0
0
0
0
0
0
0
0
0
0
0
0
0
0
0
0
0
0
0
0
0
0
0
0
0
0
0
0
0
0
0
0
0
0
0
0
0
0
0
0
0
0
0
0
0
0
0
0
0
0
0
0
0
0
0
0
0
0
0
0
0
0
0
0
0
0
0
0
0
0
0
0
0
0
0
0
0
0
0
0
0
0
0
0
0
0
0
0
0
0
0
0
0
0
0
0
0
0
0
0
0
0
0
0
0
0
0
0
0
0
0
0
0
0
0
0
0
0
0
0
0
0
0
0
0
0
0
0
0
0
0
0
0
0
0
0
0
0
0
0
0
0
0
0
0
0
0
0
0
0
0
0
0
0
0
0
0
0
0
0
0
0
0
0
0
0
0
0
0
0
0
0
0
0
0
0
0
0
0
0
0
0
0
0
0
0
0
0
0
0
0
0
0
0
0
0
0
0
0
0
0
0
0
0
0
0
0
0
0
0
0
0
0
0
0
0
0
0
0
0
0
0
0
0
0
0
0
0
0
0
0
0
0
0
0
0
0
0
0
0
0
0
0
0
0
0
0
0
0
0
0
0
0
0
0
0
0
0
0
0
0
0
0
0
0
0
0
0
0
0
0
0
0
0
0
0
0
0
0
0
0
0
0
0
0
0
0
0
0
0
0
0
0
0
0
0
0
0
0
0
0
0
0
0
0
0
0
0
0
0
0
0
0
0
0
0
0
0
0
0
0
0
0
0
0
0
0
0
0
0
0
0
0
0
0
0
0
0
0
0
0
0
0
0
0
0
0
0
0
0
0
0
0
0
0
0
0
0
0
0
0
0
0
0
0
0
0
0
0
0
0
0
0
0
0
0
0
0
0
0
0
0
0
0
0
0
0
0
0
0
0
0
0
0
0
0
0
0
0
0
0
0
0
0
0
0
0
0
0
0
0
0
0
0
0
0
0
0
0
0
0
0
0
0
0
0
0
0
0
0
0
0
0
0
0
0
0
0
0
0
0
0
0
0
0
0
0
0
0
0
0
0
0
0
0
0
0
0
0
0
0
0
0
0
0
0
0
0
0
0
0
0
0
0
0
0
0
0
0
0
0
0
0
0
0
0
0
0
0
0
0
0
0
0
0
0
0
0
0
0
0
0
0
0
0
0
0
0
0
0
0
0
0
0
0
0
0
0
0
0
0
0
0
0
0
0
0
0
0
0
0
0
0
0
0
0
0
0
0
0
0
0
0
0
0
0
0
0
0
0
0
0
0
0
0
0
0
0
0
0
0
0
0
0
0
0
0
0
0
0
0
0
0
0
0
0
0
0
0
0
0
0
0
0
0
0
0
0
0
0
0
0
0
0
0
0
0
0
0
0
0
0
0
0
0
0
0
0
0
0
0
0
0
0
0
0
0
0
0
0
0
0
0
0
0
0
0
0
0
0
0
0
0
0
0
0
0
0
0
0
0
0
0
0
0
0
0
0
0
0
0
0
0
0
0
0
0
0
0
0
0
0
0
0
0
0
0
0
0
0
0
0
0
0
0
0
0
0
0
0
0
0
0
0
0
0
0
0
0
0
0
0
0
0
0
0
0
0
0
0
0
0
0
0
0
0
0
0
0
0
0
0
0
0
0
0
0
0
0
0
0
0
0
0
0
0
0
0
0
0
0
0
0
0
0
0
0
0
0
0
0
0
0
0
0
0
0
0
0
0
0
0
0
0
0
0
0
0
0
0
0
0
0
0
0
0
0
0
0
0
0
0
0
0
0
0
0
0
0
0
0
0
0
0
0
0
0
0
0
0
0
0
0
0
0
0
0
0
0
0
0
0
0
0
0
0
0
0
0
0
0
0
0
0
0
0
0
0
0
0
0
0
0
0
0
0
0
0
0
0
0
0
0
0
0
0
0
0
0
0
0
0
0
0
0
0
0
0
0
0
0
0
0
0
0
0
0
0
0
0
0
0
0
0
0
0
0
0
0
0
0
0
0
0
0
0
0
0
0
0
0
0
0
0
0
0
0
0
0
0
0
0
0
0
0
0
0
0
0
0
0
0
0
0
0
0
0
0
0
0
0
0
0
0
0
0
0
0
0
0
0
0
0
0
0
0
0
0
0
0
0
0
0
0
0
0
0
0
0
0
0
0
0
0
0
0
0
0
0
0
0
0
0
0
0
0
0
0
0
0
0
0
0
0
0
0
0
0
0
0
0
0
0
0
0
0
0
0
0
0
0
0
0
0
0
0
0
0
0
0
0
0
0
0
0
0
0
0
0
0
0
0
0
0
0
0
0
0
0
0
0
0
0
0
0
0
0
0
0
0
0
0
0
0
0
0
0
0
0
0
0
0
0
0
0
0
0
0
0
0
0
0
0
0
0
0
0
0
0
0
0
0
0
0
0
0
0
0
0
0
0
0
0
0
0
0
0
0
0
0
0
0
0
0
0
0
0
0
0
0
0
0
0
0
0
0
0
0
0
0
0
0
0
0
0
0
0
0
0
0
0
0
0
0
0
0
0
0
0
0
0
0
0
0
0
0
0
0
0
0
0
0
0
0
0
0
0
0
0
0
0
0
0
0
0
0
0
0
0
0
0
0
0
0
0
0
0
0
0
0
0
0
0
0
0
0
0
0
0
0
0
0
0
0
0
0
0
0
0
0
0
0
0
0
0
0
0
0
0
0
0
0
0
0
0
0
0
0
0
0
0
0
0
0
0
0
0
0
0
0
0
0
0
0
0
0
0
0
0
0
0
0
0
0
0
0
0
0
0
0
0
0
0
0
0
0
0
0
0
0
0
0
0
0
0
0
0
0
0
0
0
0
0
0
0
0
0
0
0
0
0
0
0
0
0
0
0
0
0
0
0
0
0
0
0
0
0
0
0
0
0
0
0
0
0
0
0
0
0
0
0
0
0
0
0
0
0
0
0
0
0
0
0
0
0
0
0
0
0
0
0
0
0
0
0
0
0
0
0
0
0
0
0
0
0
0
0
0
0
0
0
0
0
0
0
0
0
0
0
0
0
0
0
0
0
0
0
0
0
0
0
0
0
0
0
0
0
0
0
0
0
0
0
0
0
0
0
0
0
0
0
0
0
0
0
0
0
0
0
0
0
0
0
0
0
0
0
0
0
0
0
0
0
0
0
0
0
0
0
0
0
0
0
0
0
0
0
0
0
0
0
0
0
0
0
0
0
0
0
0
0
0
0
0
0
0
0
0
0
0
0
0
0
0
0
0
0
0
0
0
0
0
0
0
0
0
0
0
0
0
0
0
0
0
0
0
0
0
0
0
0
0
0
0
0
0
0
0
0
0
0
0
0
0
0
0
0
0
0
0
0
0
0
0
0
0
0
0
0
0
0
0
0
0
0
0
0
0
0
0
0
0
0
0
0
0
0
0
0
0
0
0
0
0
0
0
0
0
0
0
0
0
0
0
0
0
0
0
0
0
0
0
0
0
0
0
0
0
0
0
0
0
0
0
0
0
0
0
0
0
0
0
0
0
0
0
0
0
0
0
0
0
0
0
0
0
0
0
0
0
0
0
0
0
0
0
0
0
0
0
0
0
0
0
0
0
0
0
0
0
0
0
0
0
0
0
0
0
0
0
0
0
0
0
0
0
0
0
0
0
0
0
0
0
0
0
0
0
0
0
0
0
0
0
0
0
0
0
0
0
0
0
0
0
0
0
0
0
0
0
0
0
0
0
0
0
0
0
0
0
0
0
0
0
0
0
0
0
0
0
0
0
0
0
0
0
0
0
0
0
0
0
0
0
0
0
0
0
0
0
0
0
0
0
0
0
0
0
0
0
0
0
0
0
0
0
0
0
0
0
0
0
0
0
0
0
0
0
0
0
0
0
0
0
0
0
0
0
0
0
0
0
0
0
0
0
0
0
0
0
0
0
0
0
0
0
0
0
0
0
0
0
0
0
0
0
0
0
0
0
0
0
0
0
0
0
0
0
0
0
0
0
0
0
0
0
0
0
0
0
0
0
0
0
0
0
0
0
0
0
0
0
0
0
0
0
0
0
0
0
0
0
0
0
0
0
0
0
0
0
0
0
0
0
0
0
0
0
0
0
0
0
0
0
0
0
0
0
0
0
0
0
0
0
0
0
0
0
0
0
0
0
0
0
0
0
0
0
0
0
0
0
0
0
0
0
0
0
0
0
0
0
0
0
0
0
0
0
0
0
0
0
0
0
0
0
0
0
0
0
0
0
0
0
0
0
0
0
0
0
0
0
0
0
0
0
0
0
0
0
0
0
0
0
0
0
0
0
0
0
0
0
0
0
0
0
0
0
0
0
0
0
0
0
0
0
0
0
0
0
0
0
0
0
0
0
0
0
0
0
0
0
0
0
0
0
0
0
0
0
0
0
0
0
0
0
0
0
0
0
0
0
0
0
0
0
0
0
0
0
0
0
0
0
0
0
0
0
0
0
0
0
0
0
0
0
0
0
0
0
0
0
0
0
0
0
0
0
0
0
0
0
0
0
0
0
0
0
0
0
0
0
0
0
0
0
0
0
0
0
0
0
0
0
0
0
0
0
0
0
0
0
0
0
0
0
0
0
0
0
0
0
0
0
0
0
0
0
0
0
0
0
0
0
0
0
0
0
0
0
0
0
0
0
0
0
0
0
0
0
0
0
0
0
0
0
0
0
0
0
0
0
0
0
0
0
0
0
0
0
0
0
0
0
0
0
0
0
0
0
0
0
0
0
0
0
0
0
0
0
0
0
0
0
0
0
0
0
0
0
0
0
0
0
0
0
0
0
0
0
0
0
0
0
0
0
0
0
0
0
0
0
0
0
0
0
0
0
0
0
0
0
0
0
0
0
0
0
0
0
0
0
0
0
0
0
0
0
0
0
0
0
0
0
0
0
0
0
0
0
0
0
0
0
0
0
0
0
0
0
0
0
0
0
0
0
0
0
0
0
0
0
0
0
0
0
0
0
0
0
0
0
0
0
0
0
0
0
0
0
0
0
0
0
0
0
0
0
0
0
0
0
0
0
0
0
0
0
0
0
0
0
0
0
0
0
0
0
0
0
0
0
0
0
0
0
0
0
0
0
0
0
0
0
0
0
0
0
0
0
0
0
0
0
0
0
0
0
0
0
0
0
0
0
0
0
0
0
0
0
0
0
0
0
0
0
0
0
0
0
0
0
0
0
0
0
0
0
0
0
0
0
0
0
0
0
0
0
0
0
0
0
0
0
0
0
0
0
0
0
0
0
0
0
0
0
0
0
0
0
0
0
0
0
0
0
0
0
0
0
0
0
0
0
0
0
0
0
0
0
0
0
0
0
0
0
0
0
0
0
0
0
0
0
0
0
0
0
0
0
0
0
0
0
0
0
0
0
0
0
0
0
0
0
0
0
0
0
0
0
0
0
0
0
0
0
0
0
0
0
0
0
0
0
0
0
0
0
0
0
0
0
0
0
0
0
0
0
0
0
0
0
0
0
0
0
0
0
0
0
0
0
0
0
0
0
0
0
0
0
0
0
0
0
0
0
0
0
0
0
0
0
0
0
0
0
0
0
0
0
0
0
0
0
0
0
0
0
0
0
0
0
0
0
0
0
0
0
0
0
0
0
0
0
0
0
0
0
0
0
0
0
0
0
0
0
0
0
0
0
0
0
0
0
0
0
0
0
0
0
0
0
0
0
0
0
0
0
0
0
0
0
0
0
0
0
0
0
0
0
0
0
0
0
0
0
0
0
0
0
0
0
0
0
0
0
0
0
0
0
0
0
0
0
0
0
0
0
0
0
0
0
0
0
0
0
0
0
0
0
0
0
0
0
0
0
0
0
0
0
0
0
0
0
0
0
0
0
0
0
0
0
0
0
0
0
0
0
0
0
0
0
0
0
0
0
0
0
0
0
0
0
0
0
0
0
0
0
0
0
0
0
0
0
0
0
0
0
0
0
0
0
0
0
0
0
0
0
0
0
0
0
0
0
0
0
0
0
0
0
0
0
0
0
0
0
0
0
0
0
0
0
0
0
0
0
0
0
0
0
0
0
0
0
0
0
0
0
0
0
0
0
0
0
0
0
0
0
0
0
0
0
0
0
0
0
0
0
0
0
0
0
0
0
0
0
0
0
0
0
0
0
0
0
0
0
0
0
0
0
0
0
0
0
0
0
0
0
0
0
0
0
0
0
0
0
0
0
0
0
0
0
0
0
0
0
0
0
0
0
0
0
0
0
0
0
0
0
0
0
0
0
0
0
0
0
0
0
0
0
0
0
0
0
0
0
0
0
0
0
0
0
0
0
0
0
0
0
0
0
0
0
0
0
0
0
0
0
0
0
0
0
0
0
0
0
0
0
0
0
0
0
0
0
0
0
0
0
0
0
0
0
0
0
0
0
0
0
0
0
0
0
0
0
0
0
0
0
0
0
0
0
0
0
0
0
0
0
0
0
0
0
0
0
0
0
0
0
0
0
0
0
0
0
0
0
0
0
0
0
0
0
0
0
0
0
0
0
0
0
0
0
0
0
0
0
0
0
0
0
0
0
0
0
0
0
0
0
0
0
0
0
0
0
0
0
0
0
0
0
0
0
0
0
0
0
0
0
0
0
0
0
0
0
0
0
0
0
0
0
0
0
0
0
0
0
0
0
0
0
0
0
0
0
0
0
0
0
0
0
0
0
0
0
0
0
0
0
0
0
0
0
0
0
0
0
0
0
0
0
0
0
0
0
0
0
0
0
0
0
0
0
0
0
0
0
0
0
0
0
0
0
0
0
0
0
0
0
0
0
0
0
0
0
0
0
0
0
0
0
0
0
0
0
0
0
0
0
0
0
0
0
0
0
0
0
0
0
0
0
0
0
0
0
0
0
0
0
0
0
0
0
0
0
0
0
0
0
0
0
0
0
0
0
0
0
0
0
0
0
0
0
0
0
0
0
0
0
0
0
0
0
0
0
0
0
0
0
0
0
0
0
0
0
0
0
0
0
0
0
0
0
0
0
0
0
0
0
0
0
0
0
0
0
0
0
0
0
0
0
0
0
0
0
0
0
0
0
0
0
0
0
0
0
0
0
0
0
0
0
0
0
0
0
0
0
0
0
0
0
0
0
0
0
0
0
0
0
0
0
0
0
0
0
0
0
0
0
0
0
0
0
0
0
0
0
0
0
0
0
0
0
0
0
0
0
0
0
0
0
0
0
0
0
0
0
0
0
0
0
0
0
0
0
0
0
0
0
0
0
0
0
0
0
0
0
0
0
0
0
0
0
0
0
0
0
0
0
0
0
0
0
0
0
0
0
0
0
0
0
0
0
0
0
0
0
0
0
0
0
0
0
0
0
0
0
0
0
0
0
0
0
0
0
0
0
0
0
0
0
0
0
0
0
0
0
0
0
0
0
0
0
0
0
0
0
0
0
0
0
0
0
0
0
0
0
0
0
0
0
0
0
0
0
0
0
0
0
0
0
0
0
0
0
0
0
0
0
0
0
0
0
0
0
0
0
0
0
0
0
0
0
0
0
0
0
0
0
0
0
0
0
0
0
0
0
0
0
0
0
0
0
0
0
0
0
0
0
0
0
0
0
0
0
0
0
0
0
0
0
0
0
0
0
0
0
0
0
0
0
0
0
0
0
0
0
0
0
0
0
0
0
0
0
0
0
0
0
0
0
0
0
0
0
0
0
0
0
0
0
0
0
0
0
0
0
0
0
0
0
0
0
0
0
0
0
0
0
0
0
0
0
0
0
0
0
0
0
0
0
0
0
0
0
0
0
0
0
0
0
0
0
0
0
0
0
0
0
0
0
0
0
0
0
0
0
0
0
0
0
0
0
0
0
0
0
0
0
0
0
0
0
0
0
0
0
0
0
0
0
0
0
0
0
0
0
0
0
0
0
0
0
0
0
0
0
0
0
0
0
0
0
0
0
0
0
0
0
0
0
0
0
0
0
0
0
0
0
0
0
0
0
0
0
0
0
0
0
0
0
0
0
0
0
0
0
0
0
0
0
0
0
0
0
0
0
0
0
0
0
0
0
0
0
0
0
0
0
0
0
0
0
0
0
0
0
0
0
0
0
0
0
0
0
0
0
0
0
0
0
0
0
0
0
0
0
0
0
0
0
0
0
0
0
0
0
0
0
0
0
0
0
0
0
0
0
0
0
0
0
0
0
0
0
0
0
0
0
0
0
0
0
0
0
0
0
0
0
0
0
0
0
0
0
0
0
0
0
0
0
0
0
0
0
0
0
0
0
0
0
0
0
0
0
0
0
0
0
0
0
0
0
0
0
0
0
0
0
0
0
0
0
0
0
0
0
0
0
0
0
0
0
0
0
0
0
0
0
0
0
0
0
0
0
0
0
0
0
0
0
0
0
0
0
0
0
0
0
0
0
0
0
0
0
0
0
0
0
0
0
0
0
0
0
0
0
0
0
0
0
0
0
0
0
0
0
0
0
0
0
0
0
0
0
0
0
0
0
0
0
0
0
0
0
0
0
0
0
0
0
0
0
0
0
0
0
0
0
0
0
0
0
0
0
0
0
0
0
0
0
0
0
0
0
0
0
0
0
0
0
0
0
0
0
0
0
0
0
0
0
0
0
0
0
0
0
0
0
0
0
0
0
0
0
0
0
0
0
0
0
0
0
0
0
0
0
0
0
0
0
0
0
0
0
0
0
0
0
0
0
0
0
0
0
0
0
0
0
0
0
0
0
0
0
0
0
0
0
0
0
0
0
0
0
0
0
0
0
0
0
0
0
0
0
0
0
0
0
0
0
0
0
0
0
0
0
0
0
0
0
0
0
0
0
0
0
0
0
0
0
0
0
0
0
0
0
0
0
0
0
0
0
0
0
0
0
0
0
0
0
0
0
0
0
0
0
0
0
0
0
0
0
0
0
0
0
0
0
0
0
0
0
0
0
0
0
0
0
0
0
0
0
0
0
0
0
0
0
0
0
0
0
0
0
0
0
0
0
0
0
0
0
0
0
0
0
0
0
0
0
0
0
0
0
0
0
0
0
0
0
0
0
0
0
0
0
0
0
0
0
0
0
0
0
0
0
0
0
0
0
0
0
0
0
0
0
0
0
0
0
0
0
0
0
0
0
0
0
0
0
0
0
0
0
0
0
0
0
0
0
0
0
0
0
0
0
0
0
0
0
0
0
0
0
0
0
0
0
0
0
0
0
0
0
0
0
0
0
0
0
0
0
0
0
0
0
0
0
0
0
0
0
0
0
0
0
0
0
0
0
0
0
0
0
0
0
0
0
0
0
0
0
0
0
0
0
0
0
0
0
0
0
0
0
0
0
0
0
0
0
0
0
0
0
0
0
0
0
0
0
0
0
0
0
0
0
0
0
0
0
0
0
0
0
0
0
0
0
0
0
0
0
0
0
0
0
0
0
0
0
0
0
0
0
0
0
0
0
0
0
0
0
0
0
0
0
0
0
0
0
0
0
0
0
0
0
0
0
0
0
0
0
0
0
0
0
0
0
0
0
0
0
0
0
0
0
0
0
0
0
0
0
0
0
0
0
0
0
0
0
0
0
0
0
0
0
0
0
0
0
0
0
0
0
0
0
0
0
0
0
0
0
0
0
0
0
0
0
0
0
0
0
0
0
0
0
0
0
0
0
0
0
0
0
0
0
0
0
0
0
0
0
0
0
0
0
0
0
0
0
0
0
0
0
0
0
0
0
0
0
0
0
0
0
0
0
0
0
0
0
0
0
0
0
0
0
0
0
0
0
0
0
0
0
0
0
0
0
0
0
0
0
0
0
0
0
0
0
0
0
0
0
0
0
0
0
0
0
0
0
0
0
0
0
0
0
0
0
0
0
0
0
0
0
0
0
0
0
0
0
0
0
0
0
0
0
0
0
0
0
0
0
0
0
0
0
0
0
0
0
0
0
0
0
0
0
0
0
0
0
0
0
0
0
0
0
0
0
0
0
0
0
0
0
0
0
0
0
0
0
0
0
0
0
0
0
0
0
0
0
0
0
0
0
0
0
0
0
0
0
0
0
0
0
0
0
0
0
0
0
0
0
0
0
0
0
0
0
0
0
0
0
0
0
0
0
0
0
0
0
0
0
0
0
0
0
0
0
0
0
0
0
0
0
0
0
0
0
0
0
0
0
0
0
0
0
0
0
0
0
0
0
0
0
0
0
0
0
0
0
0
0
0
0
0
0
0
0
0
0
0
0
0
0
0
0
0
0
0
0
0
0
0
0
0
0
0
0
0
0
0
0
0
0
0
0
0
0
0
0
0
0
0
0
0
0
0
0
0
0
0
0
0
0
0
0
0
0
0
0
0
0
0
0
0
0
0
0
0
0
0
0
0
0
0
0
0
0
0
0
0
0
0
0
0
0
0
0
0
0
0
0
0
0
0
0
0
0
0
0
0
0
0
0
0
0
0
0
0
0
0
0
0
0
0
0
0
0
0
0
0
0
0
0
0
0
0
0
0
0
0
0
0
0
0
0
0
0
0
0
0
0
0
0
0
0
0
0
0
0
0
0
0
0
0
0
0
0
0
0
0
0
0
0
0
0
0
0
0
0
0
0
0
0
0
0
0
0
0
0
0
0
0
0
0
0
0
0
0
0
0
0
0
0
0
0
0
0
0
0
0
0
0
0
0
0
0
0
0
0
0
0
0
0
0
0
0
0
0
0
0
0
0
0
0
0
0
0
0
0
0
0
0
0
0
0
0
0
0
0
0
0
0
0
0
0
0
0
0
0
0
0
0
0
0
0
0
0
0
0
0
0
0
0
0
0
0
0
0
0
0
0
0
0
0
0
0
0
0
0
0
0
0
0
0
0
0
0
0
0
0
0
0
0
0
0
0
0
0
0
0
0
0
0
0
0
0
0
0
0
0
0
0
0
0
0
0
0
0
0
0
0
0
0
0
0
0
0
0
0
0
0
0
0
0
0
0
0
0
0
0
0
0
0
0
0
0
0
0
0
0
0
0
0
0
0
0
0
0
0
0
0
0
0
0
0
0
0
0
0
0
0
0
0
0
0
0
0
0
0
0
0
0
0
0
0
0
0
0
0
0
0
0
0
0
0
0
0
0
0
0
0
0
0
0
0
0
0
0
0
0
0
0
0
0
0
0
0
0
0
0
0
0
0
0
0
0
0
0
0
0
0
0
0
0
0
0
0
0
0
0
0
0
0
0
0
0
0
0
0
0
0
0
0
0
0
0
0
0
0
0
0
0
0
0
0
0
0
0
0
0
0
0
0
0
0
0
0
0
0
0
0
0
0
0
0
0
0
0
0
0
0
0
0
0
0
0
0
0
0
0
0
0
0
0
0
0
0
0
0
0
0
0
0
0
0
0
0
0
0
0
0
0
0
0
0
0
0
0
0
0
0
0
0
0
0
0
0
0
0
0
0
0
0
0
0
0
0
0
0
0
0
0
0
0
0
0
0
0
0
0
0
0
0
0
0
0
0
0
0
0
0
0
0
0
0
0
0
0
0
0
0
0
0
0
0
0
0
0
0
0
0
0
0
0
0
0
0
0
0
0
0
0
0
0
0
0
0
0
0
0
0
0
0
0
0
0
0
0
0
0
0
0
0
0
0
0
0
0
0
0
0
0
0
0
0
0
0
0
0
0
0
0
0
0
0
0
0
0
0
0
0
0
0
0
0
0
0
0
0
0
0
0
0
0
0
0
0
0
0
0
0
0
0
0
0
0
0
0
0
0
0
0
0
0
0
0
0
0
0
0
0
0
0
0
0
0
0
0
0
0
0
0
0
0
0
0
0
0
0
0
0
0
0
0
0
0
0
0
0
0
0
0
0
0
0
0
0
0
0
0
0
0
0
0
0
0
0
0
0
0
0
0
0
0
0
0
0
0
0
0
0
0
0
0
0
0
0
0
0
0
0
0
0
0
0
0
0
0
0
0
0
0
0
0
0
0
0
0
0
0
0
0
0
0
0
0
0
0
0
0
0
0
0
0
0
0
0
0
0
0
0
0
0
0
0
0
0
0
0
0
0
0
0
0
0
0
0
0
0
0
0
0
0
0
0
0
0
0
0
0
0
0
0
0
0
0
0
0
0
0
0
0
0
0
0
0
0
0
0
0
0
0
0
0
0
0
0
0
0
0
0
0
0
0
0
0
0
0
0
0
0
0
0
0
0
0
0
0
0
0
0
0
0
0
0
0
0
0
0
0
0
0
0
0
0
0
0
0
0
0
0
0
0
0
0
0
0
0
0
0
0
0
0
0
0
0
0
0
0
0
0
0
0
0
0
0
0
0
0
0
0
0
0
0
0
0
0
0
0
0
0
0
0
0
0
0
0
0
0
0
0
0
0
0
0
0
0
0
0
0
0
0
0
0
0
0
0
0
0
0
0
0
0
0
0
0
0
0
0
0
0
0
0
0
0
0
0
0
0
0
0
0
0
0
0
0
0
0
0
0
0
0
0
0
0
0
0
0
0
0
0
0
0
0
0
0
0
0
0
0
0
0
0
0
0
0
0
0
0
0
0
0
0
0
0
0
0
0
0
0
0
0
0
0
0
0
0
0
0
0
0
0
0
0
0
0
0
0
0
0
0
0
0
0
0
0
0
0
0
0
0
0
0
0
0
0
0
0
0
0
0
0
0
0
0
0
0
0
0
0
0
0
0
0
0
0
0
0
0
0
0
0
0
0
0
0
0
0
0
0
0
0
0
0
0
0
0
0
0
0
0
0
0
0
0
0
0
0
0
0
0
0
0
0
0
0
0
0
0
0
0
0
0
0
0
0
0
0
0
0
0
0
0
0
0
0
0
0
0
0
0
0
0
0
0
0
0
0
0
0
0
0
0
0
0
0
0
0
0
0
0
0
0
0
0
0
0
0
0
0
0
0
0
0
0
0
0
0
0
0
0
0
0
0
0
0
0
0
0
0
0
0
0
0
0
0
0
0
0
0
0
0
0
0
0
0
0
0
0
0
0
0
0
0
0
0
0
0
0
0
0
0
0
0
0
0
0
0
0
0
0
0
0
0
0
0
0
0
0
0
0
0
0
0
0
0
0
0
0
0
0
0
0
0
0
0
0
0
0
0
0
0
0
0
0
0
0
0
0
0
0
0
0
0
0
0
0
0
0
0
0
0
0
0
0
0
0
0
0
0
0
0
0
0
0
0
0
0
0
0
0
0
0
0
0
0
0
0
0
0
0
0
0
0
0
0
0
0
0
0
0
0
0
0
0
0
0
0
0
0
0
0
0
0
0
0
0
0
0
0
0
0
0
0
0
0
0
0
0
0
0
0
0
0
0
0
0
0
0
0
0
0
0
0
0
0
0
0
0
0
0
0
0
0
0
0
0
0
0
0
0
0
0
0
0
0
0
0
0
0
0
0
0
0
0
0
0
0
0
0
0
0
0
0
0
0
0
0
0
0
0
0
0
0
0
0
0
0
0
0
0
0
0
0
0
0
0
0
0
0
0
0
0
0
0
0
0
0
0
0
0
0
0
0
0
0
0
0
0
0
0
0
0
0
0
0
0
0
0
0
0
0
0
0
0
0
0
0
0
0
0
0
0
0
0
0
0
0
0
0
0
0
0
0
0
0
0
0
0
0
0
0
0
0
0
0
0
0
0
0
0
0
0
0
0
0
0
0
0
0
0
0
0
0
0
0
0
0
0
0
0
0
0
0
0
0
0
0
0
0
0
0
0
0
0
0
0
0
0
0
0
0
0
0
0
0
0
0
0
0
0
0
0
0
0
0
0
0
0
0
0
0
0
0
0
0
0
0
0
0
0
0
0
0
0
0
0
0
0
0
0
0
0
0
0
0
0
0
0
0
0
0
0
0
0
0
0
0
0
0
0
0
0
0
0
0
0
0
0
0
0
0
0
0
0
0
0
0
0
0
0
0
0
0
0
0
0
0
0
0
0
0
0
0
0
0
0
0
0
0
0
0
0
0
0
0
0
0
0
0
0
0
0
0
0
0
0
0
0
0
0
0
0
0
0
0
0
0
0
0
0
0
0
0
0
0
0
0
0
0
0
0
0
0
0
0
0
0
0
0
0
0
0
0
0
0
0
0
0
0
0
0
0
0
0
0
0
0
0
0
0
0
0
0
0
0
0
0
0
0
0
0
0
0
0
0
0
0
0
0
0
0
0
0
0
0
0
0
0
0
0
0
0
0
0
0
0
0
0
0
0
0
0
0
0
0
0
0
0
0
0
0
0
0
0
0
0
0
0
0
0
0
0
0
0
0
0
0
0
0
0
0
0
0
0
0
0
0
0
0
0
0
0
0
0
0
0
0
0
0
0
0
0
0
0
0
0
0
0
0
0
0
0
0
0
0
0
0
0
0
0
0
0
0
0
0
0
0
0
0
0
0
0
0
0
0
0
0
0
0
0
0
0
0
0
0
0
0
0
0
0
0
0
0
0
0
0
0
0
0
0
0
0
0
0
0
0
0
0
0
0
0
0
0
0
0
0
0
0
0
0
0
0
0
0
0
0
0
0
0
0
0
0
0
0
0
0
0
0
0
0
0
0
0
0
0
0
0
0
0
0
0
0
0
0
0
0
0
0
0
0
0
0
0
0
0
0
0
0
0
0
0
0
0
0
0
0
0
0
0
0
0
0
0
0
0
0
0
0
0
0
0
0
0
0
0
0
0
0
0
0
0
0
0
0
0
0
0
0
0
0
0
0
0
0
0
0
0
0
0
0
0
0
0
0
0
0
0
0
0
0
0
0
0
0
0
0
0
0
0
0
0
0
0
0
0
0
0
0
0
0
0
0
0
0
0
0
0
0
0
0
0
0
0
0
0
0
0
0
0
0
0
0
0
0
0
0
0
0
0
0
0
0
0
0
0
0
0
0
0
0
0
0
0
0
0
0
0
0
0
0
0
0
0
0
0
0
0
0
0
0
0
0
0
0
0
0
0
0
0
0
0
0
0
0
0
0
0
0
0
0
0
0
0
0
0
0
0
0
0
0
0
0
0
0
0
0
0
0
0
0
0
0
0
0
0
0
0
0
0
0
0
0
0
0
0
0
0
0
0
0
0
0
0
0
0
0
0
0
0
0
0
0
0
0
0
0
0
0
0
0
0
0
0
0
0
0
0
0
0
0
0
0
0
0
0
0
0
0
0
0
0
0
0
0
0
0
0
0
0
0
0
0
0
0
0
0
0
0
0
0
0
0
0
0
0
0
0
0
0
0
0
0
0
0
0
0
0
0
0
0
0
0
0
0
0
0
0
0
0
0
0
0
0
0
0
0
0
0
0
0
0
0
0
0
0
0
0
0
0
0
0
0
0
0
0
0
0
0
0
0
0
0
0
0
0
0
0
0
0
0
0
0
0
0
0
0
0
0
0
0
0
0
0
0
0
0
0
0
0
0
0
0
0
0
0
0
0
0
0
0
0
0
0
0
0
0
0
0
0
0
0
0
0
0
0
0
0
0
0
0
0
0
0
0
0
0
0
0
0
0
0
0
0
0
0
0
0
0
0
0
0
0
0
0
0
0
0
0
0
0
0
0
0
0
0
0
0
0
0
0
0
0
0
0
0
0
0
0
0
0
0
0
0
0
0
0
0
0
0
0
0
0
0
0
0
0
0
0
0
0
0
0
0
0
0
0
0
0
0
0
0
0
0
0
0
0
0
0
0
0
0
0
0
0
0
0
0
0
0
0
0
0
0
0
0
0
0
0
0
0
0
0
0
0
0
0
0
0
0
0
0
0
0
0
0
0
0
0
0
0
0
0
0
0
0
0
0
0
0
0
0
0
0
0
0
0
0
0
0
0
0
0
0
0
0
0
0
0
0
0
0
0
0
0
0
0
0
0
0
0
0
0
0
0
0
0
0
0
0
0
0
0
0
0
0
0
0
0
0
0
0
0
0
0
0
0
0
0
0
0
0
0
0
0
0
0
0
0
0
0
0
0
0
0
0
0
0
0
0
0
0
0
0
0
0
0
0
0
0
0
0
0
0
0
0
0
0
0
0
0
0
0
0
0
0
0
0
0
0
0
0
0
0
0
0
0
0
0
0
0
0
0
0
0
0
0
0
0
0
0
0
0
0
0
0
0
0
0
0
0
0
0
0
0
0
0
0
0
0
0
0
0
0
0
0
0
0
0
0
0
0
0
0
0
0
0
0
0
0
0
0
0
0
0
0
0
0
0
0
0
0
0
0
0
0
0
0
0
0
0
0
0
0
0
0
0
0
0
0
0
0
0
0
0
0
0
0
0
0
0
0
0
0
0
0
0
0
0
0
0
0
0
0
0
0
0
0
0
0
0
0
0
0
0
0
0
0
0
0
0
0
0
0
0
0
0
0
0
0
0
0
0
0
0
0
0
0
0
0
0
0
0
0
0
0
0
0
0
0
0
0
0
0
0
0
0
0
0
0
0
0
0
0
0
0
0
0
0
0
0
0
0
0
0
0
0
0
0
0
0
0
0
0
0
0
0
0
0
0
0
0
0
0
0
0
0
0
0
0
0
0
0
0
0
0
0
0
0
0
0
0
0
0
0
0
0
0
0
0
0
0
0
0
0
0
0
0
0
0
0
0
0
0
0
0
0
0
0
0
0
0
0
0
0
0
0
0
0
0
0
0
0
0
0
0
0
0
0
0
0
0
0
0
0
0
0
0
0
0
0
0
0
0
0
0
0
0
0
0
0
0
0
0
0
0
0
0
0
0
0
0
0
0
0
0
0
0
0
0
0
0
0
0
0
0
0
0
0
0
0
0
0
0
0
0
0
0
0
0
0
0
0
0
0
0
0
0
0
0
0
0
0
0
0
0
0
0
0
0
0
0
0
0
0
0
0
0
0
0
0
0
0
0
0
0
0
0
0
0
0
0
0
0
0
0
0
0
0
0
0
0
0
0
0
0
0
0
0
0
0
0
0
0
0
0
0
0
0
0
0
0
0
0
0
0
0
0
0
0
0
0
0
0
0
0
0
0
0
0
0
0
0
0
0
0
0
0
0
0
0
0
0
0
0
0
0
0
0
0
0
0
0
0
0
0
0
0
0
0
0
0
0
0
0
0
0
0
0
0
0
0
0
0
0
0
0
0
0
0
0
0
0
0
0
0
0
0
0
0
0
0
0
0
0
0
0
0
0
0
0
0
0
0
0
0
0
0
0
0
0
0
0
0
0
0
0
0
0
0
0
0
0
0
0
0
0
0
0
0
0
0
0
0
0
0
0
0
0
0
0
0
0
0
0
0
0
0
0
0
0
0
0
0
0
0
0
0
0
0
0
0
0
0
0
0
0
0
0
0
0
0
0
0
0
0
0
0
0
0
0
0
0
0
0
0
0
0
0
0
0
0
0
0
0
0
0
0
0
0
0
0
0
0
0
0
0
0
0
0
0
0
0
0
0
0
0
0
0
0
0
0
0
0
0
0
0
0
0
0
0
0
0
0
0
0
0
0
0
0
0
0
0
0
0
0
0
0
0
0
0
0
0
0
0
0
0
0
0
0
0
0
0
0
0
0
0
0
0
0
0
0
0
0
0
0
0
0
0
0
0
0
0
0
0
0
0
0
0
0
0
0
0
0
0
0
0
0
0
0
0
0
0
0
0
0
0
0
0
0
0
0
0
0
0
0
0
0
0
0
0
0
0
0
0
0
0
0
0
0
0
0
0
0
0
0
0
0
0
0
0
0
0
0
0
0
0
0
0
0
0
0
0
0
0
0
0
0
0
0
0
0
0
0
0
0
0
0
0
0
0
0
0
0
0
0
0
0
0
0
0
0
0
0
0
0
0
0
0
0
0
0
0
0
0
0
0
0
0
0
0
0
0
0
0
0
0
0
0
0
0
0
0
0
0
0
0
0
0
0
0
0
0
0
0
0
0
0
0
0
0
0
0
0
0
0
0
0
0
0
0
0
0
0
0
0
0
0
0
0
0
0
0
0
0
0
0
0
0
0
0
0
0
0
0
0
0
0
0
0
0
0
0
0
0
0
0
0
0
0
0
0
0
0
0
0
0
0
0
0
0
0
0
0
0
0
0
0
0
0
0
0
0
0
0
0
0
0
0
0
0
0
0
0
0
0
0
0
0
0
0
0
0
0
0
0
0
0
0
0
0
0
0
0
0
0
0
0
0
0
0
0
0
0
0
0
0
0
0
0
0
0
0
0
0
0
0
0
0
0
0
0
0
0
0
0
0
0
0
0
0
0
0
0
0
0
0
0
0
0
0
0
0
0
0
0
0
0
0
0
0
0
0
0
0
0
0
0
0
0
0
0
0
0
0
0
0
0
0
0
0
0
0
0
0
0
0
0
0
0
0
0
0
0
0
0
0
0
0
0
0
0
0
0
0
0
0
0
0
0
0
0
0
0
0
0
0
0
0
0
0
0
0
0
0
0
0
0
0
0
0
0
0
0
0
0
0
0
0
0
0
0
0
0
0
0
0
0
0
0
0
0
0
0
0
0
0
0
0
0
0
0
0
0
0
0
0
0
0
0
0
0
0
0
0
0
0
0
0
0
0
0
0
0
0
0
0
0
0
0
0
0
0
0
0
0
0
0
0
0
0
0
0
0
0
0
0
0
0
0
0
0
0
0
0
0
0
0
0
0
0
0
0
0
0
0
0
0
0
0
0
0
0
0
0
0
0
0
0
0
0
0
0
0
0
0
0
0
0
0
0
0
0
0
0
0
0
0
0
0
0
0
0
0
0
0
0
0
0
0
0
0
0
0
0
0
0
0
0
0
0
0
0
0
0
0
0
0
0
0
0
0
0
0
0
0
0
0
0
0
0
0
0
0
0
0
0
0
0
0
0
0
0
0
0
0
0
0
0
0
0
0
0
0
0
0
0
0
0
0
0
0
0
0
0
0
0
0
0
0
0
0
0
0
0
0
0
0
0
0
0
0
0
0
0
0
0
0
0
0
0
0
0
0
0
0
0
0
0
0
0
0
0
0
0
0
0
0
0
0
0
0
0
0
0
0
0
0
0
0
0
0
0
0
0
0
0
0
0
0
0
0
0
0
0
0
0
0
0
0
0
0
0
0
0
0
0
0
0
0
0
0
0
0
0
0
0
0
0
0
0
0
0
0
0
0
0
0
0
0
0
0
0
0
0
0
0
0
0
0
0
0
0
0
0
0
0
0
0
0
0
0
0
0
0
0
0
0
0
0
0
0
0
0
0
0
0
0
0
0
0
0
0
0
0
0
0
0
0
0
0
0
0
0
0
0
0
0
0
0
0
0
0
0
0
0
0
0
0
0
0
0
0
0
0
0
0
0
0
0
0
0
0
0
0
0
0
0
0
0
0
0
0
0
0
0
0
0
0
0
0
0
0
0
0
0
0
0
0
0
0
0
0
0
0
0
0
0
0
0
0
0
0
0
0
0
0
0
0
0
0
0
0
0
0
0
0
0
0
0
0
0
0
0
0
0
0
0
0
0
0
0
0
0
0
0
0
0
0
0
0
0
0
0
0
0
0
0
0
0
0
0
0
0
0
0
0
0
0
0
0
0
0
0
0
0
0
0
0
0
0
0
0
0
0
0
0
0
0
0
0
0
0
0
0
0
0
0
0
0
0
0
0
0
0
0
0
0
0
0
0
0
0
0
0
0
0
0
0
0
0
0
0
0
0
0
0
0
0
0
0
0
0
0
0
0
0
0
0
0
0
0
0
0
0
0
0
0
0
0
0
0
0
0
0
0
0
0
0
0
0
0
0
0
0
0
0
0
0
0
0
0
0
0
0
0
0
0
0
0
0
0
0
0
0
0
0
0
0
0
0
0
0
0
0
0
0
0
0
0
0
0
0
0
0
0
0
0
0
0
0
0
0
0
0
0
0
0
0
0
0
0
0
0
0
0
0
0
0
0
0
0
0
0
0
0
0
0
0
0
0
0
0
0
0
0
0
0
0
0
0
0
0
0
0
0
0
0
0
0
0
0
0
0
0
0
0
0
0
0
0
0
0
0
0
0
0
0
0
0
0
0
0
0
0
0
0
0
0
0
0
0
0
0
0
0
0
0
0
0
0
0
0
0
0
0
0
0
0
0
0
0
0
0
0
0
0
0
0
0
0
0
0
0
0
0
0
0
0
0
0
0
0
0
0
0
0
0
0
0
0
0
0
0
0
0
0
0
0
0
0
0
0
0
0
0
0
0
0
0
0
0
0
0
0
0
0
0
0
0
0
0
0
0
0
0
0
0
0
0
0
0
0
0
0
0
0
0
0
0
0
0
0
0
0
0
0
0
0
0
0
0
0
0
0
0
0
0
0
0
0
0
0
0
0
0
0
0
0
0
0
0
0
0
0
0
0
0
0
0
0
0
0
0
0
0
0
0
0
0
0
0
0
0
0
0
0
0
0
0
0
0
0
0
0
0
0
0
0
0
0
0
0
0
0
0
0
0
0
0
0
0
0
0
0
0
0
0
0
0
0
0
0
0
0
0
0
0
0
0
0
0
0
0
0
0
0
0
0
0
0
0
0
0
0
0
0
0
0
0
0
0
0
0
0
0
0
0
0
0
0
0
0
0
0
0
0
0
0
0
0
0
0
0
0
0
0
0
0
0
0
0
0
0
0
0
0
0
0
0
0
0
0
0
0
0
0
0
0
0
0
0
0
0
0
0
0
0
0
0
0
0
0
0
0
0
0
0
0
0
0
0
0
0
0
0
0
0
0
0
0
0
0
0
0
0
0
0
0
0
0
0
0
0
0
0
0
0
0
0
0
0
0
0
0
0
0
0
0
0
0
0
0
0
0
0
0
0
0
0
0
0
0
0
0
0
0
0
0
0
0
0
0
0
0
0
0
0
0
0
0
0
0
0
0
0
0
0
0
0
0
0
0
0
0
0
0
0
0
0
0
0
0
0
0
0
0
0
0
0
0
0
0
0
0
0
0
0
0
0
0
0
0
0
0
0
0
0
0
0
0
0
0
0
0
0
0
0
0
0
0
0
0
0
0
0
0
0
0
0
0
0
0
0
0
0
0
0
0
0
0
0
0
0
0
0
0
0
0
0
0
0
0
0
0
0
0
0
0
0
0
0
0
0
0
0
0
0
0
0
0
0
0
0
0
0
0
0
0
0
0
0
0
0
0
0
0
0
0
0
0
0
0
0
0
0
0
0
0
0
0
0
0
0
0
0
0
0
0
0
0
0
0
0
0
0
0
0
0
0
0
0
0
0
0
0
0
0
0
0
0
0
0
0
0
0
0
0
0
0
0
0
0
0
0
0
0
0
0
0
0
0
0
0
0
0
0
0
0
0
0
0
0
0
0
0
0
0
0
0
0
0
0
0
0
0
0
0
0
0
0
0
0
0
0
0
0
0
0
0
0
0
0
0
0
0
0
0
0
0
0
0
0
0
0
0
0
0
0
0
0
0
0
0
0
0
0
0
0
0
0
0
0
0
0
0
0
0
0
0
0
0
0
0
0
0
0
0
0
0
0
0
0
0
0
0
0
0
0
0
0
0
0
0
0
0
0
0
0
0
0
0
0
0
0
0
0
0
0
0
0
0
0
0
0
0
0
0
0
0
0
0
0
0
0
0
0
0
0
0
0
0
0
0
0
0
0
0
0
0
0
0
0
0
0
0
0
0
0
0
0
0
0
0
0
0
0
0
0
0
0
0
0
0
0
0
0
0
0
0
0
0
0
0
0
0
0
0
0
0
0
0
0
0
0
0
0
0
0
0
0
0
0
0
0
0
0
0
0
0
0
0
0
0
0
0
0
0
0
0
0
0
0
0
0
0
0
0
0
0
0
0
0
0
0
0
0
0
0
0
0
0
0
0
0
0
0
0
0
0
0
0
0
0
0
0
0
0
0
0
0
0
0
0
0
0
0
0
0
0
0
0
0
0
0
0
0
0
0
0
0
0
0
0
0
0
0
0
0
0
0
0
0
0
0
0
0
0
0
0
0
0
0
0
0
0
0
0
0
0
0
0
0
0
0
0
0
0
0
0
0
0
0
0
0
0
0
0
0
0
0
0
0
0
0
0
0
0
0
0
0
0
0
0
0
0
0
0
0
0
0
0
0
0
0
0
0
0
0
0
0
0
0
0
0
0
0
0
0
0
0
0
0
0
0
0
0
0
0
0
0
0
0
0
0
0
0
0
0
0
0
0
0
0
0
0
0
0
0
0
0
0
0
0
0
0
0
0
0
0
0
0
0
0
0
0
0
0
0
0
0
0
0
0
0
0
0
0
0
0
0
0
0
0
0
0
0
0
0
0
0
0
0
0
0
0
0
0
0
0
0
0
0
0
0
0
0
0
0
0
0
0
0
0
0
0
0
0
0
0
0
0
0
0
0
0
0
0
0
0
0
0
0
0
0
0
0
0
0
0
0
0
0
0
0
0
0
0
0
0
0
0
0
0
0
0
0
0
0
0
0
0
0
0
0
0
0
0
0
0
0
0
0
0
0
0
0
0
0
0
0
0
0
0
0
0
0
0
0
0
0
0
0
0
0
0
0
0
0
0
0
0
0
0
0
0
0
0
0
0
0
0
0
0
0
0
0
0
0
0
0
0
0
0
0
0
0
0
0
0
0
0
0
0
0
0
0
0
0
0
0
0
0
0
0
0
0
0
0
0
0
0
0
0
0
0
0
0
0
0
0
0
0
0
0
0
0
0
0
0
0
0
0
0
0
0
0
0
0
0
0
0
0
0
0
0
0
0
0
0
0
0
0
0
0
0
0
0
0
0
0
0
0
0
0
0
0
0
0
0
0
0
0
0
0
0
0
0
0
0
0
0
0
0
0
0
0
0
0
0
0
0
0
0
0
0
0
0
0
0
0
0
0
0
0
0
0
0
0
0
0
0
0
0
0
0
0
0
0
0
0
0
0
0
0
0
0
0
0
0
0
0
0
0
0
0
0
0
0
0
0
0
0
0
0
0
0
0
0
0
0
0
0
0
0
0
0
0
0
0
0
0
0
0
0
0
0
0
0
0
0
0
0
0
0
0
0
0
0
0
0
0
0
0
0
0
0
0
0
0
0
0
0
0
0
0
0
0
0
0
0
0
0
0
0
0
0
0
0
0
0
0
0
0
0
0
0
0
0
0
0
0
0
0
0
0
0
0
0
0
0
0
0
0
0
0
0
0
0
0
0
0
0
0
0
0
0
0
0
0
0
0
0
0
0
0
0
0
0
0
0
0
0
0
0
0
0
0
0
0
0
0
0
0
0
0
0
0
0
0
0
0
0
0
0
0
0
0
0
0
0
0
0
0
0
0
0
0
0
0
0
0
0
0
0
0
0
0
0
0
0
0
0
0
0
0
0
0
0
0
0
0
0
0
0
0
0
0
0
0
0
0
0
0
0
0
0
0
0
0
0
0
0
0
0
0
0
0
0
0
0
0
0
0
0
0
0
0
0
0
0
0
0
0
0
0
0
0
0
0
0
0
0
0
0
0
0
0
0
0
0
0
0
0
0
0
0
0
0
0
0
0
0
0
0
0
0
0
0
0
0
0
0
0
0
0
0
0
0
0
0
0
0
0
0
0
0
0
0
0
0
0
0
0
0
0
0
0
0
0
0
0
0
0
0
0
0
0
0
0
0
0
0
0
0
0
0
0
0
0
0
0
0
0
0
0
0
0
0
0
0
0
0
0
0
0
0
0
0
0
0
0
0
0
0
0
0
0
0
0
0
0
0
0
0
0
0
0
0
0
0
0
0
0
0
0
0
0
0
0
0
0
0
0
0
0
0
0
0
0
0
0
0
0
0
0
0
0
0
0
0
0
0
0
0
0
0
0
0
0
0
0
0
0
0
0
0
0
0
0
0
0
0
0
0
0
0
0
0
0
0
0
0
0
0
0
0
0
0
0
0
0
0
0
0
0
0
0
0
0
0
0
0
0
0
0
0
0
0
0
0
0
0
0
0
0
0
0
0
0
0
0
0
0
0
0
0
0
0
0
0
0
0
0
0
0
0
0
0
0
0
0
0
0
0
0
0
0
0
0
0
0
0
0
0
0
0
0
0
0
0
0
0
0
0
0
0
0
0
0
0
0
0
0
0
0
0
0
0
0
0
0
0
0
0
0
0
0
0
0
0
0
0
0
0
0
0
0
0
0
0
0
0
0
0
0
0
0
0
0
0
0
0
0
0
0
0
0
0
0
0
0
0
0
0
0
0
0
0
0
0
0
0
0
0
0
0
0
0
0
0
0
0
0
0
0
0
0
0
0
0
0
0
0
0
0
0
0
0
0
0
0
0
0
0
0
0
0
0
0
0
0
0
0
0
0
0
0
0
0
0
0
0
0
0
0
0
0
0
0
0
0
0
0
0
0
0
0
0
0
0
0
0
0
0
0
0
0
0
0
0
0
0
0
0
0
0
0
0
0
0
0
0
0
0
0
0
0
0
0
0
0
0
0
0
0
0
0
0
0
0
0
0
0
0
0
0
0
0
0
0
0
0
0
0
0
0
0
0
0
0
0
0
0
0
0
0
0
0
0
0
0
0
0
0
0
0
0
0
0
0
0
0
0
0
0
0
0
0
0
0
0
0
0
0
0
0
0
0
0
0
0
0
0
0
0
0
0
0
0
0
0
0
0
0
0
0
0
0
0
0
0
0
0
0
0
0
0
0
0
0
0
0
0
0
0
0
0
0
0
0
0
0
0
0
0
0
0
0
0
0
0
0
0
0
0
0
0
0
0
0
0
0
0
0
0
0
0
0
0
0
0
0
0
0
0
0
0
0
0
0
0
0
0
0
0
0
0
0
0
0
0
0
0
0
0
0
0
0
0
0
0
0
0
0
0
0
0
0
0
0
0
0
0
0
0
0
0
0
0
0
0
0
0
0
0
0
0
0
0
0
0
0
0
0
0
0
0
0
0
0
0
0
0
0
0
0
0
0
0
0
0
0
0
0
0
0
0
0
0
0
0
0
0
0
0
0
0
0
0
0
0
0
0
0
0
0
0
0
0
0
0
0
0
0
0
0
0
0
0
0
0
0
0
0
0
0
0
0
0
0
0
0
0
0
0
0
0
0
0
0
0
0
0
0
0
0
0
0
0
0
0
0
0
0
0
0
0
0
0
0
0
0
0
0
0
0
0
0
0
0
0
0
0
0
0
0
0
0
0
0
0
0
0
0
0
0
0
0
0
0
0
0
0
0
0
0
0
0
0
0
0
0
0
0
0
0
0
0
0
0
0
0
0
0
0
0
0
0
0
0
0
0
0
0
0
0
0
0
0
0
0
0
0
0
0
0
0
0
0
0
0
0
0
0
0
0
0
0
0
0
0
0
0
0
0
0
0
0
0
0
0
0
0
0
0
0
0
0
0
0
0
0
0
0
0
0
0
0
0
0
0
0
0
0
0
0
0
0
0
0
0
0
0
0
0
0
0
0
0
0
0
0
0
0
0
0
0
0
0
0
0
0
0
0
0
0
0
0
0
0
0
0
0
0
0
0
0
0
0
0
0
0
0
0
0
0
0
0
0
0
0
0
0
0
0
0
0
0
0
0
0
0
0
0
0
0
0
0
0
0
0
0
0
0
0
0
0
0
0
0
0
0
0
0
0
0
0
0
0
0
0
0
0
0
0
0
0
0
0
0
0
0
0
0
0
0
0
0
0
0
0
0
0
0
0
0
0
0
0
0
0
0
0
0
0
0
0
0
0
0
0
0
0
0
0
0
0
0
0
0
0
0
0
0
0
0
0
0
0
0
0
0
0
0
0
0
0
0
0
0
0
0
0
0
0
0
0
0
0
0
0
0
0
0
0
0
0
0
0
0
0
0
0
0
0
0
0
0
0
0
0
0
0
0
0
0
0
0
0
0
0
0
0
0
0
0
0
0
0
0
0
0
0
0
0
0
0
0
0
0
0
0
0
0
0
0
0
0
0
0
0
0
0
0
0
0
0
0
0
0
0
0
0
0
0
0
0
0
0
0
0
0
0
0
0
0
0
0
0
0
0
0
0
0
0
0
0
0
0
0
0
0
0
0
0
0
0
0
0
0
0
0
0
0
0
0
0
0
0
0
0
0
0
0
0
0
0
0
0
0
0
0
0
0
0
0
0
0
0
0
0
0
0
0
0
0
0
0
0
0
0
0
0
0
0
0
0
0
0
0
0
0
0
0
0
0
0
0
0
0
0
0
0
0
0
0
0
0
0
0
0
0
0
0
0
0
0
0
0
0
0
0
0
0
0
0
0
0
0
0
0
0
0
0
0
0
0
0
0
0
0
0
0
0
0
0
0
0
0
0
0
0
0
0
0
0
0
0
0
0
0
0
0
0
0
0
0
0
0
0
0
0
0
0
0
0
0
0
0
0
0
0
0
0
0
0
0
0
0
0
0
0
0
0
0
0
0
0
0
0
0
0
0
0
0
0
0
0
0
0
0
0
0
0
0
0
0
0
0
0
0
0
0
0
0
0
0
0
0
0
0
0
0
0
0
0
0
0
0
0
0
0
0
0
0
0
0
0
0
0
0
0
0
0
0
0
0
0
0
0
0
0
0
0
0
0
0
0
0
0
0
0
0
0
0
0
0
0
0
0
0
0
0
0
0
0
0
0
0
0
0
0
0
0
0
0
0
0
0
0
0
0
0
0
0
0
0
0
0
0
0
0
0
0
0
0
0
0
0
0
0
0
0
0
0
0
0
0
0
0
0
0
0
0
0
0
0
0
0
0
0
0
0
0
0
0
0
0
0
0
0
0
0
0
0
0
0
0
0
0
0
0
0
0
0
0
0
0
0
0
0
0
0
0
0
0
0
0
0
0
0
0
0
0
0
0
0
0
0
0
0
0
0
0
0
0
0
0
0
0
0
0
0
0
0
0
0
0
0
0
0
0
0
0
0
0
0
0
0
0
0
0
0
0
0
0
0
0
0
0
0
0
0
0
0
0
0
0
0
0
0
0
0
0
0
0
0
0
0
0
0
0
0
0
0
0
0
0
0
0
0
0
0
0
0
0
0
0
0
0
0
0
0
0
0
0
0
0
0
0
0
0
0
0
0
0
0
0
0
0
0
0
0
0
0
0
0
0
0
0
0
0
0
0
0
0
0
0
0
0
0
0
0
0
0
0
0
0
0
0
0
0
0
0
0
0
0
0
0
0
0
0
0
0
0
0
0
0
0
0
0
0
0
0
0
0
0
0
0
0
0
0
0
0
0
0
0
0
0
0
0
0
0
0
0
0
0
0
0
0
0
0
0
0
0
0
0
0
0
0
0
0
0
0
0
0
0
0
0
0
0
0
0
0
0
0
0
0
0
0
0
0
0
0
0
0
0
0
0
0
0
0
0
0
0
0
0
0
0
0
0
0
0
0
0
0
0
0
0
0
0
0
0
0
0
0
0
0
0
0
0
0
0
0
0
0
0
0
0
0
0
0
0
0
0
0
0
0
0
0
0
0
0
0
0
0
0
0
0
0
0
0
0
0
0
0
0
0
0
0
0
0
0
0
0
0
0
0
0
0
0
0
0
0
0
0
0
0
0
0
0
0
0
0
0
0
0
0
0
0
0
0
0
0
0
0
0
0
0
0
0
0
0
0
0
0
0
0
0
0
0
0
0
0
0
0
0
0
0
0
0
0
0
0
0
0
0
0
0
0
0
0
0
0
0
0
0
0
0
0
0
0
0
0
0
0
0
0
0
0
0
0
0
0
0
0
0
0
0
0
0
0
0
0
0
0
0
0
0
0
0
0
0
0
0
0
0
0
0
0
0
0
0
0
0
0
0
0
0
0
0
0
0
0
0
0
0
0
0
0
0
0
0
0
0
0
0
0
0
0
0
0
0
0
0
0
0
0
0
0
0
0
0
0
0
0
0
0
0
0
0
0
0
0
0
0
0
0
0
0
0
0
0
0
0
0
0
0
0
0
0
0
0
0
0
0
0
0
0
0
0
0
0
0
0
0
0
0
0
0
0
0
0
0
0
0
0
0
0
0
0
0
0
0
0
0
0
0
0
0
0
0
0
0
0
0
0
0
0
0
0
0
0
0
0
0
0
0
0
0
0
0
0
0
0
0
0
0
0
0
0
0
0
0
0
0
0
0
0
0
0
0
0
0
0
0
0
0
0
0
0
0
0
0
0
0
0
0
0
0
0
0
0
0
0
0
0
0
0
0
0
0
0
0
0
0
0
0
0
0
0
0
0
0
0
0
0
0
0
0
0
0
0
0
0
0
0
0
0
0
0
0
0
0
0
0
0
0
0
0
0
0
0
0
0
0
0
0
0
0
0
0
0
0
0
0
0
0
0
0
0
0
0
0
0
0
0
0
0
0
0
0
0
0
0
0
0
0
0
0
0
0
0
0
0
0
0
0
0
0
0
0
0
0
0
0
0
0
0
0
0
0
0
0
0
0
0
0
0
0
0
0
0
0
0
0
0
0
0
0
0
0
0
0
0
0
0
0
0
0
0
0
0
0
0
0
0
0
0
0
0
0
0
0
0
0
0
0
0
0
0
0
0
0
0
0
0
0
0
0
0
0
0
0
0
0
0
0
0
0
0
0
0
0
0
0
0
0
0
0
0
0
0
0
0
0
0
0
0
0
0
0
0
0
0
0
0
0
0
0
0
0
0
0
0
0
0
0
0
0
0
0
0
0
0
0
0
0
0
0
0
0
0
0
0
0
0
0
0
0
0
0
0
0
0
0
0
0
0
0
0
0
0
0
0
0
0
0
0
0
0
0
0
0
0
0
0
0
0
0
0
0
0
0
0
0
0
0
0
0
0
0
0
0
0
0
0
0
0
0
0
0
0
0
0
0
0
0
0
0
0
0
0
0
0
0
0
0
0
0
0
0
0
0
0
0
0
0
0
0
0
0
0
0
0
0
0
0
0
0
0
0
0
0
0
0
0
0
0
0
0
0
0
0
0
0
0
0
0
0
0
0
0
0
0
0
0
0
0
0
0
0
0
0
0
0
0
0
0
0
0
0
0
0
0
0
0
0
0
0
0
0
0
0
0
0
0
0
0
0
0
0
0
0
0
0
0
0
0
0
0
0
0
0
0
0
0
0
0
0
0
0
0
0
0
0
0
0
0
0
0
0
0
0
0
0
0
0
0
0
0
0
0
0
0
0
0
0
0
0
0
0
0
0
0
0
0
0
0
0
0
0
0
0
0
0
0
0
0
0
0
0
0
0
0
0
0
0
0
0
0
0
0
0
0
0
0
0
0
0
0
0
0
0
0
0
0
0
0
0
0
0
0
0
0
0
0
0
0
0
0
0
0
0
0
0
0
0
0
0
0
0
0
0
0
0
0
0
0
0
0
0
0
0
0
0
0
0
0
0
0
0
0
0
0
0
0
0
0
0
0
0
0
0
0
0
0
0
0
0
0
0
0
0
0
0
0
0
0
0
0
0
0
0
0
0
0
0
0
0
0
0
0
0
0
0
0
0
0
0
0
0
0
0
0
0
0
0
0
0
0
0
0
0
0
0
0
0
0
0
0
0
0
0
0
0
0
0
0
0
0
0
0
0
0
0
0
0
0
0
0
0
0
0
0
0
0
0
0
0
0
0
0
0
0
0
0
0
0
0
0
0
0
0
0
0
0
0
0
0
0
0
0
0
0
0
0
0
0
0
0
0
0
0
0
0
0
0
0
0
0
0
0
0
0
0
0
0
0
0
0
0
0
0
0
0
0
0
0
0
0
0
0
0
0
0
0
0
0
0
0
0
0
0
0
0
0
0
0
0
0
0
0
0
0
0
0
0
0
0
0
0
0
0
0
0
0
0
0
0
0
0
0
0
0
0
0
0
0
0
0
0
0
0
0
0
0
0
0
0
0
0
0
0
0
0
0
0
0
0
0
0
0
0
0
0
0
0
0
0
0
0
0
0
0
0
0
0
0
0
0
0
0
0
0
0
0
0
0
0
0
0
0
0
0
0
0
0
0
0
0
0
0
0
0
0
0
0
0
0
0
0
0
0
0
0
0
0
0
0
0
0
0
0
0
0
0
0
0
0
0
0
0
0
0
0
0
0
0
0
0
0
0
0
0
0
0
0
0
0
0
0
0
0
0
0
0
0
0
0
0
0
0
0
0
0
0
0
0
0
0
0
0
0
0
0
0
0
0
0
0
0
0
0
0
0
0
0
0
0
0
0
0
0
0
0
0
0
0
0
0
0
0
0
0
0
0
0
0
0
0
0
0
0
0
0
0
0
0
0
0
0
0
0
0
0
0
0
0
0
0
0
0
0
0
0
0
0
0
0
0
0
0
0
0
0
0
0
0
0
0
0
0
0
0
0
0
0
0
0
0
0
0
0
0
0
0
0
0
0
0
0
0
0
0
0
0
0
0
0
0
0
0
0
0
0
0
0
0
0
0
0
0
0
0
0
0
0
0
0
0
0
0
0
0
0
0
0
0
0
0
0
0
0
0
0
0
0
0
0
0
0
0
0
0
0
0
0
0
0
0
0
0
0
0
0
0
0
0
0
0
0
0
0
0
0
0
0
0
0
0
0
0
0
0
0
0
0
0
0
0
0
0
0
0
0
0
0
0
0
0
0
0
0
0
0
0
0
0
0
0
0
0
0
0
0
0
0
0
0
0
0
0
0
0
0
0
0
0
0
0
0
0
0
0
0
0
0
0
0
0
0
0
0
0
0
0
0
0
0
0
0
0
0
0
0
0
0
0
0
0
0
0
0
0
0
0
0
0
0
0
0
0
0
0
0
0
0
0
0
0
0
0
0
0
0
0
0
0
0
0
0
0
0
0
0
0
0
0
0
0
0
0
0
0
0
0
0
0
0
0
0
0
0
0
0
0
0
0
0
0
0
0
0
0
0
0
0
0
0
0
0
0
0
0
0
0
0
0
0
0
0
0
0
0
0
0
0
0
0
0
0
0
0
0
0
0
0
0
0
0
0
0
0
0
0
0
0
0
0
0
0
0
0
0
0
0
0
0
0
0
0
0
0
0
0
0
0
0
0
0
0
0
0
0
0
0
0
0
0
0
0
0
0
0
0
0
0
0
0
0
0
0
0
0
0
0
0
0
0
0
0
0
0
0
0
0
0
0
0
0
0
0
0
0
0
0
0
0
0
0
0
0
0
0
0
0
0
0
0
0
0
0
0
0
0
0
0
0
0
0
0
0
0
0
0
0
0
0
0
0
0
0
0
0
0
0
0
0
0
0
0
0
0
0
0
0
0
0
0
0
0
0
0
0
0
0
0
0
0
0
0
0
0
0
0
0
0
0
0
0
0
0
0
0
0
0
0
0
0
0
0
0
0
0
0
0
0
0
0
0
0
0
0
0
0
0
0
0
0
0
0
0
0
0
0
0
0
0
0
0
0
0
0
0
0
0
0
0
0
0
0
0
0
0
0
0
0
0
0
0
0
0
0
0
0
0
0
0
0
0
0
0
0
0
0
0
0
0
0
0
0
0
0
0
0
0
0
0
0
0
0
0
0
0
0
0
0
0
0
0
0
0
0
0
0
0
0
0
0
0
0
0
0
0
0
0
0
0
0
0
0
0
0
0
0
0
0
0
0
0
0
0
0
0
0
0
0
0
0
0
0
0
0
0
0
0
0
0
0
0
0
0
0
0
0
0
0
0
0
0
0
0
0
0
0
0
0
0
0
0
0
0
0
0
0
0
0
0
0
0
0
0
0
0
0
0
0
0
0
0
0
0
0
0
0
0
0
0
0
0
0
0
0
0
0
0
0
0
0
0
0
0
0
0
0
0
0
0
0
0
0
0
0
0
0
0
0
0
0
0
0
0
0
0
0
0
0
0
0
0
0
0
0
0
0
0
0
0
0
0
0
0
0
0
0
0
0
0
0
0
0
0
0
0
0
0
0
0
0
0
0
0
0
0
0
0
0
0
0
0
0
0
0
0
0
0
0
0
0
0
0
0
0
0
0
0
0
0
0
0
0
0
0
0
0
0
0
0
0
0
0
0
0
0
0
0
0
0
0
0
0
0
0
0
0
0
0
0
0
0
0
0
0
0
0
0
0
0
0
0
0
0
0
0
0
0
0
0
0
0
0
0
0
0
0
0
0
0
0
0
0
0
0
0
0
0
0
0
0
0
0
0
0
0
0
0
0
0
0
0
0
0
0
0
0
0
0
0
0
0
0
0
0
0
0
0
0
0
0
0
0
0
0
0
0
0
0
0
0
0
0
0
0
0
0
0
0
0
0
0
0
0
0
0
0
0
0
0
0
0
0
0
0
0
0
0
0
0
0
0
0
0
0
0
0
0
0
0
0
0
0
0
0
0
0
0
0
0
0
0
0
0
0
0
0
0
0
0
0
0
0
0
0
0
0
0
0
0
0
0
0
0
0
0
0
0
0
0
0
0
0
0
0
0
0
0
0
0
0
0
0
0
0
0
0
0
0
0
0
0
0
0
0
0
0
0
0
0
0
0
0
0
0
0
0
0
0
0
0
0
0
0
0
0
0
0
0
0
0
0
0
0
0
0
0
0
0
0
0
0
0
0
0
0
0
0
0
0
0
0
0
0
0
0
0
0
0
0
0
0
0
0
0
0
0
0
0
0
0
0
0
0
0
0
0
0
0
0
0
0
0
0
0
0
0
0
0
0
0
0
0
0
0
0
0
0
0
0
0
0
0
0
0
0
0
0
0
0
0
0
0
0
0
0
0
0
0
0
0
0
0
0
0
0
0
0
0
0
0
0
0
0
0
0
0
0
0
0
0
0
0
0
0
0
0
0
0
0
0
0
0
0
0
0
0
0
0
0
0
0
0
0
0
0
0
0
0
0
0
0
0
0
0
0
0
0
0
0
0
0
0
0
0
0
0
0
0
0
0
0
0
0
0
0
0
0
0
0
0
0
0
0
0
0
0
0
0
0
0
0
0
0
0
0
0
0
0
0
0
0
0
0
0
0
0
0
0
0
0
0
0
0
0
0
0
0
0
0
0
0
0
0
0
0
0
0
0
0
0
0
0
0
0
0
0
0
0
0
0
0
0
0
0
0
0
0
0
0
0
0
0
0
0
0
0
0
0
0
0
0
0
0
0
0
0
0
0
0
0
0
0
0
0
0
0
0
0
0
0
0
0
0
0
0
0
0
0
0
0
0
0
0
0
0
0
0
0
0
0
0
0
0
0
0
0
0
0
0
0
0
0
0
0
0
0
0
0
0
0
0
0
0
0
0
0
0
0
0
0
0
0
0
0
0
0
0
0
0
0
0
0
0
0
0
0
0
0
0
0
0
0
0
0
0
0
0
0
0
0
0
0
0
0
0
0
0
0
0
0
0
0
0
0
0
0
0
0
0
0
0
0
0
0
0
0
0
0
0
0
0
0
0
0
0
0
0
0
0
0
0
0
0
0
0
0
0
0
0
0
0
0
0
0
0
0
0
0
0
0
0
0
0
0
0
0
0
0
0
0
0
0
0
0
0
0
0
0
0
0
0
0
0
0
0
0
0
0
0
0
0
0
0
0
0
0
0
0
0
0
0
0
0
0
0
0
0
0
0
0
0
0
0
0
0
0
0
0
0
0
0
0
0
0
0
0
0
0
0
0
0
0
0
0
0
0
0
0
0
0
0
0
0
0
0
0
0
0
0
0
0
0
0
0
0
0
0
0
0
0
0
0
0
0
0
0
0
0
0
0
0
0
0
0
0
0
0
0
0
0
0
0
0
0
0
0
0
0
0
0
0
0
0
0
0
0
0
0
0
0
0
0
0
0
0
0
0
0
0
0
0
0
0
0
0
0
0
0
0
0
0
0
0
0
0
0
0
0
0
0
0
0
0
0
0
0
0
0
0
0
0
0
0
0
0
0
0
0
0
0
0
0
0
0
0
0
0
0
0
0
0
0
0
0
0
0
0
0
0
0
0
0
0
0
0
0
0
0
0
0
0
0
0
0
0
0
0
0
0
0
0
0
0
0
0
0
0
0
0
0
0
0
0
0
0
0
0
0
0
0
0
0
0
0
0
0
0
0
0
0
0
0
0
0
0
0
0
0
0
0
0
0
0
0
0
0
0
0
0
0
0
0
0
0
0
0
0
0
0
0
0
0
0
0
0
0
0
0
0
0
0
0
0
0
0
0
0
0
0
0
0
0
0
0
0
0
0
0
0
0
0
0
0
0
0
0
0
0
0
0
0
0
0
0
0
0
0
0
0
0
0
0
0
0
0
0
0
0
0
0
0
0
0
0
0
0
0
0
0
0
0
0
0
0
0
0
0
0
0
0
0
0
0
0
0
0
0
0
0
0
0
0
0
0
0
0
0
0
0
0
0
0
0
0
0
0
0
0
0
0
0
0
0
0
0
0
0
0
0
0
0
0
0
0
0
0
0
0
0
0
0
0
0
0
0
0
0
0
0
0
0
0
0
0
0
0
0
0
0
0
0
0
0
0
0
0
0
0
0
0
0
0
0
0
0
0
0
0
0
0
0
0
0
0
0
0
0
0
0
0
0
0
0
0
0
0
0
0
0
0
0
0
0
0
0
0
0
0
0
0
0
0
0
0
0
0
0
0
0
0
0
0
0
0
0
0
0
0
0
0
0
0
0
0
0
0
0
0
0
0
0
0
0
0
0
0
0
0
0
0
0
0
0
0
0
0
0
0
0
0
0
0
0
0
0
0
0
0
0
0
0
0
0
0
0
0
0
0
0
0
0
0
0
0
0
0
0
0
0
0
0
0
0
0
0
0
0
0
0
0
0
0
0
0
0
0
0
0
0
0
0
0
0
0
0
0
0
0
0
0
0
0
0
0
0
0
0
0
0
0
0
0
0
0
0
0
0
0
0
0
0
0
0
0
0
0
0
0
0
0
0
0
0
0
0
0
0
0
0
0
0
0
0
0
0
0
0
0
0
0
0
0
0
0
0
0
0
0
0
0
0
0
0
0
0
0
0
0
0
0
0
0
0
0
0
0
0
0
0
0
0
0
0
0
0
0
0
0
0
0
0
0
0
0
0
0
0
0
0
0
0
0
0
0
0
0
0
0
0
0
0
0
0
0
0
0
0
0
0
0
0
0
0
0
0
0
0
0
0
0
0
0
0
0
0
0
0
0
0
0
0
0
0
0
0
0
0
0
0
0
0
0
0
0
0
0
0
0
0
0
0
0
0
0
0
0
0
0
0
0
0
0
0
0
0
0
0
0
0
0
0
0
0
0
0
0
0
0
0
0
0
0
0
0
0
0
0
0
0
0
0
0
0
0
0
0
0
0
0
0
0
0
0
0
0
0
0
0
0
0
0
0
0
0
0
0
0
0
0
0
0
0
0
0
0
0
0
0
0
0
0
0
0
0
0
0
0
0
0
0
0
0
0
0
0
0
0
0
0
0
0
0
0
0
0
0
0
0
0
0
0
0
0
0
0
0
0
0
0
0
0
0
0
0
0
0
0
0
0
0
0
0
0
0
0
0
0
0
0
0
0
0
0
0
0
0
0
0
0
0
0
0
0
0
0
0
0
0
0
0
0
0
0
0
0
0
0
0
0
0
0
0
0
0
0
0
0
0
0
0
0
0
0
0
0
0
0
0
0
0
0
0
0
0
0
0
0
0
0
0
0
0
0
0
0
0
0
0
0
0
0
0
0
0
0
0
0
0
0
0
0
0
0
0
0
0
0
0
0
0
0
0
0
0
0
0
0
0
0
0
0
0
0
0
0
0
0
0
0
0
0
0
0
0
0
0
0
0
0
0
0
0
0
0
0
0
0
0
0
0
0
0
0
0
0
0
0
0
0
0
0
0
0
0
0
0
0
0
0
0
0
0
0
0
0
0
0
0
0
0
0
0
0
0
0
0
0
0
0
0
0
0
0
0
0
0
0
0
0
0
0
0
0
0
0
0
0
0
0
0
0
0
0
0
0
0
0
0
0
0
0
0
0
0
0
0
0
0
0
0
0
0
0
0
0
0
0
0
0
0
0
0
0
0
0
0
0
0
0
0
0
0
0
0
0
0
0
0
0
0
0
0
0
0
0
0
0
0
0
0
0
0
0
0
0
0
0
0
0
0
0
0
0
0
0
0
0
0
0
0
0
0
0
0
0
0
0
0
0
0
0
0
0
0
0
0
0
0
0
0
0
0
0
0
0
0
0
0
0
0
0
0
0
0
0
0
0
0
0
0
0
0
0
0
0
0
0
0
0
0
0
0
0
0
0
0
0
0
0
0
0
0
0
0
0
0
0
0
0
0
0
0
0
0
0
0
0
0
0
0
0
0
0
0
0
0
0
0
0
0
0
0
0
0
0
0
0
0
0
0
0
0
0
0
0
0
0
0
0
0
0
0
0
0
0
0
0
0
0
0
0
0
0
0
0
0
0
0
0
0
0
0
0
0
0
0
0
0
0
0
0
0
0
0
0
0
0
0
0
0
0
0
0
0
0
0
0
0
0
0
0
0
0
0
0
0
0
0
0
0
0
0
0
0
0
0
0
0
0
0
0
0
0
0
0
0
0
0
0
0
0
0
0
0
0
0
0
0
0
0
0
0
0
0
0
0
0
0
0
0
0
0
0
0
0
0
0
0
0
0
0
0
0
0
0
0
0
0
0
0
0
0
0
0
0
0
0
0
0
0
0
0
0
0
0
0
0
0
0
0
0
0
0
0
0
0
0
0
0
0
0
0
0
0
0
0
0
0
0
0
0
0
0
0
0
0
0
0
0
0
0
0
0
0
0
0
0
0
0
0
0
0
0
0
0
0
0
0
0
0
0
0
0
0
0
0
0
0
0
0
0
0
0
0
0
0
0
0
0
0
0
0
0
0
0
0
0
0
0
0
0
0
0
0
0
0
0
0
0
0
0
0
0
0
0
0
0
0
0
0
0
0
0
0
0
0
0
0
0
0
0
0
0
0
0
0
0
0
0
0
0
0
0
0
0
0
0
0
0
0
0
0
0
0
0
0
0
0
0
0
0
0
0
0
0
0
0
0
0
0
0
0
0
0
0
0
0
0
0
0
0
0
0
0
0
0
0
0
0
0
0
0
0
0
0
0
0
0
0
0
0
0
0
0
0
0
0
0
0
0
0
0
0
0
0
0
0
0
0
0
0
0
0
0
0
0
0
0
0
0
0
0
0
0
0
0
0
0
0
0
0
0
0
0
0
0
0
0
0
0
0
0
0
0
0
0
0
0
0
0
0
0
0
0
0
0
0
0
0
0
0
0
0
0
0
0
0
0
0
0
0
0
0
0
0
0
0
0
0
0
0
0
0
0
0
0
0
0
0
0
0
0
0
0
0
0
0
0
0
0
0
0
0
0
0
0
0
0
0
0
0
0
0
0
0
0
0
0
0
0
0
0
0
0
0
0
0
0
0
0
0
0
0
0
0
0
0
0
0
0
0
0
0
0
0
0
0
0
0
0
0
0
0
0
0
0
0
0
0
0
0
0
0
0
0
0
0
0
0
0
0
0
0
0
0
0
0
0
0
0
0
0
0
0
0
0
0
0
0
0
0
0
0
0
0
0
0
0
0
0
0
0
0
0
0
0
0
0
0
0
0
0
0
0
0
0
0
0
0
0
0
0
0
0
0
0
0
0
0
0
0
0
0
0
0
0
0
0
0
0
0
0
0
0
0
0
0
0
0
0
0
0
0
0
0
0
0
0
0
0
0
0
0
0
0
0
0
0
0
0
0
0
0
0
0
0
0
0
0
0
0
0
0
0
0
0
0
0
0
0
0
0
0
0
0
0
0
0
0
0
0
0
0
0
0
0
0
0
0
0
0
0
0
0
0
0
0
0
0
0
0
0
0
0
0
0
0
0
0
0
0
0
0
0
0
0
0
0
0
0
0
0
0
0
0
0
0
0
0
0
0
0
0
0
0
0
0
0
0
0
0
0
0
0
0
0
0
0
0
0
0
0
0
0
0
0
0
0
0
0
0
0
0
0
0
0
0
0
0
0
0
0
0
0
0
0
0
0
0
0
0
0
0
0
0
0
0
0
0
0
0
0
0
0
0
0
0
0
0
0
0
0
0
0
0
0
0
0
0
0
0
0
0
0
0
0
0
0
0
0
0
0
0
0
0
0
0
0
0
0
0
0
0
0
0
0
0
0
0
0
0
0
0
0
0
0
0
0
0
0
0
0
0
0
0
0
0
0
0
0
0
0
0
0
0
0
0
0
0
0
0
0
0
0
0
0
0
0
0
0
0
0
0
0
0
0
0
0
0
0
0
0
0
0
0
0
0
0
0
0
0
0
0
0
0
0
0
0
0
0
0
0
0
0
0
0
0
0
0
0
0
0
0
0
0
0
0
0
0
0
0
0
0
0
0
0
0
0
0
0
0
0
0
0
0
0
0
0
0
0
0
0
0
0
0
0
0
0
0
0
0
0
0
0
0
0
0
0
0
0
0
0
0
0
0
0
0
0
0
0
0
0
0
0
0
0
0
0
0
0
0
0
0
0
0
0
0
0
0
0
0
0
0
0
0
0
0
0
0
0
0
0
0
0
0
0
0
0
0
0
0
0
0
0
0
0
0
0
0
0
0
0
0
0
0
0
0
0
0
0
0
0
0
0
0
0
0
0
0
0
0
0
0
0
0
0
0
0
0
0
0
0
0
0
0
0
0
0
0
0
0
0
0
0
0
0
0
0
0
0
0
0
0
0
0
0
0
0
0
0
0
0
0
0
0
0
0
0
0
0
0
0
0
0
0
0
0
0
0
0
0
0
0
0
0
0
0
0
0
0
0
0
0
0
0
0
0
0
0
0
0
0
0
0
0
0
0
0
0
0
0
0
0
0
0
0
0
0
0
0
0
0
0
0
0
0
0
0
0
0
0
0
0
0
0
0
0
0
0
0
0
0
0
0
0
0
0
0
0
0
0
0
0
0
0
0
0
0
0
0
0
0
0
0
0
0
0
0
0
0
0
0
0
0
0
0
0
0
0
0
0
0
0
0
0
0
0
0
0
0
0
0
0
0
0
0
0
0
0
0
0
0
0
0
0
0
0
0
0
0
0
0
0
0
0
0
0
0
0
0
0
0
0
0
0
0
0
0
0
0
0
0
0
0
0
0
0
0
0
0
0
0
0
0
0
0
0
0
0
0
0
0
0
0
0
0
0
0
0
0
0
0
0
0
0
0
0
0
0
0
0
0
0
0
0
0
0
0
0
0
0
0
0
0
0
0
0
0
0
0
0
0
0
0
0
0
0
0
0
0
0
0
0
0
0
0
0
0
0
0
0
0
0
0
0
0
0
0
0
0
0
0
0
0
0
0
0
0
0
0
0
0
0
0
0
0
0
0
0
0
0
0
0
0
0
0
0
0
0
0
0
0
0
0
0
0
0
0
0
0
0
0
0
0
0
0
0
0
0
0
0
0
0
0
0
0
0
0
0
0
0
0
0
0
0
0
0
0
0
0
0
0
0
0
0
0
0
0
0
0
0
0
0
0
0
0
0
0
0
0
0
0
0
0
0
0
0
0
0
0
0
0
0
0
0
0
0
0
0
0
0
0
0
0
0
0
0
0
0
0
0
0
0
0
0
0
0
0
0
0
0
0
0
0
0
0
0
0
0
0
0
0
0
0
0
0
0
0
0
0
0
0
0
0
0
0
0
0
0
0
0
0
0
0
0
0
0
0
0
0
0
0
0
0
0
0
0
0
0
0
0
0
0
0
0
0
0
0
0
0
0
0
0
0
0
0
0
0
0
0
0
0
0
0
0
0
0
0
0
0
0
0
0
0
0
0
0
0
0
0
0
0
0
0
0
0
0
0
0
0
0
0
0
0
0
0
0
0
0
0
0
0
0
0
0
0
0
0
0
0
0
0
0
0
0
0
0
0
0
0
0
0
0
0
0
0
0
0
0
0
0
0
0
0
0
0
0
0
0
0
0
0
0
0
0
0
0
0
0
0
0
0
0
0
0
0
0
0
0
0
0
0
0
0
0
0
0
0
0
0
0
0
0
0
0
0
0
0
0
0
0
0
0
0
0
0
0
0
0
0
0
0
0
0
0
0
0
0
0
0
0
0
0
0
0
0
0
0
0
0
0
0
0
0
0
0
0
0
0
0
0
0
0
0
0
0
0
0
0
0
0
0
0
0
0
0
0
0
0
0
0
0
0
0
0
0
0
0
0
0
0
0
0
0
0
0
0
0
0
0
0
0
0
0
0
0
0
0
0
0
0
0
0
0
0
0
0
0
0
0
0
0
0
0
0
0
0
0
0
0
0
0
0
0
0
0
0
0
0
0
0
0
0
0
0
0
0
0
0
0
0
0
0
0
0
0
0
0
0
0
0
0
0
0
0
0
0
0
0
0
0
0
0
0
0
0
0
0
0
0
0
0
0
0
0
0
0
0
0
0
0
0
0
0
0
0
0
0
0
0
0
0
0
0
0
0
0
0
0
0
0
0
0
0
0
0
0
0
0
0
0
0
0
0
0
0
0
0
0
0
0
0
0
0
0
0
0
0
0
0
0
0
0
0
0
0
0
0
0
0
0
0
0
0
0
0
0
0
0
0
0
0
0
0
0
0
0
0
0
0
0
0
0
0
0
0
0
0
0
0
0
0
0
0
0
0
0
0
0
0
0
0
0
0
0
0
0
0
0
0
0
0
0
0
0
0
0
0
0
0
0
0
0
0
0
0
0
0
0
0
0
0
0
0
0
0
0
0
0
0
0
0
0
0
0
0
0
0
0
0
0
0
0
0
0
0
0
0
0
0
0
0
0
0
0
0
0
0
0
0
0
0
0
0
0
0
0
0
0
0
0
0
0
0
0
0
0
0
0
0
0
0
0
0
0
0
0
0
0
0
0
0
0
0
0
0
0
0
0
0
0
0
0
0
0
0
0
0
0
0
0
0
0
0
0
0
0
0
0
0
0
0
0
0
0
0
0
0
0
0
0
0
0
0
0
0
0
0
0
0
0
0
0
0
0
0
0
0
0
0
0
0
0
0
0
0
0
0
0
0
0
0
0
0
0
0
0
0
0
0
0
0
0
0
0
0
0
0
0
0
0
0
0
0
0
0
0
0
0
0
0
0
0
0
0
0
0
0
0
0
0
0
0
0
0
0
0
0
0
0
0
0
0
0
0
0
0
0
0
0
0
0
0
0
0
0
0
0
0
0
0
0
0
0
0
0
0
0
0
0
0
0
0
0
0
0
0
0
0
0
0
0
0
0
0
0
0
0
0
0
0
0
0
0
0
0
0
0
0
0
0
0
0
0
0
0
0
0
0
0
0
0
0
0
0
0
0
0
0
0
0
0
0
0
0
0
0
0
0
0
0
0
0
0
0
0
0
0
0
0
0
0
0
0
0
0
0
0
0
0
0
0
0
0
0
0
0
0
0
0
0
0
0
0
0
0
0
0
0
0
0
0
0
0
0
0
0
0
0
0
0
0
0
0
0
0
0
0
0
0
0
0
0
0
0
0
0
0
0
0
0
0
0
0
0
0
0
0
0
0
0
0
0
0
0
0
0
0
0
0
0
0
0
0
0
0
0
0
0
0
0
0
0
0
0
0
0
0
0
0
0
0
0
0
0
0
0
0
0
0
0
0
0
0
0
0
0
0
0
0
0
0
0
0
0
0
0
0
0
0
0
0
0
0
0
0
0
0
0
0
0
0
0
0
0
0
0
0
0
0
0
0
0
0
0
0
0
0
0
0
0
0
0
0
0
0
0
0
0
0
0
0
0
0
0
0
0
0
0
0
0
0
0
0
0
0
0
0
0
0
0
0
0
0
0
0
0
0
0
0
0
0
0
0
0
0
0
0
0
0
0
0
0
0
0
0
0
0
0
0
0
0
0
0
0
0
0
0
0
0
0
0
0
0
0
0
0
0
0
0
0
0
0
0
0
0
0
0
0
0
0
0
0
0
0
0
0
0
0
0
0
0
0
0
0
0
0
0
0
0
0
0
0
0
0
0
0
0
0
0
0
0
0
0
0
0
0
0
0
0
0
0
0
0
0
0
0
0
0
0
0
0
0
0
0
0
0
0
0
0
0
0
0
0
0
0
0
0
0
0
0
0
0
0
0
0
0
0
0
0
0
0
0
0
0
0
0
0
0
0
0
0
0
0
0
0
0
0
0
0
0
0
0
0
0
0
0
0
0
0
0
0
0
0
0
0
0
0
0
0
0
0
0
0
0
0
0
0
0
0
0
0
0
0
0
0
0
0
0
0
0
0
0
0
0
0
0
0
0
0
0
0
0
0
0
0
0
0
0
0
0
0
0
0
0
0
0
0
0
0
0
0
0
0
0
0
0
0
0
0
0
0
0
0
0
0
0
0
0
0
0
0
0
0
0
0
0
0
0
0
0
0
0
0
0
0
0
0
0
0
0
0
0
0
0
0
0
0
0
0
0
0
0
0
0
0
0
0
0
0
0
0
0
0
0
0
0
0
0
0
0
0
0
0
0
0
0
0
0
0
0
0
0
0
0
0
0
0
0
0
0
0
0
0
0
0
0
0
0
0
0
0
0
0
0
0
0
0
0
0
0
0
0
0
0
0
0
0
0
0
0
0
0
0
0
0
0
0
0
0
0
0
0
0
0
0
0
0
0
0
0
0
0
0
0
0
0
0
0
0
0
0
0
0
0
0
0
0
0
0
0
0
0
0
0
0
0
0
0
0
0
0
0
0
0
0
0
0
0
0
0
0
0
0
0
0
0
0
0
0
0
0
0
0
0
0
0
0
0
0
0
0
0
0
0
0
0
0
0
0
0
0
0
0
0
0
0
0
0
0
0
0
0
0
0
0
0
0
0
0
0
0
0
0
0
0
0
0
0
0
0
0
0
0
0
0
0
0
0
0
0
0
0
0
0
0
0
0
0
0
0
0
0
0
0
0
0
0
0
0
0
0
0
0
0
0
0
0
0
0
0
0
0
0
0
0
0
0
0
0
0
0
0
0
0
0
0
0
0
0
0
0
0
0
0
0
0
0
0
0
0
0
0
0
0
0
0
0
0
0
0
0
0
0
0
0
0
0
0
0
0
0
0
0
0
0
0
0
0
0
0
0
0
0
0
0
0
0
0
0
0
0
0
0
0
0
0
0
0
0
0
0
0
0
0
0
0
0
0
0
0
0
0
0
0
0
0
0
0
0
0
0
0
0
0
0
0
0
0
0
0
0
0
0
0
0
0
0
0
0
0
0
0
0
0
0
0
0
0
0
0
0
0
0
0
0
0
0
0
0
0
0
0
0
0
0
0
0
0
0
0
0
0
0
0
0
0
0
0
0
0
0
0
0
0
0
0
0
0
0
0
0
0
0
0
0
0
0
0
0
0
0
0
0
0
0
0
0
0
0
0
0
0
0
0
0
0
0
0
0
0
0
0
0
0
0
0
0
0
0
0
0
0
0
0
0
0
0
0
0
0
0
0
0
0
0
0
0
0
0
0
0
0
0
0
0
0
0
0
0
0
0
0
0
0
0
0
0
0
0
0
0
0
0
0
0
0
0
0
0
0
0
0
0
0
0
0
0
0
0
0
0
0
0
0
0
0
0
0
0
0
0
0
0
0
0
0
0
0
0
0
0
0
0
0
0
0
0
0
0
0
0
0
0
0
0
0
0
0
0
0
0
0
0
0
0
0
0
0
0
0
0
0
0
0
0
0
0
0
0
0
0
0
0
0
0
0
0
0
0
0
0
0
0
0
0
0
0
0
0
0
0
0
0
0
0
0
0
0
0
0
0
0
0
0
0
0
0
0
0
0
0
0
0
0
0
0
0
0
0
0
0
0
0
0
0
0
0
0
0
0
0
0
0
0
0
0
0
0
0
0
0
0
0
0
0
0
0
0
0
0
0
0
0
0
0
0
0
0
0
0
0
0
0
0
0
0
0
0
0
0
0
0
0
0
0
0
0
0
0
0
0
0
0
0
0
0
0
0
0
0
0
0
0
0
0
0
0
0
0
0
0
0
0
0
0
0
0
0
0
0
0
0
0
0
0
0
0
0
0
0
0
0
0
0
0
0
0
0
0
0
0
0
0
0
0
0
0
0
0
0
0
0
0
0
0
0
0
0
0
0
0
0
0
0
0
0
0
0
0
0
0
0
0
0
0
0
0
0
0
0
0
0
0
0
0
0
0
0
0
0
0
0
0
0
0
0
0
0
0
0
0
0
0
0
0
0
0
0
0
0
0
0
0
0
0
0
0
0
0
0
0
0
0
0
0
0
0
0
0
0
0
0
0
0
0
0
0
0
0
0
0
0
0
0
0
0
0
0
0
0
0
0
0
0
0
0
0
0
0
0
0
0
0
0
0
0
0
0
0
0
0
0
0
0
0
0
0
0
0
0
0
0
0
0
0
0
0
0
0
0
0
0
0
0
0
0
0
0
0
0
0
0
0
0
0
0
0
0
0
0
0
0
0
0
0
0
0
0
0
0
0
0
0
0
0
0
0
0
0
0
0
0
0
0
0
0
0
0
0
0
0
0
0
0
0
0
0
0
0
0
0
0
0
0
0
0
0
0
0
0
0
0
0
0
0
0
0
0
0
0
0
0
0
0
0
0
0
0
0
0
0
0
0
0
0
0
0
0
0
0
0
0
0
0
0
0
0
0
0
0
0
0
0
0
0
0
0
0
0
0
0
0
0
0
0
0
0
0
0
0
0
0
0
0
0
0
0
0
0
0
0
0
0
0
0
0
0
0
0
0
0
0
0
0
0
0
0
0
0
0
0
0
0
0
0
0
0
0
0
0
0
0
0
0
0
0
0
0
0
0
0
0
0
0
0
0
0
0
0
0
0
0
0
0
0
0
0
0
0
0
0
0
0
0
0
0
0
0
0
0
0
0
0
0
0
0
0
0
0
0
0
0
0
0
0
0
0
0
0
0
0
0
0
0
0
0
0
0
0
0
0
0
0
0
0
0
0
0
0
0
0
0
0
0
0
0
0
0
0
0
0
0
0
0
0
0
0
0
0
0
0
0
0
0
0
0
0
0
0
0
0
0
0
0
0
0
0
0
0
0
0
0
0
0
0
0
0
0
0
0
0
0
0
0
0
0
0
0
0
0
0
0
0
0
0
0
0
0
0
0
0
0
0
0
0
0
0
0
0
0
0
0
0
0
0
0
0
0
0
0
0
0
0
0
0
0
0
0
0
0
0
0
0
0
0
0
0
0
0
0
0
0
0
0
0
0
0
0
0
0
0
0
0
0
0
0
0
0
0
0
0
0
0
0
0
0
0
0
0
0
0
0
0
0
0
0
0
0
0
0
0
0
0
0
0
0
0
0
0
0
0
0
0
0
0
0
0
0
0
0
0
0
0
0
0
0
0
0
0
0
0
0
0
0
0
0
0
0
0
0
0
0
0
0
0
0
0
0
0
0
0
0
0
0
0
0
0
0
0
0
0
0
0
0
0
0
0
0
0
0
0
0
0
0
0
0
0
0
0
0
0
0
0
0
0
0
0
0
0
0
0
0
0
0
0
0
0
0
0
0
0
0
0
0
0
0
0
0
0
0
0
0
0
0
0
0
0
0
0
0
0
0
0
0
0
0
0
0
0
0
0
0
0
0
0
0
0
0
0
0
0
0
0
0
0
0
0
0
0
0
0
0
0
0
0
0
0
0
0
0
0
0
0
0
0
0
0
0
0
0
0
0
0
0
0
0
0
0
0
0
0
0
0
0
0
0
0
0
0
0
0
0
0
0
0
0
0
0
0
0
0
0
0
0
0
0
0
0
0
0
0
0
0
0
0
0
0
0
0
0
0
0
0
0
0
0
0
0
0
0
0
0
0
0
0
0
0
0
0
0
0
0
0
0
0
0
0
0
0
0
0
0
0
0
0
0
0
0
0
0
0
0
0
0
0
0
0
0
0
0
0
0
0
0
0
0
0
0
0
0
0
0
0
0
0
0
0
0
0
0
0
0
0
0
0
0
0
0
0
0
0
0
0
0
0
0
0
0
0
0
0
0
0
0
0
0
0
0
0
0
0
0
0
0
0
0
0
0
0
0
0
0
0
0
0
0
0
0
0
0
0
0
0
0
0
0
0
0
0
0
0
0
0
0
0
0
0
0
0
0
0
0
0
0
0
0
0
0
0
0
0
0
0
0
0
0
0
0
0
0
0
0
0
0
0
0
0
0
0
0
0
0
0
0
0
0
0
0
0
0
0
0
0
0
0
0
0
0
0
0
0
0
0
0
0
0
0
0
0
0
0
0
0
0
0
0
0
0
0
0
0
0
0
0
0
0
0
0
0
0
0
0
0
0
0
0
0
0
0
0
0
0
0
0
0
0
0
0
0
0
0
0
0
0
0
0
0
0
0
0
0
0
0
0
0
0
0
0
0
0
0
0
0
0
0
0
0
0
0
0
0
0
0
0
0
0
0
0
0
0
0
0
0
0
0
0
0
0
0
0
0
0
0
0
0
0
0
0
0
0
0
0
0
0
0
0
0
0
0
0
0
0
0
0
0
0
0
0
0
0
0
0
0
0
0
0
0
0
0
0
0
0
0
0
0
0
0
0
0
0
0
0
0
0
0
0
0
0
0
0
0
0
0
0
0
0
0
0
0
0
0
0
0
0
0
0
0
0
0
0
0
0
0
0
0
0
0
0
0
0
0
0
0
0
0
0
0
0
0
0
0
0
0
0
0
0
0
0
0
0
0
0
0
0
0
0
0
0
0
0
0
0
0
0
0
0
0
0
0
0
0
0
0
0
0
0
0
0
0
0
0
0
0
0
0
0
0
0
0
0
0
0
0
0
0
0
0
0
0
0
0
0
0
0
0
0
0
0
0
0
0
0
0
0
0
0
0
0
0
0
0
0
0
0
0
0
0
0
0
0
0
0
0
0
0
0
0
0
0
0
0
0
0
0
0
0
0
0
0
0
0
0
0
0
0
0
0
0
0
0
0
0
0
0
0
0
0
0
0
0
0
0
0
0
0
0
0
0
0
0
0
0
0
0
0
0
0
0
0
0
0
0
0
0
0
0
0
0
0
0
0
0
0
0
0
0
0
0
0
0
0
0
0
0
0
0
0
0
0
0
0
0
0
0
0
0
0
0
0
0
0
0
0
0
0
0
0
0
0
0
0
0
0
0
0
0
0
0
0
0
0
0
0
0
0
0
0
0
0
0
0
0
0
0
0
0
0
0
0
0
0
0
0
0
0
0
0
0
0
0
0
0
0
0
0
0
0
0
0
0
0
0
0
0
0
0
0
0
0
0
0
0
0
0
0
0
0
0
0
0
0
0
0
0
0
0
0
0
0
0
0
0
0
0
0
0
0
0
0
0
0
0
0
0
0
0
0
0
0
0
0
0
0
0
0
0
0
0
0
0
0
0
0
0
0
0
0
0
0
0
0
0
0
0
0
0
0
0
0
0
0
0
0
0
0
0
0
0
0
0
0
0
0
0
0
0
0
0
0
0
0
0
0
0
0
0
0
0
0
0
0
0
0
0
0
0
0
0
0
0
0
0
0
0
0
0
0
0
0
0
0
0
0
0
0
0
0
0
0
0
0
0
0
0
0
0
0
0
0
0
0
0
0
0
0
0
0
0
0
0
0
0
0
0
0
0
0
0
0
0
0
0
0
0
0
0
0
0
0
0
0
0
0
0
0
0
0
0
0
0
0
0
0
0
0
0
0
0
0
0
0
0
0
0
0
0
0
0
0
0
0
0
0
0
0
0
0
0
0
0
0
0
0
0
0
0
0
0
0
0
0
0
0
0
0
0
0
0
0
0
0
0
0
0
0
0
0
0
0
0
0
0
0
0
0
0
0
0
0
0
0
0
0
0
0
0
0
0
0
0
0
0
0
0
0
0
0
0
0
0
0
0
0
0
0
0
0
0
0
0
0
0
0
0
0
0
0
0
0
0
0
0
0
0
0
0
0
0
0
0
0
0
0
0
0
0
0
0
0
0
0
0
0
0
0
0
0
0
0
0
0
0
0
0
0
0
0
0
0
0
0
0
0
0
0
0
0
0
0
0
0
0
0
0
0
0
0
0
0
0
0
0
0
0
0
0
0
0
0
0
0
0
0
0
0
0
0
0
0
0
0
0
0
0
0
0
0
0
0
0
0
0
0
0
0
0
0
0
0
0
0
0
0
0
0
0
0
0
0
0
0
0
0
0
0
0
0
0
0
0
0
0
0
0
0
0
0
0
0
0
0
0
0
0
0
0
0
0
0
0
0
0
0
0
0
0
0
0
0
0
0
0
0
0
0
0
0
0
0
0
0
0
0
0
0
0
0
0
0
0
0
0
0
0
0
0
0
0
0
0
0
0
0
0
0
0
0
0
0
0
0
0
0
0
0
0
0
0
0
0
0
0
0
0
0
0
0
0
0
0
0
0
0
0
0
0
0
0
0
0
0
0
0
0
0
0
0
0
0
0
0
0
0
0
0
0
0
0
0
0
0
0
0
0
0
0
0
0
0
0
0
0
0
0
0
0
0
0
0
0
0
0
0
0
0
0
0
0
0
0
0
0
0
0
0
0
0
0
0
0
0
0
0
0
0
0
0
0
0
0
0
0
0
0
0
0
0
0
0
0
0
0
0
0
0
0
0
0
0
0
0
0
0
0
0
0
0
0
0
0
0
0
0
0
0
0
0
0
0
0
0
0
0
0
0
0
0
0
0
0
0
0
0
0
0
0
0
0
0
0
0
0
0
0
0
0
0
0
0
0
0
0
0
0
0
0
0
0
0
0
0
0
0
0
0
0
0
0
0
0
0
0
0
0
0
0
0
0
0
0
0
0
0
0
0
0
0
0
0
0
0
0
0
0
0
0
0
0
0
0
0
0
0
0
0
0
0
0
0
0
0
0
0
0
0
0
0
0
0
0
0
0
0
0
0
0
0
0
0
0
0
0
0
0
0
0
0
0
0
0
0
0
0
0
0
0
0
0
0
0
0
0
0
0
0
0
0
0
0
0
0
0
0
0
0
0
0
0
0
0
0
0
0
0
0
0
0
0
0
0
0
0
0
0
0
0
0
0
0
0
0
0
0
0
0
0
0
0
0
0
0
0
0
0
0
0
0
0
0
0
0
0
0
0
0
0
0
0
0
0
0
0
0
0
0
0
0
0
0
0
0
0
0
0
0
0
0
0
0
0
0
0
0
0
0
0
0
0
0
0
0
0
0
0
0
0
0
0
0
0
0
0
0
0
0
0
0
0
0
0
0
0
0
0
0
0
0
0
0
0
0
0
0
0
0
0
0
0
0
0
0
0
0
0
0
0
0
0
0
0
0
0
0
0
0
0
0
0
0
0
0
0
0
0
0
0
0
0
0
0
0
0
0
0
0
0
0
0
0
0
0
0
0
0
0
0
0
0
0
0
0
0
0
0
0
0
0
0
0
0
0
0
0
0
0
0
0
0
0
0
0
0
0
0
0
0
0
0
0
0
0
0
0
0
0
0
0
0
0
0
0
0
0
0
0
0
0
0
0
0
0
0
0
0
0
0
0
0
0
0
0
0
0
0
0
0
0
0
0
0
0
0
0
0
0
0
0
0
0
0
0
0
0
0
0
0
0
0
0
0
0
0
0
0
0
0
0
0
0
0
0
0
0
0
0
0
0
0
0
0
0
0
0
0
0
0
0
0
0
0
0
0
0
0
0
0
0
0
0
0
0
0
0
0
0
0
0
0
0
0
0
0
0
0
0
0
0
0
0
0
0
0
0
0
0
0
0
0
0
0
0
0
0
0
0
0
0
0
0
0
0
0
0
0
0
0
0
0
0
0
0
0
0
0
0
0
0
0
0
0
0
0
0
0
0
0
0
0
0
0
0
0
0
0
0
0
0
0
0
0
0
0
0
0
0
0
0
0
0
0
0
0
0
0
0
0
0
0
0
0
0
0
0
0
0
0
0
0
0
0
0
0
0
0
0
0
0
0
0
0
0
0
0
0
0
0
0
0
0
0
0
0
0
0
0
0
0
0
0
0
0
0
0
0
0
0
0
0
0
0
0
0
0
0
0
0
0
0
0
0
0
0
0
0
0
0
0
0
0
0
0
0
0
0
0
0
0
0
0
0
0
0
0
0
0
0
0
0
0
0
0
0
0
0
0
0
0
0
0
0
0
0
0
0
0
0
0
0
0
0
0
0
0
0
0
0
0
0
0
0
0
0
0
0
0
0
0
0
0
0
0
0
0
0
0
0
0
0
0
0
0
0
0
0
0
0
0
0
0
0
0
0
0
0
0
0
0
0
0
0
0
0
0
0
0
0
0
0
0
0
0
0
0
0
0
0
0
0
0
0
0
0
0
0
0
0
0
0
0
0
0
0
0
0
0
0
0
0
0
0
0
0
0
0
0
0
0
0
0
0
0
0
0
0
0
0
0
0
0
0
0
0
0
0
0
0
0
0
0
0
0
0
0
0
0
0
0
0
0
0
0
0
0
0
0
0
0
0
0
0
0
0
0
0
0
0
0
0
0
0
0
0
0
0
0
0
0
0
0
0
0
0
0
0
0
0
0
0
0
0
0
0
0
0
0
0
0
0
0
0
0
0
0
0
0
0
0
0
0
0
0
0
0
0
0
0
0
0
0
0
0
0
0
0
0
0
0
0
0
0
0
0
0
0
0
0
0
0
0
0
0
0
0
0
0
0
0
0
0
0
0
0
0
0
0
0
0
0
0
0
0
0
0
0
0
0
0
0
0
0
0
0
0
0
0
0
0
0
0
0
0
0
0
0
0
0
0
0
0
0
0
0
0
0
0
0
0
0
0
0
0
0
0
0
0
0
0
0
0
0
0
0
0
0
0
0
0
0
0
0
0
0
0
0
0
0
0
0
0
0
0
0
0
0
0
0
0
0
0
0
0
0
0
0
0
0
0
0
0
0
0
0
0
0
0
0
0
0
0
0
0
0
0
0
0
0
0
0
0
0
0
0
0
0
0
0
0
0
0
0
0
0
0
0
0
0
0
0
0
0
0
0
0
0
0
0
0
0
0
0
0
0
0
0
0
0
0
0
0
0
0
0
0
0
0
0
0
0
0
0
0
0
0
0
0
0
0
0
0
0
0
0
0
0
0
0
0
0
0
0
0
0
0
0
0
0
0
0
0
0
0
0
0
0
0
0
0
0
0
0
0
0
0
0
0
0
0
0
0
0
0
0
0
0
0
0
0
0
0
0
0
0
0
0
0
0
0
0
0
0
0
0
0
0
0
0
0
0
0
0
0
0
0
0
0
0
0
0
0
0
0
0
0
0
0
0
0
0
0
0
0
0
0
0
0
0
0
0
0
0
0
0
0
0
0
0
0
0
0
0
0
0
0
0
0
0
0
0
0
0
0
0
0
0
0
0
0
0
0
0
0
0
0
0
0
0
0
0
0
0
0
0
0
0
0
0
0
0
0
0
0
0
0
0
0
0
0
0
0
0
0
0
0
0
0
0
0
0
0
0
0
0
0
0
0
0
0
0
0
0
0
0
0
0
0
0
0
0
0
0
0
0
0
0
0
0
0
0
0
0
0
0
0
0
0
0
0
0
0
0
0
0
0
0
0
0
0
0
0
0
0
0
0
0
0
0
0
0
0
0
0
0
0
0
0
0
0
0
0
0
0
0
0
0
0
0
0
0
0
0
0
0
0
0
0
0
0
0
0
0
0
0
0
0
0
0
0
0
0
0
0
0
0
0
0
0
0
0
0
0
0
0
0
0
0
0
0
0
0
0
0
0
0
0
0
0
0
0
0
0
0
0
0
0
0
0
0
0
0
0
0
0
0
0
0
0
0
0
0
0
0
0
0
0
0
0
0
0
0
0
0
0
0
0
0
0
0
0
0
0
0
0
0
0
0
0
0
0
0
0
0
0
0
0
0
0
0
0
0
0
0
0
0
0
0
0
0
0
0
0
0
0
0
0
0
0
0
0
0
0
0
0
0
0
0
0
0
0
0
0
0
0
0
0
0
0
0
0
0
0
0
0
0
0
0
0
0
0
0
0
0
0
0
0
0
0
0
0
0
0
0
0
0
0
0
0
0
0
0
0
0
0
0
0
0
0
0
0
0
0
0
0
0
0
0
0
0
0
0
0
0
0
0
0
0
0
0
0
0
0
0
0
0
0
0
0
0
0
0
0
0
0
0
0
0
0
0
0
0
0
0
0
0
0
0
0
0
0
0
0
0
0
0
0
0
0
0
0
0
0
0
0
0
0
0
0
0
0
0
0
0
0
0
0
0
0
0
0
0
0
0
0
0
0
0
0
0
0
0
0
0
0
0
0
0
0
0
0
0
0
0
0
0
0
0
0
0
0
0
0
0
0
0
0
0
0
0
0
0
0
0
0
0
0
0
0
0
0
0
0
0
0
0
0
0
0
0
0
0
0
0
0
0
0
0
0
0
0
0
0
0
0
0
0
0
0
0
0
0
0
0
0
0
0
0
0
0
0
0
0
0
0
0
0
0
0
0
0
0
0
0
0
0
0
0
0
0
0
0
0
0
0
0
0
0
0
0
0
0
0
0
0
0
0
0
0
0
0
0
0
0
0
0
0
0
0
0
0
0
0
0
0
0
0
0
0
0
0
0
0
0
0
0
0
0
0
0
0
0
0
0
0
0
0
0
0
0
0
0
0
0
0
0
0
0
0
0
0
0
0
0
0
0
0
0
0
0
0
0
0
0
0
0
0
0
0
0
0
0
0
0
0
0
0
0
0
0
0
0
0
0
0
0
0
0
0
0
0
0
0
0
0
0
0
0
0
0
0
0
0
0
0
0
0
0
0
0
0
0
0
0
0
0
0
0
0
0
0
0
0
0
0
0
0
0
0
0
0
0
0
0
0
0
0
0
0
0
0
0
0
0
0
0
0
0
0
0
0
0
0
0
0
0
0
0
0
0
0
0
0
0
0
0
0
0
0
0
0
0
0
0
0
0
0
0
0
0
0
0
0
0
0
0
0
0
0
0
0
0
0
0
0
0
0
0
0
0
0
0
0
0
0
0
0
0
0
0
0
0
0
0
0
0
0
0
0
0
0
0
0
0
0
0
0
0
0
0
0
0
0
0
0
0
0
0
0
0
0
0
0
0
0
0
0
0
0
0
0
0
0
0
0
0
0
0
0
0
0
0
0
0
0
0
0
0
0
0
0
0
0
0
0
0
0
0
0
0
0
0
0
0
0
0
0
0
0
0
0
0
0
0
0
0
0
0
0
0
0
0
0
0
0
0
0
0
0
0
0
0
0
0
0
0
0
0
0
0
0
0
0
0
0
0
0
0
0
0
0
0
0
0
0
0
0
0
0
0
0
0
0
0
0
0
0
0
0
0
0
0
0
0
0
0
0
0
0
0
0
0
0
0
0
0
0
0
0
0
0
0
0
0
0
0
0
0
0
0
0
0
0
0
0
0
0
0
0
0
0
0
0
0
0
0
0
0
0
0
0
0
0
0
0
0
0
0
0
0
0
0
0
0
0
0
0
0
0
0
0
0
0
0
0
0
0
0
0
0
0
0
0
0
0
0
0
0
0
0
0
0
0
0
0
0
0
0
0
0
0
0
0
0
0
0
0
0
0
0
0
0
0
0
0
0
0
0
0
0
0
0
0
0
0
0
0
0
0
0
0
0
0
0
0
0
0
0
0
0
0
0
0
0
0
0
0
0
0
0
0
0
0
0
0
0
0
0
0
0
0
0
0
0
0
0
0
0
0
0
0
0
0
0
0
0
0
0
0
0
0
0
0
0
0
0
0
0
0
0
0
0
0
0
0
0
0
0
0
0
0
0
0
0
0
0
0
0
0
0
0
0
0
0
0
0
0
0
0
0
0
0
0
0
0
0
0
0
0
0
0
0
0
0
0
0
0
0
0
0
0
0
0
0
0
0
0
0
0
0
0
0
0
0
0
0
0
0
0
0
0
0
0
0
0
0
0
0
0
0
0
0
0
0
0
0
0
0
0
0
0
0
0
0
0
0
0
0
0
0
0
0
0
0
0
0
0
0
0
0
0
0
0
0
0
0
0
0
0
0
0
0
0
0
0
0
0
0
0
0
0
0
0
0
0
0
0
0
0
0
0
0
0
0
0
0
0
0
0
0
0
0
0
0
0
0
0
0
0
0
0
0
0
0
0
0
0
0
0
0
0
0
0
0
0
0
0
0
0
0
0
0
0
0
0
0
0
0
0
0
0
0
0
0
0
0
0
0
0
0
0
0
0
0
0
0
0
0
0
0
0
0
0
0
0
0
0
0
0
0
0
0
0
0
0
0
0
0
0
0
0
0
0
0
0
0
0
0
0
0
0
0
0
0
0
0
0
0
0
0
0
0
0
0
0
0
0
0
0
0
0
0
0
0
0
0
0
0
0
0
0
0
0
0
0
0
0
0
0
0
0
0
0
0
0
0
0
0
0
0
0
0
0
0
0
0
0
0
0
0
0
0
0
0
0
0
0
0
0
0
0
0
0
0
0
0
0
0
0
0
0
0
0
0
0
0
0
0
0
0
0
0
0
0
0
0
0
0
0
0
0
0
0
0
0
0
0
0
0
0
0
0
0
0
0
0
0
0
0
0
0
0
0
0
0
0
0
0
0
0
0
0
0
0
0
0
0
0
0
0
0
0
0
0
0
0
0
0
0
0
0
0
0
0
0
0
0
0
0
0
0
0
0
0
0
0
0
0
0
0
0
0
0
0
0
0
0
0
0
0
0
0
0
0
0
0
0
0
0
0
0
0
0
0
0
0
0
0
0
0
0
0
0
0
0
0
0
0
0
0
0
0
0
0
0
0
0
0
0
0
0
0
0
0
0
0
0
0
0
0
0
0
0
0
0
0
0
0
0
0
0
0
0
0
0
0
0
0
0
0
0
0
0
0
0
0
0
0
0
0
0
0
0
0
0
0
0
0
0
0
0
0
0
0
0
0
0
0
0
0
0
0
0
0
0
0
0
0
0
0
0
0
0
0
0
0
0
0
0
0
0
0
0
0
0
0
0
0
0
0
0
0
0
0
0
0
0
0
0
0
0
0
0
0
0
0
0
0
0
0
0
0
0
0
0
0
0
0
0
0
0
0
0
0
0
0
0
0
0
0
0
0
0
0
0
0
0
0
0
0
0
0
0
0
0
0
0
0
0
0
0
0
0
0
0
0
0
0
0
0
0
0
0
0
0
0
0
0
0
0
0
0
0
0
0
0
0
0
0
0
0
0
0
0
0
0
0
0
0
0
0
0
0
0
0
0
0
0
0
0
0
0
0
0
0
0
0
0
0
0
0
0
0
0
0
0
0
0
0
0
0
0
0
0
0
0
0
0
0
0
0
0
0
0
0
0
0
0
0
0
0
0
0
0
0
0
0
0
0
0
0
0
0
0
0
0
0
0
0
0
0
0
0
0
0
0
0
0
0
0
0
0
0
0
0
0
0
0
0
0
0
0
0
0
0
0
0
0
0
0
0
0
0
0
0
0
0
0
0
0
0
0
0
0
0
0
0
0
0
0
0
0
0
0
0
0
0
0
0
0
0
0
0
0
0
0
0
0
0
0
0
0
0
0
0
0
0
0
0
0
0
0
0
0
0
0
0
0
0
0
0
0
0
0
0
0
0
0
0
0
0
0
0
0
0
0
0
0
0
0
0
0
0
0
0
0
0
0
0
0
0
0
0
0
0
0
0
0
0
0
0
0
0
0
0
0
0
0
0
0
0
0
0
0
0
0
0
0
0
0
0
0
0
0
0
0
0
0
0
0
0
0
0
0
0
0
0
0
0
0
0
0
0
0
0
0
0
0
0
0
0
0
0
0
0
0
0
0
0
0
0
0
0
0
0
0
0
0
0
0
0
0
0
0
0
0
0
0
0
0
0
0
0
0
0
0
0
0
0
0
0
0
0
0
0
0
0
0
0
0
0
0
0
0
0
0
0
0
0
0
0
0
0
0
0
0
0
0
0
0
0
0
0
0
0
0
0
0
0
0
0
0
0
0
0
0
0
0
0
0
0
0
0
0
0
0
0
0
0
0
0
0
0
0
0
0
0
0
0
0
0
0
0
0
0
0
0
0
0
0
0
0
0
0
0
0
0
0
0
0
0
0
0
0
0
0
0
0
0
0
0
0
0
0
0
0
0
0
0
0
0
0
0
0
0
0
0
0
0
0
0
0
0
0
0
0
0
0
0
0
0
0
0
0
0
0
0
0
0
0
0
0
0
0
0
0
0
0
0
0
0
0
0
0
0
0
0
0
0
0
0
0
0
0
0
0
0
0
0
0
0
0
0
0
0
0
0
0
0
0
0
0
0
0
0
0
0
0
0
0
0
0
0
0
0
0
0
0
0
0
0
0
0
0
0
0
0
0
0
0
0
0
0
0
0
0
0
0
0
0
0
0
0
0
0
0
0
0
0
0
0
0
0
0
0
0
0
0
0
0
0
0
0
0
0
0
0
0
0
0
0
0
0
0
0
0
0
0
0
0
0
0
0
0
0
0
0
0
0
0
0
0
0
0
0
0
0
0
0
0
0
0
0
0
0
0
0
0
0
0
0
0
0
0
0
0
0
0
0
0
0
0
0
0
0
0
0
0
0
0
0
0
0
0
0
0
0
0
0
0
0
0
0
0
0
0
0
0
0
0
0
0
0
0
0
0
0
0
0
0
0
0
0
0
0
0
0
0
0
0
0
0
0
0
0
0
0
0
0
0
0
0
0
0
0
0
0
0
0
0
0
0
0
0
0
0
0
0
0
0
0
0
0
0
0
0
0
0
0
0
0
0
0
0
0
0
0
0
0
0
0
0
0
0
0
0
0
0
0
0
0
0
0
0
0
0
0
0
0
0
0
0
0
0
0
0
0
0
0
0
0
0
0
0
0
0
0
0
0
0
0
0
0
0
0
0
0
0
0
0
0
0
0
0
0
0
0
0
0
0
0
0
0
0
0
0
0
0
0
0
0
0
0
0
0
0
0
0
0
0
0
0
0
0
0
0
0
0
0
0
0
0
0
0
0
0
0
0
0
0
0
0
0
0
0
0
0
0
0
0
0
0
0
0
0
0
0
0
0
0
0
0
0
0
0
0
0
0
0
0
0
0
0
0
0
0
0
0
0
0
0
0
0
0
0
0
0
0
0
0
0
0
0
0
0
0
0
0
0
0
0
0
0
0
0
0
0
0
0
0
0
0
0
0
0
0
0
0
0
0
0
0
0
0
0
0
0
0
0
0
0
0
0
0
0
0
0
0
0
0
0
0
0
0
0
0
0
0
0
0
0
0
0
0
0
0
0
0
0
0
0
0
0
0
0
0
0
0
0
0
0
0
0
0
0
0
0
0
0
0
0
0
0
0
0
0
0
0
0
0
0
0
0
0
0
0
0
0
0
0
0
0
0
0
0
0
0
0
0
0
0
0
0
0
0
0
0
0
0
0
0
0
0
0
0
0
0
0
0
0
0
0
0
0
0
0
0
0
0
0
0
0
0
0
0
0
0
0
0
0
0
0
0
0
0
0
0
0
0
0
0
0
0
0
0
0
0
0
0
0
0
0
0
0
0
0
0
0
0
0
0
0
0
0
0
0
0
0
0
0
0
0
0
0
0
0
0
0
0
0
0
0
0
0
0
0
0
0
0
0
0
0
0
0
0
0
0
0
0
0
0
0
0
0
0
0
0
0
0
0
0
0
0
0
0
0
0
0
0
0
0
0
0
0
0
0
0
0
0
0
0
0
0
0
0
0
0
0
0
0
0
0
0
0
0
0
0
0
0
0
0
0
0
0
0
0
0
0
0
0
0
0
0
0
0
0
0
0
0
0
0
0
0
0
0
0
0
0
0
0
0
0
0
0
0
0
0
0
0
0
0
0
0
0
0
0
0
0
0
0
0
0
0
0
0
0
0
0
0
0
0
0
0
0
0
0
0
0
0
0
0
0
0
0
0
0
0
0
0
0
0
0
0
0
0
0
0
0
0
0
0
0
0
0
0
0
0
0
0
0
0
0
0
0
0
0
0
0
0
0
0
0
0
0
0
0
0
0
0
0
0
0
0
0
0
0
0
0
0
0
0
0
0
0
0
0
0
0
0
0
0
0
0
0
0
0
0
0
0
0
0
0
0
0
0
0
0
0
0
0
0
0
0
0
0
0
0
0
0
0
0
0
0
0
0
0
0
0
0
0
0
0
0
0
0
0
0
0
0
0
0
0
0
0
0
0
0
0
0
0
0
0
0
0
0
0
0
0
0
0
0
0
0
0
0
0
0
0
0
0
0
0
0
0
0
0
0
0
0
0
0
0
0
0
0
0
0
0
0
0
0
0
0
0
0
0
0
0
0
0
0
0
0
0
0
0
0
0
0
0
0
0
0
0
0
0
0
0
0
0
0
0
0
0
0
0
0
0
0
0
0
0
0
0
0
0
0
0
0
0
0
0
0
0
0
0
0
0
0
0
0
0
0
0
0
0
0
0
0
0
0
0
0
0
0
0
0
0
0
0
0
0
0
0
0
0
0
0
0
0
0
0
0
0
0
0
0
0
0
0
0
0
0
0
0
0
0
0
0
0
0
0
0
0
0
0
0
0
0
0
0
0
0
0
0
0
0
0
0
0
0
0
0
0
0
0
0
0
0
0
0
0
0
0
0
0
0
0
0
0
0
0
0
0
0
0
0
0
0
0
0
0
0
0
0
0
0
0
0
0
0
0
0
0
0
0
0
0
0
0
0
0
0
0
0
0
0
0
0
0
0
0
0
0
0
0
0
0
0
0
0
0
0
0
0
0
0
0
0
0
0
0
0
0
0
0
0
0
0
0
0
0
0
0
0
0
0
0
0
0
0
0
0
0
0
0
0
0
0
0
0
0
0
0
0
0
0
0
0
0
0
0
0
0
0
0
0
0
0
0
0
0
0
0
0
0
0
0
0
0
0
0
0
0
0
0
0
0
0
0
0
0
0
0
0
0
0
0
0
0
0
0
0
0
0
0
0
0
0
0
0
0
0
0
0
0
0
0
0
0
0
0
0
0
0
0
0
0
0
0
0
0
0
0
0
0
0
0
0
0
0
0
0
0
0
0
0
0
0
0
0
0
0
0
0
0
0
0
0
0
0
0
0
0
0
0
0
0
0
0
0
0
0
0
0
0
0
0
0
0
0
0
0
0
0
0
0
0
0
0
0
0
0
0
0
0
0
0
0
0
0
0
0
0
0
0
0
0
0
0
0
0
0
0
0
0
0
0
0
0
0
0
0
0
0
0
0
0
0
0
0
0
0
0
0
0
0
0
0
0
0
0
0
0
0
0
0
0
0
0
0
0
0
0
0
0
0
0
0
0
0
0
0
0
0
0
0
0
0
0
0
0
0
0
0
0
0
0
0
0
0
0
0
0
0
0
0
0
0
0
0
0
0
0
0
0
0
0
0
0
0
0
0
0
0
0
0
0
0
0
0
0
0
0
0
0
0
0
0
0
0
0
0
0
0
0
0
0
0
0
0
0
0
0
0
0
0
0
0
0
0
0
0
0
0
0
0
0
0
0
0
0
0
0
0
0
0
0
0
0
0
0
0
0
0
0
0
0
0
0
0
0
0
0
0
0
0
0
0
0
0
0
0
0
0
0
0
0
0
0
0
0
0
0
0
0
0
0
0
0
0
0
0
0
0
0
0
0
0
0
0
0
0
0
0
0
0
0
0
0
0
0
0
0
0
0
0
0
0
0
0
0
0
0
0
0
0
0
0
0
0
0
0
0
0
0
0
0
0
0
0
0
0
0
0
0
0
0
0
0
0
0
0
0
0
0
0
0
0
0
0
0
0
0
0
0
0
0
0
0
0
0
0
0
0
0
0
0
0
0
0
0
0
0
0
0
0
0
0
0
0
0
0
0
0
0
0
0
0
0
0
0
0
0
0
0
0
0
0
0
0
0
0
0
0
0
0
0
0
0
0
0
0
0
0
0
0
0
0
0
0
0
0
0
0
0
0
0
0
0
0
0
0
0
0
0
0
0
0
0
0
0
0
0
0
0
0
0
0
0
0
0
0
0
0
0
0
0
0
0
0
0
0
0
0
0
0
0
0
0
0
0
0
0
0
0
0
0
0
0
0
0
0
0
0
0
0
0
0
0
0
0
0
0
0
0
0
0
0
0
0
0
0
0
0
0
0
0
0
0
0
0
0
0
0
0
0
0
0
0
0
0
0
0
0
0
0
0
0
0
0
0
0
0
0
0
0
0
0
0
0
0
0
0
0
0
0
0
0
0
0
0
0
0
0
0
0
0
0
0
0
0
0
0
0
0
0
0
0
0
0
0
0
0
0
0
0
0
0
0
0
0
0
0
0
0
0
0
0
0
0
0
0
0
0
0
0
0
0
0
0
0
0
0
0
0
0
0
0
0
0
0
0
0
0
0
0
0
0
0
0
0
0
0
0
0
0
0
0
0
0
0
0
0
0
0
0
0
0
0
0
0
0
0
0
0
0
0
0
0
0
0
0
0
0
0
0
0
0
0
0
0
0
0
0
0
0
0
0
0
0
0
0
0
0
0
0
0
0
0
0
0
0
0
0
0
0
0
0
0
0
0
0
0
0
0
0
0
0
0
0
0
0
0
0
0
0
0
0
0
0
0
0
0
0
0
0
0
0
0
0
0
0
0
0
0
0
0
0
0
0
0
0
0
0
0
0
0
0
0
0
0
0
0
0
0
0
0
0
0
0
0
0
0
0
0
0
0
0
0
0
0
0
0
0
0
0
0
0
0
0
0
0
0
0
0
0
0
0
0
0
0
0
0
0
0
0
0
0
0
0
0
0
0
0
0
0
0
0
0
0
0
0
0
0
0
0
0
0
0
0
0
0
0
0
0
0
0
0
0
0
0
0
0
0
0
0
0
0
0
0
0
0
0
0
0
0
0
0
0
0
0
0
0
0
0
0
0
0
0
0
0
0
0
0
0
0
0
0
0
0
0
0
0
0
0
0
0
0
0
0
0
0
0
0
0
0
0
0
0
0
0
0
0
0
0
0
0
0
0
0
0
0
0
0
0
0
0
0
0
0
0
0
0
0
0
0
0
0
0
0
0
0
0
0
0
0
0
0
0
0
0
0
0
0
0
0
0
0
0
0
0
0
0
0
0
0
0
0
0
0
0
0
0
0
0
0
0
0
0
0
0
0
0
0
0
0
0
0
0
0
0
0
0
0
0
0
0
0
0
0
0
0
0
0
0
0
0
0
0
0
0
0
0
0
0
0
0
0
0
0
0
0
0
0
0
0
0
0
0
0
0
0
0
0
0
0
0
0
0
0
0
0
0
0
0
0
0
0
0
0
0
0
0
0
0
0
0
0
0
0
0
0
0
0
0
0
0
0
0
0
0
0
0
0
0
0
0
0
0
0
0
0
0
0
0
0
0
0
0
0
0
0
0
0
0
0
0
0
0
0
0
0
0
0
0
0
0
0
0
0
0
0
0
0
0
0
0
0
0
0
0
0
0
0
0
0
0
0
0
0
0
0
0
0
0
0
0
0
0
0
0
0
0
0
0
0
0
0
0
0
0
0
0
0
0
0
0
0
0
0
0
0
0
0
0
0
0
0
0
0
0
0
0
0
0
0
0
0
0
0
0
0
0
0
0
0
0
0
0
0
0
0
0
0
0
0
0
0
0
0
0
0
0
0
0
0
0
0
0
0
0
0
0
0
0
0
0
0
0
0
0
0
0
0
0
0
0
0
0
0
0
0
0
0
0
0
0
0
0
0
0
0
0
0
0
0
0
0
0
0
0
0
0
0
0
0
0
0
0
0
0
0
0
0
0
0
0
0
0
0
0
0
0
0
0
0
0
0
0
0
0
0
0
0
0
0
0
0
0
0
0
0
0
0
0
0
0
0
0
0
0
0
0
0
0
0
0
0
0
0
0
0
0
0
0
0
0
0
0
0
0
0
0
0
0
0
0
0
0
0
0
0
0
0
0
0
0
0
0
0
0
0
0
0
0
0
0
0
0
0
0
0
0
0
0
0
0
0
0
0
0
0
0
0
0
0
0
0
0
0
0
0
0
0
0
0
0
0
0
0
0
0
0
0
0
0
0
0
0
0
0
0
0
0
0
0
0
0
0
0
0
0
0
0
0
0
0
0
0
0
0
0
0
0
0
0
0
0
0
0
0
0
0
0
0
0
0
0
0
0
0
0
0
0
0
0
0
0
0
0
0
0
0
0
0
0
0
0
0
0
0
0
0
0
0
0
0
0
0
0
0
0
0
0
0
0
0
0
0
0
0
0
0
0
0
0
0
0
0
0
0
0
0
0
0
0
0
0
0
0
0
0
0
0
0
0
0
0
0
0
0
0
0
0
0
0
0
0
0
0
0
0
0
0
0
0
0
0
0
0
0
0
0
0
0
0
0
0
0
0
0
0
0
0
0
0
0
0
0
0
0
0
0
0
0
0
0
0
0
0
0
0
0
0
0
0
0
0
0
0
0
0
0
0
0
0
0
0
0
0
0
0
0
0
0
0
0
0
0
0
0
0
0
0
0
0
0
0
0
0
0
0
0
0
0
0
0
0
0
0
0
0
0
0
0
0
0
0
0
0
0
0
0
0
0
0
0
0
0
0
0
0
0
0
0
0
0
0
0
0
0
0
0
0
0
0
0
0
0
0
0
0
0
0
0
0
0
0
0
0
0
0
0
0
0
0
0
0
0
0
0
0
0
0
0
0
0
0
0
0
0
0
0
0
0
0
0
0
0
0
0
0
0
0
0
0
0
0
0
0
0
0
0
0
0
0
0
0
0
0
0
0
0
0
0
0
0
0
0
0
0
0
0
0
0
0
0
0
0
0
0
0
0
0
0
0
0
0
0
0
0
0
0
0
0
0
0
0
0
0
0
0
0
0
0
0
0
0
0
0
0
0
0
0
0
0
0
0
0
0
0
0
0
0
0
0
0
0
0
0
0
0
0
0
0
0
0
0
0
0
0
0
0
0
0
0
0
0
0
0
0
0
0
0
0
0
0
0
0
0
0
0
0
0
0
0
0
0
0
0
0
0
0
0
0
0
0
0
0
0
0
0
0
0
0
0
0
0
0
0
0
0
0
0
0
0
0
0
0
0
0
0
0
0
0
0
0
0
0
0
0
0
0
0
0
0
0
0
0
0
0
0
0
0
0
0
0
0
0
0
0
0
0
0
0
0
0
0
0
0
0
0
0
0
0
0
0
0
0
0
0
0
0
0
0
0
0
0
0
0
0
0
0
0
0
0
0
0
0
0
0
0
0
0
0
0
0
0
0
0
0
0
0
0
0
0
0
0
0
0
0
0
0
0
0
0
0
0
0
0
0
0
0
0
0
0
0
0
0
0
0
0
0
0
0
0
0
0
0
0
0
0
0
0
0
0
0
0
0
0
0
0
0
0
0
0
0
0
0
0
0
0
0
0
0
0
0
0
0
0
0
0
0
0
0
0
0
0
0
0
0
0
0
0
0
0
0
0
0
0
0
0
0
0
0
0
0
0
0
0
0
0
0
0
0
0
0
0
0
0
0
0
0
0
0
0
0
0
0
0
0
0
0
0
0
0
0
0
0
0
0
0
0
0
0
0
0
0
0
0
0
0
0
0
0
0
0
0
0
0
0
0
0
0
0
0
0
0
0
0
0
0
0
0
0
0
0
0
0
0
0
0
0
0
0
0
0
0
0
0
0
0
0
0
0
0
0
0
0
0
0
0
0
0
0
0
0
0
0
0
0
0
0
0
0
0
0
0
0
0
0
0
0
0
0
0
0
0
0
0
0
0
0
0
0
0
0
0
0
0
0
0
0
0
0
0
0
0
0
0
0
0
0
0
0
0
0
0
0
0
0
0
0
0
0
0
0
0
0
0
0
0
0
0
0
0
0
0
0
0
0
0
0
0
0
0
0
0
0
0
0
0
0
0
0
0
0
0
0
0
0
0
0
0
0
0
0
0
0
0
0
0
0
0
0
0
0
0
0
0
0
0
0
0
0
0
0
0
0
0
0
0
0
0
0
0
0
0
0
0
0
0
0
0
0
0
0
0
0
0
0
0
0
0
0
0
0
0
0
0
0
0
0
0
0
0
0
0
0
0
0
0
0
0
0
0
0
0
0
0
0
0
0
0
0
0
0
0
0
0
0
0
0
0
0
0
0
0
0
0
0
0
0
0
0
0
0
0
0
0
0
0
0
0
0
0
0
0
0
0
0
0
0
0
0
0
0
0
0
0
0
0
0
0
0
0
0
0
0
0
0
0
0
0
0
0
0
0
0
0
0
0
0
0
0
0
0
0
0
0
0
0
0
0
0
0
0
0
0
0
0
0
0
0
0
0
0
0
0
0
0
0
0
0
0
0
0
0
0
0
0
0
0
0
0
0
0
0
0
0
0
0
0
0
0
0
0
0
0
0
0
0
0
0
0
0
0
0
0
0
0
0
0
0
0
0
0
0
0
0
0
0
0
0
0
0
0
0
0
0
0
0
0
0
0
0
0
0
0
0
0
0
0
0
0
0
0
0
0
0
0
0
0
0
0
0
0
0
0
0
0
0
0
0
0
0
0
0
0
0
0
0
0
0
0
0
0
0
0
0
0
0
0
0
0
0
0
0
0
0
0
0
0
0
0
0
0
0
0
0
0
0
0
0
0
0
0
0
0
0
0
0
0
0
0
0
0
0
0
0
0
0
0
0
0
0
0
0
0
0
0
0
0
0
0
0
0
0
0
0
0
0
0
0
0
0
0
0
0
0
0
0
0
0
0
0
0
0
0
0
0
0
0
0
0
0
0
0
0
0
0
0
0
0
0
0
0
0
0
0
0
0
0
0
0
0
0
0
0
0
0
0
0
0
0
0
0
0
0
0
0
0
0
0
0
0
0
0
0
0
0
0
0
0
0
0
0
0
0
0
0
0
0
0
0
0
0
0
0
0
0
0
0
0
0
0
0
0
0
0
0
0
0
0
0
0
0
0
0
0
0
0
0
0
0
0
0
0
0
0
0
0
0
0
0
0
0
0
0
0
0
0
0
0
0
0
0
0
0
0
0
0
0
0
0
0
0
0
0
0
0
0
0
0
0
0
0
0
0
0
0
0
0
0
0
0
0
0
0
0
0
0
0
0
0
0
0
0
0
0
0
0
0
0
0
0
0
0
0
0
0
0
0
0
0
0
0
0
0
0
0
0
0
0
0
0
0
0
0
0
0
0
0
0
0
0
0
0
0
0
0
0
0
0
0
0
0
0
0
0
0
0
0
0
0
0
0
0
0
0
0
0
0
0
0
0
0
0
0
0
0
0
0
0
0
0
0
0
0
0
0
0
0
0
0
0
0
0
0
0
0
0
0
0
0
0
0
0
0
0
0
0
0
0
0
0
0
0
0
0
0
0
0
0
0
0
0
0
0
0
0
0
0
0
0
0
0
0
0
0
0
0
0
0
0
0
0
0
0
0
0
0
0
0
0
0
0
0
0
0
0
0
0
0
0
0
0
0
0
0
0
0
0
0
0
0
0
0
0
0
0
0
0
0
0
0
0
0
0
0
0
0
0
0
0
0
0
0
0
0
0
0
0
0
0
0
0
0
0
0
0
0
0
0
0
0
0
0
0
0
0
0
0
0
0
0
0
0
0
0
0
0
0
0
0
0
0
0
0
0
0
0
0
0
0
0
0
0
0
0
0
0
0
0
0
0
0
0
0
0
0
0
0
0
0
0
0
0
0
0
0
0
0
0
0
0
0
0
0
0
0
0
0
0
0
0
0
0
0
0
0
0
0
0
0
0
0
0
0
0
0
0
0
0
0
0
0
0
0
0
0
0
0
0
0
0
0
0
0
0
0
0
0
0
0
0
0
0
0
0
0
0
0
0
0
0
0
0
0
0
0
0
0
0
0
0
0
0
0
0
0
0
0
0
0
0
0
0
0
0
0
0
0
0
0
0
0
0
0
0
0
0
0
0
0
0
0
0
0
0
0
0
0
0
0
0
0
0
0
0
0
0
0
0
0
0
0
0
0
0
0
0
0
0
0
0
0
0
0
0
0
0
0
0
0
0
0
0
0
0
0
0
0
0
0
0
0
0
0
0
0
0
0
0
0
0
0
0
0
0
0
0
0
0
0
0
0
0
0
0
0
0
0
0
0
0
0
0
0
0
0
0
0
0
0
0
0
0
0
0
0
0
0
0
0
0
0
0
0
0
0
0
0
0
0
0
0
0
0
0
0
0
0
0
0
0
0
0
0
0
0
0
0
0
0
0
0
0
0
0
0
0
0
0
0
0
0
0
0
0
0
0
0
0
0
0
0
0
0
0
0
0
0
0
0
0
0
0
0
0
0
0
0
0
0
0
0
0
0
0
0
0
0
0
0
0
0
0
0
0
0
0
0
0
0
0
0
0
0
0
0
0
0
0
0
0
0
0
0
0
0
0
0
0
0
0
0
0
0
0
0
0
0
0
0
0
0
0
0
0
0
0
0
0
0
0
0
0
0
0
0
0
0
0
0
0
0
0
0
0
0
0
0
0
0
0
0
0
0
0
0
0
0
0
0
0
0
0
0
0
0
0
0
0
0
0
0
0
0
0
0
0
0
0
0
0
0
0
0
0
0
0
0
0
0
0
0
0
0
0
0
0
0
0
0
0
0
0
0
0
0
0
0
0
0
0
0
0
0
0
0
0
0
0
0
0
0
0
0
0
0
0
0
0
0
0
0
0
0
0
0
0
0
0
0
0
0
0
0
0
0
0
0
0
0
0
0
0
0
0
0
0
0
0
0
0
0
0
0
0
0
0
0
0
0
0
0
0
0
0
0
0
0
0
0
0
0
0
0
0
0
0
0
0
0
0
0
0
0
0
0
0
0
0
0
0
0
0
0
0
0
0
0
0
0
0
0
0
0
0
0
0
0
0
0
0
0
0
0
0
0
0
0
0
0
0
0
0
0
0
0
0
0
0
0
0
0
0
0
0
0
0
0
0
0
0
0
0
0
0
0
0
0
0
0
0
0
0
0
0
0
0
0
0
0
0
0
0
0
0
0
0
0
0
0
0
0
0
0
0
0
0
0
0
0
0
0
0
0
0
0
0
0
0
0
0
0
0
0
0
0
0
0
0
0
0
0
0
0
0
0
0
0
0
0
0
0
0
0
0
0
0
0
0
0
0
0
0
0
0
0
0
0
0
0
0
0
0
0
0
0
0
0
0
0
0
0
0
0
0
0
0
0
0
0
0
0
0
0
0
0
0
0
0
0
0
0
0
0
0
0
0
0
0
0
0
0
0
0
0
0
0
0
0
0
0
0
0
0
0
0
0
0
0
0
0
0
0
0
0
0
0
0
0
0
0
0
0
0
0
0
0
0
0
0
0
0
0
0
0
0
0
0
0
0
0
0
0
0
0
0
0
0
0
0
0
0
0
0
0
0
0
0
0
0
0
0
0
0
0
0
0
0
0
0
0
0
0
0
0
0
0
0
0
0
0
0
0
0
0
0
0
0
0
0
0
0
0
0
0
0
0
0
0
0
0
0
0
0
0
0
0
0
0
0
0
0
0
0
0
0
0
0
0
0
0
0
0
0
0
0
0
0
0
0
0
0
0
0
0
0
0
0
0
0
0
0
0
0
0
0
0
0
0
0
0
0
0
0
0
0
0
0
0
0
0
0
0
0
0
0
0
0
0
0
0
0
0
0
0
0
0
0
0
0
0
0
0
0
0
0
0
0
0
0
0
0
0
0
0
0
0
0
0
0
0
0
0
0
0
0
0
0
0
0
0
0
0
0
0
0
0
0
0
0
0
0
0
0
0
0
0
0
0
0
0
0
0
0
0
0
0
0
0
0
0
0
0
0
0
0
0
0
0
0
0
0
0
0
0
0
0
0
0
0
0
0
0
0
0
0
0
0
0
0
0
0
0
0
0
0
0
0
0
0
0
0
0
0
0
0
0
0
0
0
0
0
0
0
0
0
0
0
0
0
0
0
0
0
0
0
0
0
0
0
0
0
0
0
0
0
0
0
0
0
0
0
0
0
0
0
0
0
0
0
0
0
0
0
0
0
0
0
0
0
0
0
0
0
0
0
0
0
0
0
0
0
0
0
0
0
0
0
0
0
0
0
0
0
0
0
0
0
0
0
0
0
0
0
0
0
0
0
0
0
0
0
0
0
0
0
0
0
0
0
0
0
0
0
0
0
0
0
0
0
0
0
0
0
0
0
0
0
0
0
0
0
0
0
0
0
0
0
0
0
0
0
0
0
0
0
0
0
0
0
0
0
0
0
0
0
0
0
0
0
0
0
0
0
0
0
0
0
0
0
0
0
0
0
0
0
0
0
0
0
0
0
0
0
0
0
0
0
0
0
0
0
0
0
0
0
0
0
0
0
0
0
0
0
0
0
0
0
0
0
0
0
0
0
0
0
0
0
0
0
0
0
0
0
0
0
0
0
0
0
0
0
0
0
0
0
0
0
0
0
0
0
0
0
0
0
0
0
0
0
0
0
0
0
0
0
0
0
0
0
0
0
0
0
0
0
0
0
0
0
0
0
0
0
0
0
0
0
0
0
0
0
0
0
0
0
0
0
0
0
0
0
0
0
0
0
0
0
0
0
0
0
0
0
0
0
0
0
0
0
0
0
0
0
0
0
0
0
0
0
0
0
0
0
0
0
0
0
0
0
0
0
0
0
0
0
0
0
0
0
0
0
0
0
0
0
0
0
0
0
0
0
0
0
0
0
0
0
0
0
0
0
0
0
0
0
0
0
0
0
0
0
0
0
0
0
0
0
0
0
0
0
0
0
0
0
0
0
0
0
0
0
0
0
0
0
0
0
0
0
0
0
0
0
0
0
0
0
0
0
0
0
0
0
0
0
0
0
0
0
0
0
0
0
0
0
0
0
0
0
0
0
0
0
0
0
0
0
0
0
0
0
0
0
0
0
0
0
0
0
0
0
0
0
0
0
0
0
0
0
0
0
0
0
0
0
0
0
0
0
0
0
0
0
0
0
0
0
0
0
0
0
0
0
0
0
0
0
0
0
0
0
0
0
0
0
0
0
0
0
0
0
0
0
0
0
0
0
0
0
0
0
0
0
0
0
0
0
0
0
0
0
0
0
0
0
0
0
0
0
0
0
0
0
0
0
0
0
0
0
0
0
0
0
0
0
0
0
0
0
0
0
0
0
0
0
0
0
0
0
0
0
0
0
0
0
0
0
0
0
0
0
0
0
0
0
0
0
0
0
0
0
0
0
0
0
0
0
0
0
0
0
0
0
0
0
0
0
0
0
0
0
0
0
0
0
0
0
0
0
0
0
0
0
0
0
0
0
0
0
0
0
0
0
0
0
0
0
0
0
0
0
0
0
0
0
0
0
0
0
0
0
0
0
0
0
0
0
0
0
0
0
0
0
0
0
0
0
0
0
0
0
0
0
0
0
0
0
0
0
0
0
0
0
0
0
0
0
0
0
0
0
0
0
0
0
0
0
0
0
0
0
0
0
0
0
0
0
0
0
0
0
0
0
0
0
0
0
0
0
0
0
0
0
0
0
0
0
0
0
0
0
0
0
0
0
0
0
0
0
0
0
0
0
0
0
0
0
0
0
0
0
0
0
0
0
0
0
0
0
0
0
0
0
0
0
0
0
0
0
0
0
0
0
0
0
0
0
0
0
0
0
0
0
0
0
0
0
0
0
0
0
0
0
0
0
0
0
0
0
0
0
0
0
0
0
0
0
0
0
0
0
0
0
0
0
0
0
0
0
0
0
0
0
0
0
0
0
0
0
0
0
0
0
0
0
0
0
0
0
0
0
0
0
0
0
0
0
0
0
0
0
0
0
0
0
0
0
0
0
0
0
0
0
0
0
0
0
0
0
0
0
0
0
0
0
0
0
0
0
0
0
0
0
0
0
0
0
0
0
0
0
0
0
0
0
0
0
0
0
0
0
0
0
0
0
0
0
0
0
0
0
0
0
0
0
0
0
0
0
0
0
0
0
0
0
0
0
0
0
0
0
0
0
0
0
0
0
0
0
0
0
0
0
0
0
0
0
0
0
0
0
0
0
0
0
0
0
0
0
0
0
0
0
0
0
0
0
0
0
0
0
0
0
0
0
0
0
0
0
0
0
0
0
0
0
0
0
0
0
0
0
0
0
0
0
0
0
0
0
0
0
0
0
0
0
0
0
0
0
0
0
0
0
0
0
0
0
0
0
0
0
0
0
0
0
0
0
0
0
0
0
0
0
0
0
0
0
0
0
0
0
0
0
0
0
0
0
0
0
0
0
0
0
0
0
0
0
0
0
0
0
0
0
0
0
0
0
0
0
0
0
0
0
0
0
0
0
0
0
0
0
0
0
0
0
0
0
0
0
0
0
0
0
0
0
0
0
0
0
0
0
0
0
0
0
0
0
0
0
0
0
0
0
0
0
0
0
0
0
0
0
0
0
0
0
0
0
0
0
0
0
0
0
0
0
0
0
0
0
0
0
0
0
0
0
0
0
0
0
0
0
0
0
0
0
0
0
0
0
0
0
0
0
0
0
0
0
0
0
0
0
0
0
0
0
0
0
0
0
0
0
0
0
0
0
0
0
0
0
0
0
0
0
0
0
0
0
0
0
0
0
0
0
0
0
0
0
0
0
0
0
0
0
0
0
0
0
0
0
0
0
0
0
0
0
0
0
0
0
0
0
0
0
0
0
0
0
0
0
0
0
0
0
0
0
0
0
0
0
0
0
0
0
0
0
0
0
0
0
0
0
0
0
0
0
0
0
0
0
0
0
0
0
0
0
0
0
0
0
0
0
0
0
0
0
0
0
0
0
0
0
0
0
0
0
0
0
0
0
0
0
0
0
0
0
0
0
0
0
0
0
0
0
0
0
0
0
0
0
0
0
0
0
0
0
0
0
0
0
0
0
0
0
0
0
0
0
0
0
0
0
0
0
0
0
0
0
0
0
0
0
0
0
0
0
0
0
0
0
0
0
0
0
0
0
0
0
0
0
0
0
0
0
0
0
0
0
0
0
0
0
0
0
0
0
0
0
0
0
0
0
0
0
0
0
0
0
0
0
0
0
0
0
0
0
0
0
0
0
0
0
0
0
0
0
0
0
0
0
0
0
0
0
0
0
0
0
0
0
0
0
0
0
0
0
0
0
0
0
0
0
0
0
0
0
0
0
0
0
0
0
0
0
0
0
0
0
0
0
0
0
0
0
0
0
0
0
0
0
0
0
0
0
0
0
0
0
0
0
0
0
0
0
0
0
0
0
0
0
0
0
0
0
0
0
0
0
0
0
0
0
0
0
0
0
0
0
0
0
0
0
0
0
0
0
0
0
0
0
0
0
0
0
0
0
0
0
0
0
0
0
0
0
0
0
0
0
0
0
0
0
0
0
0
0
0
0
0
0
0
0
0
0
0
0
0
0
0
0
0
0
0
0
0
0
0
0
0
0
0
0
0
0
0
0
0
0
0
0
0
0
0
0
0
0
0
0
0
0
0
0
0
0
0
0
0
0
0
0
0
0
0
0
0
0
0
0
0
0
0
0
0
0
0
0
0
0
0
0
0
0
0
0
0
0
0
0
0
0
0
0
0
0
0
0
0
0
0
0
0
0
0
0
0
0
0
0
0
0
0
0
0
0
0
0
0
0
0
0
0
0
0
0
0
0
0
0
0
0
0
0
0
0
0
0
0
0
0
0
0
0
0
0
0
0
0
0
0
0
0
0
0
0
0
0
0
0
0
0
0
0
0
0
0
0
0
0
0
0
0
0
0
0
0
0
0
0
0
0
0
0
0
0
0
0
0
0
0
0
0
0
0
0
0
0
0
0
0
0
0
0
0
0
0
0
0
0
0
0
0
0
0
0
0
0
0
0
0
0
0
0
0
0
0
0
0
0
0
0
0
0
0
0
0
0
0
0
0
0
0
0
0
0
0
0
0
0
0
0
0
0
0
0
0
0
0
0
0
0
0
0
0
0
0
0
0
0
0
0
0
0
0
0
0
0
0
0
0
0
0
0
0
0
0
0
0
0
0
0
0
0
0
0
0
0
0
0
0
0
0
0
0
0
0
0
0
0
0
0
0
0
0
0
0
0
0
0
0
0
0
0
0
0
0
0
0
0
0
0
0
0
0
0
0
0
0
0
0
0
0
0
0
0
0
0
0
0
0
0
0
0
0
0
0
0
0
0
0
0
0
0
0
0
0
0
0
0
0
0
0
0
0
0
0
0
0
0
0
0
0
0
0
0
0
0
0
0
0
0
0
0
0
0
0
0
0
0
0
0
0
0
0
0
0
0
0
0
0
0
0
0
0
0
0
0
0
0
0
0
0
0
0
0
0
0
0
0
0
0
0
0
0
0
0
0
0
0
0
0
0
0
0
0
0
0
0
0
0
0
0
0
0
0
0
0
0
0
0
0
0
0
0
0
0
0
0
0
0
0
0
0
0
0
0
0
0
0
0
0
0
0
0
0
0
0
0
0
0
0
0
0
0
0
0
0
0
0
0
0
0
0
0
0
0
0
0
0
0
0
0
0
0
0
0
0
0
0
0
0
0
0
0
0
0
0
0
0
0
0
0
0
0
0
0
0
0
0
0
0
0
0
0
0
0
0
0
0
0
0
0
0
0
0
0
0
0
0
0
0
0
0
0
0
0
0
0
0
0
0
0
0
0
0
0
0
0
0
0
0
0
0
0
0
0
0
0
0
0
0
0
0
0
0
0
0
0
0
0
0
0
0
0
0
0
0
0
0
0
0
0
0
0
0
0
0
0
0
0
0
0
0
0
0
0
0
0
0
0
0
0
0
0
0
0
0
0
0
0
0
0
0
0
0
0
0
0
0
0
0
0
0
0
0
0
0
0
0
0
0
0
0
0
0
0
0
0
0
0
0
0
0
0
0
0
0
0
0
0
0
0
0
0
0
0
0
0
0
0
0
0
0
0
0
0
0
0
0
0
0
0
0
0
0
0
0
0
0
0
0
0
0
0
0
0
0
0
0
0
0
0
0
0
0
0
0
0
0
0
0
0
0
0
0
0
0
0
0
0
0
0
0
0
0
0
0
0
0
0
0
0
0
0
0
0
0
0
0
0
0
0
0
0
0
0
0
0
0
0
0
0
0
0
0
0
0
0
0
0
0
0
0
0
0
0
0
0
0
0
0
0
0
0
0
0
0
0
0
0
0
0
0
0
0
0
0
0
0
0
0
0
0
0
0
0
0
0
0
0
0
0
0
0
0
0
0
0
0
0
0
0
0
0
0
0
0
0
0
0
0
0
0
0
0
0
0
0
0
0
0
0
0
0
0
0
0
0
0
0
0
0
0
0
0
0
0
0
0
0
0
0
0
0
0
0
0
0
0
0
0
0
0
0
0
0
0
0
0
0
0
0
0
0
0
0
0
0
0
0
0
0
0
0
0
0
0
0
0
0
0
0
0
0
0
0
0
0
0
0
0
0
0
0
0
0
0
0
0
0
0
0
0
0
0
0
0
0
0
0
0
0
0
0
0
0
0
0
0
0
0
0
0
0
0
0
0
0
0
0
0
0
0
0
0
0
0
0
0
0
0
0
0
0
0
0
0
0
0
0
0
0
0
0
0
0
0
0
0
0
0
0
0
0
0
0
0
0
0
0
0
0
0
0
0
0
0
0
0
0
0
0
0
0
0
0
0
0
0
0
0
0
0
0
0
0
0
0
0
0
0
0
0
0
0
0
0
0
0
0
0
0
0
0
0
0
0
0
0
0
0
0
0
0
0
0
0
0
0
0
0
0
0
0
0
0
0
0
0
0
0
0
0
0
0
0
0
0
0
0
0
0
0
0
0
0
0
0
0
0
0
0
0
0
0
0
0
0
0
0
0
0
0
0
0
0
0
0
0
0
0
0
0
0
0
0
0
0
0
0
0
0
0
0
0
0
0
0
0
0
0
0
0
0
0
0
0
0
0
0
0
0
0
0
0
0
0
0
0
0
0
0
0
0
0
0
0
0
0
0
0
0
0
0
0
0
0
0
0
0
0
0
0
0
0
0
0
0
0
0
0
0
0
0
0
0
0
0
0
0
0
0
0
0
0
0
0
0
0
0
0
0
0
0
0
0
0
0
0
0
0
0
0
0
0
0
0
0
0
0
0
0
0
0
0
0
0
0
0
0
0
0
0
0
0
0
0
0
0
0
0
0
0
0
0
0
0
0
0
0
0
0
0
0
0
0
0
0
0
0
0
0
0
0
0
0
0
0
0
0
0
0
0
0
0
0
0
0
0
0
0
0
0
0
0
0
0
0
0
0
0
0
0
0
0
0
0
0
0
0
0
0
0
0
0
0
0
0
0
0
0
0
0
0
0
0
0
0
0
0
0
0
0
0
0
0
0
0
0
0
0
0
0
0
0
0
0
0
0
0
0
0
0
0
0
0
0
0
0
0
0
0
0
0
0
0
0
0
0
0
0
0
0
0
0
0
0
0
0
0
0
0
0
0
0
0
0
0
0
0
0
0
0
0
0
0
0
0
0
0
0
0
0
0
0
0
0
0
0
0
0
0
0
0
0
0
0
0
0
0
0
0
0
0
0
0
0
0
0
0
0
0
0
0
0
0
0
0
0
0
0
0
0
0
0
0
0
0
0
0
0
0
0
0
0
0
0
0
0
0
0
0
0
0
0
0
0
0
0
0
0
0
0
0
0
0
0
0
0
0
0
0
0
0
0
0
0
0
0
0
0
0
0
0
0
0
0
0
0
0
0
0
0
0
0
0
0
0
0
0
0
0
0
0
0
0
0
0
0
0
0
0
0
0
0
0
0
0
0
0
0
0
0
0
0
0
0
0
0
0
0
0
0
0
0
0
0
0
0
0
0
0
0
0
0
0
0
0
0
0
0
0
0
0
0
0
0
0
0
0
0
0
0
0
0
0
0
0
0
0
0
0
0
0
0
0
0
0
0
0
0
0
0
0
0
0
0
0
0
0
0
0
0
0
0
0
0
0
0
0
0
0
0
0
0
0
0
0
0
0
0
0
0
0
0
0
0
0
0
0
0
0
0
0
0
0
0
0
0
0
0
0
0
0
0
0
0
0
0
0
0
0
0
0
0
0
0
0
0
0
0
0
0
0
0
0
0
0
0
0
0
0
0
0
0
0
0
0
0
0
0
0
0
0
0
0
0
0
0
0
0
0
0
0
0
0
0
0
0
0
0
0
0
0
0
0
0
0
0
0
0
0
0
0
0
0
0
0
0
0
0
0
0
0
0
0
0
0
0
0
0
0
0
0
0
0
0
0
0
0
0
0
0
0
0
0
0
0
0
0
0
0
0
0
0
0
0
0
0
0
0
0
0
0
0
0
0
0
0
0
0
0
0
0
0
0
0
0
0
0
0
0
0
0
0
0
0
0
0
0
0
0
0
0
0
0
0
0
0
0
0
0
0
0
0
0
0
0
0
0
0
0
0
0
0
0
0
0
0
0
0
0
0
0
0
0
0
0
0
0
0
0
0
0
0
0
0
0
0
0
0
0
0
0
0
0
0
0
0
0
0
0
0
0
0
0
0
0
0
0
0
0
0
0
0
0
0
0
0
0
0
0
0
0
0
0
0
0
0
0
0
0
0
0
0
0
0
0
0
0
0
0
0
0
0
0
0
0
0
0
0
0
0
0
0
0
0
0
0
0
0
0
0
0
0
0
0
0
0
0
0
0
0
0
0
0
0
0
0
0
0
0
0
0
0
0
0
0
0
0
0
0
0
0
0
0
0
0
0
0
0
0
0
0
0
0
0
0
0
0
0
0
0
0
0
0
0
0
0
0
0
0
0
0
0
0
0
0
0
0
0
0
0
0
0
0
0
0
0
0
0
0
0
0
0
0
0
0
0
0
0
0
0
0
0
0
0
0
0
0
0
0
0
0
0
0
0
0
0
0
0
0
0
0
0
0
0
0
0
0
0
0
0
0
0
0
0
0
0
0
0
0
0
0
0
0
0
0
0
0
0
0
0
0
0
0
0
0
0
0
0
0
0
0
0
0
0
0
0
0
0
0
0
0
0
0
0
0
0
0
0
0
0
0
0
0
0
0
0
0
0
0
0
0
0
0
0
0
0
0
0
0
0
0
0
0
0
0
0
0
0
0
0
0
0
0
0
0
0
0
0
0
0
0
0
0
0
0
0
0
0
0
0
0
0
0
0
0
0
0
0
0
0
0
0
0
0
0
0
0
0
0
0
0
0
0
0
0
0
0
0
0
0
0
0
0
0
0
0
0
0
0
0
0
0
0
0
0
0
0
0
0
0
0
0
0
0
0
0
0
0
0
0
0
0
0
0
0
0
0
0
0
0
0
0
0
0
0
0
0
0
0
0
0
0
0
0
0
0
0
0
0
0
0
0
0
0
0
0
0
0
0
0
0
0
0
0
0
0
0
0
0
0
0
0
0
0
0
0
0
0
0
0
0
0
0
0
0
0
0
0
0
0
0
0
0
0
0
0
0
0
0
0
0
0
0
0
0
0
0
0
0
0
0
0
0
0
0
0
0
0
0
0
0
0
0
0
0
0
0
0
0
0
0
0
0
0
0
0
0
0
0
0
0
0
0
0
0
0
0
0
0
0
0
0
0
0
0
0
0
0
0
0
0
0
0
0
0
0
0
0
0
0
0
0
0
0
0
0
0
0
0
0
0
0
0
0
0
0
0
0
0
0
0
0
0
0
0
0
0
0
0
0
0
0
0
0
0
0
0
0
0
0
0
0
0
0
0
0
0
0
0
0
0
0
0
0
0
0
0
0
0
0
0
0
0
0
0
0
0
0
0
0
0
0
0
0
0
0
0
0
0
0
0
0
0
0
0
0
0
0
0
0
0
0
0
0
0
0
0
0
0
0
0
0
0
0
0
0
0
0
0
0
0
0
0
0
0
0
0
0
0
0
0
0
0
0
0
0
0
0
0
0
0
0
0
0
0
0
0
0
0
0
0
0
0
0
0
0
0
0
0
0
0
0
0
0
0
0
0
0
0
0
0
0
0
0
0
0
0
0
0
0
0
0
0
0
0
0
0
0
0
0
0
0
0
0
0
0
0
0
0
0
0
0
0
0
0
0
0
0
0
0
0
0
0
0
0
0
0
0
0
0
0
0
0
0
0
0
0
0
0
0
0
0
0
0
0
0
0
0
0
0
0
0
0
0
0
0
0
0
0
0
0
0
0
0
0
0
0
0
0
0
0
0
0
0
0
0
0
0
0
0
0
0
0
0
0
0
0
0
0
0
0
0
0
0
0
0
0
0
0
0
0
0
0
0
0
0
0
0
0
0
0
0
0
0
0
0
0
0
0
0
0
0
0
0
0
0
0
0
0
0
0
0
0
0
0
0
0
0
0
0
0
0
0
0
0
0
0
0
0
0
0
0
0
0
0
0
0
0
0
0
0
0
0
0
0
0
0
0
0
0
0
0
0
0
0
0
0
0
0
0
0
0
0
0
0
0
0
0
0
0
0
0
0
0
0
0
0
0
0
0
0
0
0
0
0
0
0
0
0
0
0
0
0
0
0
0
0
0
0
0
0
0
0
0
0
0
0
0
0
0
0
0
0
0
0
0
0
0
0
0
0
0
0
0
0
0
0
0
0
0
0
0
0
0
0
0
0
0
0
0
0
0
0
0
0
0
0
0
0
0
0
0
0
0
0
0
0
0
0
0
0
0
0
0
0
0
0
0
0
0
0
0
0
0
0
0
0
0
0
0
0
0
0
0
0
0
0
0
0
0
0
0
0
0
0
0
0
0
0
0
0
0
0
0
0
0
0
0
0
0
0
0
0
0
0
0
0
0
0
0
0
0
0
0
0
0
0
0
0
0
0
0
0
0
0
0
0
0
0
0
0
0
0
0
0
0
0
0
0
0
0
0
0
0
0
0
0
0
0
0
0
0
0
0
0
0
0
0
0
0
0
0
0
0
0
0
0
0
0
0
0
0
0
0
0
0
0
0
0
0
0
0
0
0
0
0
0
0
0
0
0
0
0
0
0
0
0
0
0
0
0
0
0
0
0
0
0
0
0
0
0
0
0
0
0
0
0
0
0
0
0
0
0
0
0
0
0
0
0
0
0
0
0
0
0
0
0
0
0
0
0
0
0
0
0
0
0
0
0
0
0
0
0
0
0
0
0
0
0
0
0
0
0
0
0
0
0
0
0
0
0
0
0
0
0
0
0
0
0
0
0
0
0
0
0
0
0
0
0
0
0
0
0
0
0
0
0
0
0
0
0
0
0
0
0
0
0
0
0
0
0
0
0
0
0
0
0
0
0
0
0
0
0
0
0
0
0
0
0
0
0
0
0
0
0
0
0
0
0
0
0
0
0
0
0
0
0
0
0
0
0
0
0
0
0
0
0
0
0
0
0
0
0
0
0
0
0
0
0
0
0
0
0
0
0
0
0
0
0
0
0
0
0
0
0
0
0
0
0
0
0
0
0
0
0
0
0
0
0
0
0
0
0
0
0
0
0
0
0
0
0
0
0
0
0
0
0
0
0
0
0
0
0
0
0
0
0
0
0
0
0
0
0
0
0
0
0
0
0
0
0
0
0
0
0
0
0
0
0
0
0
0
0
0
0
0
0
0
0
0
0
0
0
0
0
0
0
0
0
0
0
0
0
0
0
0
0
0
0
0
0
0
0
0
0
0
0
0
0
0
0
0
0
0
0
0
0
0
0
0
0
0
0
0
0
0
0
0
0
0
0
0
0
0
0
0
0
0
0
0
0
0
0
0
0
0
0
0
0
0
0
0
0
0
0
0
0
0
0
0
0
0
0
0
0
0
0
0
0
0
0
0
0
0
0
0
0
0
0
0
0
0
0
0
0
0
0
0
0
0
0
0
0
0
0
0
0
0
0
0
0
0
0
0
0
0
0
0
0
0
0
0
0
0
0
0
0
0
0
0
0
0
0
0
0
0
0
0
0
0
0
0
0
0
0
0
0
0
0
0
0
0
0
0
0
0
0
0
0
0
0
0
0
0
0
0
0
0
0
0
0
0
0
0
0
0
0
0
0
0
0
0
0
0
0
0
0
0
0
0
0
0
0
0
0
0
0
0
0
0
0
0
0
0
0
0
0
0
0
0
0
0
0
0
0
0
0
0
0
0
0
0
0
0
0
0
0
0
0
0
0
0
0
0
0
0
0
0
0
0
0
0
0
0
0
0
0
0
0
0
0
0
0
0
0
0
0
0
0
0
0
0
0
0
0
0
0
0
0
0
0
0
0
0
0
0
0
0
0
0
0
0
0
0
0
0
0
0
0
0
0
0
0
0
0
0
0
0
0
0
0
0
0
0
0
0
0
0
0
0
0
0
0
0
0
0
0
0
0
0
0
0
0
0
0
0
0
0
0
0
0
0
0
0
0
0
0
0
0
0
0
0
0
0
0
0
0
0
0
0
0
0
0
0
0
0
0
0
0
0
0
0
0
0
0
0
0
0
0
0
0
0
0
0
0
0
0
0
0
0
0
0
0
0
0
0
0
0
0
0
0
0
0
0
0
0
0
0
0
0
0
0
0
0
0
0
0
0
0
0
0
0
0
0
0
0
0
0
0
0
0
0
0
0
0
0
0
0
0
0
0
0
0
0
0
0
0
0
0
0
0
0
0
0
0
0
0
0
0
0
0
0
0
0
0
0
0
0
0
0
0
0
0
0
0
0
0
0
0
0
0
0
0
0
0
0
0
0
0
0
0
0
0
0
0
0
0
0
0
0
0
0
0
0
0
0
0
0
0
0
0
0
0
0
0
0
0
0
0
0
0
0
0
0
0
0
0
0
0
0
0
0
0
0
0
0
0
0
0
0
0
0
0
0
0
0
0
0
0
0
0
0
0
0
0
0
0
0
0
0
0
0
0
0
0
0
0
0
0
0
0
0
0
0
0
0
0
0
0
0
0
0
0
0
0
0
0
0
0
0
0
0
0
0
0
0
0
0
0
0
0
0
0
0
0
0
0
0
0
0
0
0
0
0
0
0
0
0
0
0
0
0
0
0
0
0
0
0
0
0
0
0
0
0
0
0
0
0
0
0
0
0
0
0
0
0
0
0
0
0
0
0
0
0
0
0
0
0
0
0
0
0
0
0
0
0
0
0
0
0
0
0
0
0
0
0
0
0
0
0
0
0
0
0
0
0
0
0
0
0
0
0
0
0
0
0
0
0
0
0
0
0
0
0
0
0
0
0
0
0
0
0
0
0
0
0
0
0
0
0
0
0
0
0
0
0
0
0
0
0
0
0
0
0
0
0
0
0
0
0
0
0
0
0
0
0
0
0
0
0
0
0
0
0
0
0
0
0
0
0
0
0
0
0
0
0
0
0
0
0
0
0
0
0
0
0
0
0
0
0
0
0
0
0
0
0
0
0
0
0
0
0
0
0
0
0
0
0
0
0
0
0
0
0
0
0
0
0
0
0
0
0
0
0
0
0
0
0
0
0
0
0
0
0
0
0
0
0
0
0
0
0
0
0
0
0
0
0
0
0
0
0
0
0
0
0
0
0
0
0
0
0
0
0
0
0
0
0
0
0
0
0
0
0
0
0
0
0
0
0
0
0
0
0
0
0
0
0
0
0
0
0
0
0
0
0
0
0
0
0
0
0
0
0
0
0
0
0
0
0
0
0
0
0
0
0
0
0
0
0
0
0
0
0
0
0
0
0
0
0
0
0
0
0
0
0
0
0
0
0
0
0
0
0
0
0
0
0
0
0
0
0
0
0
0
0
0
0
0
0
0
0
0
0
0
0
0
0
0
0
0
0
0
0
0
0
0
0
0
0
0
0
0
0
0
0
0
0
0
0
0
0
0
0
0
0
0
0
0
0
0
0
0
0
0
0
0
0
0
0
0
0
0
0
0
0
0
0
0
0
0
0
0
0
0
0
0
0
0
0
0
0
0
0
0
0
0
0
0
0
0
0
0
0
0
0
0
0
0
0
0
0
0
0
0
0
0
0
0
0
0
0
0
0
0
0
0
0
0
0
0
0
0
0
0
0
0
0
0
0
0
0
0
0
0
0
0
0
0
0
0
0
0
0
0
0
0
0
0
0
0
0
0
0
0
0
0
0
0
0
0
0
0
0
0
0
0
0
0
0
0
0
0
0
0
0
0
0
0
0
0
0
0
0
0
0
0
0
0
0
0
0
0
0
0
0
0
0
0
0
0
0
0
0
0
0
0
0
0
0
0
0
0
0
0
0
0
0
0
0
0
0
0
0
0
0
0
0
0
0
0
0
0
0
0
0
0
0
0
0
0
0
0
0
0
0
0
0
0
0
0
0
0
0
0
0
0
0
0
0
0
0
0
0
0
0
0
0
0
0
0
0
0
0
0
0
0
0
0
0
0
0
0
0
0
0
0
0
0
0
0
0
0
0
0
0
0
0
0
0
0
0
0
0
0
0
0
0
0
0
0
0
0
0
0
0
0
0
0
0
0
0
0
0
0
0
0
0
0
0
0
0
0
0
0
0
0
0
0
0
0
0
0
0
0
0
0
0
0
0
0
0
0
0
0
0
0
0
0
0
0
0
0
0
0
0
0
0
0
0
0
0
0
0
0
0
0
0
0
0
0
0
0
0
0
0
0
0
0
0
0
0
0
0
0
0
0
0
0
0
0
0
0
0
0
0
0
0
0
0
0
0
0
0
0
0
0
0
0
0
0
0
0
0
0
0
0
0
0
0
0
0
0
0
0
0
0
0
0
0
0
0
0
0
0
0
0
0
0
0
0
0
0
0
0
0
0
0
0
0
0
0
0
0
0
0
0
0
0
0
0
0
0
0
0
0
0
0
0
0
0
0
0
0
0
0
0
0
0
0
0
0
0
0
0
0
0
0
0
0
0
0
0
0
0
0
0
0
0
0
0
0
0
0
0
0
0
0
0
0
0
0
0
0
0
0
0
0
0
0
0
0
0
0
0
0
0
0
0
0
0
0
0
0
0
0
0
0
0
0
0
0
0
0
0
0
0
0
0
0
0
0
0
0
0
0
0
0
0
0
0
0
0
0
0
0
0
0
0
0
0
0
0
0
0
0
0
0
0
0
0
0
0
0
0
0
0
0
0
0
0
0
0
0
0
0
0
0
0
0
0
0
0
0
0
0
0
0
0
0
0
0
0
0
0
0
0
0
0
0
0
0
0
0
0
0
0
0
0
0
0
0
0
0
0
0
0
0
0
0
0
0
0
0
0
0
0
0
0
0
0
0
0
0
0
0
0
0
0
0
0
0
0
0
0
0
0
0
0
0
0
0
0
0
0
0
0
0
0
0
0
0
0
0
0
0
0
0
0
0
0
0
0
0
0
0
0
0
0
0
0
0
0
0
0
0
0
0
0
0
0
0
0
0
0
0
0
0
0
0
0
0
0
0
0
0
0
0
0
0
0
0
0
0
0
0
0
0
0
0
0
0
0
0
0
0
0
0
0
0
0
0
0
0
0
0
0
0
0
0
0
0
0
0
0
0
0
0
0
0
0
0
0
0
0
0
0
0
0
0
0
0
0
0
0
0
0
0
0
0
0
0
0
0
0
0
0
0
0
0
0
0
0
0
0
0
0
0
0
0
0
0
0
0
0
0
0
0
0
0
0
0
0
0
0
0
0
0
0
0
0
0
0
0
0
0
0
0
0
0
0
0
0
0
0
0
0
0
0
0
0
0
0
0
0
0
0
0
0
0
0
0
0
0
0
0
0
0
0
0
0
0
0
0
0
0
0
0
0
0
0
0
0
0
0
0
0
0
0
0
0
0
0
0
0
0
0
0
0
0
0
0
0
0
0
0
0
0
0
0
0
0
0
0
0
0
0
0
0
0
0
0
0
0
0
0
0
0
0
0
0
0
0
0
0
0
0
0
0
0
0
0
0
0
0
0
0
0
0
0
0
0
0
0
0
0
0
0
0
0
0
0
0
0
0
0
0
0
0
0
0
0
0
0
0
0
0
0
0
0
0
0
0
0
0
0
0
0
0
0
0
0
0
0
0
0
0
0
0
0
0
0
0
0
0
0
0
0
0
0
0
0
0
0
0
0
0
0
0
0
0
0
0
0
0
0
0
0
0
0
0
0
0
0
0
0
0
0
0
0
0
0
0
0
0
0
0
0
0
0
0
0
0
0
0
0
0
0
0
0
0
0
0
0
0
0
0
0
0
0
0
0
0
0
0
0
0
0
0
0
0
0
0
0
0
0
0
0
0
0
0
0
0
0
0
0
0
0
0
0
0
0
0
0
0
0
0
0
0
0
0
0
0
0
0
0
0
0
0
0
0
0
0
0
0
0
0
0
0
0
0
0
0
0
0
0
0
0
0
0
0
0
0
0
0
0
0
0
0
0
0
0
0
0
0
0
0
0
0
0
0
0
0
0
0
0
0
0
0
0
0
0
0
0
0
0
0
0
0
0
0
0
0
0
0
0
0
0
0
0
0
0
0
0
0
0
0
0
0
0
0
0
0
0
0
0
0
0
0
0
0
0
0
0
0
0
0
0
0
0
0
0
0
0
0
0
0
0
0
0
0
0
0
0
0
0
0
0
0
0
0
0
0
0
0
0
0
0
0
0
0
0
0
0
0
0
0
0
0
0
0
0
0
0
0
0
0
0
0
0
0
0
0
0
0
0
0
0
0
0
0
0
0
0
0
0
0
0
0
0
0
0
0
0
0
0
0
0
0
0
0
0
0
0
0
0
0
0
0
0
0
0
0
0
0
0
0
0
0
0
0
0
0
0
0
0
0
0
0
0
0
0
0
0
0
0
0
0
0
0
0
0
0
0
0
0
0
0
0
0
0
0
0
0
0
0
0
0
0
0
0
0
0
0
0
0
0
0
0
0
0
0
0
0
0
0
0
0
0
0
0
0
0
0
0
0
0
0
0
0
0
0
0
0
0
0
0
0
0
0
0
0
0
0
0
0
0
0
0
0
0
0
0
0
0
0
0
0
0
0
0
0
0
0
0
0
0
0
0
0
0
0
0
0
0
0
0
0
0
0
0
0
0
0
0
0
0
0
0
0
0
0
0
0
0
0
0
0
0
0
0
0
0
0
0
0
0
0
0
0
0
0
0
0
0
0
0
0
0
0
0
0
0
0
0
0
0
0
0
0
0
0
0
0
0
0
0
0
0
0
0
0
0
0
0
0
0
0
0
0
0
0
0
0
0
0
0
0
0
0
0
0
0
0
0
0
0
0
0
0
0
0
0
0
0
0
0
0
0
0
0
0
0
0
0
0
0
0
0
0
0
0
0
0
0
0
0
0
0
0
0
0
0
0
0
0
0
0
0
0
0
0
0
0
0
0
0
0
0
0
0
0
0
0
0
0
0
0
0
0
0
0
0
0
0
0
0
0
0
0
0
0
0
0
0
0
0
0
0
0
0
0
0
0
0
0
0
0
0
0
0
0
0
0
0
0
0
0
0
0
0
0
0
0
0
0
0
0
0
0
0
0
0
0
0
0
0
0
0
0
0
0
0
0
0
0
0
0
0
0
0
0
0
0
0
0
0
0
0
0
0
0
0
0
0
0
0
0
0
0
0
0
0
0
0
0
0
0
0
0
0
0
0
0
0
0
0
0
0
0
0
0
0
0
0
0
0
0
0
0
0
0
0
0
0
0
0
0
0
0
0
0
0
0
0
0
0
0
0
0
0
0
0
0
0
0
0
0
0
0
0
0
0
0
0
0
0
0
0
0
0
0
0
0
0
0
0
0
0
0
0
0
0
0
0
0
0
0
0
0
0
0
0
0
0
0
0
0
0
0
0
0
0
0
0
0
0
0
0
0
0
0
0
0
0
0
0
0
0
0
0
0
0
0
0
0
0
0
0
0
0
0
0
0
0
0
0
0
0
0
0
0
0
0
0
0
0
0
0
0
0
0
0
0
0
0
0
0
0
0
0
0
0
0
0
0
0
0
0
0
0
0
0
0
0
0
0
0
0
0
0
0
0
0
0
0
0
0
0
0
0
0
0
0
0
0
0
0
0
0
0
0
0
0
0
0
0
0
0
0
0
0
0
0
0
0
0
0
0
0
0
0
0
0
0
0
0
0
0
0
0
0
0
0
0
0
0
0
0
0
0
0
0
0
0
0
0
0
0
0
0
0
0
0
0
0
0
0
0
0
0
0
0
0
0
0
0
0
0
0
0
0
0
0
0
0
0
0
0
0
0
0
0
0
0
0
0
0
0
0
0
0
0
0
0
0
0
0
0
0
0
0
0
0
0
0
0
0
0
0
0
0
0
0
0
0
0
0
0
0
0
0
0
0
0
0
0
0
0
0
0
0
0
0
0
0
0
0
0
0
0
0
0
0
0
0
0
0
0
0
0
0
0
0
0
0
0
0
0
0
0
0
0
0
0
0
0
0
0
0
0
0
0
0
0
0
0
0
0
0
0
0
0
0
0
0
0
0
0
0
0
0
0
0
0
0
0
0
0
0
0
0
0
0
0
0
0
0
0
0
0
0
0
0
0
0
0
0
0
0
0
0
0
0
0
0
0
0
0
0
0
0
0
0
0
0
0
0
0
0
0
0
0
0
0
0
0
0
0
0
0
0
0
0
0
0
0
0
0
0
0
0
0
0
0
0
0
0
0
0
0
0
0
0
0
0
0
0
0
0
0
0
0
0
0
0
0
0
0
0
0
0
0
0
0
0
0
0
0
0
0
0
0
0
0
0
0
0
0
0
0
0
0
0
0
0
0
0
0
0
0
0
0
0
0
0
0
0
0
0
0
0
0
0
0
0
0
0
0
0
0
0
0
0
0
0
0
0
0
0
0
0
0
0
0
0
0
0
0
0
0
0
0
0
0
0
0
0
0
0
0
0
0
0
0
0
0
0
0
0
0
0
0
0
0
0
0
0
0
0
0
0
0
0
0
0
0
0
0
0
0
0
0
0
0
0
0
0
0
0
0
0
0
0
0
0
0
0
0
0
0
0
0
0
0
0
0
0
0
0
0
0
0
0
0
0
0
0
0
0
0
0
0
0
0
0
0
0
0
0
0
0
0
0
0
0
0
0
0
0
0
0
0
0
0
0
0
0
0
0
0
0
0
0
0
0
0
0
0
0
0
0
0
0
0
0
0
0
0
0
0
0
0
0
0
0
0
0
0
0
0
0
0
0
0
0
0
0
0
0
0
0
0
0
0
0
0
0
0
0
0
0
0
0
0
0
0
0
0
0
0
0
0
0
0
0
0
0
0
0
0
0
0
0
0
0
0
0
0
0
0
0
0
0
0
0
0
0
0
0
0
0
0
0
0
0
0
0
0
0
0
0
0
0
0
0
0
0
0
0
0
0
0
0
0
0
0
0
0
0
0
0
0
0
0
0
0
0
0
0
0
0
0
0
0
0
0
0
0
0
0
0
0
0
0
0
0
0
0
0
0
0
0
0
0
0
0
0
0
0
0
0
0
0
0
0
0
0
0
0
0
0
0
0
0
0
0
0
0
0
0
0
0
0
0
0
0
0
0
0
0
0
0
0
0
0
0
0
0
0
0
0
0
0
0
0
0
0
0
0
0
0
0
0
0
0
0
0
0
0
0
0
0
0
0
0
0
0
0
0
0
0
0
0
0
0
0
0
0
0
0
0
0
0
0
0
0
0
0
0
0
0
0
0
0
0
0
0
0
0
0
0
0
0
0
0
0
0
0
0
0
0
0
0
0
0
0
0
0
0
0
0
0
0
0
0
0
0
0
0
0
0
0
0
0
0
0
0
0
0
0
0
0
0
0
0
0
0
0
0
0
0
0
0
0
0
0
0
0
0
0
0
0
0
0
0
0
0
0
0
0
0
0
0
0
0
0
0
0
0
0
0
0
0
0
0
0
0
0
0
0
0
0
0
0
0
0
0
0
0
0
0
0
0
0
0
0
0
0
0
0
0
0
0
0
0
0
0
0
0
0
0
0
0
0
0
0
0
0
0
0
0
0
0
0
0
0
0
0
0
0
0
0
0
0
0
0
0
0
0
0
0
0
0
0
0
0
0
0
0
0
0
0
0
0
0
0
0
0
0
0
0
0
0
0
0
0
0
0
0
0
0
0
0
0
0
0
0
0
0
0
0
0
0
0
0
0
0
0
0
0
0
0
0
0
0
0
0
0
0
0
0
0
0
0
0
0
0
0
0
0
0
0
0
0
0
0
0
0
0
0
0
0
0
0
0
0
0
0
0
0
0
0
0
0
0
0
0
0
0
0
0
0
0
0
0
0
0
0
0
0
0
0
0
0
0
0
0
0
0
0
0
0
0
0
0
0
0
0
0
0
0
0
0
0
0
0
0
0
0
0
0
0
0
0
0
0
0
0
0
0
0
0
0
0
0
0
0
0
0
0
0
0
0
0
0
0
0
0
0
0
0
0
0
0
0
0
0
0
0
0
0
0
0
0
0
0
0
0
0
0
0
0
0
0
0
0
0
0
0
0
0
0
0
0
0
0
0
0
0
0
0
0
0
0
0
0
0
0
0
0
0
0
0
0
0
0
0
0
0
0
0
0
0
0
0
0
0
0
0
0
0
0
0
0
0
0
0
0
0
0
0
0
0
0
0
0
0
0
0
0
0
0
0
0
0
0
0
0
0
0
0
0
0
0
0
0
0
0
0
0
0
0
0
0
0
0
0
0
0
0
0
0
0
0
0
0
0
0
0
0
0
0
0
0
0
0
0
0
0
0
0
0
0
0
0
0
0
0
0
0
0
0
0
0
0
0
0
0
0
0
0
0
0
0
0
0
0
0
0
0
0
0
0
0
0
0
0
0
0
0
0
0
0
0
0
0
0
0
0
0
0
0
0
0
0
0
0
0
0
0
0
0
0
0
0
0
0
0
0
0
0
0
0
0
0
0
0
0
0
0
0
0
0
0
0
0
0
0
0
0
0
0
0
0
0
0
0
0
0
0
0
0
0
0
0
0
0
0
0
0
0
0
0
0
0
0
0
0
0
0
0
0
0
0
0
0
0
0
0
0
0
0
0
0
0
0
0
0
0
0
0
0
0
0
0
0
0
0
0
0
0
0
0
0
0
0
0
0
0
0
0
0
0
0
0
0
0
0
0
0
0
0
0
0
0
0
0
0
0
0
0
0
0
0
0
0
0
0
0
0
0
0
0
0
0
0
0
0
0
0
0
0
0
0
0
0
0
0
0
0
0
0
0
0
0
0
0
0
0
0
0
0
0
0
0
0
0
0
0
0
0
0
0
0
0
0
0
0
0
0
0
0
0
0
0
0
0
0
0
0
0
0
0
0
0
0
0
0
0
0
0
0
0
0
0
0
0
0
0
0
0
0
0
0
0
0
0
0
0
0
0
0
0
0
0
0
0
0
0
0
0
0
0
0
0
0
0
0
0
0
0
0
0
0
0
0
0
0
0
0
0
0
0
0
0
0
0
0
0
0
0
0
0
0
0
0
0
0
0
0
0
0
0
0
0
0
0
0
0
0
0
0
0
0
0
0
0
0
0
0
0
0
0
0
0
0
0
0
0
0
0
0
0
0
0
0
0
0
0
0
0
0
0
0
0
0
0
0
0
0
0
0
0
0
0
0
0
0
0
0
0
0
0
0
0
0
0
0
0
0
0
0
0
0
0
0
0
0
0
0
0
0
0
0
0
0
0
0
0
0
0
0
0
0
0
0
0
0
0
0
0
0
0
0
0
0
0
0
0
0
0
0
0
0
0
0
0
0
0
0
0
0
0
0
0
0
0
0
0
0
0
0
0
0
0
0
0
0
0
0
0
0
0
0
0
0
0
0
0
0
0
0
0
0
0
0
0
0
0
0
0
0
0
0
0
0
0
0
0
0
0
0
0
0
0
0
0
0
0
0
0
0
0
0
0
0
0
0
0
0
0
0
0
0
0
0
0
0
0
0
0
0
0
0
0
0
0
0
0
0
0
0
0
0
0
0
0
0
0
0
0
0
0
0
0
0
0
0
0
0
0
0
0
0
0
0
0
0
0
0
0
0
0
0
0
0
0
0
0
0
0
0
0
0
0
0
0
0
0
0
0
0
0
0
0
0
0
0
0
0
0
0
0
0
0
0
0
0
0
0
0
0
0
0
0
0
0
0
0
0
0
0
0
0
0
0
0
0
0
0
0
0
0
0
0
0
0
0
0
0
0
0
0
0
0
0
0
0
0
0
0
0
0
0
0
0
0
0
0
0
0
0
0
0
0
0
0
0
0
0
0
0
0
0
0
0
0
0
0
0
0
0
0
0
0
0
0
0
0
0
0
0
0
0
0
0
0
0
0
0
0
0
0
0
0
0
0
0
0
0
0
0
0
0
0
0
0
0
0
0
0
0
0
0
0
0
0
0
0
0
0
0
0
0
0
0
0
0
0
0
0
0
0
0
0
0
0
0
0
0
0
0
0
0
0
0
0
0
0
0
0
0
0
0
0
0
0
0
0
0
0
0
0
0
0
0
0
0
0
0
0
0
0
0
0
0
0
0
0
0
0
0
0
0
0
0
0
0
0
0
0
0
0
0
0
0
0
0
0
0
0
0
0
0
0
0
0
0
0
0
0
0
0
0
0
0
0
0
0
0
0
0
0
0
0
0
0
0
0
0
0
0
0
0
0
0
0
0
0
0
0
0
0
0
0
0
0
0
0
0
0
0
0
0
0
0
0
0
0
0
0
0
0
0
0
0
0
0
0
0
0
0
0
0
0
0
0
0
0
0
0
0
0
0
0
0
0
0
0
0
0
0
0
0
0
0
0
0
0
0
0
0
0
0
0
0
0
0
0
0
0
0
0
0
0
0
0
0
0
0
0
0
0
0
0
0
0
0
0
0
0
0
0
0
0
0
0
0
0
0
0
0
0
0
0
0
0
0
0
0
0
0
0
0
0
0
0
0
0
0
0
0
0
0
0
0
0
0
0
0
0
0
0
0
0
0
0
0
0
0
0
0
0
0
0
0
0
0
0
0
0
0
0
0
0
0
0
0
0
0
0
0
0
0
0
0
0
0
0
0
0
0
0
0
0
0
0
0
0
0
0
0
0
0
0
0
0
0
0
0
0
0
0
0
0
0
0
0
0
0
0
0
0
0
0
0
0
0
0
0
0
0
0
0
0
0
0
0
0
0
0
0
0
0
0
0
0
0
0
0
0
0
0
0
0
0
0
0
0
0
0
0
0
0
0
0
0
0
0
0
0
0
0
0
0
0
0
0
0
0
0
0
0
0
0
0
0
0
0
0
0
0
0
0
0
0
0
0
0
0
0
0
0
0
0
0
0
0
0
0
0
0
0
0
0
0
0
0
0
0
0
0
0
0
0
0
0
0
0
0
0
0
0
0
0
0
0
0
0
0
0
0
0
0
0
0
0
0
0
0
0
0
0
0
0
0
0
0
0
0
0
0
0
0
0
0
0
0
0
0
0
0
0
0
0
0
0
0
0
0
0
0
0
0
0
0
0
0
0
0
0
0
0
0
0
0
0
0
0
0
0
0
0
0
0
0
0
0
0
0
0
0
0
0
0
0
0
0
0
0
0
0
0
0
0
0
0
0
0
0
0
0
0
0
0
0
0
0
0
0
0
0
0
0
0
0
0
0
0
0
0
0
0
0
0
0
0
0
0
0
0
0
0
0
0
0
0
0
0
0
0
0
0
0
0
0
0
0
0
0
0
0
0
0
0
0
0
0
0
0
0
0
0
0
0
0
0
0
0
0
0
0
0
0
0
0
0
0
0
0
0
0
0
0
0
0
0
0
0
0
0
0
0
0
0
0
0
0
0
0
0
0
0
0
0
0
0
0
0
0
0
0
0
0
0
0
0
0
0
0
0
0
0
0
0
0
0
0
0
0
0
0
0
0
0
0
0
0
0
0
0
0
0
0
0
0
0
0
0
0
0
0
0
0
0
0
0
0
0
0
0
0
0
0
0
0
0
0
0
0
0
0
0
0
0
0
0
0
0
0
0
0
0
0
0
0
0
0
0
0
0
0
0
0
0
0
0
0
0
0
0
0
0
0
0
0
0
0
0
0
0
0
0
0
0
0
0
0
0
0
0
0
0
0
0
0
0
0
0
0
0
0
0
0
0
0
0
0
0
0
0
0
0
0
0
0
0
0
0
0
0
0
0
0
0
0
0
0
0
0
0
0
0
0
0
0
0
0
0
0
0
0
0
0
0
0
0
0
0
0
0
0
0
0
0
0
0
0
0
0
0
0
0
0
0
0
0
0
0
0
0
0
0
0
0
0
0
0
0
0
0
0
0
0
0
0
0
0
0
0
0
0
0
0
0
0
0
0
0
0
0
0
0
0
0
0
0
0
0
0
0
0
0
0
0
0
0
0
0
0
0
0
0
0
0
0
0
0
0
0
0
0
0
0
0
0
0
0
0
0
0
0
0
0
0
0
0
0
0
0
0
0
0
0
0
0
0
0
0
0
0
0
0
0
0
0
0
0
0
0
0
0
0
0
0
0
0
0
0
0
0
0
0
0
0
0
0
0
0
0
0
0
0
0
0
0
0
0
0
0
0
0
0
0
0
0
0
0
0
0
0
0
0
0
0
0
0
0
0
0
0
0
0
0
0
0
0
0
0
0
0
0
0
0
0
0
0
0
0
0
0
0
0
0
0
0
0
0
0
0
0
0
0
0
0
0
0
0
0
0
0
0
0
0
0
0
0
0
0
0
0
0
0
0
0
0
0
0
0
0
0
0
0
0
0
0
0
0
0
0
0
0
0
0
0
0
0
0
0
0
0
0
0
0
0
0
0
0
0
0
0
0
0
0
0
0
0
0
0
0
0
0
0
0
0
0
0
0
0
0
0
0
0
0
0
0
0
0
0
0
0
0
0
0
0
0
0
0
0
0
0
0
0
0
0
0
0
0
0
0
0
0
0
0
0
0
0
0
0
0
0
0
0
0
0
0
0
0
0
0
0
0
0
0
0
0
0
0
0
0
0
0
0
0
0
0
0
0
0
0
0
0
0
0
0
0
0
0
0
0
0
0
0
0
0
0
0
0
0
0
0
0
0
0
0
0
0
0
0
0
0
0
0
0
0
0
0
0
0
0
0
0
0
0
0
0
0
0
0
0
0
0
0
0
0
0
0
0
0
0
0
0
0
0
0
0
0
0
0
0
0
0
0
0
0
0
0
0
0
0
0
0
0
0
0
0
0
0
0
0
0
0
0
0
0
0
0
0
0
0
0
0
0
0
0
0
0
0
0
0
0
0
0
0
0
0
0
0
0
0
0
0
0
0
0
0
0
0
0
0
0
0
0
0
0
0
0
0
0
0
0
0
0
0
0
0
0
0
0
0
0
0
0
0
0
0
0
0
0
0
0
0
0
0
0
0
0
0
0
0
0
0
0
0
0
0
0
0
0
0
0
0
0
0
0
0
0
0
0
0
0
0
0
0
0
0
0
0
0
0
0
0
0
0
0
0
0
0
0
0
0
0
0
0
0
0
0
0
0
0
0
0
0
0
0
0
0
0
0
0
0
0
0
0
0
0
0
0
0
0
0
0
0
0
0
0
0
0
0
0
0
0
0
0
0
0
0
0
0
0
0
0
0
0
0
0
0
0
0
0
0
0
0
0
0
0
0
0
0
0
0
0
0
0
0
0
0
0
0
0
0
0
0
0
0
0
0
0
0
0
0
0
0
0
0
0
0
0
0
0
0
0
0
0
0
0
0
0
0
0
0
0
0
0
0
0
0
0
0
0
0
0
0
0
0
0
0
0
0
0
0
0
0
0
0
0
0
0
0
0
0
0
0
0
0
0
0
0
0
0
0
0
0
0
0
0
0
0
0
0
0
0
0
0
0
0
0
0
0
0
0
0
0
0
0
0
0
0
0
0
0
0
0
0
0
0
0
0
0
0
0
0
0
0
0
0
0
0
0
0
0
0
0
0
0
0
0
0
0
0
0
0
0
0
0
0
0
0
0
0
0
0
0
0
0
0
0
0
0
0
0
0
0
0
0
0
0
0
0
0
0
0
0
0
0
0
0
0
0
0
0
0
0
0
0
0
0
0
0
0
0
0
0
0
0
0
0
0
0
0
0
0
0
0
0
0
0
0
0
0
0
0
0
0
0
0
0
0
0
0
0
0
0
0
0
0
0
0
0
0
0
0
0
0
0
0
0
0
0
0
0
0
0
0
0
0
0
0
0
0
0
0
0
0
0
0
0
0
0
0
0
0
0
0
0
0
0
0
0
0
0
0
0
0
0
0
0
0
0
0
0
0
0
0
0
0
0
0
0
0
0
0
0
0
0
0
0
0
0
0
0
0
0
0
0
0
0
0
0
0
0
0
0
0
0
0
0
0
0
0
0
0
0
0
0
0
0
0
0
0
0
0
0
0
0
0
0
0
0
0
0
0
0
0
0
0
0
0
0
0
0
0
0
0
0
0
0
0
0
0
0
0
0
0
0
0
0
0
0
0
0
0
0
0
0
0
0
0
0
0
0
0
0
0
0
0
0
0
0
0
0
0
0
0
0
0
0
0
0
0
0
0
0
0
0
0
0
0
0
0
0
0
0
0
0
0
0
0
0
0
0
0
0
0
0
0
0
0
0
0
0
0
0
0
0
0
0
0
0
0
0
0
0
0
0
0
0
0
0
0
0
0
0
0
0
0
0
0
0
0
0
0
0
0
0
0
0
0
0
0
0
0
0
0
0
0
0
0
0
0
0
0
0
0
0
0
0
0
0
0
0
0
0
0
0
0
0
0
0
0
0
0
0
0
0
0
0
0
0
0
0
0
0
0
0
0
0
0
0
0
0
0
0
0
0
0
0
0
0
0
0
0
0
0
0
0
0
0
0
0
0
0
0
0
0
0
0
0
0
0
0
0
0
0
0
0
0
0
0
0
0
0
0
0
0
0
0
0
0
0
0
0
0
0
0
0
0
0
0
0
0
0
0
0
0
0
0
0
0
0
0
0
0
0
0
0
0
0
0
0
0
0
0
0
0
0
0
0
0
0
0
0
0
0
0
0
0
0
0
0
0
0
0
0
0
0
0
0
0
0
0
0
0
0
0
0
0
0
0
0
0
0
0
0
0
0
0
0
0
0
0
0
0
0
0
0
0
0
0
0
0
0
0
0
0
0
0
0
0
0
0
0
0
0
0
0
0
0
0
0
0
0
0
0
0
0
0
0
0
0
0
0
0
0
0
0
0
0
0
0
0
0
0
0
0
0
0
0
0
0
0
0
0
0
0
0
0
0
0
0
0
0
0
0
0
0
0
0
0
0
0
0
0
0
0
0
0
0
0
0
0
0
0
0
0
0
0
0
0
0
0
0
0
0
0
0
0
0
0
0
0
0
0
0
0
0
0
0
0
0
0
0
0
0
0
0
0
0
0
0
0
0
0
0
0
0
0
0
0
0
0
0
0
0
0
0
0
0
0
0
0
0
0
0
0
0
0
0
0
0
0
0
0
0
0
0
0
0
0
0
0
0
0
0
0
0
0
0
0
0
0
0
0
0
0
0
0
0
0
0
0
0
0
0
0
0
0
0
0
0
0
0
0
0
0
0
0
0
0
0
0
0
0
0
0
0
0
0
0
0
0
0
0
0
0
0
0
0
0
0
0
0
0
0
0
0
0
0
0
0
0
0
0
0
0
0
0
0
0
0
0
0
0
0
0
0
0
0
0
0
0
0
0
0
0
0
0
0
0
0
0
0
0
0
0
0
0
0
0
0
0
0
0
0
0
0
0
0
0
0
0
0
0
0
0
0
0
0
0
0
0
0
0
0
0
0
0
0
0
0
0
0
0
0
0
0
0
0
0
0
0
0
0
0
0
0
0
0
0
0
0
0
0
0
0
0
0
0
0
0
0
0
0
0
0
0
0
0
0
0
0
0
0
0
0
0
0
0
0
0
0
0
0
0
0
0
0
0
0
0
0
0
0
0
0
0
0
0
0
0
0
0
0
0
0
0
0
0
0
0
0
0
0
0
0
0
0
0
0
0
0
0
0
0
0
0
0
0
0
0
0
0
0
0
0
0
0
0
0
0
0
0
0
0
0
0
0
0
0
0
0
0
0
0
0
0
0
0
0
0
0
0
0
0
0
0
0
0
0
0
0
0
0
0
0
0
0
0
0
0
0
0
0
0
0
0
0
0
0
0
0
0
0
0
0
0
0
0
0
0
0
0
0
0
0
0
0
0
0
0
0
0
0
0
0
0
0
0
0
0
0
0
0
0
0
0
0
0
0
0
0
0
0
0
0
0
0
0
0
0
0
0
0
0
0
0
0
0
0
0
0
0
0
0
0
0
0
0
0
0
0
0
0
0
0
0
0
0
0
0
0
0
0
0
0
0
0
0
0
0
0
0
0
0
0
0
0
0
0
0
0
0
0
0
0
0
0
0
0
0
0
0
0
0
0
0
0
0
0
0
0
0
0
0
0
0
0
0
0
0
0
0
0
0
0
0
0
0
0
0
0
0
0
0
0
0
0
0
0
0
0
0
0
0
0
0
0
0
0
0
0
0
0
0
0
0
0
0
0
0
0
0
0
0
0
0
0
0
0
0
0
0
0
0
0
0
0
0
0
0
0
0
0
0
0
0
0
0
0
0
0
0
0
0
0
0
0
0
0
0
0
0
0
0
0
0
0
0
0
0
0
0
0
0
0
0
0
0
0
0
0
0
0
0
0
0
0
0
0
0
0
0
0
0
0
0
0
0
0
0
0
0
0
0
0
0
0
0
0
0
0
0
0
0
0
0
0
0
0
0
0
0
0
0
0
0
0
0
0
0
0
0
0
0
0
0
0
0
0
0
0
0
0
0
0
0
0
0
0
0
0
0
0
0
0
0
0
0
0
0
0
0
0
0
0
0
0
0
0
0
0
0
0
0
0
0
0
0
0
0
0
0
0
0
0
0
0
0
0
0
0
0
0
0
0
0
0
0
0
0
0
0
0
0
0
0
0
0
0
0
0
0
0
0
0
0
0
0
0
0
0
0
0
0
0
0
0
0
0
0
0
0
0
0
0
0
0
0
0
0
0
0
0
0
0
0
0
0
0
0
0
0
0
0
0
0
0
0
0
0
0
0
0
0
0
0
0
0
0
0
0
0
0
0
0
0
0
0
0
0
0
0
0
0
0
0
0
0
0
0
0
0
0
0
0
0
0
0
0
0
0
0
0
0
0
0
0
0
0
0
0
0
0
0
0
0
0
0
0
0
0
0
0
0
0
0
0
0
0
0
0
0
0
0
0
0
0
0
0
0
0
0
0
0
0
0
0
0
0
0
0
0
0
0
0
0
0
0
0
0
0
0
0
0
0
0
0
0
0
0
0
0
0
0
0
0
0
0
0
0
0
0
0
0
0
0
0
0
0
0
0
0
0
0
0
0
0
0
0
0
0
0
0
0
0
0
0
0
0
0
0
0
0
0
0
0
0
0
0
0
0
0
0
0
0
0
0
0
0
0
0
0
0
0
0
0
0
0
0
0
0
0
0
0
0
0
0
0
0
0
0
0
0
0
0
0
0
0
0
0
0
0
0
0
0
0
0
0
0
0
0
0
0
0
0
0
0
0
0
0
0
0
0
0
0
0
0
0
0
0
0
0
0
0
0
0
0
0
0
0
0
0
0
0
0
0
0
0
0
0
0
0
0
0
0
0
0
0
0
0
0
0
0
0
0
0
0
0
0
0
0
0
0
0
0
0
0
0
0
0
0
0
0
0
0
0
0
0
0
0
0
0
0
0
0
0
0
0
0
0
0
0
0
0
0
0
0
0
0
0
0
0
0
0
0
0
0
0
0
0
0
0
0
0
0
0
0
0
0
0
0
0
0
0
0
0
0
0
0
0
0
0
0
0
0
0
0
0
0
0
0
0
0
0
0
0
0
0
0
0
0
0
0
0
0
0
0
0
0
0
0
0
0
0
0
0
0
0
0
0
0
0
0
0
0
0
0
0
0
0
0
0
0
0
0
0
0
0
0
0
0
0
0
0
0
0
0
0
0
0
0
0
0
0
0
0
0
0
0
0
0
0
0
0
0
0
0
0
0
0
0
0
0
0
0
0
0
0
0
0
0
0
0
0
0
0
0
0
0
0
0
0
0
0
0
0
0
0
0
0
0
0
0
0
0
0
0
0
0
0
0
0
0
0
0
0
0
0
0
0
0
0
0
0
0
0
0
0
0
0
0
0
0
0
0
0
0
0
0
0
0
0
0
0
0
0
0
0
0
0
0
0
0
0
0
0
0
0
0
0
0
0
0
0
0
0
0
0
0
0
0
0
0
0
0
0
0
0
0
0
0
0
0
0
0
0
0
0
0
0
0
0
0
0
0
0
0
0
0
0
0
0
0
0
0
0
0
0
0
0
0
0
0
0
0
0
0
0
0
0
0
0
0
0
0
0
0
0
0
0
0
0
0
0
0
0
0
0
0
0
0
0
0
0
0
0
0
0
0
0
0
0
0
0
0
0
0
0
0
0
0
0
0
0
0
0
0
0
0
0
0
0
0
0
0
0
0
0
0
0
0
0
0
0
0
0
0
0
0
0
0
0
0
0
0
0
0
0
0
0
0
0
0
0
0
0
0
0
0
0
0
0
0
0
0
0
0
0
0
0
0
0
0
0
0
0
0
0
0
0
0
0
0
0
0
0
0
0
0
0
0
0
0
0
0
0
0
0
0
0
0
0
0
0
0
0
0
0
0
0
0
0
0
0
0
0
0
0
0
0
0
0
0
0
0
0
0
0
0
0
0
0
0
0
0
0
0
0
0
0
0
0
0
0
0
0
0
0
0
0
0
0
0
0
0
0
0
0
0
0
0
0
0
0
0
0
0
0
0
0
0
0
0
0
0
0
0
0
0
0
0
0
0
0
0
0
0
0
0
0
0
0
0
0
0
0
0
0
0
0
0
0
0
0
0
0
0
0
0
0
0
0
0
0
0
0
0
0
0
0
0
0
0
0
0
0
0
0
0
0
0
0
0
0
0
0
0
0
0
0
0
0
0
0
0
0
0
0
0
0
0
0
0
0
0
0
0
0
0
0
0
0
0
0
0
0
0
0
0
0
0
0
0
0
0
0
0
0
0
0
0
0
0
0
0
0
0
0
0
0
0
0
0
0
0
0
0
0
0
0
0
0
0
0
0
0
0
0
0
0
0
0
0
0
0
0
0
0
0
0
0
0
0
0
0
0
0
0
0
0
0
0
0
0
0
0
0
0
0
0
0
0
0
0
0
0
0
0
0
0
0
0
0
0
0
0
0
0
0
0
0
0
0
0
0
0
0
0
0
0
0
0
0
0
0
0
0
0
0
0
0
0
0
0
0
0
0
0
0
0
0
0
0
0
0
0
0
0
0
0
0
0
0
0
0
0
0
0
0
0
0
0
0
0
0
0
0
0
0
0
0
0
0
0
0
0
0
0
0
0
0
0
0
0
0
0
0
0
0
0
0
0
0
0
0
0
0
0
0
0
0
0
0
0
0
0
0
0
0
0
0
0
0
0
0
0
0
0
0
0
0
0
0
0
0
0
0
0
0
0
0
0
0
0
0
0
0
0
0
0
0
0
0
0
0
0
0
0
0
0
0
0
0
0
0
0
0
0
0
0
0
0
0
0
0
0
0
0
0
0
0
0
0
0
0
0
0
0
0
0
0
0
0
0
0
0
0
0
0
0
0
0
0
0
0
0
0
0
0
0
0
0
0
0
0
0
0
0
0
0
0
0
0
0
0
0
0
0
0
0
0
0
0
0
0
0
0
0
0
0
0
0
0
0
0
0
0
0
0
0
0
0
0
0
0
0
0
0
0
0
0
0
0
0
0
0
0
0
0
0
0
0
0
0
0
0
0
0
0
0
0
0
0
0
0
0
0
0
0
0
0
0
0
0
0
0
0
0
0
0
0
0
0
0
0
0
0
0
0
0
0
0
0
0
0
0
0
0
0
0
0
0
0
0
0
0
0
0
0
0
0
0
0
0
0
0
0
0
0
0
0
0
0
0
0
0
0
0
0
0
0
0
0
0
0
0
0
0
0
0
0
0
0
0
0
0
0
0
0
0
0
0
0
0
0
0
0
0
0
0
0
0
0
0
0
0
0
0
0
0
0
0
0
0
0
0
0
0
0
0
0
0
0
0
0
0
0
0
0
0
0
0
0
0
0
0
0
0
0
0
0
0
0
0
0
0
0
0
0
0
0
0
0
0
0
0
0
0
0
0
0
0
0
0
0
0
0
0
0
0
0
0
0
0
0
0
0
0
0
0
0
0
0
0
0
0
0
0
0
0
0
0
0
0
0
0
0
0
0
0
0
0
0
0
0
0
0
0
0
0
0
0
0
0
0
0
0
0
0
0
0
0
0
0
0
0
0
0
0
0
0
0
0
0
0
0
0
0
0
0
0
0
0
0
0
0
0
0
0
0
0
0
0
0
0
0
0
0
0
0
0
0
0
0
0
0
0
0
0
0
0
0
0
0
0
0
0
0
0
0
0
0
0
0
0
0
0
0
0
0
0
0
0
0
0
0
0
0
0
0
0
0
0
0
0
0
0
0
0
0
0
0
0
0
0
0
0
0
0
0
0
0
0
0
0
0
0
0
0
0
0
0
0
0
0
0
0
0
0
0
0
0
0
0
0
0
0
0
0
0
0
0
0
0
0
0
0
0
0
0
0
0
0
0
0
0
0
0
0
0
0
0
0
0
0
0
0
0
0
0
0
0
0
0
0
0
0
0
0
0
0
0
0
0
0
0
0
0
0
0
0
0
0
0
0
0
0
0
0
0
0
0
0
0
0
0
0
0
0
0
0
0
0
0
0
0
0
0
0
0
0
0
0
0
0
0
0
0
0
0
0
0
0
0
0
0
0
0
0
0
0
0
0
0
0
0
0
0
0
0
0
0
0
0
0
0
0
0
0
0
0
0
0
0
0
0
0
0
0
0
0
0
0
0
0
0
0
0
0
0
0
0
0
0
0
0
0
0
0
0
0
0
0
0
0
0
0
0
0
0
0
0
0
0
0
0
0
0
0
0
0
0
0
0
0
0
0
0
0
0
0
0
0
0
0
0
0
0
0
0
0
0
0
0
0
0
0
0
0
0
0
0
0
0
0
0
0
0
0
0
0
0
0
0
0
0
0
0
0
0
0
0
0
0
0
0
0
0
0
0
0
0
0
0
0
0
0
0
0
0
0
0
0
0
0
0
0
0
0
0
0
0
0
0
0
0
0
0
0
0
0
0
0
0
0
0
0
0
0
0
0
0
0
0
0
0
0
0
0
0
0
0
0
0
0
0
0
0
0
0
0
0
0
0
0
0
0
0
0
0
0
0
0
0
0
0
0
0
0
0
0
0
0
0
0
0
0
0
0
0
0
0
0
0
0
0
0
0
0
0
0
0
0
0
0
0
0
0
0
0
0
0
0
0
0
0
0
0
0
0
0
0
0
0
0
0
0
0
0
0
0
0
0
0
0
0
0
0
0
0
0
0
0
0
0
0
0
0
0
0
0
0
0
0
0
0
0
0
0
0
0
0
0
0
0
0
0
0
0
0
0
0
0
0
0
0
0
0
0
0
0
0
0
0
0
0
0
0
0
0
0
0
0
0
0
0
0
0
0
0
0
0
0
0
0
0
0
0
0
0
0
0
0
0
0
0
0
0
0
0
0
0
0
0
0
0
0
0
0
0
0
0
0
0
0
0
0
0
0
0
0
0
0
0
0
0
0
0
0
0
0
0
0
0
0
0
0
0
0
0
0
0
0
0
0
0
0
0
0
0
0
0
0
0
0
0
0
0
0
0
0
0
0
0
0
0
0
0
0
0
0
0
0
0
0
0
0
0
0
0
0
0
0
0
0
0
0
0
0
0
0
0
0
0
0
0
0
0
0
0
0
0
0
0
0
0
0
0
0
0
0
0
0
0
0
0
0
0
0
0
0
0
0
0
0
0
0
0
0
0
0
0
0
0
0
0
0
0
0
0
0
0
0
0
0
0
0
0
0
0
0
0
0
0
0
0
0
0
0
0
0
0
0
0
0
0
0
0
0
0
0
0
0
0
0
0
0
0
0
0
0
0
0
0
0
0
0
0
0
0
0
0
0
0
0
0
0
0
0
0
0
0
0
0
0
0
0
0
0
0
0
0
0
0
0
0
0
0
0
0
0
0
0
0
0
0
0
0
0
0
0
0
0
0
0
0
0
0
0
0
0
0
0
0
0
0
0
0
0
0
0
0
0
0
0
0
0
0
0
0
0
0
0
0
0
0
0
0
0
0
0
0
0
0
0
0
0
0
0
0
0
0
0
0
0
0
0
0
0
0
0
0
0
0
0
0
0
0
0
0
0
0
0
0
0
0
0
0
0
0
0
0
0
0
0
0
0
0
0
0
0
0
0
0
0
0
0
0
0
0
0
0
0
0
0
0
0
0
0
0
0
0
0
0
0
0
0
0
0
0
0
0
0
0
0
0
0
0
0
0
0
0
0
0
0
0
0
0
0
0
0
0
0
0
0
0
0
0
0
0
0
0
0
0
0
0
0
0
0
0
0
0
0
0
0
0
0
0
0
0
0
0
0
0
0
0
0
0
0
0
0
0
0
0
0
0
0
0
0
0
0
0
0
0
0
0
0
0
0
0
0
0
0
0
0
0
0
0
0
0
0
0
0
0
0
0
0
0
0
0
0
0
0
0
0
0
0
0
0
0
0
0
0
0
0
0
0
0
0
0
0
0
0
0
0
0
0
0
0
0
0
0
0
0
0
0
0
0
0
0
0
0
0
0
0
0
0
0
0
0
0
0
0
0
0
0
0
0
0
0
0
0
0
0
0
0
0
0
0
0
0
0
0
0
0
0
0
0
0
0
0
0
0
0
0
0
0
0
0
0
0
0
0
0
0
0
0
0
0
0
0
0
0
0
0
0
0
0
0
0
0
0
0
0
0
0
0
0
0
0
0
0
0
0
0
0
0
0
0
0
0
0
0
0
0
0
0
0
0
0
0
0
0
0
0
0
0
0
0
0
0
0
0
0
0
0
0
0
0
0
0
0
0
0
0
0
0
0
0
0
0
0
0
0
0
0
0
0
0
0
0
0
0
0
0
0
0
0
0
0
0
0
0
0
0
0
0
0
0
0
0
0
0
0
0
0
0
0
0
0
0
0
0
0
0
0
0
0
0
0
0
0
0
0
0
0
0
0
0
0
0
0
0
0
0
0
0
0
0
0
0
0
0
0
0
0
0
0
0
0
0
0
0
0
0
0
0
0
0
0
0
0
0
0
0
0
0
0
0
0
0
0
0
0
0
0
0
0
0
0
0
0
0
0
0
0
0
0
0
0
0
0
0
0
0
0
0
0
0
0
0
0
0
0
0
0
0
0
0
0
0
0
0
0
0
0
0
0
0
0
0
0
0
0
0
0
0
0
0
0
0
0
0
0
0
0
0
0
0
0
0
0
0
0
0
0
0
0
0
0
0
0
0
0
0
0
0
0
0
0
0
0
0
0
0
0
0
0
0
0
0
0
0
0
0
0
0
0
0
0
0
0
0
0
0
0
0
0
0
0
0
0
0
0
0
0
0
0
0
0
0
0
0
0
0
0
0
0
0
0
0
0
0
0
0
0
0
0
0
0
0
0
0
0
0
0
0
0
0
0
0
0
0
0
0
0
0
0
0
0
0
0
0
0
0
0
0
0
0
0
0
0
0
0
0
0
0
0
0
0
0
0
0
0
0
0
0
0
0
0
0
0
0
0
0
0
0
0
0
0
0
0
0
0
0
0
0
0
0
0
0
0
0
0
0
0
0
0
0
0
0
0
0
0
0
0
0
0
0
0
0
0
0
0
0
0
0
0
0
0
0
0
0
0
0
0
0
0
0
0
0
0
0
0
0
0
0
0
0
0
0
0
0
0
0
0
0
0
0
0
0
0
0
0
0
0
0
0
0
0
0
0
0
0
0
0
0
0
0
0
0
0
0
0
0
0
0
0
0
0
0
0
0
0
0
0
0
0
0
0
0
0
0
0
0
0
0
0
0
0
0
0
0
0
0
0
0
0
0
0
0
0
0
0
0
0
0
0
0
0
0
0
0
0
0
0
0
0
0
0
0
0
0
0
0
0
0
0
0
0
0
0
0
0
0
0
0
0
0
0
0
0
0
0
0
0
0
0
0
0
0
0
0
0
0
0
0
0
0
0
0
0
0
0
0
0
0
0
0
0
0
0
0
0
0
0
0
0
0
0
0
0
0
0
0
0
0
0
0
0
0
0
0
0
0
0
0
0
0
0
0
0
0
0
0
0
0
0
0
0
0
0
0
0
0
0
0
0
0
0
0
0
0
0
0
0
0
0
0
0
0
0
0
0
0
0
0
0
0
0
0
0
0
0
0
0
0
0
0
0
0
0
0
0
0
0
0
0
0
0
0
0
0
0
0
0
0
0
0
0
0
0
0
0
0
0
0
0
0
0
0
0
0
0
0
0
0
0
0
0
0
0
0
0.012054556
0
0
0
0.00098346427
0
0
0
0
0
0
0
0
0
0
0
0
0
0
0
0
0
0
0
0
0
0
0
0
0
0
0
0
0
0
0
0
0
0
0
0
0
0
0
0
0
0
0
0
0
0
0
0
0
0
0
0
0
0
0
0
0
0
0
0
0
0
0
0
0
0
0
0
0
0
0
0
0
0
0
0
0
0
0
0
0
0
0
0
0
0
0
0
0
0
0
0
0
0
0
0
0
0
0
0
0
0
0
0
0
0
0
0
0
0
0
0
0
0
0
0
0
0
0
0
0
0
0
0
0
0
0
0
0
0
0
0
0
0
0
0
0
0
0
0
0
0
0
0
0
0
0
0
0
0
0
0
0
0
0
0
0
0
0
0
0
0
0
0
0
0
0
0
0
0
0
0
0
0
0
0
0
0
0
0
0
0
0
0
0
0
0
0
0
0
0
0
0
0
0
0
0
0
0
0
0
0
0
0
0
0
0
0
0
0
0
0
0
0
0
0
0
0
0
0
0
0
0
0
0
0
0
0
0
0
0
0
0
0
0
0
0
0
0
0
0
0
0
0
0
0
0
0
0
0
0
0
0
0
0
0
0
0
0
0
0
0
0
0
0
0
0
0
0
0
0
0
0
0
0
0
0
0
0
0
0
0
0
0
0
0
0
0
0
0
0
0
0
0
0
0
0
0
0
0
0
0
0
0
0
0
0
0
0
0
0
0
0
0
0
0
0
0
0
0
0
0
0
0
0
0
0
0
0
0
0
0
0
0
0
0
0
0
0
0
0
0
0
0
0
0
0
0
0
0
0
0
0
0
0
0
0
0
0
0
0
0
0
0
0
0
0
0
0
0
0
0
0
0
0
0
0
0
0
0
0
0
0
0
0
0
0
0
0
0
0
0
0
0
0
0
0
0
0
0
0
0
0
0
0
0
0
0
0
0
0
0
0
0
0
0
0
0
0
0
0
0
0
0
0
0
0
0
0
0
0
0
0
0
0
0
0
0
0
0
0
0
0
0
0
0
0
0
0
0
0
0
0
0
0
0
0
0
0
0
0
0
0
0
0
0
0
0
0
0
0
0
0
0
0
0
0
0
0
0
0
0
0
0
0
0
0
0
0
0
0
0
0
0
0
0
0
0
0
0
0
0
0
0
0
0
0
0
0
0
0
0
0
0
0
0
0
0
0
0
0
0
0
0
0
0
0
0
0
0
0
0
0
0
0
0
0
0
0
0
0
0
0
0
0
0
0
0
0
0
0
0
0
0
0
0
0
0
0
0
0
0
0
0
0
0
0
0
0
0
0
0
0
0
0
0
0
0
0
0
0
0
0
0
0
0
0
0
0
0
0
0
0
0
0
0
0
0
0
0
0
0
0
0
0
0
0
0
0
0
0
0
0
0
0
0
0
0
0
0
0
0
0
0
0
0
0
0
0
0
0
0
0
0
0
0
0
0
0
0
0
0
0
0
0
0
0
0
0
0
0
0
0
0
0
0
0
0
0
0
0
0
0
0
0
0
0
0
0
0
0
0
0
0
0
0
0
0
0
0
0
0
0
0
0
0
0
0
0
0
0
0
0
0
0
0
0
0
0
0
0
0
0
0
0
0
0
0
0
0
0
0
0
0
0
0
0
0
0
0
0
0
0
0
0
0
0
0
0
0
0
0
0
0
0
0
0
0
0
0
0
0
0
0
0
0
0
0
0
0
0
0
0
0
0
0
0
0
0
0
0
0
0
0
0
0
0
0
0
0
0
0
0
0
0
0
0
0
0
0
0
0
0
0
0
0
0
0
0
0
0
0
0
0
0
0
0
0
0
0
0
0
0
0
0
0
0
0
0
0
0
0
0
0
0
0
0
0
0
0
0
0
0
0
0
0
0
0
0
0
0
0
0
0
0
0
0
0
0
0
0
0
0
0
0
0
0
0
0
0
0
0
0
0
0
0
0
0
0
0
0
0
0
0
0
0
0
0
0
0
0
0
0
0
0
0
0
0
0
0
0
0
0
0
0
0
0
0
0
0
0
0
0
0
0
0
0
0
0
0
0
0
0
0
0
0
0
0
0
0
0
0
0
0
0
0
0
0
0
0
0
0
0
0
0
0
0
0
0
0
0
0
0
0
0
0
0
0
0
0
0
0
0
0
0
0
0
0
0
0
0
0
0
0
0
0
0
0
0
0
0
0
0
0
0
0
0
0
0
0
0
0
0
0
0
0
0
0
0
0
0
0
0
0
0
0
0
0
0
0
0
0
0
0
0
0
0
0
0
0
0
0
0
0
0
0
0
0
0
0
0
0
0
0
0
0
0
0
0
0
0
0
0
0
0
0
0
0
0
0
0
0
0
0
0
0
0
0
0
0
0
0
0
0
0
0
0
0
0
0
0
0
0
0
0
0
0
0
0
0
0
0
0
0
0
0
0
0
0
0
0
0
0
0
0
0
0
0
0
0
0
0
0
0
0
0
0
0
0
0
0
0
0
0
0
0
0
0
0
0
0
0
0
0
0
0
0
0
0
0
0
0
0
0
0
0
0
0
0
0
0
0
0
0
0
0
0
0
0
0
0
0
0
0
0
0
0
0
0
0
0
0
0
0
0
0
0
0
0
0
0
0
0
0
0
0
0
0
0
0
0
0
0
0
0
0
0
0
0
0
0
0
0
0
0
0
0
0
0
0
0
0
0
0
0
0
0
0
0
0
0
0
0
0
0
0
0
0
0
0
0
0
0
0
0
0
0
0
0
0
0
0
0
0
0
0
0
0
0
0
0
0
0
0
0
0
0
0
0
0
0
0
0
0
0
0
0
0
0
0
0
0
0
0
0
0
0
0
0
0
0
0
0
0
0
0
0
0
0
0
0
0
0
0
0
0
0
0
0
0
0
0
0
0
0
0
0
0
0
0
0
0
0
0
0
0
0
0
0
0
0
0
0
0
0
0
0
0
0
0
0
0
0
0
0
0
0
0
0
0
0
0
0
0
0
0
0
0
0
0
0
0
0
0
0
0
0
0
0
0
0
0
0
0
0
0
0
0
0
0
0
0
0
0
0
0
0
0
0
0
0
0
0
0
0
0
0
0
0
0
0
0
0
0
0
0
0
0
0
0
0
0
0
0
0
0
0
0
0
0
0
0
0
0
0
0
0
0
0
0
0
0
0
0
0
0
0
0
0
0
0
0
0
0
0
0
0
0
0
0
0
0
0
0
0
0
0
0
0
0
0
0
0
0
0
0
0
0
0
0
0
0
0
0
0
0
0
0
0
0
0
0
0
0
0
0
0
0
0
0
0
0
0
0
0
0
0
0
0
0
0
0
0
0
0
0
0
0
0
0
0
0
0
0
0
0
0
0
0
0
0
0
0
0
0
0
0
0
0
0
0
0
0
0
0
0
0
0
0
0
0
0
0
0
0
0
0
0
0
0
0
0
0
0
0
0
0
0
0
0
0
0
0
0
0
0
0
0
0
0
0
0
0
0
0
0
0
0
0
0
0
0
0
0
0
0
0
0
0
0
0
0
0
0
0
0
0
0
0
0
0
0
0
0
0
0
0
0
0
0
0
0
0
0
0
0
0
0
0
0
0
0
0
0
0
0
0
0
0
0
0
0
0
0
0
0
0
0
0
0
0
0
0
0
0
0
0
0
0
0
0
0
0
0
0
0
0
0
0
0
0
0
0
0
0
0
0
0
0
0
0
0
0
0
0
0
0
0
0
0
0
0
0
0
0
0
0
0
0
0
0
0
0
0
0
0
0
0
0
0
0
0
0
0
0
0
0
0
0
0
0
0
0
0
0
0
0
0
0
0
0
0
0
0
0
0
0
0
0
0
0
0
0
0
0
0
0
0
0
0
0
0
0
0
0
0
0
0
0
0
0
0
0
0
0
0
0
0
0
0
0
0
0
0
0
0
0
0
0
0
0
0
0
0
0
0
0
0
0
0
0
0
0
0
0
0
0
0
0
0
0
0
0
0
0
0
0
0
0
0
0
0
0
0
0
0
0
0
0
0
0
0
0
0
0
0
0
0
0
0
0
0
0
0
0
0
0
0
0
0
0
0
0
0
0
0
0
0
0
0
0
0
0
0
0
0
0
0
0
0
0
0
0
0
0
0
0
0
0
0
0
0
0
0
0
0
0
0
0
0
0
0
0
0
0
0
0
0
0
0
0
0
0
0
0
0
0
0
0
0
0
0
0
0
0
0
0
0
0
0
0
0
0
0
0
0
0
0
0
0
0
0
0
0
0
0
0
0
0
0
0
0
0
0
0
0
0
0
0
0
0
0
0
0
0
0
0
0
0
0
0
0
0
0
0
0
0
0
0
0
0
0
0
0
0
0
0
0
0
0
0
0
0
0
0
0
0
0
0
0
0
0
0
0
0
0
0
0
0
0
0
0
0
0
0
0
0
0
0
0
0
0
0
0
0
0
0
0
0
0
0
0
0
0
0
0
0
0
0
0
0
0
0
0
0
0
0
0
0
0
0
0
0
0
0
0
0
0
0
0
0
0
0
0
0
0
0
0
0
0
0
0
0
0
0
0
0
0
0
0
0
0
0
0
0
0
0
0
0
0
0
0
0
0
0
0
0
0
0
0
0
0
0
0
0
0
0
0
0
0
0
0
0
0
0
0
0
0
0
0
0
0
0
0
0
0
0
0
0
0
0
0
0
0
0
0
0
0
0
0
0
0
0
0
0
0
0
0
0
0
0
0
0
0
0
0
0
0
0
0
0
0
0
0
0
0
0
0
0
0
0
0
0
0
0
0
0
0
0
0
0
0
0
0
0
0
0
0
0
0
0
0
0
0
0
0
0
0
0
0
0
0
0
0
0
0
0
0
0
0
0
0
0
0
0
0
0
0
0
0
0
0
0
0
0
0
0
0
0
0
0
0
0
0
0
0
0
0
0
0
0
0
0
0
0
0
0
0
0
0
0
0
0
0
0
0
0
0
0
0
0
0
0
0
0
0
0
0
0
0
0
0
0
0
0
0
0
0
0
0
0
0
0
0
0
0
0
0
0
0
0
0
0
0
0
0
0
0
0
0
0
0
0
0
0
0
0
0
0
0
0
0
0
0
0
0
0
0
0
0
0
0
0
0
0
0
0
0
0
0
0
0
0
0
0
0
0
0
0
0
0
0
0
0
0
0
0
0
0
0
0
0
0
0
0
0
0
0
0
0
0
0
0
0
0
0
0
0
0
0
0
0
0
0
0
0
0
0
0
0
0
0
0
0
0
0
0
0
0
0
0
0
0
0
0
0
0
0
0
0
0
0
0
0
0
0
0
0
0
0
0
0
0
0
0
0
0
0
0
0
0
0
0
0
0
0
0
0
0
0
0
0
0
0
0
0
0
0
0
0
0
0
0
0
0
0
0
0
0
0
0
0
0
0
0
0
0
0
0
0
0
0
0
0
0
0
0
0
0
0
0
0
0
0
0
0
0
0
0
0
0
0
0
0
0
0
0
0
0
0
0
0
0
0
0
0
0
0
0
0
0
0
0
0
0
0
0
0
0
0
0
0
0
0
0
0
0
0
0
0
0
0
0
0
0
0
0
0
0
0
0
0
0
0
0
0
0
0
0
0
0
0
0
0
0
0
0
0
0
0
0
0
0
0
0
0
0
0
0
0
0
0
0
0
0
0
0
0
0
0
0
0
0
0
0
0
0
0
0
0
0
0
0
0
0
0
0
0
0
0
0
0
0
0
0
0
0
0
0
0
0
0
0
0
0
0
0
0
0
0
0
0
0
0
0
0
0
0
0
0
0
0
0
0
0
0
0
0
0
0
0
0
0
0
0
0
0
0
0
0
0
0
0
0
0
0
0
0
0
0
0
0
0
0
0
0
0
0
0
0
0
0
0
0
0
0
0
0
0
0
0
0
0
0
0
0
0
0
0
0
0
0
0
0
0
0
0
0
0
0
0
0
0
0
0
0
0
0
0
0
0
0
0
0
0
0
0
0
0
0
0
0
0
0
0
0
0
0
0
0
0
0
0
0
0
0
0
0
0
0
0
0
0
0
0
0
0
0
0
0
0
0
0
0
0
0
0
0
0
0
0
0
0
0
0
0
0
0
0
0
0
0
0
0
0
0
0
0
0
0
0
0
0
0
0
0
0
0
0
0
0
0
0
0
0
0
0
0
0
0
0
0
0
0
0
0
0
0
0
0
0
0
0
0
0
0
0
0
0
0
0
0
0
0
0
0
0
0
0
0
0
0
0
0
0
0
0
0
0
0
0
0
0
0
0
0
0
0
0
0
0
0
0
0
0
0
0
0
0
0
0
0
0
0
0
0
0
0
0
0
0
0
0
0
0
0
0
0
0
0
0
0
0
0
0
0
0
0
0
0
0
0
0
0
0
0
0
0
0
0
0
0
0
0
0
0
0
0
0
0
0
0
0
0
0
0
0
0
0
0
0
0
0
0
0
0
0
0
0
0
0
0
0
0
0
0
0
0
0
0
0
0
0
0
0
0
0
0
0
0
0
0
0
0
0.014559926
0
0
0
0.0024455151
0
0
0
0
0
0
0
0
0
0
0
0.00077007903
0
0.016148112
0.010765945
0.010102162
0.013203631
0.00766486
0.014957637
0.0068051011
0
0
0
0
0
0
0
0
0
0
0
0
0
0
0
0
0
0
0
0
0
0
0
0
0
0
0
0
0
0
0
0
0
0
0
0
0
0
0
0
0
0
0
0
0
0
0
0
0
0
0
0
0
0
0
0
0
0
0
0
0
0
0
0
0
0
0
0.001424562
0
0
0
0.011471897
0
0
0
0
0
0
0
0
0
0
0
0
0
0
0
0
0
0
0
0
0
0
0
0
0
0
0
0
0
0
0
0
0
0
0
0
0
0
0
0
0
0
0
0
0
0
0
0
0
0
0
0
0
0
0
0
0
0
0
0
0
0
0
0.0041103347
0
0
0
0
0
0
0
0
0
0
0
0
0
0
0
0
0
0
0
0
0
0
0
0
0
0
0
0
0
0
0
0
0
0
0
0
0
0
0
0
0
0
0
0
0
0
0
0
0
0
0
0
0
0
0
0
0
0
0
0
0
0
0
0
0
0
0
0
0
0
0
0
0
0
0
0
0
0
0
0
0
0
0
0
0
0
0
0
0
0
0
0
0
0
0
0
0
0
0
0
0
0
0
0
0
0
0
0
0
0
0
0
0
0
0
0
0
0
0
0
0
0
0
0
0
0
0
0
0
0
0
0
0
0
0
0
0
0
0
0
0
0
0
0
0
0
0
0
0
0
0
0
0
0
0
0
0
0
0
0
0
0
0
0
0
0
0
0
0
0
0
0
0
0
0
0
0
0
0
0
0
0
0
0
0
0
0
0
0
0
0
0
0
0
0
0
0
0
0
0
0
0
0
0
0
0
0
0
0
0
0
0
0
0
0
0
0
0
0
0
0
0
0
0
0
0
0
0
0
0
0
0
0
0
0
0
0
0
0
0
0
0
0
0
0
0
0
0
0
0
0
0
0
0
0
0
0
0
0
0
0
0
0
0
0
0
0
0
0
0
0
0
0
0
0
0
0
0
0
0
0
0
0
0
0
0
0
0
0
0
0
0
0
0
0
0
0
0
0
0
0
0
0
0
0
0
0
0
0
0
0
0
0
0
0
0
0
0
0
0
0
0
0
0
0
0
0
0
0
0
0
0
0
0
0
0
0
0
0
0
0
0
0
0
0
0
0
0
0
0
0
0
0
0
0
0
0
0
0
0
0
0
0
0
0
0
0
0
0
0
0
0
0
0
0
0
0
0
0
0
0
0
0
0
0
0
0
0
0
0
0
0
0
0
0
0
0
0
0
0
0
0
0
0
0
0
0
0
0
0
0
0
0
0
0
0
0
0
0
0
0
0
0
0
0
0
0
0
0
0
0
0
0
0
0
0
0
0
0
0
0
0
0
0
0
0
0
0
0
0
0
0
0
0
0
0
0
0
0
0
0
0
0
0
0
0
0
0
0
0
0
0
0
0
0
0
0
0
0
0
0
0
0
0
0
0
0
0
0
0
0
0
0
0
0
0
0
0
0
0
0
0
0
0
0
0
0
0
0
0
0
0
0
0
0
0
0
0
0
0
0
0
0
0
0
0
0
0
0
0
0
0
0
0
0
0
0
0
0
0
0
0
0
0
0
0
0
0
0
0
0
0
0
0
0
0
0
0
0
0
0
0
0
0
0
0
0
0
0
0
0
0
0
0
0
0
0
0
0
0
0
0
0
0
0
0
0
0
0
0
0
0
0
0
0
0
0
0
0
0
0
0
0
0
0
0
0
0
0
0
0
0
0
0
0
0
0
0
0
0
0
0
0
0
0
0
0
0
0
0
0
0
0
0
0
0
0
0
0
0
0
0
0
0
0
0
0
0
0
0
0
0
0
0
0
0
0
0
0
0
0
0
0
0
0
0
0
0
0
0
0
0
0
0
0
0
0
0
0
0
0
0
0
0
0
0
0
0
0
0
0
0
0
0
0
0
0
0
0
0
0
0
0
0
0
0
0
0
0
0
0
0
0
0
0
0
0
0
0
0
0
0
0
0
0
0
0
0
0
0
0
0
0
0
0
0
0
0
0
0
0
0
0
0
0
0
0
0
0
0
0
0
0
0
0
0
0
0
0
0
0
0
0
0
0
0
0
0
0
0
0
0
0
0
0
0
0
0
0
0
0
0
0
0
0
0
0
0
0
0
0
0
0
0
0
0
0
0
0
0
0
0
0
0
0
0
0
0
0
0
0
0
0
0
0
0
0
0
0
0
0
0
0
0
0
0
0
0
0
0
0
0
0
0
0
0
0
0
0
0
0
0
0
0
0
0
0
0
0
0
0
0
0
0
0
0
0
0
0
0
0
0
0
0
0
0
0
0
0
0
0
0
0
0
0
0
0
0
0
0
0
0
0
0
0
0
0
0
0
0
0
0
0
0
0
0
0
0
0
0
0
0
0
0
0
0
0
0
0
0
0
0
0
0
0
0
0
0
0
0
0
0
0
0
0
0
0
0
0
0
0
0
0
0
0
0
0
0
0
0
0
0
0
0
0
0
0
0
0
0
0
0
0
0
0
0
0
0
0
0
0
0
0
0
0
0
0
0
0
0
0
0
0
0
0
0
0
0
0
0
0
0
0
0
0
0
0
0
0
0
0
0
0
0
0
0
0
0
0
0
0
0
0
0
0
0
0
0
0
0
0
0
0
0
0
0
0
0
0
0
0
0
0
0
0
0
0
0
0
0
0
0
0
0
0
0
0
0
0
0
0
0
0
0
0
0
0
0
0
0
0
0
0
0
0
0
0
0
0
0
0
0
0
0
0
0
0
0
0
0
0
0
0
0
0
0
0
0
0
0
0
0
0
0
0
0
0
0
0
0
0
0
0
0
0
0
0
0
0
0
0
0
0
0
0
0
0
0
0
0
0
0
0
0
0
0
0
0
0
0
0
0
0
0
0
0
0
0
0
0
0
0
0
0
0
0
0
0
0
0
0
0
0
0
0
0
0
0
0
0
0
0
0
0
0
0
0
0
0
0
0
0
0
0
0
0
0
0
0
0
0
0
0
0
0
0
0
0
0
0
0
0
0
0
0
0
0
0
0
0
0
0
0
0
0
0
0
0
0
0
0
0
0
0
0
0
0
0
0
0
0
0
0
0
0
0
0
0
0
0
0
0
0
0
0
0
0
0
0
0
0
0
0
0
0
0
0
0
0
0
0
0
0
0
0
0
0
0
0
0
0
0
0
0
0
0
0
0
0
0
0
0
0
0
0
0
0
0
0
0
0
0
0
0
0
0
0
0
0
0
0
0
0
0
0
0
0
0
0
0
0
0
0
0
0
0
0
0
0
0
0
0
0
0
0
0
0
0
0
0
0
0
0
0
0
0
0
0
0
0
0
0
0
0
0
0
0
0
0
0
0
0
0
0
0
0
0
0
0
0
0
0
0
0
0
0
0
0
0
0
0
0
0
0
0
0
0
0
0
0
0
0
0
0
0
0
0
0
0
0
0
0
0
0
0
0
0
0
0
0
0
0
0
0
0
0
0
0
0
0
0
0
0
0
0
0
0
0
0
0
0
0
0
0
0
0
0
0
0
0
0
0
0
0
0
0
0
0
0
0
0
0
0
0
0
0
0
0
0
0
0
0
0
0
0
0
0
0
0
0
0
0
0
0
0
0
0
0
0
0
0
0
0
0
0
0
0
0
0
0
0
0
0
0
0
0
0
0
0
0
0
0
0
0
0
0
0
0
0
0
0
0
0
0
0
0
0
0
0
0
0
0
0
0
0
0
0
0
0
0
0
0
0
0
0
0
0
0
0
0
0
0
0
0
0
0
0
0
0
0
0
0
0
0
0
0
0
0
0
0
0
0
0
0
0
0
0
0
0
0
0
0
0
0
0
0
0
0
0
0
0
0
0
0
0
0
0
0
0
0
0
0
0
0
0
0
0
0
0
0
0
0
0
0
0
0
0
0
0
0
0
0
0
0
0
0
0
0
0
0
0
0
0
0
0
0
0
0
0
0
0
0
0
0
0
0
0
0
0
0
0
0
0
0
0
0
0
0
0
0
0
0
0
0
0
0
0
0
0
0
0
0
0
0
0
0
0
0
0
0
0
0
0
0
0
0
0
0
0
0
0
0
0
0
0
0
0
0
0
0
0
0
0
0
0
0
0
0
0
0
0
0
0
0
0
0
0
0
0
0
0
0
0
0
0
0
0
0
0
0
0
0
0
0
0
0
0
0
0
0
0
0
0
0
0
0
0
0
0
0
0
0
0
0
0
0
0
0
0
0
0
0
0
0
0
0
0
0
0
0
0
0
0
0
0
0
0
0
0
0
0
0
0
0
0
0
0
0
0
0
0
0
0
0
0
0
0
0
0
0
0
0
0
0
0
0
0
0
0
0
0
0
0
0
0
0
0
0
0
0
0
0
0
0
0
0
0
0
0
0
0
0
0
0
0
0
0
0
0
0
0
0
0
0
0
0
0
0
0
0
0
0
0
0
0
0
0
0
0
0
0
0
0
0
0
0
0
0
0
0
0
0
0
0
0
0
0
0
0
0
0
0
0
0
0
0
0
0
0
0
0
0
0
0
0
0
0
0
0
0
0
0
0
0
0
0
0
0
0
0
0
0
0
0
0
0
0
0
0
0
0
0
0
0
0
0
0
0
0
0
0
0
0
0
0
0
0
0
0
0
0
0
0
0
0
0
0
0
0
0
0
0
0
0
0
0
0
0
0
0
0
0
0
0
0
0
0
0
0
0
0
0
0
0
0
0
0
0
0
0
0
0
0
0
0
0
0
0
0
0
0
0
0
0
0
0
0
0
0
0
0
0
0
0
0
0
0
0
0
0
0
0
0
0
0
0
0
0
0
0
0
0
0
0
0
0
0
0
0
0
0
0
0
0
0
0
0
0
0
0
0
0
0
0
0
0
0
0
0
0
0
0
0
0
0
0
0
0
0
0
0
0
0
0
0
0
0
0
0
0
0
0
0
0
0
0
0
0
0
0
0
0
0
0
0
0
0
0
0
0
0
0
0
0
0
0
0
0
0
0
0
0
0
0
0
0
0
0
0
0
0
0
0
0
0
0
0
0
0
0
0
0
0
0
0
0
0
0
0
0
0
0
0
0
0
0
0
0
0
0
0
0
0
0
0
0
0
0
0
0
0
0
0
0
0
0
0
0
0
0
0
0
0
0
0
0
0
0
0
0
0
0
0
0
0
0
0
0
0
0
0
0
0
0
0
0
0
0
0
0
0
0
0
0
0
0
0
0
0
0
0
0
0
0
0
0
0
0
0
0
0
0
0
0
0
0
0
0
0
0
0
0
0
0
0
0
0
0
0
0
0
0
0
0
0
0
0
0
0
0
0
0
0
0
0
0
0
0
0
0
0
0
0
0
0
0
0
0
0
0
0
0
0
0
0
0
0
0
0
0
0
0
0
0
0
0
0
0
0
0
0
0
0
0
0
0
0
0
0
0
0
0
0
0
0
0
0
0
0
0
0
0
0
0
0
0
0
0
0
0
0
0
0
0
0
0
0
0
0
0
0
0
0
0
0
0
0
0
0
0
0
0
0
0
0
0
0
0
0
0
0
0
0
0
0
0
0
0
0
0
0
0
0
0
0
0
0
0
0
0
0
0
0
0
0
0
0
0
0
0
0
0
0
0
0
0
0
0
0
0
0
0
0
0
0
0
0
0
0
0
0
0
0
0
0
0
0
0
0
0
0
0
0
0
0
0
0
0
0
0
0
0
0
0
0
0
0
0
0
0
0
0
0
0
0
0
0
0
0
0
0
0
0
0
0
0
0
0
0
0
0
0
0
0
0
0
0
0
0
0
0
0
0
0
0
0
0
0
0
0
0
0
0
0
0
0
0
0
0
0
0
0
0
0
0
0
0
0
0
0
0
0
0
0
0
0
0
0
0
0
0
0
0
0
0
0
0
0
0
0
0
0
0
0
0
0
0
0
0
0
0
0
0
0
0
0
0
0
0
0
0
0
0
0
0
0
0
0
0
0
0
0
0
0
0
0
0
0
0
0
0
0
0
0
0
0
0
0
0
0
0
0
0
0
0
0
0
0
0
0
0
0
0
0
0
0
0
0
0
0
0
0
0
0
0
0
0
0
0
0
0
0
0
0
0
0
0
0
0
0
0
0
0
0
0
0
0
0
0
0
0
0
0
0
0
0
0
0
0
0
0
0
0
0
0
0
0
0
0
0
0
0
0
0
0
0
0
0
0
0
0
0
0
0
0
0
0
0
0
0
0
0
0
0
0
0
0
0
0
0
0
0
0
0
0
0
0
0
0
0
0
0
0
0
0
0
0
0
0
0
0
0
0
0
0
0
0
0
0
0
0
0
0
0
0
0
0
0
0
0
0
0
0
0
0
0
0
0
0
0
0
0
0
0
0
0
0
0
0
0
0.016061494
0.00014458523
0
0
0.003859991
0
0
0
0
0
0
0
0.0024870179
0
0.017375883
0.011959363
0.011354036
0.013651979
0.0091446097
0.016520042
0.0090119731
0
0
0
0
0
0
0
0
0
0.01491606
0.019318966
0.0057795726
0.010617206
0.019277965
0.016446669
0.022794914
0.02786407
0.027494345
0.027211618
0.0099958498
0
0
0
0
0
0
0
0
0
0
0
0
0
0
0
0
0
0
0
0
0
0
0
0
0
0
0
0
0
0
0
0
0
0
0
0
0
0
0
0
0
0
0
0.012770478
0
0
0
0
0
0
0
0
0
0
0
0
0
0
0
0
0
0
0
0
0
0
0.0074914508
0.011275339
0.014222083
0
0
0
0.0092536449
0.010556414
0
0
0
0
0
0
0
0
0
0
0
0
0
0
0
0
0
0
0
0
0
0
0
0
0
0
0
0
0
0
0
0
0
0
0
0
0
0
0
0
0
0
0
0
0
0
0
0
0
0
0
0
0
0
0
0
0
0.00093833767
0.0066311972
0
0.00062414771
0.008393855
0.012545523
0.01749763
0
0
0
0
0
0
0
0
0
0
0
0
0
0
0
0
0
0
0
0
0
0
0
0
0
0
0
0
0
0
0
0
0
0
0
0
0
0
0
0
0
0
0
0
0
0
0
0
0
0
0
0
0
0
0
0
0
0
0
0
0
0
0
0
0
0
0
0
0
0
0
0
0
0
0
0
0
0
0
0
0
0
0
0
0
0
0
0
0
0
0
0
0
0
0
0
0
0
0
0
0
0
0
0
0
0
0
0
0
0
0
0
0
0
0
0
0
0
0
0
0
0
0
0
0
0
0
0
0
0
0
0
0
0
0
0
0
0
0
0
0
0
0
0
0
0
0
0
0
0
0
0
0
0
0
0
0
0
0
0
0
0
0
0
0
0
0
0
0
0
0
0
0
0
0
0
0
0
0
0
0
0
0
0
0
0
0
0
0
0
0
0
0
0
0
0
0
0
0
0
0
0
0
0
0
0
0
0
0
0
0
0
0
0
0
0
0
0
0
0
0
0
0
0
0
0
0
0
0
0
0
0
0
0
0
0
0
0
0
0
0
0
0
0
0
0
0
0
0
0
0
0
0
0
0
0
0
0
0
0
0
0
0
0
0
0
0
0
0
0
0
0
0
0
0
0
0
0
0
0
0
0
0
0
0
0
0
0
0
0
0
0
0
0
0
0
0
0
0
0
0
0
0
0
0
0
0
0
0
0
0
0
0
0
0
0
0
0
0
0
0
0
0
0
0
0
0
0
0
0
0
0
0
0
0
0
0
0
0
0
0
0
0
0
0
0
0
0
0
0
0
0
0
0
0
0
0
0
0
0
0
0
0
0
0
0
0
0
0
0
0
0
0
0
0
0
0
0
0
0
0
0
0
0
0
0
0
0
0
0
0
0
0
0
0
0
0
0
0
0
0
0
0
0
0
0
0
0
0
0
0
0
0
0
0
0
0
0
0
0
0
0
0
0
0
0
0
0
0
0
0
0
0
0
0
0
0
0
0
0
0
0
0
0
0
0
0
0
0
0
0
0
0
0
0
0
0
0
0
0
0
0
0
0
0
0
0
0
0
0
0
0
0
0
0
0
0
0
0
0
0
0
0
0
0
0
0
0
0
0
0
0
0
0
0
0
0
0
0
0
0
0
0
0
0
0
0
0
0
0
0
0
0
0
0
0
0
0
0
0
0
0
0
0
0
0
0
0
0
0
0
0
0
0
0
0
0
0
0
0
0
0
0
0
0
0
0
0
0
0
0
0
0
0
0
0
0
0
0
0
0
0
0
0
0
0
0
0
0
0
0
0
0
0
0
0
0
0
0
0
0
0.016187112
0
0
0
0
0
0
0.015370204
0
0
0
0
0
0
0
0
0
0
0
0
0
0
0
0
0
0
0
0
0
0
0
0
0
0
0
0
0
0
0
0
0
0
0
0
0
0
0
0
0
0
0
0
0
0
0
0
0
0
0
0
0
0
0
0
0
0
0
0
0
0
0
0
0
0
0
0
0
0
0
0
0
0
0
0
0
0
0
0
0
0
0
0
0
0
0
0
0
0
0
0
0
0
0
0
0
0
0
0
0
0
0
0
0
0
0
0
0
0
0
0
0
0
0
0
0
0
0
0
0
0
0
0
0
0
0
0
0
0
0
0
0
0
0
0
0
0
0
0
0
0
0
0
0
0
0
0
0
0
0
0
0
0
0
0
0
0
0
0
0
0
0
0
0
0
0
0
0
0
0
0
0
0
0
0
0
0
0
0
0
0
0
0
0
0
0
0
0
0
0
0
0
0
0
0
0
0
0
0
0
0
0
0
0
0
0
0
0
0
0
0
0
0
0
0
0
0
0
0
0
0
0
0
0
0
0
0
0
0
0
0
0
0
0
0
0
0
0
0
0
0
0
0
0
0
0
0
0
0
0
0
0
0
0
0
0
0
0
0
0
0
0
0
0
0
0
0
0
0
0
0
0
0
0
0
0
0
0
0
0
0
0
0
0
0
0
0
0
0
0
0
0
0
0
0
0
0
0
0
0
0
0
0
0
0
0
0
0
0
0
0
0
0
0
0
0
0
0
0
0
0
0
0
0
0
0
0
0
0
0
0
0
0
0
0
0
0
0
0
0
0
0
0
0
0
0
0
0
0
0
0
0
0
0
0
0
0
0
0
0
0
0
0
0
0
0
0
0
0
0
0
0
0
0
0
0
0
0
0
0
0
0
0
0
0
0
0
0
0
0
0
0
0
0
0
0
0
0
0
0
0
0
0
0
0
0
0
0
0
0
0
0
0
0
0
0
0
0
0
0
0
0
0
0
0
0
0
0
0
0
0
0
0
0
0
0
0
0
0
0
0
0
0
0
0
0
0
0
0
0
0
0
0
0
0
0
0
0
0
0
0
0
0
0
0
0
0
0
0
0
0
0
0
0
0
0
0
0
0
0
0
0
0
0
0
0
0
0
0
0
0
0
0
0
0
0
0
0
0
0
0
0
0
0
0
0
0
0
0
0
0
0
0
0
0
0
0
0
0
0
0
0
0
0
0
0
0
0
0
0
0
0
0
0
0
0
0
0
0
0
0
0
0
0
0
0
0
0
0
0
0
0
0
0
0
0
0
0
0
0
0
0
0
0
0
0
0
0
0
0
0
0
0
0
0
0
0
0
0
0
0
0
0
0
0
0
0
0
0
0
0
0
0
0
0
0
0
0
0
0
0
0
0
0
0
0
0
0
0
0
0
0
0
0
0
0
0
0
0
0
0
0
0
0
0
0
0
0
0
0
0
0
0
0
0
0
0
0
0
0
0
0
0
0
0
0
0
0
0
0
0
0
0
0
0
0
0
0
0
0
0
0
0
0
0
0
0
0
0
0
0
0
0
0
0
0
0
0
0
0
0
0
0
0
0
0
0
0
0
0
0
0
0
0
0
0
0
0
0
0
0
0
0
0
0
0
0
0
0
0
0
0
0
0
0
0
0
0
0
0
0
0
0
0
0
0
0
0
0
0
0
0
0
0
0
0
0
0
0
0
0
0
0
0
0
0
0
0
0
0
0
0
0
0
0
0
0
0
0
0
0
0
0
0
0
0
0
0
0
0
0
0
0
0
0
0
0
0
0
0
0
0
0
0
0
0
0
0
0
0
0
0
0
0
0
0
0
0
0
0
0
0
0
0
0
0
0
0
0
0
0
0
0
0
0
0
0
0
0
0
0
0
0
0
0
0
0
0
0
0
0
0
0
0
0
0
0
0
0
0
0
0
0
0
0
0
0
0
0
0
0
0
0
0
0
0
0
0
0
0
0
0
0
0
0
0
0
0
0
0
0
0
0
0
0
0
0
0
0
0
0
0
0
0
0
0
0
0
0
0
0
0
0
0
0
0
0
0
0
0
0
0
0
0
0
0
0
0
0
0
0
0
0
0
0
0
0
0
0
0
0
0
0
0
0
0
0
0
0
0
0
0
0
0
0
0
0
0
0
0
0
0
0
0
0
0
0
0
0
0
0
0
0
0
0
0
0
0
0
0
0
0
0
0
0
0
0
0
0
0
0
0
0
0
0
0
0
0
0
0
0
0
0
0
0
0
0
0
0
0
0
0
0
0
0
0
0
0
0
0
0
0
0
0
0
0
0
0
0
0
0
0
0
0
0
0
0
0
0
0
0
0
0
0
0
0
0
0
0
0
0
0
0
0
0
0
0
0
0
0
0
0
0
0
0
0
0
0
0
0
0
0
0
0
0
0
0
0
0
0
0
0
0
0
0
0
0
0
0
0
0
0
0
0
0
0
0
0
0
0
0
0
0
0
0
0
0
0
0
0
0
0
0
0
0
0
0
0
0
0
0
0
0
0
0
0
0
0
0
0
0
0
0
0
0
0
0
0
0
0
0
0
0
0
0
0
0
0
0
0
0
0
0
0
0
0
0
0
0
0
0
0
0
0
0
0
0
0
0
0
0
0
0
0
0
0
0
0
0
0
0
0
0
0
0
0
0
0
0
0
0
0
0
0
0
0
0
0
0
0
0
0
0
0
0
0
0
0
0
0
0
0
0
0
0
0
0
0
0
0
0
0
0
0
0
0
0
0
0
0
0
0
0
0
0
0
0
0
0
0
0
0
0
0
0
0
0
0
0
0
0
0
0
0
0
0
0
0
0
0
0
0
0
0
0
0
0
0
0
0
0
0
0
0
0
0
0
0
0
0
0
0
0
0
0
0
0
0
0
0
0
0
0
0
0
0
0
0
0
0
0
0
0
0
0
0
0
0
0
0
0
0
0
0
0
0
0
0
0
0
0
0
0
0
0
0
0
0
0
0
0
0
0
0
0
0
0
0
0
0
0
0
0
0
0
0
0
0
0
0
0
0
0
0
0
0
0
0
0
0
0
0
0
0
0
0
0
0
0
0
0
0
0
0
0
0
0
0
0
0
0
0
0
0
0
0
0
0
0
0
0
0
0
0
0
0
0
0
0
0
0
0
0
0
0
0
0
0
0
0
0
0
0
0
0
0
0
0
0
0
0
0
0
0
0
0
0
0
0
0
0
0
0
0
0
0
0
0
0
0
0
0
0
0
0
0
0
0
0
0
0
0
0
0
0
0
0
0
0
0
0
0
0
0
0
0
0
0
0
0
0
0
0
0
0
0
0
0
0
0
0
0
0
0
0
0
0
0
0
0
0
0
0
0
0
0
0
0
0
0
0
0
0
0
0
0
0
0
0
0
0
0
0
0
0
0
0
0
0
0
0
0
0
0
0
0
0
0
0
0
0
0
0
0
0
0
0
0
0
0
0
0
0
0
0
0
0
0
0
0
0
0
0
0
0
0
0
0
0
0
0
0
0
0
0
0
0
0
0
0
0
0
0
0
0
0
0
0
0
0
0
0
0
0
0
0
0
0
0
0
0
0
0
0
0
0
0
0
0
0
0
0
0
0
0
0
0
0
0
0
0
0
0
0
0
0
0
0
0
0
0
0
0
0
0
0
0
0
0
0
0
0
0
0
0
0
0
0
0
0
0
0
0
0
0
0
0
0
0
0
0
0
0
0
0
0
0
0
0
0
0
0
0
0
0
0
0
0
0
0
0
0
0
0
0
0
0
0
0
0
0
0
0
0
0
0
0
0
0
0
0
0
0
0
0
0
0
0
0
0
0
0
0
0
0
0
0
0
0
0
0
0
0
0
0
0
0
0
0
0
0
0
0
0
0
0
0
0
0
0
0
0
0
0
0
0
0
0
0
0
0
0
0
0
0
0
0
0
0
0
0
0
0
0
0
0
0
0
0
0
0
0
0
0
0
0
0
0
0
0
0
0
0
0
0
0
0
0
0
0
0
0
0
0
0
0
0
0
0
0
0
0
0
0
0
0
0
0
0
0
0
0
0
0
0
0
0
0
0
0
0
0
0
0
0
0
0
0
0
0
0
0
0
0
0
0
0
0
0
0
0
0
0
0
0
0
0
0
0
0
0
0
0
0
0
0
0
0
0
0
0
0
0
0
0
0
0
0
0
0
0
0
0
0
0
0
0
0
0
0
0
0
0
0
0
0
0
0
0
0
0
0
0
0
0
0
0
0
0
0
0
0
0
0
0
0
0
0
0
0
0
0
0
0
0
0
0
0
0
0
0
0
0
0
0
0
0
0
0
0
0
0
0
0
0
0
0
0
0
0
0
0
0
0
0
0
0
0
0
0
0
0
0
0
0
0
0
0
0
0
0
0
0
0
0
0
0
0
0
0
0
0
0
0
0
0
0
0
0
0
0
0
0
0
0
0
0
0
0
0
0
0
0
0
0
0
0
0
0
0
0
0
0
0
0
0
0
0
0
0
0
0
0
0
0
0
0
0
0
0
0
0
0
0
0
0
0
0
0
0
0
0
0
0
0
0
0
0
0
0
0
0
0
0
0
0
0
0
0
0
0.015559113
0.0012859346
0
0
0.0044649657
0
0
0
0
0
0
0
0.0034854597
0
0.017552762
0.01267729
0.01203627
0.013629222
0.0099852829
0.017476813
0.010322596
0
0
0
0
0
0.015593202
0.020887959
0.0066397331
0.01119338
0.019006721
0.016645609
0.022776842
0.028051026
0.028243648
0.028529161
0.012702468
0
0
0
0
0
0
0
0
0.011662889
0.025845736
0.012942046
0.020701861
0.010812062
0.015408765
0.024943414
0.028694987
0.030136677
0.030308433
0.019258443
0.0073871527
0
0
0
0
0
0
0
0
0
0
0
0
0
0
0
0
0
0
0
0
0
0
0
0
0
0
0
0
0
0
0
0
0
0
0
0
0
0
0
0
0
0.013831891
0
0
0
0
0
0
0.010143398
0.012052879
0
0
0
0
0
0
0
0
0
0
0
0
0
0
0
0
0
0
0
0
0.00093266265
0.0031180364
0.011756431
0.0078339334
0
0
0
0.012050536
0
0
0
0
0
0
0
0
0
0
0
0
0
0
0
0
0
0
0
0
0
0
0
0
0
0
0
0
0
0
0
0
0
0
0
0
0
0
0
0
0
0
0
0
0
0
0
0
0
0
0
0
0
0.0079474326
0
0.0016080425
0.0084815522
0.01334229
0.020268776
0.00017593198
0
0.0018788187
0.0045104278
0.014248844
0.010456329
0
0
0
0
0
0
0
0
0
0
0
0
0
0
0
0
0
0
0
0
0
0
0
0
0
0
0
0
0
0
0
0
0
0
0
0
0
0
0
0
0
0
0
0
0
0
0
0
0
0
0
0
0
0
0
0
0
0
0
0
0
0
0
0
0
0
0
0
0
0
0
0
0
0
0
0
0
0
0
0
0
0
0
0
0
0
0
0
0
0
0
0
0
0
0
0
0
0
0
0
0
0
0
0
0
0
0
0
0
0
0
0
0
0
0
0
0
0
0
0
0
0
0
0
0
0
0
0
0
0
0
0
0
0
0
0
0
0
0
0
0
0
0
0
0
0
0
0
0
0
0
0
0
0
0
0
0
0
0
0
0
0
0
0
0
0
0
0
0
0
0
0
0
0
0
0
0
0
0
0
0
0
0
0
0
0
0
0
0
0
0
0
0
0
0
0
0
0
0
0
0
0
0
0
0
0
0
0
0
0
0
0
0
0
0
0
0
0
0
0
0
0
0
0
0
0
0
0
0
0
0
0
0
0
0
0
0
0
0
0
0
0
0
0
0
0
0
0
0
0
0
0
0
0
0
0
0
0
0
0
0
0
0
0
0
0
0
0
0
0
0
0
0
0
0
0
0
0
0
0
0
0
0
0
0
0
0
0
0
0
0
0
0
0
0
0
0
0
0
0
0
0
0
0
0
0
0
0
0
0
0
0
0
0
0
0
0
0
0
0
0
0
0
0
0
0
0
0
0
0
0
0
0
0
0
0
0
0
0
0
0
0
0
0
0
0
0
0
0
0
0
0
0
0
0
0
0
0
0
0
0
0
0
0
0
0
0
0
0
0
0
0
0
0
0
0
0
0
0
0
0
0
0
0
0
0
0
0
0
0
0
0
0
0
0
0
0
0
0
0
0
0
0
0
0
0
0
0
0
0
0
0
0
0
0
0
0
0
0
0
0
0
0
0
0
0
0
0
0
0
0
0
0
0
0
0
0
0
0
0
0
0
0
0
0
0
0
0
0
0
0
0
0
0
0
0
0
0
0
0
0
0
0
0
0
0
0
0
0
0
0
0
0
0
0
0
0
0
0
0
0
0
0
0
0
0
0
0
0
0
0
0
0
0
0
0
0
0
0
0
0
0
0
0
0
0
0
0
0
0
0
0
0
0
0
0
0
0
0
0
0
0
0
0
0
0
0
0
0
0
0
0
0
0
0
0
0
0
0
0
0
0
0
0
0
0
0.015579993
0
0
0
0
0.012369202
0.017796948
0.035707048
0
0
0
0
0
0.011913895
0.017415527
0.034901079
0
0
0
0
0
0
0
0
0
0
0
0
0
0
0
0
0
0
0
0.00084699322
0
0
0
0
0
0
0
0
0
0
0
0
0
0
0
0
0
0
0
0
0
0
0
0
0
0
0
0
0
0
0
0
0
0
0
0
0
0
0
0
0
0
0
0
0
0
0
0
0
0
0
0
0
0
0
0
0
0
0
0
0
0
0
0
0
0
0
0
0
0
0
0
0
0
0
0
0
0
0
0
0
0
0
0
0
0
0
0
0
0
0
0
0
0
0
0
0
0
0
0
0
0
0
0
0
0
0
0
0
0
0
0
0
0
0
0
0
0
0
0
0
0
0
0
0
0
0
0
0
0
0
0
0
0
0
0
0
0
0
0
0
0
0
0
0
0
0
0
0
0
0
0
0
0
0
0
0
0
0
0
0
0
0
0
0
0
0
0
0
0
0
0
0
0
0
0
0
0
0
0
0
0
0
0
0
0
0
0
0
0
0
0
0
0
0
0
0
0
0
0
0
0
0
0
0
0
0
0
0
0
0
0
0
0
0
0
0
0
0
0
0
0
0
0
0
0
0
0
0
0
0
0
0
0
0
0
0
0
0
0
0
0
0
0
0
0
0
0
0
0
0
0
0
0
0
0
0
0
0
0
0
0
0
0
0
0
0
0
0
0
0
0
0
0
0
0
0
0
0
0
0
0
0
0
0
0
0
0
0
0
0
0
0
0
0
0
0
0
0
0
0
0
0
0
0
0
0
0
0
0
0
0
0
0
0
0
0
0
0
0
0
0
0
0
0
0
0
0
0
0
0
0
0
0
0
0
0
0
0
0
0
0
0
0
0
0
0
0
0
0
0
0
0
0
0
0
0
0
0
0
0
0
0
0
0
0
0
0
0
0
0
0
0
0
0
0
0
0
0
0
0
0
0
0
0
0
0
0
0
0
0
0
0
0
0
0
0
0
0
0
0
0
0
0
0
0
0
0
0
0
0
0
0
0
0
0
0
0
0
0
0
0
0
0
0
0
0
0
0
0
0
0
0
0
0
0
0
0
0
0
0
0
0
0
0
0
0
0
0
0
0
0
0
0
0
0
0
0
0
0
0
0
0
0
0
0
0
0
0
0
0
0
0
0
0
0
0
0
0
0
0
0
0
0
0
0
0
0
0
0
0
0
0
0
0
0
0
0
0
0
0
0
0
0
0
0
0
0
0
0
0
0
0
0
0
0
0
0
0
0
0
0
0
0
0
0
0
0
0
0
0
0
0
0
0
0
0
0
0
0
0
0
0
0
0
0
0
0
0
0
0
0
0
0
0
0
0
0
0
0
0
0
0
0
0
0
0
0
0
0
0
0
0
0
0
0
0
0
0
0
0
0
0
0
0
0
0
0
0
0
0
0
0
0
0
0
0
0
0
0
0
0
0
0
0
0
0
0
0
0
0
0
0
0
0
0
0
0
0
0
0
0
0
0
0
0
0
0
0
0
0
0
0
0
0
0
0
0
0
0
0
0
0
0
0
0
0
0
0
0
0
0
0
0
0
0
0
0
0
0
0
0
0
0
0
0
0
0
0
0
0
0
0
0
0
0
0
0
0
0
0
0
0
0
0
0
0
0
0
0
0
0
0
0
0
0
0
0
0
0
0
0
0
0
0
0
0
0
0
0
0
0
0
0
0
0
0
0
0
0
0
0
0
0
0
0
0
0
0
0
0
0
0
0
0
0
0
0
0
0
0
0
0
0
0
0
0
0
0
0
0
0
0
0
0
0
0
0
0
0
0
0
0
0
0
0
0
0
0
0
0
0
0
0
0
0
0
0
0
0
0
0
0
0
0
0
0
0
0
0
0
0
0
0
0
0
0
0
0
0
0
0
0
0
0
0
0
0
0
0
0
0
0
0
0
0
0
0
0
0
0
0
0
0
0
0
0
0
0
0
0
0
0
0
0
0
0
0
0
0
0
0
0
0
0
0
0
0
0
0
0
0
0
0
0
0
0
0
0
0
0
0
0
0
0
0
0
0
0
0
0
0
0
0
0
0
0
0
0
0
0
0
0
0
0
0
0
0
0
0
0
0
0
0
0
0
0
0
0
0
0
0
0
0
0
0
0
0
0
0
0
0
0
0
0
0
0
0
0
0
0
0
0
0
0
0
0
0
0
0
0
0
0
0
0
0
0
0
0
0
0
0
0
0
0
0
0
0
0
0
0
0
0
0
0
0
0
0
0
0
0
0
0
0
0
0
0
0
0
0
0
0
0
0
0
0
0
0
0
0
0
0
0
0
0
0
0
0
0
0
0
0
0
0
0
0
0
0
0
0
0
0
0
0
0
0
0
0
0
0
0
0
0
0
0
0
0
0
0
0
0
0
0
0
0
0
0
0
0
0
0
0
0
0
0
0
0
0
0
0
0
0
0
0
0
0
0
0
0
0
0
0
0
0
0
0
0
0
0
0
0
0
0
0
0
0
0
0
0
0
0
0
0
0
0
0
0
0
0
0
0
0
0
0
0
0
0
0
0
0
0
0
0
0
0
0
0
0
0
0
0
0
0
0
0
0
0
0
0
0
0
0
0
0
0
0
0
0
0
0
0
0
0
0
0
0
0
0
0
0
0
0
0
0
0
0
0
0
0
0
0
0
0
0
0
0
0
0
0
0
0
0
0
0
0
0
0
0
0
0
0
0
0
0
0
0
0
0
0
0
0
0
0
0
0
0
0
0
0
0
0
0
0
0
0
0
0
0
0
0
0
0
0
0
0
0
0
0
0
0
0
0
0
0
0
0
0
0
0
0
0
0
0
0
0
0
0
0
0
0
0
0
0
0
0
0
0
0
0
0
0
0
0
0
0
0
0
0
0
0
0
0
0
0
0
0
0
0
0
0
0
0
0
0
0
0
0
0
0
0
0
0
0
0
0
0
0
0
0
0
0
0
0
0
0
0
0
0
0
0
0
0
0
0
0
0
0
0
0
0
0
0
0
0
0
0
0
0
0
0
0
0
0
0
0
0
0
0
0
0
0
0
0
0
0
0
0
0
0
0
0
0
0
0
0
0
0
0
0
0
0
0
0
0
0
0
0
0
0
0
0
0
0
0
0
0
0
0
0
0
0
0
0
0
0
0
0
0
0
0
0
0
0
0
0
0
0
0
0
0
0
0
0
0
0
0
0
0
0
0
0
0
0
0
0
0
0
0
0
0
0
0
0
0
0
0
0
0
0
0
0
0
0
0
0
0
0
0
0
0
0
0
0
0
0
0
0
0
0
0
0
0
0
0
0
0
0
0
0
0
0
0
0
0
0
0
0
0
0
0
0
0
0
0
0
0
0
0
0
0
0
0
0
0
0
0
0
0
0
0
0
0
0
0
0
0
0
0
0
0
0
0
0
0
0
0
0
0
0
0
0
0
0
0
0
0
0
0
0
0
0
0
0
0
0
0
0
0
0
0
0
0
0
0
0
0
0
0
0
0
0
0
0
0
0
0
0
0
0
0
0
0
0
0
0
0
0
0
0
0
0
0
0
0
0
0
0
0
0
0
0
0
0
0
0
0
0
0
0
0
0
0
0
0
0
0
0
0
0
0
0
0
0
0
0
0
0
0
0
0
0
0
0
0
0
0
0.0032722992
0
0
0.002708692
0
0
0
0
0
0
0
0
0
0
0
0
0
0
0
0
0
0
0
0
0
0
0
0
0
0
0
0
0
0
0
0
0
0
0
0
0
0
0
0
0
0
0
0
0
0
0
0
0
0
0
0
0
0
0
0
0
0
0
0
0
0
0
0
0
0
0
0
0
0
0
0
0
0
0
0
0
0
0
0
0
0
0
0
0
0
0
0
0
0
0
0
0
0
0
0
0
0
0
0
0
0
0
0
0
0
0
0
0
0
0
0
0
0
0
0
0
0
0
0
0
0
0
0
0
0
0
0
0
0
0
0
0
0
0
0
0
0
0
0
0
0
0
0
0
0
0
0
0
0
0
0
0
0
0
0
0
0
0
0
0
0
0
0
0
0
0
0
0
0
0
0
0
0
0
0
0
0
0
0
0
0
0
0
0
0
0
0
0
0
0
0
0
0
0
0
0
0
0
0
0
0
0
0
0
0
0
0
0
0
0
0
0
0
0
0
0
0
0
0
0
0
0
0
0
0
0
0
0
0
0
0
0
0
0
0
0
0
0
0
0
0
0
0
0
0
0
0
0
0
0
0
0
0
0
0
0
0
0
0
0
0
0
0
0
0
0
0
0
0
0
0
0
0
0
0
0
0
0
0
0
0
0
0
0
0
0
0
0
0
0
0
0
0
0
0
0
0
0
0
0
0
0
0
0
0
0
0
0
0
0
0
0
0
0
0
0
0
0
0
0
0
0
0
0
0
0
0
0
0
0
0
0
0
0
0
0
0
0
0.0064461914
0
0
0
0.0033575202
0
0
0
0
0
0
0
0.0024583105
0
0.014710928
0.011395053
0.011539076
0.013009245
0.011498148
0.018348098
0.0092684654
0
0
0
0
0
0.015735709
0.021421438
0.0066342311
0.011282314
0.017973139
0.016303797
0.022366013
0.027886798
0.028612649
0.029394822
0.013356102
0
0
0
0
0
0.011735296
0.025745222
0.013709545
0.020244981
0.0099459958
0.014747656
0.024486122
0.028840964
0.030750699
0.031635943
0.021981614
0.0097974312
0
0
0
0
0
0
0.023896688
0.036528117
0.016549971
0.012026811
0.0064698496
0.014793736
0.021946364
0.025622476
0.036474399
0.038039407
0.029596014
0.018309136
0.0094937284
0.0088691758
0
0
0
0
0
0
0
0
0
0
0
0
0
0
0
0
0
0
0
0
0
0
0
0
0
0
0
0
0
0
0
0
0
0
0
0
0
0
0.014801867
0.00039405544
0
0
0
0
0
0.011023862
0.013313454
0
0
0
0
0
0.0010995589
0.013270934
0
0
0
0
0
0
0
0
0
0
0
0
0
0
0
0
0
0
0
0
0
0.006338732
0.0099717117
0.012206715
0
0
0
0
0.0052540017
0
0
0
0
0
0
0
0
0
0
0
0
0
0
0
0
0
0
0
0
0
0
0
0
0
0
0
0
0
0
0
0
0
0
0
0
0
0
0
0
0
0
0
0
0
0
0.0047333385
0
0.00043911527
0.0055711445
0.01245915
0.022396551
0.0032834379
0
0.0022997197
0.0056263531
0.017045383
0.01311192
0
0.0071596076
0.011983918
0.017474119
0.0026053762
0
0
0
0
0
0
0
0
0
0
0
0
0
0
0
0
0
0
0
0
0
0
0
0
0
0
0
0
0
0
0
0
0
0
0
0
0
0
0
0
0
0
0
0
0
0
0
0
0
0
0
0
0
0
0
0
0
0
0
0
0
0
0
0
0
0
0
0
0
0
0
0
0
0
0
0
0
0
0
0
0
0
0
0
0
0
0
0
0
0
0
0
0
0
0
0
0
0
0
0
0
0
0
0
0
0
0
0
0
0
0
0
0
0
0
0
0
0
0
0
0
0
0
0
0
0
0
0
0
0
0
0
0
0
0
0
0
0
0
0
0
0
0
0
0
0
0
0
0
0
0
0
0
0
0
0
0
0
0
0
0
0
0
0
0
0
0
0
0
0
0
0
0
0
0
0
0
0
0
0
0
0
0
0
0
0
0
0
0
0
0
0
0
0
0
0
0
0
0
0
0
0
0
0
0
0
0
0
0
0
0
0
0
0
0
0
0
0
0
0
0
0
0
0
0
0
0
0
0
0
0
0
0
0
0
0
0
0
0
0
0
0
0
0
0
0
0
0
0
0
0
0
0
0
0
0
0
0
0
0
0
0
0
0
0
0
0
0
0
0
0
0
0
0
0
0
0
0
0
0
0
0
0
0
0
0
0
0
0
0
0
0
0
0
0
0
0
0
0
0
0
0
0
0
0
0
0
0
0
0
0
0
0
0
0
0
0
0
0
0
0
0
0
0
0
0
0
0
0
0
0
0
0
0
0
0
0
0
0
0
0
0
0
0
0
0
0
0
0
0
0
0
0
0
0
0
0
0
0
0
0
0
0
0
0
0
0
0
0
0
0
0
0
0
0
0
0
0
0
0
0
0
0
0
0
0
0
0
0
0
0
0
0
0
0
0
0
0
0
0
0
0
0
0
0
0
0
0
0
0
0
0
0
0
0
0
0
0
0
0
0
0
0
0
0
0
0
0
0
0
0
0
0
0
0
0
0
0
0
0
0
0
0
0
0
0
0
0
0
0
0
0
0
0
0
0
0
0
0
0
0
0
0
0
0
0
0
0
0
0
0
0
0
0
0
0
0
0
0
0
0
0
0
0
0.0020953106
0
0
0
0
0
0
0
0
0
0
0
0
0
0
0
0
0
0
0
0
0
0
0
0
0
0
0
0
0
0
0
0
0
0
0
0
0
0
0
0
0
0.013618941
0
0
0
0
0.011674634
0.016763402
0.035541888
0
0
0
0
0
0.029106338
0.032554148
0.043419071
0.035919641
0.0031762702
0.0036537612
0.005499201
0.018769587
0.028367886
0.031812249
0.042628223
0.035483151
0.0015304526
0.0022860772
0.0039838594
0.01770778
0
0
0
0
0
0
0
0
0
0
0
0
0
0.0063079009
0.0030287712
0
0
0
0
0
0
0
0
0
0
0
0
0
0
0
0
0
0
0
0
0
0
0
0
0
0
0
0
0
0
0
0
0
0
0
0
0
0
0
0
0
0
0
0
0
0
0
0
0
0
0
0
0
0
0
0
0
0
0
0
0
0
0
0
0
0
0
0
0
0
0
0
0
0
0
0
0
0
0
0
0
0
0
0
0
0
0
0
0
0
0
0
0
0
0
0
0
0
0
0
0
0
0
0
0
0
0
0
0
0
0
0
0
0
0
0
0
0
0
0
0
0
0
0
0
0
0
0
0
0
0
0
0
0
0
0
0
0
0
0
0
0
0
0
0
0
0
0
0
0
0
0
0
0
0
0
0
0
0
0
0
0
0
0
0
0
0
0
0
0
0
0
0
0
0
0
0
0
0
0
0
0
0
0
0
0
0
0
0
0
0
0
0
0
0
0
0
0
0
0
0
0
0
0
0
0
0
0
0
0
0
0
0
0
0
0
0
0
0
0
0
0
0
0
0
0
0
0
0
0
0
0
0
0
0
0
0
0
0
0
0
0
0
0
0
0
0
0
0
0
0
0
0
0
0
0
0
0
0
0
0
0
0
0
0
0
0
0
0
0
0
0
0
0
0
0
0
0
0
0
0
0
0
0
0
0
0
0
0
0
0
0
0
0
0
0
0
0
0
0
0
0
0
0
0
0
0
0
0
0
0
0
0
0
0
0
0
0
0
0
0
0
0
0
0
0
0
0
0
0
0
0
0
0
0
0
0
0
0
0
0
0
0
0
0
0
0
0
0
0
0
0
0
0
0
0
0
0
0
0
0
0
0
0
0
0
0
0
0
0
0
0
0
0
0
0
0
0
0
0
0
0
0
0
0
0
0
0
0
0
0
0
0
0
0
0
0
0
0
0
0
0
0
0
0
0
0
0
0
0
0
0
0
0
0
0
0
0
0
0
0
0
0
0
0
0
0
0
0
0
0
0
0
0
0
0
0
0
0
0
0
0
0
0
0
0
0
0
0
0
0
0
0
0
0
0
0
0
0
0
0
0
0
0
0
0
0
0
0
0
0
0
0
0
0
0
0
0
0
0
0
0
0
0
0
0
0
0
0
0
0
0
0
0
0
0
0
0
0
0
0
0
0
0
0
0
0
0
0
0
0
0
0
0
0
0
0
0
0
0
0
0
0
0
0
0
0
0
0
0
0
0
0
0
0
0
0
0
0
0
0
0
0
0
0
0
0
0
0
0
0
0
0
0
0
0
0
0
0
0
0
0
0
0
0
0
0
0
0
0
0
0
0
0
0
0
0
0
0
0
0
0
0
0
0
0
0
0
0
0
0
0
0
0
0
0
0
0
0
0
0
0
0
0
0
0
0
0
0
0
0
0
0
0
0
0
0
0
0
0
0
0
0
0
0
0
0
0
0
0
0
0
0
0
0
0
0
0
0
0
0
0
0
0
0
0
0
0
0
0
0
0
0
0
0
0
0
0
0
0
0
0
0
0
0
0
0
0
0
0
0
0
0
0
0
0
0
0
0
0
0
0
0
0
0
0
0
0
0
0
0
0
0
0
0
0
0
0
0
0
0
0
0
0
0
0
0
0
0
0
0
0
0
0
0
0
0
0
0
0
0
0
0
0
0
0
0
0
0
0
0
0
0
0
0
0
0
0
0
0
0
0
0
0
0
0
0
0
0
0
0
0
0
0
0
0
0
0
0
0
0
0
0
0
0
0
0
0
0
0
0
0
0
0
0
0
0
0
0
0
0
0
0
0
0
0
0
0
0
0
0
0
0
0
0
0
0
0
0
0
0
0
0
0
0
0
0
0
0
0
0
0
0
0
0
0
0
0
0
0
0
0
0
0
0
0
0
0
0
0
0
0
0
0
0
0
0
0
0
0
0
0
0
0
0
0
0
0
0
0
0
0
0
0
0
0
0
0
0
0
0
0
0
0
0
0
0
0
0
0
0
0
0
0
0
0
0
0
0
0
0
0
0
0
0
0
0
0
0
0
0
0
0
0
0
0
0
0
0
0
0
0
0
0
0
0
0
0
0
0
0
0
0
0
0
0
0
0
0
0
0
0
0
0
0
0
0
0
0
0
0
0
0
0
0
0
0
0
0
0
0
0
0
0
0
0
0
0
0
0
0
0
0
0
0
0
0
0
0
0
0
0
0
0
0
0
0
0
0
0
0
0
0
0
0
0
0
0
0
0
0
0
0.0040663748
0
0
0
0
0
0
0
0
0
0
0
0
0
0
0
0
0
0
0
0
0
0
0
0
0
0
0
0
0
0
0
0
0
0
0
0
0
0
0
0
0
0
0
0
0
0
0
0
0
0
0
0
0
0
0
0
0
0
0
0
0
0
0
0
0
0
0
0
0
0
0
0
0
0
0
0
0
0
0
0
0
0
0
0
0
0
0
0
0
0
0
0
0
0
0
0
0
0
0
0
0
0
0
0
0
0
0
0
0
0
0
0
0
0
0
0
0
0
0
0
0
0
0
0
0
0
0
0
0
0
0
0
0
0
0
0
0
0
0
0
0
0
0
0
0
0
0
0
0
0
0
0
0
0
0
0
0
0
0
0
0
0
0
0
0
0
0
0
0
0
0
0
0
0
0
0
0
0
0
0
0
0
0
0
0
0
0
0
0
0
0
0
0
0
0
0
0
0
0
0
0
0
0
0
0
0
0
0
0
0
0
0
0
0
0
0
0
0
0
0
0
0
0
0
0
0
0
0
0
0
0
0
0
0
0
0
0
0
0
0
0
0
0
0
0
0
0
0
0
0
0
0
0
0
0
0
0
0
0
0
0
0
0
0
0
0
0
0
0
0
0
0
0
0
0
0
0
0
0
0
0
0
0
0
0
0
0
0
0
0
0
0
0
0
0
0
0
0
0
0
0
0
0
0
0
0
0
0
0
0
0
0
0
0
0
0
0
0
0
0
0
0
0
0
0
0
0
0
0
0
0
0
0
0
0
0
0
0
0
0
0
0
0
0.0060236106
0.0034226968
0
0
0
0
0
0
0
0
0
0
0
0
0
0
0
0
0
0
0
0
0
0
0
0
0
0
0
0
0
0
0
0
0
0
0
0
0
0
0
0
0
0
0
0
0
0
0
0
0
0
0
0
0
0
0
0
0
0
0
0
0
0
0
0
0
0
0
0
0
0
0
0
0
0
0
0
0
0
0
0
0
0
0
0
0
0
0
0
0
0
0
0
0
0
0
0
0
0
0
0
0
0
0
0
0
0
0
0
0
0
0
0
0
0
0
0
0
0
0
0
0
0
0
0
0
0
0
0
0
0
0
0
0
0
0
0
0
0
0
0
0
0
0
0
0
0
0
0
0
0
0
0
0
0
0
0
0
0
0
0
0
0
0
0
0
0
0
0
0
0
0
0
0
0
0
0
0
0
0
0
0
0
0
0
0
0
0
0
0
0
0
0
0
0
0
0
0
0
0
0
0
0
0
0
0
0
0
0
0
0
0
0
0
0
0.0034295772
0
0.022833052
0.02423461
0.022348054
0.023665683
0
0
0
0
0
0
0
0
0
0
0
0
0
0
0
0
0
0
0
0
0
0
0
0
0
0
0
0
0
0
0
0
0
0
0
0
0
0
0
0
0
0
0
0
0
0
0
0
0
0
0
0
0
0
0
0
0
0
0
0
0
0
0
0
0
0
0
0
0
0
0
0
0
0
0
0
0
0
0
0
0
0
0
0
0
0
0
0
0
0
0
0
0
0
0
0
0
0
0
0
0
0
0
0
0
0
0
0
0
0
0
0
0
0
0
0
0
0
0
0
0
0
0
0
0
0
0
0
0
0
0
0
0
0
0
0
0
0
0
0
0
0
0
0
0
0
0
0
0
0
0
0
0
0
0
0
0
0
0
0
0
0
0
0
0
0
0
0
0
0
0
0
0
0
0
0
0
0
0
0
0
0
0
0
0
0
0
0
0
0
0
0
0
0
0
0
0
0
0
0
0
0
0
0
0
0
0
0
0
0
0
0
0
0
0
0
0
0
0
0
0
0
0
0
0
0
0
0
0
0
0
0
0
0
0
0
0
0
0
0
0
0
0
0
0
0
0
0
0
0
0
0
0
0
0
0
0
0
0
0
0
0
0
0
0
0
0
0
0
0
0
0
0
0
0
0
0
0
0
0
0
0
0
0
0
0
0
0
0
0
0
0
0
0
0
0
0
0
0
0
0
0
0
0
0
0.0021729456
0.0023601817
0.0056642065
0.0099628083
0.010613462
0.016584919
0.0036917149
0
0
0
0
0
0.013749276
0.020244439
0.0049298282
0.0088352665
0.014460965
0.013824352
0.021065055
0.027451211
0.028970068
0.029691696
0.010036935
0
0
0
0
0
0.011113086
0.025069551
0.013770567
0.018853598
0.0083085709
0.013316965
0.023581428
0.028847612
0.031025175
0.03244584
0.023569646
0.011262335
0
0
0
0
0.02338732
0.035815017
0.016998268
0.010944959
0.0049680652
0.013510158
0.02140699
0.025536791
0.036430109
0.038243736
0.031983822
0.021605501
0.010589315
0.0088289871
0
0
0
0.018624699
0.030862536
0.027404373
0.010765124
0
0.009724755
0.02475146
0.026951473
0.035048975
0.039077545
0.03323626
0.02812922
0.020164809
0.022935029
0.012818766
0
0
0
0
0
0
0
0
0
0
0
0
0
0
0
0
0
0
0
0
0
0
0
0
0
0
0
0
0
0
0
0
0
0
0.013153437
0.0013426703
0
0
0
0
0
0.011506662
0.015166494
0
0
0
0
0
0.0023724678
0.014667862
0
0
0
0
0
0
0
0.0066356208
0
0
0
0
0
0
0
0
0
0
0
0
0
0
0
0
0
0
0
0
0
0
0.0071124315
0.0019923313
0
0
0
0
0
0
0.014879832
0
0
0
0
0
0
0
0
0
0
0
0
0
0
0
0
0
0
0
0
0
0
0
0
0
0
0
0
0
0
0
0
0
0
0
0
0
0
0
0
0
0
0
0.0069334617
0.020783413
0.0043904428
0
0.00044177295
0.0056696119
0.019597326
0.016042179
0
0.0070286353
0.013345095
0.022976484
0.0069055408
0
0
0
0.010781201
0.006718639
0
0
0
0
0
0
0
0
0
0
0
0
0
0
0
0
0
0
0
0
0
0
0
0
0
0
0
0
0
0
0
0
0
0
0
0
0
0
0
0
0
0
0
0
0
0
0
0
0
0
0
0
0
0
0
0
0
0
0
0
0
0
0
0
0
0
0
0
0
0
0
0
0
0
0
0
0
0
0
0
0
0
0
0
0
0
0
0
0
0
0
0
0
0
0
0
0
0
0
0
0
0
0
0
0
0
0
0
0
0
0
0
0
0
0
0
0
0
0
0
0
0
0
0
0
0
0
0
0
0
0
0
0
0
0
0
0
0
0
0
0
0
0
0
0
0
0
0
0
0
0
0
0
0
0
0
0
0
0
0
0
0
0
0
0
0
0
0
0
0
0
0
0
0
0
0
0
0
0
0
0
0
0
0
0
0
0
0
0
0
0
0
0
0
0
0
0
0
0
0
0
0
0
0
0
0
0
0
0
0
0
0
0
0
0
0
0
0
0
0
0
0
0
0
0
0
0
0
0
0
0
0
0
0
0
0
0
0
0
0
0
0
0
0
0
0
0
0
0
0
0
0
0
0
0
0
0
0
0
0
0
0
0
0
0
0
0
0
0
0
0
0
0
0
0
0
0
0
0
0
0
0
0
0
0
0
0
0
0
0
0
0
0
0
0
0
0
0
0
0
0
0
0
0
0
0
0
0
0
0
0
0
0
0
0
0
0
0
0
0
0
0
0
0
0
0
0
0
0
0
0
0
0
0
0
0
0
0
0
0
0
0
0
0
0
0
0
0
0
0
0
0
0
0
0
0
0
0
0
0
0
0
0
0
0
0
0
0
0
0
0
0
0
0
0
0
0
0
0
0
0
0
0
0
0
0
0
0
0
0
0
0
0
0
0
0
0
0
0
0
0
0
0
0
0
0
0
0
0
0
0
0
0
0
0
0
0
0
0
0
0
0
0
0
0
0
0
0
0
0
0
0
0
0
0
0
0
0
0
0
0
0
0
0
0
0
0
0
0
0
0.0036073448
0.0079097666
0
0
0
0
0
0
0
0
0
0
0
0
0
0
0
0
0
0
0
0
0
0
0
0
0
0
0
0
0
0
0
0
0
0
0
0
0
0
0.0090906602
0
0
0
0
0.010060492
0.015175914
0.034288471
0
0
0
0
0
0.029080729
0.032167322
0.043303003
0.035239413
0.0046431988
0.0042830351
0.0060722254
0.019294161
0.041212203
0.045002815
0.054312955
0.043282205
0.010177373
0.014830401
0.024265682
0.028324963
0.047060098
0.040515081
0.044176926
0.053119401
0.042748306
0.0079202754
0.013502145
0.023496328
0.027294875
0.046732501
0
0
0
0
0
0
0
0
0
0
0.000209523
0.0041904082
0
0.01386832
0.0082464132
0
0
0
0
0
0
0
0
0
0
0
0
0
0
0
0
0
0
0
0
0
0
0
0
0
0
0
0
0
0
0
0
0
0
0
0
0
0
0
0
0
0
0
0
0
0
0
0
0
0
0
0
0
0
0
0
0
0
0
0
0
0
0
0
0
0
0
0
0
0
0
0
0
0
0
0
0
0
0
0
0
0
0
0
0
0
0
0
0
0
0
0
0
0
0
0
0
0
0
0
0
0
0
0
0
0
0
0
0
0
0
0
0
0
0
0
0
0
0
0
0
0
0
0
0
0
0
0
0
0
0
0
0
0
0
0
0
0
0
0
0
0
0
0
0
0
0
0
0
0
0
0
0
0
0
0
0
0
0
0
0
0
0
0
0
0
0
0
0
0
0
0
0
0
0
0
0
0
0
0
0
0
0
0
0
0
0
0
0
0
0
0
0
0
0
0
0
0
0
0
0
0
0
0
0
0
0
0
0
0
0
0
0
0
0
0
0
0
0
0
0
0
0
0
0
0
0
0
0
0
0
0
0
0
0
0
0
0
0
0
0
0
0
0
0
0
0
0
0
0
0
0
0
0
0
0
0
0
0
0
0
0
0
0
0
0
0
0
0
0
0
0
0
0
0
0
0
0
0
0
0
0
0
0
0
0
0
0
0
0
0
0
0
0
0
0
0
0
0
0
0
0
0
0
0
0
0
0
0
0
0
0
0
0
0
0
0
0
0
0
0
0
0
0
0
0
0
0
0
0
0
0
0
0
0
0
0
0
0
0
0
0
0
0
0
0
0
0
0
0
0
0
0
0
0
0
0
0
0
0
0
0
0
0
0
0
0
0
0
0
0
0
0
0
0
0
0
0
0
0
0
0
0
0
0
0
0
0
0
0
0
0
0
0
0
0
0
0
0
0
0
0
0
0
0
0
0
0
0
0
0
0
0
0
0
0
0
0
0
0
0
0
0
0
0
0
0
0
0
0
0
0
0
0
0
0
0
0
0
0
0
0
0
0
0
0
0
0
0
0
0
0
0
0
0
0
0
0
0
0
0
0
0
0
0
0
0
0
0
0
0
0
0
0
0
0
0
0
0
0
0
0
0
0
0
0
0
0
0
0
0
0
0
0
0
0
0
0
0
0
0
0
0
0
0
0
0
0
0
0
0
0
0
0
0
0
0
0
0
0
0
0
0
0
0
0
0
0
0
0
0
0
0
0
0
0
0
0
0
0
0
0
0
0
0
0
0
0
0
0
0
0
0
0
0
0
0
0
0
0
0
0
0
0
0
0
0
0
0
0
0
0
0
0
0
0
0
0
0
0
0
0
0
0
0
0
0
0
0
0
0
0
0
0
0
0
0
0
0
0
0
0
0
0
0
0
0
0
0
0
0
0
0
0
0
0
0
0
0
0
0
0
0
0
0
0
0
0
0
0
0
0
0
0
0
0
0
0
0
0
0
0
0
0
0
0
0
0
0
0
0
0
0
0
0
0
0
0
0
0
0
0
0
0
0
0
0
0
0
0
0
0
0
0
0
0
0
0
0
0
0
0
0
0
0
0
0
0
0
0
0
0
0
0
0
0
0
0
0
0
0
0
0
0
0
0
0
0
0
0
0
0
0
0
0
0
0
0
0
0
0
0
0
0
0
0
0
0
0
0
0
0
0
0
0
0
0
0
0
0
0
0
0
0
0
0
0
0
0
0
0
0
0
0
0
0
0
0
0
0
0
0
0
0
0
0
0
0
0
0
0
0
0
0
0
0
0
0
0
0
0
0
0
0
0
0
0
0
0
0
0
0
0
0
0
0
0
0
0
0
0
0
0
0
0
0
0
0
0
0
0
0
0
0
0
0
0
0
0
0
0
0
0
0
0
0
0
0
0
0
0
0
0
0
0
0
0
0
0
0
0
0
0
0
0
0
0
0
0
0
0
0
0
0
0
0
0
0
0
0
0
0
0
0
0
0
0
0
0
0
0
0
0
0
0
0
0
0
0
0
0
0
0
0
0
0
0
0
0
0
0
0
0
0
0
0
0
0
0
0
0
0
0
0
0
0
0
0
0
0.040894274
0.0046441724
0
0
0
0
0
0
0
0
0
0
0
0
0
0
0
0
0
0
0
0
0
0
0
0
0
0
0
0
0
0
0
0
0
0
0
0
0
0
0
0
0
0
0
0
0
0
0
0
0
0
0
0
0
0
0
0
0
0
0
0
0
0
0
0
0
0
0
0
0
0
0
0
0
0
0
0
0
0
0
0
0
0
0
0
0
0
0
0
0
0
0
0
0
0
0
0
0
0
0
0
0
0
0
0
0
0
0
0
0
0
0
0
0
0
0
0
0
0
0
0
0
0
0
0
0
0
0
0
0
0
0
0
0
0
0
0
0
0
0
0
0
0
0
0
0
0
0
0
0
0
0
0
0
0
0
0
0
0
0
0
0
0
0
0
0
0
0
0
0
0
0
0
0
0
0
0
0
0
0
0
0
0
0
0
0
0
0
0
0
0
0
0
0
0
0
0
0
0
0
0
0
0
0
0
0
0
0
0
0
0
0
0
0
0
0
0
0
0
0
0
0
0
0
0
0
0
0
0
0
0
0
0
0
0
0
0
0
0
0
0
0
0
0
0
0
0
0
0
0
0
0
0
0
0
0
0
0
0
0
0
0
0
0
0
0
0
0
0
0
0
0
0
0
0
0
0
0
0
0
0
0
0
0
0
0
0
0
0
0
0
0
0
0
0
0
0
0
0
0
0
0
0
0
0
0
0
0
0
0
0
0
0
0
0
0
0.0078726755
0.0078765316
0
0
0
0
0.041218624
0.0079050471
0
0
0
0
0
0
0
0
0
0
0
0
0
0
0
0
0
0
0
0
0
0
0
0
0
0
0
0
0
0
0
0
0
0
0
0
0
0
0
0
0
0
0
0
0
0
0
0
0
0
0
0
0
0
0
0
0
0
0
0
0
0
0
0
0
0
0
0
0
0
0
0
0
0
0
0
0
0
0
0
0
0
0
0
0
0
0
0
0
0
0
0
0
0
0
0
0
0
0
0
0
0
0
0
0
0
0
0
0
0
0
0
0
0
0
0
0
0
0
0
0
0
0
0
0
0
0
0
0
0
0
0
0
0
0
0
0
0
0
0
0
0
0
0
0
0
0
0
0
0
0
0
0
0
0
0
0
0
0
0
0
0
0
0
0
0
0
0
0
0
0
0
0
0
0
0
0
0
0
0
0
0
0
0
0
0
0
0
0
0
0
0
0
0
0
0
0
0
0
0
0
0
0
0
0.0034483821
0
0.022890003
0.02437984
0.037571533
0.037767766
0.037075086
0.037351315
0
0
0
0
0
0
0
0
0
0
0
0
0
0
0
0
0
0
0
0
0
0
0
0
0
0
0
0
0
0
0
0
0
0
0
0
0
0
0
0
0
0
0
0
0
0
0
0
0
0
0
0
0
0
0
0
0
0
0
0
0
0
0
0
0
0
0
0
0
0
0
0
0
0
0
0
0
0
0
0
0
0
0
0
0
0
0
0
0
0
0
0
0
0
0
0
0
0
0
0
0
0
0
0
0
0
0
0
0
0
0
0
0
0
0
0
0
0
0
0
0
0
0
0
0
0
0
0
0
0
0
0
0
0
0
0
0
0
0
0
0
0
0
0
0
0
0
0
0
0
0
0
0
0
0
0
0
0
0
0
0
0
0
0
0
0
0
0
0
0
0
0
0
0
0
0
0
0
0
0
0
0
0
0
0
0
0
0
0
0
0
0
0
0
0
0
0
0
0
0
0
0
0
0
0
0
0
0
0
0
0
0
0
0
0
0
0
0
0
0
0
0
0
0
0
0
0
0
0
0
0
0
0
0
0
0
0
0
0
0
0
0
0
0
0
0
0
0
0
0
0
0
0
0
0
0
0
0
0
0
0
0
0
0
0
0
0
0
0
0
0
0.0011426248
0.0040622642
0.010720582
0
0
0
0
0
0
0.003372117
0.01278805
0
0
0.0048174035
0.0045627151
0.016529225
0.025373196
0.026657255
0.026898006
0.0032152371
0
0
0
0
0
0.0074088315
0.022660299
0.012369516
0.014545024
0.003999619
0.0090874506
0.021249968
0.028650114
0.030827017
0.032632093
0.022310599
0.0093776636
0
0
0
0
0.022168613
0.034464928
0.01691666
0.0089527417
0.0026385311
0.011399426
0.020167107
0.025266778
0.036209374
0.038148908
0.033668438
0.023955751
0.011275895
0.0080065892
0
0
0.017447336
0.029966856
0.027770241
0.0091778991
0
0.0081115808
0.023761734
0.026539327
0.034962046
0.039184168
0.03518214
0.030398672
0.021346909
0.022979382
0.012610481
0
0.026590678
0.035867599
0.016647671
0.00216735
0
0.0017468682
0.016498718
0.023645715
0.032343922
0.038078805
0.038455469
0.033543035
0.028460588
0.034542549
0.038374509
0.024537875
0
0
0
0
0
0
0
0
0
0
0
0
0
0
0
0
0
0
0
0
0
0
0
0
0
0
0
0
0
0
0.0083980154
0.0015321278
0
0
0
0
0
0.0092921196
0.01550441
0.0015358171
0
0
0
0
0.0029994227
0.016508753
0.0061332899
0
0
0
0
0
0
0.0083576074
0.00038564348
0
0
0
0
0
0
0.00070674159
0
0
0.015257426
0
0
0
0
0
0
0
0
0
0
0
0
0
0
0
0
0
0
0
0
0
0
0
0
0
0
0
0.018968501
0.024656803
0
0
0
0
0
0
0
0
0
0
0
0
0
0
0
0
0
0
0
0
0
0
0
0
0
0
0
0
0
0
0
0
0
0
0
0
0.016518248
0.0036131431
0
0
0.0017070443
0.018200002
0.017650553
0
0.0052940823
0.014089177
0.028060899
0.01322555
0
0
5.6965006e-05
0.014267631
0.011626524
0
0
0.00049433387
0.0031266072
0
0
0
0
0
0
0
0
0
0
0
0
0
0
0
0
0
0
0
0
0
0
0
0
0
0
0
0
0
0
0
0
0
0
0
0
0
0
0
0
0
0
0
0
0
0
0
0
0
0
0
0
0
0
0
0
0
0
0
0
0
0
0
0
0
0
0
0
0
0
0
0
0
0
0
0
0
0
0
0
0
0
0
0
0
0
0
0
0
0
0
0
0
0
0
0
0
0
0
0
0
0
0
0
0
0
0
0
0
0
0
0
0
0
0
0
0
0
0
0
0
0
0
0
0
0
0
0
0
0
0
0
0
0
0
0
0
0
0
0
0
0
0
0
0
0
0
0
0
0
0
0
0
0
0
0
0
0
0
0
0
0
0
0
0
0
0
0
0
0
0
0
0
0
0
0
0
0
0
0
0
0
0
0
0
0
0
0
0
0
0
0
0
0
0
0
0
0
0
0
0
0
0
0
0
0
0
0
0
0
0
0
0
0
0
0
0
0
0
0
0
0
0
0
0
0
0
0
0
0
0
0
0
0
0
0
0
0
0
0
0
0
0
0
0
0
0
0
0
0
0
0
0
0
0
0
0
0
0
0
0
0
0
0
0
0
0
0
0
0
0
0
0
0
0
0
0
0
0
0
0
0
0
0
0
0
0
0
0
0
0
0
0
0
0
0
0
0
0
0
0
0
0
0
0
0
0
0
0
0
0
0
0
0
0
0
0
0
0
0
0
0
0
0
0
0
0
0
0
0
0
0
0
0
0.012347787
0.0010682297
0
0
0
0
0
0
0
0
0
0
0
0
0
0
0
0
0
0
0
0
0
0
0
0
0
0
0
0
0
0
0
0
0
0
0
0
0
0
0
0
0
0
0
0
0
0
0
0
0
0
0
0
0
0
0
0
0
0
0
0
0
0
0
0
0
0
0
0
0
0
0
0
0
0
0
0
0
0
0
0
0
0
0
0
0
0
0
0
0.0056559619
0.0095744122
0.015870401
0
0
0
0
0
0
0
0
0
0
0
0
0
0
0
0
0
0
0
0
0
0
0
0
0
0
0
0
0
0
0
0
0
0
0
0
0
0.0025143083
0
0
0
0
0.0071076699
0.011151281
0.031094424
0
0
0
0
0
0.02841446
0.030669007
0.042218649
0.033609748
0.0075528269
0.005816943
0.0067320492
0.020051979
0.041424642
0.044478431
0.055052044
0.042483155
0.012335539
0.015771612
0.024788254
0.028851587
0.046402718
0.04911554
0.05140502
0.061114595
0.052087491
0.018252968
0.027353015
0.038424737
0.045489941
0.05132085
0.048271377
0.050334364
0.059767261
0.051544815
0.015465664
0.025600485
0.038038671
0.045463612
0.051066541
0
0
0
0
0
0
0
0
0
0.002314074
0.0056367419
0.0093749281
0.0044052736
0.018903116
0.010839741
0
0
0
0
0
0
0
0
0
0
0
0
0
0
0
0
0
0
0
0
0
0
0
0
0
0
0
0
0
0
0
0
0
0
0
0
0
0
0
0
0
0
0
0
0
0
0
0
0
0
0
0
0
0
0
0
0
0
0
0
0
0
0
0
0
0
0
0
0
0
0
0
0
0
0
0
0
0
0
0
0
0
0
0
0
0
0
0
0
0
0
0
0
0
0
0
0
0
0
0
0
0
0
0
0
0
0
0
0
0
0
0
0
0
0
0
0
0
0
0
0
0
0
0
0
0
0
0
0
0
0
0
0
0
0
0
0
0
0
0
0
0
0
0
0
0
0
0
0
0
0
0
0
0
0
0
0
0
0
0
0
0
0
0
0
0
0
0
0
0
0
0
0
0
0
0
0
0
0
0
0
0
0
0
0
0
0
0
0
0
0
0
0
0
0
0
0
0
0
0
0
0
0
0
0
0
0
0
0
0
0
0
0
0
0
0
0
0
0
0
0
0
0
0
0
0
0
0
0
0
0
0
0
0
0
0
0
0
0
0
0
0
0
0
0
0
0
0
0
0
0
0
0
0
0
0
0
0
0
0
0
0
0
0
0
0
0
0
0
0
0
0
0
0
0
0
0
0
0
0
0
0
0
0
0
0
0
0
0
0
0
0
0
0
0
0
0
0
0
0
0
0
0
0
0
0
0
0
0
0
0
0
0
0
0
0
0
0
0
0
0
0
0
0
0
0
0
0
0
0
0
0
0
0
0
0
0
0
0
0
0
0
0
0
0
0
0
0
0
0
0
0
0
0
0
0
0
0
0
0
0
0
0
0
0
0
0
0
0
0
0
0
0
0
0
0
0
0
0
0
0
0
0
0
0
0
0
0
0
0
0
0
0
0
0
0
0
0
0
0
0
0
0
0
0
0
0
0
0
0
0
0
0
0
0
0
0
0
0
0
0
0
0
0
0
0
0
0
0
0
0
0
0
0
0
0
0
0
0
0
0
0
0
0
0
0
0
0
0
0
0
0
0
0
0
0
0
0
0
0
0
0
0
0
0
0
0
0
0
0
0
0
0
0
0
0
0
0
0
0
0
0
0
0
0
0
0
0
0
0
0
0
0
0
0
0
0
0
0
0
0
0
0
0
0
0
0
0
0
0
0
0
0
0
0
0
0
0
0
0
0
0
0
0
0
0
0
0
0
0
0
0
0
0
0
0
0
0
0
0
0
0
0
0
0
0
0
0
0
0
0
0
0
0
0
0
0
0
0
0
0
0
0
0
0
0
0
0
0
0
0
0
0
0
0
0
0
0
0
0
0
0
0
0
0
0
0
0
0
0
0
0
0
0
0
0
0
0
0
0
0
0
0
0
0
0
0
0
0
0
0
0
0
0
0
0
0
0
0
0
0
0
0
0
0
0
0
0
0
0
0
0
0
0
0
0
0
0
0
0
0
0
0
0
0
0
0
0
0
0
0
0
0
0
0
0
0
0
0
0
0
0
0
0
0
0
0
0
0
0
0
0
0
0
0
0
0
0
0
0
0
0
0
0
0
0
0
0
0
0
0
0
0
0
0
0
0
0
0
0
0
0
0
0
0
0
0
0
0
0
0
0
0
0
0
0
0
0
0
0
0
0
0
0
0
0
0
0
0
0
0
0
0
0
0
0
0
0
0
0
0
0
0
0
0
0
0
0
0
0
0
0
0
0
0
0
0
0
0
0
0
0
0
0
0
0
0
0
0
0
0
0
0
0
0
0
0
0
0
0
0
0
0
0
0
0
0
0
0
0
0
0
0
0
0
0
0
0
0
0
0
0
0
0
0
0
0
0
0
0
0
0
0
0
0
0
0
0
0
0
0
0
0
0
0
0
0
0
0
0
0
0
0
0
0
0
0.045823329
0.038412904
0.00052037116
0
0
0
0
0
0
0
0
0
0
0
0
0
0
0
0
0
0
0
0
0
0
0
0
0
0
0
0
0
0
0
0
0
0
0
0
0
0
0
0
0
0
0
0
0
0
0
0
0
0
0
0
0
0
0
0
0
0
0
0
0
0
0
0
0
0
0
0
0
0
0
0
0
0
0
0
0
0
0
0
0
0
0
0
0
0
0
0
0
0
0
0
0
0
0
0
0
0
0
0
0
0
0
0
0
0
0
0
0
0
0
0
0
0
0
0
0
0
0
0
0
0
0
0
0
0
0
0
0
0
0
0
0
0
0
0
0
0
0
0
0
0
0
0
0
0
0
0
0
0
0
0
0
0
0
0
0
0
0
0
0
0
0
0
0
0
0
0
0
0
0
0
0
0
0
0
0
0
0
0
0
0
0
0
0
0
0
0
0
0
0
0
0
0
0
0
0
0
0
0
0
0
0
0
0
0
0
0
0
0
0
0
0
0
0
0
0
0
0
0
0
0
0
0
0
0
0
0
0
0
0
0
0
0
0
0
0
0
0
0
0
0
0
0
0
0
0
0
0
0
0
0
0
0
0
0
0
0
0
0
0
0
0
0
0
0
0
0
0
0
0
0
0
0
0
0
0
0
0
0
0
0
0
0
0
0
0
0
0
0.010327908
0.012945854
0
0
0
0
0.041542165
0.011834093
0
0
0
0
0.046488218
0.040004265
0.0061023999
0
0
0
0
0
0
0
0
0
0
0
0
0
0
0
0
0
0
0
0
0
0
0
0
0
0
0
0
0
0
0
0
0
0
0
0
0
0
0
0
0
0
0
0
0
0
0
0
0
0
0
0
0
0
0
0
0
0
0
0
0
0
0
0
0
0
0
0
0
0
0
0
0
0
0
0
0
0
0
0
0
0
0
0
0
0
0
0
0
0
0
0
0
0
0
0
0
0
0
0
0
0
0
0
0
0
0
0
0
0
0
0
0
0
0
0
0
0
0
0
0
0
0
0
0
0
0
0
0
0
0
0
0
0
0
0
0
0
0
0
0
0
0
0
0
0
0
0
0
0
0
0
0
0
0
0
0
0
0
0
0
0
0
0
0
0
0
0
0
0
0
0
0
0
0
0
0
0
0
0
0
0
0
0
0
0
0
0
0
0
0
0
0
0
0
0
0
0
0.0030517294
0
0.023020282
0.0245952
0.037772131
0.037995541
0.049689346
0.054845565
0.049267158
0.054576281
0
0
0
0
0
0
0
0
0
0
0
0
0
0
0
0
0
0
0
0
0
0
0
0
0
0
0
0
0
0
0
0
0
0
0
0
0
0
0
0
0
0
0
0
0
0
0
0
0
0
0
0
0
0
0
0
0
0
0
0
0
0
0
0
0
0
0
0
0
0
0
0
0
0
0
0
0
0
0
0
0
0
0
0
0
0
0
0
0
0
0
0
0
0
0
0
0
0
0
0
0
0
0
0
0
0
0
0
0
0
0
0
0
0
0
0
0
0
0
0
0
0
0
0
0
0
0
0
0
0
0
0
0
0
0
0
0
0
0
0
0
0
0
0
0
0
0
0
0
0
0
0
0
0
0
0
0
0
0
0
0
0
0
0
0
0
0
0
0
0
0
0
0
0
0
0
0
0
0
0
0
0
0
0
0
0
0
0
0
0
0
0
0
0
0
0
0
0
0
0
0
0
0
0
0
0
0
0
0
0
0
0
0
0
0
0
0
0
0
0
0
0
0
0
0
0
0
0
0
0
0
0
0
0.0051284715
0
0
0
0
0
0
0
0
0
0
0
0
0.0058529057
0.019430355
0.020789127
0.020917798
0
0
0
0
0
0
0
0.014170952
0.0071034747
0.0036283697
0
0
0.014807334
0.027098196
0.028218925
0.029769761
0.017311733
0.0011936302
0
0
0
0
0.018580881
0.031109171
0.015903442
0.0039323237
0
0.0065334968
0.016654082
0.02451691
0.035589176
0.037497461
0.034065107
0.023460471
0.010427695
0.0054913274
0
0
0.015307689
0.028425028
0.027757777
0.0066861656
0
0.0054361363
0.022234903
0.025912517
0.034793586
0.039182782
0.036911505
0.032349897
0.022323087
0.022458012
0.011752806
0
0.024642647
0.035188091
0.018473878
0.00067896709
0
0
0.015454518
0.023116994
0.032099082
0.037678861
0.039138545
0.036136606
0.030128067
0.034995725
0.038166086
0.024321429
0.019909017
0.031503562
0.028089512
0.0083140914
0
0
0.013116308
0.023893192
0.032495361
0.035387388
0.037834533
0.037114891
0.037985432
0.043502216
0.049652514
0.014795809
0
0
0
0
0
0
0
0
0
0
0
0
0
0
0
0
0
0
0
0
0
0
0
0
0
0.0029604796
0.0024639104
0
0
0
0
0
0.0054770205
0.013782754
0.0044854346
0
0
0
0
0.0011816263
0.017697437
0.012333766
0
0
0
0
0
0
0.010454232
0.0048275022
0
0
0
0
0
0
0.0025507137
0
0
0.015297923
0.000723688
0
0
0
0
0
0
0
0.019217772
0.024932274
0
0
0
0
0
0
0
0
0
0
0.012866173
0
0
0
0
0
0
0
0
0
0
0
0
0
0
0.020553142
0.037724458
0
0
0
0
0
0
0
0
0
0
0
0
0
0
0
0
0
0
0
0
0
0
0
0
0
0
0
0
0
0
0
0
0
0
0.011961428
0.0015258872
0
0
0
0.01531351
0.017921888
0
0.00046890576
0.011878203
0.029278726
0.018615496
0
0
0.0022037673
0.017770457
0.016736875
0
0
0.0039443221
0.011672917
0
0
0
0
0
0
0
0
0
0
0
0
0
0
0
0
0
0
0
0
0
0
0
0
0
0
0
0
0
0
0
0
0
0
0
0
0
0
0
0
0
0
0
0
0
0
0
0
0
0
0
0
0
0
0
0
0
0
0
0
0
0
0
0
0
0
0
0
0
0
0
0
0
0
0
0
0
0
0
0
0
0
0
0
0
0
0
0
0
0
0
0
0
0
0
0
0
0
0
0
0
0
0
0
0
0
0
0
0
0
0
0
0
0
0
0
0
0
0
0
0
0
0
0
0
0
0
0
0
0
0
0
0
0
0
0
0
0
0
0
0
0
0
0
0
0
0
0
0
0
0
0
0
0
0
0
0
0
0
0
0
0
0
0
0
0
0
0
0
0
0
0
0
0
0
0
0
0
0
0
0
0
0
0
0
0
0
0
0
0
0
0
0
0
0
0
0
0
0
0
0
0
0
0
0
0
0
0
0
0
0
0
0
0
0
0
0
0
0
0
0
0
0
0
0
0
0
0
0
0
0
0
0
0
0
0
0
0
0
0
0
0
0
0
0
0
0
0
0
0
0
0
0
0
0
0
0
0
0
0
0
0
0
0
0
0
0
0
0
0
0
0
0
0
0
0
0
0
0
0
0
0
0
0
0
0
0
0
0
0
0
0
0
0
0
0
0
0
0
0
0
0
0
0
0
0
0
0
0
0
0
0
0
0.0014584174
0.028732169
0.015014145
0
0
0
0
0
0
0
0
0
0
0
0
0
0
0
0
0
0
0
0
0
0
0.0048810912
0
0
0
0
0
0
0
0
0
0
0
0
0
0
0
0
0
0
0
0
0
0
0
0
0
0
0
0
0
0
0
0
0
0
0
0
0
0
0
0
0
0
0
0
0
0
0
0
0
0
0
0
0
0.0087142401
0.012279187
0.018195057
0.021580981
0
0
0
0
0
0
0
0
0
0
0
0
0
0
0
0
0
0
0
0
0
0
0
0
0
0
0
0
0
0
0
0
0
0
0
0
0
0.003931475
0.0046846621
0.026903132
0
0.0016983813
0
0
0
0.02665129
0.02745711
0.039620882
0.03004863
0.010932078
0.0074925869
0.0079222376
0.019497178
0.041436542
0.04232223
0.055816462
0.040008052
0.015748116
0.017378891
0.025904411
0.029662739
0.044797296
0.049615136
0.050919536
0.062083859
0.050814334
0.020910861
0.028750154
0.038758067
0.04541692
0.050739184
0.06113595
0.062699365
0.072431508
0.057172334
0.026200244
0.035204521
0.043628441
0.048201765
0.054730855
0.059257015
0.060317842
0.060930257
0.070827252
0.056646944
0.021433124
0.032958518
0.042160099
0.047440704
0.054427512
0.058768564
0
0
0
0
0
0
0
0
0.0020513155
0.0053835843
0.0079207341
0.010822551
0.012419605
0.0086248955
0.026953925
0.014195753
0
0
0
0
0
0
0
0
0
0
0
0
0
0
0
0
0
0
0
0
0
0
0
0
0
0
0
0
0
0
0
0
0
0
0
0
0
0
0
0
0
0
0
0
0
0
0
0
0
0
0
0
0
0
0
0
0
0
0
0
0
0
0
0
0
0
0
0
0
0
0
0
0
0
0
0
0
0
0
0
0
0
0
0
0
0
0
0
0
0
0
0
0
0
0
0
0
0
0
0
0
0
0
0
0
0
0
0
0
0
0
0
0
0
0
0
0
0
0
0
0
0
0
0
0
0
0
0
0
0
0
0
0
0
0
0
0
0
0
0
0
0
0
0
0
0
0
0
0
0
0
0
0
0
0
0
0
0
0
0
0
0
0
0
0
0
0
0
0
0
0
0
0
0
0
0
0
0
0
0
0
0
0
0
0
0
0
0
0
0
0
0
0
0
0
0
0
0
0
0
0
0
0
0
0
0
0
0
0
0
0
0
0
0
0
0
0
0
0
0
0
0
0
0
0
0
0
0
0
0
0
0
0
0
0
0
0
0
0
0
0
0
0
0
0
0
0
0
0
0
0
0
0
0
0
0
0
0
0
0
0
0
0
0
0
0
0
0
0
0
0
0
0
0
0
0
0
0
0
0
0
0
0
0
0
0
0
0
0
0
0
0
0
0
0
0
0
0
0
0
0
0
0
0
0
0
0
0
0
0
0
0
0
0
0
0
0
0
0
0
0
0
0
0
0
0
0
0
0
0
0
0
0
0
0
0
0
0
0
0
0
0
0
0
0
0
0
0
0
0
0
0
0
0
0
0
0
0
0
0
0
0
0
0
0
0
0
0
0
0
0
0
0
0
0
0
0
0
0
0
0
0
0
0
0
0
0
0
0
0
0
0
0
0
0
0
0
0
0
0
0
0
0
0
0
0
0
0
0
0
0
0
0
0
0
0
0
0
0
0
0
0
0
0
0
0
0
0
0
0
0
0
0
0
0
0
0
0
0
0
0
0
0
0
0
0
0
0
0
0
0
0
0
0
0
0
0
0
0
0
0
0
0
0
0
0
0
0
0
0
0
0
0
0
0
0
0
0
0
0
0
0
0
0
0
0
0
0
0
0
0
0
0
0
0
0
0
0
0
0
0
0
0
0
0
0
0
0
0
0
0
0
0
0
0
0
0
0
0
0
0
0
0
0
0
0
0
0
0
0
0
0
0
0
0
0
0
0
0
0
0
0
0
0
0
0
0
0
0
0
0
0
0
0
0
0
0
0
0
0
0
0
0
0
0
0
0
0
0
0
0
0
0
0
0
0
0
0
0
0
0
0
0
0
0
0
0
0
0
0
0
0
0
0
0
0
0
0
0
0
0
0
0
0
0
0
0
0
0
0
0
0
0
0
0
0
0
0
0
0
0
0
0
0
0
0
0
0
0
0
0
0
0
0
0
0
0
0
0
0
0
0
0
0
0
0
0
0
0
0
0
0
0
0
0
0
0
0
0
0
0
0
0
0
0
0
0
0
0
0
0
0
0
0
0
0
0
0
0
0
0
0
0
0
0
0
0
0
0
0
0
0
0
0
0
0
0
0
0
0
0
0
0
0
0
0
0
0
0
0
0
0
0
0
0
0
0
0
0
0
0
0
0
0
0
0
0
0
0
0
0
0
0
0
0
0
0
0
0
0
0
0
0
0
0
0
0
0
0
0
0
0
0
0
0
0
0
0
0.065913724
0.040463607
0.028048526
0
0
0
0
0
0
0
0
0
0
0
0
0
0
0
0
0
0
0
0
0
0
0
0
0
0
0
0
0
0
0
0
0
0
0
0
0
0
0
0
0
0
0
0
0
0
0
0
0
0
0
0
0
0
0
0
0
0
0
0
0
0
0
0
0
0
0
0
0
0
0
0
0
0
0
0
0
0
0
0
0
0
0
0
0
0
0
0
0
0
0
0
0
0
0
0
0
0
0
0
0
0
0
0
0
0
0
0
0
0
0
0
0
0
0
0
0
0
0
0
0
0
0
0
0
0
0
0
0
0
0
0
0
0
0
0
0
0
0
0
0
0
0
0
0
0
0
0
0
0
0
0
0
0
0
0
0
0
0
0
0
0
0
0
0
0
0
0
0
0
0
0
0
0
0
0
0
0
0
0
0
0
0
0
0
0
0
0
0
0
0
0
0
0
0
0
0
0
0
0
0
0
0
0
0
0
0
0
0
0
0
0
0
0
0
0
0
0
0
0
0
0
0
0
0
0
0
0
0
0
0
0
0
0
0
0
0
0
0
0
0
0
0
0
0
0
0
0
0
0
0
0.012377249
0.017547123
0
0
0
0
0.041778188
0.017997637
0
0
0
0
0.047166633
0.041390324
0.012028991
0
0
0
0
0.066234884
0.042088979
0.030038919
0
0
0
0
0
0
0
0
0
0
0
0
0
0
0
0
0
0
0
0
0
0
0
0
0
0
0
0
0
0
0
0
0
0
0
0
0
0
0
0
0
0
0
0
0
0
0
0
0
0
0
0
0
0
0
0
0
0
0
0
0
0
0
0
0
0
0
0
0
0
0
0
0
0
0
0
0
0
0
0
0
0
0
0
0
0
0
0
0
0
0
0
0
0
0
0
0
0
0
0
0
0
0
0
0
0
0
0
0
0
0
0
0
0
0
0
0
0
0
0
0
0
0
0
0
0
0
0
0
0
0
0
0
0
0
0
0
0
0
0
0
0
0
0
0
0
0
0
0
0
0
0
0
0
0
0
0
0
0
0
0
0
0
0
0
0
0
0
0
0
0
0
0
0
0
0
0
0
0
0
0
0
0
0
0
0
0
0
0
0
0
0
0
0
0
0
0
0
0
0.0015899975
0
0.022701762
0.024569655
0.038043396
0.038306376
0.04998139
0.055061669
0.063836397
0.063450786
0
0
0
0
0
0
0
0
0
0
0
0
0
0
0
0
0
0
0
0
0
0
0
0
0
0
0
0
0
0
0
0
0
0
0
0
0
0
0
0
0
0
0
0
0
0
0
0
0
0
0
0
0
0
0
0
0
0
0
0
0
0
0
0
0
0
0
0
0
0
0
0
0
0
0
0
0
0
0
0
0
0
0
0
0
0
0
0
0
0
0
0
0
0
0
0
0
0
0
0
0
0
0
0
0
0
0
0
0
0
0
0
0
0
0
0
0
0
0
0
0
0
0
0
0
0
0
0
0
0
0
0
0
0
0
0
0
0
0
0
0
0
0
0
0
0
0
0
0
0
0
0
0
0
0
0
0
0
0
0
0
0
0
0
0
0
0
0
0
0
0
0
0
0
0
0
0
0
0
0
0
0
0
0
0
0
0
0
0
0
0
0
0
0
0
0
0
0
0
0
0
0.001926454
0
0
0
0
0
0
0
0
0
0
0
0
0
0.011039605
0.015775284
0.017877879
0
0
0
0
0
0
0
0
0
0
0
0
0.0024887957
0.021530781
0.02314402
0.025197507
0.01222211
0
0
0
0
0
0.0084616894
0.022323194
0.012921656
0
0
0
0.007834472
0.022082886
0.033420429
0.035416557
0.032169091
0.019311377
0.0040510403
0
0
0
0.010150937
0.024838393
0.027035771
0.0012082202
0
0
0.018910984
0.024559241
0.034338675
0.038863442
0.038161015
0.033096662
0.022788007
0.020723586
0.0097664039
0
0.02156754
0.034004536
0.019335568
0
0
0
0.013753067
0.022206304
0.031680327
0.037090925
0.039754909
0.038609626
0.031658753
0.035172431
0.037417076
0.023618411
0.017847958
0.030639826
0.028499746
0.0061759327
0
0
0.011962135
0.023173779
0.031967811
0.034839577
0.038049446
0.038411465
0.039217526
0.044023242
0.049661245
0.015203898
0.016542718
0.023150562
0
0.0034622691
0
0
0.0022077706
0.01613323
0.027706638
0.031285085
0.036355324
0.038657444
0.042967086
0.04871699
0.05989772
0.043895964
0.025279202
0
0
0
0
0
0
0
0
0
0
0
0
0
0
0
0
0
0
0
0
0
0.0039625564
0
0
0
0
0
0.0021139013
0.012871587
0.0065442454
0
0
0
0
0
0.017076669
0.015525995
0.0011913132
0
0
0
0
0
0.011522114
0.010040172
0.0034597134
0
0
0
0
0
0.0052685683
0.0027703918
0.00010311695
0.01553028
0.001326591
0
0
0
0
0
4.4204865e-05
0
0.019718826
0.025455639
0
0
0
0
0
0
0
0.020750789
0.037916298
0
0
0
0
0
0
0
0
0
0.013527509
0.029131607
0
0
0
0
0
0
0
0
0
0
0
0
0
0.016826465
0.047039547
0.056268287
0
0
0
0
0
0
0
0
0
0
0
0
0
0
0
0
0
0
0
0
0
0
0
0
0
0.0078494943
0
0
0
0
0.012352227
0.017127248
0
0
0.0086400096
0.028680917
0.021782537
0
0
0.0022029002
0.019665202
0.020079351
0
0
0.0073477072
0.020554737
0.00066891784
0
0
0
0
0
0
0
0
0
0
0
0
0
0
0
0
0
0
0
0
0
0
0
0
0
0
0
0
0
0
0
0
0
0
0
0
0
0
0
0
0
0
0
0
0
0
0
0
0
0
0
0
0
0
0
0
0
0
0
0
0
0
0
0
0
0
0
0
0
0
0
0
0
0
0
0
0
0
0
0
0
0
0
0
0
0
0
0
0
0
0
0
0
0
0
0
0
0
0
0
0
0
0
0
0
0
0
0
0
0
0
0
0
0
0
0
0
0
0
0
0
0
0
0
0
0
0
0
0
0
0
0
0
0
0
0
0
0
0
0
0
0
0
0
0
0
0
0
0
0
0
0
0
0
0
0
0
0
0
0
0
0
0
0
0
0
0
0
0
0
0
0
0
0
0
0
0
0
0
0
0
0
0
0
0
0
0
0
0
0
0
0
0
0
0
0
0
0
0
0
0
0
0
0
0
0
0
0
0
0
0
0
0
0
0
0
0
0
0
0
0
0
0
0
0
0
0
0
0
0
0
0
0
0
0
0
0
0
0
0
0
0
0
0
0
0
0
0
0
0
0
0
0
0
0
0
0
0
0
0
0
0
0
0
0
0
0
0
0
0
0
0
0
0
0
0
0
0
0
0
0.0018191629
0
0
0
0
0
0
0.015595247
0.038739576
0.023859403
0
0
0
0
0
0
0
0
0
0
0
0
0
0
0
0
0
0
0
0.0053139763
0.0094719375
0
0
0
0
0
0
0
0
0
0
0
0
0
0
0
0
0
0
0
0
0
0
0
0
0
0
0
0
0
0
0
0
0
0
0
0
0
0
0
0
0
0
0
0
0
0
0
0
0
0
0
0.0020119796
0.013286831
0.01651719
0.021654503
0.024493426
0.030005754
0
0
0
0
0
0
0
0
0
0
0
0
0
0
0
0
0
0
0
0
0
0
0
0
0
0
0
0
0
0
0
0
0
0.0011633098
0
0.022731639
0
0.0045879536
0
0
0
0.024255887
0.022679132
0.036381639
0.024693922
0.014499563
0.0092122961
0.0084342028
0.016342753
0.040796264
0.038058993
0.056581171
0.035328865
0.02042453
0.019185068
0.026911775
0.029717964
0.040663285
0.050163936
0.048734585
0.063540166
0.047064558
0.024527585
0.031113342
0.039499094
0.045092197
0.04816463
0.061743368
0.06398996
0.073833366
0.056138133
0.030850928
0.037759223
0.045232915
0.048859689
0.054453322
0.058691493
0.066001584
0.068503454
0.078446826
0.069080458
0.036224991
0.0441624
0.050712016
0.052848864
0.058251395
0.064582478
0.065039982
0.066901812
0.076924311
0.067175725
0.030791497
0.039926869
0.048162056
0.051457969
0.057575978
0.06370653
0
0
0
0
0
0.0054571647
0.0095516828
0.011563395
0.01327135
0.014389095
0.015788216
0.014203075
0.032262565
0.020224771
0
0
0
0
0
0
0
0
0
0
0
0
0
0
0
0
0
0
0
0
0
0
0
0
0
0
0
0
0
0
0
0
0
0
0
0
0
0
0
0
0
0
0
0
0
0
0
0
0
0
0
0
0
0
0
0
0
0
0
0
0
0
0
0
0
0
0
0
0
0
0
0
0
0
0
0
0
0
0
0
0
0
0
0
0
0
0
0
0
0
0
0
0
0
0
0
0
0
0
0
0
0
0
0
0
0
0
0
0
0
0
0
0
0
0
0
0
0
0
0
0
0
0
0
0
0
0
0
0
0
0
0
0
0
0
0
0
0
0
0
0
0
0
0
0
0
0
0
0
0
0
0
0
0
0
0
0
0
0
0
0
0
0
0
0
0
0
0
0
0
0
0
0
0
0
0
0
0
0
0
0
0
0
0
0
0
0
0
0
0
0
0
0
0
0
0
0
0
0
0
0
0
0
0
0
0
0
0
0
0
0
0
0
0
0
0
0
0
0
0
0
0
0
0
0
0
0
0
0
0
0
0
0
0
0
0
0
0
0
0
0
0
0
0
0
0
0
0
0
0
0
0
0
0
0
0
0
0
0
0
0
0
0
0
0
0
0
0
0
0
0
0
0
0
0
0
0
0
0
0
0
0
0
0
0
0
0
0
0
0
0
0
0
0
0
0
0
0
0
0
0
0
0
0
0
0
0
0
0
0
0
0
0
0
0
0
0
0
0
0
0
0
0
0
0
0
0
0
0
0
0
0
0
0
0
0
0
0
0
0
0
0
0
0
0
0
0
0
0
0
0
0
0
0
0
0
0
0
0
0
0
0
0
0
0
0
0
0
0
0
0
0
0
0
0
0
0
0
0
0
0
0
0
0
0
0
0
0
0
0
0
0
0
0
0
0
0
0
0
0
0
0
0
0
0
0
0
0
0
0
0
0
0
0
0
0
0
0
0
0
0
0
0
0
0
0
0
0
0
0
0
0
0
0
0
0
0
0
0
0
0
0
0
0
0
0
0
0
0
0
0
0
0
0
0
0
0
0
0
0
0
0
0
0
0
0
0
0
0
0
0
0
0
0
0
0
0
0
0
0
0
0
0
0
0
0
0
0
0
0
0
0
0
0
0
0
0
0
0
0
0
0
0
0
0
0
0
0
0
0
0
0
0
0
0
0
0
0
0
0
0
0
0
0
0
0
0
0
0
0
0
0
0
0
0
0
0
0
0
0
0
0
0
0
0
0
0
0
0
0
0
0
0
0
0
0
0
0
0
0
0
0
0
0
0
0
0
0
0
0
0
0
0
0
0
0
0
0
0
0
0
0
0
0
0
0
0
0
0
0
0
0
0
0
0
0
0
0
0
0
0
0
0
0
0
0
0
0
0
0
0
0
0
0
0
0
0
0
0
0
0
0
0
0
0
0
0
0
0
0
0
0
0
0
0
0
0
0
0
0
0
0
0
0
0
0
0
0
0
0
0
0
0
0
0
0
0
0
0
0
0
0
0
0
0
0
0
0
0
0
0.069871228
0.06350374
0.025982044
0
0.0017617704
0.0081764432
0
0
0
0
0
0
0
0
0
0
0
0
0
0
0
0
0
0
0
0
0
0
0
0
0
0
0
0
0
0
0
0
0
0
0
0
0
0
0
0
0
0
0
0
0
0
0
0
0
0
0
0
0
0
0
0
0
0
0
0
0
0
0
0
0
0
0
0
0
0
0
0
0
0
0
0
0
0
0
0
0
0
0
0
0
0
0
0
0
0
0
0
0
0
0
0
0
0
0
0
0
0
0
0
0
0
0
0
0
0
0
0
0
0
0
0
0
0
0
0
0
0
0
0
0
0
0
0
0
0
0
0
0
0
0
0
0
0
0
0
0
0
0
0
0
0
0
0
0
0
0
0
0
0
0
0
0
0
0
0
0
0
0
0
0
0
0
0
0
0
0
0
0
0
0
0
0
0
0
0
0
0
0
0
0
0
0
0
0
0
0
0
0
0
0
0
0
0
0
0
0
0
0
0
0
0
0
0
0
0
0
0
0
0
0
0.010885664
0.018952483
0
0
0
0
0.042046766
0.023992768
0
0
0
0
0.047922722
0.043018017
0.021361855
0
0
0
0
0.066642291
0.043992213
0.032337109
0.0037032258
0
0
0
0.070389251
0.063923048
0.029097188
0.003909632
0.0059018866
0.0094902165
0
0
0
0
0
0
0
0
0
0
0
0
0
0
0
0
0
0
0
0
0
0
0
0
0
0
0
0
0
0
0
0
0
0
0
0
0
0
0
0
0
0
0
0
0
0
0
0
0
0
0
0
0
0
0
0
0
0
0
0
0
0
0
0
0
0
0
0
0
0
0
0
0
0
0
0
0
0
0
0
0
0
0
0
0
0
0
0
0
0
0
0
0
0
0
0
0
0
0
0
0
0
0
0
0
0
0
0
0
0
0
0
0
0
0
0
0
0
0
0
0
0
0
0
0
0
0
0
0
0
0
0
0
0.0055224466
0.016184731
0
0
0
0
0.023214315
0
0
0
0
0
0
0
0
0
0
0
0
0
0
0
0
0
0
0
0
0
0
0
0
0
0
0
0
0
0
0
0
0
0
0
0
0.0072061504
0.0039775824
0
0
0
0
0
0
0
0
0
0.021653744
0.023706942
0.038065175
0.038464866
0.050500886
0.055442366
0.064207008
0.07306601
0.072342046
0
0
0
0
0
0
0
0
0
0
0
0
0
0
0
0
0
0
0
0
0
0
0
0
0
0
0
0
0
0
0
0
0
0
0
0
0
0
0
0
0
0
0
0
0
0
0
0
0
0
0
0
0
0
0
0
0
0
0
0
0
0
0
0
0
0
0
0
0
0
0
0
0
0
0
0
0
0
0
0
0
0
0
0
0
0
0
0
0
0
0
0
0
0
0
0
0
0
0
0
0
0
0
0
0
0
0
0
0
0
0
0
0
0
0
0
0
0
0
0
0
0
0
0
0
0
0
0
0
0
0
0
0
0
0
0
0
0
0
0
0
0
0
0
0
0
0
0
0
0
0
0
0
0
0
0
0
0
0
0
0
0
0
0
0
0.0031935302
0
0
0
0
0
0
0
0
0
0
0
0
0
0.0033517567
0.013064197
0.018184506
0
0
0
0
0
0
0
0
0
0
0
0
0
0.012905826
0.018870527
0.024353916
0.011272443
0
0
0
0
0
0
0.008037458
0.0063617531
0
0
0
0
0.015558978
0.028481013
0.032628462
0.030762091
0.014960911
0
0
0
0
0
0.016091089
0.024883646
0
0
0
0.011469513
0.020861019
0.03271272
0.037541887
0.037767876
0.03136724
0.019370734
0.016173977
0.0058860592
0
0.015102016
0.031526869
0.020018387
0
0
0
0.010251651
0.020169831
0.03077114
0.03599156
0.040272931
0.041034889
0.032684441
0.034770263
0.035825624
0.021992826
0.014870418
0.029554952
0.028051377
0.0028837621
0
0
0.010359141
0.022232432
0.031161646
0.034033019
0.038340525
0.040158676
0.040549185
0.044482725
0.049416601
0.01533952
0.015505461
0.022923379
0
0.0015557507
0
0
0.00069806844
0.01529857
0.027282165
0.030713015
0.036131076
0.039651998
0.044553307
0.049499997
0.059951042
0.044087657
0.025578751
0.01834887
0.019087911
0
0.0021652664
0
0
0.00041244685
0.014478583
0.025729592
0.028845658
0.032858614
0.03681267
0.047043063
0.056579719
0.066098011
0.051628391
0.0088609982
0
0
0
0
0
0
0
0
0
0
0
0
0
0
0.0054108705
0
0
0
0
0
0.00020490066
0.013501613
0.008975813
0
0
0
0
0
0.016670039
0.018149698
0.0048438455
0
0
0
0
0
0.011659248
0.01463624
0.0083349156
0
0
0
0
0
0.0078349914
0.0078890344
0.004743955
0.015967516
0.0019164551
0
0
0
0
0.0034140605
0.0034899162
0.0018478571
0.020386401
0.025916123
0
0
0
0
0
0
0
0.021477843
0.038496467
0
0
0
0
0
0
0
0.016980512
0.047264119
0.05630785
0
0
0
0
0
0
0
0.014107687
0.029828851
0.039239982
0
0
0
0
0
0
0
0
0
0
0
0
0.06097369
0.058488586
0
0
0
0
0
0
0
0
0
0
0
0
0
0
0
0
0
0
0
0
0
0
0
0
0
0.0037564201
0
0
0
0
0.009666649
0.015688839
0
0
0.0060545818
0.028035603
0
0
0.0013022245
0.020539895
0.022523887
0
0
0.0089400073
0.024622045
0.0065163703
0
0
0
0.0076620538
0
0
0
0
0
0
0
0
0
0
0
0
0
0
0
0
0
0
0
0
0
0
0
0
0
0
0
0
0
0
0
0
0
0
0
0
0
0
0
0
0
0
0
0
0
0
0
0
0
0
0
0
0
0
0
0
0
0
0
0
0
0
0
0
0
0
0
0
0
0
0
0
0
0
0
0
0
0
0
0
0
0
0
0
0
0
0
0
0
0
0
0
0
0
0
0
0
0
0
0
0
0
0
0
0
0
0
0
0
0
0
0
0
0
0
0
0
0
0
0
0
0
0
0
0
0
0
0
0
0
0
0
0
0
0
0
0
0
0
0
0
0
0
0
0
0
0
0
0
0
0
0
0
0
0
0
0
0
0
0
0
0
0
0
0
0
0
0
0
0
0
0
0
0
0
0
0
0
0
0
0
0
0
0
0
0
0
0
0
0
0
0
0
0
0
0
0
0
0
0
0
0
0
0
0
0
0
0
0
0
0
0
0
0
0
0
0
0
0
0
0
0
0
0
0
0
0
0
0
0
0
0
0
0
0
0
0
0
0
0
0
0
0
0
0
0
0
0
0
0
0
0
0
0
0
0
0
0.0020173264
0.015819032
0
0
0
0
0.024545796
0.048673664
0.026294403
0
0
0
0
0
0
0
0
0
0
0
0
0.00025643774
0.0060189856
0.010422845
0.015524219
0
0
0
0
0
0
0
0
0
0
0
0
0
0
0
0
0
0
0
0
0
0
0
0
0
0
0
0
0
0
0
0
0
0
0
0
0
0
0.0052951959
0.018523366
0.022384416
0.027452288
0.029044298
0.033489486
0.036418939
0
0
0
0
0
0
0
0
0
0
0
0
0
0
0
0
0
0
0
0
0
0
0
0
0
0
0
0
0
0
0
0
0
0.020676371
0
0.0078496909
0
0
0
0.021524415
0.017127327
0.033344419
0.018379264
0.017921898
0.010747489
0.0072616165
0.0096146248
0.040307238
0.033113834
0.058420804
0.029463576
0.026189644
0.021100876
0.027353286
0.0279755
0.034340628
0.050237867
0.044799786
0.065841331
0.041584427
0.029214851
0.034138123
0.03989258
0.043645514
0.042701672
0.062835341
0.065632369
0.076381645
0.052940634
0.037292553
0.041214546
0.047308211
0.049258668
0.052711216
0.055819874
0.066901654
0.070253715
0.080274954
0.071166358
0.041751758
0.0485675
0.053560332
0.054096191
0.058307904
0.064907697
0.079999064
0.084969611
0.075302111
0.047630692
0.055496776
0.057422501
0.061674191
0.062019365
0.066218278
0.076655898
0.078115947
0.084081209
0.073284977
0.041406346
0.050317259
0.054400924
0.057015272
0.060385144
0.065129808
0.074574375
0
0
0
0
0
0.0078122052
0.01360085
0.016915191
0.017165547
0.0177568
0.017794659
0.022488425
0.021848967
0.037326261
0
0
0
0
0
0
0
0
0
0
0
0
0
0
0
0
0
0
0
0
0
0
0
0
0
0
0
0
0
0
0
0
0
0
0
0
0
0
0
0
0
0
0
0
0
0
0
0
0
0
0
0
0
0
0
0
0
0
0
0
0
0
0
0
0
0
0
0
0
0
0
0
0
0
0
0
0
0
0
0
0
0
0
0
0
0
0
0
0
0
0
0
0
0
0
0
0
0
0
0
0
0
0
0
0
0
0
0
0
0
0
0
0
0
0
0
0
0
0
0
0
0
0
0
0
0
0
0
0
0
0
0
0
0
0
0
0
0
0
0
0
0
0
0
0
0
0
0
0
0
0
0
0
0
0
0
0
0
0
0
0
0
0
0
0
0
0
0
0
0
0
0
0
0
0
0
0
0
0
0
0
0
0
0
0
0
0
0
0
0
0
0
0
0
0
0
0
0
0
0
0
0
0
0
0
0
0
0
0
0
0
0
0
0
0
0
0
0
0
0
0
0
0
0
0
0
0
0
0
0
0
0
0
0
0
0
0
0
0
0
0
0
0
0
0
0
0
0
0
0
0
0
0
0
0
0
0
0
0
0
0
0
0
0
0
0
0
0
0
0
0
0
0
0
0
0
0
0
0
0
0
0
0
0
0
0
0
0
0
0
0
0
0
0
0
0
0
0
0
0
0
0
0
0
0
0
0
0
0
0
0
0
0
0
0
0
0
0
0
0
0
0
0
0
0
0
0
0
0
0
0
0
0
0
0
0
0
0
0
0
0
0
0
0
0
0
0
0
0
0
0
0
0
0
0
0
0
0
0
0
0
0
0
0
0
0
0
0
0
0
0
0
0
0
0
0
0
0
0
0
0
0
0
0
0
0
0
0
0
0
0
0
0
0
0
0
0
0
0
0
0
0
0
0
0
0
0
0
0
0
0
0
0
0
0
0
0
0
0
0
0
0
0
0
0
0
0
0
0
0
0
0
0
0
0
0
0
0
0
0
0
0
0
0
0
0
0
0
0
0
0
0
0
0
0
0
0
0
0
0
0
0
0
0
0
0
0
0
0
0
0
0
0
0
0
0
0
0
0
0
0
0
0
0
0
0
0
0
0
0
0
0
0
0
0
0
0
0
0
0
0
0
0
0
0
0
0
0
0
0
0
0
0
0
0
0
0
0
0
0
0
0
0
0
0
0
0
0
0
0
0
0
0
0
0
0
0
0
0
0
0
0
0
0
0
0
0
0
0
0
0
0
0
0
0
0
0
0
0
0
0
0
0
0
0
0
0
0
0
0
0
0
0
0
0
0
0
0
0
0
0
0
0
0
0
0
0
0
0
0
0
0
0.081230796
0.064575348
0.042237155
0.023290324
0.014117188
0.012382455
0
0
0
0
0
0
0
0
0
0
0
0
0
0
0
0
0
0
0
0
0
0
0
0
0
0
0
0
0
0
0
0
0
0
0
0
0
0
0
0
0
0
0
0
0
0
0
0
0
0
0
0
0
0
0
0
0
0
0
0
0
0
0
0
0
0
0
0
0
0
0
0
0
0
0
0
0
0
0
0
0
0
0
0
0
0
0
0
0
0
0
0
0
0
0
0
0
0
0
0
0
0
0
0
0
0
0
0
0
0
0
0
0
0
0
0
0
0
0
0
0
0
0
0
0
0
0
0
0
0
0
0
0
0
0
0
0
0
0
0
0
0
0
0
0
0
0
0
0
0
0
0
0
0
0
0
0
0
0
0
0
0
0
0
0
0
0
0
0
0
0
0
0
0.042003709
0.027328673
0
0
0
0
0.048952382
0.045143968
0.029137401
0.0074602576
0
0
0
0.067225018
0.046786163
0.035930511
0.01102256
0.0020111717
0
0.0013979651
0.071114516
0.06460051
0.032335126
0.0094452055
0.010008285
0.010911991
0.08200854
0.065317801
0.043419383
0.0257434
0.017349235
0.014373948
0
0
0
0
0
0
0
0
0
0
0
0
0
0
0
0
0
0
0
0
0
0
0
0
0
0
0
0
0
0
0
0
0
0
0
0
0
0
0
0
0
0
0
0
0
0
0
0
0
0
0
0
0
0
0
0
0
0
0
0
0
0
0
0
0
0
0
0
0
0
0
0
0
0
0
0
0
0
0
0
0
0
0
0
0
0
0
0
0
0
0
0
0
0
0
0
0
0
0
0
0
0
0
0
0
0
0
0
0
0
0
0
0
0
0
0
0
0
0
0
0
0
0
0.012476394
0
0
0
0
0.023671571
0.019698251
0.020139043
0.040420855
0.028052804
0
0
0
0
0.024572621
0
0
0
0
0
0
0
0
0
0
0
0
0
0
0
0
0
0
0
0
0
0
0
0
0.0085409747
0.0058902865
0
0
0
0
0
0
0
0
0
0.015781732
0.024726008
0.014213467
0
0
0
0
0
0
0
0
0.037926245
0.038076517
0.051212081
0.056017666
0.064922571
0.073768411
0.079197398
0.078857259
0
0
0
0
0
0
0
0
0
0
0
0
0
0
0
0
0
0
0
0
0
0
0
0
0
0
0
0
0
0
0
0
0
0
0
0
0
0
0
0
0
0
0
0
0
0
0
0
0
0
0
0
0
0
0
0
0
0
0
0
0
0
0
0
0
0
0
0
0
0
0
0
0
0
0
0
0
0
0
0
0
0
0
0
0
0
0
0
0
0
0
0
0
0
0
0
0
0
0
0
0
0
0
0
0
0
0.0056239083
0
0
0
0
0
0
0
0
0
0.0027467171
0.01932723
0.0076183517
0
0
0
0.0097929968
0.0017130384
0
0
0
0
0
0
0
0
0
0
0
0
0
0
0
0
0
0
0
0
0
0
0
0
0.0006758095
0.015283382
0.023042704
0.003974569
0
0
0
0
0
0
0
0
0
0
0
0
0.0042454021
0.017285809
0.026810683
0.013163039
0
0
0
0
0
0
0
0
0
0
0
0
0.0056740182
0.022211071
0.0325807
0.032637134
0.012214602
0
0
0
0
0
0.0024107455
0.019204948
0
0
0
0.00070087179
0.013264188
0.028182969
0.034688623
0.037207458
0.028964538
0.010344949
0.0067290741
2.2625743e-05
0
0.0024933562
0.026162408
0.020091673
0
0
0
0.0039553666
0.015311753
0.0283744
0.033825831
0.040396636
0.042820653
0.030658149
0.032396576
0.032762498
0.018787038
0.0088823102
0.027294439
0.027585499
0
0
0
0.0076652063
0.020582077
0.029536841
0.032530705
0.038818627
0.04301382
0.042530029
0.044866078
0.048782038
0.015329572
0.013929174
0.02245268
0
0
0
0
0
0.014050766
0.026663926
0.029848691
0.035853356
0.041069993
0.046428902
0.050337882
0.059782673
0.044032672
0.025576728
0.016920964
0.018464894
0
0.00053051945
0
0
0
0.013411248
0.025182295
0.028258897
0.032516718
0.037123918
0.047596842
0.05692303
0.066119623
0.051757693
0.01024896
0.0089969881
0.0015190101
0
0
0
0
0.0058189722
0.019746709
0.024181545
0.02888545
0.034009743
0.04597451
0.058335667
0.071609073
0.065708069
0.040434625
0.01644702
0
0
0
0
0
0
0
0
0.0077328551
0
0.0068655723
0
0
0
0
0.014770836
0.012105568
0
0
0
0
0
0.017589863
0.021715971
0.0098483116
0
0
0
0
0
0.012555269
0.018818055
0.014451717
0
0
0
0
0
0.0093346118
0.013298277
0.011225661
0.016854075
0.0027478998
0
0
0
0
0.0068734289
0.0089463048
0.006035679
0.021457012
0.026341717
0
0
0
0
0
0.0036809195
0
0.022472032
0.03912281
0
0
0
0
0
0.0019670502
0
0.018280516
0.047987844
0.056467282
0
0
0
0
0
0
0
0
0.061664725
0.058610658
0
0
0
0
0
0.014631665
0.030593492
0.039794127
0.049431673
0
0
0
0
0.011867645
0.00077801852
0
0
0
0
0
0.0031030273
0.060870192
0.07070659
0.051814056
0
0
0
0
0
0
0
0
0
0.00018197555
0
0
0
0
0
0
0
0
0
0.0074808088
0.01356939
0
0
0.0041204009
0.027251099
0
0
0.00076411203
0.021425813
0
0
0.0095732865
0.026667915
0.013203165
0
0
8.130243e-06
0.012060741
0.00098529258
0
0
0
0
0.0010291602
0
0
0
0
0
0
0
0
0
0.012230981
0
0
0
0
0
0
0
0
0
0
0
0
0
0
0
0
0
0
0
0
0
0
0
0
0
0
0
0
0
0
0
0
0
0
0
0
0
0
0
0
0
0
0
0
0
0
0
0
0
0
0
0
0
0
0
0
0
0
0
0
0
0
0
0
0
0
0
0
0
0
0
0
0
0
0
0
0
0
0
0
0
0
0
0
0
0
0
0
0
0
0
0
0
0
0
0
0
0
0
0
0
0
0
0
0
0
0
0
0
0
0
0
0
0
0
0
0
0
0
0
0
0
0
0
0
0
0
0
0
0
0
0
0
0
0
0
0
0
0
0
0
0
0
0
0
0
0
0
0
0
0
0
0
0
0
0
0
0
0
0
0
0
0
0
0
0
0
0
0
0
0
0
0
0
0
0
0
0
0
0
0
0
0
0
0
0
0
0
0
0
0
0
0
0
0
0
0
0
0
0
0
0.0019847289
0.016178465
0.025310715
0
0
0
0.027346632
0.035524151
0
0
0
0
0
0
0
0
0
0
0.0015484725
0.0071580563
0.01198824
0.017077234
0.023805728
0
0
0
0
0
0
0
0
0
0
0
0
0
0
0
0
0
0
0
0
0
0
0
0
0
0
0
0
0
0
0
0.0079013135
0.023414703
0.028752715
0.035368217
0.035712157
0.038992305
0.041314656
0.040065456
0
0
0
0
0
0
0
0
0
0
0
0
0
0
0
0
0
0
0
0
0
0
0
0
0
0
0
0
0
0
0
0.020378197
0
0.010501752
0
0
0
0.019763667
0.011935098
0.032425153
0.012468238
0.021415812
0.012323404
0.0042752039
0.0025131673
0.040329618
0.029290014
0.060334607
0.023502299
0.032395587
0.02278711
0.026608407
0.023498997
0.026879562
0.05112447
0.041367624
0.069086199
0.037270913
0.034823956
0.037930582
0.039683253
0.04085745
0.035928632
0.064351477
0.068199527
0.080598348
0.049305603
0.045344322
0.045754048
0.049630348
0.048500311
0.048670661
0.051009255
0.0684593
0.072838468
0.083586843
0.074164855
0.048800699
0.054350144
0.057174057
0.055164461
0.056429218
0.064254438
0.082299392
0.086068978
0.077861135
0.054866514
0.061025335
0.060896864
0.067022904
0.063807612
0.067054584
0.079309943
0.085257735
0.089416191
0.086724722
0.057862295
0.068679601
0.064593709
0.071773109
0.066904278
0.07199289
0.082810631
0.083359717
0.088265399
0.084246196
0.051479274
0.062199549
0.059870979
0.065616485
0.064041733
0.069860668
0.080044109
0
0
0
0.0088672903
0.016397517
0.022455856
0.02277095
0.0230569
0.021344872
0.025321582
0.030775246
0.043994817
0
0
0
0
0
0
0
0
0
0
0
0
0
0
0
0
0
0
0
0
0
0
0
0
0
0
0
0
0
0
0
0
0
0
0
0
0
0
0
0
0
0
0
0
0
0
0
0
0
0
0
0
0
0
0
0
0
0
0
0
0
0
0
0
0
0
0
0
0
0
0
0
0
0
0
0
0
0
0
0
0
0
0
0
0
0
0
0
0
0
0
0
0
0
0
0
0
0
0
0
0
0
0
0
0
0
0
0
0
0
0
0
0
0
0
0
0
0
0
0
0
0
0
0
0
0
0
0
0
0
0
0
0
0
0
0
0
0
0
0
0
0
0
0
0
0
0
0
0
0
0
0
0
0
0
0
0
0
0
0
0
0
0
0
0
0
0
0
0
0
0
0
0
0
0
0
0
0
0
0
0
0
0
0
0
0
0
0
0
0
0
0
0
0
0
0
0
0
0
0
0
0
0
0
0
0
0
0
0
0
0
0
0
0
0
0
0
0
0
0
0
0
0
0
0
0
0
0
0
0
0
0
0
0
0
0
0
0
0
0
0
0
0
0
0
0
0
0
0
0
0
0
0
0
0
0
0
0
0
0
0
0
0
0
0
0
0
0
0
0
0
0
0
0
0
0
0
0
0
0
0
0
0
0
0
0
0
0
0
0
0
0
0
0
0
0
0
0
0
0
0
0
0
0
0
0
0
0
0
0
0
0
0
0
0
0
0
0
0
0
0
0
0
0
0
0
0
0
0
0
0
0
0
0
0
0
0
0
0
0
0
0
0
0
0
0
0
0
0
0
0
0
0
0
0
0
0
0
0
0
0
0
0
0
0
0
0
0
0
0
0
0
0
0
0
0
0
0
0
0
0
0
0
0
0
0
0
0
0
0
0
0
0
0
0
0
0
0
0
0
0
0
0
0
0
0
0
0
0
0
0
0
0
0
0
0
0
0
0
0
0
0
0
0
0
0
0
0
0
0
0
0
0
0
0
0
0
0
0
0
0
0
0
0
0
0
0
0
0
0
0
0
0
0
0
0
0
0
0
0
0
0
0
0
0
0
0
0
0
0
0
0
0
0
0
0
0
0
0
0
0
0
0
0
0
0
0
0
0
0
0
0
0
0
0
0
0
0
0
0
0
0
0
0
0
0
0
0
0
0
0
0
0
0
0
0
0
0
0
0
0
0
0
0.083173449
0.081888025
0.059520913
0.041645727
0.031230462
0.02879658
0
0
0
0
0
0
0
0
0
0
0
0
0
0
0
0
0
0
0
0
0
0
0
0
0
0
0
0
0
0
0
0
0
0
0
0
0
0
0
0
0
0
0
0
0
0
0
0
0
0
0
0
0
0
0
0
0
0
0
0
0
0
0
0
0
0
0
0
0
0
0
0
0
0
0
0
0
0
0
0
0
0
0
0
0
0
0
0
0
0
0
0
0
0
0
0
0
0
0
0
0
0
0
0
0
0
0
0
0
0
0
0
0
0
0
0
0
0
0
0
0
0
0
0
0
0
0
0
0
0
0
0
0
0
0
0
0
0
0
0
0
0
0
0
0
0
0
0
0
0.05014521
0.047309746
0.031280795
0.010782663
0
0
0
0.068314634
0.050527703
0.03988149
0.018471345
0.0067788952
0.0018749392
0.0047338628
0.072197805
0.065625313
0.037264347
0.01763008
0.015598001
0.013154815
0.083073369
0.066350587
0.044542598
0.028202101
0.021008133
0.016858817
0.084351232
0.082881563
0.0602512
0.043304083
0.034385187
0.030380197
0
0
0
0
0
0
0
0
0
0
0
0
0
0
0
0
0
0
0
0
0
0
0
0
0
0
0
0
0
0
0
0
0
0
0
0
0
0
0
0
0
0
0
0
0
0
0
0
0
0
0
0
0
0
0
0
0
0
0
0
0
0
0
0
0
0
0
0
0
0
0
0
0
0
0
0
0
0
0
0
0
0
0
0
0
0
0
0
0
0
0
0
0
0
0
0
0
0
0
0
0
0
0
0
0
0
0
0
0
0
0
0
0
0
0.0094563416
0
0
0
0
0.023971901
0.01727206
0.013868189
0.037487745
0.027233164
0
0
0
0
0.026618663
0.037287418
0.03559828
0.050480815
0.049077587
0.03091388
0.0098891524
0
0
0.018898044
0.002800282
0.028668759
0
0
0
0
0
0
0
0
0
0
0
0
0.0097739129
0.0076450282
0
0
0
0
0
0
0
0
0
0.017230025
0.02635605
0.016395737
0
0
0
0
0
0
0
0
0.026612378
0.039454653
0.030352786
0.0025824594
0.0077404301
0
0
0
0.0037300445
0
0
0.052251015
0.056943206
0.066054873
0.075177112
0.079955458
0
0
0
0
0
0
0
0
0
0
0
0
0
0
0
0
0
0
0
0
0
0
0
0
0
0
0
0
0
0
0
0
0
0
0
0
0
0
0
0
0
0
0
0
0
0
0
0
0
0
0
0
0
0
0
0
0
0
0
0
0
0
0
0
0
0
0
0
0
0
0
0
0
0
0
0
0
0
0
0
0
0
0
0
0
0
0
0.0025261242
0.014472366
0.007384096
0
0.0043965006
0.02012509
0.02169265
0
0
0
0
0
0
0.018518513
0.035184238
0.029702469
0.018415364
0.028696718
0.010521275
0
0
0
0
0
0
0
0
0
0
0
0
0
0
0
0
0
0
0
0
0
0
0.021020157
0.033067192
0.017358784
0
0
0
0
0
0
0
0
0
0
0
0
0
0.017423664
0.035741974
0.03712791
0.010367287
0
0
0
0
0
0
0.011308496
0
0
0
0
0.0032819727
0.021958332
0.033845676
0.039386161
0.027111197
0
0
0
0
0
0.017739426
0.01792284
0
0
0
0
0.007430848
0.02324432
0.030669725
0.041261217
0.044641041
0.025118227
0.024845905
0.026671717
0.012778855
0
0.022533873
0.026139312
0
0
0
0.0032749424
0.017182734
0.025973534
0.030227863
0.039689318
0.04598771
0.043719961
0.044670116
0.047268546
0.015368771
0.010741234
0.021794301
0
0
0
0
0
0.011843556
0.025508831
0.02827764
0.035484481
0.043447772
0.049011932
0.051288012
0.059365915
0.043765623
0.025516569
0.015029235
0.017510514
0.00035634589
0
0
0
0
0.012098238
0.024478585
0.027451346
0.032114785
0.037812802
0.048537473
0.057360456
0.066037401
0.051676464
0.011822113
0.0083062849
0.0019989405
0
0
0
0
0.0044366188
0.019048006
0.023547545
0.028540348
0.034059111
0.046671971
0.058724064
0.071572208
0.065884212
0.04084348
0.018088378
0.0035199192
0
0.00091716233
0
0
0
0.0031402054
0.017139509
0.022496654
0.025910069
0.030295023
0.043609437
0.0578261
0.072127512
0.071001251
0.049214768
0.012351117
0
0
0
0
0
0
0
0
0.013464928
0.01562427
0
0
0
0
0.018982664
0.026292486
0.016288899
0
0
0
0
0
0.014580523
0.023520309
0.022295648
0.0040421162
0
0
0
0
0.010982043
0.017653043
0.018969628
0.018837305
0.0048043991
0
0
0
0
0.009845382
0.014465786
0.012357726
0.023343154
0.026825935
0
0.00074152391
0
0
0
0.0091835399
0.00066919991
0.024148247
0.039833292
0
0
0
0
0
0.006829758
0
0.019745228
0.048886713
0.056728674
0
0.0019484549
0
0
0
0
0
0.00069387412
0.061985964
0.058935747
0
0.0027616268
0
0
0
0
0
0.0039858779
0.061895449
0.071134353
0.051679024
0
0
0
0
0.015124502
0.031507252
0.040583119
0.050441716
0.036891518
0
0
0
0.0010327038
0.017825733
8.8170322e-05
0.0018566653
0
0
0
0
0.0015780796
0.066272447
0.07103257
0.050474805
0
0
0
0
0
0
0
0
0
0
0
0
0
0
0
0.0064798216
0
0
0
0.010691458
0
0
0
0.0032149572
0.025906225
0
0
0.00040698154
0.022006017
0
0
0.010280287
0
0
0.0021237225
0.015071413
0.0078895175
0
0
0.002689851
0.00094744629
0.0039472056
0
0
0
0
0
0
0
0
0
0.012529654
0
0
0
0.0023673415
0.018337334
0
0
0
0
0
0
0
0
0
0
0
0
0
0
0
0
0
0
0
0
0
0
0
0
0
0
0
0
0
0
0
0
0
0
0
0
0
0
0
0
0
0
0
0
0
0
0
0
0
0
0
0
0
0
0
0
0
0
0
0
0
0
0
0
0
0
0
0
0
0
0
0
0
0
0
0
0
0
0
0
0
0
0
0
0
0
0
0
0
0
0
0
0
0
0
0
0
0
0
0
0
0
0
0
0
0
0
0
0
0
0
0
0
0
0
0
0
0
0
0
0
0
0
0
0
0
0
0
0
0
0
0
0
0
0
0
0
0
0
0
0
0
0
0
0
0
0
0
0
0
0
0
0
0
0
0
0
0
0
0
0
0
0
0
0
0.0014587312
0.016660183
0.026308594
0.028527881
0
0
0.044747489
0
0
0
0
0
0
0
0.0027269622
0.0089189684
0.014492155
0.019583513
0.025991867
0.032986413
0
0
0
0
0
0
0
0
0
0
0
0
0
0
0
0
0
0
0
0
0.014105885
0.0094161206
0.02744638
0.034667728
0.043113538
0.044693339
0.047356783
0.048730272
0.043284072
0.047573483
0
0
0
0
0
0
0
0
0
0
0
0.021814545
0
0
0
0
0
0
0
0
0
0
0.008754298
0.012214846
0
0
0
0
0
0
0
0.018907138
0.0081803945
0.034005412
0.0081357062
0.025014991
0.014549408
0.0019671079
0
0.04113483
0.028379986
0.063047444
0.019313101
0.038805932
0.024547834
0.025201659
0.018143209
0.020403056
0.052578839
0.040147115
0.072080762
0.035585611
0.040794969
0.042355343
0.038837215
0.036953419
0.029362265
0.066602065
0.071509843
0.08651328
0.047794852
0.054786727
0.051110868
0.051778443
0.04605741
0.043215312
0.046989583
0.070783053
0.076899035
0.089113998
0.07822858
0.057698368
0.061929174
0.061150711
0.05478213
0.051833301
0.063154879
0.086143641
0.088311048
0.081908201
0.064532606
0.068786372
0.065513482
0.074388907
0.065552117
0.067191237
0.0833645
0.087623043
0.090889591
0.089983882
0.065404664
0.076362128
0.070174687
0.079168081
0.070586801
0.074555359
0.08658877
0.0935155
0.093215661
0.092553027
0.059006725
0.078399565
0.071858723
0.07495757
0.087274756
0.073997271
0.080922907
0.094148936
0.092080228
0.091749978
0.09031602
0.055235061
0.072512115
0.066945076
0.06773783
0.081226069
0.071159164
0.077898423
0.091177295
0.0092936929
0.011882651
0.015718015
0.0095008279
0.017777974
0.02644892
0.029082731
0.030188983
0.02730451
0.03041797
0.042866997
0.042041981
0
0
0
0
0
0
0
0
0
0
0
0
0
0
0
0
0
0
0
0
0
0
0
0
0
0
0
0
0
0
0
0
0
0
0
0
0
0
0
0
0
0
0
0
0
0
0
0
0
0
0
0
0
0
0
0
0
0
0
0
0
0
0
0
0
0
0
0
0
0
0
0
0
0
0
0
0
0
0
0
0
0
0
0
0
0
0
0
0
0
0
0
0
0
0
0
0
0
0
0
0
0
0
0
0
0
0
0
0
0
0
0
0
0
0
0
0
0
0
0
0
0
0
0
0
0
0
0
0
0
0
0
0
0
0
0
0
0
0
0
0
0
0
0
0
0
0
0
0
0
0
0
0
0
0
0
0
0
0
0
0
0
0
0
0
0
0
0
0
0
0
0
0
0
0
0
0
0
0
0
0
0
0
0
0
0
0
0
0
0
0
0
0
0
0
0
0
0
0
0
0
0
0
0
0
0
0
0
0
0
0
0
0
0
0
0
0
0
0
0
0
0
0
0
0
0
0
0
0
0
0
0
0
0
0
0
0
0
0
0
0
0
0
0
0
0
0
0
0
0
0
0
0
0
0
0
0
0
0
0
0
0
0
0
0
0
0
0
0
0
0
0
0
0
0
0
0
0
0
0
0
0
0
0
0
0
0
0
0
0
0
0
0
0
0
0
0
0
0
0
0
0
0
0
0
0
0
0
0
0
0
0
0
0
0
0
0
0
0
0
0
0
0
0
0
0
0
0
0
0
0
0
0
0
0
0
0
0
0
0
0
0
0
0
0
0
0
0
0
0
0
0
0
0
0
0
0
0
0
0
0
0
0
0
0
0
0
0
0
0
0
0
0
0
0
0
0
0
0
0
0
0
0
0
0
0
0
0
0
0
0
0
0
0
0
0
0
0
0
0
0
0
0
0
0
0
0
0
0
0
0
0
0
0
0
0
0
0
0
0
0
0
0
0
0
0
0
0
0
0
0
0
0
0
0
0
0
0
0
0.081654117
0.059785609
0.046654459
0.043283257
0.036496464
0
0
0
0
0
0
0
0
0
0
0
0
0
0
0
0
0
0
0
0
0
0
0
0
0
0
0
0
0
0
0
0
0
0
0
0
0
0
0
0
0
0
0
0
0
0
0
0
0
0
0
0
0
0
0
0
0
0
0
0
0
0
0
0
0
0
0
0
0
0
0
0
0
0
0
0
0
0
0
0
0
0
0
0
0
0
0
0
0
0
0
0
0
0
0
0
0
0
0
0
0
0
0
0
0
0
0
0
0
0
0
0
0
0
0
0
0
0
0
0
0
0
0.070426813
0.053861669
0.041164074
0.021026739
0.01024905
0.0047092102
0.0089831738
0.074173955
0.067518889
0.043882307
0.025671351
0.020818114
0.016207276
0.084914295
0.067846595
0.046337048
0.032352096
0.026272229
0.020319584
0.085970339
0.084278326
0.061320015
0.044853451
0.037360328
0.032528735
0.083292094
0.061013107
0.047832847
0.044651117
0.037797811
0
0
0
0
0
0
0
0
0
0
0
0
0
0
0
0
0
0
0
0
0
0
0
0
0
0
0
0
0
0
0
0
0
0
0
0
0
0
0
0
0
0
0
0
0
0
0
0
0
0
0
0
0
0
0
0
0.0012330419
0
0
0
0
0
0.001278623
0
0
0
0
0
0
0
0
0
0
0
0
0
0
0
0
0
0
0
0
0
0
0
0
0
0
0
0
0
0
0
0
0
0
0
0
0
0.023006768
0
0
0
0
0.0079977964
0
0
0
0
0.013818041
0.0036182245
0.031331225
0.026330402
0
0
0
0
0.028861807
0.036104229
0.031201751
0.049567472
0.050080815
0.030007566
0.008666103
0
0
0.024132373
0.0067083977
0.030791078
0.052698563
0.056942537
0.07246154
0.056485515
0.041121875
0.020785407
0.011821266
0.007087262
0.015007113
0.014274364
0.018184909
0.011476422
0.010743796
0
0
0
0
0
0
0
0
0
0.018876186
0.027750899
0.018358462
0
0
0
0
0
0
0
0
0.027708376
0.041081316
0.032160611
0.0047618087
0.0088882587
0
0
0
0.0052322602
0
0
0.04652905
0.013056979
0.055195402
0.038672452
0.016543256
0
0
0
0.010702083
0
0
0.067981505
0.077379934
0.081578946
0
0
0
0
0
0
0
0
0
0
0
0
0
0
0
0
0
0
0
0
0
0
0
0
0
0
0
0
0
0
0
0
0
0
0
0
0
0
0
0
0
0
0
0
0
0
0
0
0
0
0
0
0
0
0
0
0
0
0
0
0
0
0
0
0
0
0
0
0.021196843
0.012876294
0.010809633
0
0.026535169
0.00058522803
0.039103832
0.047052362
0.02966917
0.0083622532
0
0
0
0
0
0
0.028896556
0.043223534
0.049888945
0.05819973
0.040770942
0.036069325
0.046664693
0.034614672
0.032265977
0.020811378
0
0
0.0037624131
0
0
0
0
0
0
0
0
0.0032828443
0
0
0
0
0
0
0
0
0
0
0
0
0.017722809
0.042508928
0.044024041
0.0085675832
0
0
0
0
0
0
0.0037343072
0
0
0
0
0
0.017361774
0.036731696
0.044203414
0.025552179
0
0
0
0
0
0.0087098685
0.014166383
0
0
0
0
0
0.015973937
0.029489274
0.044840859
0.047521916
0.018436831
0.013479678
0.01871357
0.0069115932
0
0.014676781
0.022949174
0
0
0
0
0.011596147
0.019919109
0.028205507
0.041695522
0.048780504
0.041884929
0.040747791
0.04335182
0.015145379
0.0044077126
0.020276974
0
0
0
0
0
0.0080471286
0.022855415
0.025424795
0.035411007
0.046870094
0.051124449
0.052040255
0.058251431
0.043057432
0.025721218
0.011828349
0.015776236
0.0011089512
0
0
0
0
0.010173426
0.023303249
0.02604814
0.031429441
0.03944519
0.050436919
0.058017814
0.065794304
0.051468046
0.014453756
0.0071342387
0.0017420658
0
0
0
0
0.0024235371
0.018087114
0.022555301
0.028070715
0.034217599
0.047856714
0.059323701
0.071488065
0.065951141
0.041098627
0.020255214
0.0035363614
0
0
0
0
0
0.0013617397
0.016393025
0.021684136
0.025436053
0.030160602
0.044005476
0.058291638
0.072088427
0.071189722
0.049546374
0.015096263
0
0
0
0
0
0
0.012446189
0.019018866
0.023439893
0.02851604
0.035222182
0.05465753
0.068310921
0.0771618
0.068305086
0.037986304
0.019817696
0
0
0
0.0021107037
0
0
0
0.01843908
0
0
0.024553634
0.030337932
0.024450689
0.0095205303
0
0
0
0.016851171
0.028695542
0.031815869
0.015180713
0
0
0
0
0.013357038
0.021975191
0.02740102
0.023081346
0.0098788465
0
0
0
0
0.012975261
0.019235668
0.020528698
0.026849931
0.027910981
0
0.0050717125
0
0
0
0.014963855
0.005910747
0.027004414
0.040773598
0
0.0018422669
0
0
0
0.01366648
0.0018300192
0.021947106
0.050117681
0.057141642
0
0.0075670758
0
0
0
0
1.1532038e-05
0.00263079
0.062721904
0.059316792
0
0.0053528488
0
0
0
0
0
0.005450523
0.06289776
0.071598148
0.052264111
0
0.0016076033
0.0031810084
0
0
0
0
0.002927684
0.067681662
0.071549297
0.050680916
0
0
0
0.015875938
0.032775708
0.04171164
0.051644333
0.038650092
0.046534845
0
0.00039207023
0.0020623482
0.016284344
0.036073255
0.027425528
0.00098346661
0.0062848945
0
0
0
0
0.017601871
0.056276882
0.071487945
0.071570746
0.048563011
0
0
0
0
0
2.7666456e-05
0.0018783027
0.0041659664
0
0.0089787163
0.015569997
0.024695643
4.5745086e-05
0
0.0082390108
0
0
0.00047032145
0.022484154
0
0
0.011169762
0
0
0.0039541328
0
0
0.0066265367
0.0099047294
0.0084456437
0
0
0
0
0.0012730559
0
0
0
0
0.012976167
0
0
0
0.0041407271
0.018784571
0
0.0012336535
0.0041789814
0.017340345
0.036475154
0.028148409
0
0
0
0
0
0
0
0
0
0
0
0
0
0
0
0
0
0
0
0
0
0
0
0
0
0
0
0
0
0
0
0
0
0
0
0
0
0
0
0
0
0
0
0
0
0
0
0
0
0
0
0
0
0
0
0
0
0
0
0
0
0
0
0
0
0
0
0
0
0
0
0
0
0
0
0
0
0
0
0
0
0
0
0
0
0
0
0
0
0
0
0
0
0
0
0
0
0
0
0
0
0
0
0
0
0
0
0
0
0
0
0
0
0
0
0
0
0
0
0
0
0
0
0
0
0
0
0
0
0
0
0
0
0
0
0
0
0
0
0
0
0
0
9.2672409e-05
0.017226285
0.027754597
0.030234889
0
0
0
0
0
0
0
0.0027499356
0.011154735
0.018391573
0.024145369
0.029597439
0.035281584
0.045518588
0.044629521
0
0
0
0
0
0
0
0
0
0
0
0.024897062
0.030210751
0.0397218
0.049420895
0.053492805
0.05804431
0.059395582
0.048209506
0.052051411
0
0.0031624174
0.0042289248
0.017891198
0
0
0
0.019622992
0
0.0067812092
0.038161146
0
0
0
0
0.006136756
0
0
0.011780142
0
0.021397028
0.02782092
0.0069399165
0.017670619
0
0
0.002355663
0
0
0.042046298
0.031166925
0.067494314
0.017792523
0.045318349
0.027216143
0.02470131
0.013921284
0.016209566
0.054633499
0.042630573
0.075786162
0.03858401
0.047063633
0.047418744
0.037870757
0.03268506
0.025476303
0.069015287
0.075522309
0.091560389
0.048787087
0.064365547
0.057017558
0.053917729
0.042495104
0.037833968
0.044707802
0.074169069
0.081801855
0.096260903
0.082707655
0.067778213
0.070916521
0.064894404
0.052274808
0.046598353
0.062247533
0.092770188
0.092988039
0.087541824
0.076499038
0.077931255
0.069878571
0.08253756
0.065568438
0.066861647
0.089027142
0.091733966
0.09328774
0.095719033
0.075389778
0.087002867
0.078001869
0.089532565
0.075153868
0.078012593
0.092480678
0.095274243
0.09514015
0.095539922
0.063390829
0.085445417
0.078291625
0.083749222
0.09469678
0.077792811
0.084945008
0.098226298
0.097795526
0.095262348
0.10310902
0.065493948
0.077424019
0.078088309
0.085595275
0.096413454
0.077384615
0.084824482
0.10010779
0.096112492
0.093745661
0.10095451
0.062553355
0.073368426
0.071131581
0.076709481
0.089846349
0.073637315
0.081718618
0.096463368
0.026419737
0.026314072
0.019885558
0.028859304
0.034215168
0.037927897
0.035166564
0.039688055
0.056518357
0.057824863
0
0
0
0
0
0
0
0
0
0
0
0
0
0
0
0
0
0
0
0
0
0
0
0
0
0
0
0
0
0
0
0
0
0
0
0
0
0
0
0
0
0
0
0
0
0
0
0
0
0
0
0
0
0
0
0
0
0
0
0
0
0
0
0
0
0
0
0
0
0
0
0
0
0
0
0
0
0
0
0
0
0
0
0
0
0
0
0
0
0
0
0
0
0
0
0
0
0
0
0
0
0
0
0
0
0
0
0
0
0
0
0
0
0
0
0
0
0
0
0
0
0
0
0
0
0
0
0
0
0
0
0
0
0
0
0
0
0
0
0
0
0
0
0
0
0
0
0
0
0
0
0
0
0
0
0
0
0
0
0
0
0
0
0
0
0
0
0
0
0
0
0
0
0
0
0
0
0
0
0
0
0
0
0
0
0
0
0
0
0
0
0
0
0
0
0
0
0
0
0
0
0
0
0
0
0
0
0
0
0
0
0
0
0
0
0
0
0
0
0
0
0
0
0
0
0
0
0
0
0
0
0
0
0
0
0
0
0
0
0
0
0
0
0
0
0
0
0
0
0
0
0
0
0
0
0
0
0
0
0
0
0
0
0
0
0
0
0
0
0
0
0
0
0
0
0
0
0
0
0
0
0
0
0
0
0
0
0
0
0
0
0
0
0
0
0
0
0
0
0
0
0
0
0
0
0
0
0
0
0
0
0
0
0
0
0
0
0
0
0
0
0
0
0
0
0
0
0
0
0
0
0
0
0
0
0
0
0
0
0
0
0
0
0
0
0
0
0
0
0
0
0
0
0
0
0
0
0
0
0
0
0
0
0
0
0
0
0
0
0
0.09581967
0.07565898
0.054886046
0.048452823
0.050326031
0
0
0
0
0
0
0
0
0
0
0
0
0
0
0
0
0
0
0
0
0
0
0
0
0
0
0
0
0
0
0
0
0
0
0
0
0
0
0
0
0
0
0
0
0
0
0
0
0
0
0
0
0
0
0
0
0
0
0
0
0
0
0
0
0
0
0
0
0
0
0
0
0
0
0
0
0
0
0
0
0
0
0
0
0
0
0
0
0
0
0
0
0
0
0.07766767
0.071191467
0.047538904
0.029190379
0.024371832
0.019494859
0.088450742
0.070528069
0.049548373
0.03671136
0.03057974
0.02364218
0.088743197
0.086585235
0.062962163
0.047082022
0.041240283
0.035457402
0.085437083
0.062738132
0.049241883
0.046390615
0.039399992
0.097593775
0.077129041
0.056024901
0.049853189
0.051870131
0
0
0
0
0
0
0
0
0
0
0
0
0.0091474967
0
0
0
0
0
0
0.0089706789
0
0
0
0
0
0
0
0
0
0
0
0
0
0
1.599977e-05
0
0
0
0
0
0.0053734651
0
0
0
0
0.0061524688
0.011270383
0.0047081639
0
0
0
0
0
0
0
0
0
0.014587888
0.016492181
0
0
0
0
0
0.0023410926
0
0
0
0
0
0
0.0097003993
0
0
0
0
0
0
0
0
0
0
0
0
0
0
0
0
0
0
0
0
0.0019007204
0
0
0
0
0.020030828
0.030610884
0
0
0
0.0092818094
0
0.026085515
0
0
0.022757043
0.03395707
0.023469173
0.046367272
0.050330735
0.03073236
0.0084947248
0
0
0.030083418
0.011665716
0.033077169
0.052167367
0.055217844
0.07317005
0.058696406
0.041848437
0.020632202
0.012637272
0.0092456216
0.022357323
0.020814836
0.021833678
0.069573597
0.081513838
0.076031035
0.048818198
0.029372232
0.026437495
0.02286711
0.017054868
0.014653719
0.0094950941
0.021395717
0.029540044
0.021920019
0
0
0
0
0
0.0017581986
0
0
0.028811622
0.042677505
0.033483245
0.0066837095
0.0095792991
0
0
0
0.0074853138
0
0
0.048327532
0.014158122
0.057147799
0.040298961
0.01788872
0
0
0
0.01168355
0
0
0.055677825
0.019789804
0.064261924
0.049728647
0.050060055
0
0
0
0.017103351
0
0
0.080995102
0.084741351
0
0
0
0
0
0
0
0
0
0
0
0
0
0
0
0
0
0
0
0
0
0
0
0
0
0
0
0
0
0
0
0
0
0
0
0
0
0
0
0
0
0
0
0
0
0
0
0
0
0
0
0
0
0
0
0
0.027963134
0.013078039
0
0
0.030869837
0.032531526
0.023472453
0.04073066
0.049696922
0.051769529
0.0087439658
0
0
0
0
0
0.054038969
0.063506118
0.05094892
0.054637681
0.040506563
0.0074925389
0
0.0033927485
0
0
0
0
0
0
0
0
0
0
0
0
0
0
0
0
0
0
0
0.018188203
0.043369984
0.051362628
0.025017772
0
0
0.011232859
0
0
0.00067490475
0.010552992
0
0
0
0
0
0.0097958469
0.032668409
0.05142667
0.051311212
0.012596243
0.0047762018
0.014404568
0.0069088799
0
0.0058876265
0.018464391
0
0
0
0
0.0047644511
0.013239202
0.028945256
0.046290043
0.05226689
0.03759738
0.031177824
0.035002281
0.016934436
0
0.017360247
0.00051350399
0
0
0
0
0.0032498932
0.017501394
0.021588272
0.036786998
0.051386803
0.052112567
0.050695264
0.054986241
0.041348002
0.025145832
0.0064359687
0.012680502
0.0019863605
0
0
0
0
0.0072055013
0.020749009
0.023536416
0.030606418
0.042710633
0.053249051
0.058998465
0.065138349
0.050989172
0.018323686
0.0050137183
0.00098518313
0
0
0
0
0
0.016478283
0.020758797
0.027312472
0.034612757
0.050037304
0.060416101
0.071370339
0.065914624
0.041464826
0.024310062
0.0026059847
0
0
0
0
0
0
0.01541886
0.020551333
0.024879472
0.030095747
0.044897098
0.059173588
0.072108635
0.071326147
0.049724319
0.019160302
0
0
0
0
0
0
0.011480962
0.018171565
0.022943238
0.028359552
0.035295543
0.055505581
0.068377658
0.077227959
0.068756089
0.038689163
0.020496757
0
0
0.00024770542
0
0
0
0.012529485
0.017179146
0.022754492
0.027733491
0.035196734
0.045785803
0.06266894
0.076001591
0.074359772
0.047378232
0.0066645281
0
0
0
0
0.0002459755
0.018254084
0
0
0
0.033453444
0.042713677
0.031704673
0
0
0
0.015800821
0.026448597
0.036355131
0.030276897
0.018949802
0
0
0
0
0.016238438
0.024316586
0.029145347
0.032613197
0.030640592
0
0.0091443821
0
0
0
0.020263911
0.013570531
0.031609345
0.042437408
0
0.0069739911
0
0
0
0.019510682
0.0068221166
0.025355575
0.05198379
0.057831846
0
0.014418828
0
0
0
0
0.0044573331
0.0057393123
0.063909169
0.060062129
0
0.0095069198
0
0
0
0
0.0026895333
0.0085600337
0.064487977
0.07244708
0.052985613
0
0.0034568487
0.0050165617
0
0
0
0
0.0048438953
0.069169356
0.072282126
0.051262015
0
0.0034562535
0.0074970139
0
0
0
0
0.017999956
0.058299457
0.072954297
0.072394082
0.04892545
0
0
0.016941948
0.034691454
0.043475227
0.053138662
0.041147206
0.048594783
0
0.012802649
0.014695951
0.020991101
0.047528216
0.038211184
0.022842218
0.011192566
0.0080707021
0
0
0
0
0.064938407
0.074503634
0.070442103
0.053251455
0.0016731993
0
0
0
0
0
0
0
0.0028484308
0.0070164695
0.0019332837
0.015648479
0.0058902894
0.029866651
0.023505036
0.02498938
0
0
0.012308321
0
0
0.0060364045
0
0
0
0
0
0.0034213245
0.0055300851
0
0
0
0.00018959988
0.013604258
0
0
0.00085582698
0.0069437635
0.019335811
0
0.0026747342
0.0073219374
0.018639046
0.036904367
0.028920772
0
0.013419407
0.01681512
0.022492202
0.048015736
0.039052267
0
0
0
0
0
0
0
0
0
0
0
0
0
0
0
0
0
0
0
0
0
0
0
0
0
0
0
0
0
0
0
0
0
0
0
0
0
0
0
0
0
0
0
0
0
0
0
0
0
0
0
0
0
0
0
0
0
0
0
0
0
0
0
0
0
0
0
0
0
0
0
0
0
0
0
0
0
0
0
0
0
0
0
0
0
0
0
0
0
0
0
0
0
0
0
0
0
0
0
0
0
0
0
0
0
0
0
0
0
0
0
0
0
0
0
0.017507334
0.029886723
0.032943469
0
0
0.0011737077
0.012883598
0.02328896
0.031118096
0.036601039
0.038580449
0.048113196
0.047456311
0.059782698
0.060748566
0
0
0
0
0
0
0.042371329
0.054235424
0.043793851
0.054850048
0.06101156
0.067882351
0.071608021
0.057139594
0.05843141
0.019292375
0.018251568
0.04200616
0
0
0.0016419079
0.031208688
0
0.021105119
0.037982354
0.037866375
0.072095557
0
0
0
4.3896027e-05
0
0.021002637
0.019070208
0
0.023038318
0.031076247
0
0.03346079
0.050956619
0.033273927
0.031273135
0.0047480206
0
0.01896971
0.011805595
0.025933195
0.0013760779
0.015205814
0.056603361
0.049624821
0.081035163
0.045882496
0.053821254
0.053521945
0.037597963
0.028729586
0.024791708
0.071269157
0.081338889
0.095973865
0.054418413
0.073243275
0.063203197
0.056837674
0.039551407
0.034297093
0.047293388
0.077539745
0.087672712
0.1029208
0.088528816
0.078004397
0.080409746
0.068711295
0.049318236
0.043253687
0.062325321
0.1014569
0.10154496
0.093755806
0.088133537
0.087593886
0.073010036
0.090614853
0.063699483
0.066499768
0.0948383
0.098851332
0.098567878
0.10492674
0.086965446
0.099546654
0.085334504
0.10032451
0.078537135
0.081516681
0.10055687
0.09807004
0.098473234
0.10052079
0.069736684
0.09536185
0.087132511
0.09516419
0.10527989
0.083365416
0.091122112
0.1047954
0.099991092
0.097227569
0.10595043
0.068697288
0.082202015
0.087063506
0.096351707
0.10451863
0.08243694
0.088848951
0.10551791
0.10166883
0.11026798
0.072777928
0.08651296
0.080907872
0.085333611
0.097104388
0.091961965
0.086580666
0.094663817
0.11050623
0.099573073
0.10764716
0.069688616
0.081922571
0.075057048
0.076583818
0.090532173
0.08875054
0.082311922
0.091106368
0.10729505
0.035468269
0.045022096
0.031191222
0.033941529
0.030005494
0.037668518
0.044624716
0.043280673
0.05143645
0.070340548
0.071803926
0
0
0
0
0
0
0
0
0
0
0
0
0
0
0
0
0
0
0
0
0
0
0
0
0
0
0
0
0
0
0
0
0
0
0
0
0
0
0
0
0
0
0
0
0
0
0
0
0
0
0
0
0
0
0
0
0
0
0
0
0
0
0
0
0
0
0
0
0
0
0
0
0
0
0
0
0
0
0
0
0
0
0
0
0
0
0
0
0
0
0
0
0
0
0
0
0
0
0
0
0
0
0
0
0
0
0
0
0
0
0
0
0
0
0
0
0
0
0
0
0
0
0
0
0
0
0
0
0
0
0
0
0
0
0
0
0
0
0
0
0
0
0
0
0
0
0
0
0
0
0
0
0
0
0
0
0
0
0
0
0
0
0
0
0
0
0
0
0
0
0
0
0
0
0
0
0
0
0
0
0
0
0
0
0
0
0
0
0
0
0
0
0
0
0
0
0
0
0
0
0
0
0
0
0
0
0
0
0
0
0
0
0
0
0
0
0
0
0
0
0
0
0
0
0
0
0
0
0
0
0
0
0
0
0
0
0
0
0
0
0
0
0
0
0
0
0
0
0
0
0
0
0
0
0
0
0
0
0
0
0
0
0
0
0
0
0
0
0
0
0
0
0
0
0
0
0
0
0
0
0
0
0
0
0
0
0
0
0
0
0
0
0
0
0
0
0
0
0
0
0
0
0
0.095737142
0.071292841
0.054481915
0.051635621
0.055295814
0
0
0
0
0
0
0
0
0
0
0
0
0
0
0
0
0
0
0
0
0
0
0
0
0
0
0
0
0
0
0
0
0
0
0
0
0
0
0
0
0
0
0
0
0
0
0
0
0
0
0
0
0
0
0
0
0
0
0
0
0
0
0
0
0
0
0
0
0
0
0
0
0
0
0.094090197
0.075596529
0.054037956
0.0388242
0.033089172
0.026876348
0.093975912
0.090553493
0.066109687
0.05097013
0.044539383
0.03821337
0.088779236
0.065369375
0.051546824
0.048742891
0.041415985
0.10005296
0.079200724
0.057557403
0.051715724
0.054102797
0.098278302
0.073140112
0.05614668
0.053571387
0.057090049
0
0
0.0085728615
0
0
0.02358938
0.0070358037
0
0
0
0
0
0.023056964
0.0078102293
0
0
0
0
0
0.019777285
0.024153068
0.012552472
0
0
0
0
0
0.010875388
0.014450572
0.010202817
0
0
0
0.014840275
0.013321264
0
0
0
0.0073286902
0.0057478407
0
0
0.0013184162
0.021163756
0.025945327
0.0063880047
0
0
0
0
0.005822275
0
0
0.0042903331
0.02597845
0.032710718
0.028427697
0.0009573229
0
0
0
0
0.0050033179
0
0
0.015572356
0.030932867
0.0069870114
0
0.013373269
0
0
0
0
0
0.010327058
0.033683111
0.010030399
0
0
0
0
0
0
0
0
0
0.017533367
0.035784075
0.017026715
0
0
0.033123674
0.034960768
0.035593284
0
0
0.0062644222
0.020888677
0
0.030398614
0.050455108
0
0.026159568
0.041843617
0.050298155
0.05090662
0.071557179
0.060930369
0.044192146
0.021440567
0.013270031
0.012302029
0.03073216
0.028481763
0.026168697
0.069749072
0.084100329
0.079887247
0.049616127
0.028695048
0.027815477
0.026679039
0.023324557
0.022796165
0.012342948
0.085133733
0.10014404
0.082236231
0.057667178
0.039374581
0.034984905
0.030745749
0.010293464
0.011186557
0.0034798824
0.031009557
0.044809555
0.035572089
0.0093162466
0.010709271
0
0
0
0.010936848
0
0
0.050431684
0.015184511
0.059093485
0.041405064
0.018737097
0
0
0
0.012495084
0
0
0.057206341
0.020640839
0.066460137
0.051324915
0.051386109
0
0
0
0.018335204
0
0
0.073343562
0.036727732
0
0.066450587
0.055615225
0
0
0.0071008988
0.0085426464
0.052154342
0
0.089923624
0
0
0
0
0
0
0
0
0
0
0
0
0
0
0
0
0
0
0
0
0
0
0
0
0
0
0
0
0
0
0
0
0
0
0
0
0
0
0
0
0
0
0
0
0.028459885
0.0095524984
0.026280207
0.0075382461
0
0
0.042941701
0.048040205
0.023923738
0.042113427
0.049865872
0.062248733
0.067779314
0.052478179
0
0
0
0
0
0
0.060169286
0.067429669
0.071628373
0.07078475
0.058155433
0.063946367
0.064666717
0.018878357
0.0056376367
0.026502615
0
0
0
0
0
0
0
0
0.0071143699
0.0042356109
0.0012245793
0.02976064
0
0
0
0.0082972321
0
0
0
0
0
0.0088593686
0.040967146
0.060568418
0.056362922
0.0098693231
0.0033454509
0.019184924
0.016062794
0
0
0.014401937
0
0
0
0
0
0.010086386
0.034529647
0.053983369
0.056948474
0.032639487
0.021479682
0.026344415
0.024043602
0
0.013701343
0.0029034157
0
0
0
0
0
0.010104383
0.018767618
0.041144263
0.057493634
0.052901583
0.045151908
0.047394696
0.038507162
0.025092725
0
0.008607571
0.0033801634
0
0
0
0
0.0036314922
0.015686985
0.020019079
0.030398044
0.047346856
0.056379768
0.05927414
0.063253989
0.049915512
0.023214104
0.0014833065
0.00097357634
0
0
0
0
0
0.013409956
0.017729005
0.026244211
0.035724771
0.053538206
0.062305997
0.071064176
0.065665166
0.042060667
0.029549471
0.00045453131
0
0
0
0
0
0
0.013888925
0.018699704
0.024136579
0.030131985
0.046869353
0.060999257
0.072247114
0.071483835
0.050160897
0.025061128
0
0
0
0
0
0
0.0099951232
0.016918459
0.022287008
0.028267723
0.035558553
0.057154853
0.068610921
0.077361184
0.069163522
0.039357956
0.021044548
0
0
0
0
0
0
0.011133501
0.015867612
0.022256695
0.027617983
0.035464394
0.046025995
0.062927661
0.076100181
0.074853784
0.04824975
0.0071411981
0
0
0.0063822983
0
0
0
0.015579763
0.021909047
0.027014201
0.034401291
0.04224142
0.057429692
0.069522416
0.08542157
0.071709013
0.044334289
0.013400974
0
0
0
0
0
0.00070015558
0.0099553632
0.017304016
0.028437462
0.03045062
0
0
0.045240942
0.039712669
0.033480177
0.00098990468
0
0
0.019019126
0.029305672
0.038166223
0.040384765
0.035287542
0
0.012876863
0
0
0
0.02549611
0.022264067
0.037837852
0.045433721
0
0.011827495
0
0
0
0.024261854
0.013318734
0.03059825
0.054930395
0.059145537
0
0.02021183
0.0019845293
0
0
0
0.010443282
0.010741922
0.065921647
0.061419585
0
0.015067379
0
0
0
0
0.0069593001
0.013748794
0.06683322
0.073829289
0.054159523
0
0.0058789395
0.0078683114
0
0
0
0
0.0084978567
0.071295313
0.073516622
0.05224803
0
0.0064594937
0.009225482
0
0
0
0
0.018656655
0.060415155
0.074838674
0.073524437
0.049665933
0
0.023537582
0.014212227
0.0088686032
0
0
0
0
0.067641342
0.076233578
0.07165961
0.053527571
0.0010925209
0.017610327
0.036943764
0.046174781
0.055621221
0.044914976
0.051425486
0.014797351
0.023416835
0.038527564
0.052549642
0.06027991
0.037757042
0.020063163
0.014888352
0
0
0
0.00677268
0.075492426
0.078307222
0.067457951
0.052402331
0.014218238
0
0
0
0
0
0.0023550699
0.007223309
0.014129244
0.0035573491
0.02999077
0.029544179
0.028903876
0
0
0.0086642022
0
0
0
0
0
0
0.005214215
0.0066088782
0.014594112
0
0
0.004688813
0.010980135
0.020083346
0
0.0042871823
0.012205538
0.020409014
0.037379461
0.029781478
0
0.014407386
0.019362687
0.024488711
0.048333271
0.039984803
0.014748147
0.024431877
0.040231358
0.053216152
0.061162311
0
0
0
0
0
0
0
0
0
0
0
0
0
0
0
0
0
0
0
0
0
0
0
0
0
0
0
0
0
0
0
0
0
0
0
0
0
0
0
0
0
0
0
0
0
0
0
0
0
0
0
0
0
0
0
0
0
0
0
0
0
0
0
0
0
0
0
0
0
0
0
0
0
0
0
0
0
0
0
0
0
0
0
0
0
0
0
0
0.01612824
0.032696091
0.03700948
0.0028807906
0
0
0.013177774
0.028353107
0.038542078
0.048061161
0.044809566
0.051651625
0.051465446
0.062877255
0.063582551
0.074490706
0.075558851
0.044252963
0.063076203
0.059148312
0.067741935
0.0760848
0.08228387
0.07039675
0.067958837
0.032148004
0.038139026
0.058174805
0
0.029037137
0.042004131
0.025925295
0.044180502
0.060232457
0.054293027
0.07309127
0.087332691
0
0
0.0046094375
0.03221658
0.05574724
0.0037890574
0.039196791
0.013232065
0.048042389
0.066128202
0.060245833
0.042176107
0.052569416
0.060116781
0.0076613937
0
0.023200691
0.035075341
0.019486187
0.02641909
0.038993754
0.010450518
0.01739657
0.031115429
0.027390408
0.072854933
0.090834128
0.10031693
0.063188539
0.081968651
0.069970231
0.0614935
0.03885928
0.033359538
0.053377766
0.080529019
0.095193929
0.10904885
0.096295824
0.08738612
0.089851687
0.073996427
0.049159365
0.043999413
0.065701464
0.1103834
0.11111154
0.10066335
0.099573149
0.097310214
0.075631143
0.098828559
0.062278491
0.066936882
0.10115451
0.10911231
0.10861135
0.11667915
0.098733083
0.11190349
0.090894005
0.10997316
0.080400177
0.084575293
0.10961111
0.10397553
0.10554453
0.10978878
0.078951784
0.10773429
0.095133876
0.10612412
0.1179056
0.089357101
0.099017307
0.1158517
0.10342476
0.10056621
0.11029549
0.073334749
0.089442827
0.098034844
0.10872502
0.11529656
0.090262649
0.095306076
0.11410302
0.10427985
0.1137446
0.076242015
0.092437583
0.089165167
0.096564808
0.10520354
0.09623355
0.092011809
0.099342102
0.1145958
0.10437414
0.12042807
0.082362011
0.086185662
0.088703247
0.08976016
0.10232039
0.097488294
0.092106863
0.10042653
0.11793289
0.10171638
0.11697966
0.078373758
0.081550063
0.081060554
0.082585247
0.097430808
0.094087312
0.086089636
0.096078259
0.11444714
0.05225855
0.043054371
0.039543874
0.050016834
0.050593288
0.061533604
0.09584704
0.093718291
0
0
0
0
0
0
0
0
0
0
0
0
0
0
0
0
0
0
0
0
0
0
0
0
0
0
0
0
0
0
0
0
0
0
0
0
0
0
0
0
0
0
0
0
0
0
0
0
0
0
0
0
0
0
0
0
0
0
0
0
0
0
0
0
0
0
0
0
0
0
0
0
0
0
0
0
0
0
0
0
0
0
0
0
0
0
0
0
0
0
0
0
0
0
0
0
0
0
0
0
0
0
0
0
0
0
0
0
0
0
0
0
0
0
0
0
0
0
0
0
0
0
0
0
0
0
0
0
0
0
0
0
0
0
0
0
0
0
0
0
0
0
0
0
0
0
0
0
0
0
0
0
0
0
0
0
0
0
0
0
0
0
0
0
0
0
0
0
0
0
0
0
0
0
0
0
0
0
0
0
0
0
0
0
0
0
0
0
0
0
0
0
0
0
0
0
0
0
0
0
0
0
0
0
0
0
0
0
0
0
0
0
0
0
0
0
0
0
0
0
0
0
0
0
0
0
0
0
0
0
0
0
0
0
0
0
0
0
0
0
0
0
0
0
0
0
0
0
0
0
0
0
0
0.10095374
0.092541497
0.067370588
0.054852965
0.056174446
0
0
0
0
0
0
0
0
0
0
0
0
0
0
0
0
0
0
0
0
0
0
0
0
0
0
0
0
0
0
0
0
0
0
0
0
0
0
0
0
0
0
0
0
0
0
0
0
0
0
0
0
0
0
0
0
0
0.10199732
0.097400078
0.072194806
0.056025526
0.046564101
0.040881319
0.094602556
0.070271351
0.055913972
0.05189036
0.043313968
0.104075
0.082465661
0.060109899
0.054953525
0.057334758
0.10184777
0.075789371
0.058488993
0.056296383
0.059645599
0.10355296
0.095596768
0.069653626
0.057043435
0.058600639
0.022949317
0.036604099
0.017014787
0
0.038129121
0.017913582
0
0
0
0
0
0.036417508
0.037242857
0.020696521
0
0
0
0
0
0.034067586
0.038927292
0.014617256
0
0
0
0
0.025191975
0
0
0
0.024490282
0.014214632
0
0
0.01645746
0.010942245
0.0014958374
0
0.017137233
0.034748992
0.039279734
0.037657505
0.0044930092
0
0
0
0
0.0096781687
0
0
0.035132683
0.048429262
0.039332987
0.012808276
0.012299818
0
0
0
0.015346842
0
0
0.029994907
0.046773443
0.012736342
0.017418395
0.044875514
0
0
0
0.032009837
0.018512715
0.049079979
0.023972291
0
0.0012590446
0.013429362
0.0053947806
0.013637283
0.01739128
0
0.0011679248
0.044181715
0.029264375
0.039765825
0.0368822
0.037672312
0
0.039923348
0.042469014
0.040667519
0.031197898
0
0.01680604
0.021936538
0.032260825
0.053683866
0.064121904
0.039790277
0.046067161
0.068847608
0.067633925
0.08495965
0.082359388
0.051015197
0.028297892
0.029313262
0.031432046
0.03116472
0.03302935
0.015694735
0.088430361
0.10497388
0.087763676
0.059964874
0.039454319
0.037002681
0.035764885
0.01664337
0.019003735
0.0069648229
0.095636006
0.11005791
0.10648029
0.079803385
0.060173276
0.047687959
0.043768038
0.016342691
0.010690164
0.01535731
0
0.053473344
0.017100955
0.061573001
0.043487146
0.020319971
0
0
0
0.013750013
0
0
0.05877519
0.02116339
0.069231381
0.053018142
0.053094685
0
0
0
0.019933476
0
0
0.075952568
0.038155295
0
0.068117022
0.057108009
0
0.0021884263
0.011618874
0.010133765
0.053429002
0
0.074574806
0.040024432
0.002514211
0.07057603
0.069512633
0.0020772109
0.021530909
0.030989335
0.028653593
0.050121055
0
0
0
0
0
0
0
0
0
0
0
0
0
0
0
0
0
0
0
0
0
0
0
0
0
0
0
0
0
0.009826419
0
0
0
0.026643727
0.0073844294
0.008954102
0
0
0.028905282
0.014847933
0.038933327
0.049839498
0.052005586
0.061719083
0.069773972
0.070077748
0
0
0
0
0.076597633
0.074981705
0.062871219
0.068404169
0.036393534
0.018918112
0.029277276
0.012584182
0.017644429
0
0
0.011733659
0.018566732
0.037172438
0.034921977
0
0
0.011707816
0
0
0
0
0
0.013274014
0.044895537
0.064018574
0.06348824
0.029959709
0.017778779
0.024179536
0.037460867
0
0.011034525
0.0057364203
0
0
0
0
0
0.0032348041
0.020615749
0.049177568
0.065799599
0.054710383
0.037908548
0.039176183
0.03802173
0.029453941
0
0.0051365336
0.0054366262
0
0
0
0
0.00014941909
0.0094626792
0.016923376
0.032996907
0.053629328
0.059788047
0.057308673
0.058778369
0.048581285
0.030138291
0
0.0026379635
0
0
0
0
0
0.0083161633
0.013694846
0.0256735
0.037931786
0.0584857
0.064716889
0.070041995
0.064938817
0.043389058
0.035955835
0
0
0
0
0
0
0
0.01146427
0.01591244
0.023474204
0.030448437
0.050423354
0.064346641
0.072566835
0.071696844
0.051004589
0.031203618
0
0
0
0
0
0
0.0076331162
0.014775205
0.021397468
0.028309448
0.036203603
0.060339485
0.069139842
0.077583007
0.069764184
0.04032724
0.021773437
0
0
0
0
0
0
0.0091923031
0.014192482
0.021574676
0.027518726
0.035965811
0.046475632
0.063442305
0.076387085
0.075192198
0.04878656
0.0076499149
0
0
0.0056139379
0
0
0
0.014353276
0.021368107
0.026852643
0.034754693
0.042509319
0.057895602
0.069703139
0.085839168
0.072537185
0.045524976
0.014041779
0.00095010937
0
0.0076362599
0
0
0
0.016959115
0.023057451
0.028610602
0.03539469
0.04225416
0.052890875
0.063729708
0.08500004
0.078735952
0.053484327
0.0073129279
0
0
0
0.004562847
0
0
0.0031667833
0.02291884
0.021244211
0.034034335
0
0
0
0
0.047869828
0.049867423
0.041221665
0.015822906
0
0
0
0.030056329
0.031685995
0.045307025
0.049482313
0
0.015987833
0
0
0
0.028836123
0.021390874
0.037430769
0.058872805
0.061451208
0
0.025368505
0.0067959743
0
0
0
0.017927988
0.018011782
0.069240226
0.063747854
0
0.020771929
0.0044468876
0
0
0
0.013806033
0.02220508
0.070435173
0.076087273
0.056172896
0
0.0093908771
0.012570483
0
0
0
0
0.014755374
0.074494835
0.075491258
0.054004799
0
0.010219451
0.011788602
0
0
0
0
0.019994264
0.063572437
0.077737737
0.075416815
0.05060941
0
0.024282754
0.018289558
0.0098568357
0
0
0
0
0.070350201
0.078444579
0.073538646
0.05408586
0.00043645131
0.03778889
0.022396877
0.016170385
0
0
0
0.005511689
0.078263411
0.080267725
0.068192526
0.053034779
0.013403318
0.037960498
0.049321775
0.059597404
0.05116507
0.055996233
0.019119966
0.033043533
0.04874985
0.06512036
0.070849825
0.027495295
0.020811719
0
0
0
0.00036330516
0.015371489
0.0865744
0.079619478
0.070789555
0.055611768
0.020058914
0
0
0
0
0
0
0
0.017602991
0.012201585
0.02003821
0.020327272
0
0
0
0
0
0
0
0.0089485986
0.016383245
0.02123745
0
0.0064183187
0.018548903
0.022819325
0.03805239
0.031031246
0
0.016073586
0.022961513
0.027436107
0.049043564
0.041248908
0.014651266
0.025761965
0.042186904
0.053812221
0.061912404
0.018854705
0.033366368
0.050591418
0.066717635
0.072310176
0
0
0
0
0
0
0
0
0
0
0
0
0
0
0
0
0
0
0
0
0
0
0
0
0
0
0
0
0
0
0
0
0
0
0
0
0
0
0
0
0
0
0
0
0
0
0
0
0
0
0
0
0
0
0
0
0
0
0
0
0
0
0
0
0
0.012128106
0.035004734
0.04229597
0
0.012116996
0.03263336
0.044980937
0.059168375
0.056909595
0.057973521
0.058753355
0.066748289
0.067437802
0.078475718
0.07919877
0.099445054
0.098057831
0.052965279
0.067961377
0.072690689
0.079750702
0.073025381
0.0830141
0.091192613
0.082871775
0.080505798
0.050532784
0.063643125
0.072969722
0.0034565198
0.040471124
0.051448117
0.05643072
0.072260485
0.10198727
0.057247941
0.083472224
0.093065352
0.10496665
0.00035709296
0.015098567
0.034654248
0.05596246
0.073874761
0.031752612
0.056880851
0.036237754
0.072464028
0.088583293
0.044341145
0.075079616
0.076791629
0.011593108
0
0.04360926
0.045030725
0.03022833
0.040898501
0.035133088
0.055449714
0.067661226
0.024049061
0.04165022
0.061374592
0.082790664
0.10587337
0.11532286
0.10741142
0.09648799
0.099199849
0.081434515
0.053177577
0.048324992
0.071491501
0.11970796
0.11846491
0.10939052
0.1101691
0.1073176
0.079788563
0.10821156
0.063402865
0.069379759
0.10898012
0.12014185
0.11994403
0.12862904
0.11040213
0.12379696
0.095760174
0.11918124
0.081879058
0.087663489
0.11902319
0.11567631
0.11721463
0.12382775
0.090923857
0.12042507
0.10085023
0.11553615
0.13015558
0.093634551
0.10717036
0.13104819
0.11084119
0.10724523
0.11883939
0.080219943
0.10011748
0.10843267
0.12095839
0.12800877
0.10024582
0.10541385
0.12719542
0.1084981
0.11942169
0.081280439
0.10125793
0.10198808
0.11095619
0.11618048
0.10274625
0.10067076
0.10689794
0.12144996
0.10773754
0.12492153
0.087036159
0.091614806
0.099368055
0.09951482
0.1087366
0.10131867
0.099869539
0.10588863
0.12258945
0.12438803
0.092131596
0.089116835
0.09957084
0.094370827
0.10053773
0.10486517
0.10246828
0.10408243
0.11258325
0.1318181
0.11990087
0.088621314
0.086164452
0.091270167
0.086551886
0.094567835
0.10139555
0.099696131
0.097197135
0.10826057
0.12729919
0.059999843
0.049284041
0.065547243
0.052830915
0.053931865
0.056981856
0.069638348
0.11438008
0.108904
0
0
0
0
0
0
0
0
0
0
0
0
0
0
0
0
0
0
0
0
0
0
0
0
0
0
0
0
0
0
0
0
0
0
0
0
0
0
0
0
0
0
0
0
0
0
0
0
0
0
0
0
0
0
0
0
0
0
0
0
0
0
0
0
0
0
0
0
0
0
0
0
0
0
0
0
0
0
0
0
0
0
0
0
0
0
0
0
0
0
0
0
0
0
0
0
0
0
0
0
0
0
0
0
0
0
0
0
0
0
0
0
0
0
0
0
0
0
0
0
0
0
0
0
0
0
0
0
0
0
0
0
0
0
0
0
0
0
0
0
0
0
0
0
0
0
0
0
0
0
0
0
0
0
0
0
0
0
0
0
0
0
0
0
0
0
0
0
0
0
0
0
0
0
0
0
0
0
0
0
0
0
0
0
0
0
0
0
0
0
0
0
0
0
0
0
0
0
0
0
0
0
0
0
0
0
0
0
0
0
0.10297469
0.092549902
0.06502949
0.057238753
0.058150989
0
0
0
0
0
0
0
0
0
0
0
0
0
0
0
0
0
0
0
0
0
0
0
0
0
0
0
0
0
0
0
0
0
0
0
0
0
0
0
0
0
0
0
0
0
0
0
0.10432972
0.079062291
0.062671488
0.055102383
0.04534958
0.11192835
0.088300619
0.065197254
0.060867797
0.060399417
0.10773285
0.080227646
0.062375013
0.061008763
0.063602013
0.10680369
0.09954174
0.072794229
0.05999246
0.062346701
0.10571784
0.096168738
0.067826009
0.059881248
0.060366728
0.04047376
0.027914827
0.049576801
0.051488011
0.028144819
0.0006056318
0.054625804
0.051126937
0.029586319
0
0
0
0
0
0.050758821
0.052690576
0.02310457
0
0
0
0
0.049462099
0.051649824
0.048887317
0.0092325106
0
0
0
0
0.023629205
0
0.032682437
0.019220448
0.00684351
0.0013947497
0.032347016
0.01620306
0
0.0061068826
0.04306766
0.055212214
0.04537064
0.017752033
0.014993021
0
0
0
0.020578109
0
0.0007268456
0.058785157
0.02056642
0.065482193
0.047469623
0.02275087
0
0
0
0.015693923
0
0
0.050092152
0.038405872
0.050839895
0.064295263
0
0
0
0.0039817619
0.040215519
0.026585363
0.057583491
0.054642673
0.029693607
0.02913166
0.0079422053
0.013762453
0.030496829
0.022745756
0.02672377
0.040593497
0
0.050343106
0.050930008
0.046052655
0.040782715
0.048090834
0.043946725
0.040839915
0.040004522
0.020162161
0
0.040767106
0.064724028
0.071016703
0.083844542
0.052952397
0.064112133
0.078951452
0.085465184
0.089793509
0.10826128
0.092099868
0.061745903
0.039629084
0.039328127
0.042214992
0.025150446
0.02973444
0.011123973
0.10039118
0.11634612
0.11482053
0.08634343
0.0629207
0.048156598
0.047057587
0.01971002
0.014196855
0.026395217
0
0.12859328
0.11617806
0.089536446
0.069355335
0.057896745
0.047876475
0.023136595
0.013128075
0.023496271
0
0.06173033
0.022508322
0.072793865
0.055402755
0.055543708
0
0.0011510054
0.0042588798
0.021945464
0
0
0.079612456
0.039650321
0
0.070484695
0.059481348
0
0.0058533471
0.016390191
0.012011926
0.055740765
0
0.07654113
0.041184184
0.0034484774
0.07179178
0.070483737
0.0022675451
0.023144641
0.034330887
0.029948167
0.050304901
0
0.075120921
0.071515401
0.046272262
0.0067370822
0.069562588
0.014314133
0.032591135
0.041539044
0.036564285
0.050388002
0.073206839
0.0063192989
0
0
0
0
0
0
0
0
0
0
0
0
0
0
0
0
0.010655833
0
0
0.0037095842
0.019387071
0
0
0
0.039628618
0.023187079
0.046017735
0.023733579
0.040122691
0.06252543
0.047356866
0.068334598
0.057300516
0.062786332
0.069864006
0.078201322
0.081356488
0.074860472
0
0
0
0
0
0.075355252
0.071672979
0.071498567
0.0439529
0
0.056784634
0.0234755
0.033048321
0.038093357
0.003315915
0.0101114
0.028912742
0.024723267
0.021308449
0.071741064
0.035469204
0
0.0099521085
0.0085101722
0
0
0
0
0
0
0.029145955
0.060312948
0.076428727
0.058905651
0.034442193
0.036413416
0.044746939
0.040778858
0
0.0038215742
0.0083041656
0
0
0
0
0
0.0046830886
0.017880185
0.040408379
0.062532267
0.064048209
0.054663395
0.05329862
0.049265208
0.040625654
0
0.0058097841
0
0
0
0
0
0.0024680805
0.01089183
0.027350829
0.042124911
0.065266103
0.06745874
0.067166732
0.063691612
0.046846772
0.044377266
0
0
0
0
0
0
0
0.0077149805
0.013040148
0.024581253
0.031399249
0.055677785
0.069074915
0.073178688
0.072018272
0.052708677
0.037978079
0
0
0
0
0
0
0.0037860643
0.011486708
0.02073763
0.028799994
0.037661094
0.065244006
0.070255982
0.078005617
0.07071792
0.041953095
0.023178892
0
0
0
0
0
0
0.0061555425
0.011662692
0.020515875
0.027490613
0.036995682
0.047361681
0.064423065
0.076889005
0.075817514
0.049557936
0.008394288
0
0
0.0044224825
0
0
0
0.012637076
0.020615728
0.026737476
0.035553445
0.042997151
0.05871474
0.070092441
0.086332632
0.07304586
0.046144623
0.014862376
0.0014876558
0
0.0066165632
0
0
0
0.01600749
0.02248405
0.028688607
0.035694162
0.042718587
0.053569156
0.064149515
0.085625318
0.079961272
0.055030915
0.0082682138
0.011669841
0
0.0014604675
0.013856212
0
0
0.0052218164
0.022041729
0.028906755
0.035544401
0.041563765
0.050872063
0.05887251
0.077739413
0.096367755
0.076277316
0.059775408
0.020638389
0
0
0
0
0
0
0.0073725264
0.017162488
0.025270297
0.033900473
0.041970109
0
0
0.053760685
0.078490773
0.084014256
0.053795081
0.018976951
0.00061232356
0
0
0.033398827
0.031276647
0.045539073
0.062387629
0.064702378
0
0.030106562
0.010726184
0
0
0
0.027619797
0.027249113
0.074036104
0.067120262
0
0.026339898
0.0092669759
0
0
0
0.023687056
0.033486694
0.076114667
0.079627332
0.059389988
0
0.014817825
0.019036576
0
0
0
0
0.025281741
0.079139955
0.078601138
0.057122286
0
0.015300833
0.015721897
0
0
0
0
0.022732925
0.068706947
0.082400394
0.078425044
0.052266683
0
0.025424566
0.023679029
0.011187055
0
0
0
0
0.074588615
0.08213155
0.07669612
0.05502026
0
0.0381328
0.025170492
0.017709427
0
0
0
0.0038721802
0.081551859
0.082794056
0.069031502
0.053845835
0.012449168
0.027815102
0.023019005
0
0
0
0
0.014036294
0.089488534
0.081583436
0.071870155
0.056262849
0.018897814
0.051255252
0.064554609
0.059544417
0.063631669
0.027912813
0.036986621
0.070568953
0.071483281
0.090463264
0.080089226
0.02954763
0.01761871
0.015141626
0.0082483234
0.0042116803
0.0073132291
0.017832167
0.092605523
0.078320638
0.075616061
0.057402265
0.024397363
0
0
0
0
0
0.0025680383
0
0.014922631
0.017672232
0.020192658
0
0
0
0
0
0.0087529645
0.02600871
0.026098223
0.039120081
0.033043504
0
0.018260358
0.027813503
0.031414333
0.050322562
0.042848515
0.014354667
0.028020813
0.044826193
0.054794157
0.063118914
0.01856412
0.034011276
0.052965787
0.069035996
0.074117902
0.027602293
0.037067471
0.072107936
0.073902062
0.092617424
0.081652891
0
0
0
0
0
0
0
0
0
0
0
0
0
0
0
0
0
0
0
0
0
0
0
0
0
0
0
0
0
0
0
0
0
0
0
0
0
0
0
0
0
0
0
0
0
0
0
0
0
0
0
0
0.0068437752
0.035358516
0.047468126
0.022601318
0.03524957
0.050357324
0.068436112
0.069925528
0.070211524
0.071126469
0.073214205
0.074316256
0.083357907
0.084350389
0.10265116
0.10228088
0.1186122
0.11315735
0.079857994
0.088476633
0.088309093
0.098781767
0.093485516
0.093602541
0.075840993
0.081060892
0.083891957
0.046803575
0.07163256
0.062352699
0.10749685
0.11737091
0.088746715
0.10102921
0.10983927
0.12225199
0.015704806
0.060025439
0.067037581
0.083720518
0.12079594
0.043617563
0.060073564
0.086812566
0.10269138
0.10349283
0.057774491
0.084473933
0.094616826
0.10682172
0.010748233
0.017903205
0.042937058
0.052878894
0.04772068
0.041993195
0.059669333
0.050903109
0.054832648
0.080944051
0.088981882
0.032972111
0.047549073
0.064158646
0.079118541
0.1311439
0.12420497
0.12113528
0.11886437
0.11637133
0.085938463
0.11761044
0.066202931
0.073509207
0.11822909
0.13153238
0.12927481
0.14146903
0.12127266
0.13477283
0.10198983
0.1289346
0.084176074
0.091529875
0.12914192
0.13027938
0.13827833
0.1046619
0.13301958
0.10504668
0.1238954
0.14159656
0.096254008
0.11490943
0.14576611
0.12537709
0.11959543
0.13474132
0.090614546
0.11471236
0.11662671
0.13193984
0.14093224
0.10897794
0.11736397
0.1445005
0.11737222
0.13006752
0.089147846
0.11454954
0.11611907
0.12552509
0.12960384
0.11239509
0.11374084
0.11981768
0.1343378
0.11313075
0.13242653
0.093840186
0.0998062
0.11595118
0.11478186
0.11788619
0.10659343
0.1123528
0.11462961
0.13051565
0.13044992
0.095500866
0.092248809
0.11094369
0.10515241
0.10795198
0.10848716
0.10583341
0.11294612
0.11775806
0.13745394
0.11614921
0.10888671
0.096215938
0.11178656
0.10743136
0.11090356
0.11927437
0.11691707
0.11396079
0.12454669
0.13593581
0.11281739
0.10490936
0.093032637
0.10097821
0.099947848
0.10642487
0.11788244
0.11567118
0.10451935
0.11930739
0.1315653
0.063414593
0.062207108
0.076900173
0.12585906
0.11839037
0
0
0
0
0
0
0
0
0
0
0
0
0
0
0
0
0
0
0
0
0
0
0
0
0
0
0
0
0
0
0
0
0
0
0
0
0
0
0
0
0
0
0
0
0
0
0
0
0
0
0
0
0
0
0
0
0
0
0
0
0
0
0
0
0
0
0
0
0
0
0
0
0
0
0
0
0
0
0
0
0
0
0
0
0
0
0
0
0
0
0
0
0
0
0
0
0
0
0
0
0
0
0
0
0
0
0
0
0
0
0
0
0
0
0
0
0
0
0
0
0
0
0
0
0
0
0
0
0
0
0
0
0
0
0
0
0
0
0
0
0
0
0
0
0
0
0
0
0
0
0
0
0
0
0
0
0
0
0
0
0
0
0
0
0
0
0
0
0
0
0
0
0
0
0
0
0
0.10308037
0.088667496
0.063594573
0.062176008
0
0
0
0
0
0
0
0
0
0
0
0
0
0
0
0
0
0
0
0
0
0
0
0
0
0
0
0
0
0
0.12448195
0.098530079
0.074638123
0.068331423
0.062867371
0.11836239
0.088370361
0.069678256
0.068601789
0.067791748
0.11238196
0.10561448
0.078508306
0.065485617
0.068703761
0.10939637
0.10112552
0.072049964
0.063783651
0.063778633
0.10729753
0.0941337
0.067069596
0.065724178
0.061242068
0.063940886
0.045193444
0.039541956
0.06919144
0.067237715
0.031335352
0
0
0
0
0.066997836
0.068070019
0.060638042
0.015428171
0
0
0
0
0.05686136
0.067216918
0.054887303
0.023820466
0.018921822
0.0013132336
0
0
0.030946692
0.010144055
0.048422502
0.025331798
0.0019551612
0.020038696
0.027160852
0
0.010080652
0.068586738
0.026828218
0.072010964
0.053712446
0.02635915
0
0.0026370583
0.00075869322
0.018684369
0
0
0.066867044
0.025197859
0.078441623
0.059240737
0.059320322
0
0.0084269777
0.010109394
0.02499118
0
0
0.06919037
0.065013698
0.07118539
0.08930392
0
0
0
0.031879657
0.064971577
0.064231857
0.04039896
0.035053416
0.041284694
0.020607597
0.025604269
0.041743499
0.032621422
0.04002814
0.054791789
0.050428104
0.011621219
0.056363538
0.061806179
0.057603651
0.045677121
0.052532435
0.036117498
0.047947183
0.034243473
0.033286378
0.026014634
0.016819355
0
0.073955977
0.084589539
0.099329666
0.095638443
0.070334661
0.091308096
0.097396311
0.11085823
0.10320459
0.12125743
0.12169802
0.091948124
0.065165966
0.048164989
0.050755119
0.026445448
0.018217843
0.037767629
0
0.13809517
0.12639542
0.09818368
0.074215083
0.059470612
0.051024153
0.026284773
0.017093966
0.032160444
0
0.13373
0.13804342
0.11180138
0.086232777
0.074785964
0.065076021
0.040923242
0.036239263
0.011189294
0.033664423
0.030681966
0
0.084610446
0.042524367
8.7271918e-05
0.073816651
0.063125913
0
0.010952822
0.022205174
0.014012363
0.058936183
0
0.079304778
0.042117689
0.0041793907
0.073602706
0.072000461
0.0025574425
0.025018057
0.038341334
0.031562218
0.050458748
0
0.076053992
0.073026721
0.047688609
0.0078509869
0.069798954
0.015172463
0.036263163
0.045177144
0.038586963
0.050621761
0.073495418
0.007343575
0.075624549
0.067500597
0.039398339
0.029335142
0.027028761
0.041985528
0.054470643
0.047383509
0.056611636
0.076402223
0.01620721
0
0
0
0
0
0
0
0
0.011340967
0
0
0.02008521
0
0
0
0
0.022917882
3.3842472e-06
0.038285602
0.049701194
0.04426993
0.060802385
0.070849845
0.073163193
0.078010548
0.084134595
0.086673746
0.087593472
0
0
0
0
0
0.079333084
0.083114434
0.066081883
0.058374805
0.040336437
0.042473625
0.040212508
0.051566544
0.06479933
0.01613591
0.04183496
0.04711861
0.081269616
0.063962251
0
0.0050019129
0.012281778
0
0
0
0
0
0.0036641674
0.025427607
0.052593199
0.074619904
0.070360706
0.054900451
0.051200442
0.055217987
0.055164363
0
0.010621964
0
0
0
0
0
0
0.012455455
0.03356937
0.049788147
0.074525296
0.070887621
0.063487161
0.06359188
0.054607659
0.055716552
0
0.00075271079
0
0
0
0
0
0.002980153
0.012268461
0.029298407
0.034060082
0.062900343
0.074871001
0.073819649
0.072523015
0.05611205
0.045847808
0
0
0
0
0
0
0
0.0075381949
0.021754899
0.030459173
0.040358794
0.071755502
0.072607816
0.078855916
0.072388131
0.044791202
0.025917902
0
0
0
0
0
0
0.0015831399
0.0080575533
0.019006024
0.027799746
0.039113233
0.049213411
0.066368714
0.0778552
0.076841919
0.050833411
0.0095159059
0
0
0.0024489377
0
0
0
0.0099118582
0.019510997
0.026762383
0.037297939
0.043892387
0.060214422
0.070859981
0.087119706
0.074029891
0.047191838
0.01596308
0.0021248187
0
0.0051816468
0
0
0
0.014811872
0.021854279
0.028844085
0.036185086
0.043405963
0.054632361
0.064815472
0.086526251
0.08097738
0.056165208
0.0094750059
0.011753902
0
0.00055835022
0.012992771
0
0
0.0054970919
0.021663263
0.029078983
0.035970894
0.042006421
0.051782545
0.059556378
0.078375743
0.097627328
0.078517412
0.061548261
0.022048723
0.030228142
0
0.004653234
0.015044815
0
0
0.010997368
0.023524246
0.030997541
0.038398955
0.045343229
0.051351351
0.058208994
0.071277718
0.097974862
0.089637568
0.072921145
0.026639171
0
0
0
0
0.0018319653
0.0021663782
0
0.015783283
0.020435673
0.037277106
0.041761716
0
0
0
0.054963626
0.087412352
0.068294922
0.034106094
0.013729457
0
0
0
0.039206856
0.038241165
0.079072925
0.071308463
0
0.032148676
0.013825287
0
0
0
0.035976007
0.045474988
0.082797006
0.084692717
0.063833074
0
0.023249301
0.025929037
0
0
0
0
0.039244857
0.085797536
0.083081594
0.062017709
0
0.022705088
0.020993204
0
0
0
0
0.028729233
0.076756102
0.089395327
0.083018461
0.055366923
0
0.027589772
0.03041871
0.013335648
0
0
0
0
0.081707715
0.088759601
0.081708664
0.056823237
0
0.038919483
0.028864651
0.019890109
0
0
0
0.0017197871
0.086859876
0.086960015
0.070323082
0.055148397
0.011407302
0.02815837
0.025605187
0
0
0
0
0.012256578
0.093048595
0.084230955
0.073077975
0.057141562
0.017626446
0.029876453
0.017754984
0.015265357
0.0087644018
0.0041322748
0.0054542523
0.015977751
0.095617726
0.079492373
0.077140515
0.058796475
0.023306387
0.068632897
0.067464336
0.073185449
0.032967283
0.048228066
0.085826853
0.076981671
0.082289501
0.099386466
0.08978956
0.033534823
0.019395472
0.023756231
0.022544582
0.017771895
0.014245935
0.020856708
0.095545855
0.083635816
0.080781305
0.061443214
0.024871906
0
0
0
0.0052227515
0
0.007809856
0.0094916419
0
0
0
0.020457393
0.033522509
0.036615357
0.052646983
0.04567703
0.013834678
0.031112577
0.048080807
0.056629156
0.064984645
0.018164076
0.034960908
0.056437382
0.072317176
0.076353683
0.027254493
0.037514869
0.073339666
0.077231429
0.095445803
0.083273314
0.032570677
0.048138314
0.086675368
0.080110007
0.085205901
0.10215228
0.091550295
0
0
0
0
0
0
0
0
0
0
0
0
0
0
0
0
0
0
0
0
0
0
0
0
0
0
0
0
0
0
0
0
0
0
0
0
0
0
0.033976887
0.050974049
0.043866234
0.056286968
0.053844174
0.07651017
0.081138513
0.085443618
0.084089212
0.084630411
0.0856516
0.09076615
0.09202596
0.10667254
0.10790007
0.12312876
0.11818465
0.13084477
0.12350357
0.086819811
0.09793177
0.098157805
0.1051821
0.10460781
0.10315403
0.1052606
0.089412958
0.063398404
0.086543225
0.07758291
0.11796887
0.13083617
0.14246879
0.10879598
0.12218799
0.13365268
0.12869218
0.050632275
0.07063078
0.12658079
0.13545981
0.071901313
0.11105208
0.12440423
0.080260249
0.11135187
0.087987474
0.1228721
0.035369637
0.010263447
0.022604629
0.056923635
0.068043563
0.062387992
0.055797752
0.075924434
0.091512754
0.070093197
0.065237879
0.079345411
0.093813461
0.10426672
0.12458004
0.069138292
0.074330292
0.089344469
0.12743618
0.14423565
0.13736128
0.15576905
0.13027708
0.14309582
0.10822083
0.1374348
0.086248412
0.095313008
0.13883618
0.14452866
0.15309924
0.11864966
0.14496258
0.1086587
0.13255341
0.15237954
0.098107009
0.12232988
0.16042563
0.14236787
0.15394035
0.1047199
0.13207708
0.12304068
0.14147993
0.15310958
0.11557204
0.12821578
0.16135855
0.13393593
0.14841414
0.10112478
0.13151445
0.12745029
0.1380857
0.14380295
0.12578814
0.12781862
0.13789084
0.15678859
0.12411503
0.14615222
0.10475526
0.11216636
0.13431372
0.13233623
0.13044487
0.11423004
0.12953806
0.12982197
0.14588917
0.14115005
0.10008817
0.09708361
0.12920089
0.12388145
0.1197437
0.11195628
0.11035398
0.12714166
0.12635594
0.14749781
0.12005088
0.1125158
0.099165494
0.12611894
0.11757922
0.11725526
0.12158765
0.11931736
0.12657661
0.13098438
0.14075891
0.12063089
0.12360304
0.11559557
0.11869498
0.12944301
0.12997424
0.1304855
0.12132962
0.11874836
0.11956409
0.15103617
0.13673501
0.11723945
0.11873279
0.11205582
0.10686707
0.11893602
0.1225637
0.12750453
0.11833817
0.1160906
0.11174998
0.14475129
0.132243
0.086528288
0.071585113
0.078355919
0.083345488
0.13442509
0.11281376
0
0
0
0
0
0
0
0
0
0
0
0
0
0
0
0
0
0
0
0
0
0
0
0
0
0
0
0
0
0
0
0
0
0
0
0
0
0
0
0
0
0
0
0
0
0
0
0
0
0
0
0
0
0
0
0
0
0
0
0
0
0
0
0
0
0
0
0
0
0
0
0
0
0
0
0
0
0
0
0
0
0
0
0
0
0
0
0
0
0
0
0
0
0
0
0
0
0
0
0
0
0
0
0
0
0
0
0
0
0
0
0
0
0
0
0
0
0
0
0
0
0
0
0
0
0
0
0
0
0
0
0
0
0
0
0
0
0
0
0
0
0
0
0
0
0
0.10887932
0.091925209
0.067800497
0.066849471
0
0
0
0
0
0
0
0
0
0
0
0
0
0
0
0
0
0
0
0
0.13339205
0.101922
0.081278068
0.077722383
0.071276464
0.12313838
0.11637954
0.089432002
0.07617988
0.07675102
0.11538745
0.10981277
0.081135992
0.070983328
0.069450631
0.11278157
0.10135937
0.072234142
0.07087389
0.1134866
0.097548976
0.071605221
0.0702492
0.075886074
0.081625363
0.038987981
0.085675367
0.086612915
0.072868802
0.022761306
0
0.0059671389
0
0
0.074455109
0.083281209
0.066764038
0.031249903
0.024932733
0.011005496
0.0019287231
0.0033410487
0.084534521
0.037775223
0.082855391
0.06287328
0.031336105
0.0095168605
0.011713717
0.0072032947
0.023133067
0.035788958
0.035730675
0
0.023696752
0
0
0.076021241
0.030240117
0.087815863
0.065385205
0.065082374
0
0.017156115
0.016653965
0.029464304
0
0
0.092295075
0.047317061
0.0015347371
0.079269484
0.068675124
0
0.017596407
0.028977259
0.016700569
0.063133171
0
0.086877295
0.10518486
0.016496432
0
0.027729954
0.0021957934
0
0.072429263
0.075318665
0.06786454
0.097074646
0.04507679
0.041455243
0.048999828
0.048257723
0.034834612
0.044362772
0.054842458
0.03548458
0.060552923
0.03970277
0.017660123
0.06641812
0.060789008
0.0711213
0.050307713
0.052206789
0.049453907
0.024364694
0.056620509
0.035998224
0.025188451
0.026618372
0.0056056966
0.029908021
0.084085443
0.10891532
0.11279807
0.12677847
0.10031917
0.11403752
0.12620251
0.14556224
0.13514715
0.10588277
0.077967506
0.060134618
0.054832193
0.030996227
0.02087263
0.040566996
0.0015489577
0.1465896
0.15026939
0.12405839
0.096751754
0.079143205
0.067021375
0.043543091
0.040972896
0.013709376
0.040671619
0.036931289
0
0.15270578
0.14862723
0.11799578
0.09491259
0.08596367
0.07414901
0.05658589
0.049885196
0.022171845
0.039134617
0.042896417
0
0.083612522
0.044516913
0.0052669415
0.076556763
0.074423101
0.0032602582
0.027576567
0.043851821
0.033663323
0.050461077
0
0.077513711
0.075460232
0.049552881
0.0088003608
0.070033856
0.016176717
0.041284768
0.050602507
0.041186519
0.050853975
0.073722755
0.0083019162
0.076092898
0.068015439
0.040243477
0.030469715
0.027574956
0.043422436
0.057695658
0.049286019
0.056916321
0.076663596
0.017667453
0.080411185
0.063099406
0.035565196
0.06007593
0.056689286
0.060128469
0.077065029
0.089114901
0.024975512
0.036740521
0
0
0
0
0
0.0095141948
0
0
0
0.0027204207
0
0.0064096749
0
0.015676269
0.036720964
0.0081766967
0.041060009
0.063659172
0.067872962
0.040269708
0.06316625
0.069416832
0.079102848
0.085972311
0.068969734
0.079421081
0.086389293
0.094336254
0.098909411
0.088623363
0
0
0
0
0
0.089658229
0.098261735
0.078581781
0.077844671
0.079363688
0.063475363
0.05053578
0.065100174
0.054009426
0.061840157
0.070928575
0.082851847
0.092919879
0.058789733
0.10707979
0.071342102
0
0.017677953
0
0
0
0
0
0
0.020439271
0.045169887
0.062452693
0.08682789
0.076708589
0.062822382
0.068122839
0.069373697
0.06998919
0
0.0061904772
0
0
0
0
0
0
0.015865075
0.038594864
0.040021918
0.07245836
0.08205868
0.074500064
0.073606244
0.062327343
0.055441836
0
0
0
0
0
0
0
0.0043151985
0.026175602
0.034824109
0.044888936
0.080075356
0.076495174
0.080392692
0.075448658
0.049423596
0.030721383
0
0
0
0
0
0
0
0.0051768688
0.017873594
0.029085997
0.042784701
0.053189488
0.070189454
0.079784435
0.078583142
0.052960971
0.011340663
0
0
0
0
0
0
0.0059480921
0.018076227
0.027200259
0.040681888
0.045691475
0.063127136
0.072375942
0.088465033
0.075543697
0.048832805
0.017633376
0.0031177065
0
0.0032286227
0
0
0
0.013179525
0.021078367
0.029213296
0.037105717
0.044555023
0.056496382
0.06601322
0.087801794
0.08247711
0.057532448
0.010991005
0.011793397
0
0
0.011737635
0
0
0.0059983625
0.021175973
0.029436478
0.036774733
0.042807529
0.053267678
0.06058931
0.079428202
0.099046545
0.080305332
0.062672345
0.023577582
0.031283475
0
0.00400034
0.01411583
0
0
0.011021024
0.023073713
0.031141881
0.039031879
0.046391553
0.052554125
0.059430674
0.072312103
0.099653399
0.092156135
0.074568425
0.028479168
0.039811846
0
0.00079693307
0.011601858
0.023294973
0
0.002815894
0.025828129
0.031850118
0.038704139
0.045666372
0.050244683
0.057147763
0.067010255
0.095888696
0.10443041
0.097243516
0.05862756
0
0
0.0016800746
0.015984773
0
0
0
0.022617571
0.036590164
0.045787445
0.050577441
0.04958696
0
0
0.094977139
0.075542765
0.037878138
0.017834191
0
0
0
0.048954991
0.057586389
0.08895751
0.09044741
0.069409585
0
0.034286638
0.032513255
0
0
0
0
0.052956852
0.093213993
0.088780982
0.068667353
0
0.032970286
0.027311635
0
0
0
0
0.039613916
0.087141607
0.098149234
0.089238355
0.060768216
0
0.032225617
0.038607738
0.016200656
0
0
0
0
0.091533456
0.098541191
0.088896907
0.0604919
0
0.040758091
0.033640955
0.022829396
0
0
0
0
0.095645213
0.094122219
0.072569461
0.05762968
0.0098766791
0.028733782
0.029058166
0
0
0
0
0.0095484486
0.098575074
0.088146417
0.07475246
0.058852181
0.016053746
0.030163157
0.017762751
0.015291096
0.0087773551
0.003487297
0.0030466155
0.013467253
0.099416166
0.080883271
0.078927156
0.060429526
0.021990936
0.033757648
0.019535614
0.024034542
0.022560676
0.016959596
0.012423444
0.018762122
0.099107261
0.08520402
0.082821837
0.063420754
0.023130593
0.073808671
0.08223172
0.044308576
0.095293999
0.089631431
0.10300577
0.098839224
0.10428363
0.03214551
0.032443199
0.034297275
0.022974227
0.016871535
0.022056475
0.089608567
0.087263421
0.083008685
0.062749321
0.031947368
0
0
0
0.0032602726
0.0057679957
0.01111181
0
0.012815413
0.035076239
0.052575951
0.059877218
0.067920853
0.017571392
0.036576355
0.060731673
0.077329364
0.079435994
0.026861559
0.038141088
0.075328646
0.082233878
0.098994294
0.085452799
0.03215446
0.049224211
0.087190125
0.084276338
0.089111513
0.10574773
0.093380326
0.044722738
0.096452834
0.093246794
0.10701087
0.10059956
0.1078122
0
0
0
0
0
0
0
0
0
0
0
0
0
0
0
0
0
0
0
0
0
0
0
0
0
0
0
0
0
0
0
0
0.052213421
0.071008515
0.072504603
0.082701759
0.090856914
0.099907307
0.095473889
0.098608242
0.099019171
0.10151879
0.10234776
0.11251156
0.11588162
0.12921442
0.12496044
0.13681227
0.12996362
0.13956051
0.11662276
0.11521946
0.11201218
0.11632082
0.087449547
0.10344979
0.10395029
0.11683957
0.12824748
0.15580457
0.15651883
0.12449451
0.13692685
0.13777104
0.14391326
0.061263761
0.084813101
0.13751694
0.1587078
0.17061837
0.085662957
0.12354317
0.13533532
0.13709246
0.11937884
0.099978388
0.12384053
0.14788399
0.045896025
0.0095704986
0.027819529
0.0351062
0.079180588
0.089437891
0.066854605
0.093960887
0.081178295
0.11149248
0.083072382
0.088408388
0.079130335
0.074521746
0.099479072
0.12839995
0.098927401
0.14198309
0.07986915
0.12929669
0.14484273
0.14702224
0.15770882
0.16804845
0.13224938
0.15424247
0.1110824
0.14035004
0.1611575
0.098967919
0.12845366
0.17416653
0.1585927
0.17262251
0.12052172
0.14990988
0.1282222
0.14985746
0.16420287
0.1204176
0.13800165
0.17676024
0.16881839
0.11624707
0.14988109
0.13636361
0.14857439
0.15705266
0.14320129
0.14064804
0.15569685
0.18056768
0.14323991
0.16727275
0.12006637
0.12853873
0.14976525
0.14845321
0.14559987
0.12523299
0.14675485
0.15107672
0.17061514
0.15933325
0.10695669
0.10385284
0.15083499
0.14685607
0.13637535
0.11768523
0.1170824
0.14749313
0.14208436
0.16622452
0.12628738
0.11777224
0.10357827
0.14770872
0.13568951
0.12703099
0.12562251
0.12292747
0.1462194
0.14243385
0.14901624
0.12510719
0.12891539
0.11902512
0.13431044
0.14285495
0.14041122
0.13405589
0.124035
0.12150747
0.12917738
0.15878744
0.14187089
0.11966643
0.13080166
0.13077432
0.12994876
0.15536575
0.15707227
0.14969591
0.13296676
0.13133429
0.13510458
0.1658769
0.1403649
0.1150137
0.12651856
0.1255811
0.11800773
0.14257434
0.1478926
0.14617971
0.1311372
0.12775996
0.12602171
0.15841446
0.13560666
0.094054947
0.13468332
0.11050276
0
0
0
0
0
0
0
0
0
0
0
0
0
0
0
0
0
0
0
0
0
0
0
0
0
0
0
0
0
0
0
0
0
0
0
0
0
0
0
0
0
0
0
0
0
0
0
0
0
0
0
0
0
0
0
0
0
0
0
0
0
0
0
0
0
0
0
0
0
0
0
0
0
0
0
0
0
0
0
0
0
0
0
0
0
0
0
0
0
0
0
0
0
0
0
0
0
0
0
0
0
0
0
0
0
0
0
0
0
0
0
0
0
0
0
0
0
0
0.10742017
0.084697618
0.070559583
0
0
0
0
0
0
0
0
0
0
0
0
0.13928207
0.13356225
0.10685143
0.091546408
0.084977458
0.12600092
0.12559926
0.098692836
0.083654209
0.077572368
0.12154887
0.11303218
0.082279879
0.080559389
0.12006719
0.10620785
0.077541987
0.075297486
0.11401464
0.090320428
0.074529798
0.10048685
0.084612214
0.094316118
0.10175467
0.080247361
0.039956687
0.033333631
0.021605008
0.0092999522
0.010610276
0.10429394
0.053645067
0.097475957
0.073503304
0.038387741
0.022604235
0.020724286
0.014059456
0.029870974
0.091104315
0.039349456
0.10160575
0.07494135
0.073584384
0.012074703
0.026406101
0.02332228
0.03616314
0.041042321
0
0
0
0
0.10421722
0.055538198
0.0041064902
0.087503109
0.076240326
0.0031772248
0.026901591
0.03621059
0.020017244
0.068614227
0
0.090255196
0.048563959
0.0069458324
0.081333742
0.077951713
0.0045250615
0.031333885
0.050542602
0.036449259
0.050368288
0
0.10023632
0.11284275
0.031791684
0.015628046
0.042140868
0.017942365
0.042224547
0.0823128
0.077849704
0.09120812
0.080575312
0.11332063
0.11289203
0.04970997
0.049572326
0.060211347
0.051793939
0.059849203
0.060032264
0.045517333
0.058285516
0.068696218
0.076212108
0.036478077
0.027329535
0.062968841
0.072349326
0.072830445
0.047535066
0.035937395
0.06195212
0.024583564
0.063224915
0.020307048
0.020040954
0.01319448
0.0081459513
0.048667405
0.12086741
0.13082725
0.1423814
0.14202513
0.11267748
0.12471396
0.1388101
0.15145386
0.1569746
0.16067937
0.13512993
0.10610299
0.082176389
0.068586819
0.045993855
0.047035815
0.016319831
0.046448852
0.044320156
0
0.17025639
0.16254283
0.13335486
0.10846828
0.092171511
0.07665767
0.061884463
0.055512849
0.023300341
0.044054252
0.050230332
0
0.16404169
0.15793238
0.15122221
0.12584698
0.1078874
0.092189501
0.065059504
0.072382236
0.058384887
0.011016278
0.039616741
0.079907693
0.079196726
0.053112127
0.010192596
0.070329196
0.017594364
0.047111579
0.058261303
0.044694873
0.05099185
0.073935956
0.0096633842
0.076672241
0.068703592
0.041344959
0.031896765
0.028226177
0.045046976
0.061859198
0.051424843
0.05723364
0.076982616
0.019244714
0.080787521
0.063855712
0.036935361
0.061242072
0.057953688
0.060698434
0.077336337
0.089486755
0.02699
0.038538376
0.084977284
0.06719872
0.064321272
0.069858497
0.074812952
0.069045054
0.080009071
0.092357416
0.047236799
0.050867889
0
0
0
0
0
0
0
0
0
0.0085808526
0.009016034
0
0.040266179
0.04620854
0.036137507
0.063423393
0.07077138
0.062182825
0.07822906
0.089436379
0.080640916
0.10290532
0.10148545
0
0
0
0
0
0
0.10347738
0.090141326
0.089837465
0.099811078
0.086820074
0.073295128
0.080725212
0.071831365
0.077862151
0.093190628
0.095398627
0.10474069
0.083901608
0.11531259
0.092800034
0
0.014685516
0
0
0
0
0
0
0.025493932
0.052650513
0.051062773
0.085379637
0.091986515
0.077317544
0.076903112
0.073408926
0.066837495
0
0
0
0
0
0
0
0.0042932457
0.034953004
0.043675465
0.052106316
0.090823165
0.081759815
0.082671626
0.080572732
0.056625038
0.038646664
0
0
0
0
0
0
0
0.0051645177
0.019334138
0.033072612
0.048623544
0.060239861
0.076391374
0.083378254
0.081662321
0.056596423
0.014349607
0
0
0
0
0
0
0.0024823643
0.017311999
0.028248282
0.046174699
0.049368698
0.068589869
0.075462568
0.090890381
0.078024547
0.051360431
0.020225904
0.0045569287
0
0.00029415214
0
0
0
0.010496865
0.020146116
0.030189245
0.038910362
0.046705867
0.059873864
0.068255374
0.089927616
0.084481094
0.059735608
0.013262965
0.012118531
0
0
0.0098264709
0
0
0.0068726526
0.020559754
0.030276846
0.038305918
0.044345199
0.055877567
0.062310657
0.081037319
0.10089673
0.082800514
0.06405757
0.025495372
0.032526758
0
0.0031524698
0.013024336
0
0
0.011441239
0.022668885
0.03146104
0.040035155
0.048096069
0.054348448
0.061119018
0.073887909
0.10179606
0.094762707
0.075911244
0.03031626
0.040997645
0
0.00039502101
0.011287991
0.023146608
0
0.0035871613
0.027713085
0.032212911
0.039150816
0.047044169
0.051403546
0.058746017
0.068453964
0.098145346
0.10728487
0.099526012
0.060930712
0.061626842
0
0.0035595048
0.013926815
0.025805312
0
0.0081028893
0.028017246
0.033629148
0.041537061
0.048172593
0.05458322
0.060533715
0.06932577
0.094084695
0.11181378
0.10799151
0.076472602
0
0
0
0
0.018544691
0.020946984
0
0
0
0.035958858
0.042510833
0.060611615
0.068425426
0
0
0
0.097327349
0.075425477
0.046032293
0.038168477
0.003280149
0
0
0
0.065856072
0.10054117
0.095170141
0.076853023
0
0.045225819
0.034259239
0
0
0
0
0.052487854
0.097464602
0.10702328
0.096679433
0.068885185
0
0.039983311
0.04763973
0.019921931
0
0
0
0
0.1032598
0.10994136
0.098005379
0.067306083
0
0.044939786
0.039935323
0.026612534
0
0
0
0
0.10706822
0.10481251
0.077036678
0.06281254
0.007544525
0.029896858
0.033419633
0
0
0
0
0.0053891402
0.10757139
0.09451989
0.07771346
0.062214762
0.013816115
0.030786897
0.018006346
0.015080663
0.0078292991
0.0018583727
2.1743483e-05
0.0096973768
0.10501231
0.082793467
0.081379406
0.063009735
0.020213659
0.033793923
0.019483501
0.023939125
0.022016946
0.015667898
0.0098587374
0.015868294
0.10390297
0.087163214
0.085407421
0.066354901
0.021147608
0.033078248
0.032355741
0.033750691
0.022133799
0.014723982
0.020094789
0.0915582
0.089067792
0.085365514
0.064583789
0.031604316
0.090101386
0.050334691
0.099064168
0.088640892
0.10958981
0.10112439
0.090453094
0.035057688
0.035552108
0.038195021
0.03830524
0.03911683
0.019322785
0.018783575
0.026040846
0.098103323
0.091817578
0.08352522
0.0631163
0.030925909
0
0
0
0.01664684
0.039021496
0.066559264
0.085086535
0.08357707
0.026466457
0.039340259
0.077998782
0.089272707
0.10427766
0.088491569
0.031664928
0.050185748
0.088583423
0.092034831
0.094495731
0.11148818
0.095984386
0.045304201
0.09802578
0.098291247
0.11257647
0.10283146
0.11353932
0.050234371
0.10096052
0.093076503
0.11534618
0.10380962
0.091553302
0
0
0
0
0
0
0
0
0
0
0
0
0
0
0
0
0
0
0
0
0
0
0
0
0.095388832
0.10958106
0.098307224
0.11335423
0.10490931
0.11345193
0.11126514
0.11438385
0.11440053
0.12122991
0.12631361
0.13772297
0.13440767
0.14498789
0.13861284
0.1458659
0.12136684
0.13815178
0.1126898
0.12474467
0.12215959
0.13037434
0.12687648
0.11523126
0.11949888
0.14064881
0.16666406
0.17637275
0.16865626
0.14833988
0.14959579
0.16266331
0.095668174
0.12286456
0.15904709
0.18999104
0.18243151
0.12724192
0.14334824
0.14488406
0.13568245
0.14818492
0.15985833
0.01033145
0.012011278
0.015113937
0.02257246
0.073818867
0.10526987
0.098549332
0.11943659
0.14528898
0.1128194
0.09450308
0.10084925
0.090916017
0.087688243
0.10668714
0.13357682
0.13796918
0.11161208
0.14848475
0.16641985
0.091989051
0.13414061
0.13468195
0.15665449
0.18609059
0.17299916
0.190241
0.13671176
0.16567783
0.13227757
0.15702617
0.17370086
0.12345755
0.14519928
0.19042918
0.18871009
0.13270596
0.16733582
0.14339624
0.15774157
0.16949412
0.16278673
0.15162875
0.17235505
0.2019557
0.18974998
0.13788732
0.14823716
0.16234167
0.16233326
0.16107581
0.14132268
0.16280599
0.17222669
0.19620588
0.18303231
0.1175236
0.11405352
0.16995781
0.16752027
0.15452188
0.12668281
0.12655879
0.16962972
0.16704859
0.19319327
0.13703262
0.12578376
0.10954223
0.17167683
0.16050857
0.14166316
0.13139033
0.12870229
0.1712702
0.16257042
0.16379129
0.13313444
0.13654525
0.12380251
0.15726796
0.16422575
0.15944857
0.1390371
0.12640572
0.12555009
0.14551865
0.17223236
0.15032511
0.1258873
0.13544329
0.13683792
0.14451738
0.17003075
0.16815764
0.15379569
0.13431656
0.13548964
0.14722245
0.17594266
0.14661837
0.12845278
0.14555472
0.14364654
0.13530323
0.17240989
0.19539991
0.17590529
0.18218443
0.14520811
0.12824222
0.15248746
0.169481
0.13305269
0.12355025
0.14082355
0.13738261
0.12519218
0.15814386
0.18321628
0.17039061
0.18097953
0.14203027
0.12251042
0.14406979
0.16314993
0.12843457
0.11106772
0.10009455
0.12848303
0
0
0
0
0
0
0
0
0
0
0
0
0
0
0
0
0
0
0
0
0
0
0
0
0
0
0
0
0
0
0
0
0
0
0
0
0
0
0
0
0
0
0
0
0
0
0
0
0
0
0
0
0
0
0
0
0
0
0
0
0
0
0
0
0
0
0
0
0
0
0
0
0
0
0
0
0
0
0
0
0
0
0
0
0
0
0
0
0
0
0
0
0
0
0
0
0.10746233
0.091433107
0.083337808
0
0
0
0
0
0
0.14315016
0.14709302
0.12357703
0.10123227
0.087822011
0.13684287
0.13158931
0.10027771
0.095092387
0.13168845
0.12252646
0.090791842
0.084616773
0.12326094
0.097943817
0.080292557
0.11363195
0.096103252
0.087827236
0.092738723
0.12626785
0.073270792
0.1144912
0.085394573
0.048109779
0.036407874
0.029343272
0.020499291
0.039781645
0.11073262
0.053758906
0.11843136
0.086739558
0.084185921
0.026796119
0.035456173
0.029831178
0.045374348
0.12115243
0.069318485
0.0090137089
0.098794812
0.085860459
0.011902709
0.037956741
0.043353945
0.024590357
0.075951157
0.00010971771
0
0
0.10070501
0.055436493
0.0098713219
0.088416868
0.083027228
0.0065760044
0.0364861
0.057821295
0.040355127
0.050309282
0.00091443053
0.083687028
0.084738485
0.058581547
0.012332607
0.07077142
0.019589276
0.053194891
0.066360473
0.049379544
0.051056919
0.074213914
0.011731075
0.04939998
0.03742036
0.025952189
0.056759552
0.052096021
0.058916027
0.085367444
0.091837759
0.095741564
0.083533106
0.11330522
0.12274503
0.12497727
0.14387551
0.056229705
0.064266743
0.0702788
0.056938779
0.068334439
0.049970573
0.066757456
0.079211166
0.05318209
0.026577882
0.073562719
0.071726965
0.070745831
0.050891211
0.051239695
0.036683907
0.057488387
0.034743303
0.018924691
0.022822393
0.013216238
0.016059233
0
0.097350806
0.13458134
0.15244613
0.157106
0.16905172
0.12477193
0.15677188
0.1653549
0.18497889
0.17486363
0.1477032
0.1208531
0.09651147
0.078954691
0.066758894
0.062163171
0.024299012
0.048209497
0.058025695
0
0.18266806
0.17636256
0.16688355
0.14353438
0.12148243
0.097787122
0.071544338
0.078029903
0.065421776
0.0085933691
0.043955951
0.16453105
0.167397
0.14750465
0.11976301
0.098754482
0.095539173
0.089219785
0.073568788
0.01527619
0.042263412
0.07745932
0.069683205
0.042937825
0.033809234
0.029181503
0.047113078
0.067249842
0.054352661
0.05750656
0.077284525
0.02129191
0.081261212
0.064800027
0.038550991
0.062763934
0.059167642
0.061209828
0.077788079
0.089899557
0.0290911
0.040693173
0.085427895
0.068079517
0.065474605
0.070959456
0.076097613
0.0699125
0.080622316
0.092982946
0.049910253
0.052819302
0.089989101
0.074916936
0.09881195
0.086775252
0.076936432
0.083094345
0.094839573
0.10718146
0.074248294
0.057440769
0.07798744
0.0018814958
0
0
0
0.00017915897
0
0.0019320975
0
0.022688838
0.031003171
0.0067045417
0.064987412
0.039553906
0.042305163
0.066393958
0.084371234
0.088895368
0.071416216
0.082880217
0.088913998
0.09876972
0.10480061
0.068854601
0.10365512
0.11202975
0.1190217
0.10278135
0
0
0
0
0
0.10533298
0.091422126
0.10325646
0.11360993
0.1049604
0.10578767
0.11734889
0.086914321
0.095325284
0.10629401
0.11414014
0.10130708
0.13196272
0.087027271
0.094020183
0.0084424547
0
0
0
0
0
0
0.010097956
0.048235307
0.059005814
0.062753135
0.1044709
0.090304016
0.086511037
0.088814893
0.068141081
0.052068263
0
0
0
0
0
0
0
0.0096552602
0.025393411
0.041553978
0.057590236
0.070438278
0.084534063
0.08874491
0.08649003
0.062289211
0.018290238
0
0
0
0
0
0
0.0013395202
0.01930984
0.030884072
0.054074502
0.055824237
0.077049228
0.08124366
0.095251355
0.08235243
0.055563583
0.024283015
0.0067320482
0
0
0
0
0
0.0073727798
0.019681654
0.032335461
0.042031693
0.050722144
0.065768687
0.072488649
0.09371281
0.08777275
0.063103335
0.016869287
0.012908497
0
0
0.0067922527
0
0
0.0081293392
0.019716324
0.032220938
0.041249511
0.047391197
0.06030407
0.065407863
0.08381609
0.10356404
0.085984211
0.06636852
0.028285146
0.034252701
0
0.001995209
0.011830986
0
0
0.012589722
0.022551522
0.032134525
0.041739074
0.0510408
0.057299703
0.063736008
0.07610477
0.1047329
0.097772609
0.077808485
0.032599547
0.042531022
0
0
0.01090175
0.023060327
0
0.004989323
0.030558405
0.032909366
0.039959874
0.049457107
0.053208507
0.061074466
0.070557426
0.10145747
0.11080224
0.10205797
0.062381916
0.062997176
0
0.003380924
0.013841759
0.025837622
0
0.009097335
0.030557759
0.034276344
0.042408281
0.049161496
0.056172732
0.06255133
0.071479205
0.097207064
0.1147804
0.11047323
0.078859442
0.066967876
0
0.001115849
0.011806984
0.024887361
0.033254097
0
0.022211738
0.056789917
0.041651739
0.047971333
0.054630998
0.059595052
0.067214355
0.082384892
0.11434357
0.11399104
0.096594135
0
0
0
0.02322557
0.042189362
0.011736521
0.0037716611
0
0
0
0.049616535
0.057318528
0.070593537
0.077085963
0
0
0.099806798
0.085264097
0.057450435
0.041242906
0.0067207304
0
0
0
0.065672948
0.10674677
0.11549395
0.10428155
0.078952571
0
0.050256744
0.056761925
0.024636545
0
0
0
0
0.11427426
0.12078084
0.10758626
0.076966445
0
0.051920151
0.047716627
0.0309708
0
0
0
0
0.12014159
0.11717932
0.085781807
0.071461033
0.004003839
0.032524372
0.038711597
0
0
0
0
0
0.11996724
0.10458977
0.083817617
0.068954636
0.010676449
0.032004281
0.018656909
0.014582239
0.0059125718
0
0
0.0039060699
0.1138732
0.085925184
0.085684822
0.067273435
0.017870808
0.03449702
0.019154717
0.023282459
0.020428152
0.013426517
0.0064561944
0.011908144
0.11055663
0.089654533
0.088834187
0.070705046
0.018393367
0.034184136
0.031879703
0.032616998
0.020822152
0.011805884
0.017664524
0.093933124
0.0913861
0.088513858
0.067198056
0.0313888
0.03635907
0.036194763
0.037976067
0.037870375
0.038190439
0.017841813
0.015660423
0.025282604
0.099795082
0.094041572
0.085847314
0.064309623
0.030406703
0.068380692
0.10356671
0.10239136
0.10427077
0.092322066
0.091118902
0.047242272
0.046565012
0.043740627
0.038036101
0.023330751
0.022714521
0.026204111
0.099344221
0.097034958
0.090559161
0.078179747
0.061346128
0.039877596
0
0
0.026050999
0.04125106
0.081825712
0.099054989
0.11174673
0.092551816
0.031258386
0.051901149
0.090546422
0.10433706
0.1019948
0.12038594
0.099985511
0.045764479
0.10012153
0.10713425
0.12226687
0.10641841
0.12162473
0.050033221
0.10332664
0.099404151
0.1238704
0.10733806
0.093091742
0.068799347
0.10680764
0.10709559
0.10897349
0.093199039
0.09230939
0
0
0
0
0
0
0
0
0
0
0
0
0
0
0
0
0
0.11991696
0.12441664
0.11151449
0.12790726
0.12186193
0.12785893
0.12613598
0.13246628
0.13768065
0.14889384
0.14608718
0.15667647
0.15006809
0.15426255
0.12795886
0.14239465
0.11544594
0.13097553
0.14052489
0.14820787
0.13010101
0.17072045
0.18166491
0.18800222
0.18492362
0.1475067
0.15992079
0.09764861
0.19488477
0.20126976
0.21659793
0.20534229
0.1518462
0.16282318
0.1498962
0.13848208
0.15628796
0.16470927
0.17581374
0.0038497057
0.0020540198
0.035596336
0.010947177
0.058960999
0.088245247
0.11053889
0.14685889
0.16284547
0.11007692
0.13545965
0.10496795
0.12566457
0.1011769
0.14026863
0.15085792
0.1357346
0.1453364
0.16915049
0.18091832
0.14574225
0.18776458
0.21179722
0.20367658
0.20665265
0.14983977
0.18235134
0.14870927
0.16532902
0.18135871
0.18228879
0.1595493
0.18648151
0.22089541
0.21106814
0.15584031
0.1695233
0.17278073
0.17481588
0.1767382
0.16321746
0.17710995
0.1921226
0.21889493
0.20660311
0.13174363
0.13006738
0.18669593
0.18454375
0.17164398
0.1407952
0.14047869
0.19097365
0.19328299
0.22050261
0.15724285
0.13705957
0.11857817
0.19306658
0.18481395
0.15989082
0.13980387
0.13711889
0.19573677
0.19029992
0.18915334
0.14756707
0.14816717
0.13033949
0.18358309
0.18948166
0.18546583
0.14550509
0.13040405
0.13121279
0.17099171
0.19397027
0.16472561
0.13663981
0.14130495
0.14444853
0.1657168
0.19212163
0.18739051
0.16025837
0.13754917
0.14110551
0.16711054
0.19351277
0.15822921
0.13534262
0.15152137
0.15134263
0.14742893
0.18838511
0.20878089
0.18200644
0.1849134
0.14765232
0.13436878
0.16335004
0.17588447
0.13892416
0.12442577
0.15176861
0.15254676
0.15929589
0.20623546
0.22332778
0.20921834
0.20668355
0.16435259
0.12327312
0.17074188
0.18404025
0.13541326
0.11809871
0.1457993
0.14403995
0.14635527
0.19003034
0.21113439
0.20452984
0.20459314
0.16111897
0.11776286
0.16452846
0.17878226
0.13159252
0.12944969
0
0
0
0
0
0
0
0
0
0
0
0
0
0
0
0
0
0
0
0
0
0
0
0
0
0
0
0
0
0
0
0
0
0
0
0
0
0
0
0
0
0
0
0
0
0
0
0
0
0
0
0
0
0
0
0
0
0
0
0
0
0
0
0
0
0
0
0
0
0
0
0
0
0
0
0
0
0
0
0
0
0
0.096950207
0.091805179
0
0.15720009
0.1552908
0.12607185
0.11257273
0.15093857
0.14685215
0.11442322
0.09896055
0.13867902
0.1118312
0.092277197
0.12288077
0.10262201
0.094346917
0.10165211
0.097779529
0.13346115
0.07302436
0.13669882
0.10036129
0.097849318
0.041058188
0.044480445
0.036176387
0.057759918
0.14162177
0.08885434
0.018051008
0.11301571
0.097787096
0.021134851
0.049248554
0.05014447
0.030637872
0.086295971
0.11625591
0.067113213
0.015271768
0.098527141
0.090365346
0.0099765921
0.043297097
0.065158449
0.045499169
0.050688811
0
0.0043484055
0.089771708
0.093148578
0.06725175
0.015864229
0.071616492
0.022427564
0.059443536
0.07410373
0.055474994
0.05105413
0.074707085
0.015102909
0.078654596
0.07117301
0.04540639
0.036682826
0.030759295
0.050125973
0.073361772
0.058144753
0.057772444
0.077677561
0.024283757
0.055829335
0.053725866
0.041994135
0.081916883
0.073701586
0.11194585
0.091008926
0.12485494
0.089967601
0.098588865
0.12992917
0.13555046
0.14483379
0.15820166
0.15877868
0.066224072
0.071976463
0.082060234
0.076126838
0.086208409
0.071297726
0.075096707
0.08648057
0.085007395
0.088534996
0.068224369
0.022512602
0.07564257
0.075187209
0.060690755
0.051809492
0.083096055
0.064490916
0.04782285
0.025816232
0.049277804
0.026158174
0.0093318716
0.011215323
0.005650982
0
0.11406761
0.16171879
0.17253834
0.18691186
0.18484219
0.16706491
0.18166865
0.1967939
0.19903067
0.1934276
0.18067565
0.15933434
0.13340258
0.10116815
0.077323052
0.084185961
0.072889149
0.0056377527
0.047922794
0.18616388
0.18454427
0.16736998
0.13654594
0.1086005
0.10679516
0.095771467
0.080818589
0.013478074
0.045840275
0.18442116
0.17818111
0.17824325
0.15256225
0.13059846
0.11193385
0.12087562
0.097948613
0.087003998
0.025576769
0.043754476
0.081824355
0.066006022
0.040520742
0.064813501
0.060961254
0.061781642
0.078233849
0.090460664
0.031641978
0.043318931
0.085934725
0.069166548
0.066931036
0.072901744
0.07770051
0.070810249
0.081099391
0.093384017
0.052848231
0.05519945
0.090641448
0.07641692
0.1005899
0.088240485
0.078077798
0.083936952
0.095586677
0.10846353
0.076575046
0.059939672
0.080147437
0.097303438
0.09342995
0.10895762
0.10019512
0.090141981
0.08868339
0.097436917
0.11382504
0.10131937
0.080018394
0.088992529
0.00029279148
0
0
0
0
0.0090555302
0.011555169
0.0067676349
0.035863607
0.037734065
0.024365073
0.069200085
0.074588462
0.065734895
0.086084068
0.092790422
0.082600883
0.10938669
0.078226084
0.12470396
0.12897415
0.12084843
0
0
0
0
0
0.11253391
0.11697842
0.11735246
0.1259211
0.10683503
0.13042268
0.096640999
0.11331142
0.12224554
0.11770748
0.11112558
0.14190827
0.10591751
0.0057283946
0.002989159
0
0
0
0
0.0040619093
0.020328848
0.037168493
0.05651599
0.070989217
0.085034041
0.094683193
0.095131724
0.092571488
0.069621206
0.023844153
0
0
0
0
0
0
0.0042358084
0.025996017
0.036808399
0.06515899
0.06547455
0.088529512
0.09004428
0.10217206
0.089009709
0.062829925
0.030071435
0.010254391
0
0
0
0
0
0.0050716043
0.021238737
0.03719655
0.047170809
0.057452898
0.075109932
0.079946419
0.1003176
0.093092048
0.068451623
0.022318454
0.014608713
0
0
0.0038009276
0
0
0.010395691
0.019308489
0.036007912
0.046489912
0.052656
0.068046768
0.07084643
0.088899352
0.10780923
0.091066544
0.070115984
0.032677194
0.036741149
0
0.00064967084
0.010361912
0
0
0.014613563
0.022722923
0.033532131
0.04483092
0.056391528
0.062052237
0.068120293
0.079600872
0.10914324
0.10171452
0.080830278
0.035808954
0.044883781
0
0
0.010513729
0.023351097
0
0.0073379185
0.034789105
0.03439823
0.041552353
0.053727565
0.056230729
0.064789894
0.073583643
0.10603875
0.11531834
0.10529146
0.064731126
0.065280488
0
0.0033970287
0.014049519
0.02617662
0
0.011396306
0.034661444
0.03563924
0.043796408
0.050759466
0.058753884
0.065327619
0.074632231
0.1019344
0.11920243
0.11346247
0.081376557
0.069184934
0
0.0015375554
0.012500438
0.02567019
0.034173366
0
0.026044529
0.061649856
0.042888043
0.049027543
0.056638346
0.061797212
0.070211834
0.085231348
0.11865226
0.11575876
0.099649934
0.094470197
0
0.0033329016
0.016728809
0.0273752
0.034588133
0
0.028902324
0.071583786
0.041303698
0.050248096
0.058914281
0.068231891
0.076167407
0.090982905
0.11143464
0.12251701
0.095413305
0
0
0.021361274
0.046868577
0.046880558
0.016767127
0.003434948
0
0
0
0.065877939
0.068453964
0.078247929
0
0
0
0.10409488
0.088966639
0.061738863
0.065303728
0.030529423
0
0
0
0
0.1239694
0.13022652
0.11594038
0.087311288
0
0.060838026
0.056556542
0.035929345
0
0
0
0
0.13240932
0.12902936
0.098077064
0.082000005
0
0.037767193
0.044792672
0
0
0
0
0
0.13397074
0.11755237
0.094825251
0.079181088
0.0065846529
0.034562165
0.020186173
0.01381417
0.0030447216
0
0
0
0.12659715
0.091797714
0.094074111
0.074476343
0.015090336
0.036075718
0.018489802
0.022045375
0.017170018
0.0097462474
0.0018145264
0.0070845707
0.11979132
0.093607303
0.094670693
0.077486692
0.015047085
0.036113522
0.030839143
0.030346322
0.018591775
0.0083166914
0.014705639
0.097246664
0.094489972
0.093142555
0.071474777
0.031116958
0.038189537
0.03697306
0.037412579
0.037078482
0.036927679
0.015899496
0.011614577
0.024537059
0.10212797
0.097060018
0.089053313
0.066133291
0.029954636
0.047359677
0.046321777
0.043308022
0.036935348
0.02131416
0.020162821
0.025237213
0.10089251
0.098476292
0.0931463
0.07981918
0.062138713
0.040053003
0.061787559
0.086572184
0.095406722
0.1072219
0.092914716
0.094622744
0.047512857
0.047793811
0.047473252
0.043029209
0.036646161
0.024901549
0.025455495
0.035295773
0.12824307
0.098420647
0.094940389
0.077943366
0.071237565
0.057993457
0.038525927
0.030936036
0.054637255
0.093924923
0.12167935
0.11222808
0.13247086
0.10542601
0.04644846
0.10299565
0.12017408
0.13455083
0.1122697
0.13152311
0.049994844
0.10706062
0.1109316
0.13679561
0.11259202
0.095341568
0.069797076
0.11121743
0.11335522
0.11567501
0.094412627
0.093971386
0.062009486
0.087321668
0.099128358
0.11302211
0.093952176
0.096109254
0
0
0
0
0
0
0
0
0
0
0
0
0
0
0.14011071
0.12678253
0.15684331
0.14009911
0.12942203
0.14106015
0.13644755
0.14516855
0.14878036
0.16086501
0.15774524
0.17040082
0.16255105
0.16547436
0.13725596
0.14819232
0.1193891
0.13409431
0.13177545
0.15134098
0.14699911
0.15742039
0.15371904
0.18966654
0.19881775
0.20961783
0.17250067
0.14481779
0.20431395
0.21989373
0.23455246
0.22243996
0.15819056
0.17131795
0.16504014
0.17667131
0.18952908
0.19310326
0.0016017335
0.033119394
0.046360513
0.022930114
0.060467077
0.077861134
0.12399228
0.15772553
0.17040978
0.16999887
0.19124106
0.12409435
0.14056491
0.15315163
0.12084961
0.14770657
0.16480406
0.11381681
0.15234382
0.17687956
0.19757993
0.15447873
0.17795197
0.1856843
0.19819001
0.16108744
0.22237739
0.2376655
0.22993505
0.17378287
0.19160236
0.18095488
0.18603295
0.19282735
0.18879389
0.18842578
0.20913469
0.23915754
0.22783453
0.14877373
0.15304714
0.2014232
0.19870097
0.18801194
0.16173667
0.16188129
0.21041947
0.21854832
0.24472216
0.15150023
0.13252252
0.21202742
0.20551784
0.17873505
0.1527591
0.14952281
0.21811832
0.21768444
0.21822343
0.17175347
0.16311548
0.13964146
0.20853223
0.21347002
0.21157337
0.15476539
0.13663968
0.13931445
0.20013733
0.22230306
0.18982269
0.15535633
0.14987336
0.15529428
0.19184096
0.21644774
0.21241579
0.16915037
0.1412965
0.1488549
0.19486993
0.22012198
0.17888951
0.14800681
0.15906958
0.1616485
0.16506594
0.20994157
0.22896473
0.1948726
0.18777964
0.15041691
0.14275753
0.18220678
0.18546351
0.14844656
0.1329014
0.15963614
0.16346419
0.1741038
0.22229809
0.23665165
0.21441138
0.20973712
0.16608688
0.12992759
0.17799775
0.19060426
0.14115119
0.11500256
0.11598378
0.11843462
0.15810841
0.22206581
0.25831313
0.23911932
0.23127387
0.2265384
0.2273431
0.13392302
0.098938962
0.212621
0.18269917
0.12551939
0.11147841
0.11368181
0.11068961
0.14922744
0.20857084
0.24900582
0.23518432
0.22740357
0.22278558
0.22297798
0.13082145
0.097028655
0.20564289
0.17410821
0.1204901
0
0
0
0
0
0
0
0
0
0
0
0
0
0
0
0
0
0
0
0
0
0
0
0
0
0
0
0
0
0
0
0
0
0
0
0
0
0
0
0
0
0
0
0
0
0
0
0
0
0
0
0
0
0
0
0
0
0
0
0
0
0
0
0
0
0
0
0
0
0
0
0
0
0
0
0
0
0
0.10339387
0.096841047
0.17344293
0.17264772
0.14500487
0.11831312
0.16148293
0.13466512
0.1138899
0.13850159
0.11389651
0.10690826
0.10791422
0.10618919
0.10890443
0.10224531
0.1640239
0.11387475
0.12912727
0.11299644
0.031058426
0.0608699
0.056576757
0.038943868
0.10167366
0.13678119
0.084723425
0.023925724
0.11258021
0.10119127
0.014572835
0.051146954
0.072294655
0.051925835
0.052944521
0.099507368
0.10601336
0.080640715
0.021703789
0.073438038
0.026931931
0.066297077
0.081750238
0.062430589
0.051041481
0.075738487
0.0088586049
0.020344663
0.080806525
0.073728225
0.049693002
0.041467573
0.033174269
0.054376998
0.080407549
0.063117092
0.058138304
0.078355827
0.029001817
0.08258898
0.067688051
0.043317051
0.067751681
0.063743819
0.062557769
0.07890585
0.091287139
0.035178494
0.046997966
0.04451547
0.073575769
0.062129824
0.071268602
0.049875955
0.099892918
0.12325607
0.12989707
0.13464989
0.098714043
0.11081168
0.102754
0.14097132
0.13916228
0.17086437
0.14888934
0.16808121
0.17464957
0.19121237
0.079274367
0.088142384
0.080397003
0.096985473
0.081805914
0.093656883
0.093876923
0.089748922
0.07895878
0.021131653
0.068101745
0.061047675
0.059247392
0.052217649
0.086868289
0.029762628
0.047025554
0.031658333
0.003878376
0.015987274
0.0085655694
0.01409208
0.14542026
0.17212584
0.17470044
0.19657555
0.18662821
0.20753667
0.20076653
0.21220462
0.20667704
0.19916375
0.18391502
0.15106984
0.11582769
0.11645546
0.1028155
0.087251497
0.011613117
0.049282576
0.21166599
0.19768867
0.19776815
0.17499112
0.14748286
0.12602085
0.13024136
0.10433014
0.092957276
0.025081885
0.046771741
0.20026475
0.19540404
0.195976
0.17402477
0.1392721
0.1418152
0.12491124
0.14564897
0.11275317
0.098961102
0.03067332
0.057957173
0.086543813
0.070482182
0.068692968
0.075932671
0.079736868
0.071814808
0.081800028
0.094165834
0.056104448
0.058053955
0.091556693
0.077591172
0.10235145
0.089758469
0.079516054
0.084737841
0.096226787
0.10959446
0.079285128
0.062765874
0.08182587
0.09817415
0.095286655
0.11164218
0.10228565
0.091585243
0.089783133
0.098445386
0.11560924
0.10395611
0.082846148
0.091571629
0.10376043
0.12883148
0.10982884
0.094329269
0.099662624
0.11754322
0.11364169
0.1219687
0.099977602
0.099919687
0.0177842
0
0.007205902
0
0
0.0073149389
0
0.027589991
0.033229093
0.017681609
0.052117095
0.060749583
0.038709963
0.070108305
0.088022959
0.055030443
0.089428428
0.10614365
0.1144313
0.080467905
0.11240034
0.12170592
0.12556034
0.090384094
0.12654587
0.13901677
0.13281326
0.10758856
0
0
0
0
0.0034915629
0.0026202201
0.12430984
0.13875352
0.13392234
0.14673153
0.10879916
0.15876677
0.10290413
0.13067923
0.13670953
0.12585222
0.1231608
0.099595525
0.0033820256
0
0
0
0
0.006238893
0.013601583
0.038966307
0.047960221
0.081224169
0.079280491
0.10362049
0.10074
0.1109118
0.097127881
0.072703261
0.037371539
0.014899655
0
0
0
0
0
0.0053449515
0.02717355
0.046251378
0.054931035
0.067504272
0.088295398
0.091629813
0.11047443
0.10077204
0.076795764
0.029662144
0.017867895
0
0
0.0027243834
0
0
0.014339413
0.020575519
0.042942784
0.054689581
0.061023521
0.080169745
0.079972498
0.097673402
0.11459898
0.098491788
0.076505797
0.039445235
0.040224276
0
0
0.0094887094
0
0
0.018065702
0.024204098
0.036146841
0.050224131
0.064963805
0.069936044
0.075491146
0.085761805
0.11567681
0.10724033
0.085779059
0.04072754
0.048119241
0
0
0.009924234
0.024331742
0
0.01134567
0.040411602
0.037453599
0.044465762
0.061658698
0.061344044
0.070971961
0.078405316
0.113247
0.12215252
0.10936597
0.068183767
0.068812335
0
0.0035600465
0.014765518
0.027142699
0
0.014976167
0.041060824
0.038370229
0.046086939
0.053430935
0.062990389
0.069516392
0.079001972
0.10908049
0.1259524
0.11723308
0.084538416
0.072002226
0
0.0022893142
0.013718606
0.026963756
0.035732007
0
0.032156966
0.067720485
0.044878347
0.050891446
0.060081855
0.065237471
0.074589725
0.089583346
0.12559162
0.11830347
0.10344245
0.098367474
0
0.0040630074
0.017761052
0.028781819
0.035178283
0
0.029610819
0.077503865
0.041571942
0.051607408
0.061880601
0.072419338
0.079958299
0.09515285
0.11465728
0.12433532
0.097972661
0.10478892
0.0033792551
0
0.015137047
0.028821007
0.035230191
0.040601976
0.022615348
0.087510023
0.11335966
0.049081881
0.056625886
0.066189885
0.073840087
0.08500924
0.10425548
0.12005015
0.10832661
0.11909597
0.0027769358
0
0.052312524
0.072654903
0.037121135
0.030036567
0
0.01819252
0
0.0038411344
0
0.079328995
0.073900873
0.093834593
0
0
0.10710695
0.096945558
0.070654616
0.065961818
0.041704516
0
0
0
0
0.14247189
0.13949437
0.11030983
0.092282353
0
0.046545272
0.052048306
0
0
0
0
0
0.14697842
0.13094026
0.10862824
0.090668512
0.0020611867
0.039591345
0.02311576
0.012971985
0
0
0
0
0.14159198
0.10305558
0.10691887
0.084411903
0.012163615
0.039301171
0.017539228
0.020263977
0.012302112
0.0042701295
0
0.0029999986
0.13188532
0.10078574
0.1051504
0.08725495
0.011915717
0.03908368
0.029094816
0.026376285
0.015320807
0.0045322351
0.011565541
0.10258174
0.099404003
0.10080271
0.078281134
0.030975776
0.041266948
0.038052686
0.036314786
0.035616118
0.034691064
0.013504009
0.0073588879
0.023849917
0.10548599
0.10107301
0.093863296
0.069368532
0.029682281
0.047516202
0.045919453
0.042666206
0.035397357
0.018654006
0.016907023
0.024550245
0.10355246
0.100653
0.096759075
0.082316583
0.063251254
0.040403254
0.047522715
0.047796602
0.04714038
0.042495309
0.034972436
0.022242214
0.02473377
0.035945217
0.13034632
0.099718933
0.096637515
0.079618131
0.073192511
0.058578108
0.038796652
0.082891263
0.095796902
0.10132881
0.09462907
0.095840223
0.095143172
0.06213669
0.048857339
0.046039196
0.039437095
0.03452711
0.026074085
0.026685726
0.034961586
0.11230019
0.10733839
0.093671419
0.092270534
0.068067237
0.060195783
0.055472784
0.047672063
0.10649246
0.13813909
0.14901823
0.1207896
0.1431328
0.050242529
0.11164321
0.13182917
0.15241309
0.11983319
0.099283645
0.070590629
0.11671442
0.123263
0.12552732
0.096227966
0.096429032
0.062719431
0.088455521
0.10388806
0.12111753
0.095394418
0.097944852
0.083715002
0.099511665
0.10533973
0.096382369
0.098003835
0.096930021
0
0
0
0
0
0
0
0
0
0
0
0
0.16662633
0.1520388
0.14606724
0.14370288
0.15832218
0.15777126
0.17276563
0.16809688
0.18392828
0.17409582
0.17851053
0.14946768
0.15644825
0.12556196
0.13834591
0.13478217
0.18436615
0.19857742
0.20852625
0.14065505
0.23798925
0.2449352
0.25371928
0.24608456
0.16754463
0.18051634
0.18223947
0.19500501
0.1900856
0.18434851
0.19957145
0.21168333
0.014733823
0.037124597
0.050598607
0.08330732
0.043331475
0.054191178
0.10583765
0.15701484
0.17134164
0.19701953
0.16976181
0.19503661
0.20820087
0.1234032
0.14636181
0.16231981
0.18766577
0.18096689
0.19646927
0.15260412
0.17306592
0.17840221
0.22111493
0.22205688
0.19606742
0.20691651
0.21317582
0.24825026
0.22097894
0.26946641
0.25678981
0.24682819
0.1690032
0.18182207
0.21295245
0.21000403
0.20391142
0.18880686
0.19291737
0.22701176
0.24141889
0.26623861
0.16897148
0.15273741
0.22901587
0.22276899
0.19725219
0.17247504
0.16904338
0.23846347
0.24336577
0.24603662
0.18080191
0.15358895
0.23179937
0.23472253
0.23355233
0.16853337
0.14639963
0.1517881
0.22752111
0.25004241
0.22044844
0.18192485
0.16198806
0.16994615
0.21882599
0.23969116
0.23819565
0.18163454
0.14621163
0.15985045
0.22371747
0.24888591
0.21011146
0.17099624
0.16946668
0.17551267
0.18903556
0.23291281
0.25170626
0.21626755
0.19200985
0.15402753
0.15420189
0.2107328
0.20423387
0.16672122
0.14713373
0.17037111
0.17831645
0.19308255
0.24198181
0.25510626
0.22358754
0.21324037
0.16991892
0.1392629
0.19019501
0.19987151
0.14974069
0.12039104
0.11888603
0.1265586
0.16797657
0.23427524
0.26799114
0.24201784
0.23574453
0.22981975
0.23176971
0.1375444
0.10223362
0.21990602
0.19214485
0.13268098
0.1144326
0.08739732
0.063207692
0.18913708
0.25980139
0.28930911
0.30105267
0.25466018
0.24938651
0.23774794
0.15551695
0.10627128
0.24002848
0.23817647
0.14698972
0.10860131
0.091090185
0.053729925
0.17972036
0.24908952
0.28398179
0.29672946
0.24837808
0.24387796
0.23123206
0.15125664
0.10149393
0.23313253
0.23356401
0.14072
0
0
0
0
0
0
0
0
0
0
0
0
0
0
0
0
0
0
0
0
0
0
0
0
0
0
0
0
0
0
0
0
0
0
0
0
0
0
0
0
0
0
0
0
0
0
0
0
0
0
0
0
0
0
0
0
0
0
0
0
0
0
0
0
0
0
0
0
0
0
0
0
0
0
0
0
0
0.10104663
0.18557358
0.16490689
0.14549059
0.1623224
0.13481928
0.13035294
0.11786034
0.12025103
0.11624971
0.10962358
0.10784201
0.16225238
0.1089803
0.13091727
0.11766125
0.020452361
0.060671817
0.079404229
0.060789779
0.061608798
0.11455088
0.12471416
0.099699591
0.029971533
0.07743562
0.032808042
0.074072436
0.089320779
0.070431406
0.051547158
0.078005525
0.085121462
0.078635039
0.057267288
0.048980361
0.037154097
0.060322008
0.0888126
0.069318099
0.058721635
0.079662045
0.027187024
0.035831975
0.083764224
0.070376151
0.047716905
0.072193567
0.068022314
0.06382201
0.0801165
0.092694875
0.040468857
0.052549998
0.087351025
0.072221729
0.070999746
0.080917551
0.082803708
0.073280407
0.082942745
0.095391211
0.060365492
0.061966188
0.029071716
0.073421338
0.085273548
0.096463559
0.073488179
0.15229143
0.087491282
0.14135849
0.10870424
0.1444871
0.10307353
0.12016826
0.16019231
0.16261532
0.18055166
0.19521355
0.19392577
0.21297617
0.21056533
0.092166717
0.10337105
0.11197039
0.12298587
0.099463732
0.10370855
0.092099453
0.11771354
0.10933105
0.09184921
0.071851423
0.060210197
0.053330012
0.040490126
0.046387472
0.025110682
0.011371609
0.007802705
0.15200141
0.1835406
0.2009909
0.21264561
0.20406813
0.21983669
0.22408265
0.21086471
0.22249651
0.23667457
0.21603789
0.21380184
0.1940408
0.16070708
0.13792259
0.13950708
0.11135722
0.099032908
0.025125138
0.050758819
0.22770213
0.21599693
0.21578446
0.19798263
0.15980877
0.1624322
0.13869512
0.15837987
0.12162612
0.10533318
0.030654468
0.062215238
0.21004722
0.20821533
0.19454244
0.176737
0.15909652
0.16460751
0.13197012
0.15645996
0.1110504
0.049764117
0.092688174
0.079362638
0.10537942
0.092200308
0.081290463
0.085883509
0.097276782
0.11130724
0.082363295
0.06598416
0.084158683
0.098952974
0.096939936
0.11436966
0.10468937
0.093052074
0.090931615
0.099494716
0.11750341
0.1059192
0.084842952
0.09395035
0.10603377
0.13260049
0.11245526
0.096027371
0.10116963
0.12049649
0.11685466
0.1239443
0.10361469
0.10343067
0.13531564
0.12374429
0.10882969
0.10245622
0.10454103
0.13013099
0.13007698
0.15227361
0.12049157
0.11467359
0.015605521
0.013453083
0.00084763099
0.0031790015
0
0.016091106
0.0063301365
0.039950326
0.042529488
0.032153411
0.066856878
0.068122083
0.05897321
0.091501306
0.09642473
0.065687161
0.12013884
0.10491432
0.13333668
0.099511369
0.14698932
0.14396034
0.15232478
0.12510604
0
0.0030782035
0.014894295
0.020262914
0.1399723
0.15721689
0.16183976
0.11311808
0.16975139
0.12078177
0.14846637
0.14787456
0.13130394
0.12041818
0.020740946
0.00086051083
0.005674183
0
0
0.0048581918
0.010705724
0.039987557
0.060666912
0.06711562
0.082479383
0.10490821
0.10652947
0.12304348
0.11024387
0.088061762
0.039017525
0.022709535
0
0.005024054
0.0049061999
0
0
0.020312382
0.025769486
0.053918924
0.066390532
0.07281202
0.096316144
0.09382581
0.11189021
0.12403944
0.10843646
0.086861503
0.049192773
0.045855757
0
0.00076577907
0.010755218
0
0
0.023398025
0.02800961
0.041108075
0.059273706
0.077056538
0.082178811
0.087623816
0.096031667
0.12498791
0.11524428
0.093660869
0.048330408
0.052845249
0
0.00077463092
0.0098356758
0.027427883
0
0.017860512
0.047931995
0.042420273
0.049057912
0.074930327
0.069929143
0.081365944
0.08667249
0.12469817
0.13120946
0.11538784
0.07365011
0.073907282
0
0.0046845347
0.016088241
0.029275149
0
0.021175492
0.049871242
0.043411391
0.049882864
0.058462748
0.070275103
0.075973984
0.085715864
0.12053356
0.13605142
0.12236024
0.088921554
0.076097585
0
0.0035259552
0.015785631
0.029130054
0.038618802
0
0.041197545
0.075849016
0.048207249
0.054216759
0.06593601
0.070948726
0.080664096
0.095707883
0.1373636
0.12145909
0.10845027
0.10315154
0
0.0054454138
0.019518057
0.031107535
0.036151919
0
0.03343114
0.085511093
0.042080973
0.053776162
0.066415417
0.078465624
0.085283089
0.10164487
0.12018051
0.12691688
0.10047381
0.10950318
0.004402222
0
0.017504564
0.031630549
0.036197022
0.040822506
0.025420369
0.093783805
0.12007986
0.050428643
0.059464943
0.071213852
0.07855591
0.09027783
0.10853615
0.12225734
0.11012051
0.12188196
0.0078181456
0.01133739
0.019145195
0.032745066
0.037620588
0.042548386
0.051400163
0.11396769
0.12921055
0.048386315
0.054969012
0.064600687
0.073424724
0.089896972
0.11296514
0.12646434
0.13020788
0.14980022
0.0090813093
0.015402633
0
0.049960447
0.078788649
0.07538785
0.048915716
0.031847576
0.0067635807
0.028970483
0.02172259
0
0.0073251972
0.013166309
0.0091573319
0
0.089186283
0.081781252
0.0025423032
0.0037941543
0.0078970354
0
0.11078086
0.10207855
0.058537136
0.060758748
0
0
0
0
0
0.15739543
0.14368318
0.12144779
0.10145046
0
0.048171379
0.028500086
0.012771588
0
0
0
0
0.15575446
0.11936982
0.12061812
0.0957978
0.0096075624
0.045079736
0.016662586
0.018349833
0.0069595494
0
0
0.0013690413
0.14647067
0.11364687
0.11890387
0.098637365
0.0099040074
0.043919242
0.026755396
0.021000028
0.011019943
0.0014777523
0.0089885725
0.11202
0.10795537
0.11245389
0.088108799
0.030861264
0.045827382
0.039959849
0.034331375
0.032839273
0.031136475
0.010675368
0.0047779392
0.023485234
0.11060684
0.10735492
0.10161847
0.074690968
0.02973466
0.047866171
0.045309874
0.041655441
0.033129205
0.015399911
0.01333177
0.024469855
0.10748674
0.10390614
0.1017983
0.086196684
0.065671912
0.041259364
0.047569522
0.047821207
0.046752156
0.041982093
0.033152454
0.018981237
0.024435836
0.037462614
0.13327993
0.10190772
0.09928946
0.082245468
0.076026019
0.059448159
0.039583041
0.063496248
0.048826235
0.045935605
0.039044264
0.032175753
0.023776091
0.026583847
0.036178963
0.11377689
0.10876005
0.095595522
0.095116277
0.070121441
0.061425081
0.057905591
0.075181469
0.096811129
0.097857519
0.092204286
0.10217039
0.10547881
0.057709035
0.053020437
0.043073426
0.03701962
0.03271348
0.025856086
0.034531931
0.0552184
0.092684941
0.10787209
0.10593683
0.092920362
0.093949856
0.071460567
0.054240283
0.050888747
0.11679327
0.16272783
0.16907827
0.12868654
0.10616404
0.071559675
0.12300423
0.14123537
0.13790631
0.09947095
0.10063251
0.063507677
0.089978467
0.11104753
0.13371027
0.097906559
0.1005805
0.08500119
0.104247
0.11063946
0.098851642
0.10058916
0.099229283
0.076434862
0.10199102
0.10144272
0.094480199
0.10521029
0.10870939
0
0
0
0
0
0
0
0
0
0
0
0
0.18263624
0.17284828
0.16978284
0.15483188
0.16363149
0.18281398
0.17560773
0.19578804
0.18399819
0.1918713
0.16385854
0.16871717
0.13585573
0.14456962
0.13908326
0.19149556
0.22306504
0.16733968
0.2471807
0.24029303
0.26482224
0.26466419
0.26934224
0.26395036
0.19018189
0.20763638
0.18911344
0.21086337
0.23031911
0.21160898
0.034975619
0.040652523
0.074115511
0.10076781
0.065012059
0.10359211
0.12064528
0.18659479
0.20947097
0.18610789
0.20242253
0.21711198
0.21935702
0.22045935
0.21826074
0.16556031
0.18717783
0.20019669
0.22146769
0.20459644
0.22926181
0.23941274
0.1956793
0.23819937
0.25952377
0.20247869
0.21805899
0.23355779
0.22882836
0.24679632
0.28050378
0.28613268
0.19053854
0.18055136
0.2433275
0.23711458
0.21493586
0.1998123
0.19937801
0.25610133
0.26687589
0.2708629
0.20001799
0.17278278
0.25314132
0.25276803
0.25122837
0.1871391
0.16281782
0.17064324
0.25321486
0.27488444
0.25049066
0.17884853
0.19056493
0.24514418
0.26116925
0.26089114
0.19805233
0.15385184
0.17642718
0.25089152
0.27592908
0.24307317
0.19869611
0.18359258
0.19432881
0.21714891
0.25608401
0.27343864
0.24229657
0.19814909
0.15923957
0.17160883
0.2420015
0.23583737
0.197683
0.17027718
0.18365087
0.1963945
0.21646094
0.26310802
0.27580539
0.23959062
0.21929538
0.1751775
0.15157404
0.21179533
0.21732862
0.16756403
0.12833552
0.12322724
0.13687931
0.18254989
0.24790565
0.28165539
0.24625552
0.24116599
0.23494635
0.23671167
0.14157198
0.10670356
0.22947462
0.20344473
0.14255974
0.12226615
0.08714137
0.071929075
0.2004968
0.26964817
0.29434711
0.30549536
0.26153978
0.25444175
0.24444483
0.15998544
0.11029889
0.24789508
0.24432849
0.15544968
0.11501536
0.094125063
0.068266284
0.25157904
0.21325378
0.31189371
0.31183394
0.27396765
0.24703397
0.29575615
0.23520505
0.12703697
0.26142776
0.24534284
0.12931326
0.10909497
0.059682372
0.23835759
0.20482799
0.30607764
0.30622581
0.26459364
0.23920076
0.29036086
0.22930355
0.12120843
0.25476987
0.23364391
0.12068522
0
0
0
0
0
0
0
0
0
0
0
0
0
0
0
0
0
0
0
0
0
0
0
0
0
0
0
0
0
0
0
0
0
0
0
0
0
0
0
0
0
0
0
0
0
0
0
0
0
0
0
0
0
0
0
0
0
0
0
0
0
0
0
0
0
0
0
0
0
0
0
0
0
0
0
0
0
0
0.10089928
0.18908014
0.16597439
0.16415337
0.13617991
0.14440892
0.12810911
0.12158836
0.1170536
0.10670842
0.13678211
0.15136575
0.12716085
0.087141773
0.039688329
0.083134365
0.096814938
0.081149937
0.055063657
0.083701802
0.094394774
0.088252707
0.069403582
0.059722497
0.042546746
0.067532193
0.099077823
0.076541993
0.059645444
0.08199125
0.085976089
0.075148058
0.054291768
0.07903508
0.074522926
0.065971087
0.082370589
0.095129741
0.044508867
0.047898774
0.0602581
0.088553877
0.074766966
0.074339942
0.087895784
0.088080649
0.07588009
0.084976294
0.097458794
0.066217211
0.067553356
0.094209525
0.081750143
0.11000913
0.096214319
0.084009069
0.087748722
0.098931271
0.11382767
0.086254569
0.070259406
0.087359826
0.07656149
0.049817374
0.029293993
0.093747188
0.099726872
0.10374561
0.096949954
0.12219751
0.071508285
0.16669761
0.10066036
0.11151235
0.15557286
0.11272924
0.12233067
0.16897364
0.16398732
0.20769904
0.19358575
0.20411615
0.22626892
0.20045838
0.22622468
0.23122905
0.10976567
0.10665911
0.13551528
0.14638473
0.11514316
0.10256511
0.096804348
0.1304044
0.14742042
0.11793752
0.10171034
0.10393519
0.064498562
0.067818625
0.056918824
0.046664689
0.031303905
0.035366713
0.027780909
0.16707735
0.22065511
0.23318554
0.23525569
0.25853323
0.24776022
0.25302102
0.23589804
0.23289831
0.21726861
0.17746493
0.18114135
0.15148387
0.17072706
0.1316899
0.1116865
0.03230657
0.068986885
0.23660171
0.22893674
0.21982023
0.20411475
0.18058456
0.18042157
0.14519866
0.17156688
0.11686002
0.053589201
0.22664803
0.21540135
0.19789638
0.19629618
0.19513939
0.18591715
0.13883884
0.11707637
0.12264431
0.052253813
0.10016408
0.099067547
0.11805073
0.10832448
0.095334713
0.092752158
0.10113851
0.12005795
0.10832345
0.087552454
0.096823476
0.10826398
0.13682217
0.11541919
0.097942954
0.10281431
0.12347657
0.12019003
0.1258268
0.10634725
0.10665741
0.14097457
0.12683565
0.11242416
0.10492627
0.10651123
0.13339441
0.13404006
0.15490828
0.12423178
0.11759875
0.14302177
0.13426181
0.11759553
0.10685081
0.13300958
0.13904038
0.12648603
0.17207208
0.13412462
0.01694793
0.012158036
0.0086027299
0.0051250959
0.035530419
0.017499776
0.056304069
0.040517233
0.06498421
0.02444596
0.083399442
0.091583657
0.060851939
0.09376767
0.11337277
0.11907063
0.081723758
0.13558679
0.11955492
0.14314334
0.085085661
0.15004794
0.13826557
0.15251126
0.1027642
0.14965565
0.15759332
0.16814854
0.12554912
0.0082917097
0.012175309
0.041341286
0.015934023
0.1655311
0.18266257
0.19120374
0.12327205
0.13659285
0.16365544
0.15736833
0.15473548
0.14007147
0.1320638
0.028796006
0.0014327131
0.014084583
0.012755321
0.00076149994
0.0084738071
0.028503606
0.037284791
0.0699991
0.082547185
0.089089221
0.11623424
0.11158207
0.13112263
0.13527436
0.12070788
0.10115407
0.061377107
0.053500269
0
0.0045812691
0.015566966
0
0.0032038073
0.030757365
0.035936111
0.050180151
0.072951648
0.091822468
0.098082368
0.10488467
0.11291205
0.13710209
0.12623105
0.10570387
0.05942848
0.060149805
0
0.0052754798
0.011641221
0.034014588
0
0.02755569
0.057149078
0.050287638
0.056538621
0.091021033
0.083579221
0.098103146
0.10083065
0.14202867
0.1423607
0.12486897
0.082347417
0.080556814
0
0.0079659676
0.018571952
0.033174085
0
0.03081796
0.061144583
0.051078482
0.056098501
0.068125205
0.082085046
0.086581263
0.096689959
0.13815712
0.14940789
0.12991234
0.095488497
0.082262709
0
0.006116344
0.018987511
0.032661236
0.043344308
0.002498696
0.053471859
0.08682441
0.053695503
0.06064489
0.076743948
0.080332373
0.090340375
0.10486485
0.15509667
0.12565386
0.11510219
0.10956454
0
0.0076092097
0.02241595
0.034590976
0.037702558
0.0027516367
0.039740886
0.096774617
0.043096689
0.057653655
0.073985732
0.08743826
0.092675808
0.11102683
0.12921706
0.13087369
0.10310519
0.11548648
0.0058557768
0.00010382482
0.020934826
0.035720658
0.03785809
0.041405015
0.0299682
0.10138482
0.12836455
0.052740055
0.063936421
0.07885427
0.085133581
0.098210999
0.1156231
0.12587218
0.11140757
0.12508225
0.0084911627
0.012959755
0.021384546
0.036493225
0.039064448
0.043354264
0.056121955
0.12193217
0.13680817
0.049122272
0.056786211
0.068155905
0.07757587
0.094655266
0.1172129
0.12840647
0.13187481
0.15296124
0.018955182
0.022160707
0.015021302
0.034566851
0.037443143
0.042379584
0.047826941
0.10817672
0.13312246
0.15041572
0.053392534
0.061565624
0.069105504
0.080015648
0.10285521
0.12204485
0.13286003
0.17518451
0.19649969
0.014628608
0.027491065
0
0.084370943
0.073831051
0.070733988
0.058377323
0.053625582
0.0018187802
0.030598025
0
0
0.016761869
0
0.10068812
0.015630024
0
0.11775646
0.111701
0.060102207
0.038171679
0.014995766
0
0
0
0
0.16771075
0.13692697
0.13268891
0.10755906
0.008271859
0.053944615
0.016821043
0.01715547
0.0019223778
0
0
0.0034469532
0.16164611
0.13063283
0.13257118
0.11071367
0.0099294458
0.051625851
0.024644458
0.015214516
0.005556921
0.00026147787
0.0082263995
0.12745342
0.12206059
0.12579921
0.099572339
0.031229886
0.052735499
0.043557923
0.032047543
0.02915758
0.02647505
0.0078761078
0.0054925482
0.023852058
0.11885289
0.11783125
0.11306899
0.083017624
0.030235321
0.048782312
0.044656433
0.040091421
0.029989021
0.011925985
0.010842953
0.025583583
0.11340102
0.10885132
0.10970061
0.092900808
0.069998438
0.042893486
0.047807289
0.047972018
0.046159798
0.041324204
0.030772226
0.015315018
0.025137217
0.040552355
0.13746774
0.10506718
0.10325075
0.086515059
0.080440916
0.060667168
0.041239613
0.06555141
0.048952392
0.046082667
0.038641475
0.029393956
0.021311787
0.027658045
0.039068012
0.11632487
0.11077111
0.098527948
0.099052952
0.073407185
0.063268215
0.061459211
0.059278565
0.054095908
0.042952033
0.036615685
0.029814404
0.026703582
0.036210432
0.061476805
0.10903327
0.10930863
0.096550228
0.098714037
0.074047246
0.058312866
0.076754662
0.11237707
0.097899018
0.10224686
0.099944005
0.11003735
0.10388294
0.051682144
0.042099534
0.031304673
0.026729612
0.028131007
0.036596106
0.057409856
0.090870152
0.10192787
0.10521445
0.10689723
0.09735281
0.068456028
0.069148539
0.073689703
0.13030261
0.16970568
0.15327633
0.10534898
0.10790129
0.064542934
0.092428548
0.12466514
0.15322757
0.10245687
0.10495629
0.087034502
0.11114806
0.11819241
0.10271242
0.10414809
0.1026662
0.0782394
0.10888309
0.10602763
0.097451356
0.10867351
0.11249811
0.078746949
0.11942162
0.10130643
0.10632921
0.10343424
0.11371608
0
0
0
0
0
0
0
0
0
0
0
0.18867257
0.19005913
0.17269647
0.17968767
0.20525436
0.19136846
0.20411597
0.17861277
0.18463032
0.15159403
0.1542171
0.14533411
0.1881434
0.12264158
0.24921489
0.27675523
0.28070944
0.20324921
0.21896123
0.21833341
0.21211148
0.21632788
0.24377591
0.21341561
0.054373362
0.075709473
0.11708385
0.088826168
0.13440943
0.080044309
0.1003662
0.087600265
0.14684061
0.2004534
0.21742848
0.22130288
0.2191696
0.24686006
0.23346031
0.23367734
0.23336325
0.24432191
0.23428403
0.18939095
0.22717693
0.24625084
0.25454488
0.21032909
0.24649706
0.25971124
0.26981882
0.24675844
0.26767397
0.29510371
0.28524483
0.25013569
0.27168532
0.23829045
0.25997649
0.29501541
0.28569719
0.30977544
0.29179047
0.21969192
0.19767369
0.27195249
0.26766506
0.26567864
0.20997244
0.19117676
0.19954301
0.27713877
0.29709325
0.27769224
0.19989889
0.2165598
0.26924694
0.28008316
0.27925582
0.21796254
0.16668502
0.20138977
0.27598522
0.29904622
0.27272171
0.20172745
0.21939335
0.24662537
0.27895651
0.29280084
0.26631612
0.20676387
0.1672363
0.19922623
0.27132579
0.26894055
0.23410066
0.1967358
0.19992175
0.21801002
0.24245431
0.28419562
0.29565103
0.26070198
0.22799795
0.18259901
0.16972792
0.24132027
0.24684133
0.19871597
0.14298915
0.12994161
0.14977451
0.20529041
0.26391472
0.29807697
0.25360654
0.2484376
0.24321872
0.24300382
0.14710279
0.11370616
0.24580559
0.22296815
0.15963301
0.13420575
0.092089835
0.079636834
0.21484166
0.27951114
0.30088115
0.31142257
0.27029946
0.26109684
0.25290767
0.16525127
0.11647216
0.25859613
0.25120031
0.16739819
0.12270584
0.096422978
0.0755892
0.26253318
0.22271568
0.3184047
0.31821118
0.28587818
0.25562243
0.30191928
0.2416375
0.13093194
0.26873378
0.2571307
0.14144214
0.11240637
0.091824324
0.082085762
0.27510042
0.24113564
0.32301012
0.3297926
0.2846675
0.26305751
0.30550043
0.24297105
0.13845129
0.30393788
0.29866094
0.20844071
0.10511854
0.069478735
0.26555795
0.23320109
0.31675095
0.32442187
0.27261239
0.25154265
0.29852807
0.23397099
0.13386226
0.29946883
0.29289104
0.19605096
0
0
0
0
0
0
0
0
0
0
0
0
0
0
0
0
0
0
0
0
0
0
0
0
0
0
0
0
0
0
0
0
0
0
0
0
0
0
0
0
0
0
0
0
0
0
0
0
0
0
0
0
0
0
0
0
0
0
0
0
0
0
0
0
0
0
0
0
0
0
0
0
0
0
0
0
0
0.16679713
0.17836636
0.15027604
0.14288535
0.13163865
0.11434701
0.11310788
0.10683912
0.088897906
0.04878964
0.076811849
0.11162987
0.084933268
0.061293814
0.085670254
0.090911064
0.083601304
0.063130923
0.08704492
0.082491199
0.068873262
0.086091233
0.099036137
0.090497132
0.078767155
0.079430847
0.097500909
0.096150789
0.080282641
0.088536961
0.10080692
0.057395984
0.070109358
0.074043714
0.075035484
0.096413104
0.085138723
0.11650998
0.10277753
0.089055838
0.091125879
0.10170428
0.1177245
0.091447525
0.076211988
0.092039311
0.10194584
0.10189749
0.1234607
0.11431063
0.099082645
0.095718832
0.10367139
0.12372683
0.11164618
0.091110177
0.1007531
0.0721289
0.055595137
0.035793383
0.091459445
0.12732199
0.12974495
0.094531225
0.17469755
0.065897506
0.091698938
0.14884593
0.13092894
0.14193972
0.17308158
0.18999046
0.18801065
0.21271808
0.23168223
0.22241313
0.24649034
0.24740222
0.21297238
0.24253161
0.23735878
0.25264863
0.14895387
0.19637814
0.16143592
0.12483235
0.10845717
0.14876625
0.13749468
0.16710064
0.18186501
0.14266813
0.14088226
0.108688
0.080312055
0.1161982
0.073341674
0.080867695
0.048071279
0.056484274
0.039773655
0.24569496
0.25753314
0.28943405
0.2756322
0.26133495
0.24822718
0.24215556
0.22726039
0.20118502
0.19627683
0.16049953
0.18839178
0.12396609
0.061089188
0.25374003
0.23951895
0.22613901
0.22444231
0.22524923
0.20293731
0.15184963
0.13425394
0.12944789
0.054787617
0.22403645
0.20078241
0.21138215
0.2009325
0.17202476
0.13881892
0.11453593
0.11810177
0.077360156
0.11108366
0.14235231
0.11951294
0.10079411
0.10513552
0.12734936
0.12423981
0.12806902
0.10970867
0.11053804
0.14715069
0.13037143
0.11683603
0.10780501
0.10868719
0.13678675
0.13761827
0.15802996
0.12757331
0.12042009
0.15034048
0.13851588
0.12140106
0.10962048
0.13839249
0.14573274
0.13100132
0.17388193
0.13811233
0.14305576
0.12669906
0.11619058
0.11369131
0.15400979
0.17906736
0.15454267
0.18631464
0.15821893
0.023199901
0.013955826
0.026226073
0.015084485
0.014200117
0.043685828
0.028794512
0.071306259
0.073084633
0.055587338
0.097213284
0.10439621
0.092449664
0.12556331
0.10481016
0.15137509
0.10938164
0.16099908
0.14153045
0.17127664
0.17742676
0.18411769
0.13170783
0.024378496
0.024568592
0.047527848
0.038109763
0.20246161
0.20809521
0.15273041
0.17675346
0.16436592
0.15399576
0.1455992
0.14271541
0.061974367
0.0065216779
0.012591495
0.025967133
0.0043372965
0.013571136
0.04012683
0.049533821
0.064396689
0.091673227
0.11038649
0.118115
0.12621612
0.13706566
0.15124709
0.14040914
0.12229823
0.073562388
0.069618087
0.0033221215
0.013330112
0.016724933
0.04519258
0.00068804914
0.039217354
0.067624537
0.062040878
0.06840562
0.10988748
0.1015915
0.11994776
0.12332789
0.16355287
0.15535525
0.13941666
0.095521038
0.089947639
0.0031791855
0.014727
0.023557364
0.039939732
0.0022819771
0.042896841
0.073851391
0.06168098
0.065559997
0.082077321
0.098636872
0.10367585
0.1148558
0.16241081
0.16454598
0.14148291
0.10548119
0.090251407
0.0014153643
0.011454402
0.024105743
0.038095626
0.050471618
0.0094445706
0.068060216
0.10007653
0.061864994
0.072653977
0.095606806
0.095073916
0.10698779
0.11978626
0.17766134
0.1313128
0.12461628
0.11835505
0.0016063843
0.011470436
0.026615501
0.03923483
0.040249883
0.0084463761
0.049505415
0.11114662
0.045501222
0.065364838
0.087399647
0.10201051
0.10397312
0.12550275
0.14272316
0.13647601
0.1067797
0.12438855
0.0079464933
0.0024573887
0.026068493
0.041472823
0.040520871
0.042607477
0.035767731
0.11087583
0.14006721
0.056995753
0.071493178
0.091278843
0.094551766
0.10965079
0.12588299
0.13211435
0.11299958
0.12837409
0.0092622011
0.014827284
0.024532969
0.041777215
0.041287781
0.04466562
0.062415317
0.13150433
0.14663022
0.050247751
0.059541696
0.07331485
0.083289284
0.10113351
0.12372686
0.1314075
0.13381334
0.15553728
0.019783181
0.024608795
0.018307012
0.04041832
0.039457518
0.043717027
0.048781915
0.11503108
0.1404397
0.1613227
0.055258178
0.065275942
0.073653357
0.08507407
0.10858922
0.12580317
0.13424372
0.17730596
0.1982168
0.018348811
0.023169721
0.024024765
0.032757534
0.039964589
0.045479613
0.051418903
0.04002676
0.12465195
0.15281614
0.058926467
0.070426074
0.086713427
0.11305953
0.13427393
0.14945511
0.14642094
0.20388558
0.22312461
0.035748754
0.037695705
0.011238747
0.09593253
0.080983088
0.075796033
0.055163911
0.05916207
0.022613499
0.042554086
0.03175715
0.053949201
0
0.033524551
0
0.020915191
0.024760232
0.025780733
0.0066588666
0.026889145
0.020858201
0.036258172
0.008352014
0.12373875
0.1292131
0.11901973
0.065279321
0.020065998
0.018527642
0
0
0
0.011916114
0.17616525
0.14855397
0.14519869
0.123575
0.013867937
0.062480885
0.023618908
0.0099692544
0
0.0022392013
0.010189919
0.14736244
0.13929354
0.13920925
0.1121911
0.032287797
0.062370287
0.050314795
0.030755707
0.025786302
0.020664728
0.0058869308
0.0095563341
0.025749946
0.13228338
0.13267151
0.12656386
0.093872947
0.031801552
0.050919629
0.04469399
0.037981278
0.0260908
0.0090041359
0.010877086
0.028399389
0.12245251
0.11664218
0.12173879
0.10389259
0.077415252
0.045368702
0.04864603
0.048545211
0.045553109
0.040574264
0.027754397
0.012516693
0.027402611
0.046127662
0.14362412
0.10990694
0.10920947
0.093841362
0.086988315
0.062622985
0.04422104
0.06906058
0.049338177
0.046354751
0.038144351
0.026096695
0.019089856
0.030251857
0.045448023
0.11982043
0.11363453
0.10254012
0.10435583
0.079136432
0.065827665
0.066405977
0.061287294
0.055990656
0.043044421
0.036398394
0.026636858
0.029171424
0.039481738
0.071199083
0.11090814
0.11376577
0.10056775
0.10393613
0.077710718
0.064128081
0.111086
0.054087933
0.042726789
0.031118369
0.024966111
0.030199396
0.039629283
0.066307301
0.10287931
0.10721727
0.11150896
0.10303192
0.072773614
0.075550824
0.076166124
0.12096029
0.10566421
0.10007266
0.1086195
0.11222326
0.1120647
0.11430106
0.063800787
0.046429838
0.036327843
0.032773935
0.027748959
0.035114809
0.054693193
0.066673598
0.094022132
0.11107475
0.11947587
0.12568855
0.12730637
0.074554366
0.066816006
0.096986006
0.14978994
0.17947584
0.11025044
0.11234756
0.090271346
0.12408727
0.13064229
0.1090397
0.10973915
0.10852309
0.080792093
0.11862209
0.11248504
0.10197112
0.11317953
0.11746671
0.081391174
0.12773322
0.1054593
0.11135844
0.10763557
0.11840173
0.079246322
0.13127038
0.11330785
0.10642997
0.11339649
0.11663121
0.11687086
0
0
0
0
0
0
0
0
0
0
0
0
0.19762614
0.21165833
0.18152337
0.19599426
0.21421234
0.1921021
0.20220284
0.17130074
0.1686647
0.15474793
0.14324965
0.13175759
0.28423036
0.29570006
0.28475452
0.23067494
0.230164
0.24214157
0.23626568
0.23167481
0.25973506
0.25510344
0.2765343
0.22618321
0.068416849
0.082646924
0.074238088
0.14179007
0.13398749
0.15735686
0.1124426
0.27458156
0.11129273
0.12003917
0.16625456
0.24221495
0.22696353
0.25891789
0.27816423
0.27507522
0.24789662
0.2606483
0.23830941
0.24165592
0.25906856
0.27273644
0.2366501
0.25130505
0.26898683
0.2887858
0.27234315
0.27968658
0.29633316
0.30900665
0.31582545
0.26012926
0.28924169
0.23693989
0.30086604
0.31878947
0.30202329
0.22450053
0.24654544
0.29051617
0.29565723
0.2934567
0.24117999
0.18843868
0.23660673
0.29909278
0.31971358
0.29907087
0.22216742
0.24971591
0.27545011
0.30054612
0.30860306
0.28656059
0.22045062
0.17974334
0.23750289
0.29735571
0.29695143
0.26751853
0.21784577
0.24123307
0.27003582
0.3053234
0.31389721
0.28242508
0.2399971
0.19328868
0.19633695
0.27183427
0.27918614
0.23771829
0.16886858
0.14030257
0.16708454
0.23474202
0.28243088
0.31558996
0.26677664
0.25779517
0.2565517
0.25120155
0.1551084
0.12434677
0.26938667
0.2535031
0.18767997
0.15508546
0.097411568
0.086986717
0.23520759
0.29204585
0.30999592
0.31971154
0.28226804
0.27019
0.26346729
0.1720082
0.12405354
0.27611094
0.26253465
0.18837409
0.13477785
0.099118631
0.084173602
0.27319262
0.23622826
0.32661744
0.32648408
0.30099957
0.26684998
0.3099375
0.24935523
0.13613724
0.27678241
0.27013248
0.15835313
0.12203145
0.093297166
0.092104275
0.28493831
0.24981421
0.33037647
0.33614571
0.2997699
0.27525287
0.31350688
0.25337658
0.14164293
0.30892121
0.30459365
0.21920265
0.13381874
0.094632424
0.13689738
0.3140913
0.25829991
0.27864401
0.3268878
0.27362905
0.26919852
0.29918443
0.30394001
0.18606463
0.32560901
0.30395887
0.21402914
0.12421567
0.13099565
0.30781857
0.24716042
0.27108992
0.3222949
0.26403203
0.25781219
0.29057646
0.30019823
0.17826986
0.31966257
0.29339934
0.19699463
0
0
0
0
0
0
0
0
0
0
0
0
0
0
0
0
0
0
0
0
0
0
0
0
0
0
0
0
0
0
0
0
0
0
0
0
0
0
0
0
0
0
0
0
0
0
0
0
0
0
0
0
0
0
0
0
0
0
0
0
0
0
0
0
0
0
0
0
0
0
0
0
0
0
0
0
0
0
0.18402044
0.17523991
0.15731079
0.12564433
0.10280014
0.099113896
0.09451827
0.092960281
0.072134126
0.091193576
0.105113
0.093841412
0.085038078
0.087170642
0.10779872
0.10483612
0.085964114
0.0940602
0.10602349
0.099795164
0.090052465
0.12588853
0.11242105
0.097181572
0.097195766
0.10627175
0.12381744
0.084280705
0.084611238
0.098527629
0.084243613
0.098468088
0.10465536
0.10606964
0.13092689
0.12421289
0.1058074
0.10110364
0.10796658
0.12934049
0.11654113
0.09604682
0.10625223
0.11493296
0.14984206
0.12585051
0.10548383
0.10868278
0.13275283
0.12962866
0.13114316
0.11414121
0.11559721
0.069983254
0.085466536
0.10200155
0.14751202
0.11193696
0.14579914
0.077936119
0.19479407
0.10020922
0.1156818
0.13330087
0.18670456
0.19564923
0.2452967
0.22739493
0.2427368
0.26249281
0.22951851
0.25889823
0.26516263
0.25755636
0.25747759
0.27090061
0.28338106
0.15860427
0.15989084
0.20284516
0.21897724
0.17682802
0.20954965
0.11779796
0.15240356
0.18538548
0.1927382
0.17614918
0.20588691
0.15607135
0.13037418
0.11200737
0.11963336
0.083940614
0.10022204
0.075887381
0.066346895
0.070931263
0.25767432
0.30093509
0.27952331
0.26209296
0.25227807
0.24917481
0.25381356
0.21969517
0.16851745
0.15994694
0.13715984
0.059905996
0.25151903
0.23130799
0.24186857
0.23158053
0.19429521
0.14950686
0.12857095
0.1335965
0.083033279
0.20266493
0.21872261
0.20938977
0.18379436
0.20826132
0.10405819
0.12196806
0.12331133
0.070845586
0.15571229
0.13506663
0.12301745
0.11191123
0.1117599
0.14112573
0.14182302
0.16122691
0.13113282
0.12400292
0.15853467
0.14302842
0.12568534
0.11275455
0.14376462
0.15197551
0.13495713
0.17583505
0.14139932
0.14923798
0.13208747
0.12031278
0.11698099
0.15921767
0.18557108
0.15771944
0.18815445
0.16085992
0.16154709
0.13403606
0.12083087
0.15618234
0.18837935
0.17168929
0.16743121
0.20376568
0.028230318
0.019601984
0.043097387
0.024717836
0.029790856
0.019400858
0.056960008
0.073269784
0.043269546
0.074900203
0.086286931
0.095036023
0.068715113
0.10218675
0.12692103
0.083827155
0.15010792
0.16334698
0.11750216
0.17149487
0.15909069
0.17260674
0.13313001
0.16696172
0.17924983
0.1921423
0.14385597
0.19032966
0.2086415
0.21658516
0.1512085
0.047484515
0.028830024
0.075392449
0.050811712
0.16134811
0.18703008
0.18797667
0.18039198
0.16612044
0.15448945
0.15642012
0.079828322
0.014665667
0.024322785
0.026999226
0.061800711
0.012550285
0.051813413
0.078773443
0.077846856
0.085168073
0.13167131
0.12389382
0.14609494
0.15159004
0.18600581
0.17000436
0.16036893
0.11333999
0.1014416
0.012548744
0.024897912
0.031953133
0.050631042
0.0095198922
0.055600502
0.08692357
0.075195427
0.079448829
0.1011033
0.11849249
0.12600863
0.14063701
0.18923143
0.18117379
0.15909046
0.12027236
0.10061615
0.0082946634
0.020380292
0.032297274
0.04636078
0.060199305
0.020410474
0.082595661
0.11482671
0.073860885
0.088616498
0.11972928
0.11631574
0.13434471
0.14388451
0.20168893
0.13910488
0.13837833
0.12960512
0.0062642958
0.018477426
0.032520674
0.045378409
0.04439779
0.0179661
0.063729005
0.12749557
0.051363444
0.078984898
0.10732978
0.12369481
0.12228727
0.14948682
0.16390826
0.14420582
0.11216857
0.13667237
0.011484244
0.0066476282
0.033041687
0.04824243
0.044581011
0.044706259
0.043611087
0.12250483
0.15534661
0.064999564
0.084818305
0.11211576
0.10932056
0.12774856
0.14077075
0.14100016
0.11509589
0.1323923
0.010940629
0.017767189
0.029224675
0.048650615
0.044520315
0.046842751
0.070984593
0.14361673
0.15987485
0.052119982
0.064152633
0.081250765
0.091329294
0.1099262
0.13328514
0.1359325
0.13529999
0.15825198
0.021023226
0.027440058
0.022751479
0.04813762
0.042438121
0.045893399
0.050316019
0.12266423
0.14961466
0.1742511
0.058328678
0.071089194
0.08037353
0.092106314
0.11672449
0.13113176
0.13609282
0.17900421
0.19939999
0.020607666
0.023852977
0.025068505
0.037367514
0.042711064
0.046853918
0.052291614
0.042036588
0.12999275
0.16209086
0.060792824
0.075003866
0.093989799
0.1242166
0.14450555
0.15544104
0.14893687
0.20566233
0.22482937
0.031095541
0.020103212
0.024972619
0.041983516
0.046256452
0.051298597
0.059054901
0.040784965
0.14282816
0.17397607
0.066846785
0.081456568
0.11131215
0.12884113
0.14659125
0.14806545
0.19435878
0.24466161
0.23633272
0.056133791
0.065876775
0.028097748
0.11360475
0.077973972
0.086900114
0.088301853
0.029663311
0.061319368
0.024221501
0
0.041646332
0
0.035623879
0.018037014
0.0487184
0.053533366
0.032928131
0.13426484
0.13337673
0.13760628
0.075862604
0.02562129
0.0068658903
0
0.0098254506
0.016610656
0.16935616
0.15693795
0.15285136
0.12627891
0.034649254
0.074804968
0.061729626
0.031388795
0.023712345
0.014046543
0.005782442
0.018416043
0.029891354
0.15165011
0.14936311
0.14098475
0.10688489
0.034797384
0.055351475
0.046191428
0.035783677
0.021747315
0.0075582824
0.013773746
0.033305969
0.13643193
0.12872747
0.13663957
0.11798725
0.088106324
0.049324437
0.050834768
0.050064598
0.045488064
0.040001679
0.024387948
0.011732184
0.031231722
0.054105577
0.15280643
0.11781222
0.1184925
0.10528343
0.097108242
0.06608752
0.048732121
0.074131387
0.050153078
0.046930834
0.037652688
0.023011655
0.018562978
0.034694832
0.056500911
0.12501887
0.11803067
0.10830688
0.11210343
0.087034583
0.069264921
0.073181892
0.065004445
0.059054089
0.043260956
0.036355808
0.023821924
0.033627176
0.045540373
0.085264695
0.11366438
0.11956888
0.10551101
0.11052968
0.082622708
0.072532525
0.11834869
0.057542883
0.04383565
0.031324368
0.023961961
0.034428868
0.045266963
0.079345394
0.10441644
0.10985871
0.1174069
0.10864009
0.078936798
0.08547045
0.12609391
0.069567923
0.048058119
0.037359654
0.03413145
0.027948016
0.039731702
0.064918436
0.079185102
0.11317168
0.12317123
0.1334429
0.13696036
0.087228305
0.086647467
0.16383565
0.14176321
0.11250608
0.13250367
0.12368312
0.13723452
0.17275446
0.093081382
0.067465784
0.04409247
0.034374506
0.028429173
0.042672096
0.064757452
0.077797176
0.10712091
0.10528907
0.11633017
0.12347497
0.17143926
0.08442191
0.095225069
0.14864612
0.14975819
0.11907518
0.11942913
0.11802585
0.084313862
0.13642319
0.12365722
0.10889586
0.12040087
0.12504374
0.085266924
0.13896986
0.11113623
0.11797224
0.11323138
0.12473038
0.083495347
0.14465177
0.12291645
0.1140261
0.11975777
0.12193184
0.12299189
0.09431386
0.17826933
0.1518318
0.11873133
0.14026651
0.13261454
0.14490196
0
0
0
0
0
0
0
0
0
0
0
0.21704461
0.22123651
0.19907647
0.20195637
0.21903155
0.19230675
0.18745105
0.16855114
0.10751018
0.3015925
0.24302221
0.25075716
0.25820221
0.24699348
0.27203131
0.29002128
0.27389162
0.097160004
0.096628765
0.099133134
0.18745553
0.1668508
0.18574823
0.13575895
0.13341232
0.29242251
0.12902826
0.1174591
0.20887137
0.27229181
0.28114364
0.28602801
0.30641859
0.30306552
0.25597484
0.27218169
0.2788451
0.26948738
0.29262556
0.31384885
0.22378605
0.29319696
0.31284452
0.30766859
0.2922875
0.30019517
0.32309098
0.31934511
0.31522217
0.32551547
0.34174581
0.33774428
0.27882935
0.30820892
0.30142596
0.32604345
0.2766444
0.31305725
0.32902471
0.32761608
0.33833531
0.3233544
0.24298435
0.2805462
0.30249626
0.31919574
0.32072872
0.30320614
0.24053054
0.19883935
0.28118468
0.32096168
0.32125557
0.29716053
0.23704649
0.26492796
0.29763258
0.3252107
0.32858364
0.30283035
0.25700972
0.20905824
0.23135764
0.30004285
0.30658705
0.27414563
0.15573771
0.18895284
0.26779435
0.30376499
0.33304781
0.28321361
0.26966884
0.27395663
0.26182594
0.16703169
0.14218165
0.29580667
0.28710658
0.22564946
0.18626109
0.10439796
0.095795183
0.26087493
0.30755807
0.32225706
0.33072232
0.2973965
0.28274786
0.27668695
0.18151505
0.13490679
0.2985095
0.28021132
0.21949796
0.15695248
0.10262935
0.091532545
0.28703896
0.25715551
0.33711905
0.33700043
0.31908995
0.2816864
0.32019601
0.25909958
0.14268831
0.28923061
0.28803948
0.18436617
0.13654512
0.095013843
0.099570781
0.29596893
0.26212639
0.33979171
0.34399683
0.31935397
0.29159456
0.32391002
0.26556732
0.14826927
0.31477886
0.31160661
0.23169941
0.14502813
0.095960787
0.14078117
0.32199741
0.26977936
0.28585114
0.33240102
0.28438472
0.28205631
0.30848354
0.30798443
0.19128469
0.33157403
0.31346831
0.23104706
0.10839568
0.15371555
0.31855242
0.27974791
0.32375994
0.31959986
0.22317466
0.28087425
0.31502646
0.29010343
0.19657802
0.34678963
0.33739067
0.27013078
0.14818475
0.31159073
0.27128758
0.31962597
0.3156711
0.21356255
0.26847624
0.30616842
0.28673442
0.18746478
0.34404767
0.33224128
0.25851839
0
0
0
0
0
0
0
0
0
0
0
0
0
0
0
0
0
0
0
0
0
0
0
0
0
0
0
0
0
0
0
0
0
0
0
0
0
0
0
0
0
0
0
0
0
0
0
0
0
0
0
0
0
0
0
0
0
0
0
0
0
0
0
0
0
0
0
0
0
0
0
0
0
0
0
0
0
0.19396625
0.14602102
0.099411194
0.094421106
0.11770954
0.11304699
0.092405757
0.1007796
0.11372499
0.10536951
0.097060501
0.13723328
0.12318643
0.10660373
0.10605889
0.11317601
0.13366231
0.10873751
0.11248462
0.14101105
0.13672283
0.1159122
0.11040476
0.11507453
0.13830245
0.10817762
0.094973571
0.1067377
0.12350129
0.10284646
0.11338404
0.12067445
0.16063225
0.13570943
0.11403534
0.11474677
0.14093845
0.13765009
0.13570597
0.11997165
0.12225218
0.16702596
0.14183861
0.13281193
0.11857713
0.11659543
0.14741007
0.14758415
0.16521928
0.1354923
0.12894419
0.11792247
0.089083409
0.12879773
0.16495981
0.12350497
0.20633739
0.1029467
0.10914108
0.12494445
0.10785741
0.2240697
0.25649367
0.27021134
0.26088354
0.28358327
0.2762159
0.24541386
0.27078066
0.27345108
0.28332421
0.27093362
0.3045133
0.3030921
0.21547372
0.23433885
0.28104561
0.20535251
0.22850317
0.23458252
0.16649233
0.19760778
0.19572005
0.21216351
0.18688046
0.2239368
0.19213089
0.14956959
0.17267042
0.1432514
0.14483181
0.12767349
0.1055212
0.10417127
0.072359457
0.087313577
0.32201975
0.27882287
0.25882795
0.27037446
0.26263526
0.22055983
0.16269907
0.15114767
0.16175448
0.091514884
0.23764229
0.24950715
0.24354209
0.22150855
0.2382289
0.11470264
0.13956853
0.1398838
0.076618766
0.22057621
0.23025682
0.18259297
0.17529766
0.10269056
0.13441253
0.13684419
0.13184729
0.071554211
0.16872167
0.14844498
0.13108043
0.1169992
0.15045009
0.15915742
0.13936237
0.17823262
0.14491484
0.1555871
0.13821109
0.12516823
0.12101944
0.16509736
0.1924002
0.16116482
0.19058695
0.16386908
0.17012917
0.13992385
0.12514228
0.16397293
0.19909741
0.17725408
0.17099564
0.20557712
0.14709147
0.12510566
0.1519749
0.16742591
0.23061089
0.21042118
0.19223469
0.20328273
0.03518287
0.028474453
0.036770441
0.0495749
0.042382586
0.038579169
0.030140227
0.080185039
0.083411681
0.10243863
0.10612987
0.097715389
0.14264594
0.10707606
0.17158204
0.15850748
0.18446114
0.14765719
0.20200274
0.20863371
0.17643879
0.23020636
0.23665414
0.17940135
0.058312821
0.065006589
0.084013857
0.089145356
0.19650448
0.19079225
0.18715997
0.1749751
0.16249373
0.16664559
0.11342137
0.024971468
0.037327589
0.044689878
0.066885021
0.019983623
0.068411302
0.099485576
0.092203169
0.09786402
0.12375553
0.14207555
0.15381165
0.17007277
0.21659618
0.19975613
0.18473102
0.1409816
0.11302363
0.018093267
0.032062277
0.043626358
0.058306749
0.073020564
0.034305903
0.096416709
0.12963864
0.090081123
0.10869059
0.14535602
0.14282424
0.16853933
0.17538559
0.22644243
0.15072023
0.15797057
0.14283676
0.014433269
0.02918474
0.040920365
0.053544139
0.051172635
0.031027515
0.080397041
0.144414
0.062099256
0.098257307
0.13310577
0.14960287
0.14923827
0.18134793
0.19124413
0.15475449
0.11972514
0.15172062
0.017704594
0.014537557
0.042902746
0.056419852
0.050788944
0.048230835
0.055116611
0.13649493
0.17281361
0.07700317
0.10398265
0.13958637
0.13175796
0.15592098
0.16426272
0.15313055
0.117874
0.13739973
0.014116567
0.022058247
0.035606316
0.056817128
0.049120319
0.050313492
0.081357034
0.15791169
0.17633556
0.055627282
0.072856255
0.095079438
0.10401746
0.12431784
0.14780636
0.14230034
0.13722547
0.16148976
0.022793565
0.031592951
0.028175434
0.057961271
0.047019916
0.049560561
0.05291868
0.13189566
0.16142324
0.1909984
0.063870409
0.081042429
0.090499119
0.10335327
0.12893318
0.13894312
0.13793088
0.18108902
0.20155192
0.023587742
0.025026328
0.026832227
0.04314239
0.046560608
0.048875667
0.053628144
0.045138189
0.13605567
0.17279997
0.063589638
0.081305616
0.10294969
0.13729194
0.1567878
0.16293816
0.1510318
0.20709991
0.22643014
0.035788288
0.020718567
0.026468644
0.046108826
0.048544494
0.052609042
0.061441935
0.042425525
0.14960676
0.1864937
0.071531241
0.089278959
0.12489648
0.1408436
0.15608704
0.15227096
0.19698582
0.24650608
0.23821115
0.034364468
0.020222993
0.020114209
0.047773761
0.056464071
0.060971242
0.074173038
0.024653271
0.10556263
0.14722434
0.091160841
0.098692871
0.12759308
0.16098114
0.16069673
0.15725636
0.20304108
0.25510459
0.24673805
0.076966685
0.080089219
0.039427706
0.11886567
0.090800679
0.093202867
0.079011183
0.063439324
0.0991355
0.03298856
0.06459116
0.013545349
0.051647043
0.043744676
0.047871634
0
0.043730692
0.040049654
0.054641313
0.026454356
0.057269371
0.06613077
0.078096866
0.030678592
0.14281187
0.15669053
0.14236969
0.090433042
0.07798869
0.036135723
0.024404482
0.0089460545
0.0090424431
0.034662938
0.038323694
0.17569149
0.16724276
0.1568856
0.12246523
0.039956675
0.064118905
0.050691653
0.034255653
0.017636836
0.0089325704
0.021857402
0.041207636
0.15576068
0.14547941
0.15306657
0.13353951
0.10175838
0.055033289
0.055410175
0.053229893
0.046563673
0.040076305
0.021579372
0.012994725
0.037465764
0.064683722
0.16598218
0.12991409
0.13152333
0.11974272
0.11081348
0.055323743
0.082022833
0.051986678
0.048215874
0.037574728
0.021144152
0.020189934
0.040651996
0.070046157
0.13313849
0.12469736
0.11729085
0.12367582
0.098548688
0.074074819
0.08200137
0.071027616
0.063625204
0.043952076
0.036978825
0.023375807
0.040072102
0.055332374
0.10262059
0.11778331
0.12705403
0.11306951
0.12011718
0.088899338
0.084017952
0.12741114
0.061838385
0.04528066
0.032344254
0.024772794
0.041212285
0.055689599
0.096539812
0.10651014
0.11377232
0.12489956
0.11547223
0.087679435
0.1000749
0.13697179
0.077412051
0.050785722
0.038848726
0.036762485
0.029620899
0.047718067
0.08029661
0.097450574
0.11569448
0.12761654
0.1410568
0.14741017
0.10448025
0.18320124
0.10119652
0.072102101
0.046069424
0.036310222
0.029470053
0.050688259
0.076192098
0.090187575
0.10723327
0.11944851
0.12928796
0.18034145
0.096265182
0.18463672
0.16397215
0.095508513
0.11946799
0.13793455
0.15630663
0.14570398
0.17391309
0.15189985
0.086339962
0.051827256
0.050006028
0.038277022
0.032312413
0.049969535
0.072351399
0.081301039
0.14823059
0.12406074
0.1349325
0.1539662
0.1689934
0.089940275
0.089298691
0.16988225
0.14358986
0.11999908
0.1328239
0.13735066
0.090781188
0.15833919
0.12100506
0.12717056
0.12228546
0.13439049
0.08984449
0.16506242
0.1356718
0.12323963
0.12858585
0.12875322
0.13119133
0.10363815
0.19391186
0.16272278
0.12585287
0.14998615
0.1431573
0.15362743
0.19960313
0.17829086
0.10243018
0.12571001
0.145581
0.16839587
0.15512808
0
0
0
0
0
0
0
0
0
0
0
0
0.22544777
0.23277248
0.20683713
0.21101431
0.20899341
0.18752081
0.1282189
0.31191426
0.26181012
0.26690979
0.27202784
0.26020441
0.29224232
0.3019686
0.30698775
0.3138371
0.30586906
0.12067355
0.1099003
0.1167867
0.10623273
0.22042373
0.28300487
0.22947593
0.22003146
0.30916132
0.16252595
0.3085983
0.13661938
0.33062242
0.14567299
0.14592809
0.24602759
0.29804202
0.30476705
0.32339806
0.33242001
0.32898391
0.30929821
0.31567566
0.28224873
0.2954403
0.31028365
0.26132013
0.29963364
0.33058338
0.22345882
0.32928681
0.34283184
0.32496181
0.33621006
0.34305322
0.3519683
0.34370269
0.32118148
0.34067021
0.32308751
0.33570138
0.34843371
0.32426458
0.25710356
0.28875166
0.32365741
0.34229167
0.34005725
0.32196767
0.27771971
0.23217112
0.27347262
0.32516168
0.33018107
0.30592134
0.177733
0.21641383
0.29986205
0.3271862
0.34874809
0.30265119
0.28431209
0.29463075
0.27515998
0.18532795
0.17291426
0.31881541
0.31446537
0.2628701
0.11433117
0.10779953
0.29001497
0.3262833
0.33685985
0.34381184
0.31431219
0.29886747
0.29265149
0.19574698
0.1516976
0.32084721
0.3025613
0.25859314
0.1922115
0.10737397
0.099173908
0.30461539
0.28398666
0.35033735
0.34992572
0.33853032
0.30000638
0.33300527
0.27152186
0.15229691
0.30713019
0.3086321
0.21817124
0.16255491
0.097362002
0.10617395
0.31004792
0.27952072
0.35116661
0.35364649
0.34051353
0.31187598
0.33695937
0.28038443
0.15548372
0.3240868
0.32194931
0.24814771
0.16120009
0.097778047
0.1482988
0.33208222
0.28341115
0.2946421
0.33940607
0.29808334
0.3003632
0.32103476
0.31297592
0.19903392
0.33807675
0.32355474
0.25202289
0.10948145
0.1586985
0.3269107
0.28886184
0.32803867
0.32445464
0.2320553
0.29372252
0.3239219
0.29391047
0.2041221
0.35021644
0.3429633
0.2825624
0.15054964
0.17045012
0.29461714
0.28780782
0.35337092
0.27180865
0.22864707
0.22582459
0.31308414
0.27601049
0.23404608
0.19649731
0.35601246
0.33210594
0.1623987
0.28832115
0.28439087
0.3503759
0.26897974
0.21606825
0.2140035
0.30396869
0.27132627
0.22607938
0.18530436
0.35366641
0.32699402
0
0
0
0
0
0
0
0
0
0
0
0
0
0
0
0
0
0
0
0
0
0
0
0
0
0
0
0
0
0
0
0
0
0
0
0
0
0
0
0
0
0
0
0
0
0
0
0
0
0
0
0
0
0
0
0
0
0
0
0
0
0
0
0
0
0
0
0
0
0
0
0
0
0
0
0
0
0
0.18090999
0.11440474
0.1485981
0.13378962
0.11750427
0.11593844
0.12273392
0.14767418
0.115153
0.12163008
0.15312106
0.14959925
0.12730928
0.1224613
0.12514699
0.15237083
0.1291926
0.17481009
0.14847548
0.12756957
0.12481057
0.15413247
0.14968918
0.13319149
0.11183529
0.12217276
0.14228498
0.12730719
0.13051567
0.18112899
0.15187532
0.14771883
0.12981917
0.12499428
0.15729679
0.15640967
0.17063631
0.1410463
0.13555031
0.18078744
0.15594206
0.13916816
0.12377043
0.15997067
0.16859162
0.1449335
0.18128558
0.14913318
0.12837184
0.12530618
0.1592642
0.18977533
0.14671336
0.1378711
0.23087163
0.1277101
0.13551928
0.28334367
0.16290421
0.27210326
0.28770939
0.29709067
0.27342334
0.29789183
0.28605786
0.28964484
0.28781593
0.30088239
0.30536552
0.31635465
0.32330316
0.24643767
0.27800744
0.31105872
0.29333796
0.2017817
0.24353809
0.2462317
0.24755963
0.20702643
0.2192496
0.17773144
0.18026727
0.23902746
0.2403733
0.20221706
0.16422008
0.15113557
0.10514005
0.12488824
0.11165867
0.087896641
0.32725131
0.27199136
0.27805048
0.27619819
0.25977316
0.26941514
0.13124745
0.16553052
0.16599154
0.084066964
0.25255868
0.26257533
0.22148319
0.20636706
0.11438868
0.15626688
0.16383982
0.15271972
0.07925993
0.22940473
0.22078227
0.21322874
0.17370651
0.096719774
0.13776466
0.15258789
0.15656844
0.080829159
0.16383438
0.1458672
0.13158233
0.12636318
0.17230732
0.19997929
0.16508065
0.19351104
0.16691826
0.17954682
0.14590833
0.12988201
0.17258414
0.20998852
0.18279201
0.17482569
0.20765626
0.15541446
0.13056045
0.16099056
0.17399243
0.23783184
0.21513604
0.19534242
0.2059149
0.16735444
0.14360408
0.17859228
0.23700767
0.22561448
0.20604757
0.21550612
0.046275551
0.03933879
0.052028114
0.050452171
0.078961961
0.060658249
0.034702347
0.097427357
0.11213717
0.088571184
0.10812324
0.12535432
0.13520518
0.1140346
0.16945098
0.17534959
0.12168883
0.19432253
0.17170129
0.20290995
0.14839772
0.20301038
0.19438411
0.21344474
0.16701581
0.21546164
0.23486567
0.2476301
0.18277132
0.19981858
0.081913208
0.11035004
0.21325948
0.20078996
0.20053595
0.18652989
0.17863006
0.17576915
0.12628823
0.030584671
0.04516036
0.057144788
0.074526155
0.089809294
0.050227166
0.10947072
0.14265187
0.11177011
0.1324019
0.1715372
0.17249899
0.20104083
0.20752584
0.25336465
0.16850755
0.1867152
0.15665277
0.02622874
0.042598434
0.052740678
0.065431278
0.06235193
0.046658302
0.097222862
0.1601747
0.079194923
0.12204444
0.16100105
0.17803748
0.18330036
0.21260893
0.21838268
0.17042864
0.13085928
0.1679856
0.02739781
0.026854135
0.055179772
0.066732006
0.060267676
0.05435189
0.070563552
0.15191537
0.19015169
0.094548895
0.12810632
0.16798939
0.16094441
0.19172688
0.19522596
0.16940726
0.12163221
0.14356602
0.019815163
0.028737028
0.044951552
0.066211233
0.056025537
0.056018869
0.094641524
0.17372364
0.19474581
0.062440598
0.088144992
0.11771806
0.12461236
0.14806681
0.1728906
0.15140251
0.13999764
0.16564705
0.025805905
0.037308418
0.035866372
0.069677169
0.053749863
0.055708264
0.057492157
0.14277108
0.17536016
0.21029999
0.074560046
0.099246178
0.10742008
0.12242416
0.14857127
0.14932385
0.14043915
0.18380761
0.20439564
0.027291288
0.026620483
0.029203507
0.051480908
0.052160808
0.051963992
0.055767862
0.049232572
0.14231299
0.18819068
0.068163852
0.091286716
0.11547273
0.15370619
0.17267196
0.17218557
0.15435994
0.20922201
0.22857579
0.041253553
0.02172319
0.028853533
0.051499698
0.05193211
0.054694813
0.065194008
0.04439201
0.15799086
0.20024003
0.078211738
0.099920081
0.14131125
0.155218
0.1677823
0.15693259
0.19987634
0.24833459
0.24028026
0.038644514
0.020981623
0.02071804
0.050437651
0.059279287
0.063486876
0.078124016
0.024885905
0.11128707
0.15779167
0.097668969
0.10618195
0.1393909
0.17495485
0.17009611
0.16293878
0.20817913
0.25839764
0.24954932
0.053087068
0.036382664
0.02246217
0.020393871
0.058930945
0.060857375
0.07322533
0.089785775
0.047199422
0.12908728
0.17594133
0.099039826
0.11040035
0.1651978
0.16728033
0.15963857
0.19843232
0.2607445
0.27987804
0.24963127
0.097076018
0.10692026
0.048897491
0.12841921
0.10976534
0.10556854
0.10096149
0.048627646
0.072105425
0.0073596166
0.035944321
0.055059851
0.01800151
0.062671738
0.067215562
0.057570455
0.066868146
0.087378985
0.092408911
0.055020807
0.16307274
0.14206584
0.078523644
0.061590418
0.034493055
0.015241411
0.015468547
0.038485114
0.054804035
0.18002145
0.16703779
0.17176453
0.15066779
0.11830058
0.063062113
0.06435924
0.059731495
0.049882948
0.041444289
0.020007765
0.017671531
0.048430534
0.077669437
0.18382585
0.14596025
0.14735358
0.13560157
0.12643356
0.063663198
0.094233303
0.056382316
0.051215221
0.039061144
0.021334967
0.024312649
0.049184639
0.085726176
0.1455329
0.13484356
0.13039618
0.13862158
0.11412412
0.092834455
0.082361595
0.070856238
0.04578008
0.039159346
0.025356126
0.048502423
0.067888994
0.12091728
0.1236602
0.13764677
0.12505396
0.13376686
0.096811487
0.098578821
0.13963772
0.068604234
0.047725292
0.035351826
0.028367278
0.051243132
0.071285498
0.11619729
0.10971891
0.11879614
0.13518823
0.12563051
0.098892395
0.11842402
0.14954235
0.0870091
0.054744924
0.040678975
0.041164588
0.033743872
0.060341428
0.10055719
0.12205425
0.11899558
0.13313321
0.14941352
0.15905436
0.12772746
0.19300287
0.11051444
0.07744909
0.048996413
0.039723489
0.032720611
0.063360238
0.093496802
0.10924831
0.10937117
0.12310924
0.13586255
0.18894186
0.11144074
0.18364098
0.1639573
0.093738441
0.053795587
0.05364268
0.040529533
0.03514018
0.06231863
0.086880784
0.092058417
0.12875327
0.14092511
0.16073848
0.17754333
0.09942092
0.21590174
0.19178096
0.099605578
0.12663425
0.15458184
0.16792102
0.15297341
0.20800202
0.22792337
0.11898257
0.06355579
0.064374022
0.046139356
0.037063039
0.082067686
0.10451158
0.098215767
0.13406638
0.12487892
0.13035089
0.14553127
0.19482888
0.098799992
0.19126772
0.13952113
0.14110944
0.13912658
0.14967958
0.098906279
0.19690373
0.15722888
0.13540191
0.14205201
0.13937491
0.14364269
0.11589367
0.21326168
0.1765808
0.13329507
0.16140353
0.15629575
0.16369133
0.21448147
0.19448155
0.1107648
0.13366996
0.15514074
0.18077522
0.16607684
0.22696666
0.20451254
0.10588725
0.13463216
0.16597299
0.17956404
0.16263012
0
0
0
0
0
0
0
0
0
0
0
0.24375223
0.22998935
0.22944495
0.2116602
0.13661633
0.27978729
0.2766325
0.29256637
0.27644625
0.31819051
0.32595706
0.3117875
0.14621137
0.12303052
0.13263713
0.13300972
0.19330417
0.30432359
0.18553849
0.28379343
0.32741487
0.1840459
0.32504884
0.16159508
0.34230924
0.1656313
0.1681944
0.23724804
0.33873125
0.33583446
0.3520542
0.35498981
0.34844044
0.31933994
0.32097829
0.34002075
0.32712124
0.34462243
0.29717532
0.31760963
0.35029886
0.33585794
0.36881201
0.26297319
0.35898363
0.34602009
0.34884888
0.34363227
0.36574344
0.34798203
0.35699352
0.36125856
0.37149654
0.3519037
0.33764858
0.35211103
0.35430511
0.36306609
0.32008805
0.34826814
0.35884783
0.35337156
0.33425895
0.20784603
0.2513
0.32766675
0.34971366
0.36131723
0.32291242
0.30128314
0.31674214
0.29130601
0.21279542
0.21773711
0.33976375
0.33750873
0.29726841
0.13004448
0.12687055
0.31873556
0.34738108
0.35280764
0.35773206
0.33159649
0.31694639
0.31025256
0.21744932
0.17759873
0.34077403
0.32507157
0.29556102
0.11400778
0.10830878
0.32597393
0.31173775
0.36531773
0.36410437
0.35674998
0.32023757
0.34835021
0.28679375
0.1670869
0.32731649
0.32840764
0.25462046
0.20402209
0.10072849
0.11337302
0.32833418
0.30186837
0.36508622
0.36581834
0.35999048
0.33397723
0.35198179
0.29845732
0.16465337
0.33698868
0.3358395
0.2690704
0.18730367
0.10029659
0.15587207
0.34461559
0.30191814
0.30784967
0.34821115
0.31589961
0.32259927
0.33662811
0.31981763
0.20862949
0.34668564
0.33512194
0.27744127
0.11154256
0.16724387
0.33742559
0.30113467
0.33334905
0.33075134
0.24208384
0.3083911
0.33467126
0.29839374
0.21405421
0.35433456
0.35001401
0.29858934
0.15427094
0.17753373
0.30159349
0.29351508
0.3567035
0.27614801
0.24120692
0.23531678
0.32226386
0.2803784
0.2431294
0.20514634
0.35881528
0.33696724
0.13852386
0.1598104
0.2725716
0.32424065
0.36351876
0.25128748
0.25993071
0.24701153
0.25958901
0.23496253
0.23486647
0.20957204
0.35904224
0.32497146
0.15265832
0.26789702
0.31740204
0.36144972
0.2449691
0.24641001
0.23487603
0.24861964
0.23140623
0.22849435
0.19914469
0.35730423
0.32100605
0
0
0
0
0
0
0
0
0
0
0
0
0
0
0
0
0
0
0
0
0
0
0
0
0
0
0
0
0
0
0
0
0
0
0
0
0
0
0
0
0
0
0
0
0
0
0
0
0
0
0
0
0
0
0
0
0
0
0
0
0
0
0
0
0
0
0
0
0
0
0
0
0
0
0
0
0
0
0.12474933
0.16546119
0.16808376
0.14065058
0.13648089
0.13844345
0.17014666
0.140459
0.18940022
0.16153277
0.14393611
0.13838227
0.17429533
0.16522717
0.19660424
0.16600451
0.1685964
0.14540545
0.13829896
0.17348995
0.16981196
0.15169723
0.13646751
0.1403828
0.17824607
0.14824703
0.14409142
0.19443653
0.16729812
0.15229512
0.1353875
0.17503272
0.18260217
0.15248226
0.18560592
0.15448522
0.17468523
0.15710066
0.14163199
0.13506824
0.18290612
0.21040007
0.17041592
0.19728297
0.1708119
0.13861059
0.17634588
0.20370588
0.16198726
0.15414022
0.15623508
0.18788134
0.30830897
0.29910945
0.32379319
0.3072548
0.29087692
0.31111882
0.31148667
0.3062398
0.30581823
0.33074714
0.30483195
0.33874782
0.26667276
0.28357746
0.32553817
0.30127497
0.30170606
0.27318844
0.19962058
0.22423534
0.19453477
0.1554146
0.24254074
0.19976915
0.25311092
0.26935625
0.29645812
0.19898893
0.17507517
0.13582736
0.175829
0.13397268
0.093990604
0.28222081
0.29284031
0.26013741
0.24250778
0.13230429
0.18413825
0.19702244
0.18225829
0.089311993
0.26419381
0.25837923
0.25272978
0.21026824
0.10810916
0.16219302
0.18077794
0.18408037
0.090214091
0.24592368
0.23161681
0.17108859
0.10715901
0.1111764
0.16236648
0.16980329
0.17276373
0.19139175
0.15288175
0.13574097
0.1828445
0.22189931
0.18869683
0.17880633
0.21022652
0.16436106
0.13643947
0.17043051
0.18137136
0.24546055
0.21969246
0.1983314
0.20871688
0.17819608
0.15062576
0.18603464
0.24860368
0.2328849
0.21151798
0.21906027
0.15913097
0.14710074
0.24066184
0.25020019
0.2509622
0.24154515
0.22343219
0.054377359
0.047128631
0.058358905
0.059111455
0.070971047
0.087368603
0.094728605
0.069449879
0.11927961
0.11246288
0.14271814
0.14872358
0.1405732
0.18448181
0.15989684
0.2113126
0.19836224
0.22668597
0.23702538
0.20175869
0.25958001
0.26426422
0.23101436
0.099920758
0.12134479
0.14539295
0.15263835
0.22830048
0.20747753
0.20829728
0.19414381
0.19441887
0.18767259
0.20411813
0.17107126
0.1696921
0.04148718
0.057194827
0.067345292
0.081088524
0.07888776
0.06484454
0.11370118
0.17245967
0.1024095
0.14995053
0.18994551
0.20790128
0.21809831
0.24142048
0.24685714
0.19409029
0.14955886
0.18348001
0.04090851
0.042605298
0.068977635
0.079794742
0.075206585
0.06557455
0.089205976
0.1667808
0.2052876
0.11915745
0.15663919
0.19722835
0.19300205
0.22588844
0.22528592
0.19240853
0.12686808
0.15149199
0.029977244
0.038820275
0.058011224
0.077239704
0.06707928
0.065976316
0.11080909
0.18865387
0.21214728
0.077493357
0.11386172
0.14833575
0.1542098
0.18209266
0.20656195
0.16422806
0.14394475
0.1709234
0.031457553
0.045268696
0.046384333
0.083249702
0.06328538
0.06540761
0.065176423
0.15466919
0.19073702
0.22999884
0.09263809
0.12801443
0.13522232
0.15296417
0.18044337
0.16489684
0.14413353
0.18762138
0.20844562
0.03275805
0.029057961
0.033262423
0.063283668
0.060439261
0.057038398
0.059594782
0.05544694
0.15034983
0.20779824
0.076813686
0.10906482
0.13529335
0.17626737
0.1950521
0.18374566
0.15865019
0.21216524
0.23159567
0.048076619
0.022946462
0.032220076
0.059561948
0.057180391
0.058137315
0.071654498
0.047163961
0.16814224
0.21789822
0.089105212
0.11620284
0.16426022
0.17545013
0.18330302
0.16264618
0.20408774
0.25117309
0.24299337
0.044107382
0.022338054
0.021631758
0.053833156
0.06284348
0.066941909
0.083448628
0.025251486
0.11753825
0.16953972
0.10605893
0.11545837
0.15160444
0.1900664
0.18105854
0.16867985
0.21458659
0.26234911
0.25295278
0.059498927
0.037472679
0.023189652
0.020670002
0.063198498
0.064856581
0.078715961
0.098222642
0.049575745
0.13765975
0.18975505
0.1073157
0.12020057
0.18119712
0.1793581
0.16656358
0.20647623
0.26653632
0.28463529
0.25333734
0.072702088
0.037405289
0.030318286
0.037136359
0.079968937
0.072150915
0.077812057
0.10950539
0.056387689
0.11467039
0.16068386
0.12078865
0.12665341
0.18647728
0.21202151
0.22001897
0.20364178
0.27186917
0.29914014
0.2496844
0.11785947
0.12076473
0.074357395
0.13541297
0.11690802
0.11368653
0.15069976
0.10112441
0.12100744
0.083583661
0.069586019
0.084502915
0.072273852
0.017520345
0.099345339
0.039695421
0.061895836
0.063206506
0.068515151
0.030762839
0.071947323
0.081915858
0.092986069
0.063669034
0.1015511
0.11155125
0.076336338
0.17129978
0.17475222
0.13907337
0.078711053
0.071851996
0.058216946
0.045683361
0.021287244
0.030430362
0.066400541
0.094678252
0.2072445
0.16675053
0.16652141
0.15297448
0.14353972
0.074532475
0.10996974
0.065251854
0.057570746
0.04372603
0.024064804
0.033243914
0.062433859
0.10490448
0.16310147
0.14977695
0.14618134
0.15454122
0.13153458
0.10548592
0.10059148
0.082107611
0.050319015
0.044870056
0.030024431
0.060640674
0.083279099
0.13964473
0.13220771
0.15137205
0.14122633
0.1506639
0.11505954
0.1559316
0.079915224
0.052457763
0.041637555
0.034608313
0.064220915
0.089810756
0.13719679
0.11453049
0.12547131
0.14972808
0.14128006
0.11241396
0.13847879
0.16581316
0.10130346
0.0613955
0.043726108
0.049575896
0.041806892
0.077814412
0.12319813
0.1494573
0.12307894
0.13933174
0.16040644
0.17398882
0.15426787
0.20378703
0.11961035
0.082621693
0.052545861
0.045197245
0.039235209
0.081656027
0.11645306
0.13481631
0.11220942
0.12778708
0.14377642
0.19729981
0.13135075
0.19312157
0.17482807
0.10302526
0.056884362
0.058053449
0.04411028
0.040833603
0.082247975
0.11320925
0.10677243
0.13403649
0.14835883
0.1668032
0.18584617
0.11163657
0.21602488
0.23372895
0.12378688
0.066030009
0.071825453
0.053871327
0.04211697
0.09879928
0.12789306
0.11435045
0.13026761
0.13675223
0.15247738
0.20305667
0.30412137
0.21530624
0.099923659
0.10535088
0.1326778
0.15871984
0.17780856
0.15284801
0.21022807
0.23394108
0.15673019
0.10178898
0.070112654
0.069368396
0.054441776
0.042459003
0.089343074
0.10874786
0.14989118
0.14646131
0.16501452
0.18660674
0.11186324
0.23611874
0.19376985
0.15268702
0.16297589
0.15789425
0.1632143
0.1316768
0.23943895
0.197805
0.14325708
0.17834347
0.17629805
0.17792655
0.23487078
0.21488179
0.11981904
0.14294481
0.1665731
0.1938178
0.17857488
0.23767448
0.21671895
0.11463475
0.1450585
0.18089594
0.19131338
0.17495766
0.31072492
0.22765028
0.11180886
0.11163129
0.13992385
0.16808414
0.18834578
0.16024217
0
0
0
0
0
0
0
0
0
0
0
0
0.25085895
0.23863905
0.28737537
0.29824596
0.29559501
0.24616922
0.33450478
0.3284256
0.34439527
0.334222
0.29412255
0.16520408
0.14773473
0.1517921
0.15357671
0.22659833
0.32630399
0.14616957
0.18032119
0.28212812
0.34622073
0.23312333
0.35049518
0.18651987
0.36383403
0.18295409
0.19868217
0.27105322
0.3467255
0.36371825
0.36850855
0.3670389
0.36987178
0.35477169
0.33637117
0.35915956
0.34182188
0.33548187
0.35921087
0.31795563
0.3381667
0.3549401
0.37936603
0.24469
0.30765209
0.36973117
0.37799496
0.35131196
0.37338792
0.35901273
0.37827158
0.3586227
0.36563343
0.37310001
0.27624745
0.36264393
0.36201483
0.36979791
0.32677211
0.15632278
0.16002504
0.34333404
0.36770278
0.36768946
0.37076418
0.34842887
0.33600384
0.32850727
0.24764712
0.21664358
0.35833615
0.34519457
0.3264166
0.12460791
0.12078774
0.34910593
0.33641783
0.38032536
0.37706499
0.37278379
0.34009689
0.36423419
0.30462085
0.18943045
0.34614695
0.34793034
0.28904493
0.10545667
0.12222585
0.34865015
0.32572716
0.38001344
0.37950494
0.37636859
0.35500658
0.36736636
0.31877399
0.17722005
0.3510765
0.35175017
0.2930331
0.22536083
0.10413063
0.16506963
0.35999424
0.32419234
0.32378985
0.35953465
0.3354857
0.34468457
0.35313722
0.32945595
0.22175821
0.35747868
0.34697757
0.30193391
0.11468728
0.17657127
0.35052227
0.31861872
0.3412658
0.33857051
0.25516442
0.32517978
0.34753113
0.30341799
0.22633165
0.36051148
0.35970641
0.31860532
0.15883179
0.1869934
0.31084824
0.3030399
0.36038593
0.2797641
0.25385389
0.24588389
0.33356421
0.28548814
0.24261427
0.21642581
0.36244792
0.34360818
0.14373733
0.16791429
0.27671598
0.32972186
0.36600896
0.25798628
0.2711357
0.25667415
0.26980582
0.24077542
0.24363015
0.21783332
0.36106337
0.32892041
0.1780222
0.28798431
0.34978629
0.36254722
0.26426333
0.25249666
0.25706748
0.22256779
0.23538402
0.1888443
0.19508308
0.29267474
0.20539322
0.35186708
0.16877604
0.28572394
0.34757063
0.36144494
0.25523473
0.23864193
0.24532081
0.21062984
0.22734699
0.18671388
0.19964356
0.29126739
0.19354181
0.35007685
0
0
0
0
0
0
0
0
0
0
0
0
0
0
0
0
0
0
0
0
0
0
0
0
0
0
0
0
0
0
0
0
0
0
0
0
0
0
0
0
0
0
0
0
0
0
0
0
0
0
0
0
0
0
0
0
0
0
0
0
0
0
0
0
0
0
0
0
0
0
0
0
0
0
0
0
0
0.20108122
0.17760074
0.16469285
0.15570925
0.1972671
0.18226811
0.21165926
0.18291597
0.1955301
0.16539033
0.15633657
0.19685877
0.18689403
0.20909327
0.18402467
0.17300099
0.15372232
0.19914139
0.20345918
0.16280298
0.18923724
0.15771835
0.15478178
0.19201556
0.16149708
0.18922003
0.17476691
0.15843685
0.15053341
0.20001018
0.22587218
0.17820944
0.20244951
0.17612421
0.20748898
0.16316628
0.14468395
0.19702838
0.23802275
0.19600446
0.18362331
0.21379625
0.18064777
0.21046603
0.20316726
0.19079059
0.17666075
0.31657035
0.21759732
0.34362731
0.32111205
0.33663686
0.32265044
0.32910856
0.32528791
0.33632756
0.311084
0.34169518
0.34948668
0.29730485
0.3504741
0.33332637
0.35966094
0.30112803
0.28693743
0.283705
0.21623564
0.20510819
0.15882839
0.25776083
0.26812187
0.22128126
0.27046655
0.30847939
0.23173461
0.21893516
0.1750275
0.14334487
0.15995312
0.10327156
0.2944367
0.29230002
0.28576068
0.24710264
0.12431161
0.19211431
0.21638675
0.21899213
0.10261893
0.28033235
0.2693787
0.213337
0.12076414
0.12920854
0.18890265
0.20960714
0.20392282
0.26371165
0.27138941
0.23672946
0.12806479
0.13012498
0.17671443
0.19420419
0.18921187
0.19342703
0.17489963
0.14359149
0.18117671
0.19050776
0.25410284
0.22503562
0.20201744
0.21225152
0.18897876
0.1573101
0.19431253
0.26021354
0.24026502
0.21677676
0.22299863
0.16803833
0.15584893
0.2534533
0.2595515
0.25794931
0.24750053
0.22874284
0.15223594
0.16785962
0.23095472
0.25840193
0.25438856
0.25797246
0.06130131
0.069577104
0.071209027
0.082249469
0.082974539
0.12617927
0.10020043
0.087493053
0.14229291
0.14688626
0.10197275
0.18033352
0.13473923
0.21433104
0.2197633
0.18306562
0.21814226
0.23611775
0.25021799
0.22148357
0.26260058
0.27382799
0.23791251
0.25141026
0.13422218
0.12869476
0.18084286
0.24257251
0.23628427
0.22456749
0.19247298
0.24488955
0.1944243
0.21429235
0.17405391
0.19622275
0.058175376
0.061849525
0.083473053
0.095381635
0.096226642
0.084044586
0.11045588
0.17908139
0.21680168
0.14969702
0.18815538
0.22758898
0.22678537
0.25780846
0.25278487
0.22429928
0.13441429
0.1625673
0.046388174
0.053822909
0.074289331
0.090961305
0.08457021
0.083001693
0.12967133
0.20114373
0.22701695
0.10300793
0.14856769
0.18409005
0.19029214
0.219894
0.23814044
0.1814824
0.14958909
0.17763462
0.04225714
0.056707049
0.061593312
0.098541628
0.077358105
0.080401195
0.078364314
0.16713938
0.20626678
0.24839784
0.11891484
0.16431176
0.1730948
0.19409921
0.22152416
0.18693765
0.14939211
0.19292661
0.21423065
0.040765727
0.033560836
0.039882162
0.079028663
0.071789986
0.065080092
0.066600409
0.065358178
0.16142727
0.23018931
0.092821959
0.13766821
0.16437159
0.2044994
0.22422686
0.19985259
0.16480733
0.21663096
0.2359732
0.05747197
0.024805002
0.037275518
0.071332085
0.065917047
0.064298289
0.084088917
0.052013059
0.18104142
0.23989839
0.10892253
0.14242473
0.19618589
0.20575288
0.20456591
0.16977474
0.20941352
0.25532282
0.24680921
0.049822423
0.024251886
0.023192517
0.058398385
0.068235518
0.071949851
0.090982519
0.026111511
0.12436824
0.18552792
0.11730094
0.1271929
0.1663333
0.20837285
0.19501656
0.17677907
0.22242231
0.26658693
0.25745111
0.066876674
0.03932391
0.024595606
0.021366697
0.068908279
0.070285735
0.086056713
0.10955152
0.052959152
0.1467415
0.20349444
0.11795878
0.13163771
0.1985968
0.19279108
0.17385133
0.21589622
0.27307612
0.28968086
0.2576779
0.080106709
0.038102983
0.03141853
0.038153038
0.089507177
0.076608429
0.081927446
0.11879116
0.057958736
0.12228382
0.17189822
0.1316946
0.13721024
0.19942526
0.2261379
0.2307181
0.21012592
0.27898179
0.30395523
0.25506952
0.06546206
0.095987865
0.052232833
0.039734065
0.044781674
0.075276574
0.074628701
0.093113226
0.1178834
0.081238643
0.14175665
0.16623009
0.12742709
0.14871113
0.24449635
0.24330667
0.19767588
0.27351006
0.3114057
0.32151199
0.2231481
0.14481543
0.11227878
0.089284427
0.16236485
0.17467098
0.099289542
0.13585089
0.14814873
0.093710714
0.074835949
0.081294077
0.029217019
0.11003263
0.11106827
0.055680426
0.078816491
0.055758364
0.086836802
0.10411205
0.11109938
0.093265113
0.12261648
0.13580777
0.11647365
0.18878134
0.18191838
0.16428824
0.1269868
0.078474829
0.068539241
0.053687865
0.032152797
0.050804868
0.082679812
0.1278592
0.18731172
0.17174693
0.16341262
0.171488
0.1499668
0.12033475
0.12255813
0.096850541
0.060113155
0.057083847
0.039708713
0.07748635
0.10363287
0.15982199
0.14503232
0.16661501
0.15837033
0.16855536
0.13358149
0.17554426
0.096813282
0.061963007
0.053582161
0.044929915
0.082137909
0.11161804
0.15878818
0.12121001
0.13442777
0.16628098
0.1613834
0.15935288
0.18625547
0.1218173
0.073238334
0.049621388
0.064555438
0.054229067
0.098572137
0.14671809
0.17480438
0.12874353
0.14750794
0.17430021
0.19219986
0.17882804
0.21777388
0.13100158
0.089587794
0.058091864
0.055860975
0.051254367
0.10523457
0.14305669
0.1636454
0.11604198
0.1330814
0.1538355
0.20794293
0.15760203
0.20286971
0.18646401
0.11194226
0.060354378
0.063623969
0.049798834
0.051530554
0.10883771
0.14872858
0.12690638
0.14049664
0.15727836
0.17340416
0.19431546
0.12598948
0.22400718
0.23835422
0.13142093
0.069724047
0.081708003
0.066644445
0.051068125
0.12037475
0.1564052
0.13871228
0.13762191
0.1443776
0.15950418
0.21058698
0.21734861
0.24072403
0.16300563
0.10590858
0.074148218
0.080242878
0.065147856
0.048505824
0.11077943
0.1294055
0.16137583
0.1563032
0.17493817
0.19649768
0.3313248
0.25637008
0.10167842
0.11466017
0.14223526
0.17235791
0.18711754
0.15379957
0.26405538
0.22954902
0.18665074
0.13856624
0.088683917
0.081890256
0.062851218
0.052483969
0.11049764
0.12058349
0.15567743
0.14150191
0.159041
0.2406258
0.15199822
0.26986199
0.22778412
0.15819518
0.20461386
0.20644313
0.20028105
0.26308426
0.24098893
0.13056024
0.15667164
0.18310681
0.21107327
0.19636899
0.25021236
0.23072019
0.12524009
0.15650863
0.19734737
0.20375421
0.18814943
0.31706053
0.24049062
0.12773836
0.11994398
0.15003069
0.18068685
0.19879997
0.16949829
0.33386119
0.26650286
0.10992169
0.12359812
0.15264784
0.18571231
0.19580077
0.16055902
0
0
0
0
0
0
0
0
0
0
0
0.27233666
0.30985975
0.31701291
0.30185706
0.19721144
0.34684201
0.34719039
0.21431976
0.20607985
0.17016591
0.16756591
0.26828295
0.16911345
0.35335745
0.19763302
0.28549709
0.37037353
0.23531243
0.36246328
0.19795245
0.37207195
0.21103603
0.22279011
0.29085295
0.379243
0.37722088
0.38705101
0.3819212
0.37774467
0.36613143
0.36745979
0.38044927
0.35071329
0.37145305
0.36269529
0.38618796
0.36344265
0.38310647
0.35386502
0.36891586
0.38750233
0.38458225
0.39297944
0.28140897
0.34511982
0.38515822
0.36356243
0.38239028
0.37629651
0.39306856
0.3754836
0.3846639
0.3828535
0.39357116
0.36191285
0.37696901
0.38118238
0.35811713
0.27294477
0.37135553
0.38264898
0.37488624
0.35149578
0.14473196
0.14082811
0.37066563
0.35675286
0.39227787
0.38757188
0.38638371
0.35865344
0.3793941
0.32472591
0.22279306
0.36227991
0.36559197
0.31922946
0.11194704
0.13406522
0.36865992
0.34769742
0.39276869
0.39208986
0.3896555
0.37332247
0.38186342
0.33898162
0.19495809
0.36509394
0.3676166
0.3180236
0.10996222
0.17719228
0.376512
0.34625238
0.33988633
0.37281511
0.35469963
0.36408732
0.36869796
0.34249168
0.24007847
0.36978082
0.35893531
0.32499967
0.11996802
0.18831609
0.36574325
0.33869566
0.35030183
0.34849795
0.27458631
0.341984
0.35990952
0.31040765
0.24228402
0.36867118
0.37116088
0.33915406
0.16515178
0.19775643
0.32465468
0.31689104
0.36511111
0.28438243
0.26902947
0.25809513
0.34607898
0.29175048
0.24630024
0.22914767
0.36767438
0.35284713
0.15020431
0.17858417
0.28200622
0.33578992
0.36891801
0.26304863
0.28159948
0.26679483
0.28063357
0.24659677
0.24127726
0.22783434
0.36384689
0.33380981
0.18847396
0.28966618
0.35247156
0.36384825
0.27308747
0.26453797
0.26802749
0.23223568
0.24200377
0.19361736
0.19552125
0.29766646
0.21714771
0.35377104
0.1680693
0.30117694
0.35435061
0.35964831
0.27898197
0.23176491
0.26787434
0.23740463
0.22333202
0.20555243
0.19137096
0.2596666
0.23789269
0.35352988
0.29621678
0.35343924
0.35887949
0.27702862
0.22258881
0.25573738
0.22598569
0.21483185
0.19934997
0.1956561
0.25657485
0.22297544
0.35212064
0
0
0
0
0
0
0
0
0
0
0
0
0
0
0
0
0
0
0
0
0
0
0
0
0
0
0
0
0
0
0
0
0
0
0
0
0
0
0
0
0
0
0
0
0
0
0
0
0
0
0
0
0
0
0
0
0
0
0
0
0
0
0
0
0
0
0
0
0
0
0
0
0
0
0
0
0
0
0.22451101
0.20185193
0.22672868
0.19132702
0.18070924
0.22205164
0.20506071
0.22389211
0.20442601
0.19908607
0.17812539
0.23007281
0.22807507
0.17638592
0.20765704
0.1996154
0.18538274
0.17614489
0.22641602
0.2462837
0.18964286
0.20130128
0.17083126
0.20988346
0.18366703
0.22726622
0.17994277
0.16062276
0.21804066
0.2604698
0.20602027
0.18992888
0.21892774
0.18978271
0.15403131
0.19569027
0.20424926
0.26621246
0.23204836
0.20688975
0.21708955
0.20566181
0.23579411
0.22413292
0.30732321
0.26452087
0.2219601
0.20729404
0.35068332
0.24412624
0.33406488
0.35223172
0.34747256
0.32626479
0.34449831
0.35853659
0.32061592
0.35966242
0.36102607
0.34576771
0.36951998
0.31609576
0.28756081
0.35282519
0.31455394
0.22845876
0.18857529
0.21793992
0.14413075
0.23285475
0.29307856
0.31421769
0.23007964
0.28225655
0.31727011
0.3308202
0.35484034
0.25810019
0.33099481
0.2602242
0.17083872
0.11784096
0.31009971
0.3015637
0.25231521
0.13724952
0.1523266
0.21934984
0.24852674
0.24049162
0.29789165
0.30225893
0.27343974
0.1448448
0.15310893
0.20531283
0.23339904
0.23032627
0.2319362
0.29863703
0.26202559
0.17704449
0.17900588
0.2377438
0.24355986
0.23254819
0.20154488
0.16488172
0.20415773
0.27318644
0.24832378
0.22276093
0.22777179
0.17673418
0.16517462
0.26464467
0.26895778
0.26507418
0.25347755
0.23377228
0.15990603
0.18057624
0.23979517
0.26705493
0.26329735
0.2645305
0.14738226
0.22048997
0.24995309
0.24690842
0.29051443
0.28158066
0.086407059
0.079080316
0.078287687
0.097537624
0.091379991
0.11277839
0.13531386
0.12343521
0.12374197
0.13171166
0.15477578
0.11271657
0.19637665
0.18783728
0.23174793
0.22393335
0.26286232
0.26720635
0.26012893
0.29042157
0.29695388
0.26200532
0.14431521
0.15533083
0.18827086
0.20191223
0.2248965
0.28009261
0.2206637
0.23876667
0.25472491
0.18253198
0.25484691
0.20446213
0.22344946
0.22952937
0.19287412
0.067905774
0.074495502
0.092743945
0.10782599
0.10852262
0.1082571
0.14976461
0.21135175
0.23890996
0.13640856
0.18586993
0.22017847
0.22904733
0.25602021
0.26319173
0.20152369
0.15756501
0.18611983
0.060479207
0.073122115
0.08291315
0.11568155
0.097457531
0.10291313
0.10049676
0.18112213
0.22168964
0.26456711
0.15302527
0.20221248
0.21370593
0.23752679
0.25891754
0.21181073
0.15720705
0.2003696
0.22225668
0.053281645
0.042864473
0.05047518
0.098339925
0.087613663
0.078379818
0.08132987
0.081488182
0.17664674
0.25217822
0.12152422
0.17732256
0.20322734
0.23659305
0.25579846
0.22049796
0.17390234
0.22309687
0.24225507
0.071418274
0.028272682
0.045140917
0.086935937
0.078916548
0.07491639
0.10595678
0.060103799
0.19757155
0.26370933
0.14140141
0.17777708
0.2312629
0.24099139
0.23110218
0.18037858
0.21687285
0.26123958
0.25222562
0.057236302
0.027189433
0.025999285
0.065365839
0.077127652
0.080377697
0.10368617
0.027759964
0.13409991
0.20773925
0.13523423
0.14503224
0.18748082
0.23159022
0.21355094
0.18791382
0.23193125
0.27178666
0.26288098
0.07629062
0.041230672
0.026659047
0.02225368
0.077611236
0.07818194
0.096518729
0.12551172
0.056942782
0.15816939
0.22001688
0.13268387
0.14647403
0.22049589
0.21082251
0.18465311
0.22663016
0.28080942
0.29576342
0.26326712
0.088501253
0.039380157
0.032899352
0.039688322
0.10045737
0.08192417
0.087326678
0.12988196
0.060522977
0.13068082
0.18367716
0.14525603
0.14991319
0.21095852
0.23966766
0.24086798
0.21815587
0.28666322
0.30925708
0.2618676
0.068189455
0.11056235
0.054376093
0.041159029
0.045695357
0.081850947
0.079929945
0.10019596
0.12760592
0.085866217
0.15380765
0.17733657
0.13797042
0.16098165
0.25648971
0.25563188
0.20384204
0.28076357
0.31959813
0.32624011
0.22674524
0.068143037
0.075318286
0.056603569
0.049874714
0.056309134
0.073972856
0.10037954
0.13490631
0.14378796
0.097722755
0.14792912
0.16596265
0.14923193
0.17634481
0.25509374
0.23004738
0.17704794
0.29383049
0.33667026
0.33021775
0.23208442
0.15597039
0.16651054
0.13782661
0.16672822
0.17540298
0.18614776
0.14309253
0.13481203
0.14621841
0.18361439
0.095057309
0.14714575
0.08560041
0.089438988
0.097057357
0.094810375
0.049850241
0.12169708
0.070773186
0.095479582
0.086936913
0.11522399
0.080922627
0.11869072
0.13452109
0.11224071
0.16995379
0.13142278
0.15426104
0.19920622
0.22296917
0.17241157
0.14453847
0.1135592
0.076811393
0.076123022
0.058329764
0.10042025
0.1304466
0.18087809
0.16482178
0.18307432
0.1746368
0.18583069
0.1539607
0.19725357
0.11806538
0.078861688
0.074095213
0.061883056
0.10520159
0.13725242
0.18128815
0.13063117
0.14609918
0.18292783
0.18292036
0.18031519
0.20908493
0.14544052
0.092180239
0.06166827
0.087246343
0.073328982
0.12343892
0.1710767
0.19774489
0.13738175
0.15878142
0.18962905
0.21159427
0.20135362
0.23512142
0.14653404
0.10039649
0.067862823
0.075159239
0.070085003
0.13199791
0.17235804
0.19010873
0.12214532
0.14070726
0.16677798
0.22190283
0.18811792
0.2154471
0.20179642
0.1234698
0.064862785
0.0726316
0.061616493
0.069974809
0.14021818
0.18438315
0.15786535
0.14863973
0.16856682
0.18207165
0.20498094
0.14659855
0.23117957
0.24357988
0.13884191
0.074041043
0.094755729
0.085605772
0.065235616
0.14689156
0.18673325
0.16953191
0.14737439
0.15335042
0.1675654
0.21782127
0.22401651
0.24697531
0.17520952
0.11291399
0.079354182
0.095232516
0.082349686
0.059132359
0.1394898
0.1575733
0.17465528
0.16762436
0.18560177
0.20671476
0.26880006
0.23515885
0.19367819
0.14398996
0.093560512
0.095801339
0.077131688
0.064649401
0.128575
0.13952532
0.15100153
0.16752915
0.25063138
0.33663018
0.29296828
0.1201264
0.11005414
0.11864245
0.16056189
0.17596968
0.18085245
0.15268812
0.26939428
0.25703888
0.16239204
0.169822
0.10797179
0.089287976
0.07655961
0.062796948
0.11247667
0.18851541
0.14786703
0.17271321
0.22831381
0.2918858
0.2687626
0.14363783
0.17968811
0.20925566
0.2347803
0.22266197
0.26817833
0.24892833
0.13762751
0.17169211
0.21884245
0.22015097
0.2046744
0.32280219
0.25671209
0.14565961
0.12959517
0.16153491
0.19430509
0.20917861
0.17898416
0.33627649
0.27607576
0.12196486
0.13557273
0.1661393
0.20132163
0.20480336
0.16951634
0.338942
0.29962358
0.13230723
0.1202169
0.12802517
0.17431404
0.18790628
0.18706951
0.15834697
0
0
0
0
0
0
0
0
0
0
0
0
0.32710118
0.31373721
0.32119712
0.18267784
0.3565374
0.17711302
0.21485894
0.18285905
0.19278322
0.22229293
0.18558879
0.22301612
0.37041462
0.24431072
0.2840008
0.38436826
0.25995596
0.38158294
0.22748094
0.38615879
0.24499815
0.27067513
0.28621328
0.38451852
0.39379201
0.39786452
0.39920348
0.3867009
0.38991809
0.37965888
0.37282108
0.3931219
0.3944183
0.37041516
0.38835751
0.39843307
0.39680563
0.37484311
0.3909942
0.39151417
0.39558616
0.39866923
0.38684932
0.34476439
0.27214538
0.40177996
0.39180387
0.37515332
0.39837687
0.37583929
0.39849086
0.38044478
0.38776755
0.36649772
0.39428769
0.3871121
0.383897
0.38956125
0.34413117
0.12103321
0.15011675
0.38576686
0.36578227
0.40157269
0.40161487
0.40027225
0.38877431
0.3943919
0.35855699
0.2193392
0.37789063
0.38226019
0.34224723
0.11899953
0.193237
0.39104411
0.36620532
0.35466169
0.38639107
0.37213039
0.38047001
0.38254772
0.3604666
0.26332708
0.38246564
0.37159596
0.34673073
0.12862261
0.20382271
0.38024538
0.35686146
0.35936437
0.36034455
0.30307094
0.35876228
0.37113517
0.3214985
0.26273948
0.37794706
0.38273085
0.35834489
0.17404907
0.21146299
0.34198489
0.33209022
0.37059196
0.2924777
0.28732036
0.27307383
0.35747347
0.30165865
0.25456285
0.24485298
0.37462476
0.36380152
0.15881888
0.19268216
0.29025193
0.343021
0.37235124
0.26955795
0.29450617
0.27810443
0.29546944
0.25347512
0.24428916
0.23994332
0.36788079
0.34031214
0.20362396
0.29197581
0.35577104
0.36566176
0.27917151
0.27572062
0.27935613
0.24334574
0.24844237
0.19629883
0.19015249
0.30096144
0.23148071
0.35590717
0.18354863
0.30572223
0.35550291
0.36055941
0.27970257
0.24024849
0.27986581
0.24802014
0.2325068
0.21176311
0.19146985
0.26569883
0.25231103
0.35495305
0.20543058
0.33863128
0.35431007
0.35406137
0.2556044
0.23493912
0.21571367
0.24458391
0.24328359
0.19305539
0.17760673
0.2366682
0.23903865
0.23446399
0.33926612
0.35424278
0.35343976
0.25231319
0.22279378
0.20986913
0.23438755
0.22940505
0.18478891
0.17262667
0.23776884
0.23571256
0.21514735
0
0
0
0
0
0
0
0
0
0
0
0
0
0
0
0
0
0
0
0
0
0
0
0
0
0
0
0
0
0
0
0
0
0
0
0
0
0
0
0
0
0
0
0
0
0
0
0
0
0
0
0
0
0
0
0
0
0
0
0
0
0
0
0
0
0
0
0
0
0
0
0
0
0
0
0
0
0.23741167
0.2265338
0.22791691
0.20724125
0.25856082
0.25122231
0.22819265
0.22677052
0.21853035
0.20885129
0.25744045
0.26768762
0.20546555
0.24820355
0.20448695
0.1909978
0.24659328
0.28556347
0.22056948
0.19901673
0.22104385
0.19452512
0.22649599
0.21168285
0.1713267
0.21755238
0.22719938
0.28342597
0.24209989
0.21363724
0.22399229
0.21899949
0.17586773
0.21772167
0.28961049
0.258886
0.23020445
0.234048
0.24848032
0.24924006
0.25820134
0.23534971
0.35194004
0.2810272
0.36215222
0.3640887
0.36207938
0.3774919
0.33596857
0.36879263
0.37660013
0.37069167
0.38653046
0.39396014
0.32974349
0.37390252
0.28955168
0.2296187
0.23667587
0.15597345
0.17823937
0.2476379
0.29252316
0.33907037
0.25995227
0.33799296
0.33468872
0.36604817
0.37250952
0.28524348
0.35939652
0.37372695
0.28022715
0.18702027
0.19077637
0.32749242
0.33037873
0.30601541
0.16355077
0.17981977
0.23911367
0.27353151
0.27122633
0.27038521
0.32553983
0.29422707
0.2041067
0.2065151
0.27177134
0.27814456
0.2675975
0.31864176
0.29391318
0.21595553
0.15855379
0.21345739
0.24546604
0.2623554
0.25455631
0.18678889
0.17605341
0.27637591
0.28024077
0.27323179
0.2602778
0.23961113
0.16822718
0.19416806
0.24885893
0.27553153
0.27285407
0.27039063
0.1533189
0.23555444
0.26566281
0.25529816
0.29967605
0.28952132
0.14611407
0.2908403
0.31110744
0.29808783
0.30890218
0.10198454
0.10021834
0.093497175
0.10688547
0.11329404
0.12628819
0.13962753
0.15678677
0.16931491
0.19719167
0.14435367
0.23949463
0.17866009
0.25131357
0.27227139
0.22472161
0.2902961
0.27461749
0.30672833
0.25396223
0.26444398
0.20392852
0.21986903
0.24890913
0.29871069
0.26582914
0.20233684
0.30377896
0.19810553
0.25801888
0.19060735
0.084796427
0.094973692
0.11029165
0.13401589
0.12237489
0.13401061
0.13190238
0.19734267
0.23702272
0.2776943
0.19127438
0.24015506
0.25295353
0.27599098
0.28778984
0.2380645
0.16905838
0.21031089
0.23224644
0.073115624
0.060186177
0.068247929
0.1207488
0.10934563
0.10111288
0.10834683
0.10490416
0.19773667
0.27259757
0.16157592
0.21935295
0.2444835
0.27125572
0.2845028
0.24334473
0.18778703
0.23271664
0.25133638
0.091877563
0.035765436
0.057944831
0.10692476
0.09850536
0.092711147
0.13904884
0.073967484
0.21772217
0.28722504
0.18298028
0.21610039
0.2647378
0.27570536
0.25974138
0.19647487
0.22745532
0.26886216
0.25962217
0.069107347
0.032214348
0.030808213
0.076101691
0.090510534
0.094357229
0.12513903
0.030775305
0.14831035
0.23571909
0.16405283
0.17248299
0.21655572
0.25801635
0.23723556
0.20447841
0.2447628
0.27855429
0.26998132
0.088245647
0.044041453
0.030261709
0.023891497
0.091611871
0.091054982
0.11364082
0.15112876
0.06286883
0.17461709
0.24182425
0.15632803
0.16937751
0.2481829
0.23767528
0.19927293
0.24035447
0.29020838
0.30335514
0.27043362
0.098622359
0.040866719
0.035056311
0.04195534
0.11378049
0.088458417
0.094866514
0.14376886
0.063516898
0.14096816
0.19750481
0.16096001
0.16336386
0.22312657
0.25514571
0.25144317
0.22704979
0.29778108
0.31630179
0.26969902
0.070866426
0.12714448
0.057910878
0.043670262
0.047620425
0.089488573
0.087568665
0.10947666
0.13964604
0.091856414
0.16697077
0.18887326
0.15095938
0.17387129
0.26744019
0.26743694
0.20928672
0.28720691
0.32729529
0.33039755
0.22999076
0.071738586
0.080267395
0.058919817
0.052078683
0.057966675
0.078655425
0.1132994
0.15003528
0.15591874
0.10451997
0.15998672
0.17610076
0.16039742
0.18915731
0.26406036
0.23625922
0.18151233
0.29791458
0.34146573
0.33368083
0.23780189
0.081566308
0.08845285
0.081013064
0.066770487
0.057162944
0.076831036
0.082191583
0.1333922
0.14615118
0.15534746
0.12629239
0.16087171
0.16466598
0.16025532
0.20397613
0.24809137
0.19510532
0.21722402
0.33408612
0.35649534
0.2414678
0.2890207
0.19685994
0.17167481
0.17606275
0.17889593
0.22136879
0.16507231
0.15625047
0.19874601
0.2186315
0.13273205
0.16256046
0.18308883
0.10211981
0.10942342
0.088225095
0.13514329
0.10358737
0.13269828
0.14345482
0.1332247
0.14913423
0.16440214
0.15984211
0.18804814
0.14404193
0.20247029
0.203643
0.23473679
0.24194594
0.20329813
0.22009374
0.14174158
0.10417566
0.10329135
0.088171469
0.13355387
0.16705864
0.20406665
0.14404545
0.15996322
0.19920418
0.20382821
0.20175784
0.23374886
0.17059283
0.11645695
0.083079087
0.11643261
0.10014396
0.15177453
0.19772261
0.2198343
0.15069524
0.17292767
0.20526326
0.23194217
0.22287167
0.25552857
0.16713764
0.11707995
0.085023183
0.10449472
0.097330394
0.1617382
0.20116334
0.21431111
0.13196061
0.15342291
0.18299582
0.23878219
0.2316272
0.2219473
0.14011117
0.071742221
0.090917557
0.083091515
0.097105978
0.17371943
0.21520263
0.19052362
0.15982113
0.18403554
0.19368181
0.2187314
0.17396669
0.23925745
0.25110309
0.14714274
0.079183786
0.11464208
0.11409891
0.088015324
0.17696837
0.21560045
0.19973049
0.16131134
0.16533148
0.17883333
0.22651019
0.23054706
0.25296795
0.18665755
0.12003055
0.084995841
0.11467731
0.10768625
0.076205059
0.17393336
0.19041364
0.19109871
0.18112791
0.19758058
0.21800675
0.2729039
0.24199773
0.20455335
0.15351651
0.10015604
0.11283714
0.10034778
0.08369251
0.1500491
0.16404155
0.16249471
0.17629521
0.25981531
0.27471535
0.26233064
0.16773979
0.17625122
0.11921407
0.10739262
0.094768576
0.074977377
0.12770634
0.15738734
0.18182311
0.23787442
0.31718185
0.28166145
0.14157287
0.12094278
0.13365667
0.16964359
0.18052075
0.2032432
0.15848716
0.311622
0.26866758
0.16293677
0.18204926
0.14833647
0.112523
0.094546285
0.070190989
0.15877313
0.15143099
0.16558284
0.22493701
0.28913186
0.2709104
0.15413647
0.19204999
0.24508482
0.2404187
0.22631874
0.32879142
0.27821348
0.16380796
0.14180588
0.17781599
0.21127791
0.22167919
0.1898866
0.33927569
0.28597272
0.13610779
0.15043194
0.18240593
0.21902755
0.212551
0.17983831
0.34082078
0.30508941
0.14652965
0.13329823
0.14086157
0.19166085
0.20263378
0.193312
0.16602371
0.32019935
0.28497554
0.15192335
0.13079979
0.14777046
0.18341807
0.19224443
0.21071545
0.16609539
0
0
0
0
0
0
0
0
0
0
0
0.33841585
0.33433458
0.13430682
0.36781434
0.3758061
0.17066817
0.23754229
0.20933083
0.22477976
0.26522504
0.232064
0.3828862
0.26263018
0.39025188
0.27674375
0.31113856
0.39913415
0.2729739
0.39170162
0.25118553
0.39615418
0.28495455
0.30559309
0.30822647
0.39578309
0.40155038
0.40326566
0.40650057
0.39787769
0.39802367
0.39810598
0.40729562
0.38755297
0.39480479
0.40662861
0.40211711
0.41185492
0.40796415
0.40662284
0.4008222
0.39924986
0.39865927
0.40624742
0.40309902
0.40521515
0.39981718
0.39282029
0.37791922
0.40187127
0.24884754
0.41036959
0.39881046
0.40560344
0.38080378
0.39987874
0.40261655
0.4084102
0.38926376
0.40355972
0.40408758
0.40695785
0.39482881
0.37388863
0.38423495
0.39545126
0.40048951
0.3904748
0.36311524
0.13298954
0.21434248
0.40183733
0.38341443
0.36711851
0.3979978
0.38735384
0.39412369
0.3944912
0.38043722
0.29254874
0.3942829
0.38418585
0.36715025
0.142311
0.22386361
0.3921814
0.37256937
0.36884324
0.37400124
0.33462797
0.37416109
0.38196888
0.3391028
0.28960256
0.38779622
0.39346314
0.37574152
0.18620391
0.22998526
0.35907405
0.34647648
0.3767091
0.30639461
0.31081978
0.29267396
0.36819269
0.31747372
0.26750769
0.26545584
0.38277488
0.37538782
0.17135381
0.21296546
0.30337798
0.35012875
0.37620608
0.27932935
0.3111608
0.29287316
0.311509
0.26420867
0.25239762
0.25666613
0.37323198
0.34874072
0.22538286
0.29617727
0.36008703
0.36833608
0.28595176
0.28711279
0.29261698
0.25710081
0.25730412
0.20102476
0.19227304
0.30473044
0.24989304
0.35898465
0.20616817
0.31094226
0.35683255
0.36180277
0.27947637
0.24908116
0.29204516
0.26000586
0.24473615
0.21833129
0.18192254
0.26914806
0.26966034
0.35656062
0.22264433
0.33804375
0.35445334
0.35460013
0.25881748
0.2483632
0.22200337
0.25645405
0.25813624
0.20221511
0.18334728
0.24097799
0.24235377
0.25396813
0.16216609
0.31282791
0.33676773
0.33784654
0.28473491
0.29059512
0.25202534
0.22203714
0.29185286
0.20103439
0.17572499
0.26662113
0.23035453
0.25914154
0.31609437
0.33678622
0.33672755
0.28827878
0.27726381
0.23354967
0.21487097
0.27791298
0.19441576
0.17128567
0.25523638
0.21969713
0.24287661
0
0
0
0
0
0
0
0
0
0
0
0
0
0
0
0
0
0
0
0
0
0
0
0
0
0
0
0
0
0
0
0
0
0
0
0
0
0
0
0
0
0
0
0
0
0
0
0
0
0
0
0
0
0
0
0
0
0
0
0
0
0
0
0
0
0
0
0
0
0
0
0
0
0
0
0
0
0
0.24911652
0.25443325
0.25114197
0.24278139
0.28561474
0.28744563
0.26901414
0.23265281
0.22902968
0.27599104
0.30739618
0.2402978
0.21272751
0.24030324
0.19984495
0.24763205
0.25875294
0.30370395
0.25684956
0.22338868
0.23802326
0.2342751
0.24194845
0.19382519
0.23809527
0.30780742
0.27376161
0.24021749
0.24265469
0.20111553
0.19247031
0.29106003
0.29501908
0.28432908
0.26885766
0.24708695
0.28708255
0.26833848
0.28686867
0.37913082
0.28210431
0.27235787
0.37194727
0.30874271
0.37632278
0.38598367
0.38784375
0.35240647
0.38234235
0.3932058
0.39998387
0.35632051
0.33580077
0.3834525
0.39515859
0.22982023
0.262889
0.18464629
0.2807366
0.20975752
0.26182458
0.30687785
0.35617235
0.36044159
0.28244838
0.30910917
0.37559492
0.39139485
0.39995593
0.30954185
0.35895624
0.38651658
0.39339677
0.30546461
0.21912966
0.35135237
0.32500017
0.23088949
0.24350075
0.30597179
0.31027771
0.30078401
0.34423799
0.31829192
0.24007222
0.17795279
0.25017856
0.28183851
0.29016534
0.28487606
0.31208116
0.2939663
0.20074769
0.17756158
0.21539514
0.27041189
0.26167611
0.25019828
0.17714109
0.20728431
0.26110241
0.28545287
0.28321942
0.27683278
0.15931125
0.25233801
0.28313658
0.26413923
0.30732784
0.29697414
0.15119519
0.30438059
0.32004138
0.30873412
0.31498901
0.22212759
0.33659484
0.36425355
0.35973421
0.34220524
0.14427966
0.12236798
0.11500255
0.11588853
0.12002426
0.13424618
0.15196152
0.15212386
0.19490319
0.1778694
0.18714043
0.21624798
0.21467828
0.17689438
0.25175362
0.26689779
0.23401869
0.28548501
0.27739791
0.31892573
0.3221188
0.28864715
0.34652159
0.22742476
0.25159327
0.29284886
0.30771763
0.21597465
0.17521443
0.31699681
0.3270863
0.1632227
0.2746747
0.29168822
0.1005493
0.087091132
0.096272197
0.14570028
0.13617624
0.13219779
0.14406137
0.13778049
0.22371018
0.29204426
0.20437959
0.26032883
0.28403496
0.30444177
0.31018741
0.26718637
0.20795746
0.24630999
0.26318559
0.11781693
0.052294308
0.077890835
0.13123564
0.12703161
0.11961924
0.18004369
0.096746666
0.241424
0.31021964
0.22565032
0.2552112
0.29699788
0.30517294
0.28714702
0.21996049
0.24238394
0.27846352
0.26987874
0.088383996
0.042000175
0.039757268
0.094196792
0.11114059
0.11826747
0.15888655
0.036370557
0.17022264
0.26562597
0.20377172
0.20877949
0.25286653
0.28549134
0.26399948
0.22859629
0.26216117
0.28721631
0.27918374
0.10438304
0.048700815
0.036341022
0.026589783
0.11008649
0.11061236
0.13990388
0.18889864
0.071871176
0.19740866
0.26732242
0.19173685
0.20194191
0.2771345
0.26964507
0.2184628
0.25940663
0.30233712
0.31296378
0.28046333
0.1118996
0.043222522
0.038604997
0.045363313
0.1316052
0.098903414
0.1071435
0.16573024
0.067585606
0.15569575
0.21641221
0.18356274
0.1805451
0.23925804
0.27523599
0.26465686
0.23998311
0.31128223
0.32551438
0.27927125
0.074011349
0.14670084
0.061832017
0.047227627
0.050409018
0.099667821
0.099744787
0.12349917
0.15438924
0.099723599
0.18249763
0.2016262
0.16518155
0.18712168
0.28001211
0.28217813
0.21542027
0.29621745
0.33731292
0.33577404
0.23410731
0.075918774
0.086810736
0.062264498
0.055547725
0.060933408
0.084965606
0.12825314
0.1668813
0.17170356
0.11274585
0.17241072
0.1876036
0.17489911
0.2018037
0.27111313
0.24235276
0.18651906
0.30209574
0.34634697
0.33738873
0.24169998
0.086377243
0.097792234
0.090221267
0.071096485
0.059872098
0.082069117
0.088464082
0.15325322
0.15916469
0.16772114
0.13730731
0.17377385
0.17309736
0.17168608
0.21606911
0.25516293
0.20023909
0.2289655
0.33713468
0.36082028
0.24840356
0.29287512
0.082077602
0.09237079
0.093190523
0.067158121
0.069262207
0.11089089
0.091384675
0.12340904
0.15414023
0.17510894
0.13805539
0.17255808
0.16662547
0.17684071
0.21575224
0.23518885
0.18295842
0.20873851
0.34994164
0.35558291
0.26616287
0.26756561
0.2174781
0.22465005
0.22468219
0.23404651
0.23873552
0.25563348
0.24304977
0.18739766
0.20376992
0.24529461
0.17043406
0.16434816
0.20212707
0.141895
0.13184814
0.14884313
0.1240743
0.15556828
0.16880273
0.14205807
0.15232052
0.17906128
0.16731329
0.17196252
0.19700218
0.19607954
0.18536057
0.20274108
0.23697886
0.22915062
0.27155036
0.28039392
0.22386417
0.26080292
0.19757497
0.1435313
0.11470451
0.1508631
0.13411865
0.18346024
0.22324715
0.24297463
0.16846406
0.18918606
0.22170248
0.25365942
0.24518125
0.27906291
0.19395269
0.14199004
0.1101555
0.14251524
0.13174737
0.19185944
0.22870746
0.23831091
0.14796168
0.1730015
0.20158355
0.25881366
0.25089503
0.24562345
0.16219313
0.083784827
0.12259253
0.11514518
0.13266316
0.20628243
0.24319893
0.21860138
0.17606049
0.20369543
0.20814237
0.2353428
0.24972916
0.26221041
0.15816987
0.086337965
0.14508595
0.14961607
0.1210258
0.20877974
0.24406565
0.22575216
0.18244219
0.18356818
0.19609295
0.23772158
0.23842325
0.26038009
0.1987803
0.12837279
0.091814326
0.14163523
0.14101284
0.10599274
0.20906097
0.22222471
0.21418245
0.19993381
0.21288727
0.23275537
0.27677946
0.24795477
0.21368133
0.16312453
0.10718969
0.13562718
0.1323338
0.11183723
0.17686906
0.19337002
0.17655521
0.18548095
0.2688024
0.27930227
0.26886904
0.1774661
0.18540283
0.1328148
0.13286018
0.12142895
0.092840142
0.14605539
0.16885815
0.19341007
0.24681975
0.31438251
0.27436249
0.16786877
0.18630804
0.16236088
0.13825317
0.11638381
0.082060558
0.17360534
0.17491852
0.23454708
0.34139406
0.27508817
0.17942982
0.16908293
0.12601803
0.14579367
0.17718036
0.18159261
0.19541439
0.30418776
0.28899333
0.17645616
0.18959208
0.20525655
0.14861509
0.11390405
0.1016615
0.09327897
0.17664948
0.17343469
0.20512987
0.33602641
0.30035957
0.18175914
0.15928295
0.2022576
0.23352095
0.23652756
0.20383769
0.34344884
0.2982151
0.15323841
0.17030981
0.20495563
0.24136715
0.22095331
0.1941043
0.34247868
0.31028485
0.16127224
0.14874618
0.15730883
0.21174654
0.21845303
0.19833005
0.17409634
0.32409752
0.2879659
0.1618189
0.14472605
0.16548423
0.20100057
0.20650024
0.21867216
0.17590598
0.34276051
0.27931743
0.18547036
0.17766909
0.13740909
0.1616185
0.1894123
0.19142805
0.2046177
0
0
0
0
0
0
0
0
0
0
0
0
0.34577613
0.35496447
0.15212367
0.38324858
0.23994096
0.25465966
0.23130348
0.26344796
0.29171469
0.28132143
0.28479997
0.3931085
0.30598977
0.39949225
0.29870706
0.33335465
0.40324751
0.29483455
0.40158784
0.27730647
0.40669883
0.31571041
0.34596803
0.33425598
0.40516872
0.406185
0.40954338
0.40813922
0.40761149
0.39688451
0.40167697
0.40069202
0.40992546
0.40592889
0.40129447
0.40471512
0.41279039
0.40035896
0.40488344
0.41163068
0.40365209
0.39899034
0.40748031
0.39677363
0.41085521
0.40288074
0.41134181
0.32584878
0.4046883
0.40809109
0.41077357
0.40771011
0.37869119
0.41129801
0.40419158
0.41047644
0.39465135
0.39133575
0.40281279
0.39778145
0.40043829
0.38464317
0.16326525
0.24994807
0.40143448
0.38619067
0.3779143
0.38786788
0.36120592
0.38766474
0.39221939
0.36232953
0.32204918
0.39748531
0.40284793
0.39127187
0.20376758
0.2549681
0.37479523
0.35884695
0.38345132
0.32772962
0.33727471
0.31746244
0.37853226
0.33734463
0.28808043
0.29217979
0.3917218
0.38716708
0.18999616
0.24074428
0.32175515
0.35655836
0.38051733
0.29474058
0.32830926
0.31215251
0.32736811
0.27979486
0.26575366
0.28000306
0.37989831
0.35919253
0.2573351
0.30297995
0.36413884
0.37178982
0.29409832
0.30152672
0.30817392
0.27586137
0.27116984
0.20935794
0.20008266
0.31079862
0.27462986
0.36334709
0.23965922
0.31692457
0.35852228
0.36363027
0.27836436
0.2589217
0.30389897
0.27597005
0.26186215
0.22697817
0.18061241
0.27473095
0.2916515
0.35885776
0.24299768
0.33750084
0.35450459
0.35507916
0.26261954
0.26287882
0.23177291
0.27061194
0.27590659
0.21488533
0.18713166
0.24360817
0.24617059
0.276827
0.17529385
0.30995598
0.33724643
0.33870519
0.28057119
0.30202305
0.27436466
0.2306149
0.30418079
0.20916451
0.1823411
0.27728498
0.24188249
0.27424674
0.19058512
0.32182703
0.32933484
0.33703309
0.26203817
0.28465327
0.28171426
0.23347649
0.27970386
0.21229739
0.20340559
0.26660013
0.30568901
0.2703209
0.20667003
0.32294934
0.32875741
0.3357434
0.26366179
0.2736851
0.26684141
0.21833448
0.26488201
0.19658023
0.19020474
0.25638204
0.29259961
0.25263659
0.19262428
0
0
0
0
0
0
0
0
0
0
0
0
0
0
0
0
0
0
0
0
0
0
0
0
0
0
0
0
0
0
0
0
0
0
0
0
0
0
0
0
0
0
0
0
0
0
0
0
0
0
0
0
0
0
0
0
0
0
0
0
0
0
0
0
0
0
0
0
0
0
0
0
0
0
0
0
0
0.28965829
0.25960631
0.26317155
0.30201826
0.3270096
0.27054332
0.23489433
0.27897676
0.28974618
0.32309973
0.2760092
0.23776213
0.26780817
0.22195058
0.26518308
0.32576724
0.29324875
0.25428779
0.25031935
0.25521451
0.22111433
0.21876054
0.30792701
0.31190236
0.29880306
0.28025265
0.25723006
0.18836793
0.22429881
0.27935202
0.2985687
0.29616547
0.28482676
0.30942118
0.30868064
0.28326793
0.29056102
0.3252708
0.38829463
0.39378977
0.39705191
0.3982896
0.39879528
0.40390508
0.40535894
0.37600578
0.40654648
0.35604022
0.40336864
0.39870065
0.24713786
0.26493733
0.25296472
0.29934484
0.26137117
0.32595809
0.37140292
0.36890545
0.38223526
0.29272782
0.39715327
0.34347693
0.38399363
0.397574
0.40423405
0.34138696
0.40473518
0.33270778
0.36902321
0.34357942
0.26505299
0.20756815
0.28550621
0.31335011
0.31838853
0.31265924
0.33689139
0.31740703
0.22463337
0.20619863
0.24062564
0.29255885
0.28365473
0.27254981
0.34505497
0.32145838
0.20365094
0.18543011
0.23405964
0.25871533
0.25290688
0.22013074
0.16535536
0.27339748
0.30454596
0.27582036
0.31561365
0.30516419
0.15815599
0.3160468
0.32920189
0.31851983
0.32023144
0.23263009
0.34398116
0.36794921
0.36217414
0.34358365
0.232598
0.35765084
0.36354089
0.33109354
0.13871692
0.12759258
0.15074509
0.13678453
0.17332083
0.17038412
0.25162557
0.1750269
0.2365686
0.18480101
0.18933329
0.30046916
0.24948436
0.33415416
0.30059234
0.3572401
0.32089319
0.2532329
0.31707965
0.33355852
0.32374389
0.24070721
0.20627129
0.34859304
0.36074612
0.18844934
0.28901888
0.14806922
0.083003223
0.10893619
0.15890966
0.16312449
0.15564959
0.22382515
0.13262585
0.26839133
0.33248258
0.26730032
0.29474411
0.3285009
0.33134354
0.31341134
0.25043528
0.26224137
0.29059195
0.28376416
0.11378081
0.061549919
0.057538378
0.11952973
0.14039566
0.15257728
0.20345921
0.048017134
0.19995042
0.29489698
0.24714728
0.25017052
0.2905058
0.31325866
0.2902299
0.25968206
0.28422435
0.29778383
0.290828
0.12510715
0.057568025
0.047443066
0.031065907
0.13413378
0.13794181
0.17328417
0.23218353
0.086653278
0.22430774
0.29387186
0.23394648
0.23894473
0.30392397
0.3012479
0.24271294
0.28335563
0.31672655
0.32409403
0.29449388
0.12997874
0.047105172
0.044088703
0.050141679
0.15274523
0.11590855
0.12834554
0.19877435
0.073601472
0.17728679
0.24030197
0.21559127
0.2034184
0.26155315
0.29934054
0.28012526
0.25935201
0.32604896
0.33624254
0.29234666
0.07861222
0.16853394
0.067007931
0.052294024
0.054369261
0.11509344
0.12164447
0.14773614
0.17778096
0.11101887
0.20341499
0.21864587
0.18516899
0.20492465
0.29637749
0.30122739
0.2245827
0.3078104
0.3481449
0.34381724
0.24031339
0.08130995
0.098428723
0.066790099
0.060498528
0.065459469
0.093651941
0.1470927
0.18754244
0.1888507
0.12217106
0.18575872
0.19953223
0.18993101
0.21351319
0.27779244
0.24815386
0.19247562
0.30827693
0.35219094
0.34132329
0.24531241
0.092104708
0.10761495
0.10316054
0.076978274
0.064019437
0.089623121
0.097037295
0.17744804
0.17323936
0.18334982
0.14943089
0.18760289
0.18266745
0.18507796
0.22755675
0.26102304
0.20402719
0.24050816
0.33979059
0.36500209
0.25543709
0.29529554
0.086086892
0.10167178
0.11065671
0.070256274
0.075610753
0.12337569
0.099672643
0.13364311
0.1670123
0.18842418
0.15008324
0.18577484
0.17421421
0.18802268
0.22627126
0.24336832
0.19070154
0.21984291
0.35054658
0.35784264
0.27272024
0.27018195
0.078834382
0.10051734
0.10606208
0.12050497
0.072803575
0.11222648
0.12531827
0.098852655
0.16074019
0.15956121
0.18679836
0.15743924
0.19717519
0.18244925
0.18973348
0.23047134
0.22123437
0.2312705
0.28509308
0.35512918
0.35332757
0.23298899
0.31111629
0.2513344
0.26738576
0.27096036
0.28729919
0.32184863
0.29009289
0.22811543
0.26544949
0.28107327
0.22542703
0.17604212
0.18246407
0.22573243
0.24175646
0.1609015
0.17402548
0.17504919
0.17686045
0.19378874
0.19322843
0.20252237
0.22331159
0.2151632
0.19080901
0.21823394
0.2495228
0.22797583
0.2544304
0.28007339
0.26923496
0.29704764
0.27658122
0.30605506
0.2270986
0.17650872
0.14021961
0.18441558
0.17034548
0.22269769
0.25661952
0.26407963
0.17260515
0.19786924
0.22183062
0.28315851
0.27351018
0.27145599
0.18899406
0.10503216
0.15973787
0.15352507
0.17092152
0.23718666
0.27140946
0.24409269
0.19781787
0.22480682
0.22531358
0.25526456
0.2634258
0.27702766
0.17344523
0.09760666
0.18101563
0.18592813
0.1606222
0.24082153
0.27202652
0.24897632
0.2119096
0.21012706
0.21930586
0.25192966
0.24884969
0.27044625
0.21464459
0.14068637
0.10076258
0.17623793
0.17691797
0.15018194
0.24312735
0.25142172
0.24519147
0.22320995
0.2303251
0.25068934
0.28158083
0.25469718
0.22310697
0.17395115
0.11533541
0.16773103
0.1718501
0.14945677
0.20804107
0.22448446
0.19810936
0.19762829
0.27902249
0.2838785
0.27464641
0.18678285
0.19282427
0.14701739
0.16498631
0.15456835
0.11633331
0.16986639
0.18297584
0.20619481
0.25560674
0.31692874
0.28134909
0.17624295
0.19446265
0.17565803
0.17267387
0.14708535
0.098805256
0.18651788
0.18590158
0.24426518
0.30774052
0.29464369
0.18015726
0.19440682
0.21498416
0.17088634
0.13334919
0.1210931
0.1064923
0.18524408
0.21410456
0.33408493
0.31608741
0.23929149
0.25850764
0.15034235
0.16823509
0.18245508
0.18222117
0.23101396
0.28759042
0.34786628
0.18139365
0.21141978
0.24019676
0.1565791
0.11683122
0.1128579
0.12860682
0.18248239
0.28695535
0.34940335
0.31066585
0.1762614
0.19427116
0.2309048
0.26671346
0.23223804
0.21491288
0.34468548
0.31622349
0.177054
0.16770367
0.18071292
0.23653559
0.23741448
0.20342855
0.18381075
0.32744873
0.29083862
0.17250015
0.16040451
0.18820681
0.22023615
0.22175531
0.22623128
0.18637264
0.34461763
0.28357358
0.19010816
0.18541436
0.15238133
0.18139272
0.20508446
0.20457138
0.21427794
0.33508992
0.31854502
0.24257908
0.26239268
0.16075111
0.18703444
0.19413902
0.19073745
0.23764571
0
0
0
0
0
0
0
0
0
0
0
0.37065649
0.37543091
0.18972147
0.39593353
0.40030095
0.2792275
0.27269264
0.25691315
0.29671545
0.34052976
0.32154982
0.32997396
0.39944114
0.32269662
0.4040152
0.32016442
0.35447087
0.40824953
0.4066792
0.31803204
0.40504122
0.31275391
0.40985115
0.35334099
0.35769419
0.35871293
0.41092756
0.40775337
0.4104266
0.40639836
0.39767906
0.40954075
0.41002716
0.3997718
0.41067076
0.41216694
0.4113254
0.38290998
0.4123884
0.39962981
0.41247098
0.4107541
0.40945192
0.40105856
0.40607096
0.40715929
0.40655506
0.40716135
0.38485822
0.41050653
0.41070985
0.35280264
0.40228515
0.40515382
0.40886954
0.4099875
0.3870325
0.41350626
0.40994577
0.41542301
0.40563655
0.41100735
0.41399982
0.41149484
0.4097723
0.40695418
0.40939572
0.40644017
0.40371957
0.22856221
0.28499562
0.38846152
0.36994461
0.39033098
0.35421675
0.35926823
0.34222491
0.38859928
0.35874639
0.32035159
0.32138479
0.4008274
0.39855491
0.21587863
0.27234762
0.34239485
0.36190714
0.38546879
0.31671121
0.34382853
0.33259111
0.34335641
0.29991564
0.28770026
0.30876052
0.38774718
0.37169721
0.29342419
0.31453094
0.36806771
0.37605402
0.30573265
0.31858458
0.32501342
0.30079814
0.2913679
0.22454506
0.21569828
0.31983905
0.30235631
0.36927779
0.28269843
0.32239339
0.36021634
0.36603711
0.27692291
0.27265814
0.31698831
0.29666727
0.28311229
0.23970544
0.18391374
0.28272718
0.31659214
0.36230927
0.27052826
0.33668683
0.35468371
0.35594742
0.26805867
0.28042904
0.25175041
0.28567438
0.29683722
0.23620312
0.19204349
0.2471552
0.25296244
0.30369965
0.19210802
0.30715437
0.33788678
0.33957187
0.27713721
0.31368012
0.30082464
0.24252259
0.31662792
0.22226282
0.18962875
0.28490586
0.25399023
0.29046122
0.20695923
0.32095392
0.33007286
0.33786791
0.26031234
0.29494109
0.29783734
0.25261601
0.29395548
0.23324546
0.21919613
0.27681871
0.31531497
0.28331151
0.22300143
0.19720047
0.30672767
0.32299253
0.3347292
0.27567333
0.3239698
0.32787278
0.3002517
0.30103318
0.28933251
0.20639516
0.31410106
0.34173941
0.30032079
0.28260709
0.3083103
0.32209294
0.3340716
0.2776689
0.31693039
0.3172892
0.276555
0.28995464
0.27295735
0.19267123
0.31183437
0.34275173
0.2964597
0.26689631
0
0
0
0
0
0
0
0
0
0
0
0
0
0
0
0
0
0
0
0
0
0
0
0
0
0
0
0
0
0
0
0
0
0
0
0
0
0
0
0
0
0
0
0
0
0
0
0
0
0
0
0
0
0
0
0
0
0
0
0
0
0
0
0
0
0
0
0
0
0
0
0
0
0
0
0
0
0
0.29780678
0.26762383
0.30638932
0.31612797
0.34095517
0.29375423
0.2548498
0.29269812
0.34287086
0.31465979
0.27288407
0.24534667
0.25044918
0.32500462
0.32891801
0.31551963
0.29461805
0.2738823
0.27167698
0.20448984
0.24728354
0.30227813
0.31425999
0.3117763
0.29547592
0.17321319
0.2965299
0.32612792
0.29101694
0.32583174
0.31561885
0.29753443
0.35291424
0.32308573
0.29461812
0.33113009
0.33900746
0.40288813
0.40934643
0.40991169
0.41158564
0.39098757
0.36958303
0.40960351
0.40641725
0.27960184
0.31871905
0.32836681
0.29716797
0.32829723
0.34354924
0.38070414
0.38761601
0.38542191
0.24392022
0.32449337
0.40302403
0.4026411
0.34242264
0.40413801
0.40787921
0.34827327
0.40596939
0.40419273
0.34141566
0.36302053
0.34179965
0.24761057
0.23891668
0.26843846
0.3135725
0.30878151
0.29345619
0.35660245
0.34219454
0.23337951
0.21955587
0.26574498
0.2831135
0.2709083
0.23697227
0.35705338
0.32422599
0.20615866
0.21960275
0.25634874
0.28924984
0.24816011
0.23839643
0.16634199
0.32715871
0.34023198
0.32971855
0.32489166
0.24219474
0.35016519
0.37056047
0.36464062
0.34464319
0.24045417
0.35944384
0.36438541
0.33220745
0.29669795
0.3643986
0.34723291
0.15956193
0.13225713
0.18164722
0.18453748
0.20169343
0.19286962
0.21184135
0.27218246
0.20343246
0.26159482
0.19008415
0.31118392
0.27210803
0.3252995
0.30938399
0.35388597
0.33403842
0.37545846
0.28740129
0.35101699
0.33672686
0.35111381
0.24275219
0.35911968
0.22322182
0.37163209
0.37855017
0.20152816
0.14465952
0.094772986
0.088833535
0.14876062
0.17592118
0.19378671
0.24971238
0.075099763
0.23666106
0.32440702
0.28940921
0.29270249
0.32628766
0.33963815
0.31531873
0.29296806
0.30801005
0.31018001
0.30527495
0.14892142
0.075725824
0.068158013
0.039558997
0.16308954
0.17336177
0.21155027
0.27206877
0.1107523
0.25477418
0.31989181
0.27503171
0.27566679
0.3295028
0.32886891
0.27175728
0.30850263
0.33152021
0.3358067
0.31170039
0.15179681
0.054791172
0.052936936
0.057499177
0.17687962
0.14270666
0.15989314
0.23843408
0.084117451
0.20574394
0.2661562
0.25299497
0.23191673
0.2882681
0.32394929
0.29720486
0.28416515
0.34028469
0.34762443
0.30830649
0.087045969
0.19332395
0.075157987
0.06035154
0.060143432
0.13857681
0.1596094
0.18682042
0.21514329
0.12910837
0.22972211
0.24000786
0.21366352
0.2296157
0.31408501
0.31854519
0.23909009
0.32201134
0.35829103
0.353093
0.2499692
0.089039858
0.11892982
0.072913814
0.067189994
0.071653769
0.10825459
0.17181486
0.21456756
0.21264506
0.13446259
0.20301596
0.21457259
0.20872266
0.22757454
0.28612058
0.25635348
0.20123546
0.31755515
0.35883307
0.34696889
0.24942914
0.098639189
0.12010135
0.12371022
0.083773027
0.069618877
0.099264559
0.10963746
0.20889855
0.18992425
0.19969118
0.16363367
0.20284099
0.19221214
0.1982248
0.23901002
0.26648129
0.20750978
0.25371377
0.34331379
0.36954987
0.26421019
0.29662176
0.091068154
0.11168906
0.13491022
0.074460859
0.084388107
0.13837365
0.11269224
0.14493129
0.18381231
0.20557814
0.16333611
0.19971191
0.18434034
0.2024973
0.23636612
0.25051848
0.1996534
0.23095967
0.35082225
0.36002018
0.27926522
0.27067625
0.082947922
0.10801921
0.12106136
0.14606951
0.077538772
0.127855
0.13811418
0.10861354
0.18334414
0.1717489
0.19908571
0.17164255
0.21129114
0.19159316
0.20092582
0.23991424
0.2307261
0.2466266
0.29179273
0.35572604
0.35798109
0.23751501
0.31219252
0.082225766
0.10120935
0.11183592
0.12167845
0.079416234
0.14277452
0.13996203
0.1242391
0.20051017
0.18277573
0.19325305
0.19867218
0.22295434
0.18971112
0.20138485
0.24449487
0.2378595
0.28794147
0.27734782
0.33577162
0.36160907
0.24923468
0.27337433
0.28938214
0.30676711
0.28846069
0.3046304
0.34084527
0.33555209
0.23957811
0.29003098
0.31066942
0.33220597
0.26411024
0.22320882
0.26788529
0.26216387
0.17784624
0.20922652
0.23944876
0.21424941
0.22305265
0.2499181
0.2330354
0.21025505
0.25214239
0.2381746
0.25427313
0.23036467
0.24987178
0.28977332
0.28543703
0.30845431
0.29273509
0.32615401
0.35895599
0.31212117
0.30073336
0.29932707
0.22201141
0.13678474
0.19657846
0.19143358
0.20965951
0.26850393
0.3009316
0.27169569
0.22231089
0.24636362
0.24574081
0.2806684
0.28079479
0.29630713
0.19421822
0.11563717
0.21445065
0.22088481
0.19949166
0.27102167
0.30017242
0.27160458
0.2459003
0.24199976
0.24468799
0.2699347
0.26210381
0.28358562
0.23483375
0.1601949
0.11367469
0.21489633
0.21138593
0.19528222
0.27512402
0.27981891
0.27927647
0.24889218
0.24972028
0.27115606
0.28773377
0.26345721
0.23443604
0.1882946
0.12663455
0.20474959
0.21190607
0.18999582
0.24105293
0.25559446
0.23069124
0.21542407
0.29098621
0.2897191
0.28110693
0.19578241
0.20120948
0.16276623
0.20337585
0.19139422
0.1488811
0.20201078
0.20518894
0.2240472
0.26655054
0.31927961
0.28682585
0.18453463
0.20399117
0.18920385
0.21055405
0.18218825
0.12169747
0.20060982
0.1974498
0.25322399
0.31159802
0.29983856
0.18673534
0.20184306
0.22299923
0.19465552
0.16035728
0.14898557
0.12093902
0.1991445
0.22452866
0.29024339
0.34847652
0.18527632
0.21627266
0.25017163
0.17521839
0.13015849
0.12586958
0.1386286
0.29712683
0.32790558
0.30431693
0.22630443
0.29210472
0.26709402
0.15770472
0.1865327
0.18656789
0.19577255
0.24930378
0.30791037
0.21864402
0.35727621
0.21271141
0.27583231
0.2269021
0.20959097
0.14418516
0.11751674
0.11711602
0.27666138
0.29735823
0.34785902
0.32344002
0.19841684
0.19009855
0.20914327
0.26199079
0.25877567
0.2098451
0.19704244
0.33076031
0.29424801
0.18510219
0.17938863
0.21661084
0.24143448
0.23966944
0.23578628
0.19997164
0.34597828
0.28794254
0.19533574
0.1957235
0.16946293
0.20384562
0.22151082
0.21808649
0.22298367
0.33620143
0.32023967
0.2460536
0.26554589
0.17720052
0.2064037
0.20916502
0.20317679
0.24477344
0.32923809
0.30843954
0.23051174
0.29363763
0.26947792
0.17014357
0.20491841
0.19728054
0.20377258
0.2540754
0
0
0
0
0
0
0
0
0
0
0
0
0.38732204
0.38893718
0.25517827
0.39665217
0.40436923
0.3130097
0.29691281
0.29374079
0.33514446
0.33755837
0.33005202
0.35349218
0.35683233
0.40115814
0.35792323
0.40433038
0.34585003
0.36278041
0.40670369
0.33251664
0.40974283
0.34109519
0.41415752
0.36672527
0.3790778
0.35889419
0.41036983
0.41119201
0.39947563
0.40943551
0.38093071
0.40567826
0.407483
0.40855476
0.37950068
0.40972605
0.40686198
0.40710896
0.37773859
0.36133878
0.41001853
0.3986252
0.41039356
0.40765835
0.37898178
0.40267353
0.40346802
0.35679089
0.40771041
0.40852447
0.40465924
0.34622384
0.40725549
0.40876471
0.39680564
0.41453815
0.40828982
0.41423383
0.40828713
0.41205893
0.41159029
0.41367419
0.24598875
0.30266617
0.36261956
0.36773371
0.390841
0.34252193
0.35813811
0.35039695
0.35960359
0.32481483
0.318578
0.33443335
0.39622236
0.3858983
0.32429772
0.32973694
0.37208102
0.38126578
0.32166217
0.33404976
0.3413045
0.32561559
0.31255134
0.24905763
0.2431676
0.33072295
0.32759635
0.37721687
0.32287332
0.32763837
0.36193338
0.36910304
0.27639373
0.29320842
0.33109397
0.31757645
0.3024014
0.25685666
0.19154442
0.29439247
0.33877489
0.36727357
0.30247978
0.3361398
0.35520857
0.35742947
0.27512295
0.30065524
0.28107111
0.29966225
0.31825791
0.2641852
0.19741048
0.25332189
0.26436313
0.32901519
0.21984698
0.30555742
0.3389595
0.3407905
0.27420221
0.32584765
0.32288194
0.26056159
0.32945639
0.24641497
0.19980639
0.29297482
0.26940794
0.30875396
0.22692838
0.31917843
0.33071662
0.33857973
0.26049814
0.30623326
0.31629664
0.27830183
0.30944816
0.25987244
0.23576609
0.28552347
0.32258299
0.2940307
0.24193615
0.21420594
0.30511278
0.32386071
0.33526764
0.27269699
0.32892017
0.33531044
0.3200047
0.31054075
0.30353348
0.22159167
0.31503775
0.34074166
0.30390521
0.29850107
0.29293298
0.31047059
0.32383264
0.24794758
0.31221585
0.33548299
0.32747726
0.29243254
0.28643368
0.27110975
0.21751045
0.34034632
0.32645294
0.24444717
0.3107478
0.31058551
0.32337137
0.24757972
0.30504238
0.33183737
0.31946322
0.27929942
0.27470377
0.26099105
0.20683701
0.34131391
0.32411903
0.23904796
0.29809328
0
0
0
0
0
0
0
0
0
0
0
0
0
0
0
0
0
0
0
0
0
0
0
0
0
0
0
0
0
0
0
0
0
0
0
0
0
0
0
0
0
0
0
0
0
0
0
0
0
0
0
0
0
0
0
0
0
0
0
0
0
0
0
0
0
0
0
0
0
0
0
0
0
0
0
0
0
0.32059893
0.28600221
0.31703974
0.36032613
0.27218469
0.27908329
0.34139956
0.34561957
0.33297478
0.31081771
0.22662933
0.27100401
0.32291694
0.33098264
0.32850006
0.29171494
0.30881796
0.18540584
0.31610986
0.34365235
0.30886254
0.33725571
0.32753892
0.17707988
0.33800455
0.35302214
0.34192256
0.33015817
0.28250613
0.35437255
0.34894261
0.31416241
0.33822227
0.40682539
0.41166236
0.41445759
0.38548071
0.4114555
0.36653744
0.40835385
0.34510349
0.27935913
0.35163207
0.389333
0.38720458
0.39579424
0.2746702
0.401173
0.30228044
0.405986
0.40159862
0.33537508
0.4059502
0.4060901
0.40309164
0.33744433
0.3960159
0.40381371
0.31370773
0.3710507
0.36336735
0.26877788
0.25138714
0.29235884
0.30385274
0.29264098
0.25462594
0.36684617
0.33966406
0.24089345
0.24310963
0.27900418
0.30635144
0.26826684
0.25981958
0.3526809
0.33259845
0.23190777
0.21491173
0.23960283
0.28392798
0.27796586
0.21949423
0.21351326
0.25105509
0.35685809
0.37319238
0.36773097
0.34570665
0.24875236
0.36079874
0.36526043
0.33309708
0.30336329
0.36387625
0.3463752
0.29337948
0.33414835
0.31974374
0.25847343
0.14197028
0.14889347
0.22780323
0.18711511
0.18362716
0.22358691
0.33008554
0.24437256
0.28697361
0.13550244
0.33710417
0.29903117
0.36459065
0.33122982
0.38236509
0.33334303
0.35351091
0.37528864
0.26868741
0.37804431
0.3874376
0.26587568
0.39051309
0.38953915
0.24796825
0.17589352
0.10950793
0.10144122
0.053649265
0.19405472
0.21492374
0.25384689
0.31057692
0.14579339
0.28900097
0.34606883
0.31490956
0.31342377
0.35459178
0.35208358
0.30290037
0.33182964
0.34544059
0.34769995
0.33006921
0.17573253
0.073725381
0.068485447
0.069450113
0.20480106
0.18112782
0.20168602
0.27865775
0.1048336
0.23919049
0.29169806
0.29140771
0.26534478
0.31612736
0.34525794
0.31488426
0.31006168
0.35277743
0.35839336
0.32543626
0.10341206
0.22063822
0.088688408
0.073865166
0.069974989
0.17112499
0.2017732
0.23523549
0.25996317
0.15625435
0.25730042
0.26232655
0.24697475
0.25884434
0.32989641
0.33156102
0.26199418
0.33649826
0.3670024
0.36205136
0.26455867
0.10232574
0.15129594
0.082739342
0.077612166
0.081276241
0.13431392
0.20684015
0.24576151
0.24614283
0.15250323
0.22531609
0.23374283
0.23364633
0.24505907
0.29644572
0.26995297
0.2172609
0.32874558
0.36519516
0.35393452
0.25546369
0.10765496
0.13814448
0.15674764
0.092985102
0.077827117
0.11301057
0.13090685
0.24317113
0.2145954
0.22132463
0.18303097
0.22299284
0.20353145
0.21447831
0.25316031
0.27337887
0.21240341
0.27071722
0.34781243
0.37353402
0.2770588
0.29729091
0.096662171
0.12341939
0.16775293
0.079241195
0.095518799
0.15473129
0.13068905
0.15801428
0.205572
0.22334317
0.17709322
0.21379046
0.19522511
0.21715081
0.24528906
0.25697015
0.20927467
0.24286863
0.35109383
0.36280449
0.28588672
0.27007806
0.088311954
0.11624507
0.13907718
0.17807774
0.084425981
0.14516335
0.1528636
0.12211732
0.21149732
0.18679427
0.21530449
0.18675365
0.22523252
0.20217542
0.21385064
0.24822991
0.23925675
0.26114571
0.29795873
0.35614771
0.3616193
0.24013699
0.31189314
0.086624446
0.10685143
0.12407385
0.13826172
0.086029389
0.16240978
0.15363892
0.14447325
0.22932363
0.19736665
0.20432516
0.21559151
0.23638935
0.19643681
0.21123652
0.25234895
0.24898883
0.2997304
0.28794141
0.33970628
0.36321347
0.25766326
0.27556174
0.10792984
0.10190741
0.11534178
0.11745127
0.14237265
0.13016798
0.17009801
0.17177601
0.17924884
0.2336975
0.18574263
0.1993919
0.23911912
0.23464322
0.21034512
0.2198148
0.25556707
0.27850151
0.3063702
0.28202543
0.3493434
0.35717166
0.23841694
0.29498417
0.3051103
0.36070727
0.38044003
0.33174126
0.32721195
0.31483544
0.31630313
0.34745989
0.35828621
0.26368733
0.3291834
0.18152523
0.2947524
0.27923734
0.31601497
0.23697566
0.26325235
0.25318619
0.28029319
0.30408988
0.23261775
0.27675537
0.2631832
0.29960297
0.31252515
0.32716348
0.3297662
0.32478257
0.3428193
0.30452334
0.3722467
0.38120899
0.31313604
0.30320109
0.32105328
0.22186798
0.144786
0.24830023
0.255758
0.23761471
0.30132704
0.32967914
0.29943433
0.27866524
0.27137753
0.26794192
0.29418252
0.27809389
0.30022012
0.2575216
0.18699024
0.13766467
0.25160209
0.24403724
0.23453472
0.30519594
0.30922407
0.30992123
0.27495619
0.26926592
0.29260004
0.29597781
0.27474367
0.24771563
0.20692707
0.14465315
0.24028357
0.24722235
0.22758266
0.27345854
0.28502514
0.26922517
0.24051077
0.30467309
0.29713002
0.28923208
0.20688718
0.21297743
0.18385207
0.24063057
0.22604025
0.18879133
0.23869444
0.23673735
0.24809483
0.28110082
0.32241836
0.29241022
0.19207521
0.21346674
0.20653659
0.24540111
0.2157411
0.15439625
0.21933969
0.21385331
0.26385514
0.31486183
0.30447863
0.1926202
0.20899588
0.23016383
0.21841991
0.19008503
0.1829793
0.13693903
0.21507231
0.23483608
0.29507397
0.34884803
0.19057727
0.22326381
0.25857562
0.19513268
0.14892858
0.14341375
0.14829567
0.30817062
0.30981106
0.22154883
0.35797961
0.21769833
0.28011045
0.2312707
0.22328722
0.15437854
0.12395821
0.12456522
0.30782472
0.32471487
0.3080864
0.24146285
0.30984474
0.28835684
0.17894563
0.21915451
0.19994175
0.20270466
0.25364644
0.30164401
0.24783798
0.35970321
0.2820118
0.28925146
0.23125607
0.24153168
0.15907958
0.12715902
0.16168307
0.3469417
0.33467459
0.29911984
0.20154105
0.20042214
0.24227713
0.26016824
0.25819885
0.24811057
0.21923153
0.34729687
0.29308717
0.20178128
0.20782416
0.18972986
0.22783728
0.23891472
0.23356887
0.23225884
0.3371308
0.32190913
0.24870097
0.2703786
0.19554742
0.22743671
0.22601642
0.21626841
0.25082902
0.33024312
0.31136094
0.23487794
0.29554165
0.27145564
0.18654214
0.22227832
0.21125308
0.21464254
0.25997758
0.32712224
0.31072592
0.24318654
0.30941126
0.28917131
0.19066174
0.23291336
0.21275533
0.20950204
0.25793167
0
0
0
0
0
0
0
0
0
0
0
0.39767963
0.27417394
0.39955657
0.40538004
0.4035426
0.32777324
0.31396826
0.3268521
0.35053955
0.37094518
0.35317021
0.35215191
0.37236931
0.37614198
0.40923146
0.40592987
0.35826158
0.37760836
0.40522487
0.40673358
0.4009897
0.34927556
0.41034865
0.36865445
0.41459066
0.38199148
0.38274179
0.40124951
0.35104245
0.40822118
0.38150219
0.40149948
0.37477944
0.40353917
0.40490769
0.40075969
0.36689601
0.4053842
0.39827202
0.40523199
0.37175914
0.36413147
0.4077996
0.3768571
0.40824535
0.40176424
0.39575257
0.35381246
0.40280371
0.39805863
0.39933994
0.39339832
0.35003051
0.40609405
0.40179488
0.39779267
0.35095678
0.40712464
0.40545946
0.39591203
0.41448274
0.41141592
0.41407415
0.40417433
0.41483099
0.41439604
0.41622954
0.39984777
0.41393936
0.41515117
0.34752049
0.344277
0.37618361
0.38726095
0.33987045
0.34852871
0.35444742
0.34423002
0.33077155
0.28071825
0.2805684
0.34313557
0.34740703
0.38744319
0.35073827
0.33286685
0.36421629
0.37310118
0.28017685
0.31596433
0.34402692
0.33540389
0.31888866
0.27573814
0.20702101
0.30804452
0.35469375
0.37419468
0.3315497
0.33706894
0.35645012
0.35972459
0.28354576
0.31958965
0.31048397
0.31487515
0.33567212
0.29010119
0.20274702
0.26571618
0.27932849
0.34778804
0.26257748
0.30617286
0.34045871
0.34252113
0.27320299
0.33649233
0.3385219
0.28405118
0.33970216
0.27767561
0.2136264
0.30309516
0.28651847
0.32687642
0.25536212
0.31711194
0.33145567
0.33947377
0.26469909
0.31858649
0.3322228
0.301888
0.32471607
0.28773704
0.25206876
0.29363293
0.32846193
0.30262003
0.26740765
0.23396159
0.30333197
0.32460008
0.33589099
0.27028881
0.33234592
0.34077504
0.33398959
0.31909823
0.31551492
0.23774865
0.31506532
0.3395919
0.30750835
0.31448883
0.30845765
0.31015963
0.32425739
0.24750086
0.31787725
0.33773203
0.3332616
0.30450954
0.29533633
0.27890023
0.23009264
0.33915259
0.3271141
0.25350904
0.32174336
0.28900845
0.3054003
0.29187551
0.31974869
0.33727023
0.3278648
0.31155577
0.31639863
0.28598746
0.27040285
0.32761709
0.31777054
0.31630769
0.3351465
0.28646358
0.30462655
0.28832478
0.31658207
0.33711927
0.32432432
0.30284175
0.31360608
0.27709794
0.25981574
0.32984307
0.31904969
0.31741251
0.32849705
0
0
0
0
0
0
0
0
0
0
0
0
0
0
0
0
0
0
0
0
0
0
0
0
0
0
0
0
0
0
0
0
0
0
0
0
0
0
0
0
0
0
0
0
0
0
0
0
0
0
0
0
0
0
0
0
0
0
0
0
0
0
0
0
0
0
0
0
0
0
0
0
0
0
0
0
0
0.30237265
0.30299034
0.35806071
0.36311629
0.25096664
0.29227468
0.33986267
0.34760046
0.34431642
0.20454997
0.33216574
0.3576896
0.32755378
0.34865614
0.32318116
0.33930379
0.19295692
0.34626694
0.36461983
0.35337973
0.33653668
0.26193605
0.36372348
0.37588404
0.37152178
0.34706628
0.32874767
0.19789338
0.37319542
0.33796774
0.40777177
0.32401143
0.41192253
0.37676785
0.41493908
0.4148143
0.38605671
0.38353257
0.41045341
0.40970226
0.35693882
0.36923408
0.39125625
0.39543095
0.38988524
0.30882316
0.28002461
0.3984248
0.39255926
0.31285522
0.39597004
0.38630989
0.32064739
0.40460898
0.39694972
0.3996428
0.31947374
0.38870574
0.39941524
0.37923044
0.2733239
0.37904005
0.3572558
0.27885492
0.26740774
0.29903474
0.32018787
0.29193685
0.27855551
0.36004491
0.34391256
0.26939148
0.24100727
0.26810254
0.30150603
0.29313376
0.23435014
0.23342706
0.33960345
0.30637894
0.22466918
0.2219128
0.26330135
0.27530208
0.27392337
0.26190745
0.24261808
0.25650573
0.36208477
0.36632376
0.33417961
0.30852115
0.36329928
0.34542754
0.29665442
0.33563649
0.31970594
0.29252812
0.32274925
0.28295256
0.076146653
0.15701017
0.16910373
0.25514638
0.21176958
0.23085001
0.26843855
0.34986418
0.30220989
0.32032861
0.36446815
0.34919275
0.38659034
0.35364805
0.39600252
0.3860442
0.39280034
0.28800928
0.39797912
0.40098136
0.29531941
0.39536804
0.39267525
0.30501856
0.20303255
0.10648743
0.093217589
0.087854245
0.23586461
0.2204732
0.24513011
0.31703989
0.13762746
0.27415975
0.31785337
0.32872152
0.30389143
0.34328924
0.36343265
0.33416063
0.33290309
0.3636215
0.36814544
0.34275211
0.13149725
0.24965953
0.10930374
0.095100497
0.089171155
0.2083946
0.23916393
0.27629505
0.30220946
0.19066254
0.28292799
0.28421124
0.28172435
0.28926383
0.34395592
0.34336756
0.29124725
0.34941227
0.37405323
0.36990307
0.28508777
0.12727816
0.18966619
0.10015075
0.094348967
0.097873868
0.17214171
0.2439731
0.2784334
0.28216383
0.17916658
0.25066985
0.2545351
0.26122459
0.26404269
0.30791489
0.28644863
0.24303101
0.34041708
0.37076586
0.36071405
0.26477412
0.1215706
0.16356769
0.19872279
0.10663139
0.092083504
0.13529272
0.16978368
0.27185738
0.2491602
0.25068392
0.2093577
0.2476457
0.2176656
0.23550954
0.26963337
0.28202482
0.22126926
0.29057158
0.35300235
0.37662288
0.29424667
0.29712502
0.10401576
0.14089752
0.20674902
0.08531734
0.1121615
0.17564114
0.15885934
0.17706834
0.23511061
0.24566416
0.19433107
0.23098574
0.20825167
0.23421679
0.25476068
0.26470205
0.22256779
0.25936418
0.35134434
0.36614269
0.29393572
0.26902535
0.094514682
0.12523743
0.1596439
0.21568496
0.092951572
0.16550781
0.16856221
0.14073126
0.24885606
0.20382356
0.23186451
0.20277314
0.23918166
0.21206265
0.22596931
0.25581669
0.24710247
0.27687364
0.30462224
0.35650221
0.36482154
0.24300417
0.31084054
0.093197106
0.11403951
0.13759469
0.15932693
0.096410746
0.18292924
0.17031
0.17339783
0.25977802
0.21697162
0.21945743
0.23109251
0.24928158
0.20587944
0.22293555
0.25878454
0.25840801
0.30817985
0.29588365
0.34188861
0.36442807
0.26672684
0.27584129
0.12066455
0.10896131
0.12410624
0.12962498
0.16268396
0.14732793
0.18955521
0.18731911
0.20922878
0.25717732
0.19973605
0.20927664
0.25275055
0.24553182
0.21905488
0.22879049
0.26209229
0.2879229
0.31263527
0.28718054
0.35156477
0.35945829
0.24629713
0.2962289
0.17810274
0.13465633
0.1174055
0.11798983
0.14557991
0.1409472
0.17643891
0.21021885
0.19417616
0.23735667
0.19116992
0.19899285
0.25771161
0.2411692
0.22024377
0.22748796
0.2613259
0.29680537
0.30771915
0.25590768
0.35469867
0.35801811
0.278892
0.26221784
0.35944847
0.39134463
0.39023616
0.32988561
0.35031778
0.3278653
0.36745661
0.37481546
0.25508456
0.34566537
0.34967974
0.18306055
0.3058892
0.33137064
0.34545202
0.29092615
0.29031547
0.28269759
0.31539741
0.2800501
0.32675661
0.29672052
0.30158037
0.28812105
0.33354469
0.33170729
0.32507038
0.3535416
0.35744847
0.34596822
0.37013792
0.33317144
0.37374814
0.4006384
0.38534973
0.32531863
0.29766786
0.32162437
0.28292351
0.21780115
0.17885759
0.28735581
0.27699172
0.2723439
0.33506995
0.34020808
0.33439883
0.30081464
0.28890089
0.31470197
0.30674519
0.289227
0.26409142
0.22935308
0.17386064
0.27329348
0.27790246
0.26177603
0.30484821
0.31465369
0.30451914
0.26900821
0.32063533
0.30657098
0.29906858
0.22200143
0.22952451
0.2135239
0.27276117
0.25625765
0.22839466
0.27349928
0.27172865
0.27336225
0.2978692
0.32632973
0.29909204
0.20057746
0.2239358
0.22707938
0.27245775
0.24316311
0.19284093
0.24306212
0.23825314
0.27800842
0.31852614
0.31045292
0.19751569
0.2157362
0.23837854
0.24222974
0.21975316
0.21771496
0.1569112
0.23862849
0.24872023
0.29884904
0.34948195
0.19490624
0.22979572
0.26695839
0.21431282
0.16820142
0.16067331
0.15881459
0.3189061
0.3119539
0.2264935
0.3589334
0.22379114
0.28288478
0.23778082
0.23644296
0.1669226
0.13288908
0.13431175
0.31754013
0.30320308
0.25052525
0.35959101
0.28576232
0.29239722
0.23433212
0.24946958
0.16486167
0.13031602
0.16401168
0.35104696
0.30045757
0.33486191
0.27524388
0.25484106
0.29111095
0.31226852
0.29021882
0.19500186
0.22703642
0.20780813
0.22592851
0.34438953
0.26891042
0.26892672
0.36472809
0.29803387
0.28097265
0.24581062
0.22720022
0.15007526
0.15343536
0.34700195
0.34886343
0.29971191
0.20965318
0.22346638
0.21195721
0.24882783
0.25509714
0.25163053
0.24290395
0.33818747
0.32385313
0.25087202
0.2767507
0.21656223
0.2482282
0.24454251
0.22928316
0.25675808
0.33108681
0.31333622
0.23815406
0.29733714
0.27460972
0.204054
0.23832365
0.22524327
0.2247605
0.26477479
0.32898716
0.31292489
0.24482095
0.30906768
0.28978238
0.20641591
0.24402064
0.22622393
0.21862232
0.26276262
0.30308351
0.33619473
0.27949386
0.25619729
0.29089394
0.31107497
0.2904698
0.20865009
0.23879659
0.21899346
0.23274042
0
0
0
0
0
0
0
0
0
0
0
0
0.39951673
0.3949385
0.40402365
0.40062353
0.39482158
0.36251397
0.33670379
0.3578564
0.36431
0.3786738
0.40004769
0.37138551
0.34730114
0.40530943
0.37058777
0.38422651
0.38312384
0.40357669
0.33360836
0.36730508
0.39634874
0.37080719
0.4108272
0.37686999
0.41350353
0.37198813
0.40358362
0.34069007
0.40468425
0.40053218
0.3594167
0.39680547
0.38019516
0.40275189
0.39787037
0.39721361
0.35907213
0.39134337
0.39993406
0.39141125
0.36193851
0.36463721
0.38376234
0.35548241
0.40386763
0.3988496
0.34516866
0.39908431
0.38961343
0.31703555
0.39165171
0.38736388
0.35682907
0.31986229
0.39733763
0.38967932
0.38196404
0.35968661
0.40115521
0.39324175
0.41176117
0.39843613
0.41550705
0.36783362
0.33770466
0.36747509
0.37823003
0.29142772
0.33558285
0.35532858
0.34829248
0.33294877
0.29200893
0.24142083
0.32217161
0.36428696
0.38336593
0.3540871
0.33983418
0.35829164
0.36320346
0.29258701
0.33481803
0.33219218
0.32992495
0.34740393
0.30978904
0.21084165
0.28496832
0.29475564
0.35888293
0.30735813
0.30882407
0.34217039
0.34480195
0.27596807
0.34507029
0.34847212
0.30678168
0.34624571
0.30373825
0.23245215
0.31325157
0.30097813
0.34204921
0.2879584
0.31462604
0.33234865
0.34068875
0.27420701
0.32895912
0.34255112
0.31982591
0.3351925
0.30827798
0.26555346
0.30039216
0.33304163
0.30985989
0.2992145
0.26303085
0.3023251
0.32549967
0.33663789
0.26813483
0.33493503
0.34412499
0.3415591
0.32668662
0.32352684
0.25702098
0.31584101
0.33829062
0.31117782
0.32944582
0.32328023
0.30935981
0.32440431
0.24879788
0.32224616
0.33920398
0.33756653
0.31576664
0.30314958
0.2857895
0.24237613
0.33743724
0.3266068
0.26386326
0.33136602
0.29113331
0.30607692
0.29584679
0.32204826
0.33703636
0.33008956
0.31840241
0.31817735
0.29262424
0.27917284
0.32527557
0.31621324
0.31502102
0.33992823
0.28805381
0.31845482
0.31536857
0.32583699
0.33348717
0.33488577
0.31670168
0.31137563
0.29034135
0.30791491
0.31591333
0.30956779
0.30901746
0.35006717
0.28612643
0.32040821
0.31021721
0.32491912
0.33403765
0.3303339
0.31516317
0.30981167
0.28444157
0.30661896
0.31613828
0.31143894
0.31115307
0
0
0
0
0
0
0
0
0
0
0
0
0
0
0
0
0
0
0
0
0
0
0
0
0
0
0
0
0
0
0
0
0
0
0
0
0
0
0
0
0
0
0
0
0
0
0
0
0
0
0
0
0
0
0
0
0
0
0
0
0
0
0
0
0
0
0
0
0
0
0
0
0
0
0
0
0
0
0.27619671
0.31100767
0.35437217
0.23122812
0.34546215
0.36914777
0.34467831
0.35920123
0.21606798
0.353013
0.37403736
0.36296498
0.35018541
0.34367483
0.27689543
0.36956276
0.37845948
0.37551398
0.34905768
0.2653774
0.36317044
0.36751741
0.33610686
0.31240195
0.35637014
0.17346737
0.34638234
0.30166688
0.40697779
0.32771345
0.41382814
0.36668455
0.41403953
0.41256092
0.39201455
0.41009677
0.37654151
0.40296149
0.36987905
0.39141315
0.39105629
0.38382477
0.389154
0.31720067
0.29322007
0.39692787
0.38839089
0.37922691
0.31648718
0.37374559
0.33076627
0.39030997
0.39468272
0.38514446
0.32038115
0.38863858
0.36313919
0.37803289
0.29419102
0.37024651
0.35749006
0.30705531
0.26835338
0.29183758
0.3153168
0.3054393
0.25343156
0.25591242
0.34589018
0.31638341
0.25641495
0.24349634
0.28094284
0.28801692
0.28662802
0.27553975
0.26645245
0.35086181
0.30784182
0.22024546
0.24403359
0.2351636
0.26695823
0.26932601
0.2695365
0.25546087
0.31314723
0.36277573
0.34441334
0.29935735
0.33695857
0.31969815
0.29712053
0.32389166
0.29183231
0.29422234
0.11424822
0.3095776
0.12354023
0.30956639
0.14779784
0.2355912
0.27415494
0.26158215
0.28431778
0.39448221
0.3544613
0.40382998
0.36437751
0.40227854
0.40569274
0.30810051
0.40767813
0.40442174
0.3251755
0.39575336
0.35299731
0.16836327
0.281778
0.13600389
0.12147743
0.11982101
0.24856661
0.27430962
0.31199552
0.33896019
0.2254049
0.30826085
0.30686628
0.31782575
0.31895785
0.35779341
0.35653084
0.31932653
0.3609595
0.37983102
0.37715925
0.30915273
0.16442609
0.22807771
0.12698139
0.11898557
0.12614359
0.21613992
0.27858076
0.30922441
0.31515734
0.21455044
0.27656838
0.27463903
0.28957202
0.28468234
0.32048487
0.30332598
0.27337736
0.35139677
0.37539837
0.3669438
0.28039895
0.14175076
0.19582223
0.24045091
0.12536492
0.11864816
0.170921
0.21957245
0.30005972
0.28719497
0.28182435
0.23974308
0.27243825
0.23380961
0.25866571
0.28607365
0.29151842
0.23856094
0.31050816
0.35816714
0.37873221
0.31360013
0.29571887
0.11583271
0.16928859
0.24797231
0.094714711
0.13922405
0.20347919
0.20130652
0.216985
0.26844386
0.27331321
0.21746292
0.25145813
0.22470196
0.25487982
0.26515299
0.27417624
0.24239038
0.28145789
0.35229176
0.36884979
0.30344724
0.26783638
0.10334802
0.13775147
0.18744594
0.2523579
0.10493438
0.19362492
0.18909375
0.17066812
0.29115114
0.2264747
0.25163093
0.22350174
0.2558036
0.22268696
0.23951169
0.26452498
0.25692343
0.29596664
0.31231417
0.35659725
0.3675988
0.2484866
0.3090938
0.10151202
0.12203103
0.15119617
0.18369182
0.10887267
0.20564258
0.18765503
0.21342244
0.2923922
0.24156306
0.23569155
0.24602961
0.2611904
0.21531041
0.23388553
0.26422565
0.26688113
0.3154051
0.30265053
0.34354858
0.36539352
0.27601909
0.27573326
0.13685613
0.11992332
0.13412776
0.14401895
0.19092134
0.16796674
0.20889262
0.20390631
0.24593075
0.28077872
0.21766686
0.22308209
0.26432516
0.2558937
0.22839535
0.23759225
0.26736433
0.29563366
0.31704212
0.28883854
0.35280691
0.36112841
0.25356707
0.29655477
0.20197573
0.14830697
0.12485642
0.12932728
0.16193328
0.16052134
0.1922464
0.22494587
0.21740959
0.25711543
0.20254248
0.20690993
0.26689276
0.24962804
0.2272413
0.23413776
0.26620451
0.30279544
0.31174085
0.26405097
0.35514212
0.35770836
0.29286597
0.2675662
0.25487214
0.2775589
0.17541039
0.1327318
0.14039702
0.18282529
0.17551236
0.20774298
0.23610893
0.2087244
0.23931665
0.19909095
0.20049718
0.26193932
0.23665461
0.23986935
0.23837841
0.27722315
0.31534838
0.27809053
0.33540228
0.35887412
0.34710305
0.28321504
0.27684197
0.39775898
0.39847121
0.40483511
0.32109757
0.34717117
0.40374135
0.31110613
0.38075038
0.37861038
0.38918582
0.24997645
0.36531712
0.35963109
0.37812744
0.22967332
0.3436071
0.36766532
0.38553896
0.32651074
0.334324
0.31394214
0.351306
0.36637767
0.31468796
0.35073806
0.35994639
0.36252192
0.36619986
0.38002664
0.36797154
0.35802908
0.38008142
0.38573128
0.4058816
0.39220277
0.40824959
0.33554486
0.32115969
0.30753565
0.28581884
0.25633551
0.21576543
0.30626361
0.30804913
0.29666307
0.33587261
0.34400369
0.33180635
0.29666936
0.33993665
0.31779362
0.3101771
0.24105635
0.25056811
0.25019969
0.29961862
0.28305861
0.26512347
0.30624753
0.30469703
0.2980363
0.31663814
0.33156831
0.30685582
0.21137535
0.23740096
0.25025958
0.29254741
0.26539774
0.22861293
0.26951107
0.2695882
0.2935124
0.32302743
0.31717985
0.20224891
0.22310169
0.24831398
0.26390856
0.24588655
0.24501709
0.18174108
0.26896833
0.27118846
0.30205495
0.35027681
0.19880907
0.23587195
0.27655344
0.23537214
0.1853363
0.17590633
0.17088594
0.33020178
0.31388946
0.23036882
0.35991486
0.22893959
0.28586373
0.24402575
0.24776359
0.17951909
0.14315222
0.14457166
0.32683651
0.30538273
0.25345046
0.35940104
0.28941785
0.29537541
0.23865049
0.25656124
0.17281574
0.13541726
0.16789477
0.35438337
0.3442537
0.27049267
0.27088173
0.36371531
0.30006907
0.28185285
0.24897418
0.23033788
0.15244992
0.15466583
0.29355918
0.33304909
0.28233701
0.26964415
0.29339308
0.30718608
0.28766739
0.20196743
0.23061778
0.21637877
0.23509299
0.34451915
0.29309822
0.27607788
0.35605536
0.30200952
0.28496495
0.25213462
0.2357565
0.15471767
0.16530277
0.34696992
0.33955548
0.32614571
0.25388448
0.28412831
0.23760885
0.26425541
0.2617815
0.24308194
0.26325634
0.33207987
0.31515122
0.24155103
0.29891198
0.27860074
0.22283364
0.25345876
0.23938209
0.23384369
0.26883144
0.33056778
0.31458238
0.24658046
0.3087513
0.29046627
0.22260789
0.25358561
0.23852718
0.22755646
0.26683729
0.30494586
0.33682662
0.28264372
0.25846452
0.29082116
0.31032802
0.29067817
0.22259973
0.24916829
0.23076744
0.23956639
0.29770364
0.33230572
0.28584947
0.27028532
0.29320129
0.30595423
0.28690207
0.21333131
0.24020336
0.22680295
0.24167374
0
0
0
0
0
0
0
0
0
0
0
0.40243929
0.39916496
0.39519634
0.38875639
0.37724296
0.36064647
0.36865778
0.35974733
0.37132472
0.39037001
0.33776931
0.40243506
0.32437493
0.37033328
0.3821486
0.37831576
0.39459673
0.38495379
0.31779533
0.34689931
0.38986964
0.39290068
0.39035535
0.36319767
0.40762981
0.38490025
0.41252307
0.3874412
0.4037992
0.35326189
0.39263911
0.34420592
0.38249933
0.37157173
0.39167025
0.39133773
0.30603754
0.38018265
0.38681128
0.34892601
0.36434041
0.38185703
0.36921794
0.3555933
0.39330586
0.39448642
0.34432699
0.38347376
0.30524989
0.38567291
0.38367532
0.37846182
0.37843153
0.33744547
0.36728321
0.28633873
0.38864372
0.3798789
0.37402641
0.36803948
0.40009655
0.39865934
0.38423539
0.41104354
0.40612805
0.4107537
0.3935567
0.41334307
0.3684688
0.34468667
0.36077942
0.36843733
0.30221781
0.34580749
0.34676746
0.34277396
0.35367882
0.32132544
0.22547542
0.30327831
0.30914044
0.363317
0.34071066
0.31244362
0.34391838
0.34774565
0.28338085
0.35038635
0.35376315
0.32515554
0.34911003
0.32211392
0.25275896
0.32127037
0.31313246
0.35180027
0.31930457
0.31248396
0.33343095
0.34229478
0.28511232
0.33592568
0.34843915
0.33311048
0.34037079
0.32236055
0.27635708
0.30603894
0.33616539
0.3157909
0.32625784
0.29900508
0.30243799
0.32656214
0.33753836
0.26594046
0.33594974
0.34515939
0.34474992
0.33216452
0.32797963
0.27568732
0.31685734
0.3368196
0.31451024
0.34029066
0.33734964
0.308661
0.3244179
0.25227913
0.32577766
0.33967045
0.33952557
0.32554506
0.31069848
0.29376278
0.25488137
0.33527973
0.32491251
0.27616505
0.3394593
0.29395129
0.30671845
0.29899886
0.32329736
0.33634395
0.33148768
0.32364186
0.31950834
0.29850864
0.28701993
0.32308593
0.31476331
0.31365087
0.3434304
0.29001857
0.31648942
0.31893698
0.32635873
0.33278006
0.3377422
0.317542
0.31216949
0.29365043
0.3086902
0.31516426
0.30757123
0.30694755
0.35187653
0.29367105
0.30680983
0.31600644
0.32667899
0.33125925
0.33349783
0.32171905
0.31113217
0.29375207
0.30075657
0.30838066
0.29211415
0.29877759
0.3448663
0.28888485
0.30642342
0.31378141
0.32668936
0.33229142
0.33192848
0.32268608
0.31129036
0.2917346
0.29966767
0.30941011
0.29327823
0.29984104
0
0
0
0
0
0
0
0
0
0
0
0
0
0
0
0
0
0
0
0
0
0
0
0
0
0
0
0
0
0
0
0
0
0
0
0
0
0
0
0
0
0
0
0
0
0
0
0
0
0
0
0
0
0
0
0
0
0
0
0
0
0
0
0
0
0
0
0
0
0
0
0
0
0
0
0
0
0
0.26206561
0.3571796
0.37904285
0.24392031
0.3592922
0.38157991
0.37110074
0.29346421
0.37423031
0.38097569
0.37918563
0.35101048
0.3522964
0.27616198
0.36387989
0.36850116
0.33924487
0.31858982
0.36245227
0.34343984
0.25690842
0.33491909
0.37902826
0.15563332
0.33140786
0.29188
0.40024942
0.36766726
0.41086187
0.4110318
0.40704487
0.38231529
0.37270847
0.40578526
0.40299893
0.38762823
0.3772664
0.38500763
0.37822588
0.34118538
0.29716841
0.3685745
0.30903761
0.38217063
0.36994893
0.35960574
0.32522957
0.36402386
0.34928809
0.31524027
0.38412853
0.37934756
0.37424508
0.27232676
0.35635798
0.36909864
0.34670749
0.27651824
0.35373491
0.32924325
0.29327202
0.26530874
0.29599041
0.29883502
0.29709385
0.28815636
0.28774415
0.35346933
0.31715632
0.23877126
0.26707151
0.25760318
0.2821667
0.28174125
0.28563257
0.26986418
0.34134657
0.32855285
0.25840301
0.2919931
0.25594494
0.27630499
0.27627743
0.25708794
0.27047082
0.30158751
0.33841699
0.32026261
0.30123469
0.32475814
0.29729818
0.29663516
0.2941568
0.15095579
0.33194283
0.1662086
0.33109009
0.20756502
0.32018675
0.29621506
0.30657653
0.34297062
0.4051446
0.37144324
0.4101089
0.40987138
0.40973539
0.32010446
0.40798508
0.40615816
0.35249326
0.40279338
0.3953816
0.20546174
0.26476766
0.15855174
0.15084315
0.16544072
0.25888228
0.31103712
0.33750086
0.34477267
0.25049354
0.30064748
0.29339022
0.31841951
0.30727403
0.33423954
0.32007481
0.30172172
0.36172929
0.37929044
0.37284416
0.29949029
0.16768206
0.23277599
0.2784662
0.14824321
0.15865974
0.2151103
0.26673439
0.32662138
0.31992735
0.31119375
0.26828094
0.29399482
0.25197196
0.28284219
0.30185061
0.30199564
0.26376578
0.32857614
0.36288401
0.38000821
0.33015179
0.2937283
0.1376044
0.20933889
0.28372725
0.11194111
0.17739063
0.23466331
0.25133929
0.26532787
0.30036498
0.29983355
0.24507038
0.27255911
0.24350594
0.27629895
0.27610904
0.28439797
0.26640752
0.30420201
0.3539494
0.37066919
0.31534589
0.26737108
0.11857361
0.15683798
0.22268145
0.28469128
0.12445967
0.22997427
0.21690253
0.22479805
0.32245238
0.25587515
0.27492603
0.24928148
0.27433741
0.2351489
0.25506031
0.27448386
0.26976521
0.31488449
0.32012155
0.35640656
0.36984986
0.25889092
0.30636849
0.11375885
0.13264073
0.1682571
0.21344119
0.127874
0.23303349
0.2094262
0.26091041
0.3198366
0.27040615
0.2542504
0.26273212
0.27407782
0.2251331
0.24490758
0.26964642
0.27633216
0.32257839
0.31011127
0.34505445
0.36609681
0.2870423
0.27631516
0.15630557
0.13339912
0.14468888
0.16012091
0.22538273
0.1934412
0.23021634
0.22025908
0.28640318
0.3051631
0.2380914
0.23770724
0.27481968
0.26516185
0.23648803
0.24521493
0.27189676
0.30308894
0.32080916
0.28915729
0.35360736
0.36196685
0.26199289
0.29700762
0.22693898
0.1650584
0.13481444
0.14521273
0.1841024
0.18735801
0.2102564
0.23882025
0.24170019
0.27625113
0.21984134
0.21831405
0.27434308
0.2588463
0.23592241
0.24136642
0.27017104
0.30717435
0.31424864
0.27090645
0.35511251
0.35723757
0.30306239
0.27199763
0.27726206
0.29353329
0.19143127
0.14829692
0.15896787
0.2049203
0.19836736
0.22318061
0.24633106
0.22872627
0.25645949
0.20940301
0.20719486
0.26797564
0.24285092
0.24830307
0.24333249
0.28129974
0.31725102
0.28235104
0.33647202
0.35747037
0.34801773
0.29301024
0.28237604
0.28139729
0.31290827
0.21467994
0.14755994
0.14544676
0.18044766
0.19485293
0.22310892
0.25125609
0.20319075
0.24680812
0.2147587
0.20060391
0.26340639
0.23403371
0.24778851
0.24002233
0.28114654
0.31769729
0.27859503
0.333499
0.35256228
0.34810262
0.29999814
0.27013109
0.39718961
0.40995116
0.40561493
0.33899503
0.40737882
0.32842451
0.40577502
0.31367362
0.38580772
0.39581286
0.3994866
0.28714055
0.37263357
0.39539504
0.38846271
0.25959629
0.36633531
0.39626763
0.39709901
0.34067342
0.34943903
0.35095456
0.36610138
0.33488451
0.37789275
0.34148247
0.36133915
0.37408788
0.38324036
0.3645333
0.38853103
0.36879738
0.37812164
0.38474192
0.40809621
0.41115003
0.41130163
0.36211766
0.33098025
0.32281318
0.2650649
0.27638053
0.28853836
0.32387067
0.3095108
0.30254379
0.3368995
0.33250481
0.32121464
0.33734582
0.33838122
0.31551184
0.2250026
0.25505189
0.2736925
0.30938856
0.28596919
0.26235946
0.29674071
0.30277478
0.30976727
0.32822688
0.32515997
0.20796826
0.23206141
0.26150586
0.28306369
0.2679751
0.26655623
0.21283324
0.29802128
0.29769063
0.30560819
0.35134456
0.20307236
0.242462
0.28786015
0.25629718
0.20077024
0.19030215
0.18468308
0.34064963
0.31599947
0.23323387
0.36112951
0.23411733
0.28928443
0.24963076
0.25828127
0.19117428
0.15297963
0.15346587
0.3370989
0.30729762
0.25608574
0.3592718
0.29260371
0.29761101
0.24277454
0.26181993
0.1807486
0.14223179
0.17181394
0.35744358
0.3438136
0.27253412
0.27416149
0.36222049
0.30234474
0.28283039
0.25374365
0.23462551
0.15614155
0.15727753
0.34338715
0.29417472
0.27696644
0.3524712
0.30149888
0.28559518
0.25379798
0.2370639
0.15614206
0.16629177
0.29141654
0.31253531
0.3084656
0.25687145
0.20016307
0.2765654
0.29269383
0.30943365
0.28103813
0.20782245
0.23019945
0.23167077
0.34952405
0.30307541
0.28179594
0.28829976
0.35262285
0.2737828
0.25883367
0.27469796
0.19788343
0.16749262
0.34427234
0.33334733
0.31708038
0.2459299
0.30093306
0.28297064
0.2409808
0.2659069
0.25299305
0.24322887
0.27294445
0.33231279
0.31617472
0.24868774
0.30828343
0.29125477
0.23974835
0.26215296
0.25071481
0.23567179
0.27047462
0.30649647
0.33728356
0.2846972
0.26097105
0.29072787
0.30960738
0.29050532
0.23533914
0.25820923
0.24058746
0.24530734
0.30048632
0.33136373
0.28854941
0.27160413
0.29275084
0.30485825
0.28616866
0.22611505
0.24956926
0.23719206
0.24799319
0.29398632
0.31248981
0.30964912
0.26275078
0.20030352
0.27691903
0.29259544
0.30823339
0.28036422
0.21689317
0.23884556
0.24032596
0
0
0
0
0
0
0
0
0
0
0
0
0.39438344
0.38732319
0.3847476
0.3745933
0.35808566
0.37843756
0.34848399
0.3738066
0.32623953
0.31153376
0.39597511
0.3901897
0.35774346
0.38863004
0.37005015
0.37937145
0.35239884
0.37767351
0.31149859
0.32898347
0.38349106
0.3687097
0.40404945
0.38933323
0.40902386
0.39337233
0.40496082
0.34492317
0.38670364
0.35199596
0.37627334
0.36386231
0.3857009
0.38470889
0.31243069
0.37194259
0.37911137
0.36024233
0.35223536
0.35527586
0.37320083
0.35191218
0.36030743
0.35024128
0.35485094
0.38582799
0.37660582
0.37428866
0.37715268
0.36303288
0.32774355
0.37416596
0.37059806
0.31669788
0.32125093
0.35716741
0.2464961
0.37356283
0.36517833
0.35647153
0.36172875
0.39313668
0.37527727
0.40610233
0.36072602
0.31839505
0.34594255
0.35191357
0.29313446
0.3524617
0.35608976
0.3383156
0.34819923
0.33295249
0.27126022
0.32741172
0.3230376
0.35441006
0.34430635
0.31147814
0.33487086
0.34435097
0.29384894
0.3392445
0.35006276
0.3411506
0.34066431
0.33049593
0.28616015
0.31146277
0.33818477
0.32078746
0.34328504
0.33062724
0.30364665
0.32758287
0.33853981
0.26423612
0.33528925
0.34413556
0.34514397
0.33436669
0.33003889
0.29068758
0.31795451
0.33511502
0.31714144
0.34662867
0.34925145
0.3085887
0.32440176
0.25813466
0.32726754
0.33868057
0.33941806
0.33171062
0.31694084
0.30132748
0.26955588
0.33278243
0.32266267
0.28856221
0.34457978
0.29792364
0.30784468
0.30156488
0.3238469
0.33494309
0.33180759
0.32698821
0.32059171
0.3038166
0.29377196
0.32079559
0.3129703
0.31164032
0.3450357
0.29264943
0.31423057
0.32094816
0.32630934
0.33167859
0.33896899
0.3179882
0.31235442
0.29577685
0.30880805
0.31398922
0.30506397
0.30449492
0.35226474
0.29736532
0.30667693
0.31703467
0.32663862
0.33024377
0.3334635
0.32075044
0.3105944
0.29450489
0.30071245
0.30624056
0.29097486
0.29777359
0.34133298
0.30145212
0.32837523
0.31625476
0.32737449
0.34183143
0.31859697
0.29861961
0.3152095
0.2924417
0.29950899
0.29575785
0.30078684
0.28689665
0.34609215
0.30268291
0.32838211
0.31517986
0.32805666
0.320312
0.30008993
0.31590328
0.29222636
0.29930969
0.2977112
0.30307757
0.28647084
0
0
0
0
0
0
0
0
0
0
0
0
0
0
0
0
0
0
0
0
0
0
0
0
0
0
0
0
0
0
0
0
0
0
0
0
0
0
0
0
0
0
0
0
0
0
0
0
0
0
0
0
0
0
0
0
0
0
0
0
0
0
0
0
0
0
0
0
0
0
0
0
0
0
0
0
0
0
0
0
0.27221245
0.36621688
0.38800636
0.30939539
0.37822477
0.38362004
0.38233501
0.28826233
0.36481883
0.3694354
0.35706791
0.34330077
0.32467056
0.36241422
0.34333565
0.30394405
0.3402202
0.32210168
0.27988858
0.32214091
0.20456646
0.31131552
0.29632964
0.39987582
0.37359252
0.39538477
0.40498242
0.40134769
0.36198656
0.342343
0.39321754
0.37148455
0.38359477
0.37626783
0.35721917
0.37465838
0.32568287
0.28620768
0.3579674
0.34401683
0.30717766
0.36556012
0.35129109
0.3378529
0.30685742
0.33225119
0.30422178
0.36754909
0.36992169
0.35771881
0.29915143
0.35268133
0.33440146
0.33960205
0.30157674
0.35688958
0.32667528
0.27363101
0.28972217
0.27684737
0.29370441
0.29169611
0.29720672
0.28493287
0.34351477
0.33104888
0.26508457
0.29953877
0.27060534
0.28526931
0.28707662
0.26967541
0.27797653
0.33487914
0.31906203
0.2520491
0.30348128
0.2874278
0.25697188
0.27541928
0.26519586
0.2530257
0.27764736
0.30570639
0.32576517
0.301679
0.2984167
0.2995504
0.29826517
0.1827813
0.36098307
0.19118242
0.24644495
0.30440147
0.29807264
0.34138104
0.36341765
0.4115974
0.37177182
0.41039214
0.40469353
0.34186623
0.40031412
0.39016254
0.35333158
0.19898821
0.27074812
0.31222281
0.17584664
0.20006575
0.25496494
0.30605472
0.35172242
0.34710011
0.3384146
0.2932252
0.31267117
0.27301068
0.30705119
0.31724353
0.31399501
0.29062414
0.34441021
0.36714087
0.38038807
0.34299721
0.29613629
0.1695595
0.25051765
0.31409685
0.14432143
0.217853
0.26611551
0.29520968
0.30689811
0.32796076
0.32352924
0.27345053
0.29232567
0.26254807
0.29606915
0.28773354
0.29467247
0.29028991
0.32350124
0.35602603
0.37154224
0.32821395
0.27016374
0.145157
0.18316345
0.25709561
0.31159094
0.15761976
0.266959
0.24905218
0.27999411
0.34481819
0.28900276
0.2964787
0.27513598
0.29184115
0.24918159
0.2704578
0.28436262
0.28398904
0.32984731
0.32722685
0.35579951
0.37110753
0.27503677
0.30258132
0.13550764
0.14962227
0.19073329
0.24790874
0.16219014
0.26207858
0.23757527
0.30174076
0.34026051
0.29817581
0.27538525
0.27956203
0.28710685
0.2363399
0.25640267
0.2751105
0.28666322
0.32909319
0.31734966
0.34581839
0.3663061
0.29999404
0.27908951
0.18518122
0.1519681
0.1591075
0.1819304
0.26018016
0.22511217
0.25543182
0.23966907
0.31838404
0.32564467
0.26201731
0.25319528
0.28573661
0.27497526
0.24495459
0.25302954
0.27652145
0.31117456
0.32422897
0.28916557
0.35417381
0.36200342
0.27384954
0.29837299
0.25463078
0.18182977
0.14665805
0.16634751
0.21068458
0.21918445
0.22859624
0.2515987
0.26583376
0.29569686
0.239868
0.23168749
0.28013838
0.26684231
0.24417619
0.24756344
0.27333799
0.31073
0.31608065
0.27680067
0.35481625
0.35648214
0.31214971
0.27693533
0.29766763
0.30797386
0.20789788
0.16936442
0.18560745
0.23198371
0.22390029
0.23811516
0.25519848
0.24940679
0.27234838
0.22430531
0.21653307
0.27342818
0.25070633
0.25623976
0.24835019
0.28425283
0.31841852
0.28536638
0.33673282
0.35605436
0.34812281
0.30078025
0.28671665
0.29725824
0.32349452
0.23429917
0.16596415
0.16175423
0.19676114
0.21703869
0.23628194
0.25742217
0.21772723
0.26113542
0.22427503
0.20569284
0.2676679
0.2387648
0.25376469
0.24321996
0.28397893
0.31726374
0.2840877
0.33417264
0.3506684
0.34624057
0.30753915
0.27819919
0.26915009
0.31746999
0.29499317
0.20338641
0.15741496
0.16826905
0.18765892
0.22338906
0.24535286
0.2586639
0.21918855
0.25725816
0.21619254
0.20398297
0.25377722
0.23836797
0.26969145
0.25200807
0.30032759
0.30237987
0.31226396
0.34871111
0.34486571
0.33195673
0.29924139
0.293928
0.40978913
0.40738209
0.40828612
0.34544045
0.33659445
0.40843335
0.40841459
0.40833024
0.4091789
0.29519766
0.39863953
0.40576537
0.40699077
0.30723087
0.40258386
0.3966747
0.40412319
0.32466945
0.3820708
0.40270104
0.38821311
0.39736001
0.34689072
0.3756839
0.34223934
0.38407202
0.38558049
0.33840796
0.37692244
0.38674576
0.38722622
0.36294461
0.38837965
0.38534201
0.38411057
0.41101045
0.41003502
0.40731855
0.35866087
0.34749214
0.32569989
0.242386
0.27662849
0.29550451
0.32594216
0.30826751
0.29737003
0.32374481
0.33064345
0.32656407
0.33397224
0.33403732
0.2165303
0.24287368
0.27684127
0.30005355
0.28710221
0.28536459
0.25117118
0.32382935
0.32309743
0.31020385
0.3529901
0.20824495
0.25021827
0.29890044
0.27770464
0.21688266
0.20809466
0.20253676
0.34931872
0.31870871
0.23558891
0.36219269
0.24012515
0.29334078
0.25543
0.26832467
0.20163293
0.16173624
0.16082871
0.34759017
0.30917981
0.25879445
0.3587328
0.29590597
0.2997259
0.24617536
0.26654554
0.18761901
0.14869162
0.1758668
0.35929602
0.34315369
0.27471567
0.27717236
0.3597496
0.30400669
0.28366943
0.25840213
0.23833337
0.16107906
0.16025313
0.34208854
0.29430341
0.27836077
0.34882275
0.30082784
0.28641017
0.25641753
0.23900284
0.15842495
0.16843168
0.34713378
0.30341862
0.28158257
0.28835148
0.27388529
0.25932189
0.27499451
0.1987205
0.16839963
0.28759692
0.30449222
0.31356501
0.26603401
0.21565842
0.27948165
0.29672115
0.30381912
0.27748075
0.21561167
0.23073513
0.23726881
0.3447143
0.31627574
0.28519503
0.28236854
0.31857013
0.26811373
0.2601376
0.27205669
0.19901227
0.17829748
0.33345342
0.33414663
0.31771599
0.25125446
0.30743856
0.29159442
0.25530522
0.26901102
0.26219195
0.24424227
0.27413058
0.30823955
0.33751191
0.28627763
0.26362697
0.29060985
0.3086438
0.28995967
0.2474685
0.26672741
0.249625
0.2506241
0.30293336
0.33022514
0.29079319
0.27291607
0.2923361
0.30376602
0.28512904
0.23670301
0.25746756
0.24559705
0.25342657
0.2953298
0.31204839
0.31020925
0.26729256
0.20196845
0.27721253
0.29238115
0.30727506
0.27975861
0.22754661
0.2479237
0.24789968
0.28859783
0.30316324
0.31275708
0.26979627
0.21607835
0.27917239
0.29634484
0.3016801
0.27712436
0.22372081
0.23821764
0.2443955
0
0
0
0
0
0
0
0
0
0
0
0
0.38005607
0.37628989
0.36746963
0.37002414
0.36278788
0.38577694
0.33142047
0.35770803
0.31287862
0.37230563
0.32449002
0.38294494
0.34832588
0.36727451
0.35916834
0.37007297
0.37249726
0.34878787
0.37599434
0.36801375
0.35946341
0.29135565
0.32864494
0.37090708
0.38007982
0.37545335
0.35617782
0.40010271
0.38870568
0.40046267
0.38544664
0.39799577
0.36172355
0.36283302
0.32809877
0.36637516
0.34935568
0.37736765
0.37066646
0.30334303
0.34725209
0.35321825
0.35098707
0.35552749
0.36214935
0.36379932
0.34586245
0.3334425
0.34661187
0.34356108
0.3708487
0.35684329
0.33754894
0.36566553
0.36031258
0.36418918
0.3471455
0.33178364
0.3305633
0.34513546
0.35341858
0.32940276
0.28661495
0.3602117
0.3483483
0.34377698
0.34895117
0.38964785
0.38571056
0.35748633
0.3962699
0.35933864
0.31269205
0.33693411
0.34708284
0.30115671
0.33860049
0.34805167
0.34472516
0.33622431
0.33251363
0.29640427
0.31620513
0.33919564
0.32459857
0.35011201
0.35269279
0.3052075
0.32855633
0.33969835
0.26509356
0.33209118
0.34056511
0.34323754
0.33283203
0.32972242
0.3013005
0.31942505
0.33314374
0.31874928
0.34823148
0.35745188
0.30956841
0.32474623
0.26679292
0.32592461
0.33602195
0.33762679
0.33295849
0.32059158
0.30660095
0.28417624
0.33014935
0.31997484
0.29746098
0.34543747
0.30206812
0.30982621
0.30359119
0.3232003
0.33267757
0.33074921
0.32783848
0.32106537
0.3069717
0.29846667
0.3186874
0.31082133
0.30864653
0.34425352
0.29660267
0.31134914
0.32150103
0.32578825
0.32984851
0.33801555
0.3179187
0.3117613
0.29700826
0.30887332
0.3119814
0.30187763
0.30144744
0.3504057
0.30049078
0.30614219
0.31670514
0.32608936
0.32894245
0.33169985
0.31950435
0.30959802
0.2946318
0.30004271
0.30323822
0.28950826
0.29712881
0.33590049
0.30022967
0.32685722
0.31657017
0.326655
0.33801518
0.31687573
0.29693316
0.31439621
0.2915508
0.29868413
0.29355773
0.29926903
0.2862415
0.33924293
0.32334764
0.31351275
0.32452611
0.32851146
0.31527522
0.29701663
0.31417572
0.28741223
0.29008423
0.29146083
0.28824137
0.27763874
0.31019338
0.32468992
0.31297312
0.32545873
0.31785035
0.29878181
0.31491492
0.28699211
0.28975014
0.29358452
0.28949337
0.27731085
0
0
0
0
0
0
0
0
0
0
0
0
0
0
0
0
0
0
0
0
0
0
0
0
0
0
0
0
0
0
0
0
0
0
0
0
0
0
0
0
0
0
0
0
0
0
0
0
0
0
0
0
0
0
0
0
0
0
0
0
0
0
0
0
0
0
0
0
0
0
0
0
0
0
0
0
0
0
0
0.32538727
0.38203365
0.38642886
0.30099558
0.36612974
0.37089911
0.32992002
0.3628428
0.34499065
0.34784437
0.30662302
0.34224528
0.32536197
0.31128463
0.32713754
0.31391399
0.28601829
0.32789675
0.23587392
0.29312586
0.340236
0.38742919
0.38601457
0.39293034
0.38325508
0.36095041
0.37389336
0.33501405
0.36618354
0.34422004
0.36409938
0.35127469
0.3074899
0.31112558
0.33013004
0.29056335
0.34971579
0.33017459
0.31727823
0.30025563
0.3408743
0.32255408
0.31089101
0.29764864
0.3188741
0.30493917
0.30079947
0.36354228
0.34926167
0.34716292
0.29605276
0.32511664
0.33019699
0.31679487
0.34603129
0.33351283
0.27401428
0.30528112
0.28169399
0.29095409
0.29321804
0.28019198
0.28505838
0.33659041
0.32082054
0.26049064
0.30638565
0.29079714
0.27011589
0.2812351
0.2753749
0.26206099
0.28294935
0.33581677
0.31895686
0.25464823
0.30583108
0.29086854
0.26675213
0.27387436
0.2718239
0.25341438
0.27782964
0.30573904
0.30032094
0.30378777
0.30199558
0.2088218
0.37231889
0.23771746
0.3125226
0.34443355
0.33894895
0.37647517
0.37002497
0.40942685
0.40250229
0.39939565
0.35002893
0.38339429
0.37850548
0.20661864
0.28784476
0.34242078
0.18437676
0.25440763
0.29391218
0.32982047
0.3373586
0.3503955
0.34454362
0.29771517
0.30902805
0.28010287
0.31369795
0.29992861
0.30449388
0.31022974
0.33820843
0.35818338
0.37139424
0.34006141
0.27892706
0.18465586
0.21597523
0.28801368
0.33445067
0.20680929
0.29756918
0.27952706
0.3192409
0.36145048
0.31857614
0.31497295
0.2961154
0.30624869
0.26443363
0.28454129
0.29333269
0.29759043
0.34013932
0.33350949
0.35465917
0.37152355
0.29469053
0.29989949
0.17514518
0.17979277
0.21918851
0.28179231
0.21008875
0.28876532
0.26704831
0.33054867
0.35501981
0.32090452
0.29569895
0.29423324
0.29816695
0.24855692
0.26763098
0.2803708
0.2963771
0.33424577
0.32278664
0.34549679
0.36578321
0.31338415
0.28588487
0.22883043
0.18159275
0.18002656
0.21058915
0.29060566
0.26104635
0.27959039
0.2617006
0.3383149
0.33973748
0.28597981
0.26957126
0.29592682
0.28476733
0.2548151
0.26128213
0.28139763
0.31867494
0.32671775
0.29015434
0.35446184
0.36129225
0.28959038
0.30161088
0.28646196
0.20745085
0.16257756
0.19865461
0.24312357
0.2553
0.24898321
0.26540684
0.28956632
0.31368747
0.26247906
0.24530887
0.28519372
0.27431068
0.25288964
0.25320072
0.27621127
0.31397206
0.31770745
0.28387282
0.35415302
0.35522631
0.32119757
0.28425308
0.31616687
0.32141678
0.22540302
0.19600974
0.22020393
0.26201004
0.25188405
0.25290133
0.26250933
0.27153202
0.28872199
0.24081561
0.22767272
0.27769423
0.25795174
0.26299875
0.25227903
0.28650715
0.31917888
0.28778908
0.33654261
0.35442257
0.34744023
0.30849289
0.29126107
0.30997323
0.33164644
0.25421225
0.19095484
0.185933
0.21692249
0.24176016
0.24936284
0.262439
0.23391546
0.27407715
0.23748446
0.21308763
0.27145991
0.24522187
0.26013367
0.24672062
0.28622905
0.31658763
0.2879407
0.33423452
0.34914525
0.34456937
0.3127627
0.28514792
0.28254686
0.32200233
0.30391068
0.22136325
0.17497802
0.18830385
0.20365824
0.2406551
0.25285258
0.26147349
0.2337179
0.26805379
0.22361046
0.20804042
0.25663801
0.24291694
0.27343291
0.2543576
0.30076595
0.30259593
0.31433627
0.34634725
0.34220683
0.3331842
0.30546679
0.29773144
0.27675093
0.3191453
0.30149949
0.20898871
0.16594389
0.19191233
0.2001752
0.23148685
0.25012106
0.25797078
0.22458844
0.25826461
0.22106607
0.20292622
0.24996414
0.23748323
0.27397468
0.24996255
0.29974979
0.30501016
0.30882778
0.33618788
0.34401348
0.33447352
0.31387591
0.29724705
0.40911949
0.40704812
0.40307955
0.35841955
0.40528603
0.33774821
0.40757575
0.40799561
0.40820177
0.26274018
0.40627642
0.40865887
0.40395447
0.29949399
0.40159005
0.39653222
0.31390135
0.3889297
0.3907578
0.38064396
0.34234474
0.37988421
0.38158366
0.38488309
0.33378279
0.38477242
0.33313439
0.38649403
0.38524357
0.3812531
0.34725756
0.40764466
0.4026191
0.39598686
0.34243248
0.34102453
0.34335365
0.23030107
0.25548856
0.29198826
0.31487723
0.30410202
0.30581845
0.29035521
0.34446585
0.34304243
0.31610821
0.35527146
0.21476024
0.25936163
0.30903332
0.29716037
0.23897817
0.23603461
0.22885542
0.35676139
0.32217738
0.23802282
0.36272821
0.24736677
0.29807606
0.26227863
0.2783944
0.21112051
0.16920558
0.1668125
0.35535981
0.31141947
0.262061
0.35783581
0.29955242
0.30183798
0.24931693
0.27125835
0.19374149
0.15401522
0.18031989
0.35945636
0.34239321
0.27698525
0.28005735
0.35614859
0.3054579
0.28433257
0.26240009
0.24140918
0.16609235
0.1630547
0.33996403
0.29493625
0.27996146
0.34411876
0.30000408
0.28708679
0.25932201
0.24117378
0.16164663
0.17098573
0.34450346
0.30341274
0.28112049
0.28794717
0.27386094
0.26003724
0.27525084
0.19988799
0.17013234
0.3409457
0.31616699
0.28467036
0.28165826
0.2674236
0.26019416
0.27213002
0.19950596
0.17853136
0.28159348
0.28766671
0.30525752
0.29146664
0.2565753
0.2141776
0.24813807
0.28799221
0.28781211
0.2923045
0.26715196
0.2214074
0.23392282
0.31974109
0.31242772
0.28686577
0.27658536
0.26649117
0.31202446
0.26447732
0.22377999
0.26210192
0.19372266
0.3315065
0.31024803
0.3374149
0.28776758
0.26652282
0.29037904
0.30714062
0.28857503
0.2575932
0.27396763
0.25821002
0.2564647
0.30532434
0.32862558
0.2930488
0.27405397
0.29186268
0.30244533
0.2834383
0.24644869
0.26411645
0.25318134
0.25899054
0.29616388
0.31167698
0.31028901
0.27088343
0.20418935
0.27752172
0.29219105
0.30629128
0.27873723
0.23657157
0.25555294
0.25424437
0.28874082
0.30152873
0.31179885
0.27241819
0.2169476
0.27873573
0.29607484
0.29992782
0.27663227
0.23140624
0.24649389
0.25101765
0.28185641
0.28663482
0.303293
0.29104028
0.26087272
0.21444299
0.24811731
0.28784846
0.28596047
0.28978341
0.26706957
0.22811613
0.24034115
0
0
0
0
0
0
0
0
0
0
0
0
0.37298572
0.36261151
0.36034838
0.36493701
0.35213173
0.31091863
0.33403627
0.30583485
0.3180696
0.35523275
0.3502264
0.36440354
0.34216761
0.35609818
0.34899583
0.36843193
0.36386101
0.32598904
0.35138579
0.30871376
0.32716465
0.36627153
0.35689011
0.38871908
0.37588289
0.39000789
0.36857667
0.39583328
0.36122677
0.35510116
0.31618148
0.35723288
0.33943635
0.36103637
0.34421216
0.30749028
0.33476408
0.3418413
0.32244588
0.33360478
0.34247603
0.33411173
0.34375467
0.35321544
0.3428898
0.31827198
0.30882754
0.32676
0.3473119
0.3456836
0.33127656
0.33037527
0.35430628
0.3563687
0.33949258
0.31933529
0.33921757
0.34597065
0.32700027
0.3413746
0.32172514
0.30387915
0.33860246
0.33117495
0.320322
0.34879005
0.37519413
0.35025386
0.36226455
0.30690358
0.32976086
0.34127105
0.27034279
0.32547747
0.33380188
0.33866325
0.32661211
0.32620057
0.30745731
0.32055697
0.33073705
0.31895423
0.34472864
0.36165207
0.31148011
0.32571108
0.27740971
0.32125134
0.33090142
0.33370185
0.32963515
0.32147767
0.30899395
0.29459571
0.32753197
0.3167794
0.30181357
0.34135594
0.30588041
0.31240862
0.30469069
0.32115459
0.32919295
0.32821703
0.32569158
0.32030751
0.30733303
0.30142737
0.31656324
0.30816889
0.30440107
0.34077477
0.30096387
0.30778142
0.32009051
0.32449331
0.32705895
0.33455873
0.31682177
0.30991821
0.29685236
0.30843534
0.3089671
0.29789422
0.29740188
0.34517914
0.30281145
0.30470429
0.31483722
0.32503606
0.32700932
0.32782366
0.31763416
0.30782168
0.29409853
0.29878911
0.29924536
0.28754901
0.29632863
0.32871443
0.29925104
0.32372598
0.31580205
0.325499
0.33293585
0.31476558
0.29498634
0.31326656
0.29006955
0.29714478
0.29069777
0.2985919
0.28595592
0.33050572
0.32026458
0.31348785
0.32344538
0.32197117
0.31259164
0.2951106
0.312992
0.28665728
0.28960353
0.28905106
0.28718256
0.27713428
0.30296574
0.32729641
0.31817223
0.31294119
0.30308702
0.30867695
0.30527047
0.28687681
0.30647163
0.2755877
0.28366503
0.302505
0.28008598
0.27106099
0.31234192
0.31912281
0.312642
0.3119344
0.30637238
0.28749109
0.30913855
0.27463156
0.28464863
0.30113384
0.27757519
0.27083313
0
0
0
0
0
0
0
0
0
0
0
0
0
0
0
0
0
0
0
0
0
0
0
0
0
0
0
0
0
0
0
0
0
0
0
0
0
0
0
0
0
0
0
0
0
0
0
0
0
0
0
0
0
0
0
0
0
0
0
0
0
0
0
0
0
0
0
0
0
0
0
0
0
0
0
0
0
0
0
0
0
0.31366294
0.36776665
0.37322754
0.33393318
0.36353886
0.34826168
0.31007016
0.34437874
0.32927154
0.31732965
0.32880464
0.30982216
0.30333869
0.31510274
0.31561429
0.32122436
0.28441756
0.2940076
0.32381043
0.37268868
0.37888408
0.34814213
0.36110665
0.3351158
0.34297932
0.36337707
0.32367817
0.34875238
0.30606373
0.34447724
0.28461574
0.30394287
0.32728
0.28838659
0.32816385
0.31235507
0.2932696
0.29114272
0.31687965
0.30116188
0.29195363
0.29310972
0.28990966
0.28624992
0.34172424
0.33173169
0.30809341
0.28987638
0.31573628
0.30195038
0.33816504
0.32191588
0.27059838
0.30866295
0.29147837
0.27983325
0.28157211
0.2828124
0.26906276
0.28833971
0.33702723
0.31930679
0.25919475
0.30305924
0.28815389
0.27425487
0.27643576
0.27916915
0.26199757
0.28121564
0.31237998
0.33684077
0.28947438
0.18594866
0.26993498
0.28979876
0.30472309
0.28562376
0.26463411
0.27954981
0.26551155
0.2629797
0.30776688
0.30445051
0.38056714
0.22141938
0.24311109
0.32471855
0.37035757
0.35745762
0.35943709
0.36672565
0.38841538
0.37475475
0.35779264
0.22664012
0.25293532
0.31829512
0.3549848
0.25205195
0.32084565
0.30434619
0.34570908
0.37373876
0.34189306
0.33102625
0.31177564
0.31691305
0.28020829
0.29683861
0.30083417
0.30934796
0.34682134
0.33883993
0.35264951
0.37083083
0.31317736
0.30206897
0.22780236
0.22460586
0.25178951
0.30833405
0.2570351
0.31078716
0.29239612
0.34972943
0.36591149
0.33883778
0.31384923
0.30627389
0.3066215
0.26080558
0.27807594
0.28534536
0.30508715
0.33778275
0.32651245
0.34482335
0.36450304
0.32542739
0.29683137
0.27518754
0.22423437
0.20966177
0.24359665
0.31519453
0.29682116
0.29891981
0.28195824
0.35127487
0.34995747
0.30643378
0.28427508
0.30360577
0.2928812
0.26570235
0.26905035
0.28622176
0.32415887
0.32810937
0.29405592
0.35434179
0.35974392
0.30602635
0.3078705
0.31402825
0.24274149
0.18789366
0.24335694
0.27893169
0.28791207
0.27067257
0.27919066
0.3116481
0.32770335
0.2864476
0.25907319
0.28934535
0.28121433
0.26261096
0.25859838
0.27876629
0.31654896
0.31894288
0.29268546
0.35291729
0.35325202
0.32887903
0.29507658
0.32979281
0.3347904
0.24899523
0.23111981
0.25891536
0.29101488
0.27961035
0.26875462
0.26963601
0.29361034
0.30487907
0.25847715
0.23881232
0.28135938
0.26479343
0.27000997
0.25547032
0.28851324
0.31951163
0.29044492
0.33599227
0.35228987
0.34595092
0.31688434
0.2971824
0.3195454
0.33719279
0.27323998
0.21666521
0.2148692
0.24048251
0.26664134
0.26070724
0.26629634
0.25035539
0.2852822
0.25089806
0.22248483
0.27411144
0.25187181
0.26550607
0.24958278
0.28791562
0.31559539
0.29107618
0.33399821
0.34750593
0.34264286
0.31715492
0.29160727
0.29391034
0.32412332
0.3114357
0.24126017
0.19911385
0.21374055
0.22224843
0.25674301
0.25856055
0.26330587
0.2482817
0.27741241
0.23408943
0.21346542
0.25989728
0.24850571
0.27593785
0.25660265
0.30067996
0.30266528
0.3152014
0.34425848
0.3399683
0.33360426
0.30980564
0.30073107
0.28555555
0.31934853
0.30715436
0.22449908
0.18306668
0.21266932
0.21668333
0.24320276
0.2544267
0.25802249
0.23719747
0.26581649
0.22671387
0.20576384
0.25252279
0.24088997
0.27527678
0.25139896
0.2987279
0.30416832
0.31009864
0.33286248
0.34154283
0.332861
0.31585353
0.30035431
0.27036903
0.30393799
0.30915857
0.2669631
0.19069227
0.20473991
0.22117349
0.22533375
0.23900081
0.25327949
0.25220686
0.23116376
0.26043924
0.21884084
0.21293639
0.24298265
0.25025309
0.28828371
0.26974506
0.30303933
0.30225915
0.32923957
0.32302221
0.33394096
0.32226382
0.30963103
0.40322345
0.39748633
0.39184709
0.34934251
0.35157833
0.40033912
0.39612588
0.2497841
0.40511267
0.40351733
0.39859261
0.26928046
0.40465375
0.39648871
0.38817368
0.30521031
0.39843312
0.38830666
0.37624329
0.32633902
0.38933804
0.3854099
0.36952317
0.3831542
0.31970723
0.38106516
0.32538688
0.37898297
0.37159376
0.32776481
0.38068506
0.37207711
0.36372974
0.39848372
0.38884848
0.38426026
0.35551583
0.32291895
0.35803833
0.2230584
0.26950295
0.31788672
0.31190409
0.2717544
0.27247868
0.265865
0.36216679
0.32624825
0.24123895
0.36213961
0.25600509
0.30337575
0.27080317
0.28972903
0.22021031
0.17498087
0.17056045
0.35942018
0.31407347
0.26603641
0.35630661
0.30335248
0.30397748
0.25247463
0.27631325
0.19972562
0.15877717
0.35783549
0.34135832
0.2790978
0.28317509
0.35107884
0.30674489
0.28495863
0.26631705
0.24405355
0.17042599
0.16571755
0.33783073
0.29552558
0.28127461
0.33849126
0.29890097
0.28760432
0.26164737
0.24296476
0.1648735
0.17350454
0.34096662
0.30346376
0.28061008
0.28707413
0.27330481
0.26070216
0.27534011
0.20135701
0.17258278
0.33720188
0.31569525
0.28412447
0.28114621
0.26653679
0.26023088
0.27207068
0.20020994
0.17983864
0.30854495
0.28434177
0.27517442
0.26546705
0.26392265
0.22383693
0.26197569
0.19406543
0.28004787
0.29114318
0.28730906
0.25929716
0.22954178
0.25715893
0.28991198
0.2834554
0.27952305
0.26299468
0.22403403
0.23516251
0.30617646
0.29977337
0.27753055
0.26756177
0.26104853
0.29641004
0.26049845
0.22452158
0.25972735
0.20141532
0.32613556
0.30739245
0.32637838
0.29541474
0.27501561
0.29121108
0.30064207
0.28075536
0.25349797
0.26874435
0.26009384
0.26490334
0.29645383
0.31106776
0.30996146
0.27416585
0.20658502
0.27756269
0.29202832
0.30505584
0.27679829
0.24371928
0.26221486
0.26031422
0.28831781
0.29990747
0.31059851
0.27433337
0.21858501
0.27841378
0.29572768
0.29811771
0.27591511
0.2372917
0.25339008
0.25661211
0.28142174
0.28462828
0.30134129
0.29008022
0.26372699
0.21446739
0.24824734
0.28753716
0.28442408
0.28762159
0.26672935
0.23450665
0.24739817
0.27952724
0.28801944
0.28328743
0.26019052
0.22974111
0.25634998
0.28811455
0.28067741
0.2752646
0.26195121
0.22941311
0.240228
0
0
0
0
0
0
0
0
0
0
0
0
0.35258189
0.34919281
0.33248583
0.36130699
0.35275991
0.3063786
0.31037258
0.29170909
0.3329534
0.31569769
0.34545679
0.33804812
0.33666608
0.3300809
0.34141517
0.35806874
0.34964462
0.3387593
0.34029863
0.34513366
0.34606495
0.34038467
0.31873175
0.34325918
0.35216015
0.3625473
0.35739745
0.34393882
0.37906602
0.36379063
0.36614703
0.339112
0.38352678
0.35734939
0.33525214
0.31004936
0.3477664
0.33142915
0.33577582
0.27825596
0.30107728
0.31951199
0.31461969
0.31742178
0.32261437
0.32452105
0.33006258
0.33163697
0.29542131
0.29709462
0.31505424
0.31895436
0.31773902
0.34286049
0.32474197
0.33574542
0.311134
0.32003788
0.32762259
0.33280288
0.31753964
0.33049018
0.31141521
0.31663567
0.29637668
0.30921782
0.32657517
0.31339922
0.31163234
0.33575126
0.36873214
0.35983808
0.34324331
0.35969289
0.31386601
0.32701206
0.28723873
0.31205979
0.32240696
0.32699415
0.32167671
0.31899863
0.30755647
0.30052932
0.32450249
0.31273121
0.30240882
0.33163568
0.30907542
0.31505804
0.30451785
0.31728906
0.32371606
0.32355036
0.32023033
0.31752052
0.30454255
0.30217112
0.3140286
0.30469114
0.29873668
0.3342707
0.30464833
0.30335939
0.31608542
0.32206631
0.32299598
0.32800973
0.31411132
0.30612878
0.29493264
0.30709119
0.3050635
0.29308887
0.29214375
0.33731132
0.30396315
0.30237666
0.3110344
0.32308403
0.32388734
0.32184737
0.31468701
0.30484882
0.29254958
0.29700979
0.29471604
0.28468579
0.29497979
0.32099412
0.2979065
0.3183203
0.31392379
0.32377217
0.32617605
0.3117319
0.29215594
0.31149884
0.28743627
0.29510251
0.28679539
0.29774232
0.28507274
0.31964371
0.31519337
0.31217656
0.32189539
0.31367547
0.30947253
0.2930472
0.31124973
0.28545033
0.28837
0.28638262
0.28620851
0.27658417
0.2955519
0.32154705
0.31587057
0.31272674
0.29492984
0.30516559
0.30396506
0.28534542
0.30304508
0.27595121
0.28279177
0.30289622
0.2810963
0.27057093
0.30590515
0.32225257
0.31127473
0.30758163
0.28537437
0.30269875
0.29887452
0.28130869
0.29973607
0.26432149
0.27817923
0.28663364
0.2740225
0.26871504
0.29954204
0.31185664
0.30721177
0.30359487
0.30127911
0.28231719
0.30356419
0.26424105
0.27920181
0.28737351
0.27446825
0.2695556
0
0
0
0
0
0
0
0
0
0
0
0
0
0
0
0
0
0
0
0
0
0
0
0
0
0
0
0
0
0
0
0
0
0
0
0
0
0
0
0
0
0
0
0
0
0
0
0
0
0
0
0
0
0
0
0
0
0
0
0
0
0
0
0
0
0
0
0
0
0
0
0
0
0
0
0
0
0
0
0.33734823
0.36409871
0.31520084
0.34675301
0.33364397
0.32286994
0.33141837
0.31310072
0.30848666
0.31191312
0.32195246
0.32107631
0.3378873
0.32315892
0.28408734
0.29380999
0.36178219
0.37050741
0.34752663
0.33887974
0.34551875
0.33179754
0.32116389
0.30850305
0.33496359
0.2931918
0.28765585
0.30892551
0.33079715
0.31388039
0.28133592
0.28943557
0.31408235
0.27762392
0.28419216
0.30105164
0.28015473
0.26869689
0.27428351
0.28959975
0.27746401
0.26560753
0.28524239
0.27780191
0.26760799
0.27275897
0.33399546
0.29547697
0.28596573
0.29085749
0.29445542
0.3373685
0.31866442
0.26486455
0.29846878
0.28181373
0.27758675
0.27565818
0.28332377
0.26866507
0.28385776
0.31426783
0.33554077
0.29170474
0.19382659
0.27396738
0.28813676
0.3007221
0.28005515
0.26830755
0.28308566
0.27055759
0.26949648
0.30880215
0.32323151
0.2975249
0.16868461
0.27570806
0.2901614
0.29801087
0.27671585
0.25626965
0.2707964
0.26585131
0.27096758
0.30615719
0.37969741
0.26265675
0.2890441
0.34941555
0.37463684
0.36458365
0.38251435
0.36534411
0.3601334
0.27477499
0.26701497
0.28117728
0.32835587
0.29377888
0.3273056
0.31117933
0.36281024
0.3736462
0.35269499
0.32930927
0.31497199
0.31219772
0.27234549
0.28738094
0.28955474
0.31191588
0.33933122
0.3291075
0.34378154
0.36213164
0.33478924
0.30896843
0.31128881
0.2692372
0.24591896
0.27541035
0.33515785
0.32152908
0.31280863
0.2972677
0.36028606
0.35771507
0.3229011
0.29577775
0.30771318
0.29869327
0.2766774
0.27554665
0.29036868
0.32715615
0.32825698
0.30073634
0.3534019
0.35711634
0.31952184
0.31677878
0.33513641
0.28010496
0.22663116
0.28292001
0.30889896
0.31155686
0.29049009
0.29020327
0.3295836
0.33840232
0.30743053
0.271772
0.29212591
0.28662534
0.2723593
0.26352441
0.28065903
0.31782652
0.31931531
0.30137458
0.35084883
0.35031814
0.3344176
0.30728188
0.33644824
0.34343179
0.27730925
0.26906669
0.2907537
0.31301073
0.30018361
0.28299901
0.27618962
0.31135129
0.31794861
0.27634657
0.24940608
0.28442533
0.27131902
0.27737715
0.25817365
0.29033353
0.31912353
0.29367614
0.33515008
0.34944931
0.34346591
0.32407748
0.30448043
0.32503718
0.33970478
0.29379187
0.24341309
0.24723777
0.26943563
0.28799974
0.2712966
0.2696361
0.2679591
0.29571972
0.26427182
0.23198672
0.27599473
0.2577319
0.2704007
0.25169075
0.28931229
0.31410586
0.29436893
0.33349
0.34530811
0.34008412
0.32147008
0.29893403
0.30199754
0.32339875
0.31650064
0.25992834
0.22577068
0.24320527
0.24318122
0.27138511
0.26329804
0.26433686
0.26351674
0.28535793
0.24554866
0.22005952
0.2627189
0.25356587
0.27751139
0.25814979
0.30016502
0.30252914
0.31555578
0.34196259
0.33757614
0.33339251
0.31330405
0.30338154
0.29155069
0.3169116
0.31040362
0.24346453
0.20632157
0.23418002
0.23426122
0.25556495
0.25809243
0.25752923
0.25005623
0.27290605
0.23471018
0.20969526
0.25505245
0.24510431
0.27592053
0.25280222
0.29730989
0.30323133
0.31065263
0.33013801
0.3391855
0.3312324
0.31681166
0.30253073
0.27657306
0.30316244
0.30796296
0.2737558
0.20447872
0.22233562
0.237059
0.23845416
0.2451109
0.25397225
0.25145037
0.24147247
0.26489405
0.22341291
0.2151279
0.24517923
0.25217828
0.28965454
0.26913036
0.30134377
0.300946
0.32664327
0.31959265
0.33214208
0.32028273
0.30970478
0.26972217
0.30059152
0.30775054
0.2659019
0.19346464
0.22291947
0.2386175
0.2385612
0.24350825
0.25154727
0.24833693
0.23689643
0.25915139
0.21655402
0.209723
0.23950559
0.24919073
0.28894049
0.26582146
0.30329811
0.29755895
0.31555559
0.31819056
0.33189599
0.31776763
0.30647892
0.39428525
0.38150628
0.38641683
0.33069948
0.37900384
0.36012795
0.39697712
0.3897534
0.38742597
0.23314799
0.39678968
0.38568906
0.37413304
0.27963986
0.38997442
0.37681538
0.36551524
0.32467943
0.35977362
0.34440803
0.31988538
0.37356739
0.35482861
0.35985006
0.37236377
0.3358949
0.2978032
0.37731056
0.37323314
0.36013087
0.30137958
0.36093257
0.29940221
0.3808947
0.37162359
0.35645515
0.36362188
0.33083237
0.24626861
0.35927315
0.26498402
0.30849968
0.28098322
0.30125013
0.23150255
0.17755339
0.17051745
0.35864629
0.3166404
0.2708187
0.35359726
0.30689563
0.30591432
0.25563175
0.28140799
0.20588165
0.16329257
0.35413947
0.33985237
0.28143607
0.28674632
0.34453434
0.30770293
0.28552901
0.27059318
0.24653141
0.17434838
0.33511909
0.29641563
0.28224172
0.33147415
0.29713732
0.2879961
0.26344906
0.24449452
0.1677035
0.17606333
0.33635705
0.30331478
0.27979552
0.28582712
0.27227371
0.26111965
0.27509663
0.20260109
0.17507625
0.33260655
0.31500602
0.28345033
0.28036988
0.26542639
0.26013712
0.2717568
0.20104074
0.18177042
0.30461868
0.28185491
0.27391689
0.26455005
0.26331831
0.22387059
0.26167174
0.1946389
0.29273011
0.27358242
0.26396902
0.2587373
0.25963916
0.22446049
0.2597369
0.20121028
0.27796336
0.28373067
0.27076803
0.24806638
0.24929147
0.27031625
0.28172163
0.27355323
0.27170111
0.25184548
0.22837192
0.28872996
0.28645045
0.26106353
0.26747512
0.25623055
0.25639987
0.29516109
0.25326103
0.21598167
0.23738124
0.23176539
0.31839774
0.29589161
0.30998412
0.30904159
0.27731854
0.20902533
0.27742336
0.29170988
0.30328115
0.27359037
0.24883833
0.26734236
0.26590038
0.2872474
0.29779739
0.30875849
0.27578548
0.22040519
0.27772236
0.2951583
0.29591491
0.27479104
0.24208442
0.25863597
0.26165139
0.28066976
0.28230031
0.29941078
0.28847046
0.26546443
0.21494796
0.24802869
0.28728908
0.28267546
0.28525033
0.2661223
0.23925784
0.25318119
0.27834915
0.28482791
0.27937947
0.25951455
0.22970349
0.25551664
0.28603871
0.27821053
0.27151066
0.26026139
0.23454592
0.24606194
0.27632032
0.27914488
0.26602013
0.24981146
0.24942929
0.2680475
0.27778577
0.26961247
0.26640416
0.25177359
0.23256283
0
0
0
0
0
0
0
0
0
0
0
0
0.35266572
0.32273969
0.34924031
0.33899299
0.29389532
0.28304911
0.28001978
0.29124733
0.30541374
0.32418911
0.32324227
0.3216545
0.32235739
0.31420291
0.34590964
0.33455107
0.34712153
0.33086966
0.33347522
0.33192451
0.33229119
0.33898062
0.3469046
0.34011131
0.36101332
0.35036878
0.32365316
0.36148224
0.32729822
0.31576927
0.33860476
0.32825376
0.3231675
0.30649541
0.29397411
0.28588469
0.2968863
0.30890014
0.30214891
0.28990924
0.31635883
0.31024166
0.30171378
0.28289681
0.30956616
0.30657664
0.30737821
0.2926276
0.31185895
0.31880961
0.32368749
0.30205929
0.30169036
0.32060498
0.31377865
0.30772464
0.32249416
0.31226734
0.30047264
0.30361795
0.28612571
0.30221761
0.3011929
0.29805328
0.28672963
0.3161864
0.34983136
0.31141889
0.31746581
0.30304935
0.31049884
0.3149628
0.31578082
0.31036715
0.31152865
0.29769566
0.30016793
0.31079353
0.29987056
0.29156874
0.32321009
0.30712349
0.29788796
0.30937827
0.31770546
0.31679233
0.31845095
0.30909848
0.29976879
0.29061925
0.30459645
0.30032684
0.28732683
0.28579168
0.32761383
0.30383342
0.2989434
0.30541302
0.3201068
0.31954053
0.31420388
0.31017919
0.30012112
0.28947298
0.2945124
0.28965874
0.28078608
0.29247867
0.31250699
0.29571736
0.3109283
0.31058462
0.32107355
0.31761953
0.30731232
0.28797992
0.30861661
0.28330522
0.29262975
0.28151213
0.29648329
0.28382234
0.30753437
0.30730059
0.30943572
0.31970431
0.30370205
0.30524712
0.29028596
0.3084521
0.2835321
0.28637101
0.28305672
0.28495322
0.27579518
0.28762091
0.31477042
0.3118658
0.31137263
0.2861853
0.30121392
0.30235748
0.28330769
0.29860912
0.2760972
0.2821024
0.30296642
0.28141688
0.2698632
0.29883868
0.31539972
0.30925693
0.30734248
0.27558225
0.30083981
0.29565666
0.27974062
0.29389088
0.26370648
0.27707769
0.28492637
0.2729226
0.26777365
0.29374321
0.28257835
0.31444541
0.30416857
0.27993352
0.29485112
0.29301986
0.28247744
0.26180293
0.29123594
0.25262385
0.264306
0.26651012
0.27998253
0.26360375
0.26803188
0.30421303
0.29626258
0.29676784
0.28541587
0.2628703
0.29300103
0.25294382
0.26599709
0.26775563
0.28026943
0.26504752
0.26914062
0
0
0
0
0
0
0
0
0
0
0
0
0
0
0
0
0
0
0
0
0
0
0
0
0
0
0
0
0
0
0
0
0
0
0
0
0
0
0
0
0
0
0
0
0
0
0
0
0
0
0
0
0
0
0
0
0
0
0
0
0
0
0
0
0
0
0
0
0
0
0
0
0
0
0
0
0
0
0
0
0
0.3205934
0.34909368
0.32710883
0.33486394
0.31536022
0.31476253
0.31545413
0.3072403
0.31868074
0.32149033
0.33753783
0.31395917
0.36778666
0.31911713
0.28133057
0.33077238
0.31696599
0.33630249
0.31232923
0.30186139
0.31629001
0.30568212
0.26503949
0.28818097
0.27044668
0.28297451
0.2910625
0.33300458
0.31689751
0.31311864
0.27092035
0.28488619
0.26875541
0.25593476
0.27623464
0.2714984
0.25546007
0.24744204
0.26848465
0.27170618
0.25794785
0.25179042
0.2819307
0.25972492
0.27087704
0.31827209
0.28307995
0.27164104
0.26923631
0.28419371
0.3157141
0.33308005
0.2935401
0.20581197
0.27798612
0.2842102
0.29410963
0.27070164
0.26713142
0.28350055
0.27126041
0.27485782
0.30911536
0.31878283
0.29835451
0.17220953
0.27557084
0.2882355
0.29403704
0.27070292
0.25444975
0.27030843
0.26971202
0.2763405
0.29405804
0.3079836
0.30698794
0.27973878
0.1790561
0.21176219
0.27682071
0.29113762
0.30058653
0.26848768
0.25175611
0.27006144
0.27057816
0.3087329
0.29934723
0.30700523
0.34543745
0.37195361
0.378078
0.34082523
0.33510678
0.3064414
0.27868274
0.30211622
0.35069242
0.33585184
0.32241829
0.30645397
0.36576604
0.36316989
0.33544998
0.30318167
0.30776137
0.3015344
0.2867043
0.27977145
0.29262499
0.32746065
0.32651984
0.30849745
0.35096738
0.35300723
0.3288912
0.32589393
0.34695272
0.31006023
0.26919668
0.31143123
0.33035537
0.32664429
0.30600571
0.29729176
0.34270976
0.34581831
0.32357384
0.28193029
0.29327912
0.28987803
0.28097447
0.26774683
0.28147605
0.31757655
0.31864285
0.30865761
0.34786005
0.34595573
0.33750685
0.31873369
0.33787438
0.3471493
0.30598809
0.29782405
0.31248785
0.32833616
0.31317094
0.2934492
0.28076301
0.32337255
0.3268647
0.29081367
0.25911997
0.28638915
0.27636343
0.2835531
0.26030853
0.29191035
0.3177822
0.29738267
0.33409764
0.34563382
0.33968941
0.32940116
0.31225382
0.3260073
0.33812421
0.31202505
0.26997977
0.27863653
0.29735377
0.30128485
0.28016185
0.27227694
0.28566247
0.3046182
0.27706501
0.24043735
0.27704072
0.2627677
0.27480043
0.25312848
0.2903839
0.31196605
0.29777149
0.33259444
0.342223
0.33660543
0.32512125
0.30662042
0.30614734
0.31988047
0.31881043
0.27826949
0.25323454
0.2729489
0.26688768
0.28253372
0.26730624
0.26475993
0.27957446
0.29217699
0.25602079
0.22647124
0.26497105
0.25759952
0.2784879
0.25894989
0.29908718
0.30200906
0.31562086
0.33893792
0.33455281
0.33226614
0.31628135
0.30610528
0.2947326
0.31146836
0.31031404
0.25997753
0.22939708
0.25602274
0.25263546
0.26519112
0.26065664
0.25658753
0.26208159
0.27795779
0.24296311
0.21459718
0.25685733
0.24895763
0.27596515
0.25378066
0.29551486
0.30202611
0.3108532
0.32732365
0.33636418
0.3292731
0.31710918
0.3041249
0.28155305
0.30048993
0.30333258
0.28035006
0.22303992
0.23935066
0.25105866
0.2500562
0.25254026
0.25393758
0.25039152
0.2515363
0.26860902
0.22935092
0.21764076
0.24743666
0.25355118
0.29030124
0.26760401
0.2994186
0.29944954
0.32440331
0.31645173
0.33036157
0.31831401
0.30908907
0.2738971
0.29746413
0.30554598
0.27190707
0.20556357
0.23592979
0.24892411
0.24690745
0.24705328
0.25069195
0.2470784
0.24382202
0.26152432
0.22020971
0.21120276
0.24130259
0.24964731
0.28897751
0.26462917
0.30188988
0.29523347
0.31137603
0.31379528
0.32847776
0.31492666
0.30476642
0.26334423
0.28925071
0.30064224
0.28313275
0.22956767
0.21735955
0.2439956
0.24622764
0.24351603
0.24634664
0.24742732
0.24221245
0.24508399
0.24680253
0.2106154
0.22972357
0.24026176
0.26361105
0.29959839
0.28395396
0.29747118
0.30100261
0.2888336
0.32438037
0.30697348
0.29743047
0.37017851
0.37938472
0.36331093
0.33511411
0.25315349
0.36917413
0.36099377
0.35223709
0.37881612
0.37182506
0.36108277
0.27327168
0.37616967
0.35852459
0.34752254
0.31215406
0.29079847
0.36820454
0.35127351
0.33698615
0.30836124
0.34446497
0.32782344
0.25598089
0.34481997
0.36536578
0.31799153
0.35311912
0.17905122
0.34613699
0.33460934
0.34592593
0.32425785
0.17479376
0.36694901
0.34531423
0.33943727
0.35231663
0.31867438
0.27593327
0.34884098
0.30973494
0.30695802
0.25854924
0.28567487
0.21244875
0.16779055
0.34749916
0.33742844
0.28509293
0.29061876
0.33648021
0.30784285
0.28596039
0.27492645
0.24903453
0.17825295
0.33149024
0.29794772
0.28283857
0.32272655
0.29437153
0.28818751
0.26481716
0.24591196
0.17039202
0.33044674
0.30293162
0.2786335
0.28419255
0.27063971
0.26131666
0.27447188
0.20363931
0.17744614
0.32688137
0.31371134
0.28252526
0.27945551
0.26395187
0.25979453
0.27107298
0.20174626
0.1839325
0.29999161
0.27910192
0.27225785
0.26352372
0.26260521
0.22381387
0.26095328
0.19556656
0.28611597
0.27003792
0.26072227
0.25662659
0.25875942
0.22438132
0.25946534
0.20157662
0.27688747
0.25571263
0.26082561
0.2506366
0.2540103
0.25266273
0.21598274
0.23722381
0.23138407
0.26685551
0.2787454
0.26800877
0.24842315
0.26494584
0.27085972
0.27145719
0.2685977
0.26834906
0.24984062
0.22742294
0.28748246
0.29245625
0.26541292
0.2722509
0.2593675
0.25553898
0.29326082
0.25038416
0.22196986
0.23658169
0.24236164
0.30572506
0.28506299
0.29495522
0.30590297
0.27642605
0.22235984
0.27696383
0.29435772
0.2929961
0.27306666
0.24550945
0.26157808
0.26549956
0.27961354
0.27972956
0.29695491
0.28571934
0.26624687
0.2155645
0.24790926
0.28668177
0.28039746
0.28206942
0.26499452
0.24257958
0.25721105
0.27650597
0.28133253
0.27490544
0.25751908
0.22992198
0.25419007
0.28335142
0.27548728
0.26750464
0.25791479
0.23817991
0.25057711
0.27467423
0.27483733
0.2605807
0.25050974
0.24933301
0.26561367
0.27414899
0.26613239
0.2612735
0.25102925
0.23738715
0.26504371
0.27245197
0.26253703
0.24900229
0.26385654
0.26859797
0.26484929
0.26323371
0.26227847
0.2503201
0.23069314
0
0
0
0
0
0
0
0
0
0
0
0
0.30935505
0.30368174
0.33850749
0.30419212
0.27037581
0.27051442
0.26380831
0.27128909
0.26573896
0.27882345
0.28161112
0.2993905
0.31044967
0.29534681
0.31105107
0.31568735
0.33801862
0.31779527
0.32952755
0.31780088
0.31174039
0.33510049
0.32107229
0.32603832
0.32099006
0.33230735
0.33520972
0.34241998
0.33335973
0.34074346
0.33170576
0.32911245
0.34914399
0.32787958
0.29247297
0.36537464
0.31351066
0.31231106
0.32619041
0.31906043
0.30029113
0.30017761
0.25173361
0.29976347
0.27304646
0.30120812
0.28508377
0.28768439
0.30358924
0.27319835
0.25979798
0.29482975
0.28104687
0.3015277
0.30668143
0.28646133
0.29897867
0.2717273
0.29499345
0.30660892
0.29869598
0.29374598
0.30490948
0.29320156
0.28344756
0.29210589
0.27282318
0.27685204
0.26175341
0.28661477
0.29335491
0.28025011
0.27698179
0.30591462
0.33871282
0.30828488
0.29113973
0.29898508
0.30969573
0.30706917
0.30572214
0.30028093
0.28939356
0.28293241
0.30074057
0.2946017
0.27996407
0.27808708
0.31666212
0.30228041
0.29406585
0.29821194
0.3156592
0.31316083
0.3046272
0.30355861
0.29296634
0.28389678
0.29073784
0.28377752
0.2755319
0.2880536
0.30277927
0.29199733
0.30151993
0.30594833
0.31727242
0.30681846
0.30146502
0.28219125
0.30405287
0.27778841
0.28957737
0.27493613
0.29444121
0.28196639
0.29517719
0.2962123
0.30453958
0.31651273
0.29239088
0.29939228
0.28629657
0.30378556
0.28073878
0.28357881
0.27804533
0.28316291
0.27466343
0.27906161
0.30647171
0.30606736
0.30895076
0.27610209
0.29596337
0.30013175
0.28098522
0.29198536
0.27524391
0.28120647
0.3027586
0.28143139
0.26892109
0.29041134
0.30578411
0.30504876
0.3059282
0.26494265
0.2979854
0.29153778
0.27797176
0.28503198
0.26285703
0.27620416
0.28289956
0.2718395
0.26697621
0.28755601
0.26962964
0.30766233
0.30308925
0.27176524
0.29167014
0.28646928
0.27924706
0.26044675
0.28720667
0.2517261
0.262621
0.2643442
0.27904475
0.26180526
0.26723036
0.28313611
0.29968339
0.29605205
0.27855348
0.2880535
0.28935484
0.27811595
0.26077629
0.28346843
0.24845104
0.27529823
0.28408721
0.26788845
0.25857223
0.29578698
0.28813855
0.29162367
0.28078467
0.26154344
0.28377514
0.24931681
0.27898129
0.28717651
0.27140744
0.2596148
0
0
0
0
0
0
0
0
0
0
0
0
0
0
0
0
0
0
0
0
0
0
0
0
0
0
0
0
0
0
0
0
0
0
0
0
0
0
0
0
0
0
0
0
0
0
0
0
0
0
0
0
0
0
0
0
0
0
0
0
0
0
0
0
0
0
0
0
0
0
0
0
0
0
0
0
0
0
0
0.32922089
0.31631564
0.32103664
0.31761121
0.3072662
0.3026428
0.30810779
0.32575194
0.34287438
0.30001764
0.35789542
0.34800686
0.30199722
0.29738272
0.31601541
0.32869726
0.30633859
0.28737058
0.28082981
0.29258751
0.25063358
0.27548328
0.23668799
0.25699922
0.28384272
0.26832869
0.25144101
0.27623073
0.30153531
0.29603432
0.28101812
0.22245948
0.28017335
0.25613448
0.24320397
0.26049373
0.24544382
0.23546073
0.22483031
0.27847314
0.24790754
0.24104639
0.22957297
0.2653411
0.24642283
0.23853925
0.27652159
0.25407674
0.25998443
0.24631299
0.30768861
0.31240276
0.29652247
0.17648903
0.27338645
0.28435312
0.28750479
0.260899
0.24779004
0.26717711
0.27083034
0.27936326
0.29088925
0.30479308
0.30290151
0.28073119
0.18269806
0.21499644
0.27523167
0.29006656
0.29631509
0.26044975
0.25241279
0.27040867
0.2736223
0.28171271
0.29105771
0.30168857
0.27561019
0.17998778
0.2245232
0.27586262
0.29301282
0.28910316
0.2703079
0.24683846
0.26181148
0.267363
0.33128991
0.30489108
0.32360599
0.36181246
0.36686836
0.35096696
0.33059481
0.30252659
0.32994316
0.34405398
0.33425497
0.31540747
0.2993837
0.35112732
0.3499434
0.33377648
0.28924271
0.29165755
0.29020614
0.28704735
0.27083953
0.28107175
0.3153813
0.31632992
0.31377721
0.34371524
0.33925245
0.33789085
0.32768287
0.33502919
0.34615499
0.32636155
0.31663791
0.3275096
0.3388049
0.31967396
0.29897744
0.2823137
0.3318241
0.33160749
0.30037063
0.26703958
0.28660464
0.27888667
0.28722236
0.26142525
0.29271406
0.31516232
0.30082437
0.33254623
0.34038131
0.33418552
0.33251305
0.31950136
0.32269309
0.33327843
0.32331066
0.29162424
0.30376608
0.31684998
0.30778275
0.28601101
0.27352701
0.30267721
0.3117194
0.28662406
0.24762023
0.27679449
0.26663446
0.27789257
0.25372904
0.29085894
0.30890354
0.30049065
0.33109984
0.33794347
0.33190543
0.32735375
0.31322706
0.30569165
0.31371742
0.31717949
0.29437925
0.27802693
0.29609952
0.28762501
0.28735685
0.26945474
0.26439298
0.2934684
0.29738619
0.26533529
0.23188791
0.26670001
0.26074629
0.27874074
0.25902251
0.29718968
0.30073954
0.31537102
0.33497409
0.33057595
0.3299659
0.31827716
0.3087404
0.2945501
0.30342569
0.30705359
0.27484689
0.25154862
0.27661375
0.27065331
0.27105727
0.26208057
0.25501311
0.27325045
0.28126929
0.24985355
0.21932263
0.25798587
0.25189939
0.27538131
0.25415761
0.2929987
0.30026541
0.31078932
0.32387621
0.33251868
0.32649057
0.31659954
0.30529709
0.28423503
0.29525853
0.2950649
0.28504487
0.24013705
0.25497257
0.2640717
0.26094484
0.25890058
0.25319023
0.24904377
0.25947058
0.27089163
0.23538494
0.22023563
0.24911653
0.25406999
0.29039223
0.26546706
0.29719157
0.29765408
0.32204722
0.31285793
0.32816411
0.31598405
0.30784957
0.27797516
0.29243094
0.30036931
0.27786321
0.22147814
0.24707563
0.25698687
0.25318546
0.2516712
0.24915141
0.24553762
0.25071494
0.26318967
0.22458539
0.21288345
0.24292414
0.24958251
0.28836719
0.26270434
0.29999354
0.29269855
0.30769518
0.3095672
0.32479007
0.31213203
0.3029001
0.2655183
0.2881128
0.29674266
0.28500355
0.23655986
0.22683977
0.2488589
0.24935365
0.24664261
0.24751462
0.24571042
0.24161398
0.24928608
0.24696239
0.21270341
0.23012569
0.24093796
0.26312269
0.29805991
0.28262081
0.29570271
0.29602579
0.28421321
0.3182128
0.30193582
0.29312485
0.26122215
0.28604956
0.29069759
0.28021067
0.22944316
0.22405814
0.2469914
0.24693408
0.24408054
0.24482517
0.24567761
0.23959509
0.24779339
0.24114424
0.20579597
0.22617865
0.237357
0.26199671
0.29952555
0.27924627
0.29548967
0.29205534
0.27381495
0.32133922
0.29466429
0.27923072
0.36121736
0.3450567
0.34799249
0.31921586
0.33768884
0.28054025
0.36218983
0.34943669
0.33082386
0.34050802
0.36442395
0.34840376
0.34108064
0.31106925
0.3521694
0.33604035
0.32887017
0.31863263
0.30580216
0.26104805
0.32685825
0.31416477
0.28722953
0.3098108
0.29322956
0.21962121
0.32732055
0.30424397
0.30041696
0.33942942
0.2857927
0.17334924
0.30667806
0.29330145
0.33108303
0.31685355
0.29731319
0.33810274
0.33297411
0.29101974
0.29393767
0.32658379
0.30678713
0.28621103
0.278011
0.25166138
0.18234789
0.32691418
0.29974126
0.2825425
0.31189984
0.29016886
0.28787068
0.26552877
0.24731564
0.17324279
0.32307198
0.30221606
0.27686107
0.28175108
0.26790442
0.26121048
0.27326801
0.20451328
0.32003879
0.31118797
0.28120096
0.27811844
0.26202281
0.25914842
0.27000573
0.20232186
0.18597662
0.29363608
0.27566882
0.27011194
0.26192619
0.26162655
0.22351945
0.25965286
0.19655438
0.27888591
0.26611801
0.25670783
0.25393449
0.25772094
0.22419948
0.25889947
0.2022667
0.26779374
0.2508578
0.25479266
0.24503987
0.25168641
0.25160528
0.21605111
0.23719815
0.22991994
0.28676421
0.26068596
0.26708275
0.25472574
0.25249292
0.24979032
0.22191014
0.23655095
0.24099292
0.2709468
0.27587979
0.25938386
0.23492004
0.26476762
0.27031561
0.27163228
0.26664142
0.26546412
0.23877922
0.2908088
0.29860705
0.20352974
0.24130682
0.28619589
0.23904699
0.23202937
0.29602901
0.23009637
0.22591138
0.21882389
0.1220368
0.29749771
0.27816997
0.27671666
0.29363595
0.28166142
0.26521568
0.21626449
0.24780259
0.28541965
0.27734595
0.27748728
0.26226847
0.24460515
0.25895335
0.27440439
0.2771124
0.26868125
0.25346709
0.23024455
0.2524031
0.27990525
0.27191273
0.26231284
0.25422926
0.24035708
0.25279152
0.27285432
0.27011831
0.25450237
0.24937426
0.24958207
0.26291408
0.26994243
0.26243181
0.25581613
0.24942771
0.24107412
0.26332983
0.26610825
0.25628555
0.24860919
0.26284352
0.26648033
0.25875462
0.25826586
0.25600627
0.25037747
0.23502227
0.26718267
0.27106463
0.25772336
0.23666873
0.26426999
0.26511547
0.26486065
0.26068319
0.26303481
0.24019726
0
0
0
0
0
0
0
0
0
0
0
0
0.32623702
0.29236618
0.25206435
0.27024896
0.25495719
0.25066017
0.28707309
0.27175428
0.30382352
0.28287277
0.30264834
0.32407489
0.29865906
0.32194325
0.29825401
0.31449219
0.30162727
0.32843953
0.31014425
0.32744289
0.33599499
0.31655359
0.30963659
0.30963476
0.28862057
0.3493224
0.30456156
0.30776716
0.31469225
0.28749532
0.28128762
0.28317015
0.2410616
0.2843125
0.29526113
0.26053406
0.29195729
0.2765436
0.24768882
0.23799868
0.28985921
0.2708636
0.27044005
0.28680144
0.28077729
0.28731981
0.26050222
0.27132402
0.29515623
0.27885314
0.28825013
0.28883495
0.2777772
0.27157958
0.28089553
0.27201044
0.26897623
0.26412652
0.25103851
0.27458165
0.26806472
0.26347163
0.245475
0.30393018
0.2993247
0.28718575
0.28829053
0.30891189
0.30305496
0.29178858
0.29316869
0.28171024
0.27504377
0.28505792
0.27643989
0.26821544
0.28038268
0.29049298
0.28627795
0.28986591
0.29965916
0.31169038
0.29362318
0.2937005
0.27390633
0.29681536
0.27059859
0.28551932
0.26696895
0.29065989
0.27866524
0.28242715
0.28368829
0.29720199
0.31213734
0.28074664
0.29190779
0.28065276
0.29661075
0.27663076
0.27952421
0.27038445
0.28045832
0.27290447
0.26925839
0.29603371
0.298218
0.3051467
0.26472312
0.2891059
0.29673286
0.27798084
0.28212135
0.27307099
0.27992591
0.30223941
0.28124735
0.26764944
0.28084969
0.29244149
0.29828008
0.30336889
0.25320413
0.29384943
0.28552763
0.2759614
0.27132832
0.2609518
0.27510673
0.28045917
0.27003807
0.26589894
0.27991782
0.25565189
0.29858981
0.30005019
0.26296264
0.28655921
0.27741754
0.27595394
0.25919099
0.28027503
0.25042075
0.26092588
0.261504
0.27765044
0.25965282
0.26678195
0.27127099
0.29182158
0.29537655
0.26920271
0.28689303
0.2845239
0.27446347
0.26016569
0.28124292
0.24765678
0.27305818
0.28295284
0.26574582
0.25771186
0.28372067
0.28862294
0.29412671
0.27583533
0.19833482
0.25589928
0.21763977
0.2303723
0.15513509
0.25037474
0.17579989
0.16752605
0.14425197
0.17341649
0.25774641
0.27490328
0.18014582
0.24041786
0.20037637
0.21793095
0.13047857
0.25117488
0.1694672
0.15293256
0.12872569
0.16411336
0.25940338
0
0
0
0
0
0
0
0
0
0
0
0
0
0
0
0
0
0
0
0
0
0
0
0
0
0
0
0
0
0
0
0
0
0
0
0
0
0
0
0
0
0
0
0
0
0
0
0
0
0
0
0
0
0
0
0
0
0
0
0
0
0
0
0
0
0
0
0
0
0
0
0
0
0
0
0
0
0
0
0.31502462
0.31790332
0.30594213
0.28533748
0.29423811
0.3171282
0.33538821
0.28578651
0.34922781
0.27536215
0.29656424
0.26946706
0.30166814
0.30352227
0.30294212
0.27079335
0.255412
0.23332288
0.29087864
0.24922707
0.21459518
0.23383505
0.24519567
0.23601594
0.27696563
0.27166717
0.24335885
0.27689252
0.29459997
0.27795726
0.25995427
0.27418367
0.18195647
0.26831408
0.23068466
0.22846842
0.21008286
0.23540064
0.23076296
0.21841312
0.2171384
0.26075474
0.23995497
0.22063127
0.26730493
0.22809048
0.22774717
0.27707809
0.24610004
0.23443165
0.28604155
0.29996294
0.29549227
0.2790415
0.18686938
0.21887619
0.27140854
0.28798806
0.28960223
0.24778901
0.2504924
0.26786308
0.27378523
0.27694321
0.28560874
0.29564219
0.27252266
0.18289998
0.22692144
0.2741643
0.29062517
0.28397384
0.26602106
0.24558316
0.25939121
0.26651768
0.27594435
0.27226693
0.28910044
0.27566045
0.2619233
0.18803445
0.21700544
0.24746041
0.28324424
0.27324885
0.27065245
0.25752823
0.24504506
0.2580836
0.34137238
0.32171008
0.34018098
0.3512889
0.3537101
0.32849786
0.34107346
0.33638072
0.32715194
0.33571829
0.34406049
0.32058138
0.29880776
0.27968248
0.33680579
0.33159082
0.30417383
0.27185581
0.28378682
0.27771578
0.28669906
0.26021119
0.29166864
0.31073092
0.3030152
0.32967627
0.33272694
0.32606842
0.33271283
0.3252116
0.31578354
0.32575066
0.32687098
0.30746406
0.31899743
0.32776375
0.3088852
0.28834236
0.27283578
0.3151998
0.31655647
0.29180332
0.25302804
0.27477089
0.2688359
0.27876944
0.25306156
0.29020334
0.30448684
0.30190721
0.32862692
0.33202491
0.32548751
0.32755942
0.31792701
0.30151771
0.30544606
0.31220847
0.3061004
0.29516028
0.31060671
0.30228905
0.28722176
0.26893695
0.26289128
0.30350389
0.29951986
0.2723684
0.23625254
0.26768684
0.2627327
0.27771551
0.25821903
0.29413981
0.29827986
0.31469308
0.32998761
0.32524631
0.32613942
0.31875677
0.31079434
0.29084406
0.29378763
0.30081733
0.28707702
0.27081868
0.29146145
0.28437937
0.27199372
0.26165874
0.25244906
0.28224565
0.28289028
0.25545921
0.22313451
0.25844673
0.25397152
0.27385968
0.25393403
0.28933524
0.29765047
0.31033747
0.31942356
0.32775605
0.32252687
0.31478596
0.30573832
0.28327864
0.28756371
0.28434521
0.28765363
0.25575154
0.26878873
0.27507035
0.27075511
0.26291419
0.25160456
0.24715524
0.26606788
0.27208125
0.24023451
0.22231107
0.25017421
0.25381175
0.28988455
0.26270648
0.29412842
0.29520173
0.31900699
0.30830121
0.32503481
0.31265254
0.30566734
0.28015078
0.28465871
0.29209393
0.28135789
0.2350489
0.25603469
0.2631361
0.25757228
0.25588369
0.2471114
0.2438038
0.25558674
0.26387589
0.22845109
0.21454096
0.2439427
0.24896504
0.2871312
0.26049027
0.29779193
0.28996129
0.30383873
0.30451573
0.32007648
0.30870276
0.30057912
0.26786952
0.2853944
0.29021325
0.28630304
0.24529053
0.23481412
0.25183763
0.25053474
0.248195
0.24858863
0.24319499
0.24063737
0.2527975
0.24656696
0.21492709
0.22995728
0.24111989
0.26168956
0.29613897
0.28028522
0.29350944
0.29157197
0.28000869
0.31185277
0.29667715
0.28870515
0.26254792
0.28526242
0.28424726
0.28217518
0.23596268
0.22917176
0.24806047
0.24700915
0.24479146
0.24526902
0.24430196
0.23909861
0.24951201
0.24125613
0.20722738
0.22615953
0.23776737
0.26085397
0.29718831
0.27696973
0.29400042
0.28720795
0.26821998
0.3126272
0.28445655
0.2711913
0.25297399
0.27395994
0.28657116
0.28078469
0.24932284
0.22860631
0.23511867
0.24844619
0.24585163
0.24362751
0.24271515
0.24216465
0.23650985
0.24316831
0.22357699
0.20915287
0.2481043
0.24697745
0.27857813
0.28299935
0.28536051
0.28682357
0.24473957
0.2927003
0.30763563
0.26382046
0.32525115
0.33687826
0.30863399
0.32433667
0.2960694
0.32153005
0.30322464
0.29486997
0.33861977
0.31462377
0.30376599
0.31487238
0.33921688
0.3180824
0.2935487
0.30421121
0.32356174
0.30650654
0.30182131
0.28719083
0.28615488
0.28154023
0.27739768
0.319189
0.29803163
0.27925398
0.25418594
0.29163235
0.27473863
0.18693097
0.28198884
0.32233477
0.27244916
0.31003745
0.28304213
0.27516639
0.32100184
0.30079416
0.28014261
0.29792761
0.28371042
0.28648412
0.26507314
0.24846592
0.17633777
0.31366674
0.30052223
0.27361176
0.27719813
0.26303284
0.26057633
0.27095929
0.2052826
0.3115016
0.30648236
0.27916489
0.27600808
0.25931718
0.25795376
0.26841832
0.20278489
0.28572502
0.27131433
0.26718608
0.2599274
0.26034294
0.22298502
0.25785959
0.19742758
0.26956025
0.26105476
0.25134151
0.25058592
0.25651913
0.2238092
0.25778603
0.20315253
0.25791303
0.24555031
0.24833258
0.23873524
0.24914674
0.24986196
0.21624262
0.23710778
0.22876367
0.28048486
0.25602681
0.26152627
0.24971395
0.24915055
0.24872528
0.22177743
0.23673402
0.24106518
0.29508927
0.21343129
0.25011379
0.29030158
0.24629263
0.23995423
0.23447946
0.22779752
0.22347605
0.13502019
0.27437526
0.28253141
0.26114621
0.2293876
0.11920435
0.27172524
0.27909075
0.27319556
0.26629458
0.2315192
0.29662722
0.30503842
0.034801288
0.03689609
0.073612437
0.046707798
0.044963077
0.29659084
0.051584506
0.057327232
0.049121164
0.027398769
0.29004507
0.27207166
0.27158013
0.26021338
0.24644811
0.23060949
0.24988084
0.27527613
0.26724749
0.2554066
0.24824201
0.24096743
0.25208452
0.27077136
0.26401466
0.2462984
0.24587889
0.24988337
0.25938241
0.26443882
0.25760804
0.24882043
0.24636002
0.24262333
0.26148415
0.25926095
0.24978565
0.24645928
0.26175019
0.26399916
0.25223534
0.25314005
0.24898416
0.24967903
0.23906295
0.26285988
0.26488211
0.25493909
0.23871515
0.26376846
0.25993885
0.25791954
0.25491134
0.26011774
0.2420441
0.27154367
0.27942621
0.26024943
0.23133468
0.13038514
0.27086699
0.2757314
0.27141076
0.26677332
0.23363794
0
0
0
0
0
0
0
0
0
0
0
0
0.31565751
0.30029483
0.22924583
0.24258823
0.25404496
0.21885371
0.24444444
0.23218501
0.24518417
0.24050571
0.28102017
0.25531392
0.26342189
0.25668653
0.2896244
0.29810588
0.31891185
0.28565473
0.31153073
0.2748141
0.30325633
0.29408609
0.28579948
0.3193883
0.2967732
0.29822413
0.2799746
0.31859705
0.32497482
0.24971635
0.28830409
0.28081369
0.27111419
0.33535144
0.28672292
0.29525643
0.27072772
0.27857222
0.2185186
0.27464544
0.22809942
0.29816694
0.2483791
0.28734588
0.23079358
0.22950111
0.27544
0.25991597
0.24963102
0.27760357
0.26832261
0.24491409
0.25956782
0.23093677
0.26273082
0.27722869
0.26700072
0.26749275
0.2738819
0.2593917
0.25873752
0.26342784
0.25664341
0.26828519
0.25419915
0.24233163
0.24106099
0.26478089
0.26648222
0.23829202
0.2748951
0.2782487
0.27547691
0.29027308
0.3024684
0.27780342
0.28237804
0.26175935
0.28514397
0.26056164
0.27837463
0.25727498
0.28363291
0.27219276
0.26842094
0.27018362
0.28668932
0.30620928
0.26893684
0.28242235
0.27236401
0.28640339
0.26967874
0.27228078
0.26098854
0.27612434
0.26991493
0.25766174
0.28335414
0.28888525
0.30001694
0.25199969
0.2808948
0.29167952
0.27371247
0.26802906
0.26971192
0.27792796
0.30116218
0.28073529
0.26569827
0.27046957
0.27501393
0.28807036
0.29946582
0.24170897
0.28808442
0.27692251
0.2733236
0.25306825
0.2582709
0.2735557
0.27731025
0.26758385
0.26448011
0.27113557
0.23966338
0.28743101
0.2948003
0.2523927
0.27857421
0.26439362
0.27204051
0.25773937
0.27052016
0.24863129
0.25891152
0.25820785
0.27556365
0.2565837
0.26614381
0.25965813
0.28333797
0.29270125
0.25911709
0.28334331
0.27737171
0.27038186
0.25931197
0.27701969
0.24680309
0.27194964
0.282171
0.26490348
0.25693261
0.27402279
0.27881822
0.28864404
0.27629716
0.21617137
0.26592455
0.23269086
0.24130665
0.18250779
0.2498096
0.17942377
0.18064841
0.15870299
0.17964669
0.2562701
0.29229578
0.292164
0.28870283
0.21251487
0.026242813
0.040640018
0.026646076
0.040628039
0.030834945
0.021167778
0.022039887
0.022888307
0.024100142
0.24595888
0.19552735
0.023890968
0.034473981
0.024197588
0.036114269
0.028000114
0.0203348
0.020982401
0.022038647
0.023445874
0.2363497
0
0
0
0
0
0
0
0
0
0
0
0
0
0
0
0
0
0
0
0
0
0
0
0
0
0
0
0
0
0
0
0
0
0
0
0
0
0
0
0
0
0
0
0
0
0
0
0
0
0
0
0
0
0
0
0
0
0
0
0
0
0
0
0
0
0
0
0
0
0
0
0
0
0
0
0
0
0
0
0
0.30301389
0.27567366
0.27154671
0.29178431
0.31591189
0.31919491
0.33275022
0.24340215
0.28230269
0.2658299
0.27989629
0.29327285
0.28343029
0.21917943
0.2128398
0.27226931
0.20390423
0.22050217
0.19549023
0.23001256
0.27900011
0.22562671
0.25595687
0.22661531
0.28373971
0.25692447
0.24166953
0.25253884
0.19107903
0.23002398
0.22204203
0.26313648
0.22147467
0.19821785
0.24440424
0.2076735
0.20586841
0.19687907
0.26051779
0.21070057
0.20591716
0.2687775
0.2215521
0.21672428
0.21056507
0.22634749
0.26995513
0.27707944
0.28752924
0.26682404
0.18620079
0.22920452
0.27141825
0.28655228
0.27707025
0.25956115
0.24104093
0.25455674
0.26261682
0.27189037
0.26492009
0.28300993
0.26742261
0.25567969
0.1902149
0.21766878
0.24652519
0.27975061
0.26749828
0.26134018
0.24944298
0.24354284
0.25451188
0.26910627
0.26451777
0.24984329
0.23721613
0.19818699
0.23085756
0.24631825
0.26958918
0.26147189
0.24657228
0.23945671
0.2393136
0.24785519
0.337095
0.32758542
0.33534602
0.34307461
0.30523381
0.31572949
0.32402693
0.31598553
0.32435036
0.3303185
0.30467151
0.28702437
0.26934459
0.32115865
0.31752181
0.29192996
0.25572274
0.27035394
0.26893391
0.27642772
0.25037811
0.28737766
0.29816584
0.30138673
0.32476943
0.32347338
0.31630657
0.32510339
0.32013465
0.29381118
0.29497474
0.30416431
0.31176843
0.30402361
0.31650827
0.30987936
0.28267734
0.26565181
0.25976471
0.308084
0.29748272
0.27579525
0.23933596
0.267622
0.26306437
0.27442043
0.25627365
0.28941372
0.294094
0.31336677
0.32370626
0.31799028
0.32026017
0.31721026
0.31148403
0.28494859
0.28275085
0.29253358
0.29443056
0.2843609
0.29908215
0.29258863
0.26774992
0.25845063
0.2484764
0.28802739
0.28220112
0.25917392
0.22599498
0.25797825
0.25503905
0.27093439
0.25304463
0.28408583
0.29380803
0.30919194
0.31369215
0.32195604
0.31710582
0.31109831
0.3050533
0.27856408
0.27799603
0.27287448
0.28720994
0.26876648
0.27886405
0.28117461
0.2777349
0.26384959
0.24862927
0.24441635
0.27102503
0.27194757
0.24382994
0.22359094
0.25064427
0.25269455
0.28846017
0.25914698
0.28962788
0.29175952
0.31481982
0.30239067
0.32058286
0.30781231
0.30214766
0.27947582
0.27390291
0.27989695
0.28200329
0.2467324
0.26247978
0.26685095
0.25959327
0.25818448
0.24429601
0.24158578
0.25880644
0.26374075
0.23123165
0.21569314
0.24441871
0.24778388
0.28500371
0.25803025
0.29500769
0.28651516
0.29905912
0.29781604
0.31385479
0.30430189
0.29761934
0.26908557
0.28083619
0.28178559
0.28545762
0.25129284
0.23990703
0.25311694
0.24994309
0.24816801
0.24883338
0.24021901
0.23937379
0.25507277
0.24573435
0.21661424
0.22914771
0.24076165
0.25954439
0.29372162
0.2773685
0.29117795
0.2870606
0.27524732
0.3039408
0.28994793
0.28314719
0.26395315
0.28317026
0.27620226
0.28368953
0.24323806
0.23224544
0.24708626
0.2455076
0.24449836
0.24541838
0.24204885
0.2381543
0.25057796
0.24087949
0.20858672
0.22572175
0.23779979
0.25895299
0.29420548
0.27390386
0.2921045
0.28245052
0.26292706
0.30242492
0.2741541
0.2633851
0.25365739
0.27394881
0.28287366
0.27804739
0.25285502
0.23127815
0.2362747
0.24873018
0.24508728
0.24332978
0.2427055
0.24157195
0.23661738
0.2434695
0.22367523
0.20986131
0.24651446
0.24706667
0.27578645
0.27515202
0.28327815
0.28253779
0.23965903
0.28285804
0.29814498
0.25274536
0.24681646
0.26865091
0.28402375
0.27757976
0.24441164
0.22822421
0.23644737
0.24956928
0.24622845
0.24252404
0.23835948
0.23975838
0.23323538
0.23933087
0.21681539
0.20358768
0.24327707
0.24287675
0.2787022
0.28615923
0.2810553
0.28491255
0.24775003
0.29672359
0.31381484
0.27005092
0.31343656
0.28176455
0.28999611
0.31235621
0.28497666
0.29925731
0.32363332
0.30528418
0.27275631
0.27421767
0.30219351
0.28524448
0.26361342
0.28031653
0.30986279
0.26974486
0.25410669
0.27428103
0.29910477
0.2798497
0.26752462
0.28297665
0.26152909
0.24241673
0.26287474
0.25997568
0.24832263
0.27053358
0.249044
0.17983784
0.26156486
0.25104917
0.30128561
0.29701054
0.26756363
0.26839697
0.25482294
0.25888676
0.26679401
0.20581307
0.30081544
0.29855369
0.27586058
0.27281877
0.2551358
0.25564732
0.265669
0.20311665
0.276208
0.26563364
0.26285361
0.25704906
0.25851286
0.22205432
0.25530411
0.25823369
0.25478736
0.24446203
0.24632994
0.25491788
0.22318499
0.2560877
0.20394898
0.24528428
0.23869174
0.24015342
0.23023117
0.24622775
0.24765322
0.21657376
0.23682227
0.22768274
0.27406716
0.25147528
0.25604426
0.24497006
0.24574008
0.24686265
0.22192638
0.2368298
0.2408277
0.29057597
0.22402215
0.25834754
0.2903769
0.2518957
0.24572295
0.23784964
0.23059951
0.22714329
0.14936142
0.30326432
0.036843264
0.04003077
0.083425413
0.051260793
0.049264886
0.058251848
0.063975749
0.055332789
0.028495222
0.23317005
0.20746554
0.17746933
0.13184067
0.025511117
0.21758263
0.16847304
0.1587531
0.13988187
0.29959713
0.11241589
0.010866071
0.008770397
0.0085063476
0.0078462968
0.010566031
0.0099502071
0.29107748
0.0099576304
0.010542285
0.010162996
0.013476975
0.26831074
0.25611189
0.23517823
0.23904952
0.25013348
0.25471998
0.25733476
0.25119649
0.23932812
0.24083339
0.24186077
0.25887807
0.25000271
0.24136257
0.24220937
0.26022631
0.260811
0.24451156
0.24637418
0.23975371
0.24781963
0.24104335
0.25814884
0.25841685
0.25097344
0.24069082
0.26346492
0.25383882
0.25087386
0.24886837
0.25682574
0.24409042
0.2677985
0.27498116
0.25870987
0.23318825
0.14281855
0.26899459
0.2710408
0.26855405
0.26601602
0.23576081
0.24553085
0.22286872
0.19314193
0.14778259
0.026524006
0.23200529
0.18049083
0.1719549
0.1546365
0
0
0
0
0
0
0
0
0
0
0
0
0
0.29754254
0.28522363
0.22020576
0.26581013
0.23885983
0.20813277
0.24780422
0.22755082
0.27132098
0.24447263
0.27694228
0.30607468
0.26172524
0.30554879
0.26597221
0.29296423
0.25532326
0.29833921
0.27292653
0.26506582
0.30581718
0.25982928
0.30383735
0.31163888
0.23344657
0.25622097
0.26988163
0.26617914
0.31792969
0.27503174
0.26372113
0.26781692
0.20781118
0.27601775
0.25933019
0.21762171
0.28718769
0.23705865
0.2185473
0.20894112
0.26027006
0.23800556
0.2250709
0.26604685
0.24191641
0.24775602
0.22118469
0.24471336
0.24665254
0.23952904
0.26732867
0.25575928
0.2453678
0.24676248
0.2496322
0.24154019
0.27303401
0.24583441
0.23380559
0.2613939
0.23224418
0.23060947
0.21904565
0.26794637
0.22422575
0.21631918
0.25305114
0.25379056
0.2714013
0.29762638
0.25516745
0.26944712
0.26000122
0.27286488
0.25730146
0.25972106
0.2500532
0.2686643
0.26455885
0.24337326
0.26776603
0.27738492
0.29362188
0.23834705
0.2714779
0.28402601
0.26702811
0.25212465
0.26466011
0.27436787
0.29899995
0.2796382
0.26226335
0.25822711
0.25550966
0.27462538
0.29395388
0.23001707
0.2805878
0.26555084
0.26954634
0.23406886
0.25467786
0.27117641
0.27291532
0.26399834
0.26243748
0.26076699
0.22364523
0.27440171
0.28700532
0.2402403
0.2665087
0.24727732
0.26713919
0.25606454
0.25798694
0.24631987
0.25620519
0.25445558
0.27303244
0.25291851
0.26529467
0.24745113
0.27357918
0.28755416
0.24543284
0.27660666
0.2681751
0.26543874
0.258302
0.27047333
0.24561267
0.27056099
0.2809094
0.26366741
0.25590354
0.26364621
0.26814305
0.28186931
0.27596833
0.23440513
0.26924874
0.24466396
0.24898912
0.21000138
0.24949703
0.18291847
0.1924604
0.17183713
0.1857011
0.25418435
0.2862113
0.28596544
0.28577813
0.22907079
0.03011533
0.050345678
0.031083995
0.048273733
0.035987267
0.024577121
0.025482624
0.025595027
0.026614169
0.25523517
0.29732624
0.2894574
0.056101335
0.010710489
0.0069056502
0.0082918911
0.0079770506
0.0057366288
0.01496913
0.0072317874
0.0088627537
0.0089087007
0.0093140472
0.042024888
0.050117047
0.0095000185
0.0062201877
0.0073057996
0.0071030162
0.005286654
0.013398787
0.0064154619
0.0077685675
0.0081160869
0.0085870143
0.038535335
0
0
0
0
0
0
0
0
0
0
0
0
0
0
0
0
0
0
0
0
0
0
0
0
0
0
0
0
0
0
0
0
0
0
0
0
0
0
0
0
0
0
0
0
0
0
0
0
0
0
0
0
0
0
0
0
0
0
0
0
0
0
0
0
0
0
0
0
0
0
0
0
0
0
0
0
0
0
0
0
0
0
0.26280778
0.26151411
0.28168945
0.29592734
0.29162605
0.303768
0.23561871
0.22184487
0.26210526
0.24782771
0.26060787
0.22677659
0.26484193
0.20306912
0.27697464
0.20980884
0.19850085
0.19892482
0.25783488
0.20828193
0.1999265
0.20990693
0.18214243
0.18799588
0.24995156
0.19180426
0.26714144
0.23987336
0.21598458
0.20493249
0.27959115
0.2397978
0.23151925
0.22765142
0.18949642
0.21647394
0.2139231
0.23027541
0.20839064
0.26670242
0.18983342
0.18943467
0.18277676
0.23296731
0.20219991
0.1909542
0.19233955
0.24611739
0.19784378
0.25461041
0.21085844
0.20043844
0.26417419
0.25409674
0.27506789
0.25762074
0.24638621
0.19229909
0.21787531
0.24440721
0.27441418
0.25966006
0.25012115
0.23764318
0.23914351
0.24791819
0.26464968
0.25625352
0.23824071
0.22656309
0.19879605
0.23073706
0.24116741
0.26265748
0.25441325
0.23604417
0.22865552
0.23481994
0.24029049
0.2653373
0.24652829
0.22291231
0.22877909
0.20454853
0.25011328
0.24833248
0.24862117
0.24284133
0.22711202
0.23248503
0.237681
0.31549484
0.31436869
0.31959216
0.32382002
0.28216512
0.28216828
0.292868
0.31046167
0.30435159
0.31300097
0.3091107
0.27490541
0.25926754
0.25417091
0.30682116
0.29005601
0.27448183
0.24060087
0.26603586
0.26112894
0.26749264
0.25294118
0.28189126
0.28718644
0.31086325
0.31566091
0.30760876
0.31130587
0.31302393
0.30975814
0.27629247
0.26979719
0.28214268
0.29630699
0.29206574
0.29908949
0.29535557
0.25994565
0.2508891
0.24275771
0.29061159
0.27889923
0.26008907
0.22774433
0.25613089
0.25479371
0.26586251
0.25134875
0.27672981
0.28805567
0.30684537
0.3062647
0.31501178
0.3096592
0.30485274
0.30246259
0.27062252
0.26707123
0.26111397
0.28380926
0.27654249
0.28372699
0.28145754
0.28058817
0.26137646
0.24346996
0.24049357
0.27311373
0.26986045
0.24603295
0.22405
0.25035126
0.25052039
0.28567301
0.25470702
0.28325907
0.28702759
0.30896299
0.29510535
0.31430801
0.30110702
0.29700024
0.27588135
0.26204562
0.26494265
0.27852617
0.25534658
0.26482865
0.2672521
0.2589634
0.25818757
0.24005752
0.23854119
0.26046513
0.26259014
0.23299932
0.21617642
0.24434478
0.24582439
0.28142167
0.25514432
0.29120216
0.28170811
0.29281349
0.28973095
0.3052182
0.29774959
0.29330793
0.26818485
0.27361764
0.27079485
0.28189602
0.25542451
0.24262932
0.2520485
0.24665793
0.24628986
0.2478055
0.23635956
0.23765064
0.25655928
0.24433037
0.21753565
0.22778922
0.23989043
0.25657355
0.29036398
0.27394989
0.2884427
0.28150932
0.26919088
0.29349432
0.28119865
0.27606252
0.26457877
0.2794272
0.26677302
0.28319333
0.24770823
0.23278021
0.24360291
0.24238381
0.24318589
0.24472165
0.2390969
0.23690909
0.25090965
0.24021022
0.20937712
0.22475839
0.23740656
0.25669948
0.29058942
0.27066131
0.29012432
0.27775186
0.25652206
0.29085954
0.26193935
0.25498464
0.25423806
0.27349583
0.27709589
0.27299517
0.25747921
0.23234063
0.23552852
0.24801191
0.24315592
0.24215525
0.24237418
0.2405744
0.23652491
0.24326081
0.22345801
0.21035657
0.24397664
0.24673403
0.27202622
0.26651423
0.28055596
0.27723759
0.23481359
0.27220346
0.28601591
0.24159212
0.24760642
0.2689145
0.28231794
0.27657459
0.24728168
0.22984077
0.23697376
0.25007405
0.2460452
0.24239076
0.23861609
0.23972915
0.23362773
0.23957599
0.21745575
0.20424073
0.24173004
0.24416203
0.27706466
0.28108454
0.27925749
0.28204012
0.2436714
0.29050957
0.30762214
0.26297467
0.21739706
0.25156606
0.27222076
0.27232284
0.24471229
0.23038332
0.23131453
0.22804779
0.19275603
0.22926011
0.21904535
0.20233872
0.1774044
0.16110601
0.2156864
0.19004247
0.18677703
0.2432238
0.15001154
0.20211717
0.2850156
0.28152394
0.26714141
0.28169009
0.31391666
0.2998195
0.26063434
0.27800582
0.24349285
0.28507553
0.25325353
0.23029831
0.29049957
0.28289952
0.2462629
0.22738751
0.2570075
0.25442834
0.27199717
0.24354732
0.23367549
0.28851176
0.27143831
0.24749873
0.23057421
0.24306986
0.26124084
0.24833565
0.22787429
0.25556875
0.26038476
0.24750607
0.2233984
0.24223182
0.2284862
0.20591496
0.25216371
0.23505252
0.2219499
0.24994792
0.24244641
0.28780127
0.28733844
0.27044066
0.26799109
0.24798661
0.25133889
0.26038617
0.20315158
0.26432289
0.25776303
0.256718
0.252865
0.25577999
0.2205421
0.25081321
0.24465834
0.24747391
0.23609088
0.24095612
0.25281887
0.22220737
0.25387349
0.23054419
0.23011774
0.23045641
0.21890969
0.24257234
0.24499942
0.21684107
0.23621539
0.22640587
0.26652255
0.24617148
0.2492409
0.23969695
0.24153919
0.24470844
0.22237799
0.23681548
0.24074749
0.28543709
0.23349802
0.26385268
0.28918766
0.25458251
0.24780844
0.23888242
0.23210389
0.2290657
0.16518002
0.30069389
0.039765759
0.04455524
0.097248969
0.058610633
0.057219605
0.070077199
0.074094463
0.065591653
0.030427788
0.12628876
0.011709993
0.0094180675
0.0090972261
0.0083850163
0.011250947
0.01051777
0.010448483
0.011148266
0.010663567
0.014575253
0.037249896
0.037149877
0.033618913
0.033611945
0.012206529
0.037872291
0.027894911
0.027691876
0.033604282
0.16482174
0.011525887
0.17422237
0.25541463
0.2369974
0.22967234
0.23508668
0.25805972
0.25666602
0.23564608
0.23708928
0.22840043
0.24374057
0.2407663
0.25241631
0.25066267
0.24586556
0.24152129
0.26149977
0.24574779
0.24144944
0.2410769
0.25285355
0.24540954
0.26374036
0.26951726
0.25641014
0.2354402
0.15639491
0.26638986
0.26624814
0.2653094
0.26488633
0.23853099
0.25653755
0.23663412
0.20740987
0.16504804
0.028578764
0.24540789
0.19297764
0.18571948
0.17074255
0.041359307
0.041104763
0.036397784
0.035633094
0.013332422
0.041369705
0.029110906
0.02873729
0.03551217
0
0
0
0
0
0
0
0
0
0
0
0
0.27731059
0.19890093
0.21553112
0.25013399
0.18804079
0.2257661
0.19667465
0.20071353
0.19542967
0.24407984
0.21067943
0.22234395
0.21463059
0.25292325
0.23016446
0.26843532
0.29506572
0.25326519
0.28270875
0.24309409
0.29725085
0.24560877
0.28426757
0.25356119
0.25032728
0.24355656
0.28133256
0.21557509
0.28810403
0.2976038
0.24565308
0.25527412
0.26177263
0.29777352
0.24621318
0.18870082
0.25010154
0.19200395
0.23397327
0.20829602
0.28451998
0.20375439
0.20093639
0.23888126
0.21307109
0.2525917
0.22995344
0.20885983
0.2110923
0.19813961
0.24193032
0.20668746
0.23909224
0.22339656
0.23376629
0.24298773
0.23238854
0.24087073
0.23683676
0.23235894
0.21837708
0.25700054
0.22204607
0.25599355
0.22030153
0.20712881
0.20681356
0.25531903
0.20675185
0.22618203
0.24779934
0.26072339
0.28517367
0.22305059
0.25892934
0.2726816
0.25562701
0.23471687
0.25593457
0.26716824
0.29457761
0.27749125
0.25589651
0.24315748
0.23620872
0.25784059
0.28654027
0.21717979
0.27092118
0.2520633
0.26391547
0.21649476
0.24867711
0.26732836
0.26655792
0.25826542
0.25925123
0.24784882
0.20871129
0.26015493
0.27725545
0.22666185
0.25157261
0.22913294
0.26108789
0.25361373
0.24217493
0.24310196
0.25228856
0.24922328
0.26971949
0.24781799
0.26408891
0.23484278
0.26292136
0.27975341
0.22625646
0.26545422
0.25639127
0.25876165
0.2568157
0.2620614
0.24396174
0.26820266
0.2790103
0.26146568
0.25439421
0.251228
0.25565711
0.27302695
0.27265736
0.24700869
0.26959877
0.252178
0.25344988
0.22927981
0.24849796
0.18429213
0.20219384
0.18302293
0.18983695
0.25172632
0.27855632
0.27837237
0.28129924
0.24513061
0.036813274
0.069357492
0.039066389
0.059645004
0.044354646
0.02846446
0.029395668
0.028675407
0.029498112
0.26010967
0.29440868
0.28714197
0.065119954
0.012007278
0.0076540115
0.0095240579
0.0092709619
0.0070283378
0.016427326
0.0087398439
0.010710044
0.010295079
0.010654586
0.048735026
0.16971348
0.18315162
0.011468997
0.0094891391
0.0110174
0.008856935
0
0
0
0
0
0
0
0
0
0
0
0
0
0
0
0
0
0
0
0
0
0
0
0
0
0
0
0
0
0
0
0
0
0
0
0
0
0
0
0
0
0
0
0
0
0
0
0
0
0
0
0
0
0
0
0
0
0
0
0
0
0
0
0
0
0
0
0
0
0
0
0
0
0
0
0
0
0
0
0
0
0
0
0
0.24598817
0.24976792
0.26443117
0.26698452
0.26805593
0.27841148
0.23852103
0.25224356
0.21250885
0.23955595
0.26513743
0.1913951
0.24605472
0.18839007
0.18981841
0.23473506
0.20657336
0.17388583
0.1765571
0.22396168
0.23767192
0.18136889
0.2492444
0.19281459
0.18196589
0.26660923
0.22819777
0.21212623
0.20475187
0.19367201
0.2091175
0.19944228
0.2167894
0.24020079
0.19641017
0.18900243
0.18015612
0.17255739
0.23023065
0.18173856
0.18159001
0.17465927
0.23670047
0.18476994
0.18083923
0.19279555
0.25676847
0.24678512
0.22570671
0.21485071
0.19901912
0.22972803
0.23372539
0.25366285
0.2452964
0.22330819
0.21628337
0.22653112
0.2293455
0.26154543
0.23510325
0.20955896
0.21568969
0.2048399
0.24940776
0.23958583
0.23878135
0.23238139
0.21237301
0.2215925
0.22967132
0.25088989
0.2218433
0.21577132
0.22468464
0.22446106
0.21677783
0.25468696
0.25112251
0.22657967
0.22610127
0.21563105
0.23510795
0.23709974
0.30087828
0.29381613
0.30013216
0.26404251
0.25446959
0.26939947
0.29268321
0.2930126
0.29096004
0.29197336
0.2484679
0.2384764
0.23505927
0.28871448
0.2719041
0.25743066
0.22798387
0.25220901
0.25283996
0.25760842
0.24862647
0.26630205
0.27956642
0.30233758
0.29617742
0.3067793
0.29901489
0.29511446
0.29706794
0.25935708
0.25406893
0.24759695
0.27696389
0.27928752
0.28256483
0.27564513
0.27852109
0.25397036
0.23556691
0.23503184
0.27129666
0.2650428
0.24649006
0.2235328
0.24899478
0.24688391
0.28138064
0.24921418
0.27468335
0.28059066
0.30099378
0.28632589
0.30606467
0.29197982
0.28932504
0.2685783
0.24986765
0.24921192
0.27169271
0.25916653
0.26316567
0.2644416
0.25542194
0.25580722
0.23384928
0.23428713
0.25992715
0.26003789
0.23362981
0.21597882
0.24351491
0.24280089
0.27549231
0.25169313
0.28591146
0.27490578
0.28481072
0.28053568
0.29429143
0.28907854
0.28756623
0.2646529
0.2629732
0.25678391
0.27428077
0.25639372
0.24232195
0.24835014
0.24136687
0.24254058
0.24507364
0.23073235
0.23516062
0.25729768
0.24203821
0.21773994
0.22590584
0.23833483
0.25232181
0.2857348
0.26975438
0.28489493
0.27430027
0.26146638
0.28120578
0.26954937
0.26643886
0.26337074
0.2740135
0.25520465
0.28014845
0.2496502
0.2306388
0.23619947
0.23666591
0.24078361
0.24276693
0.23543872
0.23526983
0.25058478
0.23921514
0.20954483
0.22333644
0.23664438
0.25405121
0.28605319
0.26704657
0.28791745
0.27232979
0.24872903
0.27667232
0.24699359
0.24549954
0.25432681
0.27208711
0.27007433
0.26540285
0.26053858
0.23060164
0.23197953
0.2458458
0.24015166
0.24011317
0.24143551
0.23911981
0.23614494
0.24260806
0.22298329
0.21044964
0.24109282
0.24592219
0.26795362
0.25740493
0.27771559
0.27180575
0.22895238
0.25916864
0.2713363
0.22955438
0.24829871
0.26896694
0.27940445
0.27398958
0.25129871
0.2310413
0.23675435
0.25041011
0.24541022
0.24181111
0.23866583
0.23952109
0.23393781
0.23935187
0.21790545
0.20476146
0.23931454
0.24458452
0.27438002
0.27442513
0.27655327
0.27778474
0.2394519
0.28305844
0.29821016
0.25527236
0.22354568
0.25324531
0.27201
0.27253128
0.24785415
0.23204404
0.23214313
0.23547232
0.20444479
0.23551817
0.22582655
0.20921188
0.1847566
0.16898215
0.21989894
0.19557676
0.19401567
0.24797222
0.16343598
0.2148886
0.28470363
0.28039834
0.26783898
0.27876294
0.31047528
0.29695373
0.047538011
0.072923434
0.14377904
0.12249556
0.061057133
0.11546791
0.084827331
0.0499975
0.028350137
0.04535105
0.037404345
0.042283386
0.035448178
0.030034807
0.05117682
0.042787672
0.051924709
0.044087101
0.029545958
0.033677359
0.10390927
0.12607331
0.069555546
0.090840794
0.15289851
0.15326628
0.25354912
0.22078967
0.2305789
0.27264356
0.23922449
0.21380641
0.2734347
0.20405678
0.20972967
0.18587498
0.26220597
0.26059681
0.23106789
0.21502891
0.22545436
0.20933115
0.18771128
0.23683851
0.2393296
0.21406182
0.20856841
0.24452515
0.19288108
0.25121357
0.22737531
0.20362286
0.20945734
0.20240633
0.22237628
0.20254688
0.22681455
0.20985883
0.24920363
0.24736384
0.24877605
0.24718033
0.25157439
0.21804211
0.24230912
0.22892568
0.23864641
0.22614058
0.23425179
0.24982705
0.22057405
0.25083402
0.21561733
0.22068262
0.21994862
0.20576763
0.23802084
0.24153142
0.23516928
0.25708693
0.23880868
0.23979577
0.23257491
0.23555619
0.24220536
0.2229166
0.23651728
0.24076441
0.27976093
0.24130929
0.26646583
0.28714133
0.25533798
0.24851346
0.23922878
0.23329432
0.23039295
0.17979453
0.29756687
0.043625924
0.051046395
0.11268902
0.068944273
0.067647796
0.082238776
0.085931966
0.077594173
0.032853924
0.14043755
0.012550417
0.010148077
0.00983636
0.0090895683
0.012269121
0.011792408
0.011437009
0.011957177
0.011587947
0.015997545
0.012629707
0.011260905
0.0115759
0.014027938
0.015061684
0.012096245
0.011578775
0.013455971
0.24429611
0.23961518
0.23855462
0.24083499
0.25820805
0.2359518
0.2286171
0.23143524
0.24764507
0.24545688
0.25927944
0.26340945
0.25332466
0.23759936
0.16959204
0.26291543
0.26097748
0.26177224
0.2636435
0.24147593
0.26442051
0.24866581
0.22026983
0.18458108
0.031297661
0.25809534
0.20748353
0.20081798
0.18965181
0.048604798
0.047354851
0.040844091
0.039272465
0.01461493
0.046710421
0.031109889
0.030531039
0.038820223
0.012335582
0.012549413
0.015250676
0.016334198
0.013033439
0.012460539
0.014549875
0
0
0
0
0
0
0
0
0
0
0
0
0.25885236
0.19438308
0.24109886
0.2399964
0.17843049
0.21780792
0.18572192
0.23110322
0.20215353
0.24786531
0.26079139
0.27761366
0.23435828
0.26375495
0.23054757
0.28386481
0.23290818
0.22676695
0.26243469
0.23004975
0.26084695
0.20064744
0.26350992
0.27962303
0.23118326
0.24837851
0.24547852
0.28234395
0.17847441
0.23640477
0.27207056
0.18203279
0.22644235
0.19587447
0.18897449
0.17826636
0.20682822
0.19675466
0.17974787
0.2398557
0.19683637
0.18525247
0.25756157
0.23740687
0.19384485
0.23880828
0.21475656
0.22210771
0.21295865
0.2237062
0.21322689
0.254285
0.207036
0.19665281
0.28536724
0.2095128
0.19761597
0.2729609
0.24571605
0.1932717
0.1785993
0.21521164
0.19316995
0.18406343
0.22512521
0.21613672
0.23685935
0.27634409
0.20226789
0.25654428
0.23688294
0.25548381
0.19803012
0.23671367
0.26076368
0.25727602
0.24923662
0.25363462
0.23287104
0.19507732
0.24404281
0.26590188
0.21158656
0.23451881
0.21174394
0.25348861
0.24997147
0.22191
0.23798296
0.24629077
0.24092979
0.26487862
0.23933154
0.26221247
0.22223509
0.25176772
0.27007369
0.20590564
0.24979904
0.24220238
0.25042344
0.25457499
0.25177464
0.24164517
0.26549657
0.27638203
0.25846186
0.25221162
0.23408263
0.24198511
0.26083175
0.26613761
0.25286841
0.26758459
0.25583879
0.25547255
0.2396063
0.24682107
0.18405817
0.20897055
0.19135981
0.19114873
0.24848532
0.27015198
0.27024208
0.2755428
0.2535324
0.04788074
0.092696288
0.049707179
0.073508633
0.060141411
0.031931535
0.033315272
0.032221153
0.032738914
0.26274042
0.2904706
0.28383013
0.078588182
0.013422146
0.0090291325
0.011505939
0.011080253
0.008198615
0.017683952
0.010277385
0.012578546
0.011788791
0.011973783
0.058229116
0.17561349
0.1915059
0.012764274
0.010564693
0
0
0
0
0
0
0
0
0
0
0
0
0
0
0
0
0
0
0
0
0
0
0
0
0
0
0
0
0
0
0
0
0
0
0
0
0
0
0
0
0
0
0
0
0
0
0
0
0
0
0
0
0
0
0
0
0
0
0
0
0
0
0
0
0
0
0
0
0
0
0
0
0
0
0
0
0
0
0
0
0
0
0
0.22515513
0.22228874
0.23300971
0.2492019
0.23749728
0.25440713
0.2271174
0.21456786
0.20837535
0.194697
0.19885152
0.24350609
0.17878099
0.23585134
0.17962658
0.18391786
0.16918481
0.21300104
0.17630369
0.17959956
0.1732288
0.2022751
0.19333956
0.16337469
0.16593902
0.16823533
0.15603561
0.20197243
0.15967345
0.20910431
0.1731844
0.16710632
0.23403739
0.18866368
0.17196132
0.24311988
0.20289966
0.19166363
0.18361959
0.19829949
0.1924443
0.18758301
0.17015309
0.22659544
0.17653329
0.2230947
0.17583258
0.1707394
0.16533679
0.16210322
0.16200487
0.21446797
0.17789154
0.16828943
0.16737174
0.21567177
0.25645931
0.22231637
0.19467037
0.20034372
0.20448697
0.24720901
0.227847
0.22785025
0.22020654
0.19621374
0.20760587
0.21733605
0.2448661
0.20661174
0.20062398
0.2113554
0.22118499
0.21618859
0.24926874
0.24343864
0.21665355
0.21384005
0.20234825
0.21970526
0.22869353
0.23230975
0.22384734
0.2273522
0.2382459
0.24066977
0.22314554
0.25299271
0.2257924
0.21388669
0.22095825
0.23924544
0.2435738
0.28274001
0.28503194
0.2739997
0.24434646
0.23840312
0.23144275
0.26576457
0.27690634
0.27530444
0.26324404
0.27222242
0.23514256
0.22415091
0.22757977
0.26382872
0.2559213
0.24478598
0.22173008
0.24602129
0.2409025
0.27446991
0.2419016
0.26302573
0.27197387
0.29057611
0.27584107
0.29585086
0.27930991
0.27772831
0.25578716
0.23634049
0.23254687
0.26155873
0.25844098
0.25819438
0.25835871
0.24947093
0.25009633
0.22558898
0.22825215
0.2565355
0.25558002
0.23280717
0.2149403
0.24159931
0.23822134
0.26662179
0.24755465
0.27825011
0.26576346
0.27472071
0.27023473
0.28188522
0.2782404
0.28067727
0.25774298
0.24903409
0.24136947
0.26124041
0.25348172
0.23861413
0.24150161
0.23427628
0.23670329
0.23955399
0.22280371
0.23158477
0.25702219
0.23842078
0.21713718
0.22339388
0.23582418
0.24615608
0.27941611
0.26458072
0.280126
0.2652199
0.25210859
0.2677563
0.25643264
0.25530721
0.25988485
0.26653082
0.24260059
0.27353233
0.24770883
0.22517678
0.2250136
0.22796877
0.2367552
0.23913529
0.23025122
0.23292499
0.24938238
0.23773964
0.20912533
0.22153502
0.23537644
0.25056998
0.27969976
0.26261567
0.28518343
0.26553236
0.23938646
0.26073565
0.23225053
0.23529609
0.25316586
0.26923024
0.26056742
0.2547595
0.26148898
0.22541608
0.22478834
0.24184886
0.2357728
0.23696695
0.23956026
0.23722071
0.23544866
0.24144749
0.22225853
0.21003986
0.2378882
0.24471472
0.26311575
0.24597242
0.27451829
0.26552187
0.22173558
0.24359327
0.25271834
0.21737988
0.24879319
0.26857244
0.2753016
0.26995704
0.25534897
0.23081662
0.23498237
0.25020703
0.24412401
0.24064172
0.23843179
0.23915509
0.2342282
0.23859099
0.2181487
0.20509026
0.23666785
0.24467579
0.27117222
0.26714376
0.27355218
0.27282345
0.23430229
0.2749024
0.28753156
0.24796575
0.22869108
0.25401138
0.27134785
0.27207249
0.24987807
0.23386789
0.23277221
0.23971187
0.21633298
0.23887942
0.23090567
0.21604673
0.19273471
0.17791594
0.22166489
0.19982836
0.20021696
0.24941228
0.17724676
0.22811098
0.28189571
0.27869138
0.26650213
0.27555663
0.30600197
0.29334732
0.051308157
0.081804045
0.15140705
0.13353049
0.075522724
0.12716289
0.094527183
0.056505578
0.029997208
0.050795879
0.040698492
0.044243815
0.03602431
0.030428543
0.056704516
0.046437844
0.056012991
0.048563978
0.030428504
0.035537743
0.11560871
0.13876107
0.079328819
0.10310921
0.16810722
0.16906273
0.0131449
0.012929073
0.012820964
0.012499523
0.014917535
0.014812133
0.01179099
0.012253288
0.011053332
0.0098353695
0.0082509031
0.0081208336
0.012884027
0.010576169
0.011964059
0.0078552225
0.0070037212
0.0076255394
0.0071498305
0.012139189
0.011038031
0.015103769
0.0057709114
0.0069479189
0.0071076871
0.011894282
0.20509686
0.21204827
0.21923521
0.19421281
0.19903834
0.1796842
0.23071717
0.1888739
0.17015762
0.23379289
0.23918219
0.16085991
0.23961171
0.20394099
0.19644675
0.17485908
0.24489741
0.19493339
0.19591778
0.18115405
0.229297
0.21411287
0.17710462
0.19092327
0.18917371
0.20737504
0.17635679
0.19839865
0.21145897
0.22767343
0.21481054
0.2258192
0.2453966
0.21758574
0.24643677
0.20025966
0.21015762
0.20875757
0.19226151
0.23224378
0.23618347
0.23355605
0.24280065
0.22845659
0.22634904
0.22215307
0.22698159
0.23901097
0.23576345
0.27308397
0.24638285
0.26696064
0.28445663
0.25446295
0.24802123
0.23870129
0.23441042
0.23124552
0.19106227
0.29367087
0.048631713
0.060453883
0.13000948
0.082720756
0.080411865
0.096477337
0.099642087
0.091980912
0.035881583
0.15442233
0.013457473
0.010944732
0.010623612
0.0099311192
0.01323017
0.01293358
0.012481929
0.012975955
0.012758961
0.017380405
0.014050803
0.25377077
0.25593553
0.24925187
0.23916311
0.18177415
0.25805642
0.25545301
0.2571151
0.26214091
0.24411637
0.26810657
0.25570258
0.22784438
0.20098948
0.034339033
0.26806115
0.22298731
0.21593637
0.20827218
0.059446239
0.057044826
0.050074626
0.045128992
0.016325052
0.054768363
0.033910969
0.033016379
0.043756458
0.013436108
0.013615473
0.016549326
0.017589618
0.013934903
0.013386621
0.0156682
0
0
0
0
0
0
0
0
0
0
0
0
0.24938086
0.17701414
0.18666839
0.23523098
0.17000086
0.22428714
0.17135493
0.16677433
0.16135815
0.20857035
0.17238283
0.18082741
0.17446689
0.23554052
0.18736935
0.19594235
0.24701436
0.23882653
0.24791648
0.22014044
0.24780563
0.20510532
0.25643091
0.21525359
0.25388544
0.19142657
0.26064407
0.17276085
0.23505561
0.26224219
0.16801486
0.22121307
0.24011782
0.21735775
0.24448827
0.157295
0.21301459
0.1699812
0.26149905
0.16560486
0.19578772
0.16838733
0.18611886
0.16772684
0.16636153
0.2376732
0.18538036
0.17154565
0.17416489
0.15763415
0.2208513
0.16248655
0.24235836
0.19117085
0.17549089
0.2165284
0.19987117
0.2015264
0.24998375
0.17952027
0.20875871
0.16461315
0.24448378
0.17735418
0.19445416
0.16263732
0.23675846
0.24350712
0.17854728
0.16424447
0.15615622
0.1764474
0.16968439
0.17398383
0.21737863
0.18072883
0.22307171
0.25201827
0.19503382
0.21613722
0.1933395
0.24365397
0.24432972
0.19845061
0.22863169
0.23720042
0.22814318
0.2568685
0.22481887
0.25914215
0.20799693
0.2397658
0.25884747
0.18666385
0.23009027
0.22491639
0.24040154
0.25108525
0.24062536
0.23832851
0.26136693
0.2726376
0.25458713
0.24896361
0.21324903
0.22774514
0.24519464
0.25697255
0.25440611
0.26415989
0.25709137
0.25625784
0.24462713
0.24426291
0.18211242
0.21329069
0.19685193
0.18981443
0.24374717
0.26121301
0.26216613
0.2687308
0.2566632
0.063818501
0.11640423
0.063096305
0.088130212
0.080914896
0.035746644
0.037537159
0.036323501
0.036256604
0.26360545
0.28553674
0.27968444
0.10380191
0.014815946
0.010518245
0.013413367
0.012541274
0.0093156883
0.018810076
0.011509077
0.014390788
0.013358488
0.013364644
0.070979998
0.18200755
0.20049085
0.013464033
0.011969877
0
0
0
0
0
0
0
0
0
0
0
0
0
0
0
0
0
0
0
0
0
0
0
0
0
0
0
0
0
0
0
0
0
0
0
0
0
0
0
0
0
0
0
0
0
0
0
0
0
0
0
0
0
0
0
0
0
0
0
0
0
0
0
0
0
0
0
0
0
0
0
0
0
0
0
0
0
0
0
0.20981665
0.20637716
0.22549861
0.22113735
0.21342045
0.24961473
0.19952434
0.18252102
0.24851001
0.16780652
0.20918834
0.15717491
0.17960511
0.16125343
0.18385519
0.15702989
0.16031139
0.14739123
0.19057937
0.17933353
0.14901697
0.20697891
0.15626357
0.21609372
0.15826441
0.15363731
0.21255582
0.18022973
0.16809985
0.16269639
0.20268418
0.18521734
0.1579793
0.14769356
0.24193565
0.16174426
0.15631037
0.16772885
0.15578736
0.15336017
0.20069236
0.16073656
0.15830826
0.15333833
0.23665429
0.19080141
0.18454409
0.19548473
0.21585035
0.21450784
0.24130795
0.23324974
0.20513066
0.20046981
0.18773688
0.19798786
0.21405945
0.21650546
0.20415404
0.2115326
0.233456
0.24014759
0.22281612
0.24454224
0.21540063
0.19928662
0.21048039
0.22350527
0.23928388
0.24567215
0.24567914
0.24396035
0.23970406
0.19795142
0.23524747
0.2314705
0.19353015
0.2488653
0.24983695
0.25006272
0.26023715
0.24594352
0.26865834
0.26104389
0.23656623
0.22005674
0.21436441
0.24698716
0.25296648
0.24909402
0.24883794
0.24041058
0.23970414
0.21494274
0.21953485
0.24918301
0.24794869
0.23001511
0.21275253
0.23809494
0.23130852
0.25299559
0.24244587
0.26605238
0.25375846
0.26219985
0.25905116
0.26908006
0.26587639
0.27178317
0.24599699
0.23201267
0.22402649
0.2428695
0.24640774
0.23037842
0.23100993
0.22494538
0.22871523
0.23023402
0.21259889
0.22649429
0.25532664
0.23284979
0.21545294
0.22009619
0.23199265
0.2371032
0.2712778
0.25827459
0.27318389
0.25404849
0.24161894
0.25309481
0.24338614
0.24366735
0.25334792
0.25577025
0.22947522
0.26348278
0.24166826
0.21695254
0.21172714
0.21640212
0.23055131
0.23259023
0.22240102
0.22945371
0.24689496
0.23558864
0.20800105
0.21928272
0.23341193
0.24594987
0.27097203
0.25694785
0.28162926
0.2570698
0.22947085
0.24388268
0.21895861
0.22378466
0.25043021
0.2648528
0.24686746
0.24059212
0.25821492
0.21614338
0.21298159
0.2358398
0.22882737
0.23165675
0.23658389
0.2347572
0.23430678
0.23948224
0.22116425
0.2091579
0.23407591
0.24287705
0.25664541
0.23147454
0.27055394
0.2570128
0.21337523
0.22721901
0.23168204
0.20632106
0.24857116
0.26717046
0.27013572
0.26460122
0.25821104
0.22886418
0.23140011
0.24899505
0.24207883
0.23882497
0.23764128
0.23854464
0.23432576
0.23723063
0.21813722
0.20510279
0.23387342
0.24439738
0.26793473
0.25968392
0.27026117
0.26756763
0.22772776
0.26690161
0.27679618
0.24089598
0.23168804
0.25465108
0.27026742
0.27087626
0.25102203
0.2356344
0.23344248
0.24220967
0.22835805
0.24055683
0.23336833
0.22223343
0.20152524
0.18811157
0.22246618
0.20214092
0.20434862
0.2489032
0.19238198
0.24156107
0.27831382
0.2763716
0.26566042
0.27307833
0.30119184
0.28927064
0.05854899
0.092911307
0.15915943
0.14387172
0.092399157
0.1388378
0.10407655
0.068042127
0.033252696
0.060131712
0.046704456
0.048692772
0.038235696
0.032016841
0.066302127
0.053200056
0.062804059
0.056708144
0.032543529
0.039142093
0.12991518
0.15108285
0.090414238
0.11579919
0.18413546
0.18496668
0.013941277
0.01365954
0.013437701
0.013100784
0.01585373
0.015691572
0.012499006
0.012996652
0.011915118
0.010492691
0.0087607455
0.0086500961
0.013696817
0.011272928
0.012907444
0.0084388117
0.0075737336
0.008282857
0.0076908396
0.013235853
0.012064096
0.016705712
0.0062305334
0.0076085849
0.0077138813
0.013138407
0.1868181
0.19397449
0.18131447
0.1636285
0.19331728
0.16909206
0.15518355
0.15866844
0.14565051
0.21494536
0.14979542
0.20249476
0.1457611
0.21605153
0.1797226
0.15872713
0.16086832
0.1476049
0.23858962
0.18009013
0.16672941
0.16501473
0.15481032
0.24029556
0.15443181
0.21242033
0.16487431
0.15946969
0.1748321
0.18940471
0.16305942
0.18312433
0.1973852
0.19567716
0.1779621
0.22432519
0.22708038
0.23086444
0.21363225
0.21457172
0.20975439
0.20797845
0.21579995
0.23451568
0.23437997
0.26412612
0.24845865
0.26712315
0.28159718
0.25347967
0.24679757
0.23754283
0.28923756
0.055129017
0.073052951
0.14815523
0.098507075
0.093868021
0.11081636
0.11539358
0.10925783
0.039744452
0.16902206
0.014432491
0.0118233
0.011452067
0.010918346
0.014487841
0.014014135
0.013886759
0.014078242
0.014092911
0.018940719
0.015864147
0.26865771
0.25856309
0.23262777
0.21256439
0.038254596
0.27382548
0.23627993
0.22895433
0.22477312
0.076572311
0.075261221
0.065752522
0.055251971
0.0176531
0.06794319
0.038551221
0.036548661
0.051333567
0.014627837
0.01511026
0.018276014
0.01899518
0.014981039
0.014411006
0.016872508
0
0
0
0
0
0
0
0
0
0
0
0
0.17811066
0.23668022
0.1648332
0.24374661
0.21204697
0.15975231
0.20661874
0.1517832
0.20979593
0.16450456
0.23828802
0.18349079
0.17493523
0.24362154
0.22162176
0.19502938
0.21847343
0.19422793
0.2241187
0.19331025
0.21790619
0.19155527
0.21935186
0.17806976
0.24241383
0.16259231
0.20664863
0.22835938
0.15951705
0.21651593
0.23169004
0.20845494
0.23685743
0.14941821
0.1964568
0.23350804
0.16091974
0.15436376
0.14514136
0.16430292
0.15652386
0.14795441
0.1793501
0.15770797
0.14728708
0.14759906
0.19631035
0.16978753
0.16185397
0.14322329
0.17121775
0.23062953
0.14991181
0.23587872
0.17615804
0.16520274
0.16541812
0.21296809
0.18573098
0.17426587
0.22447837
0.17528176
0.14981493
0.14521145
0.24314044
0.21104825
0.16786878
0.17531773
0.14515009
0.13741172
0.2039964
0.15959652
0.25387859
0.14400435
0.14043705
0.17616384
0.15876877
0.19011204
0.2255526
0.24475511
0.16759678
0.20579504
0.20303511
0.22860212
0.24560437
0.22833158
0.23349034
0.2551816
0.26693401
0.24882043
0.24396276
0.19113712
0.21306987
0.22629675
0.24726517
0.25320468
0.2602014
0.25597078
0.25512138
0.24626599
0.24005624
0.17719589
0.2140332
0.19969985
0.18600584
0.23700207
0.25232612
0.25403218
0.26092919
0.25686046
0.079776175
0.13634856
0.075788882
0.10112454
0.09895017
0.040527751
0.042296873
0.040483509
0.040028081
0.26354504
0.28023422
0.27518528
0.13004478
0.016232739
0.011930638
0.015882219
0.014362329
0.010078014
0.019727742
0.01287412
0.01595562
0.014913243
0.014605834
0.085887691
0.18882334
0.21042285
0.014315153
0.013278766
0
0
0
0
0
0
0
0
0
0
0
0
0
0
0
0
0
0
0
0
0
0
0
0
0
0
0
0
0
0
0
0
0
0
0
0
0
0
0
0
0
0
0
0
0
0
0
0
0
0
0
0
0
0
0
0
0
0
0
0
0
0
0
0
0
0
0
0
0
0
0
0
0
0
0
0
0
0
0
0
0
0.20179697
0.2240872
0.21300584
0.20174868
0.19430162
0.22849658
0.1738602
0.16996387
0.15541888
0.22630471
0.15656696
0.16349798
0.14559058
0.17463254
0.14812548
0.15201676
0.14008155
0.16727389
0.15414394
0.15438832
0.1466029
0.17816859
0.14883596
0.15160357
0.14112888
0.14133216
0.13623228
0.17306241
0.13568037
0.17012201
0.14312893
0.14207836
0.1381997
0.18580309
0.14500996
0.14893105
0.14251802
0.19206134
0.14098469
0.1436023
0.22050295
0.15891538
0.15084057
0.14153086
0.20753142
0.2105634
0.17252113
0.14709712
0.13736879
0.23024338
0.15238568
0.1484492
0.14892288
0.14377245
0.14653885
0.19370861
0.19842867
0.18296037
0.18977376
0.22539182
0.23849718
0.22139588
0.2318331
0.2015953
0.18525386
0.1974316
0.19886517
0.2316697
0.23311642
0.23193929
0.23813049
0.2388477
0.19965412
0.23548227
0.23105628
0.2040131
0.2308806
0.24232203
0.23840494
0.25843051
0.24631476
0.26697478
0.25859446
0.23545108
0.22086579
0.044258567
0.13350747
0.12743095
0.042424725
0.2765357
0.24590364
0.23880748
0.23601852
0.24171906
0.2358188
0.22787006
0.21171751
0.20401529
0.21989088
0.23408859
0.21745227
0.2174895
0.21320201
0.2178224
0.21587892
0.20006322
0.21915543
0.25146945
0.22430488
0.21226536
0.21580922
0.22602915
0.22421184
0.25955834
0.25024467
0.26177613
0.23950454
0.23018706
0.23805545
0.23017434
0.2311878
0.24215445
0.23858392
0.2150417
0.24986208
0.23156247
0.20591712
0.19716148
0.20278944
0.22142359
0.22173789
0.21129377
0.22435043
0.24254236
0.23248654
0.20591555
0.21644104
0.23050657
0.23981585
0.25936371
0.24956857
0.27694398
0.24562964
0.21887724
0.22630859
0.20605916
0.21151526
0.24534567
0.25832429
0.22833551
0.22375964
0.24711763
0.20358193
0.19782636
0.22639528
0.21770312
0.22286112
0.23204351
0.23135121
0.23239886
0.23645049
0.21948684
0.2077165
0.22940204
0.24011798
0.24800468
0.21514716
0.26547019
0.2453347
0.20412783
0.21198635
0.21223143
0.19642257
0.2471927
0.26458959
0.26377378
0.2578186
0.25830706
0.22493375
0.22602617
0.24666741
0.23899662
0.23613851
0.23608393
0.23768935
0.23426001
0.23491051
0.21782891
0.20475929
0.23071612
0.24377136
0.26408338
0.25123139
0.26631155
0.26156054
0.2180522
0.25844812
0.26483734
0.23137687
0.23345868
0.25488154
0.26835185
0.26895526
0.25262169
0.23781463
0.23343263
0.24304087
0.23687426
0.24122141
0.23441804
0.22584623
0.21067211
0.19763821
0.22266162
0.20350153
0.20629673
0.24713325
0.20650999
0.2529734
0.27482337
0.27354341
0.26400786
0.27021856
0.29591131
0.2850627
0.069535776
0.10477628
0.1675411
0.15667026
0.11181232
0.15154418
0.11564625
0.084089233
0.038794555
0.071748153
0.05521251
0.055615804
0.041559835
0.034368393
0.076968279
0.062612226
0.072839829
0.06596879
0.035542938
0.044533167
0.14306252
0.16322095
0.10337781
0.13209098
0.20189536
0.1991974
0.015003234
0.014637461
0.014292267
0.013784944
0.016987826
0.016776917
0.01352228
0.013940741
0.012975265
0.011373624
0.0094904885
0.0094264128
0.0148104
0.012267479
0.014126417
0.0092674299
0.0083484954
0.0092312055
0.0083887901
0.014522345
0.013357227
0.018768174
0.0068125225
0.0084994212
0.0084505708
0.014879933
0.16686534
0.15150315
0.15471948
0.13911669
0.16361996
0.14427382
0.13556845
0.18101044
0.17950733
0.13295261
0.16147377
0.12947427
0.1231762
0.21387419
0.14681673
0.13415076
0.21299178
0.15248636
0.17599456
0.13877136
0.22608845
0.14256248
0.14707233
0.1505998
0.17449588
0.19695813
0.19164344
0.18969515
0.20182299
0.22781192
0.23190276
0.25029279
0.24769272
0.26788359
0.27894658
0.25271965
0.24527507
0.23602029
0.28456597
0.063214235
0.086530341
0.16502112
0.11373561
0.10637483
0.12348148
0.18369094
0.015702975
0.012986892
0.012883562
0.012214857
0.015796442
0.015218924
0.015244878
0.015401243
0.015391395
0.020479482
0.018019416
0.098460229
0.098711088
0.086758489
0.073365728
0.019418354
0.085209934
0.044339564
0.040831901
0.063316467
0.01619429
0.016605664
0.019695294
0.020366395
0.016299683
0.015759391
0.018151371
0
0
0
0
0
0
0
0
0
0
0
0
0.16332516
0.20332426
0.14777302
0.14132967
0.22422078
0.15144104
0.22083441
0.14154046
0.13151628
0.19676484
0.14049015
0.14770957
0.14337476
0.20695782
0.15293235
0.15769955
0.22427201
0.26119776
0.21238428
0.18664417
0.19631658
0.19436482
0.17798008
0.16176335
0.18360538
0.15357169
0.22451638
0.14465186
0.2190107
0.1994744
0.15159238
0.21984986
0.20891425
0.18577051
0.20222769
0.13413892
0.20891839
0.13764647
0.22565898
0.13435768
0.16931626
0.13935392
0.13409315
0.14913203
0.13527753
0.13723294
0.17919836
0.14857928
0.12849134
0.1335435
0.1152352
0.17464551
0.12416407
0.21347232
0.13636639
0.1392601
0.1301904
0.23633018
0.15232332
0.15274648
0.17155711
0.22587581
0.16052112
0.16211467
0.13497469
0.128619
0.13849941
0.25808756
0.24502475
0.15162397
0.12395802
0.12658006
0.23994053
0.14789621
0.23599099
0.13131769
0.14354205
0.12869368
0.20970748
0.15005087
0.1689591
0.19768664
0.2049983
0.23849906
0.2472691
0.25520918
0.24952772
0.24992469
0.24554323
0.23376206
0.17003475
0.21113487
0.19848953
0.17920139
0.22796278
0.24464367
0.24417279
0.25268864
0.25533025
0.091234727
0.14979527
0.086347144
0.11022856
0.111918
0.044864239
0.046937089
0.044834331
0.044051506
0.2627976
0.27531593
0.27049706
0.14834921
0.016586547
0.013099954
0.017698181
0.015961222
0.011211494
0.019832086
0.014207011
0.017020286
0.016231896
0.015606586
0.1008301
0.19515886
0.22023468
0.015019671
0.014722302
0
0
0
0
0
0
0
0
0
0
0
0
0
0
0
0
0
0
0
0
0
0
0
0
0
0
0
0
0
0
0
0
0
0
0
0
0
0
0
0
0
0
0
0
0
0
0
0
0
0
0
0
0
0
0
0
0
0
0
0
0
0
0
0
0
0
0
0
0
0
0
0
0
0
0
0
0
0
0.19702253
0.20359265
0.18856294
0.18271302
0.19448195
0.21577807
0.14424963
0.17974551
0.13696416
0.16259073
0.13412777
0.16469432
0.1402515
0.13448417
0.20878535
0.13617471
0.13053426
0.21307056
0.17226765
0.13001079
0.17788591
0.13679006
0.13010757
0.16670948
0.1394853
0.13210168
0.18281038
0.13065227
0.13264595
0.12985932
0.13216555
0.11962143
0.23379386
0.1234965
0.21765389
0.13624366
0.12453317
0.12334485
0.21382969
0.14142944
0.140827
0.2136625
0.21177363
0.23374251
0.23597339
0.1958495
0.2345038
0.22933483
0.2082053
0.20751381
0.22498424
0.21903993
0.25780195
0.24419983
0.26378425
0.25707395
0.23685442
0.22649249
0.049503786
0.15213663
0.14302117
0.047247483
0.27808894
0.25016212
0.24418588
0.24331536
0.12111469
0.1213305
0.10786681
0.092102442
0.021478699
0.016831868
0.016699995
0.016668166
0.02051584
0.10223068
0.051804314
0.045920107
0.079956676
0.20036071
0.22437008
0.21186793
0.19764808
0.2296663
0.21647479
0.19127478
0.181115
0.18668815
0.20771888
0.20508816
0.19611231
0.21683192
0.23531046
0.22791441
0.20248013
0.21268386
0.22627078
0.23135882
0.24383116
0.23947793
0.27058015
0.22957273
0.20764832
0.20925128
0.19240327
0.1981766
0.23642614
0.24836588
0.20459921
0.2052536
0.22756808
0.18896844
0.1800238
0.21072355
0.20171398
0.20959501
0.22527131
0.22652482
0.22932125
0.23212663
0.21688107
0.20547432
0.22369611
0.23617726
0.23685308
0.19858514
0.25892549
0.23026815
0.19384332
0.19849567
0.19582079
0.18629838
0.24433952
0.26055047
0.25674881
0.24964948
0.25416939
0.21770824
0.21810547
0.2424673
0.23403199
0.23214359
0.23362144
0.23646244
0.2338327
0.23093287
0.21701424
0.20401692
0.22691465
0.24261298
0.25952753
0.24016066
0.26129058
0.25430881
0.2049408
0.24751216
0.25104184
0.21849192
0.23439172
0.25469795
0.2658896
0.26635661
0.25350797
0.23940441
0.23247721
0.24280176
0.24123767
0.24115663
0.23457848
0.22793358
0.21900688
0.2071951
0.22242764
0.20435686
0.20692311
0.24465402
0.21866045
0.26015299
0.27164374
0.27043545
0.2625333
0.26785661
0.29036161
0.28085281
0.083625767
0.11845114
0.17641957
0.17083109
0.1328588
0.16616591
0.129529
0.10410796
0.049724611
0.085545228
0.065179973
0.067504594
0.046379533
0.037900777
0.088763118
0.073963564
0.086829366
0.077797334
0.039635992
0.051926263
0.15555107
0.17543144
0.11689552
0.14997081
0.21987969
0.21268607
0.016106883
0.015705915
0.015410514
0.015079312
0.018295989
0.017643245
0.015116531
0.015156613
0.014168477
0.012328918
0.01030337
0.010299058
0.015945992
0.013321052
0.015346436
0.01017795
0.0091992733
0.010289682
0.0091479904
0.015837526
0.014817665
0.019325111
0.0084780309
0.0098014256
0.010363769
0.015724526
0.14450685
0.1298526
0.14528376
0.13282696
0.12392309
0.12520612
0.11033499
0.17395093
0.11233032
0.16806214
0.12248478
0.1219685
0.10976329
0.16649492
0.13423017
0.11306958
0.18431649
0.12057807
0.11956102
0.11161301
0.21839973
0.14058054
0.12808624
0.12423453
0.12049865
0.22698976
0.13147583
0.13219506
0.1339634
0.14111041
0.22696202
0.24324264
0.2668573
0.27655894
0.25157801
0.24151864
0.23294644
0.27942097
0.071570343
0.09860085
0.17964644
0.12617928
0.11617503
0.13309703
0.19638667
0.017149942
0.014156185
0.014503005
0.014021866
0.017192504
0.016455349
0.02041111
0.017541414
0.018002278
0.021000214
0.021516371
0.017301759
0.016737754
0.019165002
0
0
0
0
0
0
0
0
0
0
0
0
0.19014697
0.12910808
0.17057465
0.2165636
0.13028545
0.20544373
0.12273341
0.19606081
0.13449066
0.20813603
0.23928086
0.19067586
0.1672502
0.15752759
0.16673948
0.16395696
0.15415654
0.14535431
0.16150066
0.14243538
0.20427762
0.13682693
0.22239034
0.16803869
0.14427255
0.21731716
0.20610536
0.17805854
0.1640344
0.12449527
0.17858999
0.18347259
0.12898115
0.12410911
0.11743238
0.14720507
0.12342607
0.12527493
0.12942758
0.12380414
0.22801444
0.12228785
0.10467749
0.23212298
0.24488857
0.11214745
0.23745756
0.12547442
0.1169205
0.140377
0.2385931
0.14038631
0.13182502
0.22472945
0.14453792
0.14883364
0.11782191
0.12455324
0.20371313
0.19294737
0.16097574
0.13446047
0.11055626
0.11309355
0.17031417
0.13158362
0.12018562
0.21716489
0.12095136
0.11554589
0.23991329
0.23062919
0.22025754
0.24267229
0.25168384
0.09654164
0.15457179
0.095121194
0.11592749
0.11898609
0.048168486
0.051543411
0.048974977
0.047694716
0.26116674
0.2712199
0.2655795
0.15658392
0.016862597
0.013934646
0.019051217
0.017049603
0.011946975
0.019515449
0.015137563
0.017643379
0.017275166
0.016649511
0.11381831
0.19955184
0.22749135
0.015369521
0.016081666
0
0
0
0
0
0
0
0
0
0
0
0
0
0
0
0
0
0
0
0
0
0
0
0
0
0
0
0
0
0
0
0
0
0
0
0
0
0
0
0
0
0
0
0
0
0
0
0
0
0
0
0
0
0
0
0
0
0
0
0
0
0
0
0
0
0
0
0
0
0
0
0
0
0
0
0
0
0
0
0.18393634
0.20015832
0.17782716
0.17803215
0.20036088
0.19783525
0.13121408
0.13200535
0.12289265
0.18740343
0.12886132
0.13287128
0.12015332
0.18365844
0.1299237
0.12693465
0.11629009
0.22720763
0.13842486
0.13452567
0.22931934
0.13013262
0.12661177
0.12386667
0.12252994
0.23679227
0.11662309
0.25097851
0.12468555
0.1242106
0.11467282
0.19230193
0.13024691
0.12339392
0.12435752
0.11572257
0.1939174
0.13133736
0.12417188
0.12406535
0.11245082
0.17964706
0.11826187
0.1237915
0.10906037
0.18605816
0.23043619
0.11408955
0.22494038
0.10813143
0.098063225
0.20111307
0.13491868
0.13209131
0.26007218
0.25518746
0.23690745
0.22975745
0.05462205
0.16734931
0.15459834
0.052217257
0.27719853
0.24859419
0.24610802
0.24732455
0.14139912
0.14009804
0.12625086
0.10690893
0.022218574
0.018464523
0.018020353
0.01791406
0.021179385
0.11562754
0.059998732
0.052611366
0.093149962
0.018739977
0.019048439
0.021582961
0.021889056
0.01814745
0.017369131
0.019833523
0.17374053
0.2210623
0.23177652
0.1781941
0.18584371
0.20102817
0.1729806
0.16108537
0.1863349
0.18128066
0.19130784
0.21537887
0.21962925
0.22459389
0.22589848
0.21267896
0.20195521
0.21677922
0.23063495
0.22237918
0.18141451
0.25044794
0.21156002
0.18193762
0.18441367
0.18097165
0.17289112
0.23955556
0.2545455
0.24945014
0.2376021
0.24600127
0.20300471
0.20524957
0.23488596
0.22672997
0.22608354
0.23004344
0.23460934
0.23275977
0.22443346
0.21519805
0.20267827
0.22219347
0.24060125
0.25420698
0.22413902
0.25482043
0.24507656
0.19026236
0.22636488
0.23079351
0.20358194
0.23432232
0.25363382
0.26281386
0.26322455
0.25310162
0.24007921
0.23085653
0.24142132
0.24342105
0.24057768
0.23395163
0.22877596
0.22410394
0.21475231
0.22165228
0.20472962
0.20656597
0.24143232
0.22764683
0.26315593
0.26894118
0.26691998
0.26131087
0.26626333
0.28466336
0.27754112
0.10047752
0.13411638
0.18515103
0.18521551
0.1542254
0.17942699
0.14379809
0.12371354
0.065683725
0.10117407
0.076384602
0.08351117
0.05443858
0.042586421
0.1010449
0.086903397
0.10328967
0.08943488
0.044770667
0.062318947
0.16714467
0.18699722
0.1307458
0.16848036
0.23629318
0.22481373
0.01720084
0.01680171
0.016534019
0.016501153
0.020046405
0.019393157
0.018017638
0.016513975
0.015545054
0.013330827
0.011146589
0.011212776
0.017024041
0.014578127
0.016658463
0.011112205
0.010093019
0.011799743
0.010856047
0.017076345
0.016218339
0.02046335
0.0097926458
0.010999655
0.012268235
0.017006636
0.13336874
0.12202062
0.11996895
0.10858669
0.17727857
0.12040276
0.10046964
0.23237269
0.25899035
0.1027518
0.27291649
0.11583018
0.099189782
0.086910533
0.24681567
0.10288834
0.23340158
0.10781868
0.10032926
0.22721785
0.11563273
0.10922756
0.12372741
0.27344141
0.078760927
0.10745494
0.18892813
0.13430156
0.12155449
0.13876558
0.20462081
0.019170448
0.015268793
0.015783567
0.016428957
0.018588441
0.017759188
0.022852194
0
0
0
0
0
0
0
0
0
0
0
0.15966096
0.11518123
0.11441906
0.19102606
0.10526216
0.2008583
0.11435606
0.10692782
0.20423628
0.11264511
0.11550325
0.11454514
0.19558445
0.12434073
0.11613741
0.20785071
0.23480972
0.20853861
0.12517563
0.1570589
0.13035898
0.16397104
0.17054496
0.11616512
0.16368944
0.11880884
0.17353035
0.12599528
0.2378956
0.12580468
0.22958607
0.1588289
0.13165881
0.22468258
0.20930589
0.20045503
0.14155142
0.11620757
0.10705736
0.16802665
0.1029519
0.22154477
0.10520329
0.18682637
0.11734815
0.24110644
0.10926437
0.096705832
0.094589888
0.095985643
0.097567875
0.098128979
0.15071456
0.10041864
0.1015371
0.10328127
0.10017502
0.11360936
0.10538455
0.094633958
0.085971227
0.11651708
0.12031189
0.11232211
0.093060631
0.1092666
0.054445292
0.083137063
0.051947764
0.066198006
0.049921944
0.10421072
0.094819412
0.069814143
0.050175562
0.10688489
0.25517525
0.11991993
0.091572406
0.11874741
0.26734562
0.25933606
0.15460659
0.017100827
0.014437613
0.019785161
0.017664166
0.012521508
0.01941864
0.015620728
0.017849184
0.017935779
0.017251205
0.12251725
0.20059151
0.22951737
0.015433465
0.017207056
0
0
0
0
0
0
0
0
0
0
0
0
0
0
0
0
0
0
0
0
0
0
0
0
0
0
0
0
0
0
0
0
0
0
0
0
0
0
0
0
0
0
0
0
0
0
0
0
0
0
0
0
0
0
0
0
0
0
0
0
0
0
0
0
0
0
0
0
0
0
0
0
0
0
0
0
0
0
0.19719451
0.20235589
0.15320622
0.16471691
0.17279121
0.15417254
0.11419148
0.25501911
0.11339999
0.2499036
0.10936404
0.23397323
0.12869498
0.13198255
0.22893503
0.12083979
0.11589619
0.24345072
0.11078657
0.23985075
0.12117642
0.10817001
0.23942226
0.12004588
0.1091438
0.26536741
0.12003696
0.10428031
0.10625842
0.11550247
0.093563946
0.11033454
0.058474588
0.081573413
0.17467691
0.10234274
0.11158325
0.083776064
0.15941588
0.083398429
0.072919624
0.056307536
0.15639104
0.15264182
0.13941976
0.11503258
0.022351946
0.020139939
0.019453402
0.019334022
0.021523393
0.12395396
0.068657158
0.060245842
0.098224924
0.019738169
0.019911845
0.021815087
0.021799404
0.018702334
0.018246663
0.019998741
0.2323125
0.24585141
0.24016667
0.21069217
0.23219842
0.1779145
0.18440065
0.22022007
0.21354512
0.21509458
0.22496223
0.23155843
0.2303533
0.21428598
0.21145959
0.20030326
0.21614464
0.23694537
0.24767405
0.2020642
0.24635198
0.23118963
0.17597457
0.19312885
0.20137864
0.18700377
0.23322148
0.25150682
0.25897027
0.25960967
0.25118536
0.23985611
0.22832783
0.23912442
0.24422241
0.23932566
0.23259324
0.22857955
0.22685031
0.21905922
0.22018027
0.20449998
0.20541612
0.23736429
0.23259875
0.26297479
0.26650198
0.26276184
0.26017828
0.26598922
0.27942545
0.27614155
0.11800571
0.14949668
0.19178146
0.19786754
0.1729118
0.18984579
0.15646668
0.14117138
0.082457573
0.11635403
0.08827703
0.10087197
0.06668026
0.048483003
0.11207152
0.099669063
0.11830578
0.10029879
0.05095577
0.074586672
0.17532145
0.19586209
0.14334472
0.18561577
0.24884859
0.23313305
0.018501706
0.018116598
0.017957128
0.017707537
0.021680026
0.020898301
0.021984669
0.018011122
0.017071405
0.014957228
0.012091819
0.012254766
0.018272576
0.015705354
0.017703461
0.012212318
0.011154429
0.013323664
0.012236811
0.0181471
0.017547808
0.021911371
0.011424255
0.012329085
0.015021147
0.018558619
0.099999066
0.26549319
0.11097734
0.087658078
0.10485827
0.066883223
0.082477023
0.080727201
0.11256075
0.093238673
0.097715463
0.090859302
0.18959915
0.10589515
0.10105629
0.079838533
0.13545164
0.089674049
0.073706074
0.12200835
0.098126858
0.090980013
0.090413635
0.080068299
0.13912089
0.10625962
0.10227296
0.098364198
0.11519411
0.20669454
0.020901072
0.016042522
0.016945329
0.018144703
0.019917597
0.018833246
0.024683886
0
0
0
0
0
0
0
0
0
0
0
0
0.18615452
0.10566884
0.23191564
0.22498981
0.095607122
0.21133308
0.09652915
0.19902789
0.1065996
0.1985294
0.10627168
0.22394149
0.2477719
0.24774689
0.11185141
0.26533084
0.11585982
0.273886
0.26717136
0.10361215
0.25322512
0.10630389
0.24467757
0.11719866
0.22678301
0.11676222
0.21382698
0.19093231
0.12394423
0.22423591
0.22580005
0.21762739
0.15452798
0.097144949
0.26044628
0.25036165
0.095659653
0.095364884
0.10056708
0.10122325
0.14434446
0.078267562
0.055032952
0.017316147
0.014921156
0.065990359
0.020042064
0.08299292
0.062105388
0.017938204
0.081763816
0.052417566
0.10833311
0.012901423
0.097951349
0.076417681
0.12801239
0.039672656
0.015765402
0.017503769
0.043006052
0.018221626
0.039938608
0.10037076
0.041235911
0.091594299
0.017618737
0.096161761
0.085477444
0.12522612
0.0759275
0.060936309
0.01947638
0.1971494
0.22491373
0.015565284
0.018017669
0
0
0
0
0
0
0
0
0
0
0
0
0
0
0
0
0
0
0
0
0
0
0
0
0
0
0
0
0
0
0
0
0
0
0
0
0
0
0
0
0
0
0
0
0
0
0
0
0
0
0
0
0
0
0
0
0
0
0
0
0
0
0
0
0
0
0
0
0
0
0
0
0
0
0
0
0
0.22285024
0.23406973
0.21014443
0.17035694
0.19793244
0.15012742
0.1100547
0.095474021
0.10912244
0.16227992
0.10144425
0.10803701
0.10840931
0.15517748
0.095923896
0.10766827
0.11811099
0.14410542
0.11343731
0.11593326
0.11474314
0.10284288
0.098679654
0.10700668
0.098509527
0.10554619
0.098957329
0.09506405
0.06638628
0.11397692
0.10214239
0.099264543
0.092028975
0.074783553
0.11263363
0.10215817
0.10229087
0.095355485
0.12602035
0.11249448
0.10053332
0.08945145
0.096148071
0.072788385
0.11379557
0.04485244
0.022080863
0.021977009
0.062242102
0.021061639
0.11450321
0.062012856
0.020699116
0.044472616
0.021790375
0.020383871
0.020695647
0.021678868
0.021768123
0.019438809
0.019369938
0.02026038
0.23081689
0.24797466
0.25349925
0.25563204
0.24751076
0.23908856
0.22503143
0.23576336
0.24334921
0.23684352
0.23018421
0.22718428
0.22754536
0.21925741
0.21738911
0.20318178
0.20323895
0.23199506
0.23286958
0.257463
0.26278529
0.25720848
0.25659493
0.26743278
0.27690685
0.27644064
0.13366027
0.16241174
0.19433749
0.2070817
0.18671625
0.19630875
0.16468783
0.1540846
0.097558875
0.1293352
0.098791368
0.11665681
0.078275161
0.054658114
0.12022241
0.11050118
0.12923319
0.10910523
0.057308215
0.08439366
0.17797956
0.2001471
0.15304478
0.20005448
0.25649362
0.23556418
0.019755361
0.019507218
0.019471075
0.018848761
0.023286598
0.022340838
0.026273539
0.019778201
0.019355434
0.016452077
0.013432673
0.01360818
0.019376333
0.016529658
0.018283958
0.013295084
0.012272629
0.014964517
0.013588385
0.01871422
0.018778693
0.022942556
0.013273854
0.013557534
0.018580455
0.019960561
0.094264091
0.086662471
0.086513275
0.20027515
0.10047956
0.040281506
0.021322116
0.016689236
0.053629528
0.01813849
0.08882153
0.065043823
0.019152344
0.096363801
0.05419429
0.020680527
0.051302682
0.019558419
0.086505628
0.057545918
0.10050219
0.025487864
0
0
0
0
0
0
0
0
0
0
0
0.23989456
0.13936174
0.074734048
0.10682145
0.084692488
0.064891999
0.12228565
0.085781632
0.087692527
0.070249416
0.11961637
0.088768211
0.085021125
0.13313507
0.11383637
0.19024157
0.15414716
0.10718443
0.21182107
0.25369376
0.21491478
0.08674362
0.16337475
0.086919274
0.093537776
0.086140312
0.066640294
0.077019291
0.062865445
0.23054147
0.078428671
0.088760277
0.22320056
0.22582279
0.21914309
0.092797865
0.1868503
0.094070721
0.21176438
0.056092771
0.01574149
0.050292364
0.018314238
0.020300901
0.0099236058
0.0091030207
0.019400908
0.020003003
0.011064586
0.058012815
0.022637457
0.022046561
0.010133914
0.059735201
0.021175169
0.019490006
0.0071548653
0.1017771
0.021078609
0.02137535
0.0083337691
0.025542025
0.010471445
0.023287452
0.026555236
0.077419585
0.02277247
0.024526841
0.011102052
0.054566016
0.018604427
0.058678383
0.010358842
0
0
0
0
0
0
0
0
0
0
0
0
0
0
0
0
0
0
0
0
0
0
0
0
0
0
0
0
0
0
0
0
0
0
0
0
0
0
0
0
0
0
0
0
0
0
0
0
0
0
0
0
0
0
0
0
0
0
0
0
0
0
0
0
0
0
0
0
0
0
0
0
0
0
0
0
0
0
0.24160007
0.24370913
0.25092639
0.24166526
0.23258936
0.072589424
0.020771511
0.069849179
0.02122569
0.07785668
0.021397605
0.067472617
0.021925945
0.055695312
0.020490561
0.089101687
0.050477956
0.020022597
0.091951405
0.050987225
0.019903229
0.095626259
0.062107069
0.087877943
0.086513527
0.026176642
0.030994498
0.018227874
0.031734439
0.031788419
0.017301228
0.089159519
0.03089903
0.02893117
0.015889231
0.025668106
0.013362936
0.14530568
0.17094906
0.19129413
0.21137988
0.19385903
0.19795352
0.16752741
0.16082479
0.10822705
0.13775384
0.10557725
0.12908593
0.0865832
0.059651204
0.12407555
0.11785593
0.13462652
0.11421192
0.06279455
0.091097089
0.1733914
0.1987824
0.15739488
0.2099745
0.25891601
0.23002922
0.021019902
0.020871062
0.020956622
0.019953143
0.02463789
0.023548507
0.029925412
0.021549545
0.021759343
0.018139697
0.014854693
0.014924565
0.020265761
0.016952489
0.018437342
0.014248556
0.013311608
0.016759304
0.014802156
0.018764728
0.019644884
0.023367181
0.015282307
0.014684022
0.02228938
0.021088874
0.062070236
0.025224028
0.063000062
0.020946346
0.024207674
0.011553023
0.023939887
0.024397131
0.01193495
0.061041758
0.023623653
0.021033373
0.011504921
0.066826997
0.024245363
0.012467921
0.024480021
0.022949935
0.013356547
0.067977018
0.029542899
0.027929095
0.07967191
0
0
0
0
0
0
0
0
0
0
0
0
0.11196955
0.020158006
0.016551847
0.04941123
0.016520555
0.070224107
0.044989906
0.015546983
0.04567276
0.014806231
0.059261221
0.018590658
0.016401118
0.01770197
0.016562482
0.083146282
0.027746908
0.022063555
0.022559187
0.061172733
0.020142128
0.049750549
0.01880849
0.044454362
0.018664428
0.041984029
0.017385847
0.15932909
0.045851699
0.021687818
0.13501689
0.15026109
0.16355753
0.061064532
0.072470611
0.017693298
0.018466399
0.0084883078
0.0093740154
0.0090776032
0.0099311115
0.0095963277
0.0100937
0.012134439
0.016199623
0.011927939
0.020938187
0.021913657
0.011955962
0
0
0
0
0
0
0
0
0
0
0
0
0
0
0
0
0
0
0
0
0
0
0
0
0
0
0
0
0
0
0
0
0
0
0
0
0
0
0
0
0
0
0
0
0
0
0
0
0
0
0
0
0
0
0
0
0
0
0
0
0
0
0
0
0
0
0
0
0
0
0
0
0
0
0
0
0
0.17262136
0.1813317
0.20891335
0.19278576
0.19297125
0.023094308
0.023242353
0.012905534
0.023566374
0.023484372
0.014256809
0.02663707
0.024741075
0.026138601
0.014186069
0.02488481
0.026420623
0.013182823
0.058011296
0.025981585
0.027872187
0.013893399
0.062992556
0.027404717
0.027400828
0.014042212
0.06795196
0.027682335
0.025601541
0.065276773
0.014634853
0.017622574
0.016570373
0.015332157
0.022086923
0.022047472
0.022243694
0.02094871
0.025605576
0.024403614
0.032297291
0.022737605
0.022896371
0.01930655
0.015801747
0.015822876
0.021322267
0.01704036
0.018553271
0.014993088
0.014135427
0.018174529
0.015738778
0.018707155
0.020080647
0.023066212
0.016781713
0.015625171
0.025444401
0.021732241
0.022500921
0.018269206
0.0099343047
0.012172317
0.013351467
0.011017554
0.013353515
0.013230093
0.017233225
0
0
0
0
0
0
0
0
0
0
0
0.022640131
0.010197093
0.018063176
0.0087167197
0.017013696
0.0084779558
0.010004881
0.010312951
0.01088948
0.011817784
0.022656615
0.013989629
0.022877376
0.022963634
0.03292241
0
0
0
0
0
0
0
0
0
0
0
0
0
0
0
0
0
0
0
0
0
0
0
0
0
0
0
0
0
0
0
0
0
0
0
0
0
0
0
0
0
0
0
0
0
0
0
0
0
0
0
0
0
0
0
0
0
0
0
0
0
0
0
0
0
0
0
0
0
0
0
0
0
0
0
0
0
0.023252486
0.021926414
0.026233678
0.024908263
0.011474659
0.01533439
0.015561896
0.015593836
0
0
0
0
0
0
0
0
0
0
0
0
0
0
0
0
0
0
0
0
0
0
0
0
0
0
0
0
0
0
0
0
0
0
0
0
0
0
0
0
0
0
0
0
0
0
0
0
0
0
0
0
0
0
0
0
0
0
0
0
0
0
0
0
0
0
0
0
0
0
0
0
0
0
0
0
0
0
0
0
0
0
0
0
0
0
0
0
0
0
0
0
0
0
0
0
0
0
0
0
0
0
0
0
0
0
0
0
0
0
0
0
0
0
0
0
0
0
0
0
0
0
0
0
0
0
0
0
0
0
0
0
0
0
0
0
0
0
0
0
0
0
0
0
0
0
0
0
0
0
0
0
0
0
0
0
0
0
0
0
0
0
0
0
0
0
0
0
0
0
0
0
0
0
0
0
0
0
0
0
0
0
0
0
0
0
0
0
0
0
0
0
0
0
0
0
0
0
0
0
0
0
0
0
0
0
0
0
0
0
0
0
0
0
0
0
0
0
0
0
0
0
0
0
0
0
0
0
0
0
0
0
0
0
0
0
0
0
0
0
0
0
0
0
0
0
0
0
0
0
0
0
0
0
0
0
0
0
0
0
0
0
0
0
0
0
0
0
0
0
0
0
0
0
0
0
0
0
0
0
0
0
0
0
0
0
0
0
0
0
0
0
0
0
0
0
0
0
0
0
0
0
0
0
0
0
0
0
0
0
0
0
0
0
0
0
0
0
0
0
0
0
0
0
0
0
0
0
0
0
0
0
0
0
0
0
0
0
0
0
0
0
0
0
0
0
0
0
0
0
0
0
0
0
0
0
0
0
0
0
0
0
0
0
0
0
0
0
0
0
0
0
0
0
0
0
0
0
0
0
0
0
0
0
0
0
0
0
0
0
0
0
0
0
0
0
0
0
0
0
0
0
0
0
0
0
0
0
0
0
0
0
0
0
0
0
0
0
0
0
0
0
0
0
0
0
0
0
0
0
0
0
0
0
0
0
0
0
0
0
0
0
0
0
0
0
0
0
0
0
0
0
0
0
0
0
0
0
0
0
0
0
0
0
0
0
0
0
0
0
0
0
0
0
0
0
0
0
0
0
0
0
0
0
0
0
0
0
0
0
0
0
0
0
0
0
0
0
0
0
0
0
0
0
0
0
0
0
0
0
0
0
0
0
0
0
0
0
0
0
0
0
0
0
0
0
0
0
0
0
0
0
0
0
0
0
0
0
0
0
0
0
0
0
0
0
0
0
0
0
0
0
0
0
0
0
0
0
0
0
0
0
0
0
0
0
0
0
0
0
0
0
0
0
0
0
0
0
0
0
0
0
0
0
0
0
0
0
0
0
0
0
0
0
0
0
0
0
0
0
0
0
0
0
0
0
0
0
0
0
0
0
0
0
0
0
0
0
0
0
0
0
0
0
0
0
0
0
0
0
0
0
0
0
0
0
0
0
0
0
0
0
0
0
0
0
0
0
0
0
0
0
0
0
0
0
0
0
0
0
0
0
0
0
0
0
0
0
0
0
0
0
0
0
0
0
0
0
0
0
0
0
0
0
0
0
0
0
0
0
0
0
0
0
0
0
0
0
0
0
0
0
0
0
0
0
0
0
0
0
0
0
0
0
0
0
0
0
0
0
0
0
0
0
0
0
0
0
0
0
0
0
0
0
0
0
0
0
0
0
0
0
0
0
0
0
0
0
0
0
0
0
0
0
0
0
0
0
0
0
0
0
0
0
0
0
0
0
0
0
0
0
0
0
0
0
0
0
0
0
0
0
0
0
0
0
0
0
0
0
0
0
0
0
0
0
0
0
0
0
0
0
0
0
0
0
0
0
0
0
0
0
0
0
0
0
0
0
0
0
0
0
0
0
0
0
0
0
0
0
0
0
0
0
0
0
0
0
0
0
0
0
0
0
0
0
0
0
0
0
0
0
0
0
0
0
0
0
0
0
0
0
0
0
0
0
0
0
0
0
0
0
0
0
0
0
0
0
0
0
0
0
0
0
0
0
0
0
0
0
0
0
0
0
0
0
0
0
0
0
0
0
0
0
0
0
0
0
0
0
0
0
0
0
0
0
0
0
0
0
0
0
0
0
0
0
0
0
0
0
0
0
0
0
0
0
0
0
0
0
0
0
0
0
0
0
0
0
0
0
0
0
0
0
0
0
0
0
0
0
0
0
0
0
0
0
0
0
0
0
0
0
0
0
0
0
0
0
0
0
0
0
0
0
0
0
0
0
0
0
0
0
0
0
0
0
0
0
0
0
0
0
0
0
0
0
0
0
0
0
0
0
0
0
0
0
0
0
0
0
0
0
0
0
0
0
0
0
0
0
0
0
0
0
0
0
0
0
0
0
0
0
0
0
0
0
0
0
0
0
0
0
0
0
0
0
0
0
0
0
0
0
0
0
0
0
0
0
0
0
0
0
0
0
0
0
0
0
0
0
0
0
0
0
0
0
0
0
0
0
0
0
0
0
0
0
0
0
0
0
0
0
0
0
0
0
0
0
0
0
0
0
0
0
0
0
0
0
0
0
0
0
0
0
0
0
0
0
0
0
0
0
0
0
0
0
0
0
0
0
0
0
0
0
0
0
0
0
0
0
0
0
0
0
0
0
0
0
0
0
0
0
0
0
0
0
0
0
0
0
0
0
0
0
0
0
0
0
0
0
0
0
0
0
0
0
0
0
0
0
0
0
0
0
0
0
0
0
0
0
0
0
0
0
0
0
0
0
0
0
0
0
0
0
0
0
0
0
0
0
0
0
0
0
0
0
0
0
0
0
0
0
0
0
0
0
0
0
0
0
0
0
0
0
0
0
0
0
0
0
0
0
0
0
0
0
0
0
0
0
0
0
0
0
0
0
0
0
0
0
0
0
0
0
0
0
0
0
0
0
0
0
0
0
0
0
0
0
0
0
0
0
0
0
0
0
0
0
0
0
0
0
0
0
0
0
0
0
0
0
0
0
0
0
0
0
0
0
0
0
0
0
0
0
0
0
0
0
0
0
0
0
0
0
0
0
0
0
0
0
0
0
0
0
0
0
0
0
0
0
0
0
0
0
0
0
0
0
0
0
0
0
0
0
0
0
0
0
0
0
0
0
0
0
0
0
0
0
0
0
0
0
0
0
0
0
0
0
0
0
0
0
0
0
0
0
0
0
0
0
0
0
0
0
0
0
0
0
0
0
0
0
0
0
0
0
0
0
0
0
0
0
0
0
0
0
0
0
0
0
0
0
0
0
0
0
0
0
0
0
0
0
0
0
0
0
0
0
0
0
0
0
0
0
0
0
0
0
0
0
0
0
0
0
0
0
0
0
0
0
0
0
0
0
0
0
0
0
0
0
0
0
0
0
0
0
0
0
0
0
0
0
0
0
0
0
0
0
0
0
0
0
0
0
0
0
0
0
0
0
0
0
0
0
0
0
0
0
0
0
0
0
0
0
0
0
0
0
0
0
0
0
0
0
0
0
0
0
0
0
0
0
0
0
0
0
0
0
0
0
0
0
0
0
0
0
0
0
0
0
0
0
0
0
0
0
0
0
0
0
0
0
0
0
0
0
0
0
0
0
0
0
0
0
0
0
0
0
0
0
0
0
0
0
0
0
0
0
0
0
0
0
0
0
0
0
0
0
0
0
0
0
0
0
0
0
0
0
0
0
0
0
0
0
0
0
0
0
0
0
0
0
0
0
0
0
0
0
0
0
0
0
0
0
0
0
0
0
0
0
0
0
0
0
0
0
0
0
0
0
0
0
0
0
0
0
0
0
0
0
0
0
0
0
0
0
0
0
0
0
0
0
0
0
0
0
0
0
0
0
0
0
0
0
0
0
0
0
0
0
0
0
0
0
0
0
0
0
0
0
0
0
0
0
0
0
0
0
0
0
0
0
0
0
0
0
0
0
0
0
0
0
0
0
0
0
0
0
0
0
0
0
0
0
0
0
0
0
0
0
0
0
0
0
0
0
0
0
0
0
0
0
0
0
0
0
0
0
0
0
0
0
0
0
0
0
0
0
0
0
0
0
0
0
0
0
0
0
0
0
0
0
0
0
0
0
0
0
0
0
0
0
0
0
0
0
0
0
0
0
0
0
0
0
0
0
0
0
0
0
0
0
0
0
0
0
0
0
0
0
0
0
0
0
0
0
0
0
0
0
0
0
0
0
0
0
0
0
0
0
0
0
0
0
0
0
0
0
0
0
0
0
0
0
0
0
0
0
0
0
0
0
0
0
0
0
0
0
0
0
0
0
0
0
0
0
0
0
0
0
0
0
0
0
0
0
0
0
0
0
0
0
0
0
0
0
0
0
0
0
0
0
0
0
0
0
0
0
0
0
0
0
0
0
0
0
0
0
0
0
0
0
0
0
0
0
0
0
0
0
0
0
0
0
0
0
0
0
0
0
0
0
0
0
0
0
0
0
0
0
0
0
0
0
0
0
0
0
0
0
0
0
0
0
0
0
0
0
0
0
0
0
0
0
0
0
0
0
0
0
0
0
0
0
0
0
0
0
0
0
0
0
0
0
0
0
0
0
0
0
0
0
0
0
0
0
0
0
0
0
0
0
0
0
0
0
0
0
0
0
0
0
0
0
0
0
0
0
0
0
0
0
0
0
0
0
0
0
0
0
0
0
0
0
0
0
0
0
0
0
0
0
0
0
0
0
0
0
0
0
0
0
0
0
0
0
0
0
0
0
0
0
0
0
0
0
0
0
0
0
0
0
0
0
0
0
0
0
0
0
0
0
0
0
0
0
0
0
0
0
0
0
0
0
0
0
0
0
0
0
0
0
0
0
0
0
0
0
0
0
0
0
0
0
0
0
0
0
0
0
0
0
0
0
0
0
0
0
0
0
0
0
0
0
0
0
0
0
0
0
0
0
0
0
0
0
0
0
0
0
0
0
0
0
0
0
0
0
0
0
0
0
0
0
0
0
0
0
0
0
0
0
0
0
0
0
0
0
0
0
0
0
0
0
0
0
0
0
0
0
0
0
0
0
0
0
0
0
0
0
0
0
0
0
0
0
0
0
0
0
0
0
0
0
0
0
0
0
0
0
0
0
0
0
0
0
0
0
0
0
0
0
0
0
0
0
0
0
0
0
0
0
0
0
0
0
0
0
0
0
0
0
0
0
0
0
0
0
0
0
0
0
0
0
0
0
0
0
0
0
0
0
0
0
0
0
0
0
0
0
0
0
0
0
0
0
0
0
0
0
0
0
0
0
0
0
0
0
0
0
0
0
0
0
0
0
0
0
0
0
0
0
0
0
0
0
0
0
0
0
0
0
0
0
0
0
0
0
0
0
0
0
0
0
0
0
0
0
0
0
0
0
0
0
0
0
0
0
0
0
0
0
0
0
0
0
0
0
0
0
0
0
0
0
0
0
0
0
0
0
0
0
0
0
0
0
0
0
0
0
0
0
0
0
0
0
0
0
0
0
0
0
0
0
0
0
0
0
0
0
0
0
0
0
0
0
0
0
0
0
0
0
0
0
0
0
0
0
0
0
0
0
0
0
0
0
0
0
0
0
0
0
0
0
0
0
0
0
0
0
0
0
0
0
0
0
0
0
0
0
0
0
0
0
0
0
0
0
0
0
0
0
0
0
0
0
0
0
0
0
0
0
0
0
0
0
0
0
0
0
0
0
0
0
0
0
0
0
0
0
0
0
0
0
0
0
0
0
0
0
0
0
0
0
0
0
0
0
0
0
0
0
0
0
0
0
0
0
0
0
0
0
0
0
0
0
0
0
0
0
0
0
0
0
0
0
0
0
0
0
0
0
0
0
0
0
0
0
0
0
0
0
0
0
0
0
0
0
0
0
0
0
0
0
0
0
0
0
0
0
0
0
0
0
0
0
0
0
0
0
0
0
0
0
0
0
0
0
0
0
0
0
0
0
0
0
0
0
0
0
0
0
0
0
0
0
0
0
0
0
0
0
0
0
0
0
0
0
0
0
0
0
0
0
0
0
0
0
0
0
0
0
0
0
0
0
0
0
0
0
0
0
0
0
0
0
0
0
0
0
0
0
0
0
0
0
0
0
0
0
0
0
0
0
0
0
0
0
0
0
0
0
0
0
0
0
0
0
0
0
0
0
0
0
0
0
0
0
0
0
0
0
0
0
0
0
0
0
0
0
0
0
0
0
0
0
0
0
0
0
0
0
0
0
0
0
0
0
0
0
0
0
0
0
0
0
0
0
0
0
0
0
0
0
0
0
0
0
0
0
0
0
0
0
0
0
0
0
0
0
0
0
0
0
0
0
0
0
0
0
0
0
0
0
0
0
0
0
0
0
0
0
0
0
0
0
0
0
0
0
0
0
0
0
0
0
0
0
0
0
0
0
0
0
0
0
0
0
0
0
0
0
0
0
0
0
0
0
0
0
0
0
0
0
0
0
0
0
0
0
0
0
0
0
0
0
0
0
0
0
0
0
0
0
0
0
0
0
0
0
0
0
0
0
0
0
0
0
0
0
0
0
0
0
0
0
0
0
0
0
0
0
0
0
0
0
0
0
0
0
0
0
0
0
0
0
0
0
0
0
0
0
0
0
0
0
0
0
0
0
0
0
0
0
0
0
0
0
0
0
0
0
0
0
0
0
0
0
0
0
0
0
0
0
0
0
0
0
0
0
0
0
0
0
0
0
0
0
0
0
0
0
0
0
0
0
0
0
0
0
0
0
0
0
0
0
0
0
0
0
0
0
0
0
0
0
0
0
0
0
0
0
0
0
0
0
0
0
0
0
0
0
0
0
0
0
0
0
0
0
0
0
0
0
0
0
0
0
0
0
0
0
0
0
0
0
0
0
0
0
0
0
0
0
0
0
0
0
0
0
0
0
0
0
0
0
0
0
0
0
0
0
0
0
0
0
0
0
0
0
0
0
0
0
0
0
0
0
0
0
0
0
0
0
0
0
0
0
0
0
0
0
0
0
0
0
0
0
0
0
0
0
0
0
0
0
0
0
0
0
0
0
0
0
0
0
0
0
0
0
0
0
0
0
0
0
0
0
0
0
0
0
0
0
0
0
0
0
0
0
0
0
0
0
0
0
0
0
0
0
0
0
0
0
0
0
0
0
0
0
0
0
0
0
0
0
0
0
0
0
0
0
0
0
0
0
0
0
0
0
0
0
0
0
0
0
0
0
0
0
0
0
0
0
0
0
0
0
0
0
0
0
0
0
0
0
0
0
0
0
0
0
0
0
0
0
0
0
0
0
0
0
0
0
0
0
0
0
0
0
0
0
0
0
0
0
0
0
0
0
0
0
0
0
0
0
0
0
0
0
0
0
0
0
0
0
0
0
0
0
0
0
0
0
0
0
0
0
0
0
0
0
0
0
0
0
0
0
0
0
0
0
0
0
0
0
0
0
0
0
0
0
0
0
0
0
0
0
0
0
0
0
0
0
0
0
0
0
0
0
0
0
0
0
0
0
0
0
0
0
0
0
0
0
0
0
0
0
0
0
0
0
0
0
0
0
0
0
0
0
0
0
0
0
0
0
0
0
0
0
0
0
0
0
0
0
0
0
0
0
0
0
0
0
0
0
0
0
0
0
0
0
0
0
0
0
0
0
0
0
0
0
0
0
0
0
0
0
0
0
0
0
0
0
0
0
0
0
0
0
0
0
0
0
0
0
0
0
0
0
0
0
0
0
0
0
0
0
0
0
0
0
0
0
0
0
0
0
0
0
0
0
0
0
0
0
0
0
0
0
0
0
0
0
0
0
0
0
0
0
0
0
0
0
0
0
0
0
0
0
0
0
0
0
0
0
0
0
0
0
0
0
0
0
0
0
0
0
0
0
0
0
0
0
0
0
0
0
0
0
0
0
0
0
0
0
0
0
0
0
0
0
0
0
0
0
0
0
0
0
0
0
0
0
0
0
0
0
0
0
0
0
0
0
0
0
0
0
0
0
0
0
0
0
0
0
0
0
0
0
0
0
0
0
0
0
0
0
0
0
0
0
0
0
0
0
0
0
0
0
0
0
0
0
0
0
0
0
0
0
0
0
0
0
0
0
0
0
0
0
0
0
0
0
0
0
0
0
0
0
0
0
0
0
0
0
0
0
0
0
0
0
0
0
0
0
0
0
0
0
0
0
0
0
0
0
0
0
0
0
0
0
0
0
0
0
0
0
0
0
0
0
0
0
0
0
0
0
0
0
0
0
0
0
0
0
0
0
0
0
0
0
0
0
0
0
0
0
0
0
0
0
0
0
0
0
0
0
0
0
0
0
0
0
0
0
0
0
0
0
0
0
0
0
0
0
0
0
0
0
0
0
0
0
0
0
0
0
0
0
0
0
0
0
0
0
0
0
0
0
0
0
0
0
0
0
0
0
0
0
0
0
0
0
0
0
0
0
0
0
0
0
0
0
0
0
0
0
0
0
0
0
0
0
0
0
0
0
0
0
0
0
0
0
0
0
0
0
0
0
0
0
0
0
0
0
0
0
0
0
0
0
0
0
0
0
0
0
0
0
0
0
0
0
0
0
0
0
0
0
0
0
0
0
0
0
0
0
0
0
0
0
0
0
0
0
0
0
0
0
0
0
0
0
0
0
0
0
0
0
0
0
0
0
0
0
0
0
0
0
0
0
0
0
0
0
0
0
0
0
0
0
0
0
0
0
0
0
0
0
0
0
0
0
0
0
0
0
0
0
0
0
0
0
0
0
0
0
0
0
0
0
0
0
0
0
0
0
0
0
0
0
0
0
0
0
0
0
0
0
0
0
0
0
0
0
0
0
0
0
0
0
0
0
0
0
0
0
0
0
0
0
0
0
0
0
0
0
0
0
0
0
0
0
0
0
0
0
0
0
0
0
0
0
0
0
0
0
0
0
0
0
0
0
0
0
0
0
0
0
0
0
0
0
0
0
0
0
0
0
0
0
0
0
0
0
0
0
0
0
0
0
0
0
0
0
0
0
0
0
0
0
0
0
0
0
0
0
0
0
0
0
0
0
0
0
0
0
0
0
0
0
0
0
0
0
0
0
0
0
0
0
0
0
0
0
0
0
0
0
0
0
0
0
0
0
0
0
0
0
0
0
0
0
0
0
0
0
0
0
0
0
0
0
0
0
0
0
0
0
0
0
0
0
0
0
0
0
0
0
0
0
0
0
0
0
0
0
0
0
0
0
0
0
0
0
0
0
0
0
0
0
0
0
0
0
0
0
0
0
0
0
0
0
0
0
0
0
0
0
0
0
0
0
0
0
0
0
0
0
0
0
0
0
0
0
0
0
0
0
0
0
0
0
0
0
0
0
0
0
0
0
0
0
0
0
0
0
0
0
0
0
0
0
0
0
0
0
0
0
0
0
0
0
0
0
0
0
0
0
0
0
0
0
0
0
0
0
0
0
0
0
0
0
0
0
0
0
0
0
0
0
0
0
0
0
0
0
0
0
0
0
0
0
0
0
0
0
0
0
0
0
0
0
0
0
0
0
0
0
0
0
0
0
0
0
0
0
0
0
0
0
0
0
0
0
0
0
0
0
0
0
0
0
0
0
0
0
0
0
0
0
0
0
0
0
0
0
0
0
0
0
0
0
0
0
0
0
0
0
0
0
0
0
0
0
0
0
0
0
0
0
0
0
0
0
0
0
0
0
0
0
0
0
0
0
0
0
0
0
0
0
0
0
0
0
0
0
0
0
0
0
0
0
0
0
0
0
0
0
0
0
0
0
0
0
0
0
0
0
0
0
0
0
0
0
0
0
0
0
0
0
0
0
0
0
0
0
0
0
0
0
0
0
0
0
0
0
0
0
0
0
0
0
0
0
0
0
0
0
0
0
0
0
0
0
0
0
0
0
0
0
0
0
0
0
0
0
0
0
0
0
0
0
0
0
0
0
0
0
0
0
0
0
0
0
0
0
0
0
0
0
0
0
0
0
0
0
0
0
0
0
0
0
0
0
0
0
0
0
0
0
0
0
0
0
0
0
0
0
0
0
0
0
0
0
0
0
0
0
0
0
0
0
0
0
0
0
0
0
0
0
0
0
0
0
0
0
0
0
0
0
0
0
0
0
0
0
0
0
0
0
0
0
0
0
0
0
0
0
0
0
0
0
0
0
0
0
0
0
0
0
0
0
0
0
0
0
0
0
0
0
0
0
0
0
0
0
0
0
0
0
0
0
0
0
0
0
0
0
0
0
0
0
0
0
0
0
0
0
0
0
0
0
0
0
0
0
0
0
0
0
0
0
0
0
0
0
0
0
0
0
0
0
0
0
0
0
0
0
0
0
0
0
0
0
0
0
0
0
0
0
0
0
0
0
0
0
0
0
0
0
0
0
0
0
0
0
0
0
0
0
0
0
0
0
0
0
0
0
0
0
0
0
0
0
0
0
0
0
0
0
0
0
0
0
0
0
0
0
0
0
0
0
0
0
0
0
0
0
0
0
0
0
0
0
0
0
0
0
0
0
0
0
0
0
0
0
0
0
0
0
0
0
0
0
0
0
0
0
0
0
0
0
0
0
0
0
0
0
0
0
0
0
0
0
0
0
0
0
0
0
0
0
0
0
0
0
0
0
0
0
0
0
0
0
0
0
0
0
0
0
0
0
0
0
0
0
0
0
0
0
0
0
0
0
0
0
0
0
0
0
0
0
0
0
0
0
0
0
0
0
0
0
0
0
0
0
0
0
0
0
0
0
0
0
0
0
0
0
0
0
0
0
0
0
0
0
0
0
0
0
0
0
0
0
0
0
0
0
0
0
0
0
0
0
0
0
0
0
0
0
0
0
0
0
0
0
0
0
0
0
0
0
0
0
0
0
0
0
0
0
0
0
0
0
0
0
0
0
0
0
0
0
0
0
0
0
0
0
0
0
0
0
0
0
0
0
0
0
0
0
0
0
0
0
0
0
0
0
0
0
0
0
0
0
0
0
0
0
0
0
0
0
0
0
0
0
0
0
0
0
0
0
0
0
0
0
0
0
0
0
0
0
0
0
0
0
0
0
0
0
0
0
0
0
0
0
0
0
0
0
0
0
0
0
0
0
0
0
0
0
0
0
0
0
0
0
0
0
0
0
0
0
0
0
0
0
0
0
0
0
0
0
0
0
0
0
0
0
0
0
0
0
0
0
0
0
0
0
0
0
0
0
0
0
0
0
0
0
0
0
0
0
0
0
0
0
0
0
0
0
0
0
0
0
0
0
0
0
0
0
0
0
0
0
0
0
0
0
0
0
0
0
0
0
0
0
0
0
0
0
0
0
0
0
0
0
0
0
0
0
0
0
0
0
0
0
0
0
0
0
0
0
0
0
0
0
0
0
0
0
0
0
0
0
0
0
0
0
0
0
0
0
0
0
0
0
0
0
0
0
0
0
0
0
0
0
0
0
0
0
0
0
0
0
0
0
0
0
0
0
0
0
0
0
0
0
0
0
0
0
0
0
0
0
0
0
0
0
0
0
0
0
0
0
0
0
0
0
0
0
0
0
0
0
0
0
0
0
0
0
0
0
0
0
0
0
0
0
0
0
0
0
0
0
0
0
0
0
0
0
0
0
0
0
0
0
0
0
0
0
0
0
0
0
0
0
0
0
0
0
0
0
0
0
0
0
0
0
0
0
0
0
0
0
0
0
0
0
0
0
0
0
0
0
0
0
0
0
0
0
0
0
0
0
0
0
0
0
0
0
0
0
0
0
0
0
0
0
0
0
0
0
0
0
0
0
0
0
0
0
0
0
0
0
0
0
0
0
0
0
0
0
0
0
0
0
0
0
0
0
0
0
0
0
0
0
0
0
0
0
0
0
0
0
0
0
0
0
0
0
0
0
0
0
0
0
0
0
0
0
0
0
0
0
0
0
0
0
0
0
0
0
0
0
0
0
0
0
0
0
0
0
0
0
0
0
0
0
0
0
0
0
0
0
0
0
0
0
0
0
0
0
0
0
0
0
0
0
0
0
0
0
0
0
0
0
0
0
0
0
0
0
0
0
0
0
0
0
0
0
0
0
0
0
0
0
0
0
0
0
0
0
0
0
0
0
0
0
0
0
0
0
0
0
0
0
0
0
0
0
0
0
0
0
0
0
0
0
0
0
0
0
0
0
0
0
0
0
0
0
0
0
0
0
0
0
0
0
0
0
0
0
0
0
0
0
0
0
0
0
0
0
0
0
0
0
0
0
0
0
0
0
0
0
0
0
0
0
0
0
0
0
0
0
0
0
0
0
0
0
0
0
0
0
0
0
0
0
0
0
0
0
0
0
0
0
0
0
0
0
0
0
0
0
0
0
0
0
0
0
0
0
0
0
0
0
0
0
0
0
0
0
0
0
0
0
0
0
0
0
0
0
0
0
0
0
0
0
0
0
0
0
0
0
0
0
0
0
0
0
0
0
0
0
0
0
0
0
0
0
0
0
0
0
0
0
0
0
0
0
0
0
0
0
0
0
0
0
0
0
0
0
0
0
0
0
0
0
0
0
0
0
0
0
0
0
0
0
0
0
0
0
0
0
0
0
0
0
0
0
0
0
0
0
0
0
0
0
0
0
0
0
0
0
0
0
0
0
0
0
0
0
0
0
0
0
0
0
0
0
0
0
0
0
0
0
0
0
0
0
0
0
0
0
0
0
0
0
0
0
0
0
0
0
0
0
0
0
0
0
0
0
0
0
0
0
0
0
0
0
0
0
0
0
0
0
0
0
0
0
0
0
0
0
0
0
0
0
0
0
0
0
0
0
0
0
0
0
0
0
0
0
0
0
0
0
0
0
0
0
0
0
0
0
0
0
0
0
0
0
0
0
0
0
0
0
0
0
0
0
0
0
0
0
0
0
0
0
0
0
0
0
0
0
0
0
0
0
0
0
0
0
0
0
0
0
0
0
0
0
0
0
0
0
0
0
0
0
0
0
0
0
0
0
0
0
0
0
0
0
0
0
0
0
0
0
0
0
0
0
0
0
0
0
0
0
0
0
0
0
0
0
0
0
0
0
0
0
0
0
0
0
0
0
0
0
0
0
0
0
0
0
0
0
0
0
0
0
0
0
0
0
0
0
0
0
0
0
0
0
0
0
0
0
0
0
0
0
0
0
0
0
0
0
0
0
0
0
0
0
0
0
0
0
0
0
0
0
0
0
0
0
0
0
0
0
0
0
0
0
0
0
0
0
0
0
0
0
0
0
0
0
0
0
0
0
0
0
0
0
0
0
0
0
0
0
0
0
0
0
0
0
0
0
0
0
0
0
0
0
0
0
0
0
0
0
0
0
0
0
0
0
0
0
0
0
0
0
0
0
0
0
0
0
0
0
0
0
0
0
0
0
0
0
0
0
0
0
0
0
0
0
0
0
0
0
0
0
0
0
0
0
0
0
0
0
0
0
0
0
0
0
0
0
0
0
0
0
0
0
0
0
0
0
0
0
0
0
0
0
0
0
0
0
0
0
0
0
0
0
0
0
0
0
0
0
0
0
0
0
0
0
0
0
0
0
0
0
0
0
0
0
0
0
0
0
0
0
0
0
0
0
0
0
0
0
0
0
0
0
0
0
0
0
0
0
0
0
0
0
0
0
0
0
0
0
0
0
0
0
0
0
0
0
0
0
0
0
0
0
0
0
0
0
0
0
0
0
0
0
0
0
0
0
0
0
0
0
0
0
0
0
0
0
0
0
0
0
0
0
0
0
0
0
0
0
0
0
0
0
0
0
0
0
0
0
0
0
0
0
0
0
0
0
0
0
0
0
0
0
0
0
0
0
0
0
0
0
0
0
0
0
0
0
0
0
0
0
0
0
0
0
0
0
0
0
0
0
0
0
0
0
0
0
0
0
0
0
0
0
0
0
0
0
0
0
0
0
0
0
0
0
0
0
0
0
0
0
0
0
0
0
0
0
0
0
0
0
0
0
0
0
0
0
0
0
0
0
0
0
0
0
0
0
0
0
0
0
0
0
0
0
0
0
0
0
0
0
0
0
0
0
0
0
0
0
0
0
0
0
0
0
0
0
0
0
0
0
0
0
0
0
0
0
0
0
0
0
0
0
0
0
0
0
0
0
0
0
0
0
0
0
0
0
0
0
0
0
0
0
0
0
0
0
0
0
0
0
0
0
0
0
0
0
0
0
0
0
0
0
0
0
0
0
0
0
0
0
0
0
0
0
0
0
0
0
0
0
0
0
0
0
0
0
0
0
0
0
0
0
0
0
0
0
0
0
0
0
0
0
0
0
0
0
0
0
0
0
0
0
0
0
0
0
0
0
0
0
0
0
0
0
0
0
0
0
0
0
0
0
0
0
0
0
0
0
0
0
0
0
0
0
0
0
0
0
0
0
0
0
0
0
0
0
0
0
0
0
0
0
0
0
0
0
0
0
0
0
0
0
0
0
0
0
0
0
0
0
0
0
0
0
0
0
0
0
0
0
0
0
0
0
0
0
0
0
0
0
0
0
0
0
0
0
0
0
0
0
0
0
0
0
0
0
0
0
0
0
0
0
0
0
0
0
0
0
0
0
0
0
0
0
0
0
0
0
0
0
0
0
0
0
0
0
0
0
0
0
0
0
0
0
0
0
0
0
0
0
0
0
0
0
0
0
0
0
0
0
0
0
0
0
0
0
0
0
0
0
0
0
0
0
0
0
0
0
0
0
0
0
0
0
0
0
0
0
0
0
0
0
0
0
0
0
0
0
0
0
0
0
0
0
0
0
0
0
0
0
0
0
0
0
0
0
0
0
0
0
0
0
0
0
0
0
0
0
0
0
0
0
0
0
0
0
0
0
0
0
0
0
0
0
0
0
0
0
0
0
0
0
0
0
0
0
0
0
0
0
0
0
0
0
0
0
0
0
0
0
0
0
0
0
0
0
0
0
0
0
0
0
0
0
0
0
0
0
0
0
0
0
0
0
0
0
0
0
0
0
0
0
0
0
0
0
0
0
0
0
0
0
0
0
0
0
0
0
0
0
0
0
0
0
0
0
0
0
0
0
0
0
0
0
0
0
0
0
0
0
0
0
0
0
0
0
0
0
0
0
0
0
0
0
0
0
0
0
0
0
0
0
0
0
0
0
0
0
0
0
0
0
0
0
0
0
0
0
0
0
0
0
0
0
0
0
0
0
0
0
0
0
0
0
0
0
0
0
0
0
0
0
0
0
0
0
0
0
0
0
0
0
0
0
0
0
0
0
0
0
0
0
0
0
0
0
0
0
0
0
0
0
0
0
0
0
0
0
0
0
0
0
0
0
0
0
0
0
0
0
0
0
0
0
0
0
0
0
0
0
0
0
0
0
0
0
0
0
0
0
0
0
0
0
0
0
0
0
0
0
0
0
0
0
0
0
0
0
0
0
0
0
0
0
0
0
0
0
0
0
0
0
0
0
0
0
0
0
0
0
0
0
0
0
0
0
0
0
0
0
0
0
0
0
0
0
0
0
0
0
0
0
0
0
0
0
0
0
0
0
0
0
0
0
0
0
0
0
0
0
0
0
0
0
0
0
0
0
0
0
0
0
0
0
0
0
0
0
0
0
0
0
0
0
0
0
0
0
0
0
0
0
0
0
0
0
0
0
0
0
0
0
0
0
0
0
0
0
0
0
0
0
0
0
0
0
0
0
0
0
0
0
0
0
0
0
0
0
0
0
0
0
0
0
0
0
0
0
0
0
0
0
0
0
0
0
0
0
0
0
0
0
0
0
0
0
0
0
0
0
0
0
0
0
0
0
0
0
0
0
0
0
0
0
0
0
0
0
0
0
0
0
0
0
0
0
0
0
0
0
0
0
0
0
0
0
0
0
0
0
0
0
0
0
0
0
0
0
0
0
0
0
0
0
0
0
0
0
0
0
0
0
0
0
0
0
0
0
0
0
0
0
0
0
0
0
0
0
0
0
0
0
0
0
0
0
0
0
0
0
0
0
0
0
0
0
0
0
0
0
0
0
0
0
0
0
0
0
0
0
0
0
0
0
0
0
0
0
0
0
0
0
0
0
0
0
0
0
0
0
0
0
0
0
0
0
0
0
0
0
0
0
0
0
0
0
0
0
0
0
0
0
0
0
0
0
0
0
0
0
0
0
0
0
0
0
0
0
0
0
0
0
0
0
0
0
0
0
0
0
0
0
0
0
0
0
0
0
0
0
0
0
0
0
0
0
0
0
0
0
0
0
0
0
0
0
0
0
0
0
0
0
0
0
0
0
0
0
0
0
0
0
0
0
0
0
0
0
0
0
0
0
0
0
0
0
0
0
0
0
0
0
0
0
0
0
0
0
0
0
0
0
0
0
0
0
0
0
0
0
0
0
0
0
0
0
0
0
0
0
0
0
0
0
0
0
0
0
0
0
0
0
0
0
0
0
0
0
0
0
0
0
0
0
0
0
0
0
0
0
0
0
0
0
0
0
0
0
0
0
0
0
0
0
0
0
0
0
0
0
0
0
0
0
0
0
0
0
0
0
0
0
0
0
0
0
0
0
0
0
0
0
0
0
0
0
0
0
0
0
0
0
0
0
0
0
0
0
0
0
0
0
0
0
0
0
0
0
0
0
0
0
0
0
0
0
0
0
0
0
0
0
0
0
0
0
0
0
0
0
0
0
0
0
0
0
0
0
0
0
0
0
0
0
0
0
0
0
0
0
0
0
0
0
0
0
0
0
0
0
0
0
0
0
0
0
0
0
0
0
0
0
0
0
0
0
0
0
0
0
0
0
0
0
0
0
0
0
0
0
0
0
0
0
0
0
0
0
0
0
0
0
0
0
0
0
0
0
0
0
0
0
0
0
0
0
0
0
0
0
0
0
0
0
0
0
0
0
0
0
0
0
0
0
0
0
0
0
0
0
0
0
0
0
0
0
0
0
0
0
0
0
0
0
0
0
0
0
0
0
0
0
0
0
0
0
0
0
0
0
0
0
0
0
0
0
0
0
0
0
0
0
0
0
0
0
0
0
0
0
0
0
0
0
0
0
0
0
0
0
0
0
0
0
0
0
0
0
0
0
0
0
0
0
0
0
0
0
0
0
0
0
0
0
0
0
0
0
0
0
0
0
0
0
0
0
0
0
0
0
0
0
0
0
0
0
0
0
0
0
0
0
0
0
0
0
0
0
0
0
0
0
0
0
0
0
0
0
0
0
0
0
0
0
0
0
0
0
0
0
0
0
0
0
0
0
0
0
0
0
0
0
0
0
0
0
0
0
0
0
0
0
0
0
0
0
0
0
0
0
0
0
0
0
0
0
0
0
0
0
0
0
0
0
0
0
0
0
0
0
0
0
0
0
0
0
0
0
0
0
0
0
0
0
0
0
0
0
0
0
0
0
0
0
0
0
0
0
0
0
0
0
0
0
0
0
0
0
0
0
0
0
0
0
0
0
0
0
0
0
0
0
0
0
0
0
0
0
0
0
0
0
0
0
0
0
0
0
0
0
0
0
0
0
0
0
0
0
0
0
0
0
0
0
0
0
0
0
0
0
0
0
0
0
0
0
0
0
0
0
0
0
0
0
0
0
0
0
0
0
0
0
0
0
0
0
0
0
0
0
0
0
0
0
0
0
0
0
0
0
0
0
0
0
0
0
0
0
0
0
0
0
0
0
0
0
0
0
0
0
0
0
0
0
0
0
0
0
0
0
0
0
0
0
0
0
0
0
0
0
0
0
0
0
0
0
0
0
0
0
0
0
0
0
0
0
0
0
0
0
0
0
0
0
0
0
0
0
0
0
0
0
0
0
0
0
0
0
0
0
0
0
0
0
0
0
0
0
0
0
0
0
0
0
0
0
0
0
0
0
0
0
0
0
0
0
0
0
0
0
0
0
0
0
0
0
0
0
0
0
0
0
0
0
0
0
0
0
0
0
0
0
0
0
0
0
0
0
0
0
0
0
0
0
0
0
0
0
0
0
0
0
0
0
0
0
0
0
0
0
0
0
0
0
0
0
0
0
0
0
0
0
0
0
0
0
0
0
0
0
0
0
0
0
0
0
0
0
0
0
0
0
0
0
0
0
0
0
0
0
0
0
0
0
0
0
0
0
0
0
0
0
0
0
0
0
0
0
0
0
0
0
0
0
0
0
0
0
0
0
0
0
0
0
0
0
0
0
0
0
0
0
0
0
0
0
0
0
0
0
0
0
0
0
0
0
0
0
0
0
0
0
0
0
0
0
0
0
0
0
0
0
0
0
0
0
0
0
0
0
0
0
0
0
0
0
0
0
0
0
0
0
0
0
0
0
0
0
0
0
0
0
0
0
0
0
0
0
0
0
0
0
0
0
0
0
0
0
0
0
0
0
0
0
0
0
0
0
0
0
0
0
0
0
0
0
0
0
0
0
0
0
0
0
0
0
0
0
0
0
0
0
0
0
0
0
0
0
0
0
0
0
0
0
0
0
0
0
0
0
0
0
0
0
0
0
0
0
0
0
0
0
0
0
0
0
0
0
0
0
0
0
0
0
0
0
0
0
0
0
0
0
0
0
0
0
0
0
0
0
0
0
0
0
0
0
0
0
0
0
0
0
0
0
0
0
0
0
0
0
0
0
0
0
0
0
0
0
0
0
0
0
0
0
0
0
0
0
0
0
0
0
0
0
0
0
0
0
0
0
0
0
0
0
0
0
0
0
0
0
0
0
0
0
0
0
0
0
0
0
0
0
0
0
0
0
0
0
0
0
0
0
0
0
0
0
0
0
0
0
0
0
0
0
0
0
0
0
0
0
0
0
0
0
0
0
0
0
0
0
0
0
0
0
0
0
0
0
0
0
0
0
0
0
0
0
0
0
0
0
0
0
0
0
0
0
0
0
0
0
0
0
0
0
0
0
0
0
0
0
0
0
0
0
0
0
0
0
0
0
0
0
0
0
0
0
0
0
0
0
0
0
0
0
0
0
0
0
0
0
0
0
0
0
0
0
0
0
0
0
0
0
0
0
0
0
0
0
0
0
0
0
0
0
0
0
0
0
0
0
0
0
0
0
0
0
0
0
0
0
0
0
0
0
0
0
0
0
0
0
0
0
0
0
0
0
0
0
0
0
0
0
0
0
0
0
0
0
0
0
0
0
0
0
0
0
0
0
0
0
0
0
0
0
0
0
0
0
0
0
0
0
0
0
0
0
0
0
0
0
0
0
0
0
0
0
0
0
0
0
0
0
0
0
0
0
0
0
0
0
0
0
0
0
0
0
0
0
0
0
0
0
0
0
0
0
0
0
0
0
0
0
0
0
0
0
0
0
0
0
0
0
0
0
0
0
0
0
0
0
0
0
0
0
0
0
0
0
0
0
0
0
0
0
0
0
0
0
0
0
0
0
0
0
0
0
0
0
0
0
0
0
0
0
0
0
0
0
0
0
0
0
0
0
0
0
0
0
0
0
0
0
0
0
0
0
0
0
0
0
0
0
0
0
0
0
0
0
0
0
0
0
0
0
0
0
0
0
0
0
0
0
0
0
0
0
0
0
0
0
0
0
0
0
0
0
0
0
0
0
0
0
0
0
0
0
0
0
0
0
0
0
0
0
0
0
0
0
0
0
0
0
0
0
0
0
0
0
0
0
0
0
0
0
0
0
0
0
0
0
0
0
0
0
0
0
0
0
0
0
0
0
0
0
0
0
0
0
0
0
0
0
0
0
0
0
0
0
0
0
0
0
0
0
0
0
0
0
0
0
0
0
0
0
0
0
0
0
0
0
0
0
0
0
0
0
0
0
0
0
0
0
0
0
0
0
0
0
0
0
0
0
0
0
0
0
0
0
0
0
0
0
0
0
0
0
0
0
0
0
0
0
0
0
0
0
0
0
0
0
0
0
0
0
0
0
0
0
0
0
0
0
0
0
0
0
0
0
0
0
0
0
0
0
0
0
0
0
0
0
0
0
0
0
0
0
0
0
0
0
0
0
0
0
0
0
0
0
0
0
0
0
0
0
0
0
0
0
0
0
0
0
0
0
0
0
0
0
0
0
0
0
0
0
0
0
0
0
0
0
0
0
0
0
0
0
0
0
0
0
0
0
0
0
0
0
0
0
0
0
0
0
0
0
0
0
0
0
0
0
0
0
0
0
0
0
0
0
0
0
0
0
0
0
0
0
0
0
0
0
0
0
0
0
0
0
0
0
0
0
0
0
0
0
0
0
0
0
0
0
0
0
0
0
0
0
0
0
0
0
0
0
0
0
0
0
0
0
0
0
0
0
0
0
0
0
0
0
0
0
0
0
0
0
0
0
0
0
0
0
0
0
0
0
0
0
0
0
0
0
0
0
0
0
0
0
0
0
0
0
0
0
0
0
0
0
0
0
0
0
0
0
0
0
0
0
0
0
0
0
0
0
0
0
0
0
0
0
0
0
0
0
0
0
0
0
0
0
0
0
0
0
0
0
0
0
0
0
0
0
0
0
0
0
0
0
0
0
0
0
0
0
0
0
0
0
0
0
0
0
0
0
0
0
0
0
0
0
0
0
0
0
0
0
0
0
0
0
0
0
0
0
0
0
0
0
0
0
0
0
0
0
0
0
0
0
0
0
0
0
0
0
0
0
0
0
0
0
0
0
0
0
0
0
0
0
0
0
0
0
0
0
0
0
0
0
0
0
0
0
0
0
0
0
0
0
0
0
0
0
0
0
0
0
0
0
0
0
0
0
0
0
0
0
0
0
0
0
0
0
0
0
0
0
0
0
0
0
0
0
0
0
0
0
0
0
0
0
0
0
0
0
0
0
0
0
0
0
0
0
0
0
0
0
0
0
0
0
0
0
0
0
0
0
0
0
0
0
0
0
0
0
0
0
0
0
0
0
0
0
0
0
0
0
0
0
0
0
0
0
0
0
0
0
0
0
0
0
0
0
0
0
0
0
0
0
0
0
0
0
0
0
0
0
0
0
0
0
0
0
0
0
0
0
0
0
0
0
0
0
0
0
0
0
0
0
0
0
0
0
0
0
0
0
0
0
0
0
0
0
0
0
0
0
0
0
0
0
0
0
0
0
0
0
0
0
0
0
0
0
0
0
0
0
0
0
0
0
0
0
0
0
0
0
0
0
0
0
0
0
0
0
0
0
0
0
0
0
0
0
0
0
0
0
0
0
0
0
0
0
0
0
0
0
0
0
0
0
0
0
0
0
0
0
0
0
0
0
0
0
0
0
0
0
0
0
0
0
0
0
0
0
0
0
0
0
0
0
0
0
0
0
0
0
0
0
0
0
0
0
0
0
0
0
0
0
0
0
0
0
0
0
0
0
0
0
0
0
0
0
0
0
0
0
0
0
0
0
0
0
0
0
0
0
0
0
0
0
0
0
0
0
0
0
0
0
0
0
0
0
0
0
0
0
0
0
0
0
0
0
0
0
0
0
0
0
0
0
0
0
0
0
0
0
0
0
0
0
0
0
0
0
0
0
0
0
0
0
0
0
0
0
0
0
0
0
0
0
0
0
0
0
0
0
0
0
0
0
0
0
0
0
0
0
0
0
0
0
0
0
0
0
0
0
0
0
0
0
0
0
0
0
0
0
0
0
0
0
0
0
0
0
0
0
0
0
0
0
0
0
0
0
0
0
0
0
0
0
0
0
0
0
0
0
0
0
0
0
0
0
0
0
0
0
0
0
0
0
0
0
0
0
0
0
0
0
0
0
0
0
0
0
0
0
0
0
0
0
0
0
0
0
0
0
0
0
0
0
0
0
0
0
0
0
0
0
0
0
0
0
0
0
0
0
0
0
0
0
0
0
0
0
0
0
0
0
0
0
0
0
0
0
0
0
0
0
0
0
0
0
0
0
0
0
0
0
0
0
0
0
0
0
0
0
0
0
0
0
0
0
0
0
0
0
0
0
0
0
0
0
0
0
0
0
0
0
0
0
0
0
0
0
0
0
0
0
0
0
0
0
0
0
0
0
0
0
0
0
0
0
0
0
0
0
0
0
0
0
0
0
0
0
0
0
0
0
0
0
0
0
0
0
0
0
0
0
0
0
0
0
0
0
0
0
0
0
0
0
0
0
0
0
0
0
0
0
0
0
0
0
0
0
0
0
0
0
0
0
0
0
0
0
0
0
0
0
0
0
0
0
0
0
0
0
0
0
0
0
0
0
0
0
0
0
0
0
0
0
0
0
0
0
0
0
0
0
0
0
0
0
0
0
0
0
0
0
0
0
0
0
0
0
0
0
0
0
0
0
0
0
0
0
0
0
0
0
0
0
0
0
0
0
0
0
0
0
0
0
0
0
0
0
0
0
0
0
0
0
0
0
0
0
0
0
0
0
0
0
0
0
0
0
0
0
0
0
0
0
0
0
0
0
0
0
0
0
0
0
0
0
0
0
0
0
0
0
0
0
0
0
0
0
0
0
0
0
0
0
0
0
0
0
0
0
0
0
0
0
0
0
0
0
0
0
0
0
0
0
0
0
0
0
0
0
0
0
0
0
0
0
0
0
0
0
0
0
0
0
0
0
0
0
0
0
0
0
0
0
0
0
0
0
0
0
0
0
0
0
0
0
0
0
0
0
0
0
0
0
0
0
0
0
0
0
0
0
0
0
0
0
0
0
0
0
0
0
0
0
0
0
0
0
0
0
0
0
0
0
0
0
0
0
0
0
0
0
0
0
0
0
0
0
0
0
0
0
0
0
0
0
0
0
0
0
0
0
0
0
0
0
0
0
0
0
0
0
0
0
0
0
0
0
0
0
0
0
0
0
0
0
0
0
0
0
0
0
0
0
0
0
0
0
0
0
0
0
0
0
0
0
0
0
0
0
0
0
0
0
0
0
0
0
0
0
0
0
0
0
0
0
0
0
0
0
0
0
0
0
0
0
0
0
0
0
0
0
0
0
0
0
0
0
0
0
0
0
0
0
0
0
0
0
0
0
0
0
0
0
0
0
0
0
0
0
0
0
0
0
0
0
0
0
0
0
0
0
0
0
0
0
0
0
0
0
0
0
0
0
0
0
0
0
0
0
0
0
0
0
0
0
0
0
0
0
0
0
0
0
0
0
0
0
0
0
0
0
0
0
0
0
0
0
0
0
0
0
0
0
0
0
0
0
0
0
0
0
0
0
0
0
0
0
0
0
0
0
0
0
0
0
0
0
0
0
0
0
0
0
0
0
0
0
0
0
0
0
0
0
0
0
0
0
0
0
0
0
0
0
0
0
0
0
0
0
0
0
0
0
0
0
0
0
0
0
0
0
0
0
0
0
0
0
0
0
0
0
0
0
0
0
0
0
0
0
0
0
0
0
0
0
0
0
0
0
0
0
0
0
0
0
0
0
0
0
0
0
0
0
0
0
0
0
0
0
0
0
0
0
0
0
0
0
0
0
0
0
0
0
0
0
0
0
0
0
0
0
0
0
0
0
0
0
0
0
0
0
0
0
0
0
0
0
0
0
0
0
0
0
0
0
0
0
0
0
0
0
0
0
0
0
0
0
0
0
0
0
0
0
0
0
0
0
0
0
0
0
0
0
0
0
0
0
0
0
0
0
0
0
0
0
0
0
0
0
0
0
0
0
0
0
0
0
0
0
0
0
0
0
0
0
0
0
0
0
0
0
0
0
0
0
0
0
0
0
0
0
0
0
0
0
0
0
0
0
0
0
0
0
0
0
0
0
0
0
0
0
0
0
0
0
0
0
0
0
0
0
0
0
0
0
0
0
0
0
0
0
0
0
0
0
0
0
0
0
0
0
0
0
0
0
0
0
0
0
0
0
0
0
0
0
0
0
0
0
0
0
0
0
0
0
0
0
0
0
0
0
0
0
0
0
0
0
0
0
0
0
0
0
0
0
0
0
0
0
0
0
0
0
0
0
0
0
0
0
0
0
0
0
0
0
0
0
0
0
0
0
0
0
0
0
0
0
0
0
0
0
0
0
0
0
0
0
0
0
0
0
0
0
0
0
0
0
0
0
0
0
0
0
0
0
0
0
0
0
0
0
0
0
0
0
0
0
0
0
0
0
0
0
0
0
0
0
0
0
0
0
0
0
0
0
0
0
0
0
0
0
0
0
0
0
0
0
0
0
0
0
0
0
0
0
0
0
0
0
0
0
0
0
0
0
0
0
0
0
0
0
0
0
0
0
0
0
0
0
0
0
0
0
0
0
0
0
0
0
0
0
0
0
0
0
0
0
0
0
0
0
0
0
0
0
0
0
0
0
0
0
0
0
0
0
0
0
0
0
0
0
0
0
0
0
0
0
0
0
0
0
0
0
0
0
0
0
0
0
0
0
0
0
0
0
0
0
0
0
0
0
0
0
0
0
0
0
0
0
0
0
0
0
0
0
0
0
0
0
0
0
0
0
0
0
0
0
0
0
0
0
0
0
0
0
0
0
0
0
0
0
0
0
0
0
0
0
0
0
0
0
0
0
0
0
0
0
0
0
0
0
0
0
0
0
0
0
0
0
0
0
0
0
0
0
0
0
0
0
0
0
0
0
0
0
0
0
0
0
0
0
0
0
0
0
0
0
0
0
0
0
0
0
0
0
0
0
0
0
0
0
0
0
0
0
0
0
0
0
0
0
0
0
0
0
0
0
0
0
0
0
0
0
0
0
0
0
0
0
0
0
0
0
0
0
0
0
0
0
0
0
0
0
0
0
0
0
0
0
0
0
0
0
0
0
0
0
0
0
0
0
0
0
0
0
0
0
0
0
0
0
0
0
0
0
0
0
0
0
0
0
0
0
0
0
0
0
0
0
0
0
0
0
0
0
0
0
0
0
0
0
0
0
0
0
0
0
0
0
0
0
0
0
0
0
0
0
0
0
0
0
0
0
0
0
0
0
0
0
0
0
0
0
0
0
0
0
0
0
0
0
0
0
0
0
0
0
0
0
0
0
0
0
0
0
0
0
0
0
0
0
0
0
0
0
0
0
0
0
0
0
0
0
0
0
0
0
0
0
0
0
0
0
0
0
0
0
0
0
0
0
0
0
0
0
0
0
0
0
0
0
0
0
0
0
0
0
0
0
0
0
0
0
0
0
0
0
0
0
0
0
0
0
0
0
0
0
0
0
0
0
0
0
0
0
0
0
0
0
0
0
0
0
0
0
0
0
0
0
0
0
0
0
0
0
0
0
0
0
0
0
0
0
0
0
0
0
0
0
0
0
0
0
0
0
0
0
0
0
0
0
0
0
0
0
0
0
0
0
0
0
0
0
0
0
0
0
0
0
0
0
0
0
0
0
0
0
0
0
0
0
0
0
0
0
0
0
0
0
0
0
0
0
0
0
0
0
0
0
0
0
0
0
0
0
0
0
0
0
0
0
0
0
0
0
0
0
0
0
0
0
0
0
0
0
0
0
0
0
0
0
0
0
0
0
0
0
0
0
0
0
0
0
0
0
0
0
0
0
0
0
0
0
0
0
0
0
0
0
0
0
0
0
0
0
0
0
0
0
0
0
0
0
0
0
0
0
0
0
0
0
0
0
0
0
0
0
0
0
0
0
0
0
0
0
0
0
0
0
0
0
0
0
0
0
0
0
0
0
0
0
0
0
0
0
0
0
0
0
0
0
0
0
0
0
0
0
0
0
0
0
0
0
0
0
0
0
0
0
0
0
0
0
0
0
0
0
0
0
0
0
0
0
0
0
0
0
0
0
0
0
0
0
0
0
0
0
0
0
0
0
0
0
0
0
0
0
0
0
0
0
0
0
0
0
0
0
0
0
0
0
0
0
0
0
0
0
0
0
0
0
0
0
0
0
0
0
0
0
0
0
0
0
0
0
0
0
0
0
0
0
0
0
0
0
0
0
0
0
0
0
0
0
0
0
0
0
0
0
0
0
0
0
0
0
0
0
0
0
0
0
0
0
0
0
0
0
0
0
0
0
0
0
0
0
0
0
0
0
0
0
0
0
0
0
0
0
0
0
0
0
0
0
0
0
0
0
0
0
0
0
0
0
0
0
0
0
0
0
0
0
0
0
0
0
0
0
0
0
0
0
0
0
0
0
0
0
0
0
0
0
0
0
0
0
0
0
0
0
0
0
0
0
0
0
0
0
0
0
0
0
0
0
0
0
0
0
0
0
0
0
0
0
0
0
0
0
0
0
0
0
0
0
0
0
0
0
0
0
0
0
0
0
0
0
0
0
0
0
0
0
0
0
0
0
0
0
0
0
0
0
0
0
0
0
0
0
0
0
0
0
0
0
0
0
0
0
0
0
0
0
0
0
0
0
0
0
0
0
0
0
0
0
0
0
0
0
0
0
0
0
0
0
0
0
0
0
0
0
0
0
0
0
0
0
0
0
0
0
0
0
0
0
0
0
0
0
0
0
0
0
0
0
0
0
0
0
0
0
0
0
0
0
0
0
0
0
0
0
0
0
0
0
0
0
0
0
0
0
0
0
0
0
0
0
0
0
0
0
0
0
0
0
0
0
0
0
0
0
0
0
0
0
0
0
0
0
0
0
0
0
0
0
0
0
0
0
0
0
0
0
0
0
0
0
0
0
0
0
0
0
0
0
0
0
0
0
0
0
0
0
0
0
0
0
0
0
0
0
0
0
0
0
0
0
0
0
0
0
0
0
0
0
0
0
0
0
0
0
0
0
0
0
0
0
0
0
0
0
0
0
0
0
0
0
0
0
0
0
0
0
0
0
0
0
0
0
0
0
0
0
0
0
0
0
0
0
0
0
0
0
0
0
0
0
0
0
0
0
0
0
0
0
0
0
0
0
0
0
0
0
0
0
0
0
0
0
0
0
0
0
0
0
0
0
0
0
0
0
0
0
0
0
0
0
0
0
0
0
0
0
0
0
0
0
0
0
0
0
0
0
0
0
0
0
0
0
0
0
0
0
0
0
0
0
0
0
0
0
0
0
0
0
0
0
0
0
0
0
0
0
0
0
0
0
0
0
0
0
0
0
0
0
0
0
0
0
0
0
0
0
0
0
0
0
0
0
0
0
0
0
0
0
0
0
0
0
0
0
0
0
0
0
0
0
0
0
0
0
0
0
0
0
0
0
0
0
0
0
0
0
0
0
0
0
0
0
0
0
0
0
0
0
0
0
0
0
0
0
0
0
0
0
0
0
0
0
0
0
0
0
0
0
0
0
0
0
0
0
0
0
0
0
0
0
0
0
0
0
0
0
0
0
0
0
0
0
0
0
0
0
0
0
0
0
0
0
0
0
0
0
0
0
0
0
0
0
0
0
0
0
0
0
0
0
0
0
0
0
0
0
0
0
0
0
0
0
0
0
0
0
0
0
0
0
0
0
0
0
0
0
0
0
0
0
0
0
0
0
0
0
0
0
0
0
0
0
0
0
0
0
0
0
0
0
0
0
0
0
0
0
0
0
0
0
0
0
0
0
0
0
0
0
0
0
0
0
0
0
0
0
0
0
0
0
0
0
0
0
0
0
0
0
0
0
0
0
0
0
0
0
0
0
0
0
0
0
0
0
0
0
0
0
0
0
0
0
0
0
0
0
0
0
0
0
0
0
0
0
0
0
0
0
0
0
0
0
0
0
0
0
0
0
0
0
0
0
0
0
0
0
0
0
0
0
0
0
0
0
0
0
0
0
0
0
0
0
0
0
0
0
0
0
0
0
0
0
0
0
0
0
0
0
0
0
0
0
0
0
0
0
0
0
0
0
0
0
0
0
0
0
0
0
0
0
0
0
0
0
0
0
0
0
0
0
0
0
0
0
0
0
0
0
0
0
0
0
0
0
0
0
0
0
0
0
0
0
0
0
0
0
0
0
0
0
0
0
0
0
0
0
0
0
0
0
0
0
0
0
0
0
0
0
0
0
0
0
0
0
0
0
0
0
0
0
0
0
0
0
0
0
0
0
0
0
0
0
0
0
0
0
0
0
0
0
0
0
0
0
0
0
0
0
0
0
0
0
0
0
0
0
0
0
0
0
0
0
0
0
0
0
0
0
0
0
0
0
0
0
0
0
0
0
0
0
0
0
0
0
0
0
0
0
0
0
0
0
0
0
0
0
0
0
0
0
0
0
0
0
0
0
0
0
0
0
0
0
0
0
0
0
0
0
0
0
0
0
0
0
0
0
0
0
0
0
0
0
0
0
0
0
0
0
0
0
0
0
0
0
0
0
0
0
0
0
0
0
0
0
0
0
0
0
0
0
0
0
0
0
0
0
0
0
0
0
0
0
0
0
0
0
0
0
0
0
0
0
0
0
0
0
0
0
0
0
0
0
0
0
0
0
0
0
0
0
0
0
0
0
0
0
0
0
0
0
0
0
0
0
0
0
0
0
0
0
0
0
0
0
0
0
0
0
0
0
0
0
0
0
0
0
0
0
0
0
0
0
0
0
0
0
0
0
0
0
0
0
0
0
0
0
0
0
0
0
0
0
0
0
0
0
0
0
0
0
0
0
0
0
0
0
0
0
0
0
0
0
0
0
0
0
0
0
0
0
0
0
0
0
0
0
0
0
0
0
0
0
0
0
0
0
0
0
0
0
0
0
0
0
0
0
0
0
0
0
0
0
0
0
0
0
0
0
0
0
0
0
0
0
0
0
0
0
0
0
0
0
0
0
0
0
0
0
0
0
0
0
0
0
0
0
0
0
0
0
0
0
0
0
0
0
0
0
0
0
0
0
0
0
0
0
0
0
0
0
0
0
0
0
0
0
0
0
0
0
0
0
0
0
0
0
0
0
0
0
0
0
0
0
0
0
0
0
0
0
0
0
0
0
0
0
0
0
0
0
0
0
0
0
0
0
0
0
0
0
0
0
0
0
0
0
0
0
0
0
0
0
0
0
0
0
0
0
0
0
0
0
0
0
0
0
0
0
0
0
0
0
0
0
0
0
0
0
0
0
0
0
0
0
0
0
0
0
0
0
0
0
0
0
0
0
0
0
0
0
0
0
0
0
0
0
0
0
0
0
0
0
0
0
0
0
0
0
0
0
0
0
0
0
0
0
0
0
0
0
0
0
0
0
0
0
0
0
0
0
0
0
0
0
0
0
0
0
0
0
0
0
0
0
0
0
0
0
0
0
0
0
0
0
0
0
0
0
0
0
0
0
0
0
0
0
0
0
0
0
0
0
0
0
0
0
0
0
0
0
0
0
0
0
0
0
0
0
0
0
0
0
0
0
0
0
0
0
0
0
0
0
0
0
0
0
0
0
0
0
0
0
0
0
0
0
0
0
0
0
0
0
0
0
0
0
0
0
0
0
0
0
0
0
0
0
0
0
0
0
0
0
0
0
0
0
0
0
0
0
0
0
0
0
0
0
0
0
0
0
0
0
0
0
0
0
0
0
0
0
0
0
0
0
0
0
0
0
0
0
0
0
0
0
0
0
0
0
0
0
0
0
0
0
0
0
0
0
0
0
0
0
0
0
0
0
0
0
0
0
0
0
0
0
0
0
0
0
0
0
0
0
0
0
0
0
0
0
0
0
0
0
0
0
0
0
0
0
0
0
0
0
0
0
0
0
0
0
0
0
0
0
0
0
0
0
0
0
0
0
0
0
0
0
0
0
0
0
0
0
0
0
0
0
0
0
0
0
0
0
0
0
0
0
0
0
0
0
0
0
0
0
0
0
0
0
0
0
0
0
0
0
0
0
0
0
0
0
0
0
0
0
0
0
0
0
0
0
0
0
0
0
0
0
0
0
0
0
0
0
0
0
0
0
0
0
0
0
0
0
0
0
0
0
0
0
0
0
0
0
0
0
0
0
0
0
0
0
0
0
0
0
0
)
;

boundaryField
{
    gox-inlet
    {
        type            fixedValue;
        value           uniform 0;
    }
    gch4-inlet
    {
        type            fixedValue;
        value           uniform 0;
    }
    post_wall
    {
        type            zeroGradient;
    }
    chamber_wall_up
    {
        type            zeroGradient;
    }
    chamber_wall_side
    {
        type            zeroGradient;
    }
    chamber_wall_down
    {
        type            zeroGradient;
    }
    outlet
    {
        type            inletOutlet;
        inletValue      uniform 0.767;
        value           uniform 0;
    }
    gch4_inlet_outer_wall
    {
        type            zeroGradient;
    }
    face_plate
    {
        type            zeroGradient;
    }
}


// ************************************************************************* //
