/*--------------------------------*- C++ -*----------------------------------*\
| =========                 |                                                 |
| \\      /  F ield         | OpenFOAM: The Open Source CFD Toolbox           |
|  \\    /   O peration     | Version:  2412                                  |
|   \\  /    A nd           | Website:  www.openfoam.com                      |
|    \\/     M anipulation  |                                                 |
\*---------------------------------------------------------------------------*/
FoamFile
{
    version     2.0;
    format      ascii;
    arch        "LSB;label=32;scalar=64";
    class       cellSet;
    location    "constant/polyMesh/sets";
    object      goxCore;
}
// * * * * * * * * * * * * * * * * * * * * * * * * * * * * * * * * * * * * * //


103895
(
0
1
2
3
4
5
6
7
8
9
10
11
12
13
14
15
16
17
18
19
20
21
22
23
24
25
26
27
28
29
30
31
32
33
34
35
36
37
38
39
40
41
42
43
44
45
46
47
48
49
50
51
52
53
54
55
56
57
58
59
60
61
62
63
64
65
66
67
68
69
70
71
72
73
74
75
76
77
78
79
80
81
82
83
84
85
86
87
88
89
90
91
92
93
94
95
96
97
98
99
100
101
102
103
104
105
106
107
108
109
110
111
112
113
114
115
116
117
118
119
120
121
122
123
124
125
126
127
128
129
130
131
132
133
134
135
136
137
138
139
140
141
142
143
144
145
146
147
148
149
150
151
152
153
154
155
156
157
158
159
160
161
162
163
164
165
166
167
168
169
170
171
172
173
174
175
176
177
178
179
180
181
182
183
184
185
186
187
188
189
190
191
192
193
194
195
196
197
198
199
200
201
202
203
204
205
206
207
208
209
210
211
212
213
214
215
216
217
218
219
220
221
222
223
224
225
226
227
228
229
230
231
232
233
234
235
236
237
238
239
240
241
242
243
244
245
246
247
248
249
250
251
252
253
254
255
256
257
258
259
260
261
262
263
264
265
266
267
268
269
270
271
272
273
274
275
276
277
278
279
280
281
282
283
284
285
286
287
288
289
290
291
292
293
294
295
296
297
298
299
300
301
302
303
304
305
306
307
308
309
310
311
312
313
314
315
316
317
318
319
320
321
322
323
324
325
326
327
328
329
330
331
332
333
334
335
336
337
338
339
340
341
342
343
344
345
346
347
348
349
350
351
352
353
354
355
356
357
358
359
360
361
362
363
364
365
366
367
368
369
370
371
372
373
374
375
376
377
378
379
380
381
382
383
384
385
386
387
388
389
390
391
392
393
394
395
396
397
398
399
400
401
402
403
404
405
406
407
408
409
410
411
412
413
414
415
416
417
418
419
420
421
422
423
424
425
426
427
428
429
430
431
432
433
434
435
436
437
438
439
440
441
442
443
444
445
446
447
448
449
450
451
452
453
454
455
456
457
458
459
460
461
462
463
464
465
466
467
468
469
470
471
472
473
474
475
476
477
478
479
480
481
482
483
484
485
486
487
488
489
490
491
492
493
494
495
496
497
498
499
500
501
502
503
504
505
506
507
508
509
510
511
512
513
131586
514
515
516
517
518
519
520
521
522
523
524
525
526
527
528
529
530
531
532
533
534
535
536
537
538
539
540
541
542
543
544
545
546
547
548
549
550
551
552
553
554
555
556
557
558
559
560
561
562
563
564
565
566
567
568
569
570
571
572
573
574
575
576
577
578
579
580
581
582
583
584
585
586
587
588
589
590
591
592
593
594
595
596
597
598
599
600
601
602
603
604
605
606
607
608
609
610
611
612
613
614
615
616
617
618
619
620
621
622
623
624
625
626
627
628
629
630
631
632
633
634
635
636
637
638
639
640
641
642
643
644
645
646
647
648
649
650
651
652
653
654
655
656
657
658
659
660
661
662
663
664
665
666
667
668
669
670
671
672
673
674
675
676
677
678
679
680
681
682
683
684
685
686
687
688
689
690
691
692
693
694
695
696
697
698
699
700
701
702
703
704
705
706
707
708
709
710
711
712
713
714
715
716
717
718
719
720
721
722
723
724
725
726
727
728
729
730
731
732
733
734
735
736
737
738
739
740
741
742
743
744
745
746
747
748
749
750
751
752
753
754
755
756
757
758
759
760
761
762
763
764
765
766
767
768
769
770
771
772
773
774
775
776
777
778
779
780
781
782
783
784
785
786
787
788
789
790
791
792
793
794
795
796
797
798
799
800
801
802
803
804
805
806
807
808
809
810
811
812
813
814
815
816
817
818
819
820
821
822
823
824
825
826
827
828
829
830
831
832
833
834
835
836
837
838
839
840
841
842
843
844
845
846
847
848
849
850
851
852
853
854
855
856
857
858
859
860
861
862
863
864
865
866
867
868
869
870
871
872
873
874
875
876
877
878
879
880
881
882
883
884
885
886
887
888
889
890
891
892
893
894
895
896
897
898
899
900
901
902
903
904
905
906
907
908
909
910
911
912
913
914
915
916
917
918
919
920
921
922
923
924
925
926
927
928
929
930
931
932
933
934
935
936
937
938
132011
939
132012
940
132013
941
132014
942
132015
943
944
945
946
947
948
949
950
951
952
953
954
955
956
957
958
959
960
961
962
963
964
965
966
967
968
969
970
971
972
973
974
975
976
977
978
979
980
981
982
983
984
985
986
987
988
989
990
991
992
993
994
995
996
997
998
999
1000
1001
1002
1003
1004
1005
1006
1007
1008
1009
1010
1011
1012
1013
1014
1015
1016
1017
1018
1019
1020
1021
1022
1023
1024
1025
1026
1027
1028
1029
1030
1031
1032
1033
1034
1035
1036
1037
1038
1039
1040
1041
1042
1043
1044
1045
1046
1047
1048
1049
1050
1051
1052
1053
1054
1055
1056
1057
1058
1059
1060
1061
1062
1063
1064
1065
1066
1067
1068
1069
1070
1071
1072
1073
1074
1075
1076
1077
1078
1079
1080
1081
1082
1083
1084
1085
1086
1087
1088
1089
1090
1091
1092
1093
1094
1095
1096
1097
1098
1099
1100
1101
1102
1103
1104
1105
1106
1107
1108
1109
1110
1111
1112
1113
1114
1115
1116
1117
1118
1119
1120
1121
1122
1123
1124
1125
1126
1127
1128
1129
1130
1131
1132
1133
1134
1135
1136
1137
1138
1139
1140
1141
1142
1143
1144
1145
1146
1147
1148
1149
1150
1151
1152
1153
1154
1155
1156
1157
1158
1159
1160
1161
1162
1163
1164
1165
1166
1167
1168
1169
1170
1171
1172
1173
1174
1175
1176
1177
1178
1179
1180
1181
1182
1183
1184
1185
1186
1187
1188
1189
1190
1191
1192
1193
1194
1195
1196
1197
1198
1199
1200
1201
1202
1203
1204
1205
1206
1207
1208
1209
1210
1211
1212
1213
1214
1215
1216
1217
1218
1219
1220
1221
1222
1223
1224
1225
1226
1227
1228
1229
1230
1231
1232
1233
1234
1235
1236
1237
132310
1238
132311
1239
132312
1240
132313
1241
132314
1242
132315
1243
132316
1244
132317
1245
132318
1246
132319
1247
132320
1248
132321
1249
132322
1250
132323
1251
132324
1252
132325
1253
132326
1254
132327
1255
132328
1256
132329
1257
132330
1258
132331
1259
132332
1260
132333
1261
132334
1262
132335
1263
132336
1264
132337
1265
132338
1266
132339
1267
132340
1268
132341
1269
132342
1270
132343
1271
132344
1272
132345
1273
132346
1274
1275
1276
1277
1278
1279
1280
1281
1282
132355
1283
132356
1284
132357
1285
132358
1286
132359
1287
132360
1288
132361
1289
132362
1290
132363
1291
132364
1292
132365
1293
132366
1294
132367
1295
132368
1296
132369
1297
132370
1298
132371
1299
132372
1300
132373
1301
132374
1302
132375
1303
132376
1304
132377
1305
132378
1306
132379
1307
132380
1308
132381
1309
132382
1310
132383
1311
132384
1312
132385
1313
132386
1314
132387
1315
132388
1316
132389
1317
132390
1318
132391
1319
132392
1320
132393
1321
132394
1322
132395
1323
132396
1324
132397
1325
132398
1326
132399
1327
132400
1328
132401
1329
132402
1330
132403
1331
132404
1332
132405
1333
132406
1334
132407
1335
132408
1336
132409
1337
132410
1338
132411
1339
132412
1340
132413
1341
132414
1342
132415
1343
132416
1344
132417
1345
132418
1346
132419
1347
132420
1348
132421
1349
132422
1350
132423
1351
132424
1352
132425
1353
132426
1354
132427
1355
132428
1356
132429
1357
132430
1358
132431
1359
132432
1360
132433
1361
132434
1362
132435
1363
132436
1364
132437
1365
132438
1366
132439
1367
132440
1368
132441
1369
132442
1370
132443
1371
132444
1372
132445
1373
132446
1374
132447
1375
132448
1376
132449
1377
132450
1378
132451
1379
132452
1380
132453
1381
132454
1382
132455
1383
132456
1384
132457
1385
132458
1386
132459
1387
132460
1388
132461
1389
132462
1390
132463
1391
132464
1392
132465
1393
132466
1394
132467
1395
132468
1396
132469
1397
132470
1398
132471
1399
132472
1400
132473
1401
132474
1402
132475
1403
132476
1404
132477
1405
132478
1406
132479
1407
132480
1408
132481
1409
132482
1410
132483
1411
132484
1412
132485
1413
132486
1414
132487
1415
132488
1416
132489
1417
132490
1418
132491
1419
132492
1420
132493
1421
132494
1422
132495
1423
132496
1424
132497
1425
132498
1426
132499
1427
132500
1428
132501
1429
132502
1430
132503
1431
132504
1432
132505
1433
132506
1434
132507
1435
132508
1436
132509
1437
132510
1438
132511
1439
132512
1440
132513
1441
132514
1442
132515
1443
132516
1444
132517
1445
132518
1446
132519
1447
132520
1448
132521
1449
132522
1450
132523
1451
132524
1452
132525
1453
132526
1454
132527
1455
132528
1456
132529
1457
132530
1458
132531
1459
132532
1460
132533
1461
132534
1462
132535
1463
132536
1464
132537
1465
132538
1466
132539
1467
132540
1468
132541
1469
132542
1470
132543
1471
132544
1472
132545
1473
132546
1474
132547
1475
132548
1476
132549
1477
132550
1478
132551
1479
132552
1480
132553
1481
132554
1482
132555
1483
132556
1484
132557
1485
132558
1486
132559
1487
132560
1488
132561
1489
132562
1490
132563
1491
132564
1492
132565
1493
132566
1494
132567
1495
132568
1496
132569
1497
132570
1498
132571
1499
132572
1500
132573
1501
132574
1502
132575
1503
132576
1504
132577
1505
132578
1506
132579
1507
132580
1508
132581
1509
132582
1510
132583
1511
132584
1512
132585
1513
132586
1514
132587
1515
132588
1516
132589
1517
132590
1518
132591
1519
132592
1520
132593
1521
132594
1522
132595
1523
132596
1524
132597
1525
132598
1526
132599
1527
132600
1528
132601
1529
132602
1530
132603
1531
132604
1532
132605
1533
132606
1534
132607
1535
132608
1536
132609
1537
132610
1538
132611
1539
132612
1540
132613
1541
132614
1542
132615
1543
132616
1544
132617
1545
132618
1546
132619
1547
132620
1548
132621
1549
132622
1550
132623
1551
132624
1552
132625
1553
132626
1554
132627
1555
132628
1556
132629
1557
132630
1558
132631
1559
132632
1560
132633
1561
132634
1562
132635
1563
132636
1564
132637
1565
132638
1566
132639
1567
132640
1568
132641
1569
132642
1570
132643
1571
132644
1572
132645
1573
132646
1574
132647
1575
132648
1576
132649
1577
132650
1578
132651
1579
132652
1580
132653
1581
132654
1582
132655
1583
1584
1585
1586
1587
1588
1589
1590
1591
1592
1593
1594
1595
1596
1597
1598
1599
1600
1601
1602
1603
1604
1605
1606
1607
1608
1609
1610
1611
1612
1613
1614
1615
1616
1617
1618
1619
1620
1621
1622
1623
1624
1625
1626
1627
1628
1629
1630
1631
1632
1633
1634
1635
1636
1637
1638
1639
1640
1641
1642
1643
1644
1645
1646
1647
1648
1649
1650
1651
1652
1653
1654
1655
1656
1657
1658
1659
1660
1661
1662
1663
1664
1665
1666
1667
1668
1669
1670
1671
1672
1673
1674
1675
1676
1677
1678
1679
1680
1681
1682
1683
1684
1685
1686
1687
1688
1689
1690
1691
1692
1693
1694
1695
1696
1697
1698
1699
1700
1701
1702
1703
1704
1705
1706
1707
1708
1709
1710
1711
1712
1713
1714
1715
1716
1717
1718
1719
1720
1721
1722
1723
1724
1725
1726
1727
1728
1729
1730
1731
1732
1733
1734
1735
1736
1737
1738
1739
1740
1741
1742
1743
1744
1745
1746
1747
1748
1749
1750
1751
1752
1753
1754
1755
1756
1757
1758
1759
1760
1761
1762
1763
1764
1765
1766
1767
1768
1769
1770
1771
1772
1773
1774
1775
1776
1777
1778
1779
1780
1781
1782
1783
1784
1785
1786
1787
1788
1789
1790
1791
1792
1793
1794
1795
1796
1797
1798
1799
1800
1801
1802
1803
1804
1805
1806
1807
1808
1809
1810
1811
1812
1813
1814
1815
1816
1817
1818
1819
1820
1821
1822
1823
1824
1825
1826
1827
1828
1829
1830
1831
1832
1833
1834
1835
1836
1837
1838
1839
1840
1841
1842
1843
1844
1845
1846
1847
1848
1849
1850
1851
1852
1853
1854
1855
1856
1857
1858
1859
1860
1861
1862
1863
1864
1865
1866
1867
1868
1869
1870
1871
1872
1873
1874
1875
1876
1877
1878
1879
1880
1881
1882
1883
1884
1885
1886
1887
1888
1889
1890
1891
1892
1893
1894
1895
1896
1897
1898
1899
1900
1901
1902
1903
1904
1905
1906
1907
1908
1909
1910
1911
1912
1913
1914
1915
1916
1917
1918
1919
1920
1921
1922
1923
1924
1925
1926
1927
1928
1929
1930
1931
1932
1933
1934
1935
1936
1937
1938
1939
1940
1941
1942
1943
1944
1945
1946
1947
1948
1949
1950
1951
1952
133025
1953
133026
1954
133027
1955
133028
1956
133029
1957
133030
1958
133031
1959
133032
1960
133033
1961
133034
1962
133035
1963
133036
1964
133037
1965
133038
1966
133039
1967
133040
1968
133041
1969
133042
1970
133043
1971
133044
1972
133045
1973
133046
1974
133047
1975
133048
1976
133049
1977
133050
1978
133051
1979
133052
1980
133053
1981
133054
1982
133055
1983
133056
1984
133057
1985
133058
1986
133059
1987
133060
1988
133061
1989
133062
1990
133063
1991
133064
1992
133065
1993
133066
1994
133067
1995
133068
1996
133069
1997
133070
1998
133071
1999
133072
2000
133073
2001
133074
2002
133075
2003
133076
2004
133077
2005
133078
2006
133079
2007
133080
2008
133081
2009
133082
2010
133083
2011
133084
2012
133085
2013
133086
2014
133087
2015
133088
2016
133089
2017
133090
2018
133091
2019
133092
2020
133093
2021
133094
2022
133095
2023
133096
2024
133097
2025
133098
2026
133099
2027
133100
2028
133101
2029
133102
2030
133103
2031
133104
2032
133105
2033
133106
2034
133107
2035
133108
2036
133109
2037
133110
2038
133111
2039
133112
2040
133113
2041
133114
2042
133115
2043
133116
2044
133117
2045
133118
2046
133119
2047
133120
2048
133121
2049
133122
2050
133123
2051
133124
2052
133125
2053
133126
2054
133127
2055
133128
2056
133129
2057
133130
2058
133131
2059
133132
2060
133133
2061
133134
2062
133135
2063
133136
2064
133137
2065
133138
2066
133139
2067
133140
2068
133141
2069
133142
2070
133143
2071
133144
2072
133145
2073
133146
2074
133147
2075
133148
2076
133149
2077
133150
2078
133151
2079
133152
2080
133153
2081
133154
2082
133155
2083
133156
2084
133157
2085
133158
2086
133159
2087
133160
2088
133161
2089
133162
2090
133163
2091
133164
2092
133165
2093
133166
2094
133167
2095
133168
2096
133169
2097
133170
2098
133171
2099
133172
2100
133173
2101
133174
2102
133175
2103
133176
2104
133177
2105
133178
2106
133179
2107
133180
2108
133181
2109
133182
2110
133183
2111
133184
2112
133185
2113
133186
2114
133187
2115
133188
2116
133189
2117
133190
2118
133191
2119
133192
2120
133193
2121
133194
2122
133195
2123
133196
2124
133197
2125
133198
2126
133199
2127
133200
2128
133201
2129
133202
2130
133203
2131
133204
2132
133205
2133
133206
2134
133207
2135
133208
2136
133209
2137
133210
2138
133211
2139
133212
2140
133213
2141
133214
2142
133215
2143
133216
2144
133217
2145
133218
2146
133219
2147
133220
2148
133221
2149
133222
2150
133223
2151
133224
2152
133225
2153
133226
2154
133227
2155
133228
2156
133229
2157
133230
2158
133231
2159
133232
2160
133233
2161
133234
2162
133235
2163
133236
2164
133237
2165
133238
2166
133239
2167
133240
2168
133241
2169
133242
2170
133243
2171
133244
2172
133245
2173
133246
2174
133247
2175
133248
2176
133249
2177
133250
2178
133251
2179
133252
2180
133253
2181
133254
2182
133255
2183
133256
2184
133257
2185
133258
2186
133259
2187
133260
2188
133261
2189
133262
2190
133263
2191
133264
2192
133265
2193
133266
2194
133267
2195
133268
2196
133269
2197
133270
2198
133271
2199
133272
2200
133273
2201
133274
2202
133275
2203
133276
2204
133277
2205
133278
2206
133279
2207
133280
2208
133281
2209
133282
2210
133283
2211
133284
2212
133285
2213
133286
2214
133287
2215
133288
2216
133289
2217
133290
2218
133291
2219
133292
2220
133293
2221
133294
2222
133295
2223
133296
2224
133297
2225
133298
2226
133299
2227
133300
2228
133301
2229
133302
2230
2231
2232
2233
2234
2235
2236
2237
2238
2239
2240
2241
2242
2243
2244
2245
2246
2247
2248
2249
2250
2251
2252
2253
2254
2255
2256
2257
2258
2259
2260
2261
2262
2263
2264
2265
2266
2267
2268
2269
2270
2271
2272
2273
2274
2275
2276
2277
2278
2279
2280
2281
2282
2283
2284
2285
2286
2287
2288
2289
2290
2291
2292
2293
2294
2295
2296
2297
2298
2299
2300
2301
2302
2303
2304
2305
2306
2307
2308
2309
2310
2311
2312
2313
2314
2315
2316
2317
2318
2319
2320
2321
2322
2323
2324
2325
2326
2327
2328
2329
2330
2331
2332
2333
2334
2335
2336
2337
2338
2339
2340
2341
2342
2343
2344
2345
2346
2347
2348
2349
2350
2351
2352
2353
2354
2355
2356
2357
2358
2359
2360
2361
2362
2363
2364
2365
2366
2367
2368
2369
2370
2371
2372
2373
2374
2375
2376
2377
2378
2379
2380
2381
2382
2383
2384
2385
2386
2387
2388
2389
2390
2391
2392
2393
2394
2395
2396
2397
2398
2399
2400
2401
2402
2403
2404
2405
2406
2407
2408
2409
2410
2411
2412
2413
2414
2415
2416
2417
2418
2419
2420
2421
2422
2423
2424
2425
2426
2427
2428
2429
2430
2431
2432
2433
2434
2435
2436
2437
2438
2439
2440
2441
2442
2443
2444
2445
2446
2447
2448
2449
2450
2451
2452
2453
2454
2455
2456
2457
2458
2459
2460
2461
2462
2463
2464
2465
2466
2467
2468
2469
2470
2471
2472
2473
2474
2475
2476
2477
2478
2479
2480
2481
2482
2483
2484
2485
2486
2487
2488
2489
2490
2491
2492
2493
2494
2495
2496
2497
2498
2499
2500
2501
2502
2503
2504
2505
2506
2507
2508
2509
2510
2511
2512
2513
2514
2515
2516
2517
2518
2519
2520
2521
2522
2523
2524
2525
2526
2527
2528
2529
2530
2531
2532
2533
2534
2535
2536
2537
2538
2539
133612
2540
133613
2541
133614
2542
133615
2543
133616
2544
133617
2545
133618
2546
133619
2547
133620
2548
133621
2549
133622
2550
133623
2551
133624
2552
133625
2553
133626
2554
133627
2555
133628
2556
133629
2557
133630
2558
133631
2559
133632
2560
133633
2561
133634
2562
133635
2563
133636
2564
133637
2565
133638
2566
133639
2567
133640
2568
133641
2569
133642
2570
133643
2571
133644
2572
133645
2573
133646
2574
133647
2575
133648
2576
133649
2577
133650
2578
133651
2579
133652
2580
133653
2581
133654
2582
133655
2583
133656
2584
133657
2585
133658
2586
133659
2587
133660
2588
133661
2589
133662
2590
133663
2591
133664
2592
133665
2593
133666
2594
133667
2595
133668
2596
133669
2597
133670
2598
133671
2599
133672
2600
133673
2601
133674
2602
133675
2603
133676
2604
133677
2605
2606
2607
2608
2609
2610
2611
2612
2613
2614
2615
2616
2617
2618
2619
2620
2621
2622
2623
2624
2625
2626
2627
2628
2629
2630
2631
2632
2633
2634
2635
2636
2637
2638
2639
2640
2641
2642
2643
2644
2645
2646
2647
2648
2649
2650
2651
2652
2653
2654
2655
2656
2657
2658
2659
2660
2661
2662
2663
2664
2665
2666
2667
2668
2669
2670
2671
2672
2673
2674
2675
2676
2677
2678
2679
2680
2681
2682
2683
2684
2685
2686
2687
2688
2689
2690
2691
2692
2693
2694
2695
2696
2697
2698
2699
2700
2701
2702
2703
2704
2705
2706
2707
2708
2709
2710
2711
2712
2713
2714
2715
2716
2717
2718
2719
2720
2721
2722
2723
2724
2725
2726
2727
2728
2729
2730
2731
2732
2733
2734
2735
2736
2737
2738
2739
2740
2741
2742
2743
133816
2744
133817
2745
133818
2746
133819
2747
133820
2748
133821
2749
133822
2750
133823
2751
133824
2752
133825
2753
133826
2754
133827
2755
133828
2756
133829
2757
133830
2758
133831
2759
133832
2760
133833
2761
133834
2762
133835
2763
133836
2764
133837
2765
133838
2766
133839
2767
133840
2768
133841
2769
133842
2770
133843
2771
133844
2772
133845
2773
133846
2774
133847
2775
133848
2776
133849
2777
133850
2778
133851
2779
133852
2780
133853
2781
133854
2782
133855
2783
133856
2784
133857
2785
133858
2786
133859
2787
133860
2788
133861
2789
133862
2790
133863
2791
133864
2792
133865
2793
133866
2794
133867
2795
133868
2796
133869
2797
133870
2798
133871
2799
133872
2800
133873
2801
133874
2802
133875
2803
133876
2804
133877
2805
133878
2806
133879
2807
133880
2808
133881
2809
133882
2810
133883
2811
133884
2812
133885
2813
133886
2814
133887
2815
133888
2816
133889
2817
133890
2818
133891
2819
133892
2820
2821
2822
2823
2824
2825
2826
2827
2828
2829
2830
2831
2832
2833
2834
2835
2836
2837
2838
2839
2840
2841
2842
2843
2844
2845
2846
2847
2848
2849
2850
2851
2852
2853
2854
2855
2856
2857
2858
2859
2860
2861
2862
2863
2864
2865
2866
2867
2868
2869
2870
2871
2872
2873
2874
2875
2876
2877
2878
2879
2880
2881
2882
2883
2884
2885
2886
2887
2888
2889
2890
2891
2892
2893
2894
2895
2896
2897
2898
2899
2900
2901
2902
2903
2904
2905
2906
2907
2908
2909
2910
2911
2912
2913
2914
2915
2916
2917
2918
2919
2920
2921
2922
2923
2924
2925
2926
2927
2928
2929
2930
2931
2932
2933
2934
2935
2936
2937
2938
2939
2940
2941
2942
2943
2944
2945
2946
2947
2948
2949
2950
2951
2952
2953
2954
2955
2956
2957
2958
2959
2960
2961
2962
2963
2964
2965
2966
2967
2968
2969
2970
2971
2972
2973
2974
2975
2976
2977
2978
2979
2980
2981
2982
2983
2984
2985
2986
2987
2988
2989
2990
2991
2992
2993
2994
2995
2996
2997
2998
2999
3000
3001
3002
3003
3004
3005
3006
3007
3008
3009
3010
3011
3012
3013
3014
3015
3016
3017
3018
3019
3020
3021
3022
3023
3024
3025
3026
3027
3028
3029
3030
3031
3032
3033
3034
3035
3036
3037
3038
3039
3040
3041
3042
3043
3044
3045
3046
3047
3048
3049
3050
3051
3052
3053
3054
3055
3056
3057
3058
3059
3060
3061
3062
3063
3064
3065
3066
3067
3068
3069
3070
3071
3072
3073
3074
3075
3076
3077
3078
3079
3080
3081
3082
3083
3084
3085
3086
3087
3088
3089
3090
3091
3092
3093
3094
3095
3096
3097
3098
3099
3100
3101
3102
3103
3104
3105
3106
3107
3108
3109
3110
3111
3112
3113
3114
3115
3116
3117
3118
3119
3120
3121
3122
3123
3124
3125
3126
3127
3128
3129
3130
3131
3132
3133
3134
3135
3136
3137
3138
3139
3140
3141
3142
3143
3144
3145
3146
3147
3148
3149
3150
3151
3152
3153
3154
3155
3156
3157
3158
3159
3160
3161
3162
3163
3164
3165
3166
3167
3168
3169
3170
3171
3172
3173
3174
3175
3176
3177
3178
3179
3180
3181
3182
3183
3184
3185
3186
3187
3188
3189
3190
3191
3192
3193
3194
3195
3196
3197
3198
3199
3200
3201
3202
3203
3204
3205
3206
3207
3208
3209
3210
3211
3212
3213
3214
3215
3216
3217
3218
3219
3220
3221
3222
3223
3224
3225
3226
3227
3228
3229
3230
3231
3232
3233
3234
3235
3236
3237
3238
3239
3240
3241
3242
3243
3244
3245
3246
3247
3248
3249
3250
3251
3252
3253
3254
3255
3256
3257
3258
3259
3260
3261
3262
3263
3264
3265
3266
3267
3268
3269
3270
3271
3272
3273
3274
3275
3276
3277
3278
3279
3280
3281
3282
3283
3284
3285
3286
3287
3288
3289
3290
3291
3292
3293
3294
3295
3296
3297
3298
3299
3300
3301
3302
3303
3304
3305
3306
3307
3308
3309
3310
3311
3312
3313
3314
3315
3316
3317
3318
3319
3320
3321
3322
3323
3324
3325
3326
3327
3328
3329
3330
3331
3332
3333
3334
3335
3336
3337
3338
3339
3340
3341
3342
3343
3344
3345
3346
3347
3348
3349
3350
3351
3352
3353
3354
3355
3356
3357
3358
3359
3360
3361
3362
3363
3364
3365
3366
3367
3368
3369
3370
3371
3372
3373
3374
3375
3376
3377
3378
3379
3380
3381
3382
3383
3384
3385
3386
3387
3388
3389
3390
3391
3392
3393
3394
3395
3396
3397
3398
3399
3400
3401
3402
3403
3404
3405
3406
3407
3408
3409
3410
134483
3411
3412
3413
3414
3415
3416
3417
3418
3419
3420
3421
3422
3423
3424
3425
3426
3427
3428
3429
3430
3431
3432
3433
3434
3435
3436
3437
3438
3439
3440
3441
3442
3443
3444
3445
3446
3447
3448
3449
3450
3451
3452
3453
3454
3455
3456
3457
3458
3459
3460
3461
3462
3463
3464
3465
3466
3467
3468
3469
3470
3471
3472
3473
3474
3475
3476
3477
3478
3479
3480
3481
3482
3483
3484
3485
3486
3487
3488
3489
3490
3491
3492
3493
3494
3495
3496
3497
3498
3499
3500
3501
3502
3503
3504
3505
3506
3507
3508
3509
3510
3511
3512
3513
3514
3515
3516
3517
3518
3519
3520
3521
3522
3523
3524
3525
3526
3527
3528
3529
3530
3531
3532
3533
3534
3535
3536
3537
3538
3539
3540
3541
3542
3543
3544
3545
3546
3547
3548
3549
3550
3551
3552
3553
3554
3555
3556
3557
3558
3559
3560
3561
3562
3563
3564
3565
3566
3567
3568
3569
3570
3571
3572
3573
3574
3575
3576
3577
3578
3579
3580
3581
3582
3583
3584
3585
3586
3587
3588
3589
3590
3591
3592
3593
3594
3595
3596
3597
3598
3599
3600
3601
3602
3603
3604
3605
3606
3607
3608
3609
3610
3611
3612
3613
3614
3615
3616
3617
3618
3619
3620
3621
3622
3623
3624
3625
3626
3627
3628
3629
3630
3631
3632
3633
3634
3635
3636
3637
3638
3639
3640
3641
3642
3643
3644
3645
3646
3647
3648
3649
3650
3651
3652
3653
3654
3655
3656
3657
3658
3659
3660
3661
3662
3663
3664
3665
3666
3667
3668
3669
3670
3671
3672
3673
3674
3675
3676
3677
3678
3679
3680
3681
3682
3683
3684
3685
3686
3687
3688
3689
3690
3691
3692
3693
3694
3695
3696
3697
3698
3699
3700
3701
3702
3703
3704
3705
3706
3707
3708
3709
3710
3711
3712
3713
3714
3715
3716
3717
3718
3719
3720
3721
3722
3723
3724
3725
3726
3727
3728
3729
3730
3731
3732
3733
3734
3735
3736
3737
3738
3739
3740
3741
3742
3743
3744
3745
3746
3747
3748
3749
3750
3751
3752
3753
3754
3755
3756
3757
3758
3759
3760
3761
3762
3763
3764
3765
3766
3767
3768
3769
3770
3771
3772
3773
3774
3775
3776
3777
3778
3779
3780
3781
3782
3783
3784
3785
3786
3787
3788
3789
3790
3791
3792
3793
3794
3795
3796
3797
3798
3799
3800
3801
3802
3803
3804
3805
3806
3807
3808
3809
3810
3811
3812
3813
3814
3815
3816
3817
3818
3819
3820
3821
3822
3823
3824
3825
3826
3827
3828
3829
3830
3831
3832
3833
3834
3835
3836
3837
3838
3839
3840
3841
3842
3843
3844
3845
134918
3846
134919
3847
134920
3848
134921
3849
134922
3850
3851
3852
3853
3854
3855
3856
3857
3858
3859
3860
3861
3862
3863
3864
3865
3866
3867
3868
3869
3870
3871
3872
3873
3874
3875
3876
3877
3878
3879
3880
3881
3882
3883
3884
3885
3886
3887
3888
3889
3890
3891
3892
3893
3894
3895
3896
3897
3898
3899
3900
3901
3902
3903
3904
3905
3906
3907
3908
3909
3910
3911
3912
3913
3914
3915
3916
3917
3918
3919
3920
3921
3922
3923
3924
3925
3926
3927
3928
3929
3930
3931
3932
3933
3934
3935
3936
3937
3938
3939
3940
3941
3942
3943
3944
3945
3946
3947
3948
3949
3950
3951
3952
3953
3954
3955
3956
3957
3958
3959
3960
3961
3962
3963
3964
3965
3966
3967
3968
3969
3970
3971
3972
3973
3974
3975
3976
3977
3978
3979
3980
3981
3982
3983
3984
3985
3986
3987
3988
3989
3990
3991
3992
3993
3994
3995
3996
3997
3998
3999
4000
4001
4002
4003
4004
4005
4006
4007
4008
4009
4010
4011
4012
4013
4014
4015
4016
4017
4018
4019
4020
4021
4022
4023
4024
4025
4026
4027
4028
4029
4030
4031
4032
4033
4034
4035
4036
4037
4038
4039
4040
4041
4042
4043
4044
4045
4046
4047
4048
4049
4050
4051
4052
4053
4054
4055
4056
4057
4058
4059
4060
4061
4062
4063
4064
4065
4066
4067
4068
4069
4070
4071
4072
4073
4074
4075
4076
4077
4078
4079
4080
4081
4082
4083
4084
4085
4086
4087
4088
4089
4090
4091
4092
4093
4094
4095
4096
4097
4098
4099
4100
4101
4102
4103
4104
4105
4106
4107
4108
4109
4110
4111
4112
4113
4114
4115
4116
4117
4118
4119
4120
4121
4122
4123
4124
4125
4126
4127
4128
4129
4130
4131
4132
4133
4134
4135
4136
4137
4138
135211
4139
135212
4140
135213
4141
135214
4142
135215
4143
135216
4144
135217
4145
135218
4146
135219
4147
135220
4148
135221
4149
135222
4150
135223
4151
135224
4152
135225
4153
135226
4154
135227
4155
135228
4156
135229
4157
135230
4158
135231
4159
135232
4160
135233
4161
135234
4162
135235
4163
135236
4164
135237
4165
135238
4166
135239
4167
135240
4168
135241
4169
135242
4170
135243
4171
135244
4172
135245
4173
135246
4174
4175
4176
4177
4178
4179
4180
135253
4181
135254
4182
135255
4183
135256
4184
135257
4185
135258
4186
135259
4187
135260
4188
135261
4189
135262
4190
135263
4191
135264
4192
135265
4193
135266
4194
135267
4195
135268
4196
135269
4197
135270
4198
135271
4199
135272
4200
135273
4201
135274
4202
135275
4203
135276
4204
135277
4205
135278
4206
135279
4207
135280
4208
135281
4209
135282
4210
135283
4211
135284
4212
135285
4213
135286
4214
135287
4215
135288
4216
135289
4217
135290
4218
135291
4219
135292
4220
135293
4221
135294
4222
135295
4223
135296
4224
135297
4225
135298
4226
135299
4227
135300
4228
135301
4229
135302
4230
135303
4231
135304
4232
135305
4233
135306
4234
135307
4235
135308
4236
135309
4237
135310
4238
135311
4239
135312
4240
135313
4241
135314
4242
135315
4243
135316
4244
135317
4245
135318
4246
135319
4247
135320
4248
135321
4249
135322
4250
135323
4251
135324
4252
135325
4253
135326
4254
135327
4255
135328
4256
135329
4257
135330
4258
135331
4259
135332
4260
135333
4261
135334
4262
135335
4263
135336
4264
135337
4265
135338
4266
135339
4267
135340
4268
135341
4269
135342
4270
135343
4271
135344
4272
135345
4273
135346
4274
135347
4275
135348
4276
135349
4277
135350
4278
135351
4279
135352
4280
135353
4281
135354
4282
135355
4283
135356
4284
135357
4285
135358
4286
135359
4287
135360
4288
135361
4289
135362
4290
135363
4291
135364
4292
135365
4293
135366
4294
135367
4295
135368
4296
135369
4297
135370
4298
135371
4299
135372
4300
135373
4301
135374
4302
135375
4303
135376
4304
135377
4305
135378
4306
135379
4307
135380
4308
135381
4309
135382
4310
135383
4311
135384
4312
135385
4313
135386
4314
135387
4315
135388
4316
135389
4317
135390
4318
135391
4319
135392
4320
135393
4321
135394
4322
135395
4323
135396
4324
135397
4325
135398
4326
135399
4327
135400
4328
135401
4329
135402
4330
135403
4331
135404
4332
135405
4333
135406
4334
135407
4335
135408
4336
135409
4337
135410
4338
135411
4339
135412
4340
135413
4341
135414
4342
135415
4343
135416
4344
135417
4345
135418
4346
135419
4347
135420
4348
135421
4349
135422
4350
135423
4351
135424
4352
135425
4353
135426
4354
135427
4355
135428
4356
135429
4357
135430
4358
135431
4359
135432
4360
135433
4361
135434
4362
135435
4363
135436
4364
135437
4365
135438
4366
135439
4367
135440
4368
135441
4369
135442
4370
135443
4371
135444
4372
135445
4373
135446
4374
135447
4375
135448
4376
135449
4377
135450
4378
135451
4379
135452
4380
135453
4381
135454
4382
135455
4383
135456
4384
135457
4385
135458
4386
135459
4387
135460
4388
135461
4389
135462
4390
135463
4391
135464
4392
135465
4393
135466
4394
135467
4395
135468
4396
135469
4397
135470
4398
135471
4399
135472
4400
135473
4401
135474
4402
135475
4403
135476
4404
135477
4405
135478
4406
135479
4407
135480
4408
135481
4409
135482
4410
135483
4411
135484
4412
135485
4413
135486
4414
135487
4415
135488
4416
135489
4417
135490
4418
135491
4419
135492
4420
135493
4421
135494
4422
135495
4423
135496
4424
135497
4425
135498
4426
135499
4427
135500
4428
135501
4429
135502
4430
135503
4431
135504
4432
135505
4433
135506
4434
135507
4435
135508
4436
135509
4437
135510
4438
135511
4439
135512
4440
135513
4441
135514
4442
135515
4443
135516
4444
135517
4445
135518
4446
135519
4447
135520
4448
135521
4449
135522
4450
135523
4451
135524
4452
135525
4453
135526
4454
135527
4455
135528
4456
135529
4457
135530
4458
135531
4459
135532
4460
135533
4461
135534
4462
135535
4463
135536
4464
4465
4466
4467
4468
4469
4470
4471
4472
4473
4474
4475
4476
4477
4478
4479
4480
4481
4482
4483
4484
4485
4486
4487
4488
4489
4490
4491
4492
4493
4494
4495
4496
4497
4498
4499
4500
4501
4502
4503
4504
4505
4506
4507
4508
4509
4510
4511
4512
4513
4514
4515
4516
4517
4518
4519
4520
4521
4522
4523
4524
4525
4526
4527
4528
4529
4530
4531
4532
4533
4534
4535
4536
4537
4538
4539
4540
4541
4542
4543
4544
4545
4546
4547
4548
4549
4550
4551
4552
4553
4554
4555
4556
4557
4558
4559
4560
4561
4562
4563
4564
4565
4566
4567
4568
4569
4570
4571
4572
4573
4574
4575
4576
4577
4578
4579
4580
4581
4582
4583
4584
4585
4586
4587
4588
4589
4590
4591
4592
4593
4594
4595
4596
4597
4598
4599
4600
4601
4602
4603
4604
4605
4606
4607
4608
4609
4610
4611
4612
4613
4614
4615
4616
4617
4618
4619
4620
4621
4622
4623
4624
4625
4626
4627
4628
4629
4630
4631
4632
4633
4634
4635
4636
4637
4638
4639
4640
4641
4642
4643
4644
4645
4646
4647
4648
4649
4650
4651
4652
4653
4654
4655
4656
4657
4658
4659
4660
4661
4662
4663
4664
4665
4666
4667
4668
4669
4670
4671
4672
4673
4674
4675
4676
4677
4678
4679
4680
4681
4682
4683
4684
4685
4686
4687
4688
4689
4690
4691
4692
4693
4694
4695
4696
4697
4698
4699
4700
4701
4702
4703
4704
4705
4706
4707
4708
4709
4710
4711
4712
4713
4714
4715
4716
4717
4718
4719
4720
4721
4722
4723
4724
4725
4726
4727
4728
4729
4730
4731
4732
4733
4734
4735
4736
4737
4738
4739
4740
4741
4742
4743
4744
4745
4746
4747
4748
4749
4750
4751
4752
4753
4754
4755
4756
4757
4758
4759
4760
4761
4762
4763
4764
4765
4766
4767
4768
4769
4770
4771
4772
4773
4774
4775
4776
4777
4778
4779
4780
4781
4782
4783
4784
4785
4786
4787
4788
4789
4790
4791
4792
4793
4794
4795
4796
4797
4798
4799
4800
4801
4802
4803
4804
4805
4806
4807
4808
4809
4810
4811
4812
4813
4814
4815
135888
4816
135889
4817
135890
4818
135891
4819
135892
4820
135893
4821
135894
4822
135895
4823
135896
4824
135897
4825
135898
4826
135899
4827
135900
4828
135901
4829
135902
4830
135903
4831
135904
4832
135905
4833
135906
4834
135907
4835
135908
4836
135909
4837
135910
4838
135911
4839
135912
4840
135913
4841
135914
4842
135915
4843
135916
4844
135917
4845
135918
4846
135919
4847
135920
4848
135921
4849
135922
4850
135923
4851
135924
4852
135925
4853
135926
4854
135927
4855
135928
4856
135929
4857
135930
4858
135931
4859
135932
4860
135933
4861
135934
4862
135935
4863
135936
4864
135937
4865
135938
4866
135939
4867
135940
4868
135941
4869
135942
4870
135943
4871
135944
4872
135945
4873
135946
4874
135947
4875
135948
4876
135949
4877
135950
4878
135951
4879
135952
4880
135953
4881
135954
4882
135955
4883
135956
4884
135957
4885
135958
4886
135959
4887
135960
4888
135961
4889
135962
4890
135963
4891
135964
4892
135965
4893
135966
4894
135967
4895
135968
4896
135969
4897
135970
4898
135971
4899
135972
4900
135973
4901
135974
4902
135975
4903
135976
4904
135977
4905
135978
4906
135979
4907
135980
4908
135981
4909
135982
4910
135983
4911
135984
4912
135985
4913
135986
4914
135987
4915
135988
4916
135989
4917
135990
4918
135991
4919
135992
4920
135993
4921
135994
4922
135995
4923
135996
4924
135997
4925
135998
4926
135999
4927
136000
4928
136001
4929
136002
4930
136003
4931
136004
4932
136005
4933
136006
4934
136007
4935
136008
4936
136009
4937
136010
4938
136011
4939
136012
4940
136013
4941
136014
4942
136015
4943
136016
4944
136017
4945
136018
4946
136019
4947
136020
4948
136021
4949
136022
4950
136023
4951
136024
4952
136025
4953
136026
4954
136027
4955
136028
4956
136029
4957
136030
4958
136031
4959
136032
4960
136033
4961
136034
4962
136035
4963
136036
4964
136037
4965
136038
4966
136039
4967
136040
4968
136041
4969
136042
4970
136043
4971
136044
4972
136045
4973
136046
4974
136047
4975
136048
4976
136049
4977
136050
4978
136051
4979
136052
4980
136053
4981
136054
4982
136055
4983
136056
4984
136057
4985
136058
4986
136059
4987
136060
4988
136061
4989
136062
4990
136063
4991
136064
4992
136065
4993
136066
4994
136067
4995
136068
4996
136069
4997
136070
4998
136071
4999
136072
5000
136073
5001
136074
5002
136075
5003
136076
5004
136077
5005
136078
5006
136079
5007
136080
5008
136081
5009
136082
5010
136083
5011
136084
5012
136085
5013
136086
5014
136087
5015
136088
5016
136089
5017
136090
5018
136091
5019
136092
5020
136093
5021
136094
5022
136095
5023
136096
5024
136097
5025
136098
5026
136099
5027
136100
5028
136101
5029
136102
5030
136103
5031
136104
5032
136105
5033
136106
5034
136107
5035
136108
5036
136109
5037
136110
5038
136111
5039
136112
5040
136113
5041
136114
5042
136115
5043
136116
5044
136117
5045
136118
5046
136119
5047
136120
5048
136121
5049
136122
5050
136123
5051
136124
5052
136125
5053
136126
5054
136127
5055
136128
5056
136129
5057
136130
5058
136131
5059
136132
5060
136133
5061
136134
5062
136135
5063
136136
5064
136137
5065
136138
5066
136139
5067
136140
5068
136141
5069
136142
5070
136143
5071
136144
5072
136145
5073
136146
5074
136147
5075
136148
5076
136149
5077
136150
5078
136151
5079
136152
5080
136153
5081
136154
5082
136155
5083
136156
5084
136157
5085
136158
5086
136159
5087
136160
5088
136161
5089
136162
5090
136163
5091
136164
5092
136165
5093
136166
5094
136167
5095
136168
5096
136169
5097
136170
5098
136171
5099
136172
5100
136173
5101
5102
5103
5104
5105
5106
5107
5108
5109
5110
5111
5112
5113
5114
5115
5116
5117
5118
5119
5120
5121
5122
5123
5124
5125
5126
5127
5128
5129
5130
5131
5132
5133
5134
5135
5136
5137
5138
5139
5140
5141
5142
5143
5144
5145
5146
5147
5148
5149
5150
5151
5152
5153
5154
5155
5156
5157
5158
5159
5160
5161
5162
5163
5164
5165
5166
5167
5168
5169
5170
5171
5172
5173
5174
5175
5176
5177
5178
5179
5180
5181
5182
5183
5184
5185
5186
5187
5188
5189
5190
5191
5192
5193
5194
5195
5196
5197
5198
5199
5200
5201
5202
5203
5204
5205
5206
5207
5208
5209
5210
5211
5212
5213
5214
5215
5216
5217
5218
5219
5220
5221
5222
5223
5224
5225
5226
5227
5228
5229
5230
5231
5232
5233
5234
5235
5236
5237
5238
5239
5240
5241
5242
5243
5244
5245
5246
5247
5248
5249
5250
5251
5252
5253
5254
5255
5256
5257
5258
5259
5260
5261
5262
5263
5264
5265
5266
5267
5268
5269
5270
5271
5272
5273
5274
5275
5276
5277
5278
5279
5280
5281
5282
5283
5284
5285
5286
5287
5288
5289
5290
5291
5292
5293
5294
5295
5296
5297
5298
5299
5300
5301
5302
5303
5304
5305
5306
5307
5308
5309
5310
5311
5312
5313
5314
5315
5316
5317
5318
5319
5320
5321
5322
5323
5324
5325
5326
5327
5328
5329
5330
5331
5332
5333
5334
5335
5336
5337
5338
5339
5340
5341
5342
5343
5344
5345
5346
5347
5348
5349
5350
5351
5352
5353
5354
5355
5356
5357
5358
5359
5360
5361
5362
5363
5364
5365
5366
5367
5368
5369
5370
5371
5372
5373
5374
5375
5376
5377
5378
5379
5380
5381
5382
5383
5384
5385
5386
5387
5388
5389
5390
5391
5392
5393
5394
5395
5396
5397
5398
5399
5400
5401
5402
5403
5404
5405
5406
5407
5408
5409
5410
5411
5412
5413
5414
5415
5416
136489
5417
136490
5418
136491
5419
136492
5420
136493
5421
136494
5422
136495
5423
136496
5424
136497
5425
136498
5426
136499
5427
136500
5428
136501
5429
136502
5430
136503
5431
136504
5432
136505
5433
136506
5434
136507
5435
136508
5436
136509
5437
136510
5438
136511
5439
136512
5440
136513
5441
136514
5442
136515
5443
136516
5444
136517
5445
136518
5446
136519
5447
136520
5448
136521
5449
136522
5450
136523
5451
136524
5452
136525
5453
136526
5454
136527
5455
136528
5456
136529
5457
136530
5458
136531
5459
136532
5460
136533
5461
136534
5462
136535
5463
136536
5464
136537
5465
136538
5466
136539
5467
136540
5468
136541
5469
136542
5470
136543
5471
136544
5472
136545
5473
136546
5474
136547
5475
136548
5476
136549
5477
136550
5478
136551
5479
136552
5480
136553
5481
136554
5482
5483
5484
5485
5486
5487
5488
5489
5490
5491
5492
5493
5494
5495
5496
5497
5498
5499
5500
5501
5502
5503
5504
5505
5506
5507
5508
5509
5510
5511
5512
5513
5514
5515
5516
5517
5518
5519
5520
5521
5522
5523
5524
5525
5526
5527
5528
5529
5530
5531
5532
5533
5534
5535
5536
5537
5538
5539
5540
5541
5542
5543
5544
5545
5546
5547
5548
5549
5550
5551
5552
5553
5554
5555
5556
5557
5558
5559
5560
5561
5562
5563
5564
5565
5566
5567
5568
5569
5570
5571
5572
5573
5574
5575
5576
5577
5578
5579
5580
5581
5582
5583
5584
5585
5586
5587
5588
5589
5590
5591
5592
5593
5594
5595
5596
5597
5598
5599
5600
5601
5602
5603
5604
5605
5606
5607
5608
5609
5610
5611
5612
5613
5614
5615
5616
136689
5617
136690
5618
136691
5619
136692
5620
136693
5621
136694
5622
136695
5623
136696
5624
136697
5625
136698
5626
136699
5627
136700
5628
136701
5629
136702
5630
136703
5631
136704
5632
136705
5633
136706
5634
136707
5635
136708
5636
136709
5637
136710
5638
136711
5639
136712
5640
136713
5641
136714
5642
136715
5643
136716
5644
136717
5645
136718
5646
136719
5647
136720
5648
136721
5649
136722
5650
136723
5651
136724
5652
136725
5653
136726
5654
136727
5655
136728
5656
136729
5657
136730
5658
136731
5659
136732
5660
136733
5661
136734
5662
136735
5663
136736
5664
136737
5665
136738
5666
136739
5667
136740
5668
136741
5669
136742
5670
136743
5671
136744
5672
136745
5673
136746
5674
136747
5675
136748
5676
136749
5677
136750
5678
136751
5679
136752
5680
136753
5681
136754
5682
136755
5683
136756
5684
136757
5685
136758
5686
136759
5687
136760
5688
136761
5689
136762
5690
136763
5691
136764
5692
136765
5693
136766
5694
136767
5695
136768
5696
5697
5698
5699
5700
5701
5702
5703
5704
5705
5706
5707
5708
5709
5710
5711
5712
5713
5714
5715
5716
5717
5718
5719
5720
5721
5722
5723
5724
5725
5726
5727
5728
5729
5730
5731
5732
5733
5734
5735
5736
5737
5738
5739
5740
5741
5742
5743
5744
5745
5746
5747
5748
5749
5750
5751
5752
5753
5754
5755
5756
5757
5758
5759
5760
5761
5762
5763
5764
5765
5766
5767
5768
5769
5770
5771
5772
5773
5774
5775
5776
5777
5778
5779
5780
5781
5782
5783
5784
5785
5786
5787
5788
5789
5790
5791
5792
5793
5794
5795
5796
5797
5798
5799
5800
5801
5802
5803
5804
5805
5806
5807
5808
5809
5810
5811
5812
5813
5814
5815
5816
5817
5818
5819
5820
5821
5822
5823
5824
5825
5826
5827
5828
5829
5830
5831
5832
5833
5834
5835
5836
5837
5838
5839
5840
5841
5842
5843
5844
5845
5846
5847
5848
5849
5850
5851
5852
5853
5854
5855
5856
5857
5858
5859
5860
5861
5862
5863
5864
5865
5866
5867
5868
5869
5870
5871
5872
5873
5874
5875
5876
5877
5878
5879
5880
5881
5882
5883
5884
5885
5886
5887
5888
5889
5890
5891
5892
5893
5894
5895
5896
5897
5898
5899
5900
5901
5902
5903
5904
5905
5906
5907
5908
5909
5910
5911
5912
5913
5914
5915
5916
5917
5918
5919
5920
5921
5922
5923
5924
5925
5926
5927
5928
5929
5930
5931
5932
5933
5934
5935
5936
5937
5938
5939
5940
5941
5942
5943
5944
5945
5946
5947
5948
5949
5950
5951
5952
5953
5954
5955
5956
5957
5958
5959
5960
5961
5962
5963
5964
5965
5966
5967
5968
5969
5970
5971
5972
5973
5974
5975
5976
5977
5978
5979
5980
5981
5982
5983
5984
5985
5986
5987
5988
5989
5990
5991
5992
5993
5994
5995
5996
5997
5998
5999
6000
6001
6002
6003
6004
6005
6006
6007
6008
6009
6010
6011
6012
6013
6014
6015
6016
6017
6018
6019
6020
6021
6022
6023
6024
6025
6026
6027
6028
6029
6030
6031
6032
6033
6034
6035
6036
6037
6038
6039
6040
6041
6042
6043
6044
6045
6046
6047
6048
6049
6050
6051
6052
6053
6054
6055
6056
6057
6058
6059
6060
6061
6062
6063
6064
6065
6066
6067
6068
6069
6070
6071
6072
6073
6074
6075
6076
6077
6078
6079
6080
6081
6082
6083
6084
6085
6086
6087
6088
6089
6090
6091
6092
6093
6094
6095
6096
6097
6098
6099
6100
6101
6102
6103
6104
6105
6106
6107
6108
6109
6110
6111
6112
6113
6114
6115
6116
6117
6118
6119
6120
6121
6122
6123
6124
6125
6126
6127
6128
6129
6130
6131
6132
6133
6134
6135
6136
6137
6138
6139
6140
6141
6142
6143
6144
6145
6146
6147
6148
6149
6150
6151
6152
6153
6154
6155
6156
6157
6158
6159
6160
6161
6162
6163
6164
6165
6166
6167
6168
6169
6170
6171
6172
6173
6174
6175
6176
6177
6178
6179
6180
6181
6182
6183
6184
6185
6186
6187
6188
6189
6190
6191
6192
6193
6194
6195
6196
6197
6198
6199
6200
6201
6202
6203
6204
6205
6206
6207
6208
6209
6210
6211
6212
6213
6214
6215
6216
6217
6218
6219
6220
6221
6222
6223
6224
6225
6226
6227
6228
6229
6230
6231
6232
6233
6234
6235
6236
6237
6238
6239
6240
6241
6242
6243
6244
6245
6246
6247
6248
6249
6250
6251
6252
6253
6254
6255
6256
6257
6258
6259
6260
6261
6262
6263
6264
6265
6266
6267
6268
6269
6270
6271
6272
6273
6274
6275
6276
6277
6278
6279
6280
6281
6282
6283
6284
6285
6286
6287
6288
6289
6290
6291
6292
6293
6294
6295
6296
6297
6298
6299
6300
6301
6302
6303
6304
6305
6306
6307
6308
6309
6310
6311
6312
6313
6314
6315
6316
6317
6318
6319
6320
6321
6322
6323
6324
6325
6326
6327
6328
6329
6330
6331
6332
6333
6334
6335
6336
6337
6338
6339
6340
6341
6342
6343
6344
6345
6346
6347
6348
6349
6350
6351
6352
6353
6354
6355
6356
6357
6358
6359
6360
6361
6362
6363
6364
6365
6366
6367
6368
6369
6370
6371
6372
6373
6374
6375
6376
6377
6378
6379
6380
6381
6382
6383
6384
6385
6386
6387
6388
6389
6390
6391
6392
6393
6394
6395
6396
6397
6398
6399
6400
6401
6402
6403
6404
6405
6406
6407
6408
6409
6410
6411
6412
6413
6414
6415
6416
6417
6418
6419
6420
6421
6422
6423
6424
6425
6426
6427
6428
6429
6430
6431
6432
6433
6434
6435
6436
6437
6438
6439
6440
6441
6442
6443
6444
6445
6446
6447
6448
6449
6450
6451
6452
6453
6454
6455
6456
6457
6458
6459
6460
6461
6462
6463
6464
6465
6466
6467
6468
6469
6470
6471
6472
6473
6474
6475
6476
6477
6478
6479
6480
6481
6482
6483
6484
6485
6486
6487
6488
6489
6490
6491
6492
6493
6494
6495
6496
6497
6498
6499
6500
6501
6502
6503
6504
6505
6506
6507
6508
6509
6510
6511
6512
6513
6514
6515
6516
6517
6518
6519
6520
6521
6522
6523
6524
6525
6526
6527
6528
6529
6530
6531
6532
6533
6534
6535
6536
6537
6538
6539
6540
6541
6542
6543
6544
6545
6546
6547
6548
6549
6550
6551
6552
6553
6554
6555
6556
6557
6558
6559
6560
6561
6562
6563
6564
6565
6566
6567
6568
6569
6570
6571
6572
6573
6574
6575
6576
6577
6578
6579
6580
6581
6582
6583
6584
6585
6586
6587
6588
6589
6590
6591
6592
6593
6594
6595
6596
6597
6598
6599
6600
6601
6602
6603
6604
6605
6606
6607
6608
6609
6610
6611
6612
6613
6614
6615
6616
6617
6618
6619
6620
6621
6622
6623
6624
6625
6626
6627
6628
6629
6630
6631
6632
6633
6634
6635
6636
6637
6638
6639
6640
6641
6642
6643
6644
6645
6646
6647
6648
6649
6650
6651
6652
6653
6654
6655
6656
6657
6658
6659
6660
6661
6662
6663
6664
6665
6666
6667
6668
6669
6670
6671
6672
6673
6674
6675
6676
6677
6678
6679
6680
6681
6682
6683
6684
6685
6686
6687
6688
6689
6690
6691
6692
6693
6694
6695
6696
6697
6698
6699
6700
6701
6702
6703
6704
6705
6706
6707
6708
6709
6710
6711
6712
6713
6714
6715
6716
6717
6718
6719
6720
6721
6722
6723
6724
6725
6726
6727
6728
6729
6730
6731
6732
6733
6734
6735
6736
6737
6738
6739
6740
6741
6742
6743
6744
6745
6746
6747
6748
6749
6750
6751
6752
6753
6754
6755
137828
6756
137829
6757
137830
6758
137831
6759
137832
6760
137833
6761
6762
6763
6764
6765
6766
6767
6768
6769
6770
6771
6772
6773
6774
6775
6776
6777
6778
6779
6780
6781
6782
6783
6784
6785
6786
6787
6788
6789
6790
6791
6792
6793
6794
6795
6796
6797
6798
6799
6800
6801
6802
6803
6804
6805
6806
6807
6808
6809
6810
6811
6812
6813
6814
6815
6816
6817
6818
6819
6820
6821
6822
6823
6824
6825
6826
6827
6828
6829
6830
6831
6832
6833
6834
6835
6836
6837
6838
6839
6840
6841
6842
6843
6844
6845
6846
6847
6848
6849
6850
6851
6852
6853
6854
6855
6856
6857
6858
6859
6860
6861
6862
6863
6864
6865
6866
6867
6868
6869
6870
6871
6872
6873
6874
6875
6876
6877
6878
6879
6880
6881
6882
6883
6884
6885
6886
6887
6888
6889
6890
6891
6892
6893
6894
6895
6896
6897
6898
6899
6900
6901
6902
6903
6904
6905
6906
6907
6908
6909
6910
6911
6912
6913
6914
6915
6916
6917
6918
6919
6920
6921
6922
6923
6924
6925
6926
6927
6928
6929
6930
6931
6932
6933
6934
6935
6936
6937
6938
6939
6940
6941
6942
6943
6944
6945
6946
6947
6948
6949
6950
6951
6952
6953
6954
6955
6956
6957
6958
6959
6960
6961
6962
6963
6964
6965
6966
6967
6968
6969
6970
6971
6972
6973
6974
6975
6976
6977
6978
6979
6980
6981
6982
6983
6984
6985
6986
6987
6988
6989
6990
6991
6992
6993
6994
6995
6996
6997
6998
6999
7000
7001
7002
7003
7004
7005
7006
7007
7008
7009
7010
7011
7012
7013
7014
7015
7016
7017
7018
7019
7020
7021
7022
7023
7024
7025
7026
7027
7028
7029
7030
7031
7032
7033
7034
7035
7036
7037
7038
7039
7040
7041
7042
7043
7044
7045
7046
7047
7048
7049
7050
7051
7052
138125
7053
138126
7054
138127
7055
138128
7056
138129
7057
138130
7058
138131
7059
138132
7060
138133
7061
138134
7062
138135
7063
138136
7064
138137
7065
138138
7066
138139
7067
138140
7068
138141
7069
138142
7070
138143
7071
138144
7072
138145
7073
138146
7074
138147
7075
138148
7076
138149
7077
138150
7078
138151
7079
138152
7080
138153
7081
138154
7082
138155
7083
138156
7084
138157
7085
138158
7086
138159
7087
138160
7088
138161
7089
138162
7090
138163
7091
138164
7092
7093
7094
7095
7096
7097
138170
7098
138171
7099
138172
7100
138173
7101
138174
7102
138175
7103
138176
7104
138177
7105
138178
7106
138179
7107
138180
7108
138181
7109
138182
7110
138183
7111
138184
7112
138185
7113
138186
7114
138187
7115
138188
7116
138189
7117
138190
7118
138191
7119
138192
7120
138193
7121
138194
7122
138195
7123
138196
7124
138197
7125
138198
7126
138199
7127
138200
7128
138201
7129
138202
7130
138203
7131
138204
7132
138205
7133
138206
7134
138207
7135
138208
7136
138209
7137
138210
7138
138211
7139
138212
7140
138213
7141
138214
7142
138215
7143
138216
7144
138217
7145
138218
7146
138219
7147
138220
7148
138221
7149
138222
7150
138223
7151
138224
7152
138225
7153
138226
7154
138227
7155
138228
7156
138229
7157
138230
7158
138231
7159
138232
7160
138233
7161
138234
7162
138235
7163
138236
7164
138237
7165
138238
7166
138239
7167
138240
7168
138241
7169
138242
7170
138243
7171
138244
7172
138245
7173
138246
7174
138247
7175
138248
7176
138249
7177
138250
7178
138251
7179
138252
7180
138253
7181
138254
7182
138255
7183
138256
7184
138257
7185
138258
7186
138259
7187
138260
7188
138261
7189
138262
7190
138263
7191
138264
7192
138265
7193
138266
7194
138267
7195
138268
7196
138269
7197
138270
7198
138271
7199
138272
7200
138273
7201
138274
7202
138275
7203
138276
7204
138277
7205
138278
7206
138279
7207
138280
7208
138281
7209
138282
7210
138283
7211
138284
7212
138285
7213
138286
7214
138287
7215
138288
7216
138289
7217
138290
7218
138291
7219
138292
7220
138293
7221
138294
7222
138295
7223
138296
7224
138297
7225
138298
7226
138299
7227
138300
7228
138301
7229
138302
7230
138303
7231
138304
7232
138305
7233
138306
7234
138307
7235
138308
7236
138309
7237
138310
7238
138311
7239
138312
7240
138313
7241
138314
7242
138315
7243
138316
7244
138317
7245
138318
7246
138319
7247
138320
7248
138321
7249
138322
7250
138323
7251
138324
7252
138325
7253
138326
7254
138327
7255
138328
7256
138329
7257
138330
7258
138331
7259
138332
7260
138333
7261
138334
7262
138335
7263
138336
7264
138337
7265
138338
7266
138339
7267
138340
7268
138341
7269
138342
7270
138343
7271
138344
7272
138345
7273
138346
7274
138347
7275
138348
7276
138349
7277
138350
7278
138351
7279
138352
7280
138353
7281
138354
7282
138355
7283
138356
7284
138357
7285
138358
7286
138359
7287
138360
7288
138361
7289
138362
7290
138363
7291
138364
7292
138365
7293
138366
7294
138367
7295
138368
7296
138369
7297
138370
7298
138371
7299
138372
7300
138373
7301
138374
7302
138375
7303
138376
7304
138377
7305
138378
7306
138379
7307
138380
7308
138381
7309
138382
7310
138383
7311
138384
7312
138385
7313
138386
7314
138387
7315
138388
7316
138389
7317
138390
7318
138391
7319
138392
7320
138393
7321
138394
7322
138395
7323
138396
7324
138397
7325
138398
7326
138399
7327
138400
7328
138401
7329
138402
7330
138403
7331
138404
7332
138405
7333
138406
7334
138407
7335
138408
7336
138409
7337
138410
7338
138411
7339
138412
7340
138413
7341
138414
7342
138415
7343
138416
7344
138417
7345
138418
7346
138419
7347
138420
7348
138421
7349
138422
7350
138423
7351
138424
7352
138425
7353
138426
7354
138427
7355
138428
7356
138429
7357
138430
7358
138431
7359
138432
7360
138433
7361
138434
7362
138435
7363
138436
7364
138437
7365
138438
7366
138439
7367
138440
7368
138441
7369
138442
7370
138443
7371
138444
7372
138445
7373
138446
7374
138447
7375
138448
7376
138449
7377
138450
7378
7379
7380
7381
7382
7383
7384
7385
7386
7387
7388
7389
7390
7391
7392
7393
7394
7395
7396
7397
7398
7399
7400
7401
7402
7403
7404
7405
7406
7407
7408
7409
7410
7411
7412
7413
7414
7415
7416
7417
7418
7419
7420
7421
7422
7423
7424
7425
7426
7427
7428
7429
7430
7431
7432
7433
7434
7435
7436
7437
7438
7439
7440
7441
7442
7443
7444
7445
7446
7447
7448
7449
7450
7451
7452
7453
7454
7455
7456
7457
7458
7459
7460
7461
7462
7463
7464
7465
7466
7467
7468
7469
7470
7471
7472
7473
7474
7475
7476
7477
7478
7479
7480
7481
7482
7483
7484
7485
7486
7487
7488
7489
7490
7491
7492
7493
7494
7495
7496
7497
7498
7499
7500
7501
7502
7503
7504
7505
7506
7507
7508
7509
7510
7511
7512
7513
7514
7515
7516
7517
7518
7519
7520
7521
7522
7523
7524
7525
7526
7527
7528
7529
7530
7531
7532
7533
7534
7535
7536
7537
7538
7539
7540
7541
7542
7543
7544
7545
7546
7547
7548
7549
7550
7551
7552
7553
7554
7555
7556
7557
7558
7559
7560
7561
7562
7563
7564
7565
7566
7567
7568
7569
7570
7571
7572
7573
7574
7575
7576
7577
7578
7579
7580
7581
7582
7583
7584
7585
7586
7587
7588
7589
7590
7591
7592
7593
7594
7595
7596
7597
7598
7599
7600
7601
7602
7603
7604
7605
7606
7607
7608
7609
7610
7611
7612
7613
7614
7615
7616
7617
7618
7619
7620
7621
7622
7623
7624
7625
7626
7627
7628
7629
7630
7631
7632
7633
7634
7635
7636
7637
7638
7639
7640
7641
7642
7643
7644
7645
7646
7647
7648
7649
7650
7651
7652
7653
7654
7655
7656
7657
7658
7659
7660
7661
7662
7663
7664
7665
7666
7667
7668
7669
7670
7671
7672
7673
7674
7675
7676
7677
7678
7679
7680
7681
7682
7683
7684
7685
7686
7687
7688
7689
7690
7691
7692
7693
7694
7695
7696
7697
7698
7699
7700
7701
7702
7703
7704
7705
7706
7707
7708
7709
7710
7711
7712
7713
7714
7715
7716
7717
7718
7719
7720
138793
7721
138794
7722
138795
7723
138796
7724
138797
7725
138798
7726
138799
7727
138800
7728
138801
7729
138802
7730
138803
7731
138804
7732
138805
7733
138806
7734
138807
7735
138808
7736
138809
7737
138810
7738
138811
7739
138812
7740
138813
7741
138814
7742
138815
7743
138816
7744
138817
7745
138818
7746
138819
7747
138820
7748
138821
7749
138822
7750
138823
7751
138824
7752
138825
7753
138826
7754
138827
7755
138828
7756
138829
7757
138830
7758
138831
7759
138832
7760
138833
7761
138834
7762
138835
7763
138836
7764
138837
7765
138838
7766
138839
7767
138840
7768
138841
7769
138842
7770
138843
7771
138844
7772
138845
7773
138846
7774
138847
7775
138848
7776
138849
7777
138850
7778
138851
7779
138852
7780
138853
7781
138854
7782
138855
7783
138856
7784
138857
7785
138858
7786
138859
7787
138860
7788
138861
7789
138862
7790
138863
7791
138864
7792
138865
7793
138866
7794
138867
7795
138868
7796
138869
7797
138870
7798
138871
7799
138872
7800
138873
7801
138874
7802
138875
7803
138876
7804
138877
7805
138878
7806
138879
7807
138880
7808
138881
7809
138882
7810
138883
7811
138884
7812
138885
7813
138886
7814
138887
7815
138888
7816
138889
7817
138890
7818
138891
7819
138892
7820
138893
7821
138894
7822
138895
7823
138896
7824
138897
7825
138898
7826
138899
7827
138900
7828
138901
7829
138902
7830
138903
7831
138904
7832
138905
7833
138906
7834
138907
7835
138908
7836
138909
7837
138910
7838
138911
7839
138912
7840
138913
7841
138914
7842
138915
7843
138916
7844
138917
7845
138918
7846
138919
7847
138920
7848
138921
7849
138922
7850
138923
7851
138924
7852
138925
7853
138926
7854
138927
7855
138928
7856
138929
7857
138930
7858
138931
7859
138932
7860
138933
7861
138934
7862
138935
7863
138936
7864
138937
7865
138938
7866
138939
7867
138940
7868
138941
7869
138942
7870
138943
7871
138944
7872
138945
7873
138946
7874
138947
7875
138948
7876
138949
7877
138950
7878
138951
7879
138952
7880
138953
7881
138954
7882
138955
7883
138956
7884
138957
7885
138958
7886
138959
7887
138960
7888
138961
7889
138962
7890
138963
7891
138964
7892
138965
7893
138966
7894
138967
7895
138968
7896
138969
7897
138970
7898
138971
7899
138972
7900
138973
7901
138974
7902
138975
7903
138976
7904
138977
7905
138978
7906
138979
7907
138980
7908
138981
7909
138982
7910
138983
7911
138984
7912
138985
7913
138986
7914
138987
7915
138988
7916
138989
7917
138990
7918
138991
7919
138992
7920
138993
7921
138994
7922
138995
7923
138996
7924
138997
7925
138998
7926
138999
7927
139000
7928
139001
7929
139002
7930
139003
7931
139004
7932
139005
7933
139006
7934
139007
7935
139008
7936
139009
7937
139010
7938
139011
7939
139012
7940
139013
7941
139014
7942
139015
7943
139016
7944
139017
7945
139018
7946
139019
7947
139020
7948
139021
7949
139022
7950
139023
7951
139024
7952
139025
7953
139026
7954
139027
7955
139028
7956
139029
7957
139030
7958
139031
7959
139032
7960
139033
7961
139034
7962
139035
7963
139036
7964
139037
7965
139038
7966
139039
7967
139040
7968
139041
7969
139042
7970
139043
7971
139044
7972
139045
7973
139046
7974
139047
7975
139048
7976
139049
7977
139050
7978
139051
7979
139052
7980
139053
7981
139054
7982
139055
7983
139056
7984
139057
7985
139058
7986
139059
7987
139060
7988
139061
7989
139062
7990
139063
7991
139064
7992
139065
7993
139066
7994
139067
7995
139068
7996
139069
7997
139070
7998
139071
7999
139072
8000
139073
8001
139074
8002
139075
8003
139076
8004
139077
8005
139078
8006
139079
8007
139080
8008
139081
8009
139082
8010
139083
8011
139084
8012
139085
8013
139086
8014
139087
8015
8016
8017
8018
8019
8020
8021
8022
8023
8024
8025
8026
8027
8028
8029
8030
8031
8032
8033
8034
8035
8036
8037
8038
8039
8040
8041
8042
8043
8044
8045
8046
8047
8048
8049
8050
8051
8052
8053
8054
8055
8056
8057
8058
8059
8060
8061
8062
8063
8064
8065
8066
8067
8068
8069
8070
8071
8072
8073
8074
8075
8076
8077
8078
8079
8080
8081
8082
8083
8084
8085
8086
8087
8088
8089
8090
8091
8092
8093
8094
8095
8096
8097
8098
8099
8100
8101
8102
8103
8104
8105
8106
8107
8108
8109
8110
8111
8112
8113
8114
8115
8116
8117
8118
8119
8120
8121
8122
8123
8124
8125
8126
8127
8128
8129
8130
8131
8132
8133
8134
8135
8136
8137
8138
8139
8140
8141
8142
8143
8144
8145
8146
8147
8148
8149
8150
8151
8152
8153
8154
8155
8156
8157
8158
8159
8160
8161
8162
8163
8164
8165
8166
8167
8168
8169
8170
8171
8172
8173
8174
8175
8176
8177
8178
8179
8180
8181
8182
8183
8184
8185
8186
8187
8188
8189
8190
8191
8192
8193
8194
8195
8196
8197
8198
8199
8200
8201
8202
8203
8204
8205
8206
8207
8208
8209
8210
8211
8212
8213
8214
8215
8216
8217
8218
8219
8220
8221
8222
8223
8224
8225
8226
8227
8228
8229
8230
8231
8232
8233
8234
8235
8236
8237
8238
8239
8240
8241
8242
8243
8244
8245
8246
8247
8248
8249
8250
8251
8252
8253
8254
8255
8256
8257
8258
8259
8260
8261
8262
8263
8264
8265
8266
8267
8268
8269
8270
8271
8272
8273
8274
8275
8276
8277
8278
8279
8280
8281
8282
8283
8284
8285
8286
8287
8288
8289
8290
8291
8292
8293
8294
8295
8296
8297
8298
8299
8300
8301
8302
8303
8304
8305
8306
8307
8308
8309
8310
8311
8312
8313
8314
8315
8316
8317
8318
8319
8320
8321
8322
8323
8324
8325
8326
8327
8328
8329
8330
8331
8332
8333
8334
8335
8336
8337
8338
8339
8340
8341
139414
8342
139415
8343
139416
8344
139417
8345
139418
8346
139419
8347
139420
8348
139421
8349
139422
8350
139423
8351
139424
8352
139425
8353
139426
8354
139427
8355
139428
8356
139429
8357
139430
8358
139431
8359
139432
8360
139433
8361
139434
8362
139435
8363
139436
8364
139437
8365
139438
8366
139439
8367
139440
8368
139441
8369
139442
8370
139443
8371
139444
8372
139445
8373
139446
8374
139447
8375
139448
8376
139449
8377
139450
8378
139451
8379
139452
8380
139453
8381
139454
8382
139455
8383
139456
8384
139457
8385
139458
8386
139459
8387
139460
8388
139461
8389
139462
8390
139463
8391
139464
8392
139465
8393
139466
8394
139467
8395
139468
8396
139469
8397
139470
8398
139471
8399
139472
8400
139473
8401
139474
8402
139475
8403
139476
8404
139477
8405
139478
8406
8407
8408
8409
8410
8411
8412
8413
8414
8415
8416
8417
8418
8419
8420
8421
8422
8423
8424
8425
8426
8427
8428
8429
8430
8431
8432
8433
8434
8435
8436
8437
8438
8439
8440
8441
8442
8443
8444
8445
8446
8447
8448
8449
8450
8451
8452
8453
8454
8455
8456
8457
8458
8459
8460
8461
8462
8463
8464
8465
8466
8467
8468
8469
8470
8471
8472
8473
8474
8475
8476
8477
8478
8479
8480
8481
8482
8483
8484
8485
8486
8487
8488
8489
8490
8491
8492
8493
8494
8495
8496
8497
8498
8499
8500
8501
8502
8503
8504
8505
8506
8507
8508
8509
8510
8511
8512
8513
8514
8515
8516
8517
8518
8519
8520
8521
8522
8523
8524
8525
8526
8527
8528
8529
8530
8531
139604
8532
139605
8533
139606
8534
139607
8535
139608
8536
139609
8537
139610
8538
139611
8539
139612
8540
139613
8541
139614
8542
139615
8543
139616
8544
139617
8545
139618
8546
139619
8547
139620
8548
139621
8549
139622
8550
139623
8551
139624
8552
139625
8553
139626
8554
139627
8555
139628
8556
139629
8557
139630
8558
139631
8559
139632
8560
139633
8561
139634
8562
139635
8563
139636
8564
139637
8565
139638
8566
139639
8567
139640
8568
139641
8569
139642
8570
139643
8571
139644
8572
139645
8573
139646
8574
139647
8575
139648
8576
139649
8577
139650
8578
139651
8579
139652
8580
139653
8581
139654
8582
139655
8583
139656
8584
139657
8585
139658
8586
139659
8587
139660
8588
139661
8589
139662
8590
139663
8591
139664
8592
139665
8593
139666
8594
139667
8595
139668
8596
139669
8597
139670
8598
139671
8599
139672
8600
139673
8601
139674
8602
139675
8603
139676
8604
139677
8605
139678
8606
139679
8607
139680
8608
139681
8609
139682
8610
139683
8611
139684
8612
8613
8614
8615
8616
8617
8618
8619
8620
8621
8622
8623
8624
8625
8626
8627
8628
8629
8630
8631
8632
8633
8634
8635
8636
8637
8638
8639
8640
8641
8642
8643
8644
8645
8646
8647
8648
8649
8650
8651
8652
8653
8654
8655
8656
8657
8658
8659
8660
8661
8662
8663
8664
8665
8666
8667
8668
8669
8670
8671
8672
8673
8674
8675
8676
8677
8678
8679
8680
8681
8682
8683
8684
8685
8686
8687
8688
8689
8690
8691
8692
8693
8694
8695
8696
8697
8698
8699
8700
8701
8702
8703
8704
8705
8706
8707
8708
8709
8710
8711
8712
8713
8714
8715
8716
8717
8718
8719
8720
8721
8722
8723
8724
8725
8726
8727
8728
8729
8730
8731
8732
8733
8734
8735
8736
8737
8738
8739
8740
8741
8742
8743
8744
8745
8746
8747
8748
8749
8750
8751
8752
8753
8754
8755
8756
8757
8758
8759
8760
8761
8762
8763
8764
8765
8766
8767
8768
8769
8770
8771
8772
8773
8774
8775
8776
8777
8778
8779
8780
8781
8782
8783
8784
8785
8786
8787
8788
8789
8790
8791
8792
8793
8794
8795
8796
8797
8798
8799
8800
8801
8802
8803
8804
8805
8806
8807
8808
8809
8810
8811
8812
8813
8814
8815
8816
8817
8818
8819
8820
8821
8822
8823
8824
8825
8826
8827
8828
8829
8830
8831
8832
8833
8834
8835
8836
8837
8838
8839
8840
8841
8842
8843
8844
8845
8846
8847
8848
8849
8850
8851
8852
8853
8854
8855
8856
8857
8858
8859
8860
8861
8862
8863
8864
8865
8866
8867
8868
8869
8870
8871
8872
8873
8874
8875
8876
8877
8878
8879
8880
8881
8882
8883
8884
8885
8886
8887
8888
8889
8890
8891
8892
8893
8894
8895
8896
8897
8898
8899
8900
8901
8902
8903
8904
8905
8906
8907
8908
8909
8910
8911
8912
8913
8914
8915
8916
8917
8918
8919
8920
8921
8922
8923
8924
8925
8926
8927
8928
8929
8930
8931
8932
8933
8934
8935
8936
8937
8938
8939
8940
8941
8942
8943
8944
8945
8946
8947
8948
8949
8950
8951
8952
8953
8954
8955
8956
8957
8958
8959
8960
8961
8962
8963
8964
8965
8966
8967
8968
8969
8970
8971
8972
8973
8974
8975
8976
8977
8978
8979
8980
8981
8982
8983
8984
8985
8986
8987
8988
8989
8990
8991
8992
8993
8994
8995
8996
8997
8998
8999
9000
9001
9002
9003
9004
9005
9006
9007
9008
9009
9010
9011
9012
9013
9014
9015
9016
9017
9018
9019
9020
9021
9022
9023
9024
9025
9026
9027
9028
9029
9030
9031
9032
9033
9034
9035
9036
9037
9038
9039
9040
9041
9042
9043
9044
9045
9046
9047
9048
9049
9050
9051
9052
9053
9054
9055
9056
9057
9058
9059
9060
9061
9062
9063
9064
9065
9066
9067
9068
9069
9070
9071
9072
9073
9074
9075
9076
9077
9078
9079
9080
9081
9082
9083
9084
9085
9086
9087
9088
9089
9090
9091
9092
9093
9094
9095
9096
9097
9098
9099
9100
9101
9102
9103
9104
9105
9106
9107
9108
9109
9110
9111
9112
9113
9114
9115
9116
9117
9118
9119
9120
9121
9122
9123
9124
9125
9126
9127
9128
9129
9130
9131
9132
9133
9134
9135
9136
9137
9138
9139
9140
9141
9142
9143
9144
9145
9146
9147
9148
9149
9150
9151
9152
9153
9154
9155
9156
9157
9158
9159
9160
9161
9162
9163
9164
9165
9166
9167
9168
9169
9170
9171
9172
9173
9174
9175
9176
9177
9178
9179
9180
9181
9182
9183
9184
9185
9186
9187
9188
9189
9190
9191
9192
9193
9194
9195
9196
9197
9198
9199
9200
9201
9202
9203
9204
9205
9206
9207
9208
9209
9210
9211
9212
9213
9214
9215
9216
9217
9218
9219
9220
9221
9222
9223
9224
9225
9226
9227
9228
9229
9230
9231
9232
9233
9234
9235
9236
9237
9238
9239
9240
9241
9242
9243
9244
9245
9246
9247
9248
9249
9250
9251
9252
9253
9254
9255
9256
9257
9258
9259
9260
9261
9262
9263
9264
9265
9266
9267
9268
9269
9270
9271
9272
9273
9274
9275
9276
9277
9278
9279
9280
9281
9282
9283
9284
9285
9286
9287
9288
9289
9290
9291
9292
9293
9294
9295
9296
9297
9298
9299
9300
9301
9302
9303
9304
9305
9306
9307
9308
9309
9310
9311
9312
9313
9314
9315
9316
9317
9318
9319
9320
9321
9322
9323
9324
9325
9326
9327
9328
9329
9330
9331
9332
9333
9334
9335
9336
9337
9338
9339
9340
9341
9342
9343
9344
9345
9346
9347
9348
9349
9350
9351
9352
9353
9354
9355
9356
9357
9358
9359
9360
9361
9362
9363
9364
9365
9366
9367
9368
9369
9370
9371
9372
9373
9374
9375
9376
9377
9378
9379
9380
9381
9382
9383
9384
9385
9386
9387
9388
9389
9390
9391
9392
9393
9394
9395
9396
9397
9398
9399
9400
9401
9402
9403
9404
9405
9406
9407
9408
9409
9410
9411
9412
9413
9414
9415
9416
9417
9418
9419
9420
9421
9422
9423
9424
9425
9426
9427
9428
9429
9430
9431
9432
9433
9434
9435
9436
9437
9438
9439
9440
9441
9442
9443
9444
9445
9446
9447
9448
9449
9450
9451
9452
9453
9454
9455
9456
9457
9458
9459
9460
9461
9462
9463
9464
9465
9466
9467
9468
9469
9470
9471
9472
9473
9474
9475
9476
9477
9478
9479
9480
9481
9482
9483
9484
9485
9486
9487
9488
9489
9490
9491
9492
9493
9494
9495
9496
9497
9498
9499
9500
9501
9502
9503
9504
9505
9506
9507
9508
9509
9510
9511
9512
9513
9514
9515
9516
9517
9518
9519
9520
9521
9522
9523
9524
9525
9526
9527
9528
9529
9530
9531
9532
9533
9534
9535
9536
9537
9538
9539
9540
9541
9542
9543
9544
9545
9546
9547
9548
9549
9550
9551
9552
9553
9554
9555
9556
9557
9558
9559
9560
9561
9562
9563
9564
9565
9566
9567
9568
9569
9570
9571
9572
9573
9574
9575
9576
9577
9578
9579
9580
9581
9582
9583
9584
9585
9586
9587
9588
9589
9590
9591
9592
9593
9594
9595
9596
9597
9598
9599
9600
9601
9602
9603
9604
9605
9606
9607
9608
9609
9610
9611
9612
9613
9614
9615
9616
9617
9618
9619
9620
9621
9622
9623
9624
9625
9626
9627
9628
9629
9630
9631
9632
9633
9634
9635
9636
9637
9638
9639
9640
9641
9642
9643
9644
9645
9646
9647
9648
9649
9650
9651
9652
9653
9654
9655
9656
9657
9658
9659
9660
9661
9662
9663
9664
9665
9666
9667
9668
9669
9670
9671
9672
9673
9674
9675
140748
9676
140749
9677
140750
9678
140751
9679
140752
9680
9681
9682
9683
9684
9685
9686
9687
9688
9689
9690
9691
9692
9693
9694
9695
9696
9697
9698
9699
9700
9701
9702
9703
9704
9705
9706
9707
9708
9709
9710
9711
9712
9713
9714
9715
9716
9717
9718
9719
9720
9721
9722
9723
9724
9725
9726
9727
9728
9729
9730
9731
9732
9733
9734
9735
9736
9737
9738
9739
9740
9741
9742
9743
9744
9745
9746
9747
9748
9749
9750
9751
9752
9753
9754
9755
9756
9757
9758
9759
9760
9761
9762
9763
9764
9765
9766
9767
9768
9769
9770
9771
9772
9773
9774
9775
9776
9777
9778
9779
9780
9781
9782
9783
9784
9785
9786
9787
9788
9789
9790
9791
9792
9793
9794
9795
9796
9797
9798
9799
9800
9801
9802
9803
9804
9805
9806
9807
9808
9809
9810
9811
9812
9813
9814
9815
9816
9817
9818
9819
9820
9821
9822
9823
9824
9825
9826
9827
9828
9829
9830
9831
9832
9833
9834
9835
9836
9837
9838
9839
9840
9841
9842
9843
9844
9845
9846
9847
9848
9849
9850
9851
9852
9853
9854
9855
9856
9857
9858
9859
9860
9861
9862
9863
9864
9865
9866
9867
9868
9869
9870
9871
9872
9873
9874
9875
9876
9877
9878
9879
9880
9881
9882
9883
9884
9885
9886
9887
9888
9889
9890
9891
9892
9893
9894
9895
9896
9897
9898
9899
9900
9901
9902
9903
9904
9905
9906
9907
9908
9909
9910
9911
9912
9913
9914
9915
9916
9917
9918
9919
9920
9921
9922
9923
9924
9925
9926
9927
9928
9929
9930
9931
9932
9933
9934
9935
9936
9937
9938
9939
9940
9941
9942
9943
9944
9945
9946
9947
9948
9949
9950
9951
9952
9953
9954
9955
9956
9957
9958
9959
9960
9961
9962
9963
9964
9965
9966
9967
9968
9969
9970
9971
9972
141045
9973
141046
9974
141047
9975
141048
9976
141049
9977
141050
9978
141051
9979
141052
9980
141053
9981
141054
9982
141055
9983
141056
9984
141057
9985
141058
9986
141059
9987
141060
9988
141061
9989
141062
9990
141063
9991
141064
9992
141065
9993
141066
9994
141067
9995
141068
9996
141069
9997
141070
9998
141071
9999
141072
10000
141073
10001
141074
10002
141075
10003
141076
10004
141077
10005
141078
10006
141079
10007
141080
10008
141081
10009
141082
10010
10011
10012
10013
10014
10015
141088
10016
141089
10017
141090
10018
141091
10019
141092
10020
141093
10021
141094
10022
141095
10023
141096
10024
141097
10025
141098
10026
141099
10027
141100
10028
141101
10029
141102
10030
141103
10031
141104
10032
141105
10033
141106
10034
141107
10035
141108
10036
141109
10037
141110
10038
141111
10039
141112
10040
141113
10041
141114
10042
141115
10043
141116
10044
141117
10045
141118
10046
141119
10047
141120
10048
141121
10049
141122
10050
141123
10051
141124
10052
141125
10053
141126
10054
141127
10055
141128
10056
141129
10057
141130
10058
141131
10059
141132
10060
141133
10061
141134
10062
141135
10063
141136
10064
141137
10065
141138
10066
141139
10067
141140
10068
141141
10069
141142
10070
141143
10071
141144
10072
141145
10073
141146
10074
141147
10075
141148
10076
141149
10077
141150
10078
141151
10079
141152
10080
141153
10081
141154
10082
141155
10083
141156
10084
141157
10085
141158
10086
141159
10087
141160
10088
141161
10089
141162
10090
141163
10091
141164
10092
141165
10093
141166
10094
141167
10095
141168
10096
141169
10097
141170
10098
141171
10099
141172
10100
141173
10101
141174
10102
141175
10103
141176
10104
141177
10105
141178
10106
141179
10107
141180
10108
141181
10109
141182
10110
141183
10111
141184
10112
141185
10113
141186
10114
141187
10115
141188
10116
141189
10117
141190
10118
141191
10119
141192
10120
141193
10121
141194
10122
141195
10123
141196
10124
141197
10125
141198
10126
141199
10127
141200
10128
141201
10129
141202
10130
141203
10131
141204
10132
141205
10133
141206
10134
141207
10135
141208
10136
141209
10137
141210
10138
141211
10139
141212
10140
141213
10141
141214
10142
141215
10143
141216
10144
141217
10145
141218
10146
141219
10147
141220
10148
141221
10149
141222
10150
141223
10151
141224
10152
141225
10153
141226
10154
141227
10155
141228
10156
141229
10157
141230
10158
141231
10159
141232
10160
141233
10161
141234
10162
141235
10163
141236
10164
141237
10165
141238
10166
141239
10167
141240
10168
141241
10169
141242
10170
141243
10171
141244
10172
141245
10173
141246
10174
141247
10175
141248
10176
141249
10177
141250
10178
141251
10179
141252
10180
141253
10181
141254
10182
141255
10183
141256
10184
141257
10185
141258
10186
141259
10187
141260
10188
141261
10189
141262
10190
141263
10191
141264
10192
141265
10193
141266
10194
141267
10195
141268
10196
141269
10197
141270
10198
141271
10199
141272
10200
141273
10201
141274
10202
141275
10203
141276
10204
141277
10205
141278
10206
141279
10207
141280
10208
141281
10209
141282
10210
141283
10211
141284
10212
141285
10213
141286
10214
141287
10215
141288
10216
141289
10217
141290
10218
141291
10219
141292
10220
141293
10221
141294
10222
141295
10223
141296
10224
141297
10225
141298
10226
141299
10227
141300
10228
141301
10229
141302
10230
141303
10231
141304
10232
141305
10233
141306
10234
141307
10235
141308
10236
141309
10237
141310
10238
141311
10239
141312
10240
141313
10241
141314
10242
141315
10243
141316
10244
141317
10245
141318
10246
141319
10247
141320
10248
141321
10249
141322
10250
141323
10251
141324
10252
141325
10253
141326
10254
141327
10255
141328
10256
141329
10257
141330
10258
141331
10259
141332
10260
141333
10261
141334
10262
141335
10263
141336
10264
141337
10265
141338
10266
141339
10267
141340
10268
141341
10269
141342
10270
141343
10271
141344
10272
141345
10273
141346
10274
141347
10275
141348
10276
141349
10277
141350
10278
141351
10279
141352
10280
141353
10281
141354
10282
141355
10283
10284
10285
10286
10287
10288
10289
10290
10291
10292
10293
10294
10295
10296
10297
10298
10299
10300
10301
10302
10303
10304
10305
10306
10307
10308
10309
10310
10311
10312
10313
10314
10315
10316
10317
10318
10319
10320
10321
10322
10323
10324
10325
10326
10327
10328
10329
10330
10331
10332
10333
10334
10335
10336
10337
10338
10339
10340
10341
10342
10343
10344
10345
10346
10347
10348
10349
10350
10351
10352
10353
10354
10355
10356
10357
10358
10359
10360
10361
10362
10363
10364
10365
10366
10367
10368
10369
10370
10371
10372
10373
10374
10375
10376
10377
10378
10379
10380
10381
10382
10383
10384
10385
10386
10387
10388
10389
10390
10391
10392
10393
10394
10395
10396
10397
10398
10399
10400
10401
10402
10403
10404
10405
10406
10407
10408
10409
10410
10411
10412
10413
10414
10415
10416
10417
10418
10419
10420
10421
10422
10423
10424
10425
10426
10427
10428
10429
10430
10431
10432
10433
10434
10435
10436
10437
10438
10439
10440
10441
10442
10443
10444
10445
10446
10447
10448
10449
10450
10451
10452
10453
10454
10455
10456
10457
10458
10459
10460
10461
10462
10463
10464
10465
10466
10467
10468
10469
10470
10471
10472
10473
10474
10475
10476
10477
10478
10479
10480
10481
10482
10483
10484
10485
10486
10487
10488
10489
10490
10491
10492
10493
10494
10495
10496
10497
10498
10499
10500
10501
10502
10503
10504
10505
10506
10507
10508
10509
10510
10511
10512
10513
10514
10515
10516
10517
10518
10519
10520
10521
10522
10523
10524
10525
10526
10527
10528
10529
10530
10531
10532
10533
10534
10535
10536
10537
10538
10539
10540
10541
10542
10543
10544
10545
10546
10547
10548
10549
10550
10551
10552
10553
10554
10555
10556
10557
10558
10559
10560
10561
10562
10563
10564
10565
10566
10567
10568
10569
10570
10571
10572
10573
10574
10575
10576
10577
10578
10579
10580
10581
10582
10583
10584
10585
10586
10587
10588
10589
10590
10591
10592
10593
10594
10595
10596
10597
10598
10599
10600
10601
10602
10603
10604
10605
10606
10607
10608
10609
10610
10611
141684
10612
141685
10613
141686
10614
141687
10615
141688
10616
141689
10617
141690
10618
141691
10619
141692
10620
141693
10621
141694
10622
141695
10623
141696
10624
141697
10625
141698
10626
141699
10627
141700
10628
141701
10629
141702
10630
141703
10631
141704
10632
141705
10633
141706
10634
141707
10635
141708
10636
141709
10637
141710
10638
141711
10639
141712
10640
141713
10641
141714
10642
141715
10643
141716
10644
141717
10645
141718
10646
141719
10647
141720
10648
141721
10649
141722
10650
141723
10651
141724
10652
141725
10653
141726
10654
141727
10655
141728
10656
141729
10657
141730
10658
141731
10659
141732
10660
141733
10661
141734
10662
141735
10663
141736
10664
141737
10665
141738
10666
141739
10667
141740
10668
141741
10669
141742
10670
141743
10671
141744
10672
141745
10673
141746
10674
141747
10675
141748
10676
141749
10677
141750
10678
141751
10679
141752
10680
141753
10681
141754
10682
141755
10683
141756
10684
141757
10685
141758
10686
141759
10687
141760
10688
141761
10689
141762
10690
141763
10691
141764
10692
141765
10693
141766
10694
141767
10695
141768
10696
141769
10697
141770
10698
141771
10699
141772
10700
141773
10701
141774
10702
141775
10703
141776
10704
141777
10705
141778
10706
141779
10707
141780
10708
141781
10709
141782
10710
141783
10711
141784
10712
141785
10713
141786
10714
141787
10715
141788
10716
141789
10717
141790
10718
141791
10719
141792
10720
141793
10721
141794
10722
141795
10723
141796
10724
141797
10725
141798
10726
141799
10727
141800
10728
141801
10729
141802
10730
141803
10731
141804
10732
141805
10733
141806
10734
141807
10735
141808
10736
141809
10737
141810
10738
141811
10739
141812
10740
141813
10741
141814
10742
141815
10743
141816
10744
141817
10745
141818
10746
141819
10747
141820
10748
141821
10749
141822
10750
141823
10751
141824
10752
141825
10753
141826
10754
141827
10755
141828
10756
141829
10757
141830
10758
141831
10759
141832
10760
141833
10761
141834
10762
141835
10763
141836
10764
141837
10765
141838
10766
141839
10767
141840
10768
141841
10769
141842
10770
141843
10771
141844
10772
141845
10773
141846
10774
141847
10775
141848
10776
141849
10777
141850
10778
141851
10779
141852
10780
141853
10781
141854
10782
141855
10783
141856
10784
141857
10785
141858
10786
141859
10787
141860
10788
141861
10789
141862
10790
141863
10791
141864
10792
141865
10793
141866
10794
141867
10795
141868
10796
141869
10797
141870
10798
141871
10799
141872
10800
141873
10801
141874
10802
141875
10803
141876
10804
141877
10805
141878
10806
141879
10807
141880
10808
141881
10809
141882
10810
141883
10811
141884
10812
141885
10813
141886
10814
141887
10815
141888
10816
141889
10817
141890
10818
141891
10819
141892
10820
141893
10821
141894
10822
141895
10823
141896
10824
141897
10825
141898
10826
141899
10827
141900
10828
141901
10829
141902
10830
141903
10831
141904
10832
141905
10833
141906
10834
141907
10835
141908
10836
141909
10837
141910
10838
141911
10839
141912
10840
141913
10841
141914
10842
141915
10843
141916
10844
141917
10845
141918
10846
141919
10847
141920
10848
141921
10849
141922
10850
141923
10851
141924
10852
141925
10853
141926
10854
141927
10855
141928
10856
141929
10857
141930
10858
141931
10859
141932
10860
141933
10861
141934
10862
141935
10863
141936
10864
141937
10865
141938
10866
141939
10867
141940
10868
141941
10869
141942
10870
141943
10871
141944
10872
141945
10873
141946
10874
141947
10875
141948
10876
141949
10877
141950
10878
141951
10879
141952
10880
141953
10881
141954
10882
141955
10883
141956
10884
141957
10885
141958
10886
141959
10887
141960
10888
141961
10889
141962
10890
141963
10891
141964
10892
141965
10893
141966
10894
141967
10895
141968
10896
141969
10897
141970
10898
141971
10899
141972
10900
141973
10901
141974
10902
141975
10903
141976
10904
141977
10905
141978
10906
141979
10907
141980
10908
141981
10909
141982
10910
141983
10911
141984
10912
10913
10914
10915
10916
10917
10918
10919
10920
10921
10922
10923
10924
10925
10926
10927
10928
10929
10930
10931
10932
10933
10934
10935
10936
10937
10938
10939
10940
10941
10942
10943
10944
10945
10946
10947
10948
10949
10950
10951
10952
10953
10954
10955
10956
10957
10958
10959
10960
10961
10962
10963
10964
10965
10966
10967
10968
10969
10970
10971
10972
10973
10974
10975
10976
10977
10978
10979
10980
10981
10982
10983
10984
10985
10986
10987
10988
10989
10990
10991
10992
10993
10994
10995
10996
10997
10998
10999
11000
11001
11002
11003
11004
11005
11006
11007
11008
11009
11010
11011
11012
11013
11014
11015
11016
11017
11018
11019
11020
11021
11022
11023
11024
11025
11026
11027
11028
11029
11030
11031
11032
11033
11034
11035
11036
11037
11038
11039
11040
11041
11042
11043
11044
11045
11046
11047
11048
11049
11050
11051
11052
11053
11054
11055
11056
11057
11058
11059
11060
11061
11062
11063
11064
11065
11066
11067
11068
11069
11070
11071
11072
11073
11074
11075
11076
11077
11078
11079
11080
11081
11082
11083
11084
11085
11086
11087
11088
11089
11090
11091
11092
11093
11094
11095
11096
11097
11098
11099
11100
11101
11102
11103
11104
11105
11106
11107
11108
11109
11110
11111
11112
11113
11114
11115
11116
11117
11118
11119
11120
11121
11122
11123
11124
11125
11126
11127
11128
11129
11130
11131
11132
11133
11134
11135
11136
11137
11138
11139
11140
11141
11142
11143
11144
11145
11146
11147
11148
11149
11150
11151
11152
11153
11154
11155
11156
11157
11158
11159
11160
11161
11162
11163
11164
11165
11166
11167
11168
11169
11170
11171
11172
11173
11174
11175
11176
11177
11178
11179
11180
11181
11182
11183
11184
11185
11186
11187
11188
11189
11190
11191
11192
11193
11194
11195
11196
11197
11198
11199
11200
11201
11202
11203
11204
11205
11206
11207
11208
11209
11210
11211
11212
11213
11214
11215
11216
11217
11218
11219
11220
11221
11222
11223
11224
11225
11226
11227
11228
11229
11230
11231
11232
11233
11234
11235
11236
11237
11238
11239
11240
11241
11242
11243
11244
11245
11246
11247
11248
11249
11250
11251
11252
11253
11254
11255
11256
11257
11258
11259
11260
11261
11262
142335
11263
142336
11264
142337
11265
142338
11266
142339
11267
142340
11268
142341
11269
142342
11270
142343
11271
142344
11272
142345
11273
142346
11274
142347
11275
142348
11276
142349
11277
142350
11278
142351
11279
142352
11280
142353
11281
142354
11282
142355
11283
142356
11284
142357
11285
142358
11286
142359
11287
142360
11288
142361
11289
142362
11290
142363
11291
142364
11292
142365
11293
142366
11294
142367
11295
142368
11296
142369
11297
142370
11298
142371
11299
142372
11300
142373
11301
142374
11302
142375
11303
142376
11304
142377
11305
142378
11306
142379
11307
142380
11308
142381
11309
142382
11310
142383
11311
142384
11312
142385
11313
142386
11314
142387
11315
142388
11316
142389
11317
142390
11318
142391
11319
142392
11320
142393
11321
142394
11322
142395
11323
142396
11324
142397
11325
142398
11326
142399
11327
11328
11329
11330
11331
11332
11333
11334
11335
11336
11337
11338
11339
11340
11341
11342
11343
11344
11345
11346
11347
11348
11349
11350
11351
11352
11353
11354
11355
11356
11357
11358
11359
11360
11361
11362
11363
11364
11365
11366
11367
11368
11369
11370
11371
11372
11373
11374
11375
11376
11377
11378
11379
11380
11381
11382
11383
11384
11385
11386
11387
11388
11389
11390
11391
11392
11393
11394
11395
11396
11397
11398
11399
11400
11401
11402
11403
11404
11405
11406
11407
11408
11409
11410
11411
11412
11413
11414
11415
11416
11417
11418
11419
11420
11421
11422
11423
11424
11425
11426
11427
11428
11429
11430
11431
11432
11433
142506
11434
142507
11435
142508
11436
142509
11437
142510
11438
142511
11439
142512
11440
142513
11441
142514
11442
142515
11443
142516
11444
142517
11445
142518
11446
142519
11447
142520
11448
142521
11449
142522
11450
142523
11451
142524
11452
142525
11453
142526
11454
142527
11455
142528
11456
142529
11457
142530
11458
142531
11459
142532
11460
142533
11461
142534
11462
142535
11463
142536
11464
142537
11465
142538
11466
142539
11467
142540
11468
142541
11469
142542
11470
142543
11471
142544
11472
142545
11473
142546
11474
142547
11475
142548
11476
142549
11477
142550
11478
142551
11479
142552
11480
142553
11481
142554
11482
142555
11483
142556
11484
142557
11485
142558
11486
142559
11487
142560
11488
142561
11489
142562
11490
142563
11491
142564
11492
142565
11493
142566
11494
142567
11495
142568
11496
142569
11497
142570
11498
142571
11499
142572
11500
142573
11501
142574
11502
142575
11503
142576
11504
142577
11505
142578
11506
142579
11507
142580
11508
142581
11509
142582
11510
142583
11511
142584
11512
142585
11513
142586
11514
142587
11515
142588
11516
142589
11517
11518
11519
11520
11521
11522
11523
11524
11525
11526
11527
11528
11529
11530
11531
11532
11533
11534
11535
11536
11537
11538
11539
11540
11541
11542
11543
11544
11545
11546
11547
11548
11549
11550
11551
11552
11553
11554
11555
11556
11557
11558
11559
11560
11561
11562
11563
11564
11565
11566
11567
11568
11569
11570
11571
11572
11573
11574
11575
11576
11577
11578
11579
11580
11581
11582
11583
11584
11585
11586
11587
11588
11589
11590
11591
11592
11593
11594
11595
11596
11597
11598
11599
11600
11601
11602
11603
11604
11605
11606
11607
11608
11609
11610
11611
11612
11613
11614
11615
11616
11617
11618
11619
11620
11621
11622
11623
11624
11625
11626
11627
11628
11629
11630
11631
11632
11633
11634
11635
11636
11637
11638
11639
11640
11641
11642
11643
11644
11645
11646
11647
11648
11649
11650
11651
11652
11653
11654
11655
11656
11657
11658
11659
11660
11661
11662
11663
11664
11665
11666
11667
11668
11669
11670
11671
11672
11673
11674
11675
11676
11677
11678
11679
11680
11681
11682
11683
11684
11685
11686
11687
11688
11689
11690
11691
11692
11693
11694
11695
11696
11697
11698
11699
11700
11701
11702
11703
11704
11705
11706
11707
11708
11709
11710
11711
11712
11713
11714
11715
11716
11717
11718
11719
11720
11721
11722
11723
11724
11725
11726
11727
11728
11729
11730
11731
11732
11733
11734
11735
11736
11737
11738
11739
11740
11741
11742
11743
11744
11745
11746
11747
11748
11749
11750
11751
11752
11753
11754
11755
11756
11757
11758
11759
11760
11761
11762
11763
11764
11765
11766
11767
11768
11769
11770
11771
11772
11773
11774
11775
11776
11777
11778
11779
11780
11781
11782
11783
11784
11785
11786
11787
11788
11789
11790
11791
11792
11793
11794
11795
11796
11797
11798
11799
11800
11801
11802
11803
11804
11805
11806
11807
11808
11809
11810
11811
11812
11813
11814
11815
11816
11817
11818
11819
11820
11821
11822
11823
11824
11825
11826
11827
11828
11829
11830
11831
11832
11833
11834
11835
11836
11837
11838
11839
11840
11841
11842
11843
11844
11845
11846
11847
11848
11849
11850
11851
11852
11853
11854
11855
11856
11857
11858
11859
11860
11861
11862
11863
11864
11865
11866
11867
11868
11869
11870
11871
11872
11873
11874
11875
11876
11877
11878
11879
11880
11881
11882
11883
11884
11885
11886
11887
11888
11889
11890
11891
11892
11893
11894
11895
11896
11897
11898
11899
11900
11901
11902
11903
11904
11905
11906
11907
11908
11909
11910
11911
11912
11913
11914
11915
11916
11917
11918
11919
11920
11921
11922
11923
11924
11925
11926
11927
11928
11929
11930
11931
11932
11933
11934
11935
11936
11937
11938
11939
11940
11941
11942
11943
11944
11945
11946
11947
11948
11949
11950
11951
11952
11953
11954
11955
11956
11957
11958
11959
11960
11961
11962
11963
11964
11965
11966
11967
11968
11969
11970
11971
11972
11973
11974
11975
11976
11977
11978
11979
11980
11981
11982
11983
11984
11985
11986
11987
11988
11989
11990
11991
11992
11993
11994
11995
11996
11997
11998
11999
12000
12001
12002
12003
12004
12005
12006
12007
12008
12009
12010
12011
12012
12013
12014
12015
12016
12017
12018
12019
12020
12021
12022
12023
12024
12025
12026
12027
12028
12029
12030
12031
12032
12033
12034
12035
12036
12037
12038
12039
12040
12041
12042
12043
12044
12045
12046
12047
12048
12049
12050
12051
12052
12053
12054
12055
12056
12057
12058
12059
12060
12061
12062
12063
12064
12065
12066
12067
12068
12069
12070
12071
12072
12073
12074
12075
12076
12077
12078
12079
12080
12081
12082
12083
12084
12085
12086
12087
12088
12089
12090
12091
12092
12093
12094
12095
12096
12097
12098
12099
12100
12101
12102
12103
12104
12105
12106
12107
12108
12109
12110
12111
12112
12113
12114
12115
12116
12117
12118
12119
12120
12121
12122
12123
12124
12125
12126
12127
12128
12129
12130
12131
12132
12133
12134
12135
12136
12137
12138
12139
12140
12141
12142
12143
12144
12145
12146
12147
12148
12149
12150
12151
12152
12153
12154
12155
12156
12157
12158
12159
12160
12161
12162
12163
12164
12165
12166
12167
12168
12169
12170
12171
12172
12173
12174
12175
12176
12177
12178
12179
12180
12181
12182
12183
12184
12185
12186
12187
12188
12189
12190
12191
12192
12193
12194
12195
12196
12197
12198
12199
12200
12201
12202
12203
12204
12205
12206
12207
12208
12209
12210
12211
12212
12213
12214
12215
12216
12217
12218
12219
12220
12221
12222
12223
12224
12225
12226
12227
12228
12229
12230
12231
12232
12233
12234
12235
12236
12237
12238
12239
12240
12241
12242
12243
12244
12245
12246
12247
12248
12249
12250
12251
12252
12253
12254
12255
12256
12257
12258
12259
12260
12261
12262
12263
12264
12265
12266
12267
12268
12269
12270
12271
12272
12273
12274
12275
12276
12277
12278
12279
12280
12281
12282
12283
12284
12285
12286
12287
12288
12289
12290
12291
12292
12293
12294
12295
12296
12297
12298
12299
12300
12301
12302
12303
12304
12305
12306
12307
12308
12309
12310
12311
12312
12313
12314
12315
12316
12317
12318
12319
12320
12321
12322
12323
12324
12325
12326
12327
12328
12329
12330
12331
12332
12333
12334
12335
12336
12337
12338
12339
12340
12341
12342
12343
12344
12345
12346
12347
12348
12349
12350
12351
12352
12353
12354
12355
12356
12357
12358
12359
12360
12361
12362
12363
12364
12365
12366
12367
12368
12369
12370
12371
12372
12373
12374
12375
12376
12377
12378
12379
12380
12381
12382
12383
12384
12385
12386
12387
12388
12389
12390
12391
12392
12393
12394
12395
12396
12397
12398
12399
12400
12401
12402
12403
12404
12405
12406
12407
12408
12409
12410
12411
12412
12413
12414
12415
12416
12417
12418
12419
12420
12421
12422
12423
12424
12425
12426
12427
12428
12429
12430
12431
12432
12433
12434
12435
12436
12437
12438
12439
12440
12441
12442
12443
12444
12445
12446
12447
12448
12449
12450
12451
12452
12453
12454
12455
12456
12457
12458
12459
12460
12461
12462
12463
12464
12465
12466
12467
12468
12469
12470
12471
12472
12473
12474
12475
12476
12477
12478
12479
12480
12481
12482
12483
12484
12485
12486
12487
12488
12489
12490
12491
12492
12493
12494
12495
12496
12497
12498
12499
12500
12501
12502
12503
12504
12505
12506
12507
12508
12509
12510
12511
12512
12513
12514
12515
12516
12517
12518
12519
12520
12521
12522
12523
12524
12525
12526
12527
12528
12529
12530
12531
12532
12533
12534
12535
12536
12537
12538
12539
12540
12541
12542
12543
12544
12545
12546
12547
12548
12549
12550
12551
12552
12553
12554
12555
12556
12557
12558
12559
12560
12561
12562
12563
12564
12565
12566
12567
12568
12569
12570
12571
12572
12573
12574
12575
12576
12577
12578
12579
12580
12581
12582
12583
12584
12585
12586
12587
12588
12589
12590
12591
12592
12593
12594
143667
12595
143668
12596
143669
12597
143670
12598
143671
12599
143672
12600
12601
12602
12603
12604
12605
12606
12607
12608
12609
12610
12611
12612
12613
12614
12615
12616
12617
12618
12619
12620
12621
12622
12623
12624
12625
12626
12627
12628
12629
12630
12631
12632
12633
12634
12635
12636
12637
12638
12639
12640
12641
12642
12643
12644
12645
12646
12647
12648
12649
12650
12651
12652
12653
12654
12655
12656
12657
12658
12659
12660
12661
12662
12663
12664
12665
12666
12667
12668
12669
12670
12671
12672
12673
12674
12675
12676
12677
12678
12679
12680
12681
12682
12683
12684
12685
12686
12687
12688
12689
12690
12691
12692
12693
12694
12695
12696
12697
12698
12699
12700
12701
12702
12703
12704
12705
12706
12707
12708
12709
12710
12711
12712
12713
12714
12715
12716
12717
12718
12719
12720
12721
12722
12723
12724
12725
12726
12727
12728
12729
12730
12731
12732
12733
12734
12735
12736
12737
12738
12739
12740
12741
12742
12743
12744
12745
12746
12747
12748
12749
12750
12751
12752
12753
12754
12755
12756
12757
12758
12759
12760
12761
12762
12763
12764
12765
12766
12767
12768
12769
12770
12771
12772
12773
12774
12775
12776
12777
12778
12779
12780
12781
12782
12783
12784
12785
12786
12787
12788
12789
12790
12791
12792
12793
12794
12795
12796
12797
12798
12799
12800
12801
12802
12803
12804
12805
12806
12807
12808
12809
12810
12811
12812
12813
12814
12815
12816
12817
12818
12819
12820
12821
12822
12823
12824
12825
12826
12827
12828
12829
12830
12831
12832
12833
12834
12835
12836
12837
12838
12839
12840
12841
12842
12843
12844
12845
12846
12847
12848
12849
12850
12851
12852
12853
12854
12855
12856
12857
12858
12859
12860
12861
12862
12863
12864
12865
12866
12867
12868
12869
12870
12871
12872
12873
12874
12875
12876
12877
12878
12879
12880
12881
12882
12883
12884
12885
12886
12887
12888
12889
12890
12891
12892
12893
12894
12895
12896
12897
12898
12899
12900
12901
143974
12902
143975
12903
143976
12904
143977
12905
143978
12906
143979
12907
143980
12908
143981
12909
143982
12910
143983
12911
143984
12912
143985
12913
143986
12914
143987
12915
143988
12916
143989
12917
143990
12918
143991
12919
143992
12920
143993
12921
143994
12922
143995
12923
143996
12924
143997
12925
143998
12926
143999
12927
144000
12928
144001
12929
144002
12930
144003
12931
144004
12932
144005
12933
144006
12934
144007
12935
144008
12936
144009
12937
144010
12938
144011
12939
144012
12940
144013
12941
144014
12942
144015
12943
144016
12944
12945
12946
144019
12947
144020
12948
144021
12949
144022
12950
144023
12951
144024
12952
144025
12953
144026
12954
144027
12955
144028
12956
144029
12957
144030
12958
144031
12959
144032
12960
144033
12961
144034
12962
144035
12963
144036
12964
144037
12965
144038
12966
144039
12967
144040
12968
144041
12969
144042
12970
144043
12971
144044
12972
144045
12973
144046
12974
144047
12975
144048
12976
144049
12977
144050
12978
144051
12979
144052
12980
144053
12981
144054
12982
144055
12983
144056
12984
144057
12985
144058
12986
144059
12987
144060
12988
144061
12989
144062
12990
144063
12991
144064
12992
144065
12993
144066
12994
144067
12995
144068
12996
144069
12997
144070
12998
144071
12999
144072
13000
144073
13001
144074
13002
144075
13003
144076
13004
144077
13005
144078
13006
144079
13007
144080
13008
144081
13009
144082
13010
144083
13011
144084
13012
144085
13013
144086
13014
144087
13015
144088
13016
144089
13017
144090
13018
144091
13019
144092
13020
144093
13021
144094
13022
144095
13023
144096
13024
144097
13025
144098
13026
144099
13027
144100
13028
144101
13029
144102
13030
144103
13031
144104
13032
144105
13033
144106
13034
144107
13035
144108
13036
144109
13037
144110
13038
144111
13039
144112
13040
144113
13041
144114
13042
144115
13043
144116
13044
144117
13045
144118
13046
144119
13047
144120
13048
144121
13049
144122
13050
144123
13051
144124
13052
144125
13053
144126
13054
144127
13055
144128
13056
144129
13057
144130
13058
144131
13059
144132
13060
144133
13061
144134
13062
144135
13063
144136
13064
144137
13065
144138
13066
144139
13067
144140
13068
144141
13069
144142
13070
144143
13071
144144
13072
144145
13073
144146
13074
144147
13075
144148
13076
144149
13077
144150
13078
144151
13079
144152
13080
144153
13081
144154
13082
144155
13083
144156
13084
144157
13085
144158
13086
144159
13087
144160
13088
144161
13089
144162
13090
144163
13091
144164
13092
144165
13093
144166
13094
144167
13095
144168
13096
144169
13097
144170
13098
144171
13099
144172
13100
144173
13101
144174
13102
144175
13103
144176
13104
144177
13105
144178
13106
144179
13107
144180
13108
144181
13109
144182
13110
144183
13111
144184
13112
144185
13113
144186
13114
144187
13115
144188
13116
144189
13117
144190
13118
144191
13119
144192
13120
144193
13121
144194
13122
144195
13123
144196
13124
144197
13125
144198
13126
144199
13127
144200
13128
144201
13129
144202
13130
144203
13131
144204
13132
144205
13133
144206
13134
144207
13135
144208
13136
144209
13137
144210
13138
144211
13139
144212
13140
144213
13141
144214
13142
144215
13143
144216
13144
144217
13145
144218
13146
144219
13147
144220
13148
144221
13149
144222
13150
144223
13151
144224
13152
144225
13153
144226
13154
144227
13155
144228
13156
144229
13157
144230
13158
144231
13159
144232
13160
144233
13161
144234
13162
144235
13163
144236
13164
144237
13165
144238
13166
144239
13167
144240
13168
144241
13169
144242
13170
144243
13171
144244
13172
144245
13173
144246
13174
144247
13175
144248
13176
144249
13177
144250
13178
144251
13179
144252
13180
144253
13181
144254
13182
144255
13183
144256
13184
144257
13185
144258
13186
144259
13187
144260
13188
144261
13189
144262
13190
144263
13191
144264
13192
144265
13193
144266
13194
144267
13195
144268
13196
144269
13197
144270
13198
144271
13199
144272
13200
144273
13201
144274
13202
144275
13203
144276
13204
144277
13205
144278
13206
144279
13207
144280
13208
144281
13209
144282
13210
13211
13212
13213
13214
13215
13216
13217
13218
13219
13220
13221
13222
13223
13224
13225
13226
13227
13228
13229
13230
13231
13232
13233
13234
13235
13236
13237
13238
13239
13240
13241
13242
13243
13244
13245
13246
13247
13248
13249
13250
13251
13252
13253
13254
13255
13256
13257
13258
13259
13260
13261
13262
13263
13264
13265
13266
13267
13268
13269
13270
13271
13272
13273
13274
13275
13276
13277
13278
13279
13280
13281
13282
13283
13284
13285
13286
13287
13288
13289
13290
13291
13292
13293
13294
13295
13296
13297
13298
13299
13300
13301
13302
13303
13304
13305
13306
13307
13308
13309
13310
13311
13312
13313
13314
13315
13316
13317
13318
13319
13320
13321
13322
13323
13324
13325
13326
13327
13328
13329
13330
13331
13332
13333
13334
13335
13336
13337
13338
13339
13340
13341
13342
13343
13344
13345
13346
13347
13348
13349
13350
13351
13352
13353
13354
13355
13356
13357
13358
13359
13360
13361
13362
13363
13364
13365
13366
13367
13368
13369
13370
13371
13372
13373
13374
13375
13376
13377
13378
13379
13380
13381
13382
13383
13384
13385
13386
13387
13388
13389
13390
13391
13392
13393
13394
13395
13396
13397
13398
13399
13400
13401
13402
13403
13404
13405
13406
13407
13408
13409
13410
13411
13412
13413
13414
13415
13416
13417
13418
13419
13420
13421
13422
13423
13424
13425
13426
13427
13428
13429
13430
13431
13432
13433
13434
13435
13436
13437
13438
13439
13440
13441
13442
13443
13444
13445
13446
13447
13448
13449
13450
13451
13452
13453
13454
13455
13456
13457
13458
13459
13460
13461
13462
13463
13464
13465
13466
13467
13468
13469
13470
13471
13472
13473
13474
13475
13476
13477
13478
13479
13480
13481
13482
13483
13484
13485
13486
13487
13488
13489
13490
13491
13492
13493
13494
13495
13496
13497
13498
13499
13500
13501
13502
13503
13504
13505
13506
13507
144580
13508
144581
13509
144582
13510
144583
13511
144584
13512
144585
13513
144586
13514
144587
13515
144588
13516
144589
13517
144590
13518
144591
13519
144592
13520
144593
13521
144594
13522
144595
13523
144596
13524
144597
13525
144598
13526
144599
13527
144600
13528
144601
13529
144602
13530
144603
13531
144604
13532
144605
13533
144606
13534
144607
13535
144608
13536
144609
13537
144610
13538
144611
13539
144612
13540
144613
13541
144614
13542
144615
13543
144616
13544
144617
13545
144618
13546
144619
13547
144620
13548
144621
13549
144622
13550
144623
13551
144624
13552
144625
13553
144626
13554
144627
13555
144628
13556
144629
13557
144630
13558
144631
13559
144632
13560
144633
13561
144634
13562
144635
13563
144636
13564
144637
13565
144638
13566
144639
13567
144640
13568
144641
13569
144642
13570
144643
13571
144644
13572
144645
13573
144646
13574
144647
13575
144648
13576
144649
13577
144650
13578
144651
13579
144652
13580
144653
13581
144654
13582
144655
13583
144656
13584
144657
13585
144658
13586
144659
13587
144660
13588
144661
13589
144662
13590
144663
13591
144664
13592
144665
13593
144666
13594
144667
13595
144668
13596
144669
13597
144670
13598
144671
13599
144672
13600
144673
13601
144674
13602
144675
13603
144676
13604
144677
13605
144678
13606
144679
13607
144680
13608
144681
13609
144682
13610
144683
13611
144684
13612
144685
13613
144686
13614
144687
13615
144688
13616
144689
13617
144690
13618
144691
13619
144692
13620
144693
13621
144694
13622
144695
13623
144696
13624
144697
13625
144698
13626
144699
13627
144700
13628
144701
13629
144702
13630
144703
13631
144704
13632
144705
13633
144706
13634
144707
13635
144708
13636
144709
13637
144710
13638
144711
13639
144712
13640
144713
13641
144714
13642
144715
13643
144716
13644
144717
13645
144718
13646
144719
13647
144720
13648
144721
13649
144722
13650
144723
13651
144724
13652
144725
13653
144726
13654
144727
13655
144728
13656
144729
13657
144730
13658
144731
13659
144732
13660
144733
13661
144734
13662
144735
13663
144736
13664
144737
13665
144738
13666
144739
13667
144740
13668
144741
13669
144742
13670
144743
13671
144744
13672
144745
13673
144746
13674
144747
13675
144748
13676
144749
13677
144750
13678
144751
13679
144752
13680
144753
13681
144754
13682
144755
13683
144756
13684
144757
13685
144758
13686
144759
13687
144760
13688
144761
13689
144762
13690
144763
13691
144764
13692
144765
13693
144766
13694
144767
13695
144768
13696
144769
13697
144770
13698
144771
13699
144772
13700
144773
13701
144774
13702
144775
13703
144776
13704
144777
13705
144778
13706
144779
13707
144780
13708
144781
13709
144782
13710
144783
13711
144784
13712
144785
13713
144786
13714
144787
13715
144788
13716
144789
13717
144790
13718
144791
13719
144792
13720
144793
13721
144794
13722
144795
13723
144796
13724
144797
13725
144798
13726
144799
13727
144800
13728
144801
13729
144802
13730
144803
13731
144804
13732
144805
13733
144806
13734
144807
13735
144808
13736
144809
13737
144810
13738
144811
13739
144812
13740
144813
13741
144814
13742
144815
13743
144816
13744
144817
13745
144818
13746
144819
13747
144820
13748
144821
13749
144822
13750
144823
13751
144824
13752
144825
13753
144826
13754
144827
13755
144828
13756
144829
13757
144830
13758
144831
13759
144832
13760
144833
13761
144834
13762
144835
13763
144836
13764
144837
13765
144838
13766
144839
13767
144840
13768
144841
13769
144842
13770
144843
13771
144844
13772
144845
13773
144846
13774
144847
13775
144848
13776
144849
13777
144850
13778
144851
13779
144852
13780
144853
13781
144854
13782
144855
13783
144856
13784
144857
13785
144858
13786
144859
13787
144860
13788
144861
13789
144862
13790
144863
13791
144864
13792
144865
13793
144866
13794
144867
13795
144868
13796
144869
13797
144870
13798
144871
13799
144872
13800
144873
13801
144874
13802
144875
13803
144876
13804
144877
13805
144878
13806
144879
13807
144880
13808
144881
13809
13810
13811
13812
13813
13814
13815
13816
13817
13818
13819
13820
13821
13822
13823
13824
13825
13826
13827
13828
13829
13830
13831
13832
13833
13834
13835
13836
13837
13838
13839
13840
13841
13842
13843
13844
13845
13846
13847
13848
13849
13850
13851
13852
13853
13854
13855
13856
13857
13858
13859
13860
13861
13862
13863
13864
13865
13866
13867
13868
13869
13870
13871
13872
13873
13874
13875
13876
13877
13878
13879
13880
13881
13882
13883
13884
13885
13886
13887
13888
13889
13890
13891
13892
13893
13894
13895
13896
13897
13898
13899
13900
13901
13902
13903
13904
13905
13906
13907
13908
13909
13910
13911
13912
13913
13914
13915
13916
13917
13918
13919
13920
13921
13922
13923
13924
13925
13926
13927
13928
13929
13930
13931
13932
13933
13934
13935
13936
13937
13938
13939
13940
13941
13942
13943
13944
13945
13946
13947
13948
13949
13950
13951
13952
13953
13954
13955
13956
13957
13958
13959
13960
13961
13962
13963
13964
13965
13966
13967
13968
13969
13970
13971
13972
13973
13974
13975
13976
13977
13978
13979
13980
13981
13982
13983
13984
13985
13986
13987
13988
13989
13990
13991
13992
13993
13994
13995
13996
13997
13998
13999
14000
14001
14002
14003
14004
14005
14006
14007
14008
14009
14010
14011
14012
14013
14014
14015
14016
14017
14018
14019
14020
14021
14022
14023
14024
14025
14026
14027
14028
14029
14030
14031
14032
14033
14034
14035
14036
14037
14038
14039
14040
14041
14042
14043
14044
14045
14046
14047
14048
14049
14050
14051
14052
14053
14054
14055
14056
14057
14058
14059
14060
14061
14062
14063
14064
14065
14066
14067
14068
14069
14070
14071
14072
14073
14074
14075
14076
14077
14078
14079
14080
14081
14082
14083
14084
14085
14086
14087
14088
14089
14090
14091
14092
14093
14094
14095
14096
14097
14098
14099
14100
14101
14102
14103
14104
14105
14106
14107
14108
14109
14110
14111
14112
14113
14114
14115
14116
14117
14118
14119
14120
14121
14122
14123
14124
14125
14126
14127
14128
14129
14130
14131
14132
14133
14134
14135
14136
14137
14138
14139
14140
14141
14142
14143
14144
14145
14146
14147
14148
14149
14150
14151
14152
14153
14154
14155
14156
14157
14158
14159
14160
14161
14162
145235
14163
145236
14164
145237
14165
145238
14166
145239
14167
145240
14168
145241
14169
145242
14170
145243
14171
145244
14172
145245
14173
145246
14174
145247
14175
145248
14176
145249
14177
145250
14178
145251
14179
145252
14180
145253
14181
145254
14182
145255
14183
145256
14184
145257
14185
145258
14186
145259
14187
145260
14188
145261
14189
145262
14190
145263
14191
145264
14192
145265
14193
145266
14194
145267
14195
145268
14196
145269
14197
145270
14198
145271
14199
145272
14200
145273
14201
145274
14202
145275
14203
145276
14204
145277
14205
145278
14206
145279
14207
145280
14208
145281
14209
145282
14210
145283
14211
145284
14212
145285
14213
145286
14214
145287
14215
145288
14216
145289
14217
145290
14218
145291
14219
145292
14220
145293
14221
145294
14222
145295
14223
14224
14225
14226
14227
14228
14229
14230
14231
14232
14233
14234
14235
14236
14237
14238
14239
14240
14241
14242
14243
14244
14245
14246
14247
14248
14249
14250
14251
14252
14253
14254
14255
14256
14257
14258
14259
14260
14261
14262
14263
14264
14265
14266
14267
14268
14269
14270
14271
14272
14273
14274
14275
14276
14277
14278
14279
14280
14281
14282
14283
14284
14285
14286
14287
14288
14289
14290
14291
14292
14293
14294
14295
14296
14297
14298
14299
14300
14301
14302
14303
14304
14305
14306
14307
14308
14309
14310
14311
14312
14313
14314
14315
14316
14317
14318
14319
14320
14321
14322
145395
14323
145396
14324
145397
14325
145398
14326
145399
14327
145400
14328
145401
14329
145402
14330
145403
14331
145404
14332
145405
14333
145406
14334
145407
14335
145408
14336
145409
14337
145410
14338
145411
14339
145412
14340
145413
14341
145414
14342
145415
14343
145416
14344
145417
14345
145418
14346
145419
14347
145420
14348
145421
14349
145422
14350
145423
14351
145424
14352
145425
14353
145426
14354
145427
14355
145428
14356
145429
14357
145430
14358
145431
14359
145432
14360
145433
14361
145434
14362
145435
14363
145436
14364
145437
14365
145438
14366
145439
14367
145440
14368
145441
14369
145442
14370
145443
14371
145444
14372
145445
14373
145446
14374
145447
14375
145448
14376
145449
14377
145450
14378
145451
14379
145452
14380
145453
14381
145454
14382
145455
14383
145456
14384
145457
14385
145458
14386
145459
14387
145460
14388
145461
14389
145462
14390
145463
14391
145464
14392
145465
14393
145466
14394
145467
14395
145468
14396
145469
14397
145470
14398
145471
14399
145472
14400
145473
14401
145474
14402
145475
14403
145476
14404
145477
14405
145478
14406
145479
14407
145480
14408
145481
14409
145482
14410
145483
14411
145484
14412
145485
14413
14414
14415
14416
14417
14418
14419
14420
14421
14422
14423
14424
14425
14426
14427
14428
14429
14430
14431
14432
14433
14434
14435
14436
14437
14438
14439
14440
14441
14442
14443
14444
14445
14446
14447
14448
14449
14450
14451
14452
14453
14454
14455
14456
14457
14458
14459
14460
14461
14462
14463
14464
14465
14466
14467
14468
14469
14470
14471
14472
14473
14474
14475
14476
14477
14478
14479
14480
14481
14482
14483
14484
14485
14486
14487
14488
14489
14490
14491
14492
14493
14494
14495
14496
14497
14498
14499
14500
14501
14502
14503
14504
14505
14506
14507
14508
14509
14510
14511
14512
14513
14514
14515
14516
14517
14518
14519
14520
14521
14522
14523
14524
14525
14526
14527
14528
14529
14530
14531
14532
14533
14534
14535
14536
14537
14538
14539
14540
14541
14542
14543
14544
14545
14546
14547
14548
14549
14550
14551
14552
14553
14554
14555
14556
14557
14558
14559
14560
14561
14562
14563
14564
14565
14566
14567
14568
14569
14570
14571
14572
14573
14574
14575
14576
14577
14578
14579
14580
14581
14582
14583
14584
14585
14586
14587
14588
14589
14590
14591
14592
14593
14594
14595
14596
14597
14598
14599
14600
14601
14602
14603
14604
14605
14606
14607
14608
14609
14610
14611
14612
14613
14614
14615
14616
14617
14618
14619
14620
14621
14622
14623
14624
14625
14626
14627
14628
14629
14630
14631
14632
14633
14634
14635
14636
14637
14638
14639
14640
14641
14642
14643
14644
14645
14646
14647
14648
14649
14650
14651
14652
14653
14654
14655
14656
14657
14658
14659
14660
14661
14662
14663
14664
14665
14666
14667
14668
14669
14670
14671
14672
14673
14674
14675
14676
14677
14678
14679
14680
14681
14682
14683
14684
14685
14686
14687
14688
14689
14690
14691
14692
14693
14694
14695
14696
14697
14698
14699
14700
14701
14702
14703
14704
14705
14706
14707
14708
14709
14710
14711
14712
14713
14714
14715
14716
14717
14718
14719
14720
14721
14722
14723
14724
14725
14726
14727
14728
14729
14730
14731
14732
14733
14734
14735
14736
14737
14738
14739
14740
14741
14742
14743
14744
14745
14746
14747
14748
14749
14750
14751
14752
14753
14754
14755
14756
14757
14758
14759
14760
14761
14762
14763
14764
14765
14766
14767
14768
14769
14770
14771
14772
14773
14774
14775
14776
14777
14778
14779
14780
14781
14782
14783
14784
14785
14786
14787
14788
14789
14790
14791
14792
14793
14794
14795
14796
14797
14798
14799
14800
14801
14802
14803
14804
14805
14806
14807
14808
14809
14810
14811
14812
14813
14814
14815
14816
14817
14818
14819
14820
14821
14822
14823
14824
14825
14826
14827
14828
14829
14830
14831
14832
14833
14834
14835
14836
14837
14838
14839
14840
14841
14842
14843
14844
14845
14846
14847
14848
14849
14850
14851
14852
14853
14854
14855
14856
14857
14858
14859
14860
14861
14862
14863
14864
14865
14866
14867
14868
14869
14870
14871
14872
14873
14874
14875
14876
14877
14878
14879
14880
14881
14882
14883
14884
14885
14886
14887
14888
14889
14890
14891
14892
14893
14894
14895
14896
14897
14898
14899
14900
14901
14902
14903
14904
14905
14906
14907
14908
14909
14910
14911
14912
14913
14914
14915
14916
14917
14918
14919
14920
14921
14922
14923
14924
14925
14926
14927
14928
14929
14930
14931
14932
14933
14934
14935
14936
14937
14938
14939
14940
14941
14942
14943
14944
14945
14946
14947
14948
14949
14950
14951
14952
14953
14954
14955
14956
14957
14958
14959
14960
14961
14962
14963
14964
14965
14966
14967
14968
14969
14970
14971
14972
14973
14974
14975
14976
14977
14978
14979
14980
14981
14982
14983
14984
14985
14986
14987
14988
14989
14990
14991
14992
14993
14994
14995
14996
14997
14998
14999
15000
15001
15002
15003
15004
15005
15006
15007
15008
15009
15010
15011
15012
15013
15014
15015
15016
15017
15018
15019
15020
15021
15022
15023
15024
15025
15026
15027
15028
15029
15030
15031
15032
15033
15034
15035
15036
15037
15038
15039
15040
15041
15042
15043
15044
15045
15046
15047
15048
15049
15050
15051
15052
15053
15054
15055
15056
15057
15058
15059
15060
15061
15062
15063
15064
15065
15066
15067
15068
15069
15070
15071
15072
15073
15074
15075
15076
15077
15078
15079
15080
15081
15082
15083
15084
15085
15086
15087
15088
15089
15090
15091
15092
15093
15094
15095
15096
15097
15098
15099
15100
15101
15102
15103
15104
15105
15106
15107
15108
15109
15110
15111
15112
15113
15114
15115
15116
15117
15118
15119
15120
15121
15122
15123
15124
15125
15126
15127
15128
15129
15130
15131
15132
15133
15134
15135
15136
15137
15138
15139
15140
15141
15142
15143
15144
15145
15146
15147
15148
15149
15150
15151
15152
15153
15154
15155
15156
15157
15158
15159
15160
15161
15162
15163
15164
15165
15166
15167
15168
15169
15170
15171
15172
15173
15174
15175
15176
15177
15178
15179
15180
15181
15182
15183
15184
15185
15186
15187
15188
15189
15190
15191
15192
15193
15194
15195
15196
15197
15198
15199
15200
15201
15202
15203
15204
15205
15206
15207
15208
15209
15210
15211
15212
15213
15214
15215
15216
15217
15218
15219
15220
15221
15222
15223
15224
15225
15226
15227
15228
15229
15230
15231
15232
15233
15234
15235
15236
15237
15238
15239
15240
15241
15242
15243
15244
15245
15246
15247
15248
15249
15250
15251
15252
15253
15254
15255
15256
15257
15258
15259
15260
15261
15262
15263
15264
15265
15266
15267
15268
15269
15270
15271
15272
15273
15274
15275
15276
15277
15278
15279
15280
15281
15282
15283
15284
15285
15286
15287
15288
15289
15290
15291
15292
15293
15294
15295
15296
15297
15298
15299
15300
15301
15302
15303
15304
15305
15306
15307
15308
15309
15310
15311
15312
15313
15314
15315
15316
15317
15318
15319
15320
15321
15322
15323
15324
15325
15326
15327
15328
15329
15330
15331
15332
15333
15334
15335
15336
15337
15338
15339
15340
15341
15342
15343
15344
15345
15346
15347
15348
15349
15350
15351
15352
15353
15354
15355
15356
15357
15358
15359
15360
15361
15362
15363
15364
15365
15366
15367
15368
15369
15370
15371
15372
15373
15374
15375
15376
15377
15378
15379
15380
15381
15382
15383
15384
15385
15386
15387
15388
15389
15390
15391
15392
15393
15394
15395
15396
15397
15398
15399
15400
15401
15402
15403
15404
15405
15406
15407
15408
15409
15410
15411
15412
15413
15414
15415
15416
15417
15418
15419
15420
15421
15422
15423
15424
15425
15426
15427
15428
15429
15430
15431
15432
15433
15434
15435
15436
15437
15438
15439
15440
15441
15442
15443
15444
15445
15446
15447
15448
15449
15450
15451
15452
15453
15454
15455
15456
15457
15458
15459
15460
15461
15462
15463
15464
15465
15466
15467
15468
146541
15469
146542
15470
146543
15471
146544
15472
146545
15473
146546
15474
15475
15476
15477
15478
15479
15480
15481
15482
15483
15484
15485
15486
15487
15488
15489
15490
15491
15492
15493
15494
15495
15496
15497
15498
15499
15500
15501
15502
15503
15504
15505
15506
15507
15508
15509
15510
15511
15512
15513
15514
15515
15516
15517
15518
15519
15520
15521
15522
15523
15524
15525
15526
15527
15528
15529
15530
15531
15532
15533
15534
15535
15536
15537
15538
15539
15540
15541
15542
15543
15544
15545
15546
15547
15548
15549
15550
15551
15552
15553
15554
15555
15556
15557
15558
15559
15560
15561
15562
15563
15564
15565
15566
15567
15568
15569
15570
15571
15572
15573
15574
15575
15576
15577
15578
15579
15580
15581
15582
15583
15584
15585
15586
15587
15588
15589
15590
15591
15592
15593
15594
15595
15596
15597
15598
15599
15600
15601
15602
15603
15604
15605
15606
15607
15608
15609
15610
15611
15612
15613
15614
15615
15616
15617
15618
15619
15620
15621
15622
15623
15624
15625
15626
15627
15628
15629
15630
15631
15632
15633
15634
15635
15636
15637
15638
15639
15640
15641
15642
15643
15644
15645
15646
15647
15648
15649
15650
15651
15652
15653
15654
15655
15656
15657
15658
15659
15660
15661
15662
15663
15664
15665
15666
15667
15668
15669
15670
15671
15672
15673
15674
15675
15676
15677
15678
15679
15680
15681
15682
15683
15684
15685
15686
15687
15688
15689
15690
15691
15692
15693
15694
15695
15696
15697
15698
15699
15700
15701
15702
15703
15704
15705
15706
15707
15708
15709
15710
15711
15712
15713
15714
15715
15716
15717
15718
15719
15720
15721
15722
15723
15724
15725
15726
15727
15728
15729
15730
15731
15732
15733
15734
15735
15736
15737
15738
15739
15740
15741
15742
15743
15744
15745
15746
15747
15748
15749
15750
15751
15752
15753
15754
15755
15756
15757
15758
15759
15760
15761
15762
15763
15764
15765
15766
15767
15768
15769
15770
15771
15772
15773
15774
15775
15776
15777
15778
146851
15779
146852
15780
146853
15781
146854
15782
146855
15783
146856
15784
146857
15785
146858
15786
146859
15787
146860
15788
146861
15789
146862
15790
146863
15791
146864
15792
146865
15793
146866
15794
146867
15795
146868
15796
146869
15797
146870
15798
146871
15799
146872
15800
146873
15801
146874
15802
146875
15803
146876
15804
146877
15805
146878
15806
146879
15807
146880
15808
146881
15809
146882
15810
146883
15811
146884
15812
146885
15813
146886
15814
146887
15815
146888
15816
146889
15817
146890
15818
15819
146892
15820
146893
15821
146894
15822
146895
15823
146896
15824
146897
15825
146898
15826
146899
15827
146900
15828
146901
15829
146902
15830
146903
15831
146904
15832
146905
15833
146906
15834
146907
15835
146908
15836
146909
15837
146910
15838
146911
15839
146912
15840
146913
15841
146914
15842
146915
15843
146916
15844
146917
15845
146918
15846
146919
15847
146920
15848
146921
15849
146922
15850
146923
15851
146924
15852
146925
15853
146926
15854
146927
15855
146928
15856
146929
15857
146930
15858
146931
15859
146932
15860
146933
15861
146934
15862
146935
15863
146936
15864
146937
15865
146938
15866
146939
15867
146940
15868
146941
15869
146942
15870
146943
15871
146944
15872
146945
15873
146946
15874
146947
15875
146948
15876
146949
15877
146950
15878
146951
15879
146952
15880
146953
15881
146954
15882
146955
15883
146956
15884
146957
15885
146958
15886
146959
15887
146960
15888
146961
15889
146962
15890
146963
15891
146964
15892
146965
15893
146966
15894
146967
15895
146968
15896
146969
15897
146970
15898
146971
15899
146972
15900
146973
15901
146974
15902
146975
15903
146976
15904
146977
15905
146978
15906
146979
15907
146980
15908
146981
15909
146982
15910
146983
15911
146984
15912
146985
15913
146986
15914
146987
15915
146988
15916
146989
15917
146990
15918
146991
15919
146992
15920
146993
15921
146994
15922
146995
15923
146996
15924
146997
15925
146998
15926
146999
15927
147000
15928
147001
15929
147002
15930
147003
15931
147004
15932
147005
15933
147006
15934
147007
15935
147008
15936
147009
15937
147010
15938
147011
15939
147012
15940
147013
15941
147014
15942
147015
15943
147016
15944
147017
15945
147018
15946
147019
15947
147020
15948
147021
15949
147022
15950
147023
15951
147024
15952
147025
15953
147026
15954
147027
15955
147028
15956
147029
15957
147030
15958
147031
15959
147032
15960
147033
15961
147034
15962
147035
15963
147036
15964
147037
15965
147038
15966
147039
15967
147040
15968
147041
15969
147042
15970
147043
15971
147044
15972
147045
15973
147046
15974
147047
15975
147048
15976
147049
15977
147050
15978
147051
15979
147052
15980
147053
15981
147054
15982
147055
15983
147056
15984
147057
15985
147058
15986
147059
15987
147060
15988
147061
15989
147062
15990
147063
15991
147064
15992
147065
15993
147066
15994
147067
15995
147068
15996
147069
15997
147070
15998
147071
15999
147072
16000
147073
16001
147074
16002
147075
16003
147076
16004
147077
16005
147078
16006
147079
16007
147080
16008
147081
16009
147082
16010
147083
16011
147084
16012
147085
16013
147086
16014
147087
16015
147088
16016
147089
16017
147090
16018
147091
16019
147092
16020
147093
16021
147094
16022
147095
16023
147096
16024
147097
16025
147098
16026
147099
16027
147100
16028
147101
16029
147102
16030
147103
16031
147104
16032
147105
16033
147106
16034
147107
16035
147108
16036
147109
16037
147110
16038
147111
16039
147112
16040
147113
16041
147114
16042
147115
16043
147116
16044
147117
16045
147118
16046
147119
16047
147120
16048
147121
16049
147122
16050
147123
16051
147124
16052
147125
16053
147126
16054
147127
16055
147128
16056
147129
16057
147130
16058
147131
16059
147132
16060
147133
16061
147134
16062
147135
16063
147136
16064
147137
16065
147138
16066
147139
16067
147140
16068
16069
16070
16071
16072
16073
16074
16075
16076
16077
16078
16079
16080
16081
16082
16083
16084
16085
16086
16087
16088
16089
16090
16091
16092
16093
16094
16095
16096
16097
16098
16099
16100
16101
16102
16103
16104
16105
16106
16107
16108
16109
16110
16111
16112
16113
16114
16115
16116
16117
16118
16119
16120
16121
16122
16123
16124
16125
16126
16127
16128
16129
16130
16131
16132
16133
16134
16135
16136
16137
16138
16139
16140
16141
16142
16143
16144
16145
16146
16147
16148
16149
16150
16151
16152
16153
16154
16155
16156
16157
16158
16159
16160
16161
16162
16163
16164
16165
16166
16167
16168
16169
16170
16171
16172
16173
16174
16175
16176
16177
16178
16179
16180
16181
16182
16183
16184
16185
16186
16187
16188
16189
16190
16191
16192
16193
16194
16195
16196
16197
16198
16199
16200
16201
16202
16203
16204
16205
16206
16207
16208
16209
16210
16211
16212
16213
16214
16215
16216
16217
16218
16219
16220
16221
16222
16223
16224
16225
16226
16227
16228
16229
16230
16231
16232
16233
16234
16235
16236
16237
16238
16239
16240
16241
16242
16243
16244
16245
16246
16247
16248
16249
16250
16251
16252
16253
16254
16255
16256
16257
16258
16259
16260
16261
16262
16263
16264
16265
16266
16267
16268
16269
16270
16271
16272
16273
16274
16275
16276
16277
16278
16279
16280
16281
16282
16283
16284
16285
16286
16287
16288
16289
16290
16291
16292
16293
16294
16295
16296
16297
16298
16299
16300
16301
16302
16303
16304
16305
16306
16307
16308
16309
16310
16311
16312
16313
16314
16315
16316
16317
16318
16319
16320
16321
16322
16323
16324
16325
16326
16327
16328
16329
16330
16331
16332
16333
16334
16335
16336
16337
16338
16339
16340
16341
16342
16343
16344
16345
16346
147419
16347
147420
16348
147421
16349
147422
16350
147423
16351
147424
16352
147425
16353
147426
16354
147427
16355
147428
16356
147429
16357
147430
16358
147431
16359
147432
16360
147433
16361
147434
16362
147435
16363
147436
16364
147437
16365
147438
16366
147439
16367
147440
16368
147441
16369
147442
16370
147443
16371
147444
16372
147445
16373
147446
16374
147447
16375
147448
16376
147449
16377
147450
16378
147451
16379
147452
16380
147453
16381
147454
16382
147455
16383
147456
16384
147457
16385
147458
16386
147459
16387
147460
16388
147461
16389
147462
16390
147463
16391
147464
16392
147465
16393
147466
16394
147467
16395
147468
16396
147469
16397
147470
16398
147471
16399
147472
16400
147473
16401
147474
16402
147475
16403
147476
16404
147477
16405
147478
16406
147479
16407
147480
16408
147481
16409
147482
16410
147483
16411
147484
16412
147485
16413
147486
16414
147487
16415
147488
16416
147489
16417
147490
16418
147491
16419
147492
16420
147493
16421
147494
16422
147495
16423
147496
16424
147497
16425
147498
16426
147499
16427
147500
16428
147501
16429
147502
16430
147503
16431
147504
16432
147505
16433
147506
16434
147507
16435
147508
16436
147509
16437
147510
16438
147511
16439
147512
16440
147513
16441
147514
16442
147515
16443
147516
16444
147517
16445
147518
16446
147519
16447
147520
16448
147521
16449
147522
16450
147523
16451
147524
16452
147525
16453
147526
16454
147527
16455
147528
16456
147529
16457
147530
16458
147531
16459
147532
16460
147533
16461
147534
16462
147535
16463
147536
16464
147537
16465
147538
16466
147539
16467
147540
16468
147541
16469
147542
16470
147543
16471
147544
16472
147545
16473
147546
16474
147547
16475
147548
16476
147549
16477
147550
16478
147551
16479
147552
16480
147553
16481
147554
16482
147555
16483
147556
16484
147557
16485
147558
16486
147559
16487
147560
16488
147561
16489
147562
16490
147563
16491
147564
16492
147565
16493
147566
16494
147567
16495
147568
16496
147569
16497
147570
16498
147571
16499
147572
16500
147573
16501
147574
16502
147575
16503
147576
16504
147577
16505
147578
16506
147579
16507
147580
16508
147581
16509
147582
16510
147583
16511
147584
16512
147585
16513
147586
16514
147587
16515
147588
16516
147589
16517
147590
16518
147591
16519
147592
16520
147593
16521
147594
16522
147595
16523
147596
16524
147597
16525
147598
16526
147599
16527
147600
16528
147601
16529
147602
16530
147603
16531
147604
16532
147605
16533
147606
16534
147607
16535
147608
16536
147609
16537
147610
16538
147611
16539
147612
16540
147613
16541
147614
16542
147615
16543
147616
16544
147617
16545
147618
16546
147619
16547
147620
16548
147621
16549
147622
16550
147623
16551
147624
16552
147625
16553
147626
16554
147627
16555
147628
16556
147629
16557
147630
16558
147631
16559
147632
16560
147633
16561
147634
16562
147635
16563
147636
16564
147637
16565
147638
16566
147639
16567
147640
16568
147641
16569
147642
16570
147643
16571
147644
16572
147645
16573
147646
16574
147647
16575
147648
16576
147649
16577
147650
16578
147651
16579
147652
16580
147653
16581
147654
16582
147655
16583
147656
16584
147657
16585
147658
16586
147659
16587
147660
16588
147661
16589
147662
16590
147663
16591
147664
16592
147665
16593
147666
16594
147667
16595
147668
16596
147669
16597
147670
16598
147671
16599
147672
16600
147673
16601
147674
16602
147675
16603
147676
16604
147677
16605
147678
16606
147679
16607
147680
16608
147681
16609
147682
16610
147683
16611
147684
16612
147685
16613
147686
16614
147687
16615
147688
16616
147689
16617
147690
16618
147691
16619
147692
16620
147693
16621
147694
16622
147695
16623
147696
16624
147697
16625
147698
16626
147699
16627
147700
16628
147701
16629
147702
16630
147703
16631
147704
16632
147705
16633
147706
16634
147707
16635
147708
16636
147709
16637
147710
16638
147711
16639
147712
16640
147713
16641
147714
16642
147715
16643
147716
16644
147717
16645
147718
16646
147719
16647
147720
16648
147721
16649
147722
16650
147723
16651
147724
16652
147725
16653
147726
16654
147727
16655
147728
16656
147729
16657
147730
16658
16659
16660
16661
16662
16663
16664
16665
16666
16667
16668
16669
16670
16671
16672
16673
16674
16675
16676
16677
16678
16679
16680
16681
16682
16683
16684
16685
16686
16687
16688
16689
16690
16691
16692
16693
16694
16695
16696
16697
16698
16699
16700
16701
16702
16703
16704
16705
16706
16707
16708
16709
16710
16711
16712
16713
16714
16715
16716
16717
16718
16719
16720
16721
16722
16723
16724
16725
16726
16727
16728
16729
16730
16731
16732
16733
16734
16735
16736
16737
16738
16739
16740
16741
16742
16743
16744
16745
16746
16747
16748
16749
16750
16751
16752
16753
16754
16755
16756
16757
16758
16759
16760
16761
16762
16763
16764
16765
16766
16767
16768
16769
16770
16771
16772
16773
16774
16775
16776
16777
16778
16779
16780
16781
16782
16783
16784
16785
16786
16787
16788
16789
16790
16791
16792
16793
16794
16795
16796
16797
16798
16799
16800
16801
16802
16803
16804
16805
16806
16807
16808
16809
16810
16811
16812
16813
16814
16815
16816
16817
16818
16819
16820
16821
16822
16823
16824
16825
16826
16827
16828
16829
16830
16831
16832
16833
16834
16835
16836
16837
16838
16839
16840
16841
16842
16843
16844
16845
16846
16847
16848
16849
16850
16851
16852
16853
16854
16855
16856
16857
16858
16859
16860
16861
16862
16863
16864
16865
16866
16867
16868
16869
16870
16871
16872
16873
16874
16875
16876
16877
16878
16879
16880
16881
16882
16883
16884
16885
16886
16887
16888
16889
16890
16891
16892
16893
16894
16895
16896
16897
16898
16899
16900
16901
16902
16903
16904
16905
16906
16907
16908
16909
16910
16911
16912
16913
16914
16915
16916
16917
16918
16919
16920
16921
16922
16923
16924
16925
16926
16927
16928
16929
16930
16931
16932
16933
16934
16935
16936
16937
16938
16939
16940
16941
16942
16943
16944
16945
16946
16947
16948
16949
16950
16951
16952
16953
16954
16955
16956
16957
16958
16959
16960
16961
16962
16963
16964
16965
16966
16967
16968
16969
16970
16971
16972
16973
16974
16975
16976
16977
16978
16979
16980
16981
16982
16983
16984
16985
16986
16987
16988
16989
16990
16991
16992
16993
16994
16995
16996
16997
16998
16999
17000
17001
17002
17003
17004
17005
17006
17007
17008
17009
17010
17011
17012
17013
17014
17015
17016
17017
17018
17019
148092
17020
148093
17021
148094
17022
148095
17023
148096
17024
148097
17025
148098
17026
148099
17027
148100
17028
148101
17029
148102
17030
148103
17031
148104
17032
148105
17033
148106
17034
148107
17035
148108
17036
148109
17037
148110
17038
148111
17039
148112
17040
148113
17041
148114
17042
148115
17043
148116
17044
148117
17045
148118
17046
148119
17047
148120
17048
148121
17049
148122
17050
148123
17051
148124
17052
148125
17053
148126
17054
148127
17055
148128
17056
148129
17057
148130
17058
148131
17059
148132
17060
148133
17061
148134
17062
148135
17063
148136
17064
148137
17065
148138
17066
148139
17067
148140
17068
148141
17069
148142
17070
148143
17071
148144
17072
148145
17073
148146
17074
148147
17075
148148
17076
148149
17077
148150
17078
148151
17079
148152
17080
17081
17082
17083
17084
17085
17086
17087
17088
17089
17090
17091
17092
17093
17094
17095
17096
17097
17098
17099
17100
17101
17102
17103
17104
17105
17106
17107
17108
17109
17110
17111
17112
17113
17114
17115
17116
17117
17118
17119
17120
17121
17122
17123
17124
17125
17126
17127
17128
17129
17130
17131
17132
17133
17134
17135
17136
17137
17138
17139
17140
17141
17142
17143
17144
17145
17146
17147
17148
17149
17150
17151
17152
17153
17154
17155
17156
17157
17158
17159
17160
17161
17162
17163
17164
17165
17166
17167
17168
17169
17170
17171
148244
17172
148245
17173
148246
17174
148247
17175
148248
17176
148249
17177
148250
17178
148251
17179
148252
17180
148253
17181
148254
17182
148255
17183
148256
17184
148257
17185
148258
17186
148259
17187
148260
17188
148261
17189
148262
17190
148263
17191
148264
17192
148265
17193
148266
17194
148267
17195
148268
17196
148269
17197
148270
17198
148271
17199
148272
17200
148273
17201
148274
17202
148275
17203
148276
17204
148277
17205
148278
17206
148279
17207
148280
17208
148281
17209
148282
17210
148283
17211
148284
17212
148285
17213
148286
17214
148287
17215
148288
17216
148289
17217
148290
17218
148291
17219
148292
17220
148293
17221
148294
17222
148295
17223
148296
17224
148297
17225
148298
17226
148299
17227
148300
17228
148301
17229
148302
17230
148303
17231
148304
17232
148305
17233
148306
17234
148307
17235
148308
17236
148309
17237
148310
17238
148311
17239
148312
17240
148313
17241
148314
17242
148315
17243
148316
17244
148317
17245
148318
17246
148319
17247
148320
17248
148321
17249
148322
17250
148323
17251
148324
17252
148325
17253
148326
17254
148327
17255
148328
17256
148329
17257
148330
17258
148331
17259
148332
17260
148333
17261
148334
17262
148335
17263
148336
17264
148337
17265
17266
17267
17268
17269
17270
17271
17272
17273
17274
17275
17276
17277
17278
17279
17280
17281
17282
17283
17284
17285
17286
17287
17288
17289
17290
17291
17292
17293
17294
17295
17296
17297
17298
17299
17300
17301
17302
17303
17304
17305
17306
17307
17308
17309
17310
17311
17312
17313
17314
17315
17316
17317
17318
17319
17320
17321
17322
17323
17324
17325
17326
17327
17328
17329
17330
17331
17332
17333
17334
17335
17336
17337
17338
17339
17340
17341
17342
17343
17344
17345
17346
17347
17348
17349
17350
17351
17352
17353
17354
17355
17356
17357
17358
17359
17360
17361
17362
17363
17364
17365
17366
17367
17368
17369
17370
17371
17372
17373
17374
17375
17376
17377
17378
17379
17380
17381
17382
17383
17384
17385
17386
17387
17388
17389
17390
17391
17392
17393
17394
17395
17396
17397
17398
17399
17400
17401
17402
17403
17404
17405
17406
17407
17408
17409
17410
17411
17412
17413
17414
17415
17416
17417
17418
17419
17420
17421
17422
17423
17424
17425
17426
17427
17428
17429
17430
17431
17432
17433
17434
17435
17436
17437
17438
17439
17440
17441
17442
17443
17444
17445
17446
17447
17448
17449
17450
17451
17452
17453
17454
17455
17456
17457
17458
17459
17460
17461
17462
17463
17464
17465
17466
17467
17468
17469
17470
17471
17472
17473
17474
17475
17476
17477
17478
17479
17480
17481
17482
17483
17484
17485
17486
17487
17488
17489
17490
17491
17492
17493
17494
17495
17496
17497
17498
17499
17500
17501
17502
17503
17504
17505
17506
17507
17508
17509
17510
17511
17512
17513
17514
17515
17516
17517
17518
17519
17520
17521
17522
17523
17524
17525
17526
17527
17528
17529
17530
17531
17532
17533
17534
17535
17536
17537
17538
17539
17540
17541
17542
17543
17544
17545
17546
17547
17548
17549
17550
17551
17552
17553
17554
17555
17556
17557
17558
17559
17560
17561
17562
17563
17564
17565
17566
17567
17568
17569
17570
17571
17572
17573
17574
17575
17576
17577
17578
17579
17580
17581
17582
17583
17584
17585
17586
17587
17588
17589
17590
17591
17592
17593
17594
17595
17596
17597
17598
17599
17600
17601
17602
17603
17604
17605
17606
17607
17608
17609
17610
17611
17612
17613
17614
17615
17616
17617
17618
17619
17620
17621
17622
17623
17624
17625
17626
17627
17628
17629
17630
17631
17632
17633
17634
17635
17636
17637
17638
17639
17640
17641
17642
17643
17644
17645
17646
17647
17648
17649
17650
17651
17652
17653
17654
17655
17656
17657
17658
17659
17660
17661
17662
17663
17664
17665
17666
17667
17668
17669
17670
17671
17672
17673
17674
17675
17676
17677
17678
17679
17680
17681
17682
17683
17684
17685
17686
17687
17688
17689
17690
17691
17692
17693
17694
17695
17696
17697
17698
17699
17700
17701
17702
17703
17704
17705
17706
17707
17708
17709
17710
17711
17712
17713
17714
17715
17716
17717
17718
17719
17720
17721
17722
17723
17724
17725
17726
17727
17728
17729
17730
17731
17732
17733
17734
17735
17736
17737
17738
17739
17740
17741
17742
17743
17744
17745
17746
17747
17748
17749
17750
17751
17752
17753
17754
17755
17756
17757
17758
17759
17760
17761
17762
17763
17764
17765
17766
17767
17768
17769
17770
17771
17772
17773
17774
17775
17776
17777
17778
17779
17780
17781
17782
17783
17784
17785
17786
17787
17788
17789
17790
17791
17792
17793
17794
17795
17796
17797
17798
17799
17800
17801
17802
17803
17804
17805
17806
17807
17808
17809
17810
17811
17812
17813
17814
17815
17816
17817
17818
17819
17820
17821
17822
17823
17824
17825
17826
17827
17828
17829
17830
17831
17832
17833
17834
17835
17836
17837
17838
17839
17840
17841
17842
17843
17844
17845
17846
17847
17848
17849
17850
17851
17852
17853
17854
17855
17856
17857
17858
17859
17860
17861
17862
17863
17864
17865
17866
17867
17868
17869
17870
17871
17872
17873
17874
17875
17876
17877
17878
17879
17880
17881
17882
17883
17884
17885
17886
17887
17888
17889
17890
17891
17892
17893
17894
17895
17896
17897
17898
17899
17900
17901
17902
17903
17904
17905
17906
17907
17908
17909
17910
17911
17912
17913
17914
17915
17916
17917
17918
17919
17920
17921
17922
17923
17924
17925
17926
17927
17928
17929
17930
17931
17932
17933
17934
17935
17936
17937
17938
17939
17940
17941
17942
17943
17944
17945
17946
17947
17948
17949
17950
17951
17952
17953
17954
17955
17956
17957
17958
17959
17960
17961
17962
17963
17964
17965
17966
17967
17968
17969
17970
17971
17972
17973
17974
17975
17976
17977
17978
17979
17980
17981
17982
17983
17984
17985
17986
17987
17988
17989
17990
17991
17992
17993
17994
17995
17996
17997
17998
17999
18000
18001
18002
18003
18004
18005
18006
18007
18008
18009
18010
18011
18012
18013
18014
18015
18016
18017
18018
18019
18020
18021
18022
18023
18024
18025
18026
18027
18028
18029
18030
18031
18032
18033
18034
18035
18036
18037
18038
18039
18040
18041
18042
18043
18044
18045
18046
18047
18048
18049
18050
18051
18052
18053
18054
18055
18056
18057
18058
18059
18060
18061
18062
18063
18064
18065
18066
18067
18068
18069
18070
18071
18072
18073
18074
18075
18076
18077
18078
18079
18080
18081
18082
18083
18084
18085
18086
18087
18088
18089
18090
18091
18092
18093
18094
18095
18096
18097
18098
18099
18100
18101
18102
18103
18104
18105
18106
18107
18108
18109
18110
18111
18112
18113
18114
18115
18116
18117
18118
18119
18120
18121
18122
18123
18124
18125
18126
18127
18128
18129
18130
18131
18132
18133
18134
18135
18136
18137
18138
18139
18140
18141
18142
18143
18144
18145
18146
18147
18148
18149
18150
18151
18152
18153
18154
18155
18156
18157
18158
18159
18160
18161
18162
18163
18164
18165
18166
18167
18168
18169
18170
18171
18172
18173
18174
18175
18176
18177
18178
18179
18180
18181
18182
18183
18184
18185
18186
18187
18188
18189
18190
18191
18192
18193
18194
18195
18196
18197
18198
18199
18200
18201
18202
18203
18204
18205
18206
18207
18208
18209
18210
18211
18212
18213
18214
18215
18216
18217
18218
18219
18220
18221
18222
18223
18224
18225
18226
18227
18228
18229
18230
18231
18232
18233
18234
18235
18236
18237
18238
18239
18240
18241
18242
18243
18244
18245
18246
18247
18248
18249
18250
18251
18252
18253
18254
18255
18256
18257
18258
18259
18260
18261
18262
18263
18264
18265
18266
18267
18268
18269
18270
18271
18272
18273
18274
18275
18276
18277
18278
18279
18280
18281
18282
18283
18284
18285
18286
18287
18288
18289
18290
18291
18292
18293
18294
18295
18296
18297
18298
18299
18300
18301
18302
18303
18304
18305
18306
149379
18307
149380
18308
149381
18309
149382
18310
149383
18311
149384
18312
18313
18314
18315
18316
18317
18318
18319
18320
18321
18322
18323
18324
18325
18326
18327
18328
18329
18330
18331
18332
18333
18334
18335
18336
18337
18338
18339
18340
18341
18342
18343
18344
18345
18346
18347
18348
18349
18350
18351
18352
18353
18354
18355
18356
18357
18358
18359
18360
18361
18362
18363
18364
18365
18366
18367
18368
18369
18370
18371
18372
18373
18374
18375
18376
18377
18378
18379
18380
18381
18382
18383
18384
18385
18386
18387
18388
18389
18390
18391
18392
18393
18394
18395
18396
18397
18398
18399
18400
18401
18402
18403
18404
18405
18406
18407
18408
18409
18410
18411
18412
18413
18414
18415
18416
18417
18418
18419
18420
18421
18422
18423
18424
18425
18426
18427
18428
18429
18430
18431
18432
18433
18434
18435
18436
18437
18438
18439
18440
18441
18442
18443
18444
18445
18446
18447
18448
18449
18450
18451
18452
18453
18454
18455
18456
18457
18458
18459
18460
18461
18462
18463
18464
18465
18466
18467
18468
18469
18470
18471
18472
18473
18474
18475
18476
18477
18478
18479
18480
18481
18482
18483
18484
18485
18486
18487
18488
18489
18490
18491
18492
18493
18494
18495
18496
18497
18498
18499
18500
18501
18502
18503
18504
18505
18506
18507
18508
18509
18510
18511
18512
18513
18514
18515
18516
18517
18518
18519
18520
18521
18522
18523
18524
18525
18526
18527
18528
18529
18530
18531
18532
18533
18534
18535
18536
18537
18538
18539
18540
18541
18542
18543
18544
18545
18546
18547
18548
18549
18550
18551
18552
18553
18554
18555
18556
18557
18558
18559
18560
18561
18562
18563
18564
18565
18566
18567
18568
18569
18570
18571
18572
18573
18574
18575
18576
18577
18578
18579
18580
18581
18582
18583
18584
18585
18586
18587
18588
18589
18590
18591
18592
18593
18594
18595
18596
18597
18598
18599
18600
18601
18602
18603
18604
18605
18606
18607
18608
18609
18610
18611
18612
18613
18614
18615
18616
18617
18618
18619
18620
18621
18622
149695
18623
149696
18624
149697
18625
149698
18626
149699
18627
149700
18628
149701
18629
149702
18630
149703
18631
149704
18632
149705
18633
149706
18634
149707
18635
149708
18636
149709
18637
149710
18638
149711
18639
149712
18640
149713
18641
149714
18642
149715
18643
149716
18644
149717
18645
149718
18646
149719
18647
149720
18648
149721
18649
149722
18650
149723
18651
149724
18652
149725
18653
149726
18654
149727
18655
149728
18656
149729
18657
149730
18658
149731
18659
149732
18660
149733
18661
149734
18662
149735
18663
149736
18664
149737
18665
149738
18666
149739
18667
149740
18668
149741
18669
149742
18670
149743
18671
149744
18672
149745
18673
149746
18674
149747
18675
149748
18676
149749
18677
149750
18678
149751
18679
149752
18680
149753
18681
149754
18682
149755
18683
149756
18684
149757
18685
149758
18686
149759
18687
149760
18688
149761
18689
149762
18690
149763
18691
149764
18692
149765
18693
149766
18694
149767
18695
149768
18696
149769
18697
149770
18698
149771
18699
149772
18700
149773
18701
149774
18702
149775
18703
149776
18704
149777
18705
149778
18706
149779
18707
149780
18708
149781
18709
149782
18710
149783
18711
149784
18712
149785
18713
149786
18714
149787
18715
149788
18716
149789
18717
149790
18718
149791
18719
149792
18720
149793
18721
149794
18722
149795
18723
149796
18724
149797
18725
149798
18726
149799
18727
149800
18728
149801
18729
149802
18730
149803
18731
149804
18732
149805
18733
149806
18734
149807
18735
149808
18736
149809
18737
149810
18738
149811
18739
149812
18740
149813
18741
149814
18742
149815
18743
149816
18744
149817
18745
149818
18746
149819
18747
149820
18748
149821
18749
149822
18750
149823
18751
149824
18752
149825
18753
149826
18754
149827
18755
149828
18756
149829
18757
149830
18758
149831
18759
149832
18760
149833
18761
149834
18762
149835
18763
149836
18764
149837
18765
149838
18766
149839
18767
149840
18768
149841
18769
149842
18770
149843
18771
149844
18772
149845
18773
149846
18774
149847
18775
149848
18776
149849
18777
149850
18778
149851
18779
149852
18780
149853
18781
149854
18782
149855
18783
149856
18784
149857
18785
149858
18786
149859
18787
149860
18788
149861
18789
149862
18790
149863
18791
149864
18792
149865
18793
149866
18794
149867
18795
149868
18796
149869
18797
149870
18798
149871
18799
149872
18800
149873
18801
149874
18802
149875
18803
149876
18804
149877
18805
149878
18806
149879
18807
149880
18808
149881
18809
149882
18810
149883
18811
149884
18812
149885
18813
149886
18814
149887
18815
149888
18816
149889
18817
149890
18818
149891
18819
149892
18820
149893
18821
149894
18822
149895
18823
149896
18824
149897
18825
149898
18826
149899
18827
149900
18828
149901
18829
149902
18830
149903
18831
149904
18832
149905
18833
149906
18834
149907
18835
149908
18836
149909
18837
149910
18838
149911
18839
149912
18840
149913
18841
149914
18842
149915
18843
149916
18844
149917
18845
149918
18846
149919
18847
149920
18848
149921
18849
149922
18850
149923
18851
149924
18852
149925
18853
149926
18854
149927
18855
149928
18856
149929
18857
149930
18858
149931
18859
149932
18860
149933
18861
149934
18862
149935
18863
149936
18864
149937
18865
149938
18866
149939
18867
149940
18868
149941
18869
149942
18870
149943
18871
149944
18872
149945
18873
149946
18874
149947
18875
149948
18876
149949
18877
149950
18878
149951
18879
149952
18880
149953
18881
149954
18882
149955
18883
149956
18884
149957
18885
149958
18886
149959
18887
149960
18888
149961
18889
149962
18890
149963
18891
149964
18892
149965
18893
149966
18894
149967
18895
149968
18896
149969
18897
149970
18898
149971
18899
149972
18900
149973
18901
149974
18902
149975
18903
149976
18904
149977
18905
149978
18906
149979
18907
149980
18908
149981
18909
149982
18910
149983
18911
149984
18912
18913
18914
18915
18916
18917
18918
18919
18920
18921
18922
18923
18924
18925
18926
18927
18928
18929
18930
18931
18932
18933
18934
18935
18936
18937
18938
18939
18940
18941
18942
18943
18944
18945
18946
18947
18948
18949
18950
18951
18952
18953
18954
18955
18956
18957
18958
18959
18960
18961
18962
18963
18964
18965
18966
18967
18968
18969
18970
18971
18972
18973
18974
18975
18976
18977
18978
18979
18980
18981
18982
18983
18984
18985
18986
18987
18988
18989
18990
18991
18992
18993
18994
18995
18996
18997
18998
18999
19000
19001
19002
19003
19004
19005
19006
19007
19008
19009
19010
19011
19012
19013
19014
19015
19016
19017
19018
19019
19020
19021
19022
19023
19024
19025
19026
19027
19028
19029
19030
19031
19032
19033
19034
19035
19036
19037
19038
19039
19040
19041
19042
19043
19044
19045
19046
19047
19048
19049
19050
19051
19052
19053
19054
19055
19056
19057
19058
19059
19060
19061
19062
19063
19064
19065
19066
19067
19068
19069
19070
19071
19072
19073
19074
19075
19076
19077
19078
19079
19080
19081
19082
19083
19084
19085
19086
19087
19088
19089
19090
19091
19092
19093
19094
19095
19096
19097
19098
19099
19100
19101
19102
19103
19104
19105
19106
19107
19108
19109
19110
19111
19112
19113
19114
19115
19116
19117
19118
19119
19120
19121
19122
19123
19124
19125
19126
19127
19128
19129
19130
19131
19132
19133
19134
19135
19136
19137
19138
19139
19140
19141
19142
19143
19144
19145
19146
19147
19148
19149
19150
19151
19152
19153
150226
19154
150227
19155
150228
19156
150229
19157
150230
19158
150231
19159
150232
19160
150233
19161
150234
19162
150235
19163
150236
19164
150237
19165
150238
19166
150239
19167
150240
19168
150241
19169
150242
19170
150243
19171
150244
19172
150245
19173
150246
19174
150247
19175
150248
19176
150249
19177
150250
19178
150251
19179
150252
19180
150253
19181
150254
19182
150255
19183
150256
19184
150257
19185
150258
19186
150259
19187
150260
19188
150261
19189
150262
19190
150263
19191
150264
19192
150265
19193
150266
19194
150267
19195
150268
19196
150269
19197
150270
19198
150271
19199
150272
19200
150273
19201
150274
19202
150275
19203
150276
19204
150277
19205
150278
19206
150279
19207
150280
19208
150281
19209
150282
19210
150283
19211
150284
19212
150285
19213
150286
19214
150287
19215
150288
19216
150289
19217
150290
19218
150291
19219
150292
19220
150293
19221
150294
19222
150295
19223
150296
19224
150297
19225
150298
19226
150299
19227
150300
19228
150301
19229
150302
19230
150303
19231
150304
19232
150305
19233
150306
19234
150307
19235
150308
19236
150309
19237
150310
19238
150311
19239
150312
19240
150313
19241
150314
19242
150315
19243
150316
19244
150317
19245
150318
19246
150319
19247
150320
19248
150321
19249
150322
19250
150323
19251
150324
19252
150325
19253
150326
19254
150327
19255
150328
19256
150329
19257
150330
19258
150331
19259
150332
19260
150333
19261
150334
19262
150335
19263
150336
19264
150337
19265
150338
19266
150339
19267
150340
19268
150341
19269
150342
19270
150343
19271
150344
19272
150345
19273
150346
19274
150347
19275
150348
19276
150349
19277
150350
19278
150351
19279
150352
19280
150353
19281
150354
19282
150355
19283
150356
19284
150357
19285
150358
19286
150359
19287
150360
19288
150361
19289
150362
19290
150363
19291
150364
19292
150365
19293
150366
19294
150367
19295
150368
19296
150369
19297
150370
19298
150371
19299
150372
19300
150373
19301
150374
19302
150375
19303
150376
19304
150377
19305
150378
19306
150379
19307
150380
19308
150381
19309
150382
19310
150383
19311
150384
19312
150385
19313
150386
19314
150387
19315
150388
19316
150389
19317
150390
19318
150391
19319
150392
19320
150393
19321
150394
19322
150395
19323
150396
19324
150397
19325
150398
19326
150399
19327
150400
19328
150401
19329
150402
19330
150403
19331
150404
19332
150405
19333
150406
19334
150407
19335
150408
19336
150409
19337
150410
19338
150411
19339
150412
19340
150413
19341
150414
19342
150415
19343
150416
19344
150417
19345
150418
19346
150419
19347
150420
19348
150421
19349
150422
19350
150423
19351
150424
19352
150425
19353
150426
19354
150427
19355
150428
19356
150429
19357
150430
19358
150431
19359
150432
19360
150433
19361
150434
19362
150435
19363
150436
19364
150437
19365
150438
19366
150439
19367
150440
19368
150441
19369
150442
19370
150443
19371
150444
19372
150445
19373
150446
19374
150447
19375
150448
19376
150449
19377
150450
19378
150451
19379
150452
19380
150453
19381
150454
19382
150455
19383
150456
19384
150457
19385
150458
19386
150459
19387
150460
19388
150461
19389
150462
19390
150463
19391
150464
19392
150465
19393
150466
19394
150467
19395
150468
19396
150469
19397
150470
19398
150471
19399
150472
19400
150473
19401
150474
19402
150475
19403
150476
19404
150477
19405
150478
19406
150479
19407
150480
19408
150481
19409
150482
19410
150483
19411
150484
19412
150485
19413
150486
19414
150487
19415
150488
19416
150489
19417
150490
19418
150491
19419
150492
19420
150493
19421
150494
19422
150495
19423
150496
19424
150497
19425
150498
19426
150499
19427
150500
19428
150501
19429
150502
19430
150503
19431
150504
19432
150505
19433
150506
19434
150507
19435
150508
19436
150509
19437
150510
19438
150511
19439
150512
19440
150513
19441
150514
19442
150515
19443
150516
19444
150517
19445
150518
19446
150519
19447
150520
19448
150521
19449
150522
19450
150523
19451
150524
19452
150525
19453
150526
19454
150527
19455
150528
19456
150529
19457
150530
19458
150531
19459
150532
19460
150533
19461
150534
19462
150535
19463
150536
19464
150537
19465
150538
19466
150539
19467
19468
19469
19470
19471
19472
19473
19474
19475
19476
19477
19478
19479
19480
19481
19482
19483
19484
19485
19486
19487
19488
19489
19490
19491
19492
19493
19494
19495
19496
19497
19498
19499
19500
19501
19502
19503
19504
19505
19506
19507
19508
19509
19510
19511
19512
19513
19514
19515
19516
19517
19518
19519
19520
19521
19522
19523
19524
19525
19526
19527
19528
19529
19530
19531
19532
19533
19534
19535
19536
19537
19538
19539
19540
19541
19542
19543
19544
19545
19546
19547
19548
19549
19550
19551
19552
19553
19554
19555
19556
19557
19558
19559
19560
19561
19562
19563
19564
19565
19566
19567
19568
19569
19570
19571
19572
19573
19574
19575
19576
19577
19578
19579
19580
19581
19582
19583
19584
19585
19586
19587
19588
19589
19590
19591
19592
19593
19594
19595
19596
19597
19598
19599
19600
19601
19602
19603
19604
19605
19606
19607
19608
19609
19610
19611
19612
19613
19614
19615
19616
19617
19618
19619
19620
19621
19622
19623
19624
19625
19626
19627
19628
19629
19630
19631
19632
19633
19634
19635
19636
19637
19638
19639
19640
19641
19642
19643
19644
19645
19646
19647
19648
19649
19650
19651
19652
19653
19654
19655
19656
19657
19658
19659
19660
19661
19662
19663
19664
19665
19666
19667
19668
19669
19670
19671
19672
19673
19674
19675
19676
19677
19678
19679
19680
19681
19682
19683
19684
19685
19686
19687
19688
19689
19690
19691
19692
19693
19694
19695
19696
19697
19698
19699
19700
19701
19702
19703
19704
19705
19706
19707
19708
19709
19710
19711
19712
19713
19714
19715
19716
19717
19718
19719
19720
19721
19722
19723
19724
19725
19726
19727
19728
19729
19730
19731
19732
19733
19734
19735
19736
19737
19738
19739
19740
19741
19742
19743
19744
19745
19746
19747
19748
19749
19750
19751
19752
19753
19754
19755
19756
19757
19758
19759
19760
19761
19762
19763
19764
19765
19766
19767
19768
19769
19770
19771
19772
19773
19774
19775
19776
19777
19778
19779
19780
19781
19782
19783
19784
19785
19786
19787
19788
19789
19790
19791
19792
19793
19794
19795
19796
19797
19798
19799
19800
19801
19802
19803
19804
19805
19806
19807
19808
19809
19810
19811
19812
19813
19814
19815
19816
19817
19818
19819
150892
19820
150893
19821
150894
19822
150895
19823
150896
19824
150897
19825
150898
19826
150899
19827
150900
19828
150901
19829
150902
19830
150903
19831
150904
19832
150905
19833
150906
19834
150907
19835
150908
19836
150909
19837
150910
19838
150911
19839
150912
19840
150913
19841
150914
19842
150915
19843
150916
19844
150917
19845
150918
19846
150919
19847
150920
19848
150921
19849
150922
19850
150923
19851
150924
19852
150925
19853
150926
19854
150927
19855
150928
19856
150929
19857
150930
19858
150931
19859
150932
19860
150933
19861
150934
19862
150935
19863
150936
19864
150937
19865
150938
19866
150939
19867
150940
19868
150941
19869
150942
19870
150943
19871
150944
19872
150945
19873
150946
19874
150947
19875
150948
19876
150949
19877
150950
19878
19879
19880
19881
19882
19883
19884
19885
19886
19887
19888
19889
19890
19891
19892
19893
19894
19895
19896
19897
19898
19899
19900
19901
19902
19903
19904
19905
19906
19907
19908
19909
19910
19911
19912
19913
19914
19915
19916
19917
19918
19919
19920
19921
19922
19923
19924
19925
19926
19927
19928
19929
19930
19931
19932
19933
19934
19935
19936
19937
19938
19939
19940
19941
19942
19943
19944
19945
19946
19947
19948
19949
19950
19951
19952
19953
151026
19954
151027
19955
151028
19956
151029
19957
151030
19958
151031
19959
151032
19960
151033
19961
151034
19962
151035
19963
151036
19964
151037
19965
151038
19966
151039
19967
151040
19968
151041
19969
151042
19970
151043
19971
151044
19972
151045
19973
151046
19974
151047
19975
151048
19976
151049
19977
151050
19978
151051
19979
151052
19980
151053
19981
151054
19982
151055
19983
151056
19984
151057
19985
151058
19986
151059
19987
151060
19988
151061
19989
151062
19990
151063
19991
151064
19992
151065
19993
151066
19994
151067
19995
151068
19996
151069
19997
151070
19998
151071
19999
151072
20000
151073
20001
151074
20002
151075
20003
151076
20004
151077
20005
151078
20006
151079
20007
151080
20008
151081
20009
151082
20010
151083
20011
151084
20012
151085
20013
151086
20014
151087
20015
151088
20016
151089
20017
151090
20018
151091
20019
151092
20020
151093
20021
151094
20022
151095
20023
151096
20024
151097
20025
151098
20026
151099
20027
151100
20028
151101
20029
151102
20030
151103
20031
151104
20032
151105
20033
151106
20034
151107
20035
151108
20036
151109
20037
151110
20038
151111
20039
151112
20040
151113
20041
151114
20042
151115
20043
151116
20044
151117
20045
151118
20046
151119
20047
151120
20048
151121
20049
151122
20050
20051
20052
20053
20054
20055
20056
20057
20058
20059
20060
20061
20062
20063
20064
20065
20066
20067
20068
20069
20070
20071
20072
20073
20074
20075
20076
20077
20078
20079
20080
20081
20082
20083
20084
20085
20086
20087
20088
20089
20090
20091
20092
20093
20094
20095
20096
20097
20098
20099
20100
20101
20102
20103
20104
20105
20106
20107
20108
20109
20110
20111
20112
20113
20114
20115
20116
20117
20118
20119
20120
20121
20122
20123
20124
20125
20126
20127
20128
20129
20130
20131
20132
20133
20134
20135
20136
20137
20138
20139
20140
20141
20142
20143
20144
20145
20146
20147
20148
20149
20150
20151
20152
20153
20154
20155
20156
20157
20158
20159
20160
20161
20162
20163
20164
20165
20166
20167
20168
20169
20170
20171
20172
20173
20174
20175
20176
20177
20178
20179
20180
20181
20182
20183
20184
20185
20186
20187
20188
20189
20190
20191
20192
20193
20194
20195
20196
20197
20198
20199
20200
20201
20202
20203
20204
20205
20206
20207
20208
20209
20210
20211
20212
20213
20214
20215
20216
20217
20218
20219
20220
20221
20222
20223
20224
20225
20226
20227
20228
20229
20230
20231
20232
20233
20234
20235
20236
20237
20238
20239
20240
20241
20242
20243
20244
20245
20246
20247
20248
20249
20250
20251
20252
20253
20254
20255
20256
20257
20258
20259
20260
20261
20262
20263
20264
20265
20266
20267
20268
20269
20270
20271
20272
20273
20274
20275
20276
20277
20278
20279
20280
20281
20282
20283
20284
20285
20286
20287
20288
20289
20290
20291
20292
20293
20294
20295
20296
20297
20298
20299
20300
20301
20302
20303
20304
20305
20306
20307
20308
20309
20310
20311
20312
20313
20314
20315
20316
20317
20318
20319
20320
20321
20322
20323
20324
20325
20326
20327
20328
20329
20330
20331
20332
20333
20334
20335
20336
20337
20338
20339
20340
20341
20342
20343
20344
20345
20346
20347
20348
20349
20350
20351
20352
20353
20354
20355
20356
20357
20358
20359
20360
20361
20362
20363
20364
20365
20366
20367
20368
20369
20370
20371
20372
20373
20374
20375
20376
20377
20378
20379
20380
20381
20382
20383
20384
20385
20386
20387
20388
20389
20390
20391
20392
20393
20394
20395
20396
20397
20398
20399
20400
20401
20402
20403
20404
20405
20406
20407
20408
20409
20410
20411
20412
20413
20414
20415
20416
20417
20418
20419
20420
20421
20422
20423
20424
20425
20426
20427
20428
20429
20430
20431
20432
20433
20434
20435
20436
20437
20438
20439
20440
20441
20442
20443
20444
20445
20446
20447
20448
20449
20450
20451
20452
20453
20454
20455
20456
20457
20458
20459
20460
20461
20462
20463
20464
20465
20466
20467
20468
20469
20470
20471
20472
20473
20474
20475
20476
20477
20478
20479
20480
20481
20482
20483
20484
20485
20486
20487
20488
20489
20490
20491
20492
20493
20494
20495
20496
20497
20498
20499
20500
20501
20502
20503
20504
20505
20506
20507
20508
20509
20510
20511
20512
20513
20514
20515
20516
20517
20518
20519
20520
20521
20522
20523
20524
20525
20526
20527
20528
20529
20530
20531
20532
20533
20534
20535
20536
20537
20538
20539
20540
20541
20542
20543
20544
20545
20546
20547
20548
20549
20550
20551
20552
20553
20554
20555
20556
20557
20558
20559
20560
20561
20562
20563
20564
20565
20566
20567
20568
20569
20570
20571
20572
20573
20574
20575
20576
20577
20578
20579
20580
20581
20582
20583
20584
20585
20586
20587
20588
20589
20590
20591
20592
20593
20594
20595
20596
20597
20598
20599
20600
20601
20602
20603
20604
20605
20606
20607
20608
20609
20610
20611
20612
20613
20614
20615
20616
20617
20618
20619
20620
20621
20622
20623
20624
20625
20626
20627
20628
20629
20630
20631
20632
20633
20634
20635
20636
20637
20638
20639
20640
20641
20642
20643
20644
20645
20646
20647
20648
20649
20650
20651
20652
20653
20654
20655
20656
20657
20658
20659
20660
20661
20662
20663
20664
20665
20666
20667
20668
20669
20670
20671
20672
20673
20674
20675
20676
20677
20678
20679
20680
20681
20682
20683
20684
20685
20686
20687
20688
20689
20690
20691
20692
20693
20694
20695
20696
20697
20698
20699
20700
20701
20702
20703
20704
20705
20706
20707
20708
20709
20710
20711
20712
20713
20714
20715
20716
20717
20718
20719
20720
20721
20722
20723
20724
20725
20726
20727
20728
20729
20730
20731
20732
20733
20734
20735
20736
20737
20738
20739
20740
20741
20742
20743
20744
20745
20746
20747
20748
20749
20750
20751
20752
20753
20754
20755
20756
20757
20758
20759
20760
20761
20762
20763
20764
20765
20766
20767
20768
20769
20770
20771
20772
20773
20774
20775
20776
20777
20778
20779
20780
20781
20782
20783
20784
20785
20786
20787
20788
20789
20790
20791
20792
20793
20794
20795
20796
20797
20798
20799
20800
20801
20802
20803
20804
20805
20806
20807
20808
20809
20810
20811
20812
20813
20814
20815
20816
20817
20818
20819
20820
20821
20822
20823
20824
20825
20826
20827
20828
20829
20830
20831
20832
20833
20834
20835
20836
20837
20838
20839
20840
20841
20842
20843
20844
20845
20846
20847
20848
20849
20850
20851
20852
20853
20854
20855
20856
20857
20858
20859
20860
20861
20862
20863
20864
20865
20866
20867
20868
20869
20870
20871
20872
20873
20874
20875
20876
20877
20878
20879
20880
20881
20882
20883
20884
20885
20886
20887
20888
20889
20890
20891
20892
20893
20894
20895
20896
20897
20898
20899
20900
20901
20902
20903
20904
20905
20906
20907
20908
20909
20910
20911
20912
20913
20914
20915
20916
20917
20918
20919
20920
20921
20922
20923
20924
20925
20926
20927
20928
20929
20930
20931
20932
20933
20934
20935
20936
20937
20938
20939
20940
20941
20942
20943
20944
20945
20946
20947
20948
20949
20950
20951
20952
20953
20954
20955
20956
20957
20958
20959
20960
20961
20962
20963
20964
20965
20966
20967
20968
20969
20970
20971
20972
20973
20974
20975
20976
20977
20978
20979
20980
20981
20982
20983
20984
20985
20986
20987
20988
20989
20990
20991
20992
20993
20994
20995
20996
20997
20998
20999
21000
21001
21002
21003
21004
21005
21006
21007
21008
21009
21010
21011
21012
21013
21014
21015
21016
21017
21018
21019
21020
21021
21022
21023
21024
21025
21026
21027
21028
21029
21030
21031
21032
21033
21034
21035
21036
21037
21038
21039
21040
21041
21042
21043
21044
21045
21046
21047
21048
21049
21050
21051
21052
21053
21054
21055
21056
21057
21058
21059
21060
152133
21061
152134
21062
152135
21063
152136
21064
152137
21065
152138
21066
21067
21068
21069
21070
21071
21072
21073
21074
21075
21076
21077
21078
21079
21080
21081
21082
21083
21084
21085
21086
21087
21088
21089
21090
21091
21092
21093
21094
21095
21096
21097
21098
21099
21100
21101
21102
21103
21104
21105
21106
21107
21108
21109
21110
21111
21112
21113
21114
21115
21116
21117
21118
21119
21120
21121
21122
21123
21124
21125
21126
21127
21128
21129
21130
21131
21132
21133
21134
21135
21136
21137
21138
21139
21140
21141
21142
21143
21144
21145
21146
21147
21148
21149
21150
21151
21152
21153
21154
21155
21156
21157
21158
21159
21160
21161
21162
21163
21164
21165
21166
21167
21168
21169
21170
21171
21172
21173
21174
21175
21176
21177
21178
21179
21180
21181
21182
21183
21184
21185
21186
21187
21188
21189
21190
21191
21192
21193
21194
21195
21196
21197
21198
21199
21200
21201
21202
21203
21204
21205
21206
21207
21208
21209
21210
21211
21212
21213
21214
21215
21216
21217
21218
21219
21220
21221
21222
21223
21224
21225
21226
21227
21228
21229
21230
21231
21232
21233
21234
21235
21236
21237
21238
21239
21240
21241
21242
21243
21244
21245
21246
21247
21248
21249
21250
21251
21252
21253
21254
21255
21256
21257
21258
21259
21260
21261
21262
21263
21264
21265
21266
21267
21268
21269
21270
21271
21272
21273
21274
21275
21276
21277
21278
21279
21280
21281
21282
21283
21284
21285
21286
21287
21288
21289
21290
21291
21292
21293
21294
21295
21296
21297
21298
21299
21300
21301
21302
21303
21304
21305
21306
21307
21308
21309
21310
21311
21312
21313
21314
21315
21316
21317
21318
21319
21320
21321
21322
21323
21324
21325
21326
21327
21328
21329
21330
21331
21332
21333
21334
21335
21336
21337
21338
21339
21340
21341
21342
21343
21344
21345
21346
21347
21348
21349
21350
21351
21352
21353
21354
21355
21356
21357
21358
21359
21360
21361
21362
21363
21364
21365
21366
21367
21368
21369
21370
21371
152444
21372
152445
21373
152446
21374
152447
21375
152448
21376
152449
21377
152450
21378
152451
21379
152452
21380
152453
21381
152454
21382
152455
21383
152456
21384
152457
21385
152458
21386
152459
21387
152460
21388
152461
21389
152462
21390
152463
21391
152464
21392
152465
21393
152466
21394
152467
21395
152468
21396
152469
21397
152470
21398
152471
21399
152472
21400
152473
21401
152474
21402
152475
21403
152476
21404
152477
21405
152478
21406
152479
21407
152480
21408
152481
21409
152482
21410
152483
21411
152484
21412
152485
21413
152486
21414
152487
21415
152488
21416
152489
21417
152490
21418
152491
21419
152492
21420
152493
21421
152494
21422
152495
21423
152496
21424
152497
21425
152498
21426
152499
21427
152500
21428
152501
21429
152502
21430
152503
21431
152504
21432
152505
21433
152506
21434
152507
21435
152508
21436
152509
21437
152510
21438
152511
21439
152512
21440
152513
21441
152514
21442
152515
21443
152516
21444
152517
21445
152518
21446
152519
21447
152520
21448
152521
21449
152522
21450
152523
21451
152524
21452
152525
21453
152526
21454
152527
21455
152528
21456
152529
21457
152530
21458
152531
21459
152532
21460
152533
21461
152534
21462
152535
21463
152536
21464
152537
21465
152538
21466
152539
21467
152540
21468
152541
21469
152542
21470
152543
21471
152544
21472
152545
21473
152546
21474
152547
21475
152548
21476
152549
21477
152550
21478
152551
21479
152552
21480
152553
21481
152554
21482
152555
21483
152556
21484
152557
21485
152558
21486
152559
21487
152560
21488
152561
21489
152562
21490
152563
21491
152564
21492
152565
21493
152566
21494
152567
21495
152568
21496
152569
21497
152570
21498
152571
21499
152572
21500
152573
21501
152574
21502
152575
21503
152576
21504
152577
21505
152578
21506
152579
21507
152580
21508
152581
21509
152582
21510
152583
21511
152584
21512
152585
21513
152586
21514
152587
21515
152588
21516
152589
21517
152590
21518
152591
21519
152592
21520
152593
21521
152594
21522
152595
21523
152596
21524
152597
21525
152598
21526
152599
21527
152600
21528
152601
21529
152602
21530
152603
21531
152604
21532
152605
21533
152606
21534
152607
21535
152608
21536
152609
21537
152610
21538
152611
21539
152612
21540
152613
21541
152614
21542
152615
21543
152616
21544
152617
21545
152618
21546
152619
21547
152620
21548
152621
21549
152622
21550
152623
21551
152624
21552
152625
21553
152626
21554
152627
21555
152628
21556
152629
21557
152630
21558
152631
21559
152632
21560
152633
21561
152634
21562
152635
21563
152636
21564
152637
21565
152638
21566
152639
21567
152640
21568
152641
21569
152642
21570
152643
21571
152644
21572
152645
21573
152646
21574
152647
21575
152648
21576
152649
21577
152650
21578
152651
21579
152652
21580
152653
21581
152654
21582
152655
21583
152656
21584
152657
21585
152658
21586
152659
21587
152660
21588
152661
21589
152662
21590
152663
21591
152664
21592
152665
21593
152666
21594
152667
21595
152668
21596
152669
21597
152670
21598
152671
21599
152672
21600
152673
21601
152674
21602
152675
21603
152676
21604
152677
21605
152678
21606
152679
21607
152680
21608
152681
21609
152682
21610
152683
21611
152684
21612
152685
21613
152686
21614
152687
21615
152688
21616
152689
21617
152690
21618
152691
21619
152692
21620
152693
21621
152694
21622
152695
21623
152696
21624
152697
21625
152698
21626
152699
21627
152700
21628
152701
21629
152702
21630
152703
21631
152704
21632
152705
21633
152706
21634
152707
21635
152708
21636
152709
21637
152710
21638
152711
21639
152712
21640
152713
21641
152714
21642
152715
21643
152716
21644
152717
21645
152718
21646
21647
21648
21649
21650
21651
21652
21653
21654
21655
21656
21657
21658
21659
21660
21661
21662
21663
21664
21665
21666
21667
21668
21669
21670
21671
21672
21673
21674
21675
21676
21677
21678
21679
21680
21681
21682
21683
21684
21685
21686
21687
21688
21689
21690
21691
21692
21693
21694
21695
21696
21697
21698
21699
21700
21701
21702
21703
21704
21705
21706
21707
21708
21709
21710
21711
21712
21713
21714
21715
21716
21717
21718
21719
21720
21721
21722
21723
21724
21725
21726
21727
21728
21729
21730
21731
21732
21733
21734
21735
21736
21737
21738
21739
21740
21741
21742
21743
21744
21745
21746
21747
21748
21749
21750
21751
21752
21753
21754
21755
21756
21757
21758
21759
21760
21761
21762
21763
21764
21765
21766
21767
21768
21769
21770
21771
21772
21773
21774
21775
21776
21777
21778
21779
21780
21781
21782
21783
21784
21785
21786
21787
21788
21789
21790
21791
21792
21793
21794
21795
21796
21797
21798
21799
21800
21801
21802
21803
21804
21805
21806
21807
21808
21809
21810
21811
21812
21813
21814
21815
21816
21817
21818
21819
21820
21821
21822
21823
21824
21825
21826
21827
21828
21829
21830
21831
21832
21833
21834
21835
21836
21837
21838
21839
21840
21841
21842
21843
21844
21845
21846
21847
21848
21849
21850
21851
21852
21853
21854
21855
21856
21857
21858
21859
21860
21861
21862
21863
21864
21865
152938
21866
152939
21867
152940
21868
152941
21869
152942
21870
152943
21871
152944
21872
152945
21873
152946
21874
152947
21875
152948
21876
152949
21877
152950
21878
152951
21879
152952
21880
152953
21881
152954
21882
152955
21883
152956
21884
152957
21885
152958
21886
152959
21887
152960
21888
152961
21889
152962
21890
152963
21891
152964
21892
152965
21893
152966
21894
152967
21895
152968
21896
152969
21897
152970
21898
152971
21899
152972
21900
152973
21901
152974
21902
152975
21903
152976
21904
152977
21905
152978
21906
152979
21907
152980
21908
152981
21909
152982
21910
152983
21911
152984
21912
152985
21913
152986
21914
152987
21915
152988
21916
152989
21917
152990
21918
152991
21919
152992
21920
152993
21921
152994
21922
152995
21923
152996
21924
152997
21925
152998
21926
152999
21927
153000
21928
153001
21929
153002
21930
153003
21931
153004
21932
153005
21933
153006
21934
153007
21935
153008
21936
153009
21937
153010
21938
153011
21939
153012
21940
153013
21941
153014
21942
153015
21943
153016
21944
153017
21945
153018
21946
153019
21947
153020
21948
153021
21949
153022
21950
153023
21951
153024
21952
153025
21953
153026
21954
153027
21955
153028
21956
153029
21957
153030
21958
153031
21959
153032
21960
153033
21961
153034
21962
153035
21963
153036
21964
153037
21965
153038
21966
153039
21967
153040
21968
153041
21969
153042
21970
153043
21971
153044
21972
153045
21973
153046
21974
153047
21975
153048
21976
153049
21977
153050
21978
153051
21979
153052
21980
153053
21981
153054
21982
153055
21983
153056
21984
153057
21985
153058
21986
153059
21987
153060
21988
153061
21989
153062
21990
153063
21991
153064
21992
153065
21993
153066
21994
153067
21995
153068
21996
153069
21997
153070
21998
153071
21999
153072
22000
153073
22001
153074
22002
153075
22003
153076
22004
153077
22005
153078
22006
153079
22007
153080
22008
153081
22009
153082
22010
153083
22011
153084
22012
153085
22013
153086
22014
153087
22015
153088
22016
153089
22017
153090
22018
153091
22019
153092
22020
153093
22021
153094
22022
153095
22023
153096
22024
153097
22025
153098
22026
153099
22027
153100
22028
153101
22029
153102
22030
153103
22031
153104
22032
153105
22033
153106
22034
153107
22035
153108
22036
153109
22037
153110
22038
153111
22039
153112
22040
153113
22041
153114
22042
153115
22043
153116
22044
153117
22045
153118
22046
153119
22047
153120
22048
153121
22049
153122
22050
153123
22051
153124
22052
153125
22053
153126
22054
153127
22055
153128
22056
153129
22057
153130
22058
153131
22059
153132
22060
153133
22061
153134
22062
153135
22063
153136
22064
153137
22065
153138
22066
153139
22067
153140
22068
153141
22069
153142
22070
153143
22071
153144
22072
153145
22073
153146
22074
153147
22075
153148
22076
153149
22077
153150
22078
153151
22079
153152
22080
153153
22081
153154
22082
153155
22083
153156
22084
153157
22085
153158
22086
153159
22087
153160
22088
153161
22089
153162
22090
153163
22091
153164
22092
153165
22093
153166
22094
153167
22095
153168
22096
153169
22097
153170
22098
153171
22099
153172
22100
153173
22101
153174
22102
153175
22103
153176
22104
153177
22105
153178
22106
153179
22107
153180
22108
153181
22109
153182
22110
153183
22111
153184
22112
153185
22113
153186
22114
153187
22115
153188
22116
153189
22117
153190
22118
153191
22119
153192
22120
153193
22121
153194
22122
153195
22123
153196
22124
153197
22125
153198
22126
153199
22127
153200
22128
153201
22129
153202
22130
153203
22131
153204
22132
153205
22133
153206
22134
153207
22135
153208
22136
153209
22137
153210
22138
153211
22139
153212
22140
153213
22141
153214
22142
153215
22143
153216
22144
153217
22145
153218
22146
153219
22147
153220
22148
153221
22149
153222
22150
153223
22151
153224
22152
153225
22153
153226
22154
153227
22155
153228
22156
153229
22157
153230
22158
153231
22159
153232
22160
153233
22161
153234
22162
153235
22163
153236
22164
153237
22165
153238
22166
153239
22167
153240
22168
153241
22169
153242
22170
153243
22171
153244
22172
153245
22173
153246
22174
153247
22175
153248
22176
153249
22177
153250
22178
153251
22179
153252
22180
153253
22181
153254
22182
153255
22183
153256
22184
153257
22185
153258
22186
153259
22187
153260
22188
22189
22190
22191
22192
22193
22194
22195
22196
22197
22198
22199
22200
22201
22202
22203
22204
22205
22206
22207
22208
22209
22210
22211
22212
22213
22214
22215
22216
22217
22218
22219
22220
22221
22222
22223
22224
22225
22226
22227
22228
22229
22230
22231
22232
22233
22234
22235
22236
22237
22238
22239
22240
22241
22242
22243
22244
22245
22246
22247
22248
22249
22250
22251
22252
22253
22254
22255
22256
22257
22258
22259
22260
22261
22262
22263
22264
22265
22266
22267
22268
22269
22270
22271
22272
22273
22274
22275
22276
22277
22278
22279
22280
22281
22282
22283
22284
22285
22286
22287
22288
22289
22290
22291
22292
22293
22294
22295
22296
22297
22298
22299
22300
22301
22302
22303
22304
22305
22306
22307
22308
22309
22310
22311
22312
22313
22314
22315
22316
22317
22318
22319
22320
22321
22322
22323
22324
22325
22326
22327
22328
22329
22330
22331
22332
22333
22334
22335
22336
22337
22338
22339
22340
22341
22342
22343
22344
22345
22346
22347
22348
22349
22350
22351
22352
22353
22354
22355
22356
22357
22358
22359
22360
22361
22362
22363
22364
22365
22366
22367
22368
22369
22370
22371
22372
22373
22374
22375
22376
22377
22378
22379
22380
22381
22382
22383
22384
22385
22386
22387
22388
22389
22390
22391
22392
22393
22394
22395
22396
22397
22398
22399
22400
22401
22402
22403
22404
22405
22406
22407
22408
22409
22410
22411
22412
22413
22414
22415
22416
22417
22418
22419
22420
22421
22422
22423
22424
22425
22426
22427
22428
22429
22430
22431
22432
22433
22434
22435
22436
22437
22438
22439
22440
22441
22442
22443
22444
22445
22446
22447
22448
22449
22450
22451
22452
22453
22454
22455
22456
22457
22458
22459
22460
22461
22462
22463
22464
22465
22466
22467
22468
22469
22470
22471
22472
22473
22474
22475
22476
22477
22478
22479
22480
22481
22482
22483
22484
22485
22486
22487
22488
22489
22490
22491
22492
22493
22494
22495
22496
22497
22498
22499
22500
22501
22502
22503
22504
22505
22506
22507
22508
22509
22510
22511
22512
22513
22514
22515
22516
22517
22518
22519
22520
22521
22522
22523
22524
22525
22526
22527
22528
22529
22530
22531
22532
22533
22534
22535
153608
22536
153609
22537
153610
22538
153611
22539
153612
22540
153613
22541
153614
22542
153615
22543
153616
22544
153617
22545
153618
22546
153619
22547
153620
22548
153621
22549
153622
22550
153623
22551
153624
22552
153625
22553
153626
22554
153627
22555
153628
22556
153629
22557
153630
22558
153631
22559
153632
22560
153633
22561
153634
22562
153635
22563
153636
22564
153637
22565
153638
22566
153639
22567
153640
22568
153641
22569
153642
22570
153643
22571
153644
22572
153645
22573
153646
22574
153647
22575
153648
22576
153649
22577
153650
22578
153651
22579
153652
22580
153653
22581
153654
22582
153655
22583
153656
22584
153657
22585
153658
22586
153659
22587
153660
22588
153661
22589
153662
22590
153663
22591
22592
22593
22594
22595
22596
22597
22598
22599
22600
22601
22602
22603
22604
22605
22606
22607
22608
22609
22610
22611
22612
22613
22614
22615
22616
22617
22618
22619
22620
22621
22622
22623
22624
22625
22626
22627
22628
22629
22630
22631
22632
22633
22634
22635
22636
22637
22638
22639
22640
22641
22642
22643
22644
22645
22646
22647
22648
22649
22650
22651
22652
22653
22654
22655
22656
22657
153730
22658
153731
22659
153732
22660
153733
22661
153734
22662
153735
22663
153736
22664
153737
22665
153738
22666
153739
22667
153740
22668
153741
22669
153742
22670
153743
22671
153744
22672
153745
22673
153746
22674
153747
22675
153748
22676
153749
22677
153750
22678
153751
22679
153752
22680
153753
22681
153754
22682
153755
22683
153756
22684
153757
22685
153758
22686
153759
22687
153760
22688
153761
22689
153762
22690
153763
22691
153764
22692
153765
22693
153766
22694
153767
22695
153768
22696
153769
22697
153770
22698
153771
22699
153772
22700
153773
22701
153774
22702
153775
22703
153776
22704
153777
22705
153778
22706
153779
22707
153780
22708
153781
22709
153782
22710
153783
22711
153784
22712
153785
22713
153786
22714
153787
22715
153788
22716
153789
22717
153790
22718
153791
22719
153792
22720
153793
22721
153794
22722
153795
22723
153796
22724
153797
22725
153798
22726
153799
22727
153800
22728
153801
22729
153802
22730
153803
22731
153804
22732
153805
22733
153806
22734
153807
22735
153808
22736
153809
22737
153810
22738
153811
22739
153812
22740
153813
22741
153814
22742
153815
22743
153816
22744
153817
22745
153818
22746
153819
22747
153820
22748
153821
22749
153822
22750
153823
22751
153824
22752
153825
22753
153826
22754
153827
22755
153828
22756
153829
22757
153830
22758
22759
22760
22761
22762
22763
22764
22765
22766
22767
22768
22769
22770
22771
22772
22773
22774
22775
22776
22777
22778
22779
22780
22781
22782
22783
22784
22785
22786
22787
22788
22789
22790
22791
22792
22793
22794
22795
22796
22797
22798
22799
22800
22801
22802
22803
22804
22805
22806
22807
22808
22809
22810
22811
22812
22813
22814
22815
22816
22817
22818
22819
22820
22821
22822
22823
22824
22825
22826
22827
22828
22829
22830
22831
22832
22833
22834
22835
22836
22837
22838
22839
22840
22841
22842
22843
22844
22845
22846
22847
22848
22849
22850
22851
22852
22853
22854
22855
22856
22857
22858
22859
22860
22861
22862
22863
22864
22865
22866
22867
22868
22869
22870
22871
22872
22873
22874
22875
22876
22877
22878
22879
22880
22881
22882
22883
22884
22885
22886
22887
22888
22889
22890
22891
22892
22893
22894
22895
22896
22897
22898
22899
22900
22901
22902
22903
22904
22905
22906
22907
22908
22909
22910
22911
22912
22913
22914
22915
22916
22917
22918
22919
22920
22921
22922
22923
22924
22925
22926
22927
22928
22929
22930
22931
22932
22933
22934
22935
22936
22937
22938
22939
22940
22941
22942
22943
22944
22945
22946
22947
22948
22949
22950
22951
22952
22953
22954
22955
22956
22957
22958
22959
22960
22961
22962
22963
22964
22965
22966
22967
22968
22969
22970
22971
22972
22973
22974
22975
22976
22977
22978
22979
22980
22981
22982
22983
22984
22985
22986
22987
22988
22989
22990
22991
22992
22993
22994
22995
22996
22997
22998
22999
23000
23001
23002
23003
23004
23005
23006
23007
23008
23009
23010
23011
23012
23013
23014
23015
23016
23017
23018
23019
23020
23021
23022
23023
23024
23025
23026
23027
23028
23029
23030
23031
23032
23033
23034
23035
23036
23037
23038
23039
23040
23041
23042
23043
23044
23045
23046
23047
23048
23049
23050
23051
23052
23053
23054
23055
23056
23057
23058
23059
23060
23061
23062
23063
23064
23065
23066
23067
23068
23069
23070
23071
23072
23073
23074
23075
23076
23077
23078
23079
23080
23081
23082
23083
23084
23085
23086
23087
23088
23089
23090
23091
23092
23093
23094
23095
23096
23097
23098
23099
23100
23101
23102
23103
23104
23105
23106
23107
23108
23109
23110
23111
23112
23113
23114
23115
23116
23117
23118
23119
23120
23121
23122
23123
23124
23125
23126
23127
23128
23129
23130
23131
23132
23133
23134
23135
23136
23137
23138
23139
23140
23141
23142
23143
23144
23145
23146
23147
23148
23149
23150
23151
23152
23153
23154
23155
23156
23157
23158
23159
23160
23161
23162
23163
23164
23165
23166
23167
23168
23169
23170
23171
23172
23173
23174
23175
23176
23177
23178
23179
23180
23181
23182
23183
23184
23185
23186
23187
23188
23189
23190
23191
23192
23193
23194
23195
23196
23197
23198
23199
23200
23201
23202
23203
23204
23205
23206
23207
23208
23209
23210
23211
23212
23213
23214
23215
23216
23217
23218
23219
23220
23221
23222
23223
23224
23225
23226
23227
23228
23229
23230
23231
23232
23233
23234
23235
23236
23237
23238
23239
23240
23241
23242
23243
23244
23245
23246
23247
23248
23249
23250
23251
23252
23253
23254
23255
23256
23257
23258
23259
23260
23261
23262
23263
23264
23265
23266
23267
23268
23269
23270
23271
23272
23273
23274
23275
23276
23277
23278
23279
23280
23281
23282
23283
23284
23285
23286
23287
23288
23289
23290
23291
23292
23293
23294
23295
23296
23297
23298
23299
23300
23301
23302
23303
23304
23305
23306
23307
23308
23309
23310
23311
23312
23313
23314
23315
23316
23317
23318
23319
23320
23321
23322
23323
23324
23325
23326
23327
23328
23329
23330
23331
23332
23333
23334
23335
23336
23337
23338
23339
23340
23341
23342
23343
23344
23345
23346
23347
23348
23349
23350
23351
23352
23353
23354
23355
23356
23357
23358
23359
23360
23361
23362
23363
23364
23365
23366
23367
23368
23369
23370
23371
23372
23373
23374
23375
23376
23377
23378
23379
23380
23381
23382
23383
23384
23385
23386
23387
23388
23389
23390
23391
23392
23393
23394
23395
23396
23397
23398
23399
23400
23401
23402
23403
23404
23405
23406
23407
23408
23409
23410
23411
23412
23413
23414
23415
23416
23417
23418
23419
23420
23421
23422
23423
23424
23425
23426
23427
23428
23429
23430
23431
23432
23433
23434
23435
23436
23437
23438
23439
23440
23441
23442
23443
23444
23445
23446
23447
23448
23449
23450
23451
23452
23453
23454
23455
23456
23457
23458
23459
23460
23461
23462
23463
23464
23465
23466
23467
23468
23469
23470
23471
23472
23473
23474
23475
23476
23477
23478
23479
23480
23481
23482
23483
23484
23485
23486
23487
23488
23489
23490
23491
23492
23493
23494
23495
23496
23497
23498
23499
23500
23501
23502
23503
23504
23505
23506
23507
23508
23509
23510
23511
23512
23513
23514
23515
23516
23517
23518
23519
23520
23521
23522
23523
23524
23525
23526
23527
23528
23529
23530
23531
23532
23533
23534
23535
23536
23537
23538
23539
23540
23541
23542
23543
23544
23545
23546
23547
23548
23549
23550
23551
23552
23553
23554
23555
23556
23557
23558
23559
23560
23561
23562
23563
23564
23565
23566
23567
23568
23569
23570
23571
23572
23573
23574
23575
23576
23577
23578
23579
23580
23581
23582
23583
23584
23585
23586
23587
23588
23589
23590
23591
23592
23593
23594
23595
23596
23597
23598
23599
23600
23601
23602
23603
23604
23605
23606
23607
23608
23609
23610
23611
23612
23613
23614
23615
23616
23617
23618
23619
23620
23621
23622
23623
23624
23625
23626
23627
23628
23629
23630
23631
23632
23633
23634
23635
23636
23637
23638
23639
23640
23641
23642
23643
23644
23645
23646
23647
23648
23649
23650
23651
23652
23653
23654
23655
23656
23657
23658
23659
23660
23661
23662
23663
23664
23665
23666
23667
23668
23669
23670
23671
23672
23673
23674
23675
23676
23677
23678
23679
23680
23681
23682
23683
23684
23685
23686
23687
23688
23689
23690
23691
23692
23693
23694
23695
23696
23697
23698
23699
23700
23701
23702
23703
23704
23705
23706
23707
23708
23709
23710
23711
23712
23713
23714
23715
23716
23717
23718
23719
23720
23721
23722
23723
23724
23725
23726
23727
23728
23729
23730
23731
23732
23733
23734
23735
23736
23737
23738
23739
23740
154813
23741
154814
23742
154815
23743
154816
23744
154817
23745
154818
23746
23747
23748
23749
23750
23751
23752
23753
23754
23755
23756
23757
23758
23759
23760
23761
23762
23763
23764
23765
23766
23767
23768
23769
23770
23771
23772
23773
23774
23775
23776
23777
23778
23779
23780
23781
23782
23783
23784
23785
23786
23787
23788
23789
23790
23791
23792
23793
23794
23795
23796
23797
23798
23799
23800
23801
23802
23803
23804
23805
23806
23807
23808
23809
23810
23811
23812
23813
23814
23815
23816
23817
23818
23819
23820
23821
23822
23823
23824
23825
23826
23827
23828
23829
23830
23831
23832
23833
23834
23835
23836
23837
23838
23839
23840
23841
23842
23843
23844
23845
23846
23847
23848
23849
23850
23851
23852
23853
23854
23855
23856
23857
23858
23859
23860
23861
23862
23863
23864
23865
23866
23867
23868
23869
23870
23871
23872
23873
23874
23875
23876
23877
23878
23879
23880
23881
23882
23883
23884
23885
23886
23887
23888
23889
23890
23891
23892
23893
23894
23895
23896
23897
23898
23899
23900
23901
23902
23903
23904
23905
23906
23907
23908
23909
23910
23911
23912
23913
23914
23915
23916
23917
23918
23919
23920
23921
23922
23923
23924
23925
23926
23927
23928
23929
23930
23931
23932
23933
23934
23935
23936
23937
23938
23939
23940
23941
23942
23943
23944
23945
23946
23947
23948
23949
23950
23951
23952
23953
23954
23955
23956
23957
23958
23959
23960
23961
23962
23963
23964
23965
23966
23967
23968
23969
23970
23971
23972
23973
23974
23975
23976
23977
23978
23979
23980
23981
23982
23983
23984
23985
23986
23987
23988
23989
23990
23991
23992
23993
23994
23995
23996
23997
23998
23999
24000
24001
24002
24003
24004
24005
24006
24007
24008
24009
24010
24011
24012
24013
24014
24015
24016
24017
24018
24019
24020
24021
24022
24023
24024
24025
24026
24027
24028
24029
24030
24031
24032
24033
24034
24035
24036
24037
24038
24039
24040
24041
24042
24043
24044
24045
155118
24046
155119
24047
155120
24048
155121
24049
155122
24050
155123
24051
155124
24052
155125
24053
155126
24054
155127
24055
155128
24056
155129
24057
155130
24058
155131
24059
155132
24060
155133
24061
155134
24062
155135
24063
155136
24064
155137
24065
155138
24066
155139
24067
155140
24068
155141
24069
155142
24070
155143
24071
155144
24072
155145
24073
155146
24074
155147
24075
155148
24076
155149
24077
155150
24078
155151
24079
155152
24080
155153
24081
155154
24082
155155
24083
155156
24084
155157
24085
155158
24086
155159
24087
155160
24088
155161
24089
155162
24090
155163
24091
155164
24092
155165
24093
155166
24094
155167
24095
155168
24096
155169
24097
155170
24098
155171
24099
155172
24100
155173
24101
155174
24102
155175
24103
155176
24104
155177
24105
155178
24106
155179
24107
155180
24108
155181
24109
155182
24110
155183
24111
155184
24112
155185
24113
155186
24114
155187
24115
155188
24116
155189
24117
155190
24118
155191
24119
155192
24120
155193
24121
155194
24122
155195
24123
155196
24124
155197
24125
155198
24126
155199
24127
155200
24128
155201
24129
155202
24130
155203
24131
155204
24132
155205
24133
155206
24134
155207
24135
155208
24136
155209
24137
155210
24138
155211
24139
155212
24140
155213
24141
155214
24142
155215
24143
155216
24144
155217
24145
155218
24146
155219
24147
155220
24148
155221
24149
155222
24150
155223
24151
155224
24152
155225
24153
155226
24154
155227
24155
155228
24156
155229
24157
155230
24158
155231
24159
155232
24160
155233
24161
155234
24162
155235
24163
155236
24164
155237
24165
155238
24166
155239
24167
155240
24168
155241
24169
155242
24170
155243
24171
155244
24172
155245
24173
155246
24174
155247
24175
155248
24176
155249
24177
155250
24178
155251
24179
155252
24180
155253
24181
155254
24182
155255
24183
155256
24184
155257
24185
155258
24186
155259
24187
155260
24188
155261
24189
155262
24190
155263
24191
155264
24192
155265
24193
155266
24194
155267
24195
155268
24196
155269
24197
155270
24198
155271
24199
155272
24200
155273
24201
155274
24202
155275
24203
155276
24204
155277
24205
155278
24206
155279
24207
155280
24208
155281
24209
155282
24210
155283
24211
155284
24212
155285
24213
155286
24214
155287
24215
155288
24216
155289
24217
155290
24218
155291
24219
155292
24220
155293
24221
155294
24222
155295
24223
155296
24224
155297
24225
155298
24226
155299
24227
155300
24228
155301
24229
155302
24230
155303
24231
155304
24232
155305
24233
155306
24234
155307
24235
155308
24236
155309
24237
155310
24238
155311
24239
155312
24240
155313
24241
155314
24242
155315
24243
155316
24244
155317
24245
155318
24246
155319
24247
155320
24248
155321
24249
155322
24250
155323
24251
155324
24252
155325
24253
155326
24254
155327
24255
155328
24256
155329
24257
155330
24258
155331
24259
155332
24260
155333
24261
155334
24262
155335
24263
155336
24264
155337
24265
155338
24266
155339
24267
155340
24268
155341
24269
155342
24270
155343
24271
155344
24272
155345
24273
155346
24274
155347
24275
155348
24276
155349
24277
155350
24278
155351
24279
155352
24280
155353
24281
155354
24282
155355
24283
155356
24284
155357
24285
155358
24286
155359
24287
155360
24288
155361
24289
155362
24290
155363
24291
155364
24292
155365
24293
155366
24294
155367
24295
155368
24296
155369
24297
155370
24298
155371
24299
155372
24300
155373
24301
155374
24302
155375
24303
155376
24304
155377
24305
155378
24306
155379
24307
155380
24308
155381
24309
155382
24310
155383
24311
155384
24312
155385
24313
155386
24314
155387
24315
155388
24316
155389
24317
155390
24318
155391
24319
24320
24321
24322
24323
24324
24325
24326
24327
24328
24329
24330
24331
24332
24333
24334
24335
24336
24337
24338
24339
24340
24341
24342
24343
24344
24345
24346
24347
24348
24349
24350
24351
24352
24353
24354
24355
24356
24357
24358
24359
24360
24361
24362
24363
24364
24365
24366
24367
24368
24369
24370
24371
24372
24373
24374
24375
24376
24377
24378
24379
24380
24381
24382
24383
24384
24385
24386
24387
24388
24389
24390
24391
24392
24393
24394
24395
24396
24397
24398
24399
24400
24401
24402
24403
24404
24405
24406
24407
24408
24409
24410
24411
24412
24413
24414
24415
24416
24417
24418
24419
24420
24421
24422
24423
24424
24425
24426
24427
24428
24429
24430
24431
24432
24433
24434
24435
24436
24437
24438
24439
24440
24441
24442
24443
24444
24445
24446
24447
24448
24449
24450
24451
24452
24453
24454
24455
24456
24457
24458
24459
24460
24461
24462
24463
24464
24465
24466
24467
24468
24469
24470
24471
24472
24473
24474
24475
24476
24477
24478
24479
24480
24481
24482
24483
24484
24485
24486
24487
24488
24489
24490
24491
24492
24493
24494
24495
24496
24497
24498
24499
24500
24501
24502
24503
24504
24505
24506
24507
155580
24508
155581
24509
155582
24510
155583
24511
155584
24512
155585
24513
155586
24514
155587
24515
155588
24516
155589
24517
155590
24518
155591
24519
155592
24520
155593
24521
155594
24522
155595
24523
155596
24524
155597
24525
155598
24526
155599
24527
155600
24528
155601
24529
155602
24530
155603
24531
155604
24532
155605
24533
155606
24534
155607
24535
155608
24536
155609
24537
155610
24538
155611
24539
155612
24540
155613
24541
155614
24542
155615
24543
155616
24544
155617
24545
155618
24546
155619
24547
155620
24548
155621
24549
155622
24550
155623
24551
155624
24552
155625
24553
155626
24554
155627
24555
155628
24556
155629
24557
155630
24558
155631
24559
155632
24560
155633
24561
155634
24562
155635
24563
155636
24564
155637
24565
155638
24566
155639
24567
155640
24568
155641
24569
155642
24570
155643
24571
155644
24572
155645
24573
155646
24574
155647
24575
155648
24576
155649
24577
155650
24578
155651
24579
155652
24580
155653
24581
155654
24582
155655
24583
155656
24584
155657
24585
155658
24586
155659
24587
155660
24588
155661
24589
155662
24590
155663
24591
155664
24592
155665
24593
155666
24594
155667
24595
155668
24596
155669
24597
155670
24598
155671
24599
155672
24600
155673
24601
155674
24602
155675
24603
155676
24604
155677
24605
155678
24606
155679
24607
155680
24608
155681
24609
155682
24610
155683
24611
155684
24612
155685
24613
155686
24614
155687
24615
155688
24616
155689
24617
155690
24618
155691
24619
155692
24620
155693
24621
155694
24622
155695
24623
155696
24624
155697
24625
155698
24626
155699
24627
155700
24628
155701
24629
155702
24630
155703
24631
155704
24632
155705
24633
155706
24634
155707
24635
155708
24636
155709
24637
155710
24638
155711
24639
155712
24640
155713
24641
155714
24642
155715
24643
155716
24644
155717
24645
155718
24646
155719
24647
155720
24648
155721
24649
155722
24650
155723
24651
155724
24652
155725
24653
155726
24654
155727
24655
155728
24656
155729
24657
155730
24658
155731
24659
155732
24660
155733
24661
155734
24662
155735
24663
155736
24664
155737
24665
155738
24666
155739
24667
155740
24668
155741
24669
155742
24670
155743
24671
155744
24672
155745
24673
155746
24674
155747
24675
155748
24676
155749
24677
155750
24678
155751
24679
155752
24680
155753
24681
155754
24682
155755
24683
155756
24684
155757
24685
155758
24686
155759
24687
155760
24688
155761
24689
155762
24690
155763
24691
155764
24692
155765
24693
155766
24694
155767
24695
155768
24696
155769
24697
155770
24698
155771
24699
155772
24700
155773
24701
155774
24702
155775
24703
155776
24704
155777
24705
155778
24706
155779
24707
155780
24708
155781
24709
155782
24710
155783
24711
155784
24712
155785
24713
155786
24714
155787
24715
155788
24716
155789
24717
155790
24718
155791
24719
155792
24720
155793
24721
155794
24722
155795
24723
155796
24724
155797
24725
155798
24726
155799
24727
155800
24728
155801
24729
155802
24730
155803
24731
155804
24732
155805
24733
155806
24734
155807
24735
155808
24736
155809
24737
155810
24738
155811
24739
155812
24740
155813
24741
155814
24742
155815
24743
155816
24744
155817
24745
155818
24746
155819
24747
155820
24748
155821
24749
155822
24750
155823
24751
155824
24752
155825
24753
155826
24754
155827
24755
155828
24756
155829
24757
155830
24758
155831
24759
155832
24760
155833
24761
155834
24762
155835
24763
155836
24764
155837
24765
155838
24766
155839
24767
155840
24768
155841
24769
155842
24770
155843
24771
155844
24772
155845
24773
155846
24774
155847
24775
155848
24776
155849
24777
155850
24778
155851
24779
155852
24780
155853
24781
155854
24782
155855
24783
155856
24784
155857
24785
155858
24786
155859
24787
155860
24788
155861
24789
155862
24790
155863
24791
155864
24792
155865
24793
155866
24794
155867
24795
155868
24796
155869
24797
155870
24798
155871
24799
155872
24800
155873
24801
155874
24802
155875
24803
155876
24804
155877
24805
155878
24806
155879
24807
155880
24808
155881
24809
155882
24810
155883
24811
155884
24812
155885
24813
155886
24814
155887
24815
155888
24816
155889
24817
155890
24818
155891
24819
155892
24820
155893
24821
155894
24822
155895
24823
155896
24824
155897
24825
155898
24826
155899
24827
155900
24828
155901
24829
155902
24830
155903
24831
155904
24832
155905
24833
155906
24834
155907
24835
155908
24836
155909
24837
24838
24839
24840
24841
24842
24843
24844
24845
24846
24847
24848
24849
24850
24851
24852
24853
24854
24855
24856
24857
24858
24859
24860
24861
24862
24863
24864
24865
24866
24867
24868
24869
24870
24871
24872
24873
24874
24875
24876
24877
24878
24879
24880
24881
24882
24883
24884
24885
24886
24887
24888
24889
24890
24891
24892
24893
24894
24895
24896
24897
24898
24899
24900
24901
24902
24903
24904
24905
24906
24907
24908
24909
24910
24911
24912
24913
24914
24915
24916
24917
24918
24919
24920
24921
24922
24923
24924
24925
24926
24927
24928
24929
24930
24931
24932
24933
24934
24935
24936
24937
24938
24939
24940
24941
24942
24943
24944
24945
24946
24947
24948
24949
24950
24951
24952
24953
24954
24955
24956
24957
24958
24959
24960
24961
24962
24963
24964
24965
24966
24967
24968
24969
24970
24971
24972
24973
24974
24975
24976
24977
24978
24979
24980
24981
24982
24983
24984
24985
24986
24987
24988
24989
24990
24991
24992
24993
24994
24995
24996
24997
24998
24999
25000
25001
25002
25003
25004
25005
25006
25007
25008
25009
25010
25011
25012
25013
25014
25015
25016
25017
25018
25019
25020
25021
25022
25023
25024
25025
25026
25027
25028
25029
25030
25031
25032
25033
25034
25035
25036
25037
25038
25039
25040
25041
25042
25043
25044
25045
25046
25047
25048
25049
25050
25051
25052
25053
25054
25055
25056
25057
25058
25059
25060
25061
25062
25063
25064
25065
25066
25067
25068
25069
25070
25071
25072
25073
25074
25075
25076
25077
25078
25079
25080
25081
25082
25083
25084
25085
25086
25087
25088
25089
25090
25091
25092
25093
25094
25095
25096
25097
25098
25099
25100
25101
25102
25103
25104
25105
25106
25107
25108
25109
25110
25111
25112
25113
25114
25115
25116
25117
25118
25119
25120
25121
25122
25123
25124
25125
25126
25127
25128
25129
25130
25131
25132
25133
25134
25135
25136
25137
25138
25139
25140
25141
25142
25143
25144
25145
25146
25147
25148
25149
25150
25151
25152
25153
25154
25155
25156
25157
25158
25159
25160
25161
25162
25163
25164
25165
25166
25167
25168
25169
25170
156243
25171
156244
25172
156245
25173
156246
25174
156247
25175
156248
25176
156249
25177
156250
25178
156251
25179
156252
25180
156253
25181
156254
25182
156255
25183
156256
25184
156257
25185
156258
25186
156259
25187
156260
25188
156261
25189
156262
25190
156263
25191
156264
25192
156265
25193
156266
25194
156267
25195
156268
25196
156269
25197
156270
25198
156271
25199
156272
25200
156273
25201
156274
25202
156275
25203
156276
25204
156277
25205
156278
25206
156279
25207
156280
25208
156281
25209
156282
25210
156283
25211
156284
25212
156285
25213
156286
25214
156287
25215
156288
25216
156289
25217
156290
25218
156291
25219
156292
25220
156293
25221
156294
25222
25223
25224
25225
25226
25227
25228
25229
25230
25231
25232
25233
25234
25235
25236
25237
25238
25239
25240
25241
25242
25243
25244
25245
25246
25247
25248
25249
25250
25251
25252
25253
25254
25255
25256
25257
25258
25259
25260
25261
25262
25263
25264
25265
25266
25267
25268
25269
25270
25271
25272
25273
25274
25275
156348
25276
156349
25277
156350
25278
156351
25279
156352
25280
156353
25281
156354
25282
156355
25283
156356
25284
156357
25285
156358
25286
156359
25287
156360
25288
156361
25289
156362
25290
156363
25291
156364
25292
156365
25293
156366
25294
156367
25295
156368
25296
156369
25297
156370
25298
156371
25299
156372
25300
156373
25301
156374
25302
156375
25303
156376
25304
156377
25305
156378
25306
156379
25307
156380
25308
156381
25309
156382
25310
156383
25311
156384
25312
156385
25313
156386
25314
156387
25315
156388
25316
156389
25317
156390
25318
156391
25319
156392
25320
156393
25321
156394
25322
156395
25323
156396
25324
156397
25325
156398
25326
156399
25327
156400
25328
156401
25329
156402
25330
156403
25331
156404
25332
156405
25333
156406
25334
156407
25335
156408
25336
156409
25337
156410
25338
156411
25339
156412
25340
156413
25341
156414
25342
156415
25343
156416
25344
156417
25345
156418
25346
156419
25347
156420
25348
156421
25349
156422
25350
156423
25351
156424
25352
156425
25353
156426
25354
156427
25355
156428
25356
156429
25357
156430
25358
156431
25359
156432
25360
156433
25361
156434
25362
156435
25363
156436
25364
156437
25365
156438
25366
156439
25367
156440
25368
156441
25369
156442
25370
156443
25371
156444
25372
156445
25373
156446
25374
156447
25375
156448
25376
156449
25377
156450
25378
156451
25379
156452
25380
156453
25381
25382
25383
25384
25385
25386
25387
25388
25389
25390
25391
25392
25393
25394
25395
25396
25397
25398
25399
25400
25401
25402
25403
25404
25405
25406
25407
25408
25409
25410
25411
25412
25413
25414
25415
25416
25417
25418
25419
25420
25421
25422
25423
25424
25425
25426
25427
25428
25429
25430
25431
25432
25433
25434
25435
25436
25437
25438
25439
25440
25441
25442
25443
25444
25445
25446
25447
25448
25449
25450
25451
25452
25453
25454
25455
25456
25457
25458
25459
25460
25461
25462
25463
25464
25465
25466
25467
25468
25469
25470
25471
25472
25473
25474
25475
25476
25477
25478
25479
25480
25481
25482
25483
25484
25485
25486
25487
25488
25489
25490
25491
25492
25493
25494
25495
25496
25497
25498
25499
25500
25501
25502
25503
25504
25505
25506
25507
25508
25509
25510
25511
25512
25513
25514
25515
25516
25517
25518
25519
25520
25521
25522
25523
25524
25525
25526
25527
25528
25529
25530
25531
25532
25533
25534
25535
25536
25537
25538
25539
25540
25541
25542
25543
25544
25545
25546
25547
25548
25549
25550
25551
25552
25553
25554
25555
25556
25557
25558
25559
25560
25561
25562
25563
25564
25565
25566
25567
25568
25569
25570
25571
25572
25573
25574
25575
25576
25577
25578
25579
25580
25581
25582
25583
25584
25585
25586
25587
25588
25589
25590
25591
25592
25593
25594
25595
25596
25597
25598
25599
25600
25601
25602
25603
25604
25605
25606
25607
25608
25609
25610
25611
25612
25613
25614
25615
25616
25617
25618
25619
25620
25621
25622
25623
25624
25625
25626
25627
25628
25629
25630
25631
25632
25633
25634
25635
25636
25637
25638
25639
25640
25641
25642
25643
25644
25645
25646
25647
25648
25649
25650
25651
25652
25653
25654
25655
25656
25657
25658
25659
25660
25661
25662
25663
25664
25665
25666
25667
25668
25669
25670
25671
25672
25673
25674
25675
25676
25677
25678
25679
25680
25681
25682
25683
25684
25685
25686
25687
25688
25689
25690
25691
25692
25693
25694
25695
25696
25697
25698
25699
25700
25701
25702
25703
25704
25705
25706
25707
25708
25709
25710
25711
25712
25713
25714
25715
25716
25717
25718
25719
25720
25721
25722
25723
25724
25725
25726
25727
25728
25729
25730
25731
25732
25733
25734
25735
25736
25737
25738
25739
25740
25741
25742
25743
25744
25745
25746
25747
25748
25749
25750
25751
25752
25753
25754
25755
25756
25757
25758
25759
25760
25761
25762
25763
25764
25765
25766
25767
25768
25769
25770
25771
25772
25773
25774
25775
25776
25777
25778
25779
25780
25781
25782
25783
25784
25785
25786
25787
25788
25789
25790
25791
25792
25793
25794
25795
25796
25797
25798
25799
25800
25801
25802
25803
25804
25805
25806
25807
25808
25809
25810
25811
25812
25813
25814
25815
25816
25817
25818
25819
25820
25821
25822
25823
25824
25825
25826
25827
25828
25829
25830
25831
25832
25833
25834
25835
25836
25837
25838
25839
25840
25841
25842
25843
25844
25845
25846
25847
25848
25849
25850
25851
25852
25853
25854
25855
25856
25857
25858
25859
25860
25861
25862
25863
25864
25865
25866
25867
25868
25869
25870
25871
25872
25873
25874
25875
25876
25877
25878
25879
25880
25881
25882
25883
25884
25885
25886
25887
25888
25889
25890
25891
25892
25893
25894
25895
25896
25897
25898
25899
25900
25901
25902
25903
25904
25905
25906
25907
25908
25909
25910
25911
25912
25913
25914
25915
25916
25917
25918
25919
25920
25921
25922
25923
25924
25925
25926
25927
25928
25929
25930
25931
25932
25933
25934
25935
25936
25937
25938
25939
25940
25941
25942
25943
25944
25945
25946
25947
25948
25949
25950
25951
25952
25953
25954
25955
25956
25957
25958
25959
25960
25961
25962
25963
25964
25965
25966
25967
25968
25969
25970
25971
25972
25973
25974
25975
25976
25977
25978
25979
25980
25981
25982
25983
25984
25985
25986
25987
25988
25989
25990
25991
25992
25993
25994
25995
25996
25997
25998
25999
26000
26001
26002
26003
26004
26005
26006
26007
26008
26009
26010
26011
26012
26013
26014
26015
26016
26017
26018
26019
26020
26021
26022
26023
26024
26025
26026
26027
26028
26029
26030
26031
26032
26033
26034
26035
26036
26037
26038
26039
26040
26041
26042
26043
26044
26045
26046
26047
26048
26049
26050
26051
26052
26053
26054
26055
26056
26057
26058
26059
26060
26061
26062
26063
26064
26065
26066
26067
26068
26069
26070
26071
26072
26073
26074
26075
26076
26077
26078
26079
26080
26081
26082
26083
26084
26085
26086
26087
26088
26089
26090
26091
26092
26093
26094
26095
26096
26097
26098
26099
26100
26101
26102
26103
26104
26105
26106
26107
26108
26109
26110
26111
26112
26113
26114
26115
26116
26117
26118
26119
26120
26121
26122
26123
26124
26125
26126
26127
26128
26129
26130
26131
26132
26133
26134
26135
26136
26137
26138
26139
26140
26141
26142
26143
26144
26145
26146
26147
26148
26149
26150
26151
26152
26153
26154
26155
26156
26157
26158
26159
26160
26161
26162
26163
26164
26165
26166
26167
26168
26169
26170
26171
26172
26173
26174
26175
26176
26177
26178
26179
26180
26181
26182
26183
26184
26185
26186
26187
26188
26189
26190
26191
26192
26193
26194
26195
26196
26197
26198
26199
26200
26201
26202
26203
26204
26205
26206
26207
26208
26209
26210
26211
26212
26213
26214
26215
26216
26217
26218
26219
26220
26221
26222
26223
26224
26225
26226
26227
26228
26229
26230
26231
26232
26233
26234
26235
26236
26237
26238
26239
26240
26241
26242
26243
26244
26245
26246
26247
26248
26249
26250
26251
26252
26253
26254
26255
26256
26257
26258
26259
26260
26261
26262
26263
26264
26265
26266
26267
26268
26269
26270
26271
26272
26273
26274
26275
26276
26277
26278
26279
26280
26281
26282
26283
26284
26285
26286
26287
26288
26289
26290
157363
26291
157364
26292
157365
26293
157366
26294
157367
26295
157368
26296
26297
26298
26299
26300
26301
26302
26303
26304
26305
26306
26307
26308
26309
26310
26311
26312
26313
26314
26315
26316
26317
26318
26319
26320
26321
26322
26323
26324
26325
26326
26327
26328
26329
26330
26331
26332
26333
26334
26335
26336
26337
26338
26339
26340
26341
26342
26343
26344
26345
26346
26347
26348
26349
26350
26351
26352
26353
26354
26355
26356
26357
26358
26359
26360
26361
26362
26363
26364
26365
26366
26367
26368
26369
26370
26371
26372
26373
26374
26375
26376
26377
26378
26379
26380
26381
26382
26383
26384
26385
26386
26387
26388
26389
26390
26391
26392
26393
26394
26395
26396
26397
26398
26399
26400
26401
26402
26403
26404
26405
26406
26407
26408
26409
26410
26411
26412
26413
26414
26415
26416
26417
26418
26419
26420
26421
26422
26423
26424
26425
26426
26427
26428
26429
26430
26431
26432
26433
26434
26435
26436
26437
26438
26439
26440
26441
26442
26443
26444
26445
26446
26447
26448
26449
26450
26451
26452
26453
26454
26455
26456
26457
26458
26459
26460
26461
26462
26463
26464
26465
26466
26467
26468
26469
26470
26471
26472
26473
26474
26475
26476
26477
26478
26479
26480
26481
26482
26483
26484
26485
26486
26487
26488
26489
26490
26491
26492
26493
26494
26495
26496
26497
26498
26499
26500
26501
26502
26503
26504
26505
26506
26507
26508
26509
26510
26511
26512
26513
26514
26515
26516
26517
26518
26519
26520
26521
26522
26523
26524
26525
26526
26527
26528
26529
26530
26531
26532
26533
26534
26535
26536
26537
26538
26539
26540
26541
26542
26543
26544
26545
26546
26547
26548
26549
26550
26551
26552
26553
26554
26555
26556
26557
26558
26559
26560
26561
26562
26563
26564
26565
26566
26567
26568
26569
26570
26571
26572
26573
26574
26575
26576
26577
157650
26578
157651
26579
157652
26580
157653
26581
157654
26582
157655
26583
157656
26584
157657
26585
157658
26586
157659
26587
157660
26588
157661
26589
157662
26590
157663
26591
157664
26592
157665
26593
157666
26594
157667
26595
157668
26596
157669
26597
157670
26598
157671
26599
157672
26600
157673
26601
157674
26602
157675
26603
157676
26604
157677
26605
157678
26606
157679
26607
157680
26608
157681
26609
157682
26610
157683
26611
157684
26612
157685
26613
157686
26614
157687
26615
157688
26616
157689
26617
157690
26618
157691
26619
157692
26620
157693
26621
157694
26622
157695
26623
157696
26624
157697
26625
157698
26626
157699
26627
157700
26628
157701
26629
157702
26630
157703
26631
157704
26632
157705
26633
157706
26634
157707
26635
157708
26636
157709
26637
157710
26638
157711
26639
157712
26640
157713
26641
157714
26642
157715
26643
157716
26644
157717
26645
157718
26646
157719
26647
157720
26648
157721
26649
157722
26650
157723
26651
157724
26652
157725
26653
157726
26654
157727
26655
157728
26656
157729
26657
157730
26658
157731
26659
157732
26660
157733
26661
157734
26662
157735
26663
157736
26664
157737
26665
157738
26666
157739
26667
157740
26668
157741
26669
157742
26670
157743
26671
157744
26672
157745
26673
157746
26674
157747
26675
157748
26676
157749
26677
157750
26678
157751
26679
157752
26680
157753
26681
157754
26682
157755
26683
157756
26684
157757
26685
157758
26686
157759
26687
157760
26688
157761
26689
157762
26690
157763
26691
157764
26692
157765
26693
157766
26694
157767
26695
157768
26696
157769
26697
157770
26698
157771
26699
157772
26700
157773
26701
157774
26702
157775
26703
157776
26704
157777
26705
157778
26706
157779
26707
157780
26708
157781
26709
157782
26710
157783
26711
157784
26712
157785
26713
157786
26714
157787
26715
157788
26716
157789
26717
157790
26718
157791
26719
157792
26720
157793
26721
157794
26722
157795
26723
157796
26724
157797
26725
157798
26726
157799
26727
157800
26728
157801
26729
157802
26730
157803
26731
157804
26732
157805
26733
157806
26734
157807
26735
157808
26736
157809
26737
157810
26738
157811
26739
157812
26740
157813
26741
157814
26742
157815
26743
157816
26744
157817
26745
157818
26746
157819
26747
157820
26748
157821
26749
157822
26750
157823
26751
157824
26752
157825
26753
157826
26754
157827
26755
157828
26756
157829
26757
157830
26758
157831
26759
157832
26760
157833
26761
157834
26762
157835
26763
157836
26764
157837
26765
157838
26766
157839
26767
157840
26768
157841
26769
157842
26770
157843
26771
157844
26772
157845
26773
157846
26774
157847
26775
157848
26776
157849
26777
157850
26778
157851
26779
157852
26780
157853
26781
157854
26782
157855
26783
157856
26784
157857
26785
157858
26786
157859
26787
157860
26788
157861
26789
157862
26790
157863
26791
157864
26792
157865
26793
157866
26794
157867
26795
157868
26796
157869
26797
157870
26798
157871
26799
157872
26800
157873
26801
157874
26802
157875
26803
157876
26804
157877
26805
157878
26806
157879
26807
157880
26808
157881
26809
157882
26810
157883
26811
157884
26812
157885
26813
157886
26814
157887
26815
157888
26816
157889
26817
157890
26818
157891
26819
157892
26820
157893
26821
157894
26822
157895
26823
157896
26824
157897
26825
157898
26826
157899
26827
157900
26828
157901
26829
157902
26830
157903
26831
157904
26832
157905
26833
157906
26834
157907
26835
157908
26836
157909
26837
26838
26839
26840
26841
26842
26843
26844
26845
26846
26847
26848
26849
26850
26851
26852
26853
26854
26855
26856
26857
26858
26859
26860
26861
26862
26863
26864
26865
26866
26867
26868
26869
26870
26871
26872
26873
26874
26875
26876
26877
26878
26879
26880
26881
26882
26883
26884
26885
26886
26887
26888
26889
26890
26891
26892
26893
26894
26895
26896
26897
26898
26899
26900
26901
26902
26903
26904
26905
26906
26907
26908
26909
26910
26911
26912
26913
26914
26915
26916
26917
26918
26919
26920
26921
26922
26923
26924
26925
26926
26927
26928
26929
26930
26931
26932
26933
26934
26935
26936
26937
26938
26939
26940
26941
26942
26943
26944
26945
26946
26947
26948
26949
26950
26951
26952
26953
26954
26955
26956
26957
26958
26959
26960
26961
26962
26963
26964
26965
26966
26967
26968
26969
26970
26971
26972
26973
26974
26975
26976
26977
26978
26979
26980
26981
26982
26983
26984
26985
26986
26987
26988
26989
26990
26991
26992
26993
26994
26995
26996
26997
26998
26999
27000
27001
27002
27003
27004
158077
27005
158078
27006
158079
27007
158080
27008
158081
27009
158082
27010
158083
27011
158084
27012
158085
27013
158086
27014
158087
27015
158088
27016
158089
27017
158090
27018
158091
27019
158092
27020
158093
27021
158094
27022
158095
27023
158096
27024
158097
27025
158098
27026
158099
27027
158100
27028
158101
27029
158102
27030
158103
27031
158104
27032
158105
27033
158106
27034
158107
27035
158108
27036
158109
27037
158110
27038
158111
27039
158112
27040
158113
27041
158114
27042
158115
27043
158116
27044
158117
27045
158118
27046
158119
27047
158120
27048
158121
27049
158122
27050
158123
27051
158124
27052
158125
27053
158126
27054
158127
27055
158128
27056
158129
27057
158130
27058
158131
27059
158132
27060
158133
27061
158134
27062
158135
27063
158136
27064
158137
27065
158138
27066
158139
27067
158140
27068
158141
27069
158142
27070
158143
27071
158144
27072
158145
27073
158146
27074
158147
27075
158148
27076
158149
27077
158150
27078
158151
27079
158152
27080
158153
27081
158154
27082
158155
27083
158156
27084
158157
27085
158158
27086
158159
27087
158160
27088
158161
27089
158162
27090
158163
27091
158164
27092
158165
27093
158166
27094
158167
27095
158168
27096
158169
27097
158170
27098
158171
27099
158172
27100
158173
27101
158174
27102
158175
27103
158176
27104
158177
27105
158178
27106
158179
27107
158180
27108
158181
27109
158182
27110
158183
27111
158184
27112
158185
27113
158186
27114
158187
27115
158188
27116
158189
27117
158190
27118
158191
27119
158192
27120
158193
27121
158194
27122
158195
27123
158196
27124
158197
27125
158198
27126
158199
27127
158200
27128
158201
27129
158202
27130
158203
27131
158204
27132
158205
27133
158206
27134
158207
27135
158208
27136
158209
27137
158210
27138
158211
27139
158212
27140
158213
27141
158214
27142
158215
27143
158216
27144
158217
27145
158218
27146
158219
27147
158220
27148
158221
27149
158222
27150
158223
27151
158224
27152
158225
27153
158226
27154
158227
27155
158228
27156
158229
27157
158230
27158
158231
27159
158232
27160
158233
27161
158234
27162
158235
27163
158236
27164
158237
27165
158238
27166
158239
27167
158240
27168
158241
27169
158242
27170
158243
27171
158244
27172
158245
27173
158246
27174
158247
27175
158248
27176
158249
27177
158250
27178
158251
27179
158252
27180
158253
27181
158254
27182
158255
27183
158256
27184
158257
27185
158258
27186
158259
27187
158260
27188
158261
27189
158262
27190
158263
27191
158264
27192
158265
27193
158266
27194
158267
27195
158268
27196
158269
27197
158270
27198
158271
27199
158272
27200
158273
27201
158274
27202
158275
27203
158276
27204
158277
27205
158278
27206
158279
27207
158280
27208
158281
27209
158282
27210
158283
27211
158284
27212
158285
27213
158286
27214
158287
27215
158288
27216
158289
27217
158290
27218
158291
27219
158292
27220
158293
27221
158294
27222
158295
27223
158296
27224
158297
27225
158298
27226
158299
27227
158300
27228
158301
27229
158302
27230
158303
27231
158304
27232
158305
27233
158306
27234
158307
27235
158308
27236
158309
27237
158310
27238
158311
27239
158312
27240
158313
27241
158314
27242
158315
27243
158316
27244
158317
27245
158318
27246
158319
27247
158320
27248
158321
27249
158322
27250
158323
27251
158324
27252
158325
27253
158326
27254
158327
27255
158328
27256
158329
27257
158330
27258
158331
27259
158332
27260
158333
27261
158334
27262
158335
27263
158336
27264
158337
27265
158338
27266
158339
27267
158340
27268
158341
27269
158342
27270
158343
27271
158344
27272
158345
27273
158346
27274
158347
27275
158348
27276
158349
27277
158350
27278
158351
27279
158352
27280
158353
27281
158354
27282
158355
27283
158356
27284
158357
27285
158358
27286
158359
27287
158360
27288
158361
27289
158362
27290
158363
27291
158364
27292
158365
27293
158366
27294
158367
27295
158368
27296
158369
27297
158370
27298
158371
27299
158372
27300
158373
27301
158374
27302
158375
27303
158376
27304
158377
27305
158378
27306
158379
27307
158380
27308
158381
27309
158382
27310
158383
27311
158384
27312
158385
27313
158386
27314
158387
27315
158388
27316
158389
27317
158390
27318
158391
27319
158392
27320
158393
27321
158394
27322
158395
27323
158396
27324
158397
27325
158398
27326
158399
27327
158400
27328
158401
27329
158402
27330
158403
27331
158404
27332
158405
27333
158406
27334
158407
27335
158408
27336
158409
27337
158410
27338
158411
27339
27340
27341
27342
27343
27344
27345
27346
27347
27348
27349
27350
27351
27352
27353
27354
27355
27356
27357
27358
27359
27360
27361
27362
27363
27364
27365
27366
27367
27368
27369
27370
27371
27372
27373
27374
27375
27376
27377
27378
27379
27380
27381
27382
27383
27384
27385
27386
27387
27388
27389
27390
27391
27392
27393
27394
27395
27396
27397
27398
27399
27400
27401
27402
27403
27404
27405
27406
27407
27408
27409
27410
27411
27412
27413
27414
27415
27416
27417
27418
27419
27420
27421
27422
27423
27424
27425
27426
27427
27428
27429
27430
27431
27432
27433
27434
27435
27436
27437
27438
27439
27440
27441
27442
27443
27444
27445
27446
27447
27448
27449
27450
27451
27452
27453
27454
27455
27456
27457
27458
27459
27460
27461
27462
27463
27464
27465
27466
27467
27468
27469
27470
27471
27472
27473
27474
27475
27476
27477
27478
27479
27480
27481
27482
27483
27484
27485
27486
27487
27488
27489
27490
27491
27492
27493
27494
27495
27496
27497
27498
27499
27500
27501
27502
27503
27504
27505
27506
27507
27508
27509
27510
27511
27512
27513
27514
27515
27516
27517
27518
27519
27520
27521
27522
27523
27524
27525
27526
27527
27528
27529
27530
27531
27532
27533
27534
27535
27536
27537
27538
27539
27540
27541
27542
27543
27544
27545
27546
27547
27548
27549
27550
27551
27552
27553
27554
27555
27556
27557
27558
27559
27560
27561
27562
27563
27564
27565
27566
27567
27568
27569
27570
27571
27572
27573
27574
27575
27576
27577
27578
27579
27580
27581
27582
27583
27584
27585
27586
27587
27588
27589
27590
27591
27592
27593
27594
27595
27596
27597
27598
27599
27600
27601
27602
27603
27604
27605
27606
27607
27608
27609
27610
27611
27612
27613
27614
27615
27616
27617
27618
27619
27620
27621
27622
27623
27624
27625
27626
27627
27628
27629
27630
27631
27632
27633
27634
27635
27636
27637
27638
27639
27640
27641
27642
27643
27644
27645
27646
27647
27648
27649
27650
27651
27652
27653
158726
27654
158727
27655
158728
27656
158729
27657
158730
27658
158731
27659
158732
27660
158733
27661
158734
27662
158735
27663
158736
27664
158737
27665
158738
27666
158739
27667
158740
27668
158741
27669
158742
27670
158743
27671
158744
27672
158745
27673
158746
27674
158747
27675
158748
27676
158749
27677
158750
27678
158751
27679
158752
27680
158753
27681
158754
27682
158755
27683
158756
27684
158757
27685
158758
27686
158759
27687
158760
27688
158761
27689
158762
27690
158763
27691
158764
27692
158765
27693
158766
27694
158767
27695
158768
27696
158769
27697
158770
27698
158771
27699
27700
27701
27702
27703
27704
27705
27706
27707
27708
27709
27710
27711
27712
27713
27714
27715
27716
27717
27718
27719
27720
27721
27722
27723
27724
27725
27726
27727
27728
27729
27730
27731
27732
27733
27734
27735
27736
27737
27738
27739
27740
27741
27742
27743
27744
27745
27746
27747
27748
27749
27750
27751
158824
27752
158825
27753
158826
27754
158827
27755
158828
27756
158829
27757
158830
27758
158831
27759
158832
27760
158833
27761
158834
27762
158835
27763
158836
27764
158837
27765
158838
27766
158839
27767
158840
27768
158841
27769
158842
27770
158843
27771
158844
27772
158845
27773
158846
27774
158847
27775
158848
27776
158849
27777
158850
27778
158851
27779
158852
27780
158853
27781
158854
27782
158855
27783
158856
27784
158857
27785
158858
27786
158859
27787
158860
27788
158861
27789
158862
27790
158863
27791
158864
27792
158865
27793
158866
27794
158867
27795
158868
27796
158869
27797
158870
27798
158871
27799
158872
27800
158873
27801
158874
27802
158875
27803
158876
27804
158877
27805
158878
27806
158879
27807
158880
27808
158881
27809
158882
27810
158883
27811
158884
27812
158885
27813
158886
27814
158887
27815
158888
27816
158889
27817
158890
27818
158891
27819
158892
27820
158893
27821
158894
27822
158895
27823
158896
27824
158897
27825
158898
27826
158899
27827
158900
27828
158901
27829
158902
27830
158903
27831
158904
27832
158905
27833
158906
27834
158907
27835
158908
27836
158909
27837
158910
27838
158911
27839
158912
27840
158913
27841
158914
27842
158915
27843
158916
27844
158917
27845
158918
27846
158919
27847
158920
27848
158921
27849
158922
27850
158923
27851
158924
27852
158925
27853
158926
27854
158927
27855
158928
27856
158929
27857
158930
27858
158931
27859
158932
27860
158933
27861
158934
27862
158935
27863
158936
27864
158937
27865
27866
27867
27868
27869
27870
27871
27872
27873
27874
27875
27876
27877
27878
27879
27880
27881
27882
27883
27884
27885
27886
27887
27888
27889
27890
27891
27892
27893
27894
27895
27896
27897
27898
27899
27900
27901
27902
27903
27904
27905
27906
27907
27908
27909
27910
27911
27912
27913
27914
27915
27916
27917
27918
27919
27920
27921
27922
27923
27924
27925
27926
27927
27928
27929
27930
27931
27932
27933
27934
27935
27936
27937
27938
27939
27940
27941
27942
27943
27944
27945
27946
27947
27948
27949
27950
27951
27952
27953
27954
27955
27956
27957
27958
27959
27960
27961
27962
27963
27964
27965
27966
27967
27968
27969
27970
27971
27972
27973
27974
27975
27976
27977
27978
27979
27980
27981
27982
27983
27984
27985
27986
27987
27988
27989
27990
27991
27992
27993
27994
27995
27996
27997
27998
27999
28000
28001
28002
28003
28004
28005
28006
28007
28008
28009
28010
28011
28012
28013
28014
28015
28016
28017
28018
28019
28020
28021
28022
28023
28024
28025
28026
28027
28028
28029
28030
28031
28032
28033
28034
28035
28036
28037
28038
28039
28040
28041
28042
28043
28044
28045
28046
28047
28048
28049
28050
28051
28052
28053
28054
28055
28056
28057
28058
28059
28060
28061
28062
28063
28064
28065
28066
28067
28068
28069
28070
28071
28072
28073
28074
28075
28076
28077
28078
28079
28080
28081
28082
28083
28084
28085
28086
28087
28088
28089
28090
28091
28092
28093
28094
28095
28096
28097
28098
28099
28100
28101
28102
28103
28104
28105
28106
28107
28108
28109
28110
28111
28112
28113
28114
28115
28116
28117
28118
28119
28120
28121
28122
28123
28124
28125
28126
28127
28128
28129
28130
28131
28132
28133
28134
28135
28136
28137
28138
28139
28140
28141
28142
28143
28144
28145
28146
28147
28148
28149
28150
28151
28152
28153
28154
28155
28156
28157
28158
28159
28160
28161
28162
28163
28164
28165
28166
28167
28168
28169
28170
28171
28172
28173
28174
28175
28176
28177
28178
28179
28180
28181
28182
28183
28184
28185
28186
28187
28188
28189
28190
28191
28192
28193
28194
28195
28196
28197
28198
28199
28200
28201
28202
28203
28204
28205
28206
28207
28208
28209
28210
28211
28212
28213
28214
28215
28216
28217
28218
28219
28220
28221
28222
28223
28224
28225
28226
28227
28228
28229
28230
28231
28232
28233
28234
28235
28236
28237
28238
28239
28240
28241
28242
28243
28244
28245
28246
28247
28248
28249
28250
28251
28252
28253
28254
28255
28256
28257
28258
28259
28260
28261
28262
28263
28264
28265
28266
28267
28268
28269
28270
28271
28272
28273
28274
28275
28276
28277
28278
28279
28280
28281
28282
28283
28284
28285
28286
28287
28288
28289
28290
28291
28292
28293
28294
28295
28296
28297
28298
28299
28300
28301
28302
28303
28304
28305
28306
28307
28308
28309
28310
28311
28312
28313
28314
28315
28316
28317
28318
28319
28320
28321
28322
28323
28324
28325
28326
28327
28328
28329
28330
28331
28332
28333
28334
28335
28336
28337
28338
28339
28340
28341
28342
28343
28344
28345
28346
28347
28348
28349
28350
28351
28352
28353
28354
28355
28356
28357
28358
28359
28360
28361
28362
28363
28364
28365
28366
28367
28368
28369
28370
28371
28372
28373
28374
28375
28376
28377
28378
28379
28380
28381
28382
28383
28384
28385
28386
28387
28388
28389
28390
28391
28392
28393
28394
28395
28396
28397
28398
28399
28400
28401
28402
28403
28404
28405
28406
28407
28408
28409
28410
28411
28412
28413
28414
28415
28416
28417
28418
28419
28420
28421
28422
28423
28424
28425
28426
28427
28428
28429
28430
28431
28432
28433
28434
28435
28436
28437
28438
28439
28440
28441
28442
28443
28444
28445
28446
28447
28448
28449
28450
28451
28452
28453
28454
28455
28456
28457
28458
28459
28460
28461
28462
28463
28464
28465
28466
28467
28468
28469
28470
28471
28472
28473
28474
28475
28476
28477
28478
28479
28480
28481
28482
28483
28484
28485
28486
28487
28488
28489
28490
28491
28492
28493
28494
28495
28496
28497
28498
28499
28500
28501
28502
28503
28504
28505
28506
28507
28508
28509
28510
28511
28512
28513
28514
28515
28516
28517
28518
28519
28520
28521
28522
28523
28524
28525
28526
28527
28528
28529
28530
28531
28532
28533
28534
28535
28536
28537
28538
28539
28540
28541
28542
28543
28544
28545
28546
28547
28548
28549
28550
28551
28552
28553
28554
28555
28556
28557
28558
28559
28560
28561
28562
28563
28564
28565
28566
28567
28568
28569
28570
28571
28572
28573
28574
28575
28576
28577
28578
28579
28580
28581
28582
28583
28584
28585
28586
28587
28588
28589
28590
28591
28592
28593
28594
28595
28596
28597
28598
28599
28600
28601
28602
28603
28604
28605
28606
28607
28608
28609
28610
28611
28612
28613
28614
28615
28616
28617
28618
28619
28620
28621
28622
28623
28624
28625
28626
28627
28628
28629
28630
28631
28632
28633
28634
28635
28636
28637
28638
28639
28640
28641
28642
28643
28644
28645
28646
28647
28648
28649
28650
28651
28652
28653
28654
28655
28656
28657
28658
28659
28660
28661
28662
28663
28664
28665
28666
28667
28668
28669
28670
28671
28672
28673
28674
28675
28676
28677
28678
28679
28680
28681
28682
28683
28684
28685
28686
28687
28688
28689
28690
28691
28692
28693
28694
28695
28696
28697
28698
28699
28700
28701
159774
28702
159775
28703
159776
28704
159777
28705
159778
28706
159779
28707
159780
28708
28709
28710
28711
28712
28713
28714
28715
28716
28717
28718
28719
28720
28721
28722
28723
28724
28725
28726
28727
28728
28729
28730
28731
28732
28733
28734
28735
28736
28737
28738
28739
28740
28741
28742
28743
28744
28745
28746
28747
28748
28749
28750
28751
28752
28753
28754
28755
28756
28757
28758
28759
28760
28761
28762
28763
28764
28765
28766
28767
28768
28769
28770
28771
28772
28773
28774
28775
28776
28777
28778
28779
28780
28781
28782
28783
28784
28785
28786
28787
28788
28789
28790
28791
28792
28793
28794
28795
28796
28797
28798
28799
28800
28801
28802
28803
28804
28805
28806
28807
28808
28809
28810
28811
28812
28813
28814
28815
28816
28817
28818
28819
28820
28821
28822
28823
28824
28825
28826
28827
28828
28829
28830
28831
28832
28833
28834
28835
28836
28837
28838
28839
28840
28841
28842
28843
28844
28845
28846
28847
28848
28849
28850
28851
28852
28853
28854
28855
28856
28857
28858
28859
28860
28861
28862
28863
28864
28865
28866
28867
28868
28869
28870
28871
28872
28873
28874
28875
28876
28877
28878
28879
28880
28881
28882
28883
28884
28885
28886
28887
28888
28889
28890
28891
28892
28893
28894
28895
28896
28897
28898
28899
28900
28901
28902
28903
28904
28905
28906
28907
28908
28909
28910
28911
28912
28913
28914
28915
28916
28917
28918
28919
28920
28921
28922
28923
28924
28925
28926
28927
28928
28929
28930
28931
28932
28933
28934
28935
28936
28937
28938
28939
28940
28941
28942
28943
28944
28945
28946
28947
28948
28949
28950
28951
28952
28953
28954
28955
28956
28957
28958
28959
28960
28961
28962
28963
28964
28965
28966
28967
28968
28969
160042
28970
160043
28971
160044
28972
160045
28973
160046
28974
160047
28975
160048
28976
160049
28977
160050
28978
160051
28979
160052
28980
160053
28981
160054
28982
160055
28983
160056
28984
160057
28985
160058
28986
160059
28987
160060
28988
160061
28989
160062
28990
160063
28991
160064
28992
160065
28993
160066
28994
160067
28995
160068
28996
160069
28997
160070
28998
160071
28999
160072
29000
160073
29001
160074
29002
160075
29003
160076
29004
160077
29005
160078
29006
160079
29007
160080
29008
160081
29009
160082
29010
160083
29011
160084
29012
160085
29013
160086
29014
160087
29015
160088
29016
160089
29017
160090
29018
160091
29019
160092
29020
160093
29021
160094
29022
160095
29023
160096
29024
160097
29025
160098
29026
160099
29027
160100
29028
160101
29029
160102
29030
160103
29031
160104
29032
160105
29033
160106
29034
160107
29035
160108
29036
160109
29037
160110
29038
160111
29039
160112
29040
160113
29041
160114
29042
160115
29043
160116
29044
160117
29045
160118
29046
160119
29047
160120
29048
160121
29049
160122
29050
160123
29051
160124
29052
160125
29053
160126
29054
160127
29055
160128
29056
160129
29057
160130
29058
160131
29059
160132
29060
160133
29061
160134
29062
160135
29063
160136
29064
160137
29065
160138
29066
160139
29067
160140
29068
160141
29069
160142
29070
160143
29071
160144
29072
160145
29073
160146
29074
160147
29075
160148
29076
160149
29077
160150
29078
160151
29079
160152
29080
160153
29081
160154
29082
160155
29083
160156
29084
160157
29085
160158
29086
160159
29087
160160
29088
160161
29089
160162
29090
160163
29091
160164
29092
160165
29093
160166
29094
160167
29095
160168
29096
160169
29097
160170
29098
160171
29099
160172
29100
160173
29101
160174
29102
160175
29103
160176
29104
160177
29105
160178
29106
160179
29107
160180
29108
160181
29109
160182
29110
160183
29111
160184
29112
160185
29113
160186
29114
160187
29115
160188
29116
160189
29117
160190
29118
160191
29119
160192
29120
160193
29121
160194
29122
160195
29123
160196
29124
160197
29125
160198
29126
160199
29127
160200
29128
160201
29129
160202
29130
160203
29131
160204
29132
160205
29133
160206
29134
160207
29135
160208
29136
160209
29137
160210
29138
160211
29139
160212
29140
160213
29141
160214
29142
160215
29143
160216
29144
160217
29145
160218
29146
160219
29147
160220
29148
160221
29149
160222
29150
160223
29151
160224
29152
160225
29153
160226
29154
160227
29155
160228
29156
160229
29157
160230
29158
160231
29159
160232
29160
160233
29161
160234
29162
160235
29163
160236
29164
160237
29165
160238
29166
160239
29167
160240
29168
160241
29169
160242
29170
160243
29171
160244
29172
160245
29173
160246
29174
160247
29175
160248
29176
160249
29177
160250
29178
160251
29179
160252
29180
160253
29181
160254
29182
160255
29183
160256
29184
160257
29185
160258
29186
160259
29187
160260
29188
160261
29189
160262
29190
160263
29191
160264
29192
160265
29193
160266
29194
160267
29195
160268
29196
160269
29197
160270
29198
160271
29199
160272
29200
160273
29201
160274
29202
160275
29203
160276
29204
160277
29205
160278
29206
160279
29207
160280
29208
160281
29209
160282
29210
160283
29211
160284
29212
160285
29213
160286
29214
160287
29215
160288
29216
160289
29217
160290
29218
160291
29219
160292
29220
160293
29221
160294
29222
29223
29224
29225
29226
29227
29228
29229
29230
29231
29232
29233
29234
29235
29236
29237
29238
29239
29240
29241
29242
29243
29244
29245
29246
29247
29248
29249
29250
29251
29252
29253
29254
29255
29256
29257
29258
29259
29260
29261
29262
29263
29264
29265
29266
29267
29268
29269
29270
29271
29272
29273
29274
29275
29276
29277
29278
29279
29280
29281
29282
29283
29284
29285
29286
29287
29288
29289
29290
29291
29292
29293
29294
29295
29296
29297
29298
29299
29300
29301
29302
29303
29304
29305
29306
29307
29308
29309
29310
29311
29312
29313
29314
29315
29316
29317
29318
29319
29320
29321
29322
29323
29324
29325
29326
29327
29328
29329
29330
29331
29332
29333
29334
29335
29336
29337
29338
29339
29340
29341
29342
29343
29344
29345
29346
29347
29348
29349
29350
29351
29352
29353
29354
29355
29356
29357
29358
29359
29360
29361
29362
29363
29364
29365
29366
29367
160440
29368
160441
29369
160442
29370
160443
29371
160444
29372
160445
29373
160446
29374
160447
29375
160448
29376
160449
29377
160450
29378
160451
29379
160452
29380
160453
29381
160454
29382
160455
29383
160456
29384
160457
29385
160458
29386
160459
29387
160460
29388
160461
29389
160462
29390
160463
29391
160464
29392
160465
29393
160466
29394
160467
29395
160468
29396
160469
29397
160470
29398
160471
29399
160472
29400
160473
29401
160474
29402
160475
29403
160476
29404
160477
29405
160478
29406
160479
29407
160480
29408
160481
29409
160482
29410
160483
29411
160484
29412
160485
29413
160486
29414
160487
29415
160488
29416
160489
29417
160490
29418
160491
29419
160492
29420
160493
29421
160494
29422
160495
29423
160496
29424
160497
29425
160498
29426
160499
29427
160500
29428
160501
29429
160502
29430
160503
29431
160504
29432
160505
29433
160506
29434
160507
29435
160508
29436
160509
29437
160510
29438
160511
29439
160512
29440
160513
29441
160514
29442
160515
29443
160516
29444
160517
29445
160518
29446
160519
29447
160520
29448
160521
29449
160522
29450
160523
29451
160524
29452
160525
29453
160526
29454
160527
29455
160528
29456
160529
29457
160530
29458
160531
29459
160532
29460
160533
29461
160534
29462
160535
29463
160536
29464
160537
29465
160538
29466
160539
29467
160540
29468
160541
29469
160542
29470
160543
29471
160544
29472
160545
29473
160546
29474
160547
29475
160548
29476
160549
29477
160550
29478
160551
29479
160552
29480
160553
29481
160554
29482
160555
29483
160556
29484
160557
29485
160558
29486
160559
29487
160560
29488
160561
29489
160562
29490
160563
29491
160564
29492
160565
29493
160566
29494
160567
29495
160568
29496
160569
29497
160570
29498
160571
29499
160572
29500
160573
29501
160574
29502
160575
29503
160576
29504
160577
29505
160578
29506
160579
29507
160580
29508
160581
29509
160582
29510
160583
29511
160584
29512
160585
29513
160586
29514
160587
29515
160588
29516
160589
29517
160590
29518
160591
29519
160592
29520
160593
29521
160594
29522
160595
29523
160596
29524
160597
29525
160598
29526
160599
29527
160600
29528
160601
29529
160602
29530
160603
29531
160604
29532
160605
29533
160606
29534
160607
29535
160608
29536
160609
29537
160610
29538
160611
29539
160612
29540
160613
29541
160614
29542
160615
29543
160616
29544
160617
29545
160618
29546
160619
29547
160620
29548
160621
29549
160622
29550
160623
29551
160624
29552
160625
29553
160626
29554
160627
29555
160628
29556
160629
29557
160630
29558
160631
29559
160632
29560
160633
29561
160634
29562
160635
29563
160636
29564
160637
29565
160638
29566
160639
29567
160640
29568
160641
29569
160642
29570
160643
29571
160644
29572
160645
29573
160646
29574
160647
29575
160648
29576
160649
29577
160650
29578
160651
29579
160652
29580
160653
29581
160654
29582
160655
29583
160656
29584
160657
29585
160658
29586
160659
29587
160660
29588
160661
29589
160662
29590
160663
29591
160664
29592
160665
29593
160666
29594
160667
29595
160668
29596
160669
29597
160670
29598
160671
29599
160672
29600
160673
29601
160674
29602
160675
29603
160676
29604
160677
29605
160678
29606
160679
29607
160680
29608
160681
29609
160682
29610
160683
29611
160684
29612
160685
29613
160686
29614
160687
29615
160688
29616
160689
29617
160690
29618
160691
29619
160692
29620
160693
29621
160694
29622
160695
29623
160696
29624
160697
29625
160698
29626
160699
29627
160700
29628
160701
29629
160702
29630
160703
29631
160704
29632
160705
29633
160706
29634
160707
29635
160708
29636
160709
29637
160710
29638
160711
29639
160712
29640
160713
29641
160714
29642
160715
29643
160716
29644
160717
29645
160718
29646
160719
29647
160720
29648
160721
29649
160722
29650
160723
29651
160724
29652
160725
29653
160726
29654
160727
29655
160728
29656
160729
29657
160730
29658
160731
29659
160732
29660
160733
29661
160734
29662
160735
29663
160736
29664
160737
29665
160738
29666
160739
29667
160740
29668
160741
29669
160742
29670
160743
29671
160744
29672
160745
29673
160746
29674
160747
29675
160748
29676
160749
29677
160750
29678
160751
29679
160752
29680
160753
29681
160754
29682
160755
29683
160756
29684
160757
29685
160758
29686
160759
29687
160760
29688
160761
29689
160762
29690
160763
29691
160764
29692
160765
29693
160766
29694
160767
29695
160768
29696
160769
29697
160770
29698
160771
29699
160772
29700
160773
29701
160774
29702
160775
29703
160776
29704
160777
29705
160778
29706
160779
29707
160780
29708
160781
29709
160782
29710
29711
29712
29713
29714
29715
29716
29717
29718
29719
29720
29721
29722
29723
29724
29725
29726
29727
29728
29729
29730
29731
29732
29733
29734
29735
29736
29737
29738
29739
29740
29741
29742
29743
29744
29745
29746
29747
29748
29749
29750
29751
29752
29753
29754
29755
29756
29757
29758
29759
29760
29761
29762
29763
29764
29765
29766
29767
29768
29769
29770
29771
29772
29773
29774
29775
29776
29777
29778
29779
29780
29781
29782
29783
29784
29785
29786
29787
29788
29789
29790
29791
29792
29793
29794
29795
29796
29797
29798
29799
29800
29801
29802
29803
29804
29805
29806
29807
29808
29809
29810
29811
29812
29813
29814
29815
29816
29817
29818
29819
29820
29821
29822
29823
29824
29825
29826
29827
29828
29829
29830
29831
29832
29833
29834
29835
29836
29837
29838
29839
29840
29841
29842
29843
29844
29845
29846
29847
29848
29849
29850
29851
29852
29853
29854
29855
29856
29857
29858
29859
29860
29861
29862
29863
29864
29865
29866
29867
29868
29869
29870
29871
29872
29873
29874
29875
29876
29877
29878
29879
29880
29881
29882
29883
29884
29885
29886
29887
29888
29889
29890
29891
29892
29893
29894
29895
29896
29897
29898
29899
29900
29901
29902
29903
29904
29905
29906
29907
29908
29909
29910
29911
29912
29913
29914
29915
29916
29917
29918
29919
29920
29921
29922
29923
29924
29925
29926
29927
29928
29929
29930
29931
29932
29933
29934
29935
29936
29937
29938
29939
29940
29941
29942
29943
29944
29945
29946
29947
29948
29949
29950
29951
29952
29953
29954
29955
29956
29957
29958
29959
29960
29961
29962
29963
29964
29965
29966
29967
29968
29969
29970
29971
29972
29973
29974
29975
29976
29977
29978
29979
29980
29981
29982
29983
29984
29985
29986
29987
29988
29989
29990
29991
29992
29993
29994
29995
29996
29997
29998
29999
30000
161073
30001
161074
30002
161075
30003
161076
30004
161077
30005
161078
30006
161079
30007
161080
30008
161081
30009
161082
30010
161083
30011
161084
30012
161085
30013
161086
30014
161087
30015
161088
30016
161089
30017
161090
30018
161091
30019
161092
30020
161093
30021
161094
30022
161095
30023
161096
30024
161097
30025
161098
30026
161099
30027
161100
30028
161101
30029
161102
30030
161103
30031
161104
30032
161105
30033
161106
30034
161107
30035
161108
30036
161109
30037
161110
30038
161111
30039
161112
30040
161113
30041
161114
30042
161115
30043
30044
30045
30046
30047
30048
30049
30050
30051
30052
30053
30054
30055
30056
30057
30058
30059
30060
30061
30062
30063
30064
30065
30066
30067
30068
30069
30070
30071
30072
30073
30074
30075
30076
30077
30078
30079
30080
30081
30082
30083
30084
30085
30086
30087
30088
161161
30089
161162
30090
161163
30091
161164
30092
161165
30093
161166
30094
161167
30095
161168
30096
161169
30097
161170
30098
161171
30099
161172
30100
161173
30101
161174
30102
161175
30103
161176
30104
161177
30105
161178
30106
161179
30107
161180
30108
161181
30109
161182
30110
161183
30111
161184
30112
161185
30113
161186
30114
161187
30115
161188
30116
161189
30117
161190
30118
161191
30119
161192
30120
161193
30121
161194
30122
161195
30123
161196
30124
161197
30125
161198
30126
161199
30127
161200
30128
161201
30129
161202
30130
161203
30131
161204
30132
161205
30133
161206
30134
161207
30135
161208
30136
161209
30137
161210
30138
161211
30139
161212
30140
161213
30141
161214
30142
161215
30143
161216
30144
161217
30145
161218
30146
161219
30147
161220
30148
161221
30149
161222
30150
161223
30151
161224
30152
161225
30153
161226
30154
161227
30155
161228
30156
161229
30157
161230
30158
161231
30159
161232
30160
161233
30161
161234
30162
161235
30163
161236
30164
161237
30165
161238
30166
161239
30167
161240
30168
161241
30169
161242
30170
161243
30171
161244
30172
161245
30173
161246
30174
161247
30175
161248
30176
161249
30177
161250
30178
161251
30179
161252
30180
161253
30181
161254
30182
161255
30183
161256
30184
161257
30185
161258
30186
161259
30187
161260
30188
161261
30189
161262
30190
161263
30191
161264
30192
161265
30193
161266
30194
161267
30195
161268
30196
161269
30197
161270
30198
161271
30199
161272
30200
161273
30201
161274
30202
161275
30203
161276
30204
161277
30205
161278
30206
161279
30207
30208
30209
30210
30211
30212
30213
30214
30215
30216
30217
30218
30219
30220
30221
30222
30223
30224
30225
30226
30227
30228
30229
30230
30231
30232
30233
30234
30235
30236
30237
30238
30239
30240
30241
30242
30243
30244
30245
30246
30247
30248
30249
30250
30251
30252
30253
30254
30255
30256
30257
30258
30259
30260
30261
30262
30263
30264
30265
30266
30267
30268
30269
30270
30271
30272
30273
30274
30275
30276
30277
30278
30279
30280
30281
30282
30283
30284
30285
30286
30287
30288
30289
30290
30291
30292
30293
30294
30295
30296
30297
30298
30299
30300
30301
30302
30303
30304
30305
30306
30307
30308
30309
30310
30311
30312
30313
30314
30315
30316
30317
30318
30319
30320
30321
30322
30323
30324
30325
30326
30327
30328
30329
30330
30331
30332
30333
30334
30335
30336
30337
30338
30339
30340
30341
30342
30343
30344
30345
30346
30347
30348
30349
30350
30351
30352
30353
30354
30355
30356
30357
30358
30359
30360
30361
30362
30363
30364
30365
30366
30367
30368
30369
30370
30371
30372
30373
30374
30375
30376
30377
30378
30379
30380
30381
30382
30383
30384
30385
30386
30387
30388
30389
30390
30391
30392
30393
30394
30395
30396
30397
30398
30399
30400
30401
30402
30403
30404
30405
30406
30407
30408
30409
30410
30411
30412
30413
30414
30415
30416
30417
30418
30419
30420
30421
30422
30423
30424
30425
30426
30427
30428
30429
30430
30431
30432
30433
30434
30435
30436
30437
30438
30439
30440
30441
30442
30443
30444
30445
30446
30447
30448
30449
30450
30451
30452
30453
30454
30455
30456
30457
30458
30459
30460
30461
30462
30463
30464
30465
30466
30467
30468
30469
30470
30471
30472
30473
30474
30475
30476
30477
30478
30479
30480
30481
30482
30483
30484
30485
30486
30487
30488
30489
30490
30491
30492
30493
30494
30495
30496
30497
30498
30499
30500
30501
30502
30503
30504
30505
30506
30507
30508
30509
30510
30511
30512
30513
30514
30515
30516
30517
30518
30519
30520
30521
30522
30523
30524
30525
30526
30527
30528
30529
30530
30531
30532
30533
30534
30535
30536
30537
30538
30539
30540
30541
30542
30543
30544
30545
30546
30547
30548
30549
30550
30551
30552
30553
30554
30555
30556
30557
30558
30559
30560
30561
30562
30563
30564
30565
30566
30567
30568
30569
30570
30571
30572
30573
30574
30575
30576
30577
30578
30579
30580
30581
30582
30583
30584
30585
30586
30587
30588
30589
30590
30591
30592
30593
30594
30595
30596
30597
30598
30599
30600
30601
30602
30603
30604
30605
30606
30607
30608
30609
30610
30611
30612
30613
30614
30615
30616
30617
30618
30619
30620
30621
30622
30623
30624
30625
30626
30627
30628
30629
30630
30631
30632
30633
30634
30635
30636
30637
30638
30639
30640
30641
30642
30643
30644
30645
30646
30647
30648
30649
30650
30651
30652
30653
30654
30655
30656
30657
30658
30659
30660
30661
30662
30663
30664
30665
30666
30667
30668
30669
30670
30671
30672
30673
30674
30675
30676
30677
30678
30679
30680
30681
30682
30683
30684
30685
30686
30687
30688
30689
30690
30691
30692
30693
30694
30695
30696
30697
30698
30699
30700
30701
30702
30703
30704
30705
30706
30707
30708
30709
30710
30711
30712
30713
30714
30715
30716
30717
30718
30719
30720
30721
30722
30723
30724
30725
30726
30727
30728
30729
30730
30731
30732
30733
30734
30735
30736
30737
30738
30739
30740
30741
30742
30743
30744
30745
30746
30747
30748
30749
30750
30751
30752
30753
30754
30755
30756
30757
30758
30759
30760
30761
30762
30763
30764
30765
30766
30767
30768
30769
30770
30771
30772
30773
30774
30775
30776
30777
30778
30779
30780
30781
30782
30783
30784
30785
30786
30787
30788
30789
30790
30791
30792
30793
30794
30795
30796
30797
30798
30799
30800
30801
30802
30803
30804
30805
30806
30807
30808
30809
30810
30811
30812
30813
30814
30815
30816
30817
30818
30819
30820
30821
30822
30823
30824
30825
30826
30827
30828
30829
30830
30831
30832
30833
30834
30835
30836
30837
30838
30839
30840
30841
30842
30843
30844
30845
30846
30847
30848
30849
30850
30851
30852
30853
30854
30855
30856
30857
30858
30859
30860
30861
30862
30863
30864
30865
30866
30867
30868
30869
30870
30871
30872
30873
30874
30875
30876
30877
30878
30879
30880
30881
30882
30883
30884
30885
30886
30887
30888
30889
30890
30891
30892
30893
30894
30895
30896
30897
30898
30899
30900
30901
30902
30903
30904
30905
30906
30907
30908
30909
30910
30911
30912
30913
30914
30915
30916
30917
30918
30919
30920
30921
30922
30923
30924
30925
30926
30927
30928
30929
30930
30931
30932
30933
30934
30935
30936
30937
30938
30939
30940
30941
30942
30943
30944
30945
30946
30947
30948
30949
30950
30951
30952
30953
30954
30955
30956
30957
30958
30959
30960
30961
30962
30963
30964
30965
162038
30966
162039
30967
162040
30968
162041
30969
162042
30970
162043
30971
162044
30972
30973
30974
30975
30976
30977
30978
30979
30980
30981
30982
30983
30984
30985
30986
30987
30988
30989
30990
30991
30992
30993
30994
30995
30996
30997
30998
30999
31000
31001
31002
31003
31004
31005
31006
31007
31008
31009
31010
31011
31012
31013
31014
31015
31016
31017
31018
31019
31020
31021
31022
31023
31024
31025
31026
31027
31028
31029
31030
31031
31032
31033
31034
31035
31036
31037
31038
31039
31040
31041
31042
31043
31044
31045
31046
31047
31048
31049
31050
31051
31052
31053
31054
31055
31056
31057
31058
31059
31060
31061
31062
31063
31064
31065
31066
31067
31068
31069
31070
31071
31072
31073
31074
31075
31076
31077
31078
31079
31080
31081
31082
31083
31084
31085
31086
31087
31088
31089
31090
31091
31092
31093
31094
31095
31096
31097
31098
31099
31100
31101
31102
31103
31104
31105
31106
31107
31108
31109
31110
31111
31112
31113
31114
31115
31116
31117
31118
31119
31120
31121
31122
31123
31124
31125
31126
31127
31128
31129
31130
31131
31132
31133
31134
31135
31136
31137
31138
31139
31140
31141
31142
31143
31144
31145
31146
31147
31148
31149
31150
31151
31152
31153
31154
31155
31156
31157
31158
31159
31160
31161
31162
31163
31164
31165
31166
31167
31168
31169
31170
31171
31172
31174
31175
31176
31177
31178
31179
31180
31182
31183
31184
31185
31186
31187
31188
31189
31190
31192
31193
31194
31195
31196
31197
31198
31199
31200
31201
31202
31203
31204
162277
31205
162278
31206
162279
31207
162280
31208
162281
31209
162282
31210
162283
31211
162284
31212
162285
31213
162286
31214
162287
31215
162288
31216
162289
31217
162290
31218
162291
31219
162292
31220
162293
31221
162294
31222
162295
31223
162296
31224
162297
31225
162298
31226
162299
31227
162300
31228
162301
31229
162302
31230
162303
31231
162304
31232
162305
31233
162306
31234
162307
31235
162308
31236
162309
31237
162310
31238
162311
31239
162312
31240
162313
31241
162314
31242
162315
31243
162316
31244
162317
31245
162318
31246
162319
31247
162320
31248
162321
31249
162322
31250
162323
31251
162324
31252
162325
31253
162326
31254
162327
31255
162328
31256
162329
31257
162330
31258
162331
31259
162332
31260
162333
31261
162334
31262
162335
31263
162336
31264
162337
31265
162338
31266
162339
31267
162340
31268
162341
31269
162342
31270
162343
31271
162344
31272
162345
31273
162346
31274
162347
31275
162348
31276
162349
31277
162350
31278
162351
31279
162352
31280
162353
162354
162355
162356
162357
31285
162358
31286
162359
162360
162361
31289
162362
31290
162363
31291
162364
162365
31293
162366
31294
162367
31295
162368
31296
162369
31297
162370
31298
162371
31299
162372
31300
162373
162374
162375
31303
162376
162377
31305
162378
31306
162379
162380
162381
31309
162382
31310
162383
31311
162384
31312
162385
31313
162386
31314
162387
31315
162388
31316
162389
31317
162390
31318
162391
31319
162392
31320
162393
31321
162394
162395
162396
162397
31325
162398
31326
162399
31327
162400
31328
162401
31329
162402
31330
162403
31331
162404
31332
162405
31333
162406
31334
162407
31335
162408
31336
162409
31337
162410
31338
162411
31339
162412
162413
162414
162415
31343
162416
31344
162417
31345
162418
162419
31347
162420
31348
162421
31349
162422
31350
162423
31351
162424
31352
162425
31353
162426
31354
162427
31355
162428
31356
162429
31357
162430
31358
162431
31359
162432
31360
162433
31361
162434
31362
162435
31363
162436
31364
162437
31365
162438
31366
162439
31367
162440
31368
162441
31369
162442
31370
162443
31371
162444
31372
162445
31373
162446
31374
162447
31375
162448
31376
162449
31377
162450
31378
162451
31379
162452
31380
162453
31381
162454
162455
162456
162457
31385
162458
162459
31387
162460
31388
162461
162462
162463
31391
162464
162465
31393
162466
31394
162467
31395
162468
31396
162469
31397
162470
31398
162471
31399
162472
31400
162473
31401
162474
162475
31403
162476
31404
162477
31405
162478
31406
162479
31407
162480
31408
162481
31409
162482
31410
162483
31411
162484
162485
31413
162486
31414
162487
31415
162488
31416
162489
31417
162490
31418
162491
31419
162492
31420
162493
162494
162495
162496
31424
162497
31425
162498
31426
162499
31427
162500
31428
162501
31429
162502
31430
162503
31431
162504
31432
162505
31433
162506
31434
162507
162508
162509
31437
162510
162511
31439
162512
31440
162513
162514
162515
162516
31444
162517
31445
162518
31446
162519
31447
162520
31448
162521
31449
162522
31450
162523
31451
162524
31452
162525
162526
31457
31458
31459
31460
31461
31462
31463
31464
31465
31467
31471
31472
31473
31474
31475
31476
31477
31478
31479
31484
31485
31486
31487
31488
31489
31490
31491
31492
31493
31494
31495
31496
31497
31498
31499
31504
31506
31507
31509
31510
31511
31514
31515
31516
31517
31518
31519
31520
31521
31522
31523
31524
31525
31526
31527
31528
31529
31530
31531
31532
31533
31534
31535
31536
31537
31538
31539
31540
31542
31544
31547
31549
31550
31551
31552
31553
31554
31556
31557
31558
31559
31560
31561
31562
31563
31564
31565
31572
31573
31578
31579
162653
162654
162655
31583
162656
31584
162657
31585
162658
31586
162659
31587
162660
31588
162661
31589
162662
31590
162663
31591
162664
31592
162665
162666
162667
162668
162669
162670
31598
162671
31599
162672
162673
162674
31602
162675
31603
162676
31604
162677
31605
162678
31606
162679
31607
162680
31608
162681
162682
31610
162683
31611
162684
31612
162685
31613
162686
31614
162687
31615
162688
31616
162689
31617
162690
31618
162691
31619
162692
162693
162694
162695
162696
162697
162698
31626
162699
31627
162700
31628
162701
31629
162702
31630
162703
31631
162704
31632
162705
162706
162707
31635
162708
31636
162709
31637
162710
31638
162711
31639
162712
162713
31641
162714
162715
162716
31644
162717
31645
162718
162719
162720
162721
162722
31650
162723
31651
162724
162725
162726
162727
31655
162728
162729
31657
162730
31658
162731
31659
162732
31660
162733
31661
162734
31662
162735
31663
162736
31664
162737
31665
162738
31666
162739
31667
162740
31668
162741
162742
31670
162743
162744
162745
162746
162747
162748
31676
162749
162750
31678
162751
31679
162752
31680
162753
31681
162754
162755
31683
162756
31684
162757
31685
162758
31686
162759
162760
31688
162761
31689
162762
31690
162763
31691
162764
31692
162765
31693
162766
31694
162767
31695
162768
31696
162769
31697
162770
162771
162772
162773
162774
162775
162776
162777
162778
31706
162779
162780
162781
162782
31710
162783
162784
162785
162786
162787
31715
162788
31716
162789
31717
162790
31718
162791
31719
162792
31720
162793
31721
162794
31722
162795
31723
162796
31724
162797
31725
162798
31726
162799
162800
162801
31729
162802
162803
31731
162804
31732
162805
31733
162806
31734
162807
31735
162808
31736
162809
31737
162810
31738
162811
31739
162812
31740
162813
31741
162814
31742
162815
31743
162816
162817
162818
162819
31747
162820
31748
162821
31749
162822
31750
162823
31751
162824
162825
31753
162826
162827
162828
162829
162830
162831
162832
162833
31761
162834
31762
162835
31763
162836
31764
162837
31765
162838
31766
162839
31767
162840
31768
162841
31769
162842
31770
162843
31771
162844
31772
162845
31773
162846
31774
162847
31775
162848
162849
162850
162851
162852
31780
162853
31781
162854
162855
162856
162857
162858
162859
162860
31788
162861
31789
162862
31790
162863
31791
162864
31792
162865
31793
162866
31794
162867
31795
162868
31796
162869
31797
162870
31798
162871
31799
162872
162873
162874
162875
162876
162877
162878
162879
162880
162881
31809
162882
162883
31811
162884
31812
162885
31813
162886
31814
162887
31815
162888
31816
162889
31817
162890
31818
162891
162892
162893
162894
162895
162896
162897
162898
31826
162899
31827
162900
31828
162901
31829
162902
31830
162903
31831
162904
162905
31833
162906
31834
162907
31835
162908
31836
162909
162910
162911
162912
162913
31841
162914
31842
162915
31843
162916
31844
162917
31845
162918
162919
31847
162920
31848
162921
162922
162923
31851
162924
31852
162925
31853
162926
31854
162927
162928
31856
162929
162930
162931
31859
162932
31860
162933
31861
162934
31862
162935
31863
162936
31864
162937
31865
162938
31866
162939
162940
162941
162942
162943
162944
162945
31873
162946
162947
162948
162949
31877
162950
31878
162951
31879
162952
162953
162954
162955
31883
162956
31884
162957
31885
162958
31886
162959
162960
31888
162961
31889
162962
31890
162963
31891
162964
31892
162965
31893
162966
31894
162967
31895
162968
31896
162969
31897
162970
31898
162971
162972
31900
162973
31901
162974
162975
31903
162976
31904
162977
31905
162978
31906
162979
162980
162981
162982
162983
31911
162984
162985
162986
162987
162988
162989
31917
162990
31918
162991
31919
162992
31920
162993
31921
162994
31922
162995
31923
162996
31924
162997
31925
162998
31926
162999
163000
31928
163001
31929
31930
31931
31932
31933
31934
31935
31936
31937
31938
31939
31940
31941
31942
31957
31958
31964
31965
31966
31967
31968
31971
31975
31990
31991
31992
31993
31994
31995
31996
31997
31998
31999
32000
32001
32003
32004
32005
32006
32007
32008
32009
32010
32011
32021
32022
32023
32024
32025
32026
32027
32028
32029
32034
32035
32036
32037
32039
32054
32064
32065
32067
32068
32069
32070
32071
32072
32073
32074
32075
32076
32077
32080
32087
32090
32091
32092
32093
32094
32095
32096
32097
32099
32102
32103
32104
32105
32106
32107
32108
32109
32110
32111
32112
32113
32114
32116
32117
32139
32140
32141
32142
32143
32144
32145
32146
32147
32148
32150
32151
32152
32153
32155
32158
32159
32160
32161
32162
32163
32164
32165
32167
32169
32171
32176
32177
32178
32179
32180
32183
163263
163264
163265
32193
163266
163267
32195
163268
32196
163269
32197
163270
32198
163271
32199
163272
32200
163273
32201
163274
32202
163275
32203
163276
32204
163277
32205
163278
32206
163279
32207
163280
32208
163281
32209
163282
32210
163283
163284
163285
163286
163287
163288
163289
163290
32218
163291
163292
32220
163293
163294
163295
163296
163297
163298
32226
163299
32227
163300
32228
163301
32229
163302
32230
32231
32232
32233
32234
32235
32236
32237
32238
32239
32240
32242
32253
32254
32255
32256
32257
32258
32259
32260
32261
32262
32264
32274
163347
32275
163348
32276
163349
32277
163350
32278
163351
32279
163352
32280
163353
163354
163355
163356
32284
163357
32285
163358
163359
163360
163361
163362
163363
163364
32292
163365
32293
163366
32294
163367
32295
163368
32296
163369
32297
163370
32298
163371
163372
163373
32301
163374
32302
163375
163376
163377
163378
32306
163379
32307
163380
32308
163381
32309
163382
32310
163383
163384
163385
32313
163386
163387
163388
32316
163389
32317
163390
32318
163391
32319
163392
32320
163393
32321
163394
32322
163395
32323
163396
32324
163397
163398
32326
163399
163400
163401
163402
163403
163404
163405
163406
163407
163408
163409
163410
32338
163411
163412
163413
163414
163415
163416
32344
163417
32345
163418
32346
163419
32347
163420
163421
32349
163422
32350
163423
163424
32352
163425
32353
163426
32354
163427
32355
163428
32356
163429
32357
163430
32358
163431
32359
163432
32360
163433
32361
163434
32362
163435
163436
32364
163437
32365
163438
32366
163439
163440
32368
163441
32369
163442
32370
163443
32371
163444
163445
163446
163447
163448
32376
163449
163450
163451
163452
163453
163454
32382
163455
32383
163456
32384
163457
32385
163458
32386
163459
32387
163460
32388
163461
32389
163462
32390
163463
163464
32392
163465
32393
163466
32394
163467
163468
163469
163470
32399
32400
32401
32402
32403
32404
32406
32407
32408
32409
32411
32412
32431
32432
32438
32439
32440
32441
32442
32443
32444
32445
32446
32447
32469
32470
32471
32472
32473
32474
32475
32476
32477
32478
32479
32480
32481
32483
32484
32485
32486
32490
32491
32493
32503
32504
32505
32506
32507
32508
32509
32510
32511
32512
32513
32514
32519
32520
32521
32522
32523
32556
32557
32558
32559
32560
32561
32562
32563
32564
32565
32566
32567
32568
32582
32583
32584
32585
32586
32587
32588
32589
32590
32597
32599
32601
32602
32603
32604
32605
32606
32607
32608
32609
32610
32611
32615
32640
32641
32642
32643
32644
32645
32646
32647
32648
32649
32650
32652
32653
32654
32655
32656
32661
32662
32663
32664
32665
32666
32667
32672
32680
32681
32682
32683
32697
32698
32699
32700
32701
32702
32704
32706
32707
32708
32710
32711
32712
32713
32714
32715
32722
32733
32734
32735
32736
32737
32738
32739
32740
32741
32742
32743
32744
32745
32746
32747
32748
32749
32750
32751
32752
32757
32770
32771
32772
32773
32774
32775
32776
32777
32778
32779
32781
32795
32796
32797
32798
32799
32800
32801
32802
32803
32808
32818
32819
32820
32821
32822
32823
32834
32835
32836
32840
32845
32846
32847
32848
32849
32850
32851
32852
32855
32856
32878
32883
32884
32885
32886
32887
32888
32889
32890
32891
32892
32894
32895
32898
32899
32900
32901
32912
32913
32914
32915
32916
32917
32918
32919
32920
32921
32922
32923
32924
32930
32931
32932
32933
32934
32935
32936
32940
32941
32942
32943
32944
32947
32948
32975
32976
32981
32982
32983
32984
32985
32986
32987
32988
32989
32990
32991
32992
32993
33018
33019
33020
33021
33022
33023
33024
33025
33026
33027
33028
33029
33030
33033
33034
33043
33058
33059
33060
33061
33062
33063
33064
33065
33066
33067
33068
164141
33069
164142
33070
164143
33071
164144
33072
164145
33073
164146
33074
33081
33082
33083
33084
33085
33086
33125
33126
33127
33128
33129
33130
33131
33132
33133
33134
33135
33136
33137
33138
33139
33140
33141
33142
33156
33157
33158
33159
33160
33161
33166
33171
33172
33174
33176
33177
33178
33179
33180
33181
33182
33183
33184
33185
33186
33187
33218
33219
33220
33221
33222
33223
33224
33225
33226
33227
33228
33229
33233
33235
33237
33242
33243
33244
33245
33246
33247
33248
33249
33254
33264
33265
33266
33267
164356
33284
164357
164358
33286
164359
33287
164360
33288
164361
33289
164362
164363
164364
164365
164366
164367
33295
164368
33296
164369
164370
33298
164371
33299
164372
33300
164373
33301
164374
164375
33303
164376
164377
164378
164379
164380
164381
164382
164383
164384
164385
164386
164387
164388
164389
164390
164391
164392
164393
164394
164395
164396
164397
33325
164398
33326
164399
33327
164400
33328
164401
33329
164402
33330
164403
33331
164404
33332
164405
33333
164406
33334
164407
33335
164408
33336
164409
33337
164410
33338
164411
33339
164412
33340
164413
33341
164414
33342
164415
33343
164416
33344
164417
33345
164418
33346
164419
33347
164420
33348
164421
164422
164423
164424
33352
164425
164426
164427
164428
164429
164430
164431
164432
164433
164434
164435
164436
164437
164438
164439
33367
164440
33368
164441
33369
164442
33370
164443
33371
164444
33372
164445
33373
164446
33374
164447
164448
164449
164450
33378
164451
164452
164453
164454
164455
164456
164457
164458
164459
164460
164461
164462
164463
164464
164465
164466
164467
33395
164468
33396
164469
33397
164470
33398
164471
33399
164472
33400
164473
33401
164474
33402
164475
33403
164476
33404
164477
33405
164478
164479
164480
164481
164482
164483
164484
164485
164486
164487
164488
164489
164490
164491
164492
164493
33421
164494
33422
164495
33423
164496
33424
164497
33425
164498
33426
164499
33427
164500
33428
164501
33429
164502
164503
164504
164505
164506
164507
164508
164509
164510
164511
164512
33440
164513
33441
164514
33442
164515
33443
164516
164517
164518
164519
164520
164521
164522
164523
164524
33452
164525
33453
164526
33454
164527
33455
164528
33456
164529
33457
164530
33458
164531
33459
164532
33460
164533
164534
33462
164535
33463
164536
164537
164538
164539
33467
164540
164541
164542
164543
164544
164545
164546
164547
164548
164549
164550
164551
164552
164553
164554
164555
164556
164557
164558
164559
164560
164561
164562
164563
164564
164565
164566
33494
164567
33495
164568
33496
164569
33497
164570
33498
164571
33499
164572
33500
164573
33501
164574
33502
164575
33503
164576
164577
33505
164578
33506
164579
164580
164581
164582
33510
164583
164584
33512
164585
164586
164587
164588
164589
164590
164591
164592
33524
33525
33526
33527
33528
33529
33530
33531
33532
33533
33534
33536
33539
33540
33548
33549
33550
33551
33552
33553
33558
33559
33560
33565
33598
33599
33604
33605
33606
33607
33608
33609
33610
33611
33612
33613
33614
33615
33616
164701
164702
164703
164704
164705
164706
164707
164708
164709
164710
164711
164712
164713
164714
164715
164716
164717
164718
164719
33647
164720
33648
164721
33649
164722
33650
164723
33651
164724
33652
164725
33653
164726
33654
164727
164728
164729
33657
164730
33658
164731
164732
33660
164733
164734
33662
164735
164736
164737
164738
164739
164740
164741
164742
164743
164744
164745
164746
164747
164748
164749
164750
164751
164752
164753
164754
164755
164756
164757
164758
164759
33687
164760
33688
164761
33689
164762
33690
164763
33691
164764
33692
164765
33693
164766
33694
164767
33695
164768
33696
164769
33697
164770
33698
164771
33699
164772
33700
164773
33701
164774
33702
164775
33703
164776
33704
164777
164778
164779
164780
164781
164782
164783
164784
164785
33713
164786
33714
164787
33715
164788
33716
164789
33717
164790
164791
164792
164793
164794
164795
164796
164797
164798
164799
164800
164801
164802
164803
164804
164805
164806
164807
164808
164809
164810
164811
164812
164813
164814
164815
164816
164817
164818
164819
164820
164821
164822
164823
164824
164825
164826
164827
164828
164829
33757
164830
33758
164831
33759
164832
33760
164833
33761
164834
33762
164835
33763
164836
33764
164837
33765
164838
33766
164839
33767
164840
33768
164841
33769
164842
33770
164843
33771
164844
33772
164845
33773
164846
33774
164847
33775
164848
33776
164849
33777
164850
164851
164852
164853
164854
164855
164856
164857
164858
164859
164860
164861
164862
164863
33791
164864
33792
164865
33793
164866
33794
164867
33795
164868
33796
164869
164870
164871
164872
164873
164874
164875
164876
164877
164878
164879
164880
164881
33809
164882
33810
164883
164884
164885
164886
164887
33815
164888
33816
164889
33817
164890
33818
164891
33819
164892
33820
164893
33821
164894
164895
33823
164896
164897
164898
164899
164900
164901
164902
164903
164904
164905
164906
164907
164908
164909
164910
164911
164912
164913
164914
164915
164916
164917
164918
164919
164920
164921
164922
164923
164924
164925
164926
164927
164928
164929
164930
164931
164932
164933
164934
164935
33863
164936
33864
164937
33865
164938
33866
164939
33867
164940
33868
164941
33869
164942
33870
164943
33871
164944
33872
164945
33873
164946
33874
164947
164948
164949
33877
164950
164951
164952
164953
164954
33882
164955
164956
164957
33885
164958
164959
164960
33888
164961
164962
164963
164964
33892
164965
33893
164966
33894
164967
33895
164968
33896
164969
33897
164970
33898
164971
33899
164972
164973
164974
164975
164976
33904
164977
164978
164979
164980
164981
164982
164983
164984
164985
164986
164987
164988
33916
164989
33917
164990
33918
164991
164992
164993
164994
164995
164996
164997
164998
164999
165000
165001
165002
165003
165004
165005
165006
165007
165008
165009
33937
165010
33938
165011
33939
165012
165013
165014
165015
165016
165017
165018
165019
33947
165020
33948
165021
33949
165022
33950
165023
165024
165025
165026
165027
165028
165029
165030
165031
165032
165033
165034
165035
165036
165037
165038
165039
165040
165041
165042
165043
165044
165045
165046
165047
165048
165049
165050
33978
165051
33979
165052
33980
165053
33981
33982
33983
33984
33985
33986
33987
33988
33989
33990
33991
33992
33993
33994
33995
33996
33997
33999
34000
34002
34022
34023
34024
34025
34026
34027
34028
34029
34034
34035
34056
34057
34058
34059
34060
34061
34062
34063
34064
34065
34066
34082
34083
34084
34085
34086
34087
34088
34089
34090
34103
34104
34105
34117
34118
34119
34120
34121
34122
34123
34124
34125
34126
34128
34163
34164
34165
34166
34167
34168
34169
34170
34172
34173
34179
34181
34191
34192
34193
34194
34195
34196
34197
34198
34199
34200
34201
34203
34206
34207
34216
34217
34218
34219
165292
34220
165293
34221
165294
34222
165295
165296
165297
165298
165299
34227
165300
165301
34229
165302
165303
165304
165305
165306
34234
165307
165308
165309
165310
165311
165312
165313
165314
165315
165316
165317
165318
165319
165320
165321
165322
165323
165324
34269
34270
34275
34276
34277
34278
34279
34280
34281
34282
34283
34284
165357
34285
165358
34286
165359
34287
165360
34288
165361
34289
165362
34290
165363
34291
165364
34292
165365
34293
165366
34294
165367
34295
165368
165369
165370
165371
165372
165373
165374
165375
165376
165377
165378
165379
165380
165381
165382
165383
165384
165385
165386
165387
165388
165389
165390
165391
165392
165393
165394
165395
165396
165397
165398
165399
165400
165401
165402
165403
165404
34332
165405
34333
165406
34334
165407
34335
165408
34336
165409
34337
165410
34338
165411
165412
165413
34341
165414
165415
34343
165416
165417
165418
165419
165420
165421
165422
165423
165424
165425
165426
165427
165428
165429
165430
165431
165432
165433
165434
165435
165436
165437
165438
165439
165440
165441
165442
165443
34371
165444
34372
165445
34373
165446
34374
165447
34375
165448
34376
165449
34377
165450
34378
165451
34379
165452
34380
165453
34381
165454
34382
165455
34383
165456
34384
165457
34385
165458
34386
165459
34387
165460
34388
165461
34389
165462
34390
165463
34391
165464
34392
165465
34393
165466
34394
165467
34395
165468
34396
165469
34397
165470
34398
165471
34399
165472
165473
165474
165475
165476
165477
165478
165479
165480
165481
34409
165482
34410
165483
34411
165484
34412
165485
34413
165486
34414
165487
165488
34461
34462
34463
34464
34465
34466
34467
34468
34469
34470
34471
34472
34473
34474
34475
34476
34477
34478
34479
34480
34481
34482
34483
34484
34485
34486
34487
34488
34489
34490
34505
34506
34507
34508
34509
34510
34524
34525
34531
34532
34533
34534
34535
34536
34539
34584
34585
34586
34587
34588
34589
34590
34591
34592
34593
34594
34595
34596
34600
34605
34617
34618
34619
34620
34621
34622
34626
34637
34638
34639
34660
34661
34662
34670
34671
34673
34674
34675
34710
34711
34712
34713
34714
34715
34716
34717
34718
34719
34720
34721
34722
34723
34724
34725
34726
34727
34728
34729
34730
34731
34732
34733
34735
34762
34763
34764
34765
34766
34767
34768
34773
34774
34796
34797
34798
34799
34800
34801
34802
34803
34804
34805
34806
34807
34808
34828
34829
34830
34831
34832
34833
34834
34835
34836
34851
34852
34853
34867
34868
34869
34870
34871
34872
34873
34874
34875
34876
34877
34878
34924
34925
34926
34927
34928
34929
34930
34931
34932
34940
34950
34951
34952
34953
34954
34955
34956
34957
34958
34959
34960
34961
34963
34966
34968
34978
34979
34980
34981
34982
34983
34984
34985
34991
35000
166081
166082
166083
166084
166085
166086
35040
35047
35048
35049
35050
35051
35052
35053
35054
35055
35056
35057
35058
35059
35060
35061
35062
35063
35064
35065
35066
35067
35068
35069
35070
35071
35110
35111
35112
35113
35114
35115
35116
35121
35151
35152
35153
35154
35155
35156
35157
35158
35159
35160
35161
35162
35163
35164
35165
35166
35167
35168
35169
35170
35171
35172
35173
35174
35175
35176
35177
35178
35179
35180
35181
35182
35183
166256
35184
166257
35185
166258
166259
166260
166261
166262
166263
166264
166265
166266
166267
166268
166269
35197
166270
35198
166271
35199
166272
35200
166273
35201
166274
35202
166275
166276
166277
166278
166279
166280
166281
166282
166283
166284
166285
166286
166287
166288
166289
166290
166291
166292
166293
166294
166295
166296
166297
166298
166299
166300
166301
166302
166303
166304
166305
166306
166307
166308
166309
166310
166311
166312
166313
166314
166315
166316
166317
166318
166319
166320
166321
166322
166323
166324
166325
35253
166326
35254
166327
35255
166328
35256
166329
35257
166330
35258
166331
35259
166332
35260
166333
35261
166334
35262
166335
35263
166336
35264
166337
35265
166338
35266
166339
35267
166340
35268
166341
35269
166342
35270
166343
35271
166344
35272
166345
35273
166346
35274
166347
35275
166348
35276
166349
35277
166350
35278
166351
35279
166352
35280
166353
35281
166354
35282
166355
35283
166356
35284
166357
35285
166358
35286
166359
166360
166361
166362
166363
166364
166365
166366
166367
166368
166369
166370
166371
166372
35300
166373
35301
166374
35302
166375
35303
166376
35304
166377
35305
166378
166379
166380
166381
166382
166383
166384
166385
166386
166387
166388
166389
166390
166391
166392
166393
166394
166395
35323
166396
166397
166398
166399
166400
166401
166402
166403
35331
166404
35332
166405
35333
166406
35334
166407
35335
166408
35336
166409
166410
166411
166412
35340
166413
166414
166415
166416
166417
166418
166419
166420
166421
166422
166423
166424
166425
166426
166427
166428
166429
166430
166431
166432
166433
166434
166435
166436
166437
166438
166439
166440
166441
166442
166443
166444
166445
166446
166447
166448
166449
166450
166451
166452
35380
166453
35381
166454
35382
166455
35383
166456
35384
166457
35385
166458
35386
166459
35387
166460
35388
166461
35389
166462
35390
166463
35391
166464
35392
166465
166466
166467
166468
166469
35397
166470
166471
166472
166473
166474
166475
35403
166476
166477
166478
166479
166480
166481
166482
166483
166484
166485
166486
35416
35417
35418
35419
35420
35421
35422
35427
35428
35441
35442
35443
35444
35445
35464
35467
35468
35469
35470
35478
35482
166575
166576
166577
166578
166579
166580
166581
166582
166583
166584
166585
166586
166587
166588
166589
166590
166591
166592
166593
166594
35522
166595
35523
166596
35524
166597
35525
166598
35526
166599
35527
166600
35528
166601
35529
166602
35530
166603
35531
166604
35532
166605
35533
166606
35534
166607
35535
166608
35536
166609
35537
166610
35538
166611
35539
166612
35540
166613
35541
166614
35542
166615
35543
166616
35544
166617
35545
166618
35546
166619
35547
166620
35548
166621
35549
166622
166623
166624
166625
166626
166627
166628
166629
166630
166631
166632
166633
166634
166635
166636
166637
166638
166639
166640
166641
166642
166643
166644
166645
166646
166647
166648
166649
166650
166651
166652
166653
166654
35582
166655
35583
166656
35584
166657
35585
166658
35586
166659
35587
166660
35588
166661
35589
166662
166663
166664
166665
35593
166666
35594
166667
166668
166669
166670
166671
166672
166673
166674
166675
166676
166677
166678
166679
166680
166681
166682
166683
166684
166685
166686
166687
166688
166689
166690
166691
35619
166692
35620
166693
35621
166694
35622
166695
35623
166696
35624
166697
35625
166698
35626
166699
35627
166700
35628
166701
35629
166702
35630
166703
35631
166704
35632
166705
166706
166707
166708
166709
166710
166711
166712
166713
166714
166715
166716
166717
166718
166719
166720
166721
166722
166723
166724
166725
166726
166727
166728
166729
166730
166731
35659
166732
35660
166733
35661
166734
35662
166735
35663
166736
35664
166737
35665
166738
35666
166739
35667
166740
35668
166741
35669
166742
166743
166744
166745
166746
166747
166748
166749
166750
166751
166752
166753
166754
166755
166756
166757
166758
166759
166760
166761
35689
166762
35690
166763
35691
166764
166765
166766
166767
166768
166769
166770
166771
166772
166773
166774
166775
166776
166777
166778
35706
166779
35707
166780
35708
166781
35709
166782
35710
166783
35711
166784
35712
166785
35713
166786
35714
166787
35715
166788
35716
166789
35717
166790
35718
166791
35719
166792
166793
166794
166795
166796
166797
166798
166799
166800
166801
166802
166803
166804
166805
166806
166807
166808
166809
166810
166811
166812
166813
166814
166815
166816
166817
166818
166819
166820
166821
166822
166823
166824
166825
166826
166827
166828
166829
166830
166831
166832
166833
166834
166835
166836
166837
166838
166839
35767
166840
35768
166841
166842
166843
35771
166844
35772
166845
35773
166846
166847
166848
166849
166850
166851
166852
166853
166854
166855
166856
166857
166858
166859
166860
166861
166862
166863
166864
166865
166866
35794
166867
35795
166868
35796
166869
35797
166870
35798
166871
35799
166872
35800
166873
35801
166874
35802
166875
35803
166876
35804
166877
35805
166878
35806
166879
166880
35808
166881
166882
166883
35811
166884
166885
166886
166887
166888
166889
166890
166891
166892
166893
166894
166895
166896
35824
166897
35825
166898
35826
166899
35827
166900
35828
166901
35829
166902
35830
166903
35831
166904
35832
166905
166906
166907
166908
166909
166910
166911
166912
166913
166914
166915
166916
166917
166918
166919
166920
166921
35849
166922
166923
166924
166925
166926
166927
166928
166929
166930
35903
35904
35905
35906
35907
35908
35909
35910
35911
35912
35913
35914
35915
35916
35917
35918
35919
35920
35921
35922
35923
35924
35925
35926
35927
35928
35929
35971
35972
36015
36016
36017
36018
36019
36020
36021
36022
36023
36024
36025
36026
36027
36028
36029
36030
36031
36032
36033
36034
36035
36036
36037
36038
36039
36040
36041
36042
36043
36044
36045
36046
36047
36048
36049
36050
36051
36052
167125
167126
167127
167128
167129
167130
167131
167132
167133
167134
167135
167136
167137
167138
167139
167140
36068
167141
36069
167142
36070
167143
36071
167144
36072
167145
167146
167147
167148
167149
167150
167151
167152
167153
167154
167182
167183
167184
167185
167186
167187
167188
167189
167190
167191
167192
167193
167194
167195
167196
167197
167198
167199
36127
167200
36128
167201
36129
167202
36130
167203
36131
167204
36132
167205
36133
167206
36134
167207
36135
167208
36136
167209
36137
167210
36138
167211
36139
167212
36140
167213
36141
167214
36142
167215
36143
167216
36144
167217
36145
167218
36146
167219
36147
167220
36148
167221
36149
167222
36150
167223
36151
167224
36152
167225
36153
167226
36154
167227
36155
167228
36156
167229
36157
167230
36158
167231
36159
167232
36160
167233
36161
167234
167235
167236
167237
167238
167239
167240
167241
167242
167243
167244
167245
167246
167247
167248
167249
36177
167250
36178
167251
36179
167252
36180
167253
36181
167254
36182
167255
167256
167257
167258
167259
167260
167261
167262
167263
167264
167265
167266
167267
167268
167269
167270
167271
167272
167273
36201
167274
36202
167275
167276
167277
167278
167279
167280
167281
167282
167283
167284
167285
167286
36214
167287
36215
167288
36216
167289
36217
167290
36218
167291
167292
167293
167294
167295
167296
167297
167298
167299
167300
167301
167302
167303
167304
167305
167306
167307
167308
167309
167310
167311
167312
167313
167314
167315
167316
167317
167318
36265
36266
36267
36268
36269
36270
36271
36272
36273
36274
36275
36276
36277
36278
36279
36285
36290
36302
36303
36304
36305
36312
36313
36328
36329
36330
36331
36332
36352
36353
36354
36355
36362
36363
36367
36414
36415
36416
36417
36418
36419
36420
36421
36422
36423
36424
36425
36426
36427
36428
36429
36430
36431
36432
36433
36434
36435
36436
36437
36438
36439
36440
36441
36442
36479
36480
36481
36482
36483
36484
36485
36486
36487
36491
36492
36493
36517
36518
36519
36520
36521
36522
36523
36524
36525
36526
36527
36528
36529
36530
36531
36559
36560
36561
36562
36563
36564
36565
36566
36567
36568
36569
36570
36571
36594
36595
36596
36614
36615
36616
36617
36618
36619
36620
36621
36622
36623
36624
36625
36626
36627
36628
36690
36710
36711
36712
36713
36714
36715
36716
36717
36718
36719
36720
36722
36741
36742
36743
36744
36745
36746
36747
36748
167842
167843
167844
167845
167846
167847
36827
36828
36829
36830
36831
36832
36833
36834
36835
36836
36837
36838
36839
36840
36841
36842
36843
36844
36845
36846
36847
36848
36849
36850
36851
36852
36853
36854
36855
36856
36857
36858
36859
36860
36861
36862
36863
36912
167995
167996
167997
167998
167999
168000
168001
168002
168003
168004
168005
168006
168007
168008
168009
168010
168011
168012
168013
168014
168015
168016
168017
168018
168019
168020
168021
168022
168023
168024
168025
168026
168027
168028
168029
168030
168031
168032
168033
168034
168035
168036
36964
168037
36965
168038
36966
168039
36967
168040
36968
168041
36969
168042
36970
168043
36971
168044
36972
168045
36973
168046
36974
168047
36975
168048
36976
168049
36977
168050
36978
168051
36979
168052
36980
168053
36981
168054
36982
168055
36983
168056
36984
168057
36985
168058
36986
168059
36987
168060
36988
168061
36989
168062
36990
168063
36991
168064
36992
168065
36993
168066
36994
168067
36995
168068
36996
168069
36997
168070
36998
168071
36999
168072
37000
168073
37001
168074
37002
168075
37003
168076
37004
168077
37005
168078
37006
168079
37007
168080
37008
168081
37009
168082
37010
168083
37011
168084
37012
168085
37013
168086
168087
168088
168089
168090
168091
168092
168093
168094
168095
168096
168097
168098
168099
168100
168101
168102
168103
37031
168104
37032
168105
37033
168106
37034
168107
37035
168108
37036
168109
168110
168111
168112
168113
168114
168115
168116
168117
168118
168119
168120
168121
168122
168123
168124
168125
168126
168127
168128
168129
168130
168131
168132
168133
168134
168135
168136
168137
168138
168139
168140
168141
168142
168143
168144
168145
168146
168147
168148
168149
168150
168151
168152
168153
168154
168155
168156
168157
168158
168159
168160
168161
168162
168163
168164
168165
37093
168166
37094
168167
37095
168168
37096
168169
37097
168170
37098
168171
37099
168172
37100
168173
37101
168174
37102
168175
37103
168176
37104
168177
37105
168178
37106
168179
37107
168180
37108
168181
37109
168182
37110
168183
37111
168184
37112
168185
37113
168186
37114
168187
37115
168188
37116
168189
37117
168190
37118
168191
37119
168192
37120
168193
37121
168194
37122
168195
37123
168196
37124
168197
37125
168198
37126
168199
37127
168200
37128
168201
37129
168202
37130
168203
37131
168204
37132
168205
37133
168206
168207
168208
168209
168210
168211
168212
168213
168214
168215
168216
168217
168218
168219
37150
37151
37152
37153
37154
37155
37156
37157
37195
37196
37197
37198
168295
168296
168297
168298
168299
168300
168301
168302
168303
168304
168305
168306
168307
168308
168309
168310
168311
168312
168313
168314
168315
168316
168317
168318
168319
168320
37248
168321
37249
168322
37250
168323
37251
168324
37252
168325
37253
168326
37254
168327
37255
168328
37256
168329
37257
168330
37258
168331
37259
168332
37260
168333
37261
168334
37262
168335
37263
168336
168337
168338
168339
168340
168341
168342
168343
168344
168345
37273
168346
168347
168348
168349
168350
168351
168352
168353
168354
168355
168356
168357
37285
168358
37286
168359
37287
168360
168361
168362
168363
168364
168365
168366
168367
168368
37296
168369
37297
168370
168371
168372
168373
168374
168375
168376
168377
168378
168379
168380
168381
168382
168383
37311
168384
37312
168385
37313
168386
37314
168387
37315
168388
168389
168390
168391
168392
168393
168394
168395
168396
168397
168398
168399
168400
168401
168402
168403
168404
168405
168406
168407
168408
37336
168409
37337
168410
37338
168411
37339
168412
168413
168414
168415
168416
168417
168418
37346
168419
168420
168421
168422
168423
168424
168425
168426
168427
168428
168429
168430
168431
168432
168433
168434
168435
168436
168437
168438
168439
168440
168441
168442
168443
168444
168445
168446
168447
168448
168449
168450
168451
168452
168453
168454
168455
168456
168457
168458
168459
168460
168461
168462
168463
168464
168465
168466
168467
168468
168469
168470
168471
168472
168473
168474
168475
168476
168477
168478
37406
168479
37407
168480
37408
168481
37409
168482
37410
168483
37411
168484
37412
168485
37413
168486
37414
168487
37415
168488
37416
168489
37417
168490
37418
168491
37419
168492
37420
168493
37421
168494
37422
168495
37423
168496
37424
168497
37425
168498
37426
168499
37427
168500
37428
168501
37429
168502
37430
168503
37431
168504
37432
168505
37433
168506
37434
168507
37435
168508
37436
168509
37437
168510
37438
168511
37439
168512
37440
168513
37441
168514
37442
168515
37443
168516
168517
168518
168519
168520
168521
168522
168523
168524
168525
168526
168527
168528
168529
168530
168531
168532
168533
168534
168535
168536
168537
168538
168539
168540
168541
168542
168543
168544
168545
168546
168547
168548
168549
168550
168551
168552
168553
168554
168555
168556
168557
37485
168558
37486
168559
37487
168560
37488
168561
37489
168562
37490
168563
37491
168564
37492
168565
37493
168566
168567
168568
37496
168569
37497
168570
37498
168571
168572
168573
168574
168575
168576
168577
168578
168579
168580
168581
168582
168583
168584
168585
168586
168587
168588
168589
168590
168591
168592
168593
168594
168595
168596
168597
37525
168598
37526
168599
37527
168600
37528
168601
37529
168602
37530
168603
37531
168604
37532
168605
37533
168606
37534
168607
37535
168608
37536
168609
37537
168610
37538
168611
37539
168612
37540
168613
37541
168614
168615
168616
168617
168618
168619
168620
168621
168622
168623
168624
168625
168626
168627
168628
168629
168630
168631
168632
168633
168634
168635
168636
168637
168638
168639
168640
168641
168642
168643
37571
168644
37572
168645
37573
168646
37574
168647
37575
168648
37576
168649
37577
168650
37578
168651
37579
37580
37581
37582
37583
37606
37607
37608
37609
37629
37630
37631
37632
37633
37634
37635
37636
37637
37638
37639
37640
37641
37642
37643
37732
37733
37734
37735
37736
37737
37738
168811
37739
168812
37740
168813
37741
168814
168815
168816
168817
168818
168819
168820
168821
168822
168823
168824
168825
168826
168827
168828
168829
168830
168831
168832
168833
168834
168835
168836
37765
37766
37767
37768
37769
37770
37771
37772
37773
168856
168857
168858
168859
168860
168861
168862
168863
168864
168865
168866
168867
168868
168869
168870
168871
168872
168873
168874
168875
168876
168877
168878
168879
168880
168881
168882
168883
168884
168885
168886
168887
168888
168889
168890
168891
168892
168893
168894
168895
168896
168897
168898
168899
168900
168901
168902
168903
168904
168905
168906
168907
168908
168909
168910
168911
168912
168913
168914
168915
168916
168917
168918
168919
168920
168921
168922
168923
168924
168925
168926
168927
168928
168929
168930
168931
168932
168933
168934
168935
168936
37864
168937
37865
168938
37866
168939
37867
168940
37868
168941
37869
168942
37870
168943
37871
168944
37872
168945
37873
168946
37874
168947
37875
168948
37876
168949
37877
168950
37878
168951
37879
168952
37880
168953
37881
168954
37882
168955
37883
168956
37884
168957
37885
168958
37886
168959
37887
168960
37888
168961
37889
168962
37890
168963
37891
168964
37892
168965
37893
168966
37894
168967
37895
168968
37896
168969
37897
168970
37898
168971
37899
168972
37900
168973
37901
168974
37902
168975
37903
168976
37904
168977
168978
168979
168980
168981
168982
168983
168984
168985
168986
168987
168988
168989
168990
168991
168992
168993
168994
168995
168996
168997
37953
38008
38009
38010
38011
38012
38013
38014
38015
38016
38017
38018
38019
38020
38021
38022
38023
38024
38025
38026
38027
38028
38029
38030
38031
38032
38033
38034
38035
38036
38037
38038
38039
38040
38041
38042
38043
38044
38045
38046
38047
38048
38049
38050
38051
38052
38053
38054
38055
38056
38057
38058
38059
38060
38061
38081
38082
38083
38084
38149
38150
38151
38152
38153
38154
38155
38156
38157
38158
38159
38160
38161
38162
38163
38164
38165
38166
38167
38168
38169
38170
38171
38172
38173
38174
38175
38176
38177
38178
38179
38180
38181
38182
38183
38184
38185
38186
38187
38188
38189
38190
38191
38212
38213
38214
38215
38216
38217
38218
38219
38258
38259
38260
38314
38315
38316
38317
38318
38319
38320
38321
38322
38323
38324
38325
38326
38327
38328
38329
38330
38340
38353
38354
38355
169437
38365
169438
38366
169439
38367
169440
169441
38382
38383
38384
38385
38386
38387
38388
38408
38409
38410
38411
38412
38482
38483
38484
38485
38486
38487
38488
38489
38490
169563
38491
169564
38492
169565
38493
169566
38494
169567
38495
169568
38496
169569
38497
169570
38498
169571
38499
169572
38500
169573
38501
169574
38502
169575
38503
169576
38504
169577
38505
169578
38506
169579
38507
169580
38508
169581
38509
169582
38510
169583
38511
169584
38512
169585
38513
169586
38514
169587
38515
169588
38516
169589
38517
169590
38518
169591
38519
169592
38520
169593
38521
169594
169595
169596
169597
169598
169599
169600
169601
169602
169603
169604
169605
169606
169607
169608
169609
169610
169611
169612
169613
169614
169615
169616
169617
169618
169619
169620
169621
169622
169623
169624
169625
169626
169627
169628
169629
169630
169631
169632
169633
169634
169635
169636
169637
169638
38566
169639
38567
169640
38568
169641
38569
169642
38570
169643
38571
169644
38572
169645
38573
169646
38574
169647
38575
169648
38576
169649
169650
169651
38579
169652
38580
169653
38581
169654
169655
169656
169657
169658
169659
169660
169661
169662
169663
169664
169665
169666
169667
169668
169669
169670
169671
169672
169673
169674
169675
169676
169677
169678
169679
38607
169680
38608
169681
38609
169682
38610
169683
38611
169684
38612
169685
38613
169686
38614
169687
38615
169688
38616
169689
38617
169690
38618
169691
38619
169692
38620
169693
38621
169694
38622
169695
38623
169696
38624
169697
169698
169699
169700
169701
169702
169703
169704
169705
169706
169707
169708
169709
169710
169711
169712
169713
169714
169715
169716
169717
169718
169719
169720
169721
169722
169723
169724
169725
169726
169727
169728
169729
169730
38658
169731
38659
169732
38660
169733
38661
169734
38662
169735
38663
169736
38664
169737
38665
169738
38666
169739
38667
169740
38668
169741
38669
169742
38670
169743
38671
169744
38672
169745
169746
169747
169748
169749
169750
169751
169752
169753
169754
169755
169756
169757
169758
169759
169760
169761
169762
169763
169764
169765
169766
169767
169768
38696
169769
38697
169770
38698
169771
38699
169772
169773
169774
169775
169776
169777
169778
169779
169780
169781
38719
38720
38721
38722
38723
38724
38725
38726
38727
38728
38729
38730
38731
38732
38733
169842
169843
169844
169845
169846
169847
169848
169849
169850
169851
169852
169853
169854
169855
169856
169857
169858
169859
169860
169861
169862
169863
169864
169865
169866
169867
169868
169869
169870
169871
169872
169873
169874
169875
169876
169877
169878
169879
169880
169881
169882
169883
169884
169885
169886
169887
169888
169889
169890
169891
169892
169893
169894
169895
169896
169897
38825
169898
38826
169899
38827
169900
38828
169901
38829
169902
38830
169903
38831
169904
38832
169905
38833
169906
169907
169908
169909
169910
169911
169912
169913
169914
169915
169916
169917
169918
169919
169920
169921
169922
169923
169924
169925
169926
169927
169928
169929
169930
169931
169932
169933
169934
169935
38863
169936
38864
169937
38865
169938
38866
169939
38867
169940
38868
169941
38869
169942
169943
169944
169945
169946
169947
169948
169949
169950
169951
169952
169953
169954
169955
169956
169957
169958
169959
169960
169961
169962
169963
169964
169965
169966
169967
169968
169969
169970
169971
169972
169973
169974
169975
169976
169977
169978
169979
169980
169981
169982
169983
169984
169985
169986
169987
169988
169989
169990
169991
169992
169993
169994
169995
169996
169997
169998
169999
170000
170001
170002
170003
170004
170005
170006
170007
170008
170009
170010
170011
170012
170013
170014
170015
170016
170017
170018
170019
170020
170021
170022
170023
170024
170025
170026
170027
170028
170029
170030
170031
170032
170033
170034
170035
170036
170037
170038
170039
170040
170041
170042
38970
170043
38971
170044
38972
170045
38973
170046
38974
170047
38975
170048
38976
170049
38977
170050
38978
170051
38979
170052
38980
170053
38981
170054
38982
170055
38983
170056
38984
170057
38985
170058
38986
170059
38987
170060
38988
170061
38989
170062
38990
170063
38991
170064
38992
170065
38993
170066
38994
170067
38995
170068
38996
170069
38997
170070
38998
170071
38999
170072
39000
170073
39001
170074
39002
170075
39003
170076
39004
170077
39005
170078
39006
170079
39007
170080
39008
170081
39009
170082
39010
170083
39011
170084
170085
170086
170087
170088
170089
170090
170091
170092
170093
170094
170095
170096
170097
170098
170099
170100
170101
170102
170103
170104
170105
170106
170107
170108
170109
170110
170111
170112
170113
170114
170115
170116
170117
170118
170119
170120
170121
170122
170123
170124
170125
170126
170127
170128
170129
170130
170131
170132
170133
170134
170135
170136
170137
170138
170139
170140
170141
170142
170143
170144
170145
170146
170147
170148
170149
170150
170151
170152
170153
170154
170155
170156
170157
170158
170159
170160
170161
170162
170163
170164
170165
170166
170167
170168
170169
170170
170171
170172
170173
170174
170175
170176
170177
170178
170179
170180
170181
170182
170183
170184
39112
170185
39113
170186
39114
170187
39115
170188
39116
170189
39117
170190
39118
170191
39119
170192
39120
170193
39121
170194
39122
170195
39123
170196
39124
170197
39125
170198
39126
170199
39127
170200
39128
170201
39129
170202
39130
170203
39131
170204
39132
170205
39133
170206
39134
170207
39135
39136
39137
39138
39139
39140
39141
39142
39143
39144
39145
39146
39147
39148
39149
39150
39151
39152
39153
39154
39155
39156
39157
39158
39159
39160
39161
39162
39163
39164
39165
39166
39167
39168
39169
39190
39191
39192
39259
39260
39261
39262
39263
39264
39265
39266
39267
39268
39269
39270
39271
39272
39273
170346
39274
170347
39275
170348
39276
170349
39277
170350
39278
170351
39279
170352
39280
170353
39281
170354
39282
170355
39283
170356
39284
170357
39285
170358
39286
170359
39287
170360
39288
170361
39289
170362
39290
170363
39291
170364
39292
170365
39293
170366
39294
170367
39295
170368
39296
170369
39297
39298
39299
39300
39301
170381
170382
170383
170384
170385
170386
170387
170388
170389
170390
170391
170392
170393
170394
170395
170396
170397
39325
170398
39326
170399
39327
170400
39328
170401
39329
170402
39330
170403
39331
170404
39332
170405
170406
170407
170408
170409
170410
170411
170412
170413
170414
170415
170416
170417
170418
170419
170420
170421
170422
170423
170424
170425
170426
170427
170428
170429
170430
170431
170432
170433
170434
170435
170436
170437
170438
170439
170440
170441
170442
170443
170444
170445
170446
170447
39375
170448
170449
170450
170451
170452
170453
170454
170455
170456
170457
170458
170459
170460
170461
170462
170463
170464
170465
170466
170467
170468
170469
170470
170471
170472
170473
170474
170475
170476
170477
170478
170479
170480
170481
170482
170483
170484
170485
170486
170487
170488
170489
170490
170491
170492
170493
170494
170495
170496
170497
170498
170499
170500
170501
170502
170503
170504
170505
170506
170507
170508
170509
170510
170511
170512
39440
170513
39441
170514
39442
170515
39443
170516
39444
170517
39445
170518
39446
170519
39447
39448
39449
39450
39451
39452
39453
39454
39455
39456
39457
39458
39472
39487
39488
39501
39502
39503
39518
39519
39520
39521
39522
39523
39524
39545
39546
39547
39548
39549
39630
39631
39632
39633
39634
39635
39636
39637
39638
39639
39640
39641
39642
39643
39644
39645
39646
39647
39648
39649
39650
39651
39652
39653
39654
39655
39656
39657
39658
39659
39660
39661
39662
39663
39664
39665
39666
39667
39668
39669
39670
39671
39672
39723
39724
39725
39726
39727
39728
39729
39730
39731
39732
39733
39734
39738
39739
39740
39741
39766
39767
39768
39769
39770
39771
39772
39773
39774
39775
39776
39777
39778
39779
39780
39781
39782
39783
170890
39818
170891
39819
170892
39820
170893
39821
170894
39822
39823
39824
39825
39826
39827
39828
39829
39830
39831
39832
39833
39857
39858
39859
39878
39879
39880
39881
39882
39883
39884
39885
39886
39887
39888
39889
39890
39891
39892
39893
170988
170989
170990
170991
170992
170993
170994
170995
170996
170997
170998
170999
171000
171001
171002
171003
171004
171005
171006
171007
171008
171009
171010
171011
171012
171013
171014
171015
171016
171017
171018
171019
171020
171021
171022
171023
171024
171025
171026
171027
171028
171029
171030
171031
171032
171033
171034
171035
171036
171037
171038
171039
171040
171041
171042
171043
171044
171045
171046
171047
171048
171049
171050
171051
171052
171053
171054
171055
171056
171057
171058
171059
171060
171061
171062
171063
171064
39992
171065
39993
171066
39994
171067
39995
171068
39996
171069
39997
171070
39998
171071
39999
171072
171073
171074
171075
171076
171077
171078
171079
171080
171081
171082
171083
171084
171085
171086
171087
171088
171089
171090
171091
171092
171093
171094
171095
171096
171097
171098
171099
171100
40028
171101
40029
171102
40030
171103
40031
171104
40032
171105
40033
171106
40034
171107
171108
171109
171110
171111
171112
171113
171114
171115
171116
171117
171118
171119
171120
171121
171122
171123
171124
171125
171126
171127
171128
171129
171130
171131
171132
171133
171134
171135
171136
171137
171138
171139
171140
171141
171142
171143
171144
171145
171146
171147
171148
171149
171150
171151
171152
171153
171154
171155
171156
171157
171158
171159
171160
171161
171162
171163
171164
171165
171166
171167
171168
171169
171170
171171
171172
171173
171174
171175
171176
171177
171178
171179
171180
171181
171182
171183
171184
171185
171186
171187
171188
171189
171190
171191
171192
171193
171194
171195
171196
171197
171198
171199
171200
171201
171202
40148
40149
40150
40151
40152
40153
40154
40155
40156
40157
40158
40159
40160
40161
40162
40163
40164
40165
40166
40167
40168
40169
40170
40171
40172
40173
40174
40175
40176
40177
171250
40178
171251
40179
171252
40180
171253
40181
171254
40182
171255
40183
171256
40184
171257
40185
171258
40186
171259
40187
171260
40188
171261
40189
171262
40190
171263
40191
171264
40192
171265
40193
171266
40194
171267
40195
171268
40196
171269
40197
171270
40198
171271
40199
171272
40200
171273
40201
171274
171275
171276
171277
171278
171279
171280
171281
171282
171283
171284
171285
171286
171287
171288
171289
171290
171291
171292
171293
171294
171295
171296
171297
171298
171299
171300
171301
171302
171303
171304
171305
171306
171307
171308
171309
171310
171311
171312
171313
171314
171315
171316
171317
171318
171319
171320
171321
171322
171323
171324
171325
171326
171327
171328
171329
171330
171331
171332
171333
171334
171335
171336
171337
171338
171339
171340
171341
171342
171343
171344
171345
171346
171347
171348
171349
171350
171351
171352
171353
171354
171355
171356
171357
171358
171359
171360
171361
171362
171363
171364
171365
171366
171367
171368
171369
171370
171371
171372
171373
171374
171375
171376
171377
171378
171379
40307
171380
40308
171381
40309
171382
40310
171383
40311
171384
40312
171385
40313
171386
40314
171387
40315
171388
40316
171389
40317
171390
40318
171391
40319
171392
40320
171393
40321
171394
40322
171395
40323
171396
40324
171397
40325
171398
40326
171399
40327
171400
40328
171401
40329
171402
40330
171403
40331
171404
40332
171405
40333
171406
40334
171407
40335
171408
40336
171409
40337
171410
40338
171411
40339
171412
40340
171413
40341
171414
40342
171415
40343
171416
40344
171417
40345
171418
40346
171419
40347
171420
40348
171421
40349
171422
40350
171423
40351
171424
40352
171425
40353
171426
40354
171427
40355
171428
40356
171429
40357
171430
40358
171431
40359
171432
40360
171433
40361
171434
40362
171435
40363
171436
40364
171437
40365
171438
40366
171439
40367
171440
40368
171441
40369
171442
40370
171443
40371
171444
40372
171445
40373
171446
40374
171447
40375
171448
40376
171449
40377
171450
171451
171452
171453
171454
171455
171456
171457
171458
171459
171460
171461
171462
171463
171464
171465
171466
171467
171468
171469
171470
171471
40399
171472
40400
171473
171474
171475
171476
171477
171478
171479
171480
171481
171482
171483
171484
171485
171486
171487
171488
171489
171490
171491
171492
171493
171494
171495
171496
171497
171498
171499
171500
171501
171502
171503
171504
171505
171506
171507
171508
171509
171510
171511
171512
171513
171514
171515
171516
171517
171518
171519
171520
171521
171522
171523
171524
171525
171526
171527
171528
171529
171530
171531
171532
171533
171534
171535
171536
171537
171538
171539
171540
171541
40469
171542
40470
171543
40471
171544
40472
171545
40473
171546
40474
171547
40475
171548
40476
171549
40477
171550
40478
171551
40479
171552
40480
171553
40481
171554
40482
171555
40483
171556
40484
171557
40485
171558
40486
171559
40487
171560
40488
171561
40489
171562
40490
171563
40491
171564
40492
171565
40493
171566
40494
171567
40495
171568
40496
171569
40497
171570
40498
171571
40499
171572
40500
171573
40501
171574
40502
171575
40503
171576
40504
171577
40505
171578
40506
171579
40507
171580
40508
171581
40509
171582
40510
171583
40511
171584
40512
171585
40513
171586
40514
171587
171588
171589
171590
171591
171592
171593
171594
171595
171596
171597
171598
171599
171600
171601
171602
171603
171604
171605
171606
171607
171608
40536
171609
40537
171610
40538
171611
40539
40540
40541
40542
40543
171722
171723
171724
171725
171726
171727
171728
171729
171730
171731
40659
171732
40660
171733
40661
171734
40662
171735
40663
171736
40664
171737
40665
171738
40666
171739
40667
171740
40668
171741
40669
40670
40671
40672
40673
40674
40675
171748
40676
171749
40677
171750
40678
171751
40679
171752
171753
171754
171755
171756
171757
171758
171759
171760
171761
40689
171762
171763
171764
171765
171766
171767
171768
171769
171770
171771
171772
171773
171774
171775
171776
171777
171778
40706
171779
40707
171780
171781
171782
171783
171784
171785
171786
171787
171788
171789
171790
40718
171791
40719
171792
40720
171793
171794
171795
171796
171797
171798
171799
171800
171801
171802
171803
171804
171805
40733
171806
40734
171807
40735
171808
40736
171809
40737
171810
40738
171811
40739
171812
40740
171813
171814
171815
171816
171817
171818
171819
171820
171821
171822
171823
171824
171825
171826
171827
171828
171829
171830
171831
171832
171833
40761
171834
40762
171835
40763
171836
40764
171837
40765
171838
171839
171840
171841
171842
171843
171844
171845
171846
171847
171848
171849
171850
171851
171852
171853
171854
171855
171856
171857
171858
171859
171860
171861
171862
171863
171864
171865
171866
171867
171868
171869
171870
171871
171872
171873
171874
171875
171876
171877
171878
171879
171880
171881
171882
171883
171884
171885
171886
171887
171888
171889
171890
171891
171892
171893
171894
40853
40854
40855
40856
40857
40858
40859
40860
40861
40862
40863
40864
40865
40866
40867
40868
40869
40870
40871
40872
40873
40874
40875
40876
40877
40878
40879
40880
40881
40882
40883
40884
40885
40886
40887
40888
40889
40890
40891
40892
40893
40894
40895
40896
40897
40898
40899
40900
40901
40902
40903
40904
40905
40958
40959
40960
40961
40962
40963
40964
40965
40966
40967
40968
40973
40974
40975
40976
41002
41003
41004
41005
41006
41007
41008
41009
41010
41011
41012
41013
41014
41015
41016
41017
41018
41019
41020
41054
41055
41056
41057
41058
41059
41060
41061
41062
41063
41064
41065
41066
41067
41068
41069
41091
41092
41093
41094
41113
41114
41115
41116
41117
41118
41119
41120
41121
41122
41123
41124
41125
172198
172199
172200
172201
172202
172277
172278
172279
172280
172281
172282
172283
172284
172285
172286
172287
172288
172289
172290
172291
172292
172293
172294
172295
172296
172297
172298
41226
172299
41227
172300
41228
172301
41229
172302
41230
172303
41231
172304
172305
172306
172307
172308
172309
172310
172311
172312
172313
172314
172315
172316
172317
172318
172319
172320
172321
172322
172323
172324
172325
172326
172327
172328
172329
172330
172331
172332
172333
172334
172335
172336
172337
41265
172338
41266
172339
41267
172340
41268
172341
41269
172342
41270
172343
41271
172344
172345
172346
172347
172348
172349
172350
172351
172352
172353
172354
172355
172356
172357
172358
172359
172360
172361
172362
172363
172364
172365
172366
172367
172368
172369
172370
172371
172372
172373
172374
172375
172376
172377
172378
172379
172380
172381
172382
172383
172384
172385
172386
172387
172388
172389
172390
172391
172392
172393
172394
172395
172396
172397
172398
172399
172400
172401
172402
172403
172404
172405
172406
172407
172408
172409
172410
172411
172412
172413
172414
172415
172416
172417
172418
172419
172420
172421
172422
172423
172424
172425
172426
172427
172428
172429
172430
172431
172432
172433
172434
172435
172436
172437
172438
172439
172440
172441
172442
172443
172444
172445
172446
172447
172448
172449
172450
172451
172452
172453
172454
172455
172456
172457
172458
172459
172460
172461
172462
172463
172464
172465
172466
172467
41395
172468
41396
172469
41397
172470
41398
172471
41399
172472
41400
172473
41401
172474
41402
172475
41403
172476
41404
172477
41405
172478
41406
172479
41407
172480
41408
172481
41409
172482
41410
172483
41411
172484
41412
41413
41414
41415
41416
41417
41418
41419
41420
41421
41422
41423
41424
41425
41426
41427
41428
41429
41430
41431
41432
41433
41434
41435
41436
41437
41438
41439
41440
41441
41442
41443
41444
41445
41446
41447
41448
41449
41450
172523
41451
172524
172525
172526
172527
172528
172529
172530
172531
172532
172533
172534
172535
172536
172537
172538
172539
172540
172541
172542
172543
172544
172545
172546
172547
172548
172549
172550
172551
172552
172553
172554
172555
172556
172557
172558
172559
172560
172561
172562
172563
172564
172565
172566
172567
172568
172569
172570
172571
172572
172573
172574
172575
172576
172577
172578
172579
172580
172581
172582
172583
172584
172585
172586
172587
172588
172589
172590
172591
172592
172593
172594
172595
172596
172597
172598
172599
172600
172601
172602
172603
172604
172605
172606
172607
172608
172609
172610
172611
172612
172613
172614
172615
172616
172617
172618
172619
172620
172621
172622
172623
172624
172625
172626
172627
172628
172629
172630
172631
172632
172633
172634
41562
172635
41563
172636
41564
172637
41565
172638
41566
172639
41567
172640
41568
172641
41569
172642
41570
172643
41571
172644
41572
172645
41573
172646
41574
172647
41575
172648
41576
172649
41577
172650
41578
172651
41579
172652
41580
172653
41581
172654
41582
172655
41583
172656
41584
172657
41585
172658
41586
172659
41587
172660
41588
172661
41589
172662
41590
172663
41591
172664
41592
172665
41593
172666
41594
172667
41595
172668
41596
172669
41597
172670
41598
172671
41599
172672
41600
172673
41601
172674
41602
172675
41603
172676
41604
172677
41605
172678
41606
172679
41607
172680
41608
172681
41609
172682
41610
172683
41611
172684
41612
172685
41613
172686
41614
172687
41615
172688
41616
172689
41617
172690
41618
172691
41619
172692
41620
172693
41621
172694
41622
172695
41623
172696
41624
172697
41625
172698
41626
172699
41627
172700
41628
172701
41629
172702
41630
172703
41631
172704
41632
172705
41633
172706
41634
172707
41635
172708
41636
172709
41637
172710
172711
172712
172713
172714
172715
172716
172717
172718
172719
172720
172721
172722
172723
172724
172725
172726
172727
172728
172729
172730
41658
172731
172732
172733
172734
172735
172736
172737
172738
172739
172740
172741
172742
172743
172744
172745
172746
172747
172748
172749
172750
172751
172752
172753
172754
172755
172756
172757
172758
172759
172760
172761
172762
172763
172764
172765
172766
172767
172768
172769
172770
172771
172772
172773
172774
172775
172776
172777
172778
172779
172780
172781
172782
172783
172784
172785
172786
172787
172788
172789
172790
172791
172792
172793
172794
172795
41723
172796
41724
172797
41725
172798
41726
172799
41727
172800
41728
172801
41729
172802
41730
172803
41731
172804
41732
172805
41733
172806
41734
172807
41735
172808
41736
172809
41737
172810
41738
172811
41739
172812
41740
172813
41741
172814
41742
172815
41743
172816
41744
172817
41745
172818
41746
172819
41747
172820
41748
172821
41749
172822
41750
172823
41751
172824
41752
172825
41753
172826
41754
172827
41755
172828
41756
172829
41757
172830
41758
172831
41759
172832
41760
172833
41761
172834
41762
172835
41763
172836
41764
172837
41765
172838
41766
172839
41767
172840
41768
172841
172842
172843
172844
172845
172846
172847
172848
172849
172850
172851
172852
172853
172854
172855
172856
172857
172858
172859
172860
172861
41789
172862
41790
172863
41791
172864
41792
172865
41793
172866
41794
172867
41795
172868
172869
172870
172871
172872
172873
172874
172875
172876
172877
172878
172879
172880
172881
172882
172883
172884
172885
172886
172887
172888
172889
172890
172976
172977
172978
172979
172980
172981
172982
172983
172984
172985
172986
172987
172988
172989
172990
172991
172992
41920
172993
41921
172994
41922
172995
41923
172996
41924
172997
41925
172998
41926
172999
41927
173000
41928
173001
41929
173002
41930
173003
41931
173004
41932
173005
41933
173006
41934
173007
41935
173008
41936
173009
41937
173010
41938
173011
41939
173012
173013
173014
173015
173016
173017
173018
173019
173020
173021
173022
173023
41951
173024
173025
173026
173027
173028
173029
173030
173031
173032
173033
173034
173035
173036
173037
173038
173039
173040
41968
173041
41969
173042
41970
173043
173044
173045
173046
173047
173048
173049
173050
173051
173052
173053
173054
41982
173055
41983
173056
41984
173057
41985
173058
173059
173060
173061
173062
173063
173064
173065
173066
173067
173068
173069
173070
173071
41999
173072
42000
173073
42001
173074
42002
173075
42003
173076
42004
173077
42005
173078
42006
173079
42007
173080
42008
173081
173082
173083
173084
173085
173086
173087
173088
173089
173090
173091
173092
173093
173094
173095
173096
173097
173098
173099
173100
173101
173102
42030
173103
42031
173104
42032
173105
42033
173106
42034
173107
42035
173108
173109
173110
173111
173112
173113
173114
173115
173116
173117
173118
173119
173120
173121
173122
173123
173124
173125
173126
173127
173128
173129
173130
173131
173132
173133
173134
173135
173136
173137
173138
173139
173140
173141
173142
173143
42129
42130
42131
42132
42133
42134
42135
42136
42137
42138
42139
42140
42141
42142
42143
42144
42145
42146
42147
42148
42149
42150
42151
42152
42153
42154
42155
42156
42157
42158
42159
42160
42161
42162
42163
42164
42165
42166
42167
42168
42169
42170
42171
42172
42173
42174
42175
42176
42177
42178
42179
42180
42181
42182
42183
42184
42185
42242
42243
42244
42245
42246
42247
42248
42249
42250
42251
42252
42253
42258
42259
42260
42261
42291
42292
42293
42294
42295
42296
42297
42298
42299
42300
42301
42302
42303
42304
42305
42306
42307
173397
173398
173399
173400
173401
42337
42338
42339
42340
42341
42342
42343
42344
42345
42346
42347
42348
42349
42350
42351
42352
42373
42374
42375
42376
173459
173460
173461
173462
173463
173464
173465
173466
173467
42395
173468
42396
173469
42397
173470
42398
173471
42399
173472
42400
173473
42401
173474
42402
173475
42403
173476
42404
173477
42405
173478
42406
173479
42407
173480
173481
173482
173483
173484
173485
173486
173487
173488
173489
173490
173491
173492
173493
173494
173495
173496
173497
173498
173499
173500
173501
173502
173503
173504
173505
173506
173507
173508
173509
173510
173511
173512
173513
173514
173515
173516
173517
173518
173519
173520
173521
173522
173523
173524
173525
173526
173527
173528
173529
173530
173531
173532
173533
173534
173535
173536
173537
173538
173539
173540
173541
173542
173543
173544
173545
173546
173547
173548
173549
173550
173551
173552
173553
173554
173555
173556
173557
173558
173559
173560
173561
173562
173563
173564
173565
173566
173567
173568
173569
173570
173571
173572
173573
173574
173575
173576
173577
173578
173579
173580
173581
173582
173583
173584
42512
173585
42513
173586
42514
173587
42515
173588
42516
173589
173590
173591
173592
173593
173594
173595
173596
173597
173598
173599
173600
173601
173602
173603
173604
173605
173606
173607
173608
173609
173610
173611
173612
173613
173614
173615
173616
173617
173618
173619
173620
173621
42549
173622
42550
173623
42551
173624
42552
173625
42553
173626
42554
173627
173628
173629
173630
173631
173632
173633
173634
173635
173636
173637
173638
173639
173640
173641
173642
173643
173644
173645
173646
173647
173648
173649
173650
173651
173652
173653
173654
173655
173656
173657
173658
173659
173685
173686
173687
173688
173689
173690
173691
173692
173693
173694
173695
173696
173697
173698
173699
173700
173701
173702
173703
173704
173705
173706
173707
173708
173709
173710
173711
173712
173713
173714
173715
173716
173717
173718
173719
173720
173721
173722
173723
173724
173725
173726
173727
173728
173729
173730
173731
173732
173733
173734
173735
173736
173737
173738
173739
173740
173741
173742
173743
173744
173745
173746
173747
173748
173749
173750
173751
42679
173752
42680
173753
42681
173754
42682
173755
42683
173756
42684
173757
42685
173758
42686
173759
42687
173760
42688
173761
42689
173762
42690
173763
42691
173764
42692
173765
42693
173766
42694
173767
42695
173768
42696
173769
42697
173770
42698
173771
42699
173772
42700
173773
42701
173774
42702
173775
42703
173776
42704
173777
42705
173778
42706
173779
42707
173780
42708
173781
42709
173782
42710
173783
42711
173784
42712
173785
42713
173786
42714
173787
42715
173788
42716
173789
42717
173790
42718
173791
42719
173792
42720
173793
42721
173794
42722
173795
42723
173796
42724
173797
42725
173798
42726
173799
42727
173800
42728
173801
42729
173802
42730
173803
42731
173804
42732
173805
42733
173806
42734
173807
42735
173808
173809
173810
173811
173812
173813
173814
173815
173816
173817
173818
173819
173820
173821
173822
173823
173824
173825
173826
173827
173828
173829
173830
173831
173832
173833
173834
173835
173836
173837
173838
173839
173840
173841
173842
173843
173844
173845
173846
173847
173848
173849
173850
173851
173852
173853
173854
173855
173856
173857
173858
173859
173860
173861
173862
173863
173864
173865
173866
173867
173868
173869
173870
173871
173872
173873
173874
173875
173876
173877
173878
173879
173880
173881
173882
173883
173884
173885
173886
173887
173888
173889
173890
173891
173892
173893
173894
173895
173896
173897
173898
173899
173900
173901
173902
173903
173904
173905
173906
173907
173908
42836
173909
42837
173910
42838
173911
42839
173912
42840
173913
42841
173914
42842
173915
42843
173916
42844
173917
42845
173918
42846
173919
42847
173920
42848
173921
42849
173922
42850
173923
42851
173924
42852
173925
42853
173926
42854
173927
42855
173928
42856
173929
42857
173930
42858
173931
42859
173932
42860
173933
42861
173934
42862
173935
42863
173936
42864
173937
42865
173938
42866
173939
42867
173940
42868
173941
42869
173942
42870
173943
42871
173944
42872
173945
42873
173946
42874
173947
42875
173948
42876
173949
42877
173950
42878
173951
42879
173952
42880
173953
42881
173954
42882
173955
42883
173956
42884
173957
42885
173958
42886
173959
42887
173960
42888
173961
42889
173962
42890
173963
42891
173964
42892
173965
42893
173966
42894
173967
42895
173968
42896
173969
42897
173970
42898
173971
42899
173972
42900
173973
42901
173974
42902
173975
42903
173976
42904
173977
42905
173978
42906
173979
42907
173980
42908
173981
42909
173982
42910
173983
42911
173984
42912
173985
42913
173986
42914
173987
42915
173988
173989
173990
173991
173992
173993
173994
173995
173996
173997
173998
173999
174000
174001
174002
174003
174004
174005
174006
174007
174008
42936
174009
174010
174011
174012
174013
174014
174015
174016
174017
174018
174019
174020
174021
174022
174023
174024
174025
174026
174027
174028
174029
174030
174031
174032
174033
174034
174035
174036
174037
174038
174039
174040
174041
174042
174043
174044
43008
43009
43010
43011
43012
43013
43014
43015
43016
43017
43018
43019
43020
43021
43022
43023
43024
43025
43026
43027
43028
43029
43030
43031
43032
43033
43034
43035
43036
174109
43037
174110
43038
174111
43039
174112
43040
174113
43041
174114
43042
174115
43043
174116
43044
174117
43045
174118
43046
174119
43047
174120
43048
174121
43049
174122
43050
174123
43051
174124
43052
174125
43053
174126
43054
174127
174128
174129
174130
174131
174132
174133
174134
174135
174136
174137
174138
174139
174140
174141
174142
174143
174144
174145
174146
174147
174148
43076
174149
43077
174150
43078
174151
43079
174152
43080
174153
43081
174154
43082
174155
174156
174157
174158
174159
174160
174161
174162
174163
174164
174165
174166
174167
174168
174169
174170
174171
174172
174173
174174
174175
174176
174177
174178
174179
174180
174181
174182
174183
174184
174185
174186
174187
174188
174189
174190
174191
174192
174193
174194
174195
174196
174197
174198
174199
174200
174201
174202
174203
174204
174205
174206
174207
174208
174209
174210
174211
174212
174213
174214
174215
174216
174217
174218
174219
174220
174221
174222
174223
174224
174225
174226
174227
174228
174229
174230
174231
174232
174233
174234
174235
174236
174237
174238
174239
174240
174241
174242
174243
174244
174245
174246
174247
174248
174249
174250
174251
174252
174253
174254
174255
174256
174257
174258
174259
174260
174261
174262
174263
174264
174265
174266
174267
174268
174269
174270
174271
174272
174273
174274
174275
174276
174277
174278
43209
43210
43211
43212
43213
43214
43215
43216
43217
43218
43219
43220
43221
43222
43223
43224
43225
43226
43227
43228
43229
43230
43231
43242
43258
43259
43260
43271
43272
43273
43274
43291
43292
43293
43294
43295
43296
43297
43298
43299
43300
43301
43325
43326
43327
43328
43329
43330
174489
174490
174491
174492
174493
43426
43427
43428
43429
43430
43431
43432
43433
43434
43435
43436
43437
43438
43439
43440
43441
43442
43443
43444
43445
43446
43447
43448
43449
43450
43451
43452
43453
43454
43455
43456
43457
43458
43459
43460
43461
43462
43463
43464
43465
43466
43467
43468
174541
43469
174542
43470
174543
43471
174544
43472
174545
43473
174546
43474
174547
43475
174548
43476
174549
43477
174550
43478
174551
43479
174552
43480
174553
43481
174554
43482
174555
43483
174556
43484
174557
43485
174558
43486
174559
174560
174561
174562
174563
174564
174565
174566
174567
174568
174569
174570
174571
174572
174573
174574
174575
174576
174577
174578
174579
174580
174581
174582
174583
174584
174585
174586
174587
174588
174589
174590
174591
174592
174593
174594
174595
174596
174597
174598
174599
174600
174601
174602
174603
174604
174605
174606
174607
174608
174609
174610
174611
174612
174613
174614
43542
174615
43543
174616
43544
174617
43545
174618
43546
174619
43547
174620
43548
174621
43549
174622
43550
174623
43551
174624
43552
174625
43553
174626
174627
174628
174629
174630
43558
174631
43559
174632
43560
174633
43561
174634
43562
174635
174636
174637
174638
174639
174640
174641
174642
174643
174644
174645
174646
174647
174648
174649
174650
174651
174652
174653
174654
174655
174656
174657
174658
174659
174660
174661
174662
174663
174664
43592
174665
43593
174666
43594
174667
43595
174668
43596
174669
43597
174670
43598
174671
43599
174672
43600
174673
43601
174674
43602
174675
43603
174676
43604
174677
43605
174678
43606
174679
174680
174681
174682
174683
174684
174685
174686
174687
174688
174689
174690
174691
174692
174693
174694
174695
174696
174697
174698
174699
174700
174701
174702
174703
174704
174705
174706
174707
174708
174709
174710
174711
43639
174712
43640
174713
43641
174714
43642
174715
43643
174716
43644
174717
43645
174718
43646
174719
43647
174720
43648
174721
43649
174722
43650
174723
43651
174724
43652
174725
43653
174726
43654
174727
43655
174728
43656
174729
174730
174731
174732
174733
174734
174735
174736
174737
174738
174739
174740
174741
43677
43678
43679
43680
174756
174757
174758
174759
174760
174761
174762
174763
174764
174765
174766
174767
174768
174769
174770
43698
174771
43699
174772
43700
174773
43701
174774
43702
174775
43703
174776
43704
174777
43705
174778
43706
174779
43707
174780
43708
174781
174782
174783
174784
174785
174786
174787
174788
174789
174790
174791
174792
174793
174794
174795
174796
174797
174798
174799
174800
174801
174802
174803
174804
174805
174806
174807
174808
174809
174810
174811
174812
174813
174814
174815
174816
174817
174818
174819
174820
174821
174822
174823
174824
174825
174826
174827
174828
174829
174830
174831
174832
174833
174834
174835
174836
174837
174838
174839
174840
174841
174842
174843
174844
174845
174846
174847
174848
174849
174850
174851
174852
174853
174854
174855
174856
174857
174858
174859
174860
174861
174862
174863
174864
174865
174866
174867
174868
174869
174870
174871
174872
174873
174874
174875
174876
174877
174878
174879
174880
174881
174882
174883
174884
174885
174886
174887
174888
174889
43817
174890
43818
174891
43819
174892
43820
174893
43821
174894
174895
174896
174897
174898
174899
174900
174901
174902
174903
174904
174905
174906
174907
174908
174909
174910
174911
174912
174913
174914
174915
174916
174917
174918
174919
174920
174921
43849
174922
43850
174923
43851
174924
43852
174925
43853
174926
43854
174927
174928
174929
174930
174931
174932
174933
174934
174935
174936
174937
174938
174939
174940
174941
174942
174943
174944
174945
174946
174947
174948
174949
174950
174951
174952
174953
174954
174955
174956
174957
174958
174959
174960
174961
174962
174963
174964
174965
174966
174967
174968
174969
174970
174971
174972
174973
174974
174975
174976
174977
174978
174979
174980
174981
174982
174983
174984
174985
174986
174987
174988
174989
174990
174991
174992
174993
174994
174995
174996
174997
174998
174999
175000
175001
175002
175003
175004
175005
175006
175007
175008
175009
175010
175011
175012
175013
175014
175015
175016
175017
175018
175019
175020
175021
175022
175023
175024
175025
175026
175027
175028
175029
175030
175031
175032
175033
175034
175035
175036
175037
175038
175039
175040
175041
175042
175043
175044
175045
175046
175047
175048
175049
175050
175051
175052
175053
175054
175055
175056
175057
175058
175059
175060
175061
175062
43990
175063
43991
175064
43992
175065
43993
175066
43994
175067
43995
175068
43996
175069
43997
175070
43998
175071
43999
175072
44000
175073
44001
175074
44002
175075
44003
175076
44004
175077
44005
175078
44006
175079
44007
175080
44008
175081
44009
175082
44010
175083
44011
175084
44012
175085
44013
175086
44014
175087
44015
175088
44016
175089
44017
175090
44018
175091
44019
175092
44020
175093
44021
175094
44022
175095
44023
175096
44024
175097
44025
175098
44026
175099
44027
175100
44028
175101
44029
175102
44030
175103
44031
175104
44032
175105
44033
175106
44034
175107
44035
175108
44036
175109
44037
175110
44038
175111
44039
175112
44040
175113
44041
175114
44042
175115
44043
175116
44044
175117
44045
175118
44046
175119
44047
175120
44048
175121
44049
175122
44050
175123
44051
175124
44052
175125
44053
44054
44055
44056
44057
44058
175178
175179
175180
175181
175182
175183
175184
175185
175186
175187
175188
175189
175190
175191
175192
175193
175194
175195
175196
175197
175198
175199
175200
175201
175202
175203
175204
175205
175206
175207
175208
175209
175210
175211
175212
175213
175214
175215
175216
175217
175218
175219
175220
175221
175222
175223
175224
175225
175226
175227
175228
175229
175230
175231
175232
175233
44161
175234
44162
175235
44163
175236
44164
175237
44165
175238
44166
175239
44167
175240
44168
175241
44169
175242
44170
175243
44171
175244
44172
175245
44173
175246
44174
175247
44175
175248
44176
175249
44177
175250
44178
175251
44179
175252
44180
175253
44181
175254
44182
175255
44183
175256
44184
175257
44185
175258
44186
175259
44187
175260
44188
175261
44189
175262
44190
175263
44191
175264
44192
175265
44193
175266
44194
175267
44195
175268
44196
175269
44197
175270
44198
175271
44199
175272
44200
175273
44201
175274
44202
175275
44203
175276
44204
175277
44205
175278
44206
175279
44207
175280
44208
175281
44209
175282
44210
175283
44211
175284
44212
175285
44213
175286
44214
175287
44215
175288
44216
175289
44217
175290
44218
175291
44219
175292
44220
175293
44221
175294
44222
175295
44223
175296
44224
175297
44225
175298
44226
175299
44227
175300
44228
175301
44229
175302
44230
175303
44231
175304
44232
175305
44233
175306
44234
175307
44235
175308
44236
175309
44237
175310
44238
175311
44239
175312
44240
175313
44241
175314
44242
175315
44243
175316
44244
175317
44245
175318
44246
175319
44247
175320
44248
175321
44249
175322
44250
175323
44251
175324
44252
175325
44253
175326
44254
175327
175328
175329
175330
175331
175332
175333
175334
175335
175336
175337
175338
175339
175340
175341
175342
175343
44276
44362
44363
44364
44365
44366
44367
44368
44369
44370
44371
44372
44373
44374
44375
44376
44377
44378
44379
44380
44381
44382
44383
44384
44385
44386
44387
44388
44389
44390
44391
44392
44393
44394
44395
44396
44397
44398
44399
44400
44401
44402
44403
44404
44405
44406
44407
44408
44409
44410
44411
44412
44413
44414
44434
44435
44436
44437
44438
44439
44440
44441
44442
44443
175521
175522
175523
175524
175555
175556
175557
175558
175559
175560
175561
175562
175563
175564
175565
175566
175567
175568
175569
175570
175571
175572
175573
175574
175575
175576
175577
175578
175579
175580
175581
175582
175583
175584
175585
175586
175587
175588
175589
175590
175591
175592
175593
175594
175595
175596
175597
175598
175599
175600
175601
175602
175603
175604
175605
175606
175607
175608
175609
175610
175611
175612
175613
175614
175615
175616
175617
175618
175619
175620
175621
175622
175623
175624
175625
175626
175627
175628
175629
175630
175631
175632
175633
175634
175635
175636
175637
175638
175639
44567
175640
44568
175641
44569
175642
44570
175643
44571
175644
44572
175645
44573
175646
44574
175647
44575
175648
44576
175649
44577
175650
44578
175651
44579
175652
44580
175653
44581
175654
44582
175655
44583
175656
44584
175657
44585
175658
44586
175659
44587
175660
44588
175661
44589
175662
44590
175663
175664
175665
175666
175667
175668
175669
175670
175671
175672
175673
44601
175674
175675
175676
175677
175678
175679
175680
175681
175682
175683
175684
175685
175686
175687
175688
44616
175689
44617
175690
44618
175691
175692
175693
175694
175695
175696
175697
175698
175699
175700
44628
175701
44629
175702
44630
175703
44631
175704
175705
175706
175707
175708
175709
175710
175711
175712
175713
175714
175715
175716
175717
44645
175718
44646
175719
44647
175720
44648
175721
44649
175722
44650
175723
44651
175724
44652
175725
44653
175726
44654
175727
44655
175728
44656
175729
175730
175731
175732
175733
175734
175735
175736
175737
175738
175739
175740
175741
175742
175743
175744
175745
175746
175747
175748
175749
175750
175751
175752
175753
175754
175755
44684
44685
44686
44687
44688
44689
175763
175764
175765
175766
175767
175768
175769
175770
175771
175772
175773
175774
175775
175776
175777
175778
175779
175780
175781
175782
175783
175784
175785
175786
175787
175788
175789
175790
175791
175792
175793
175794
175795
175796
175797
175798
175799
175800
175801
175802
175803
175804
175805
175806
175807
175808
175809
175810
175811
175812
175813
175814
175815
175816
175817
175818
175819
175820
175821
175822
175823
175824
175825
175826
175827
175828
175829
175830
175831
175832
175833
175834
175835
175836
175837
175838
175839
175840
175841
175842
175843
175844
175845
175846
175847
175848
175849
175850
175851
175852
175853
175854
175855
175856
175857
175858
175859
175860
44788
175861
44789
175862
44790
175863
44791
175864
44792
175865
44793
175866
44794
175867
44795
175868
44796
175869
44797
175870
44798
175871
44799
175872
44800
175873
44801
175874
44802
175875
44803
175876
44804
175877
44805
175878
44806
175879
44807
175880
44808
175881
44809
175882
44810
175883
44811
175884
44812
175885
44813
175886
44814
175887
44815
175888
44816
175889
44817
175890
44818
175891
44819
175892
44820
175893
44821
175894
44822
175895
44823
175896
44824
175897
44825
175898
44826
175899
44827
175900
44828
175901
44829
175902
44830
175903
44831
175904
44832
175905
44833
175906
44834
175907
44835
175908
44836
175909
44837
175910
44838
175911
44839
175912
44840
175913
44841
175914
44842
175915
44843
175916
44844
175917
44845
175918
44846
175919
44847
175920
44848
175921
44849
175922
44850
175923
44851
175924
44852
175925
44853
175926
44854
175927
44855
175928
44856
175929
44857
175930
44858
175931
44859
175932
44860
175933
175934
175935
175936
175937
175938
175939
175940
175941
175942
175943
175944
175945
175946
175947
175948
175949
175950
175951
175952
175953
175954
175955
175956
175957
175958
175959
175960
175961
175962
175963
175964
175965
175966
175967
175968
175969
175970
175971
175972
175973
175974
175975
175976
175977
175978
175979
175980
175981
175982
175983
175984
175985
175986
175987
175988
175989
175990
175991
175992
175993
175994
175995
175996
44924
175997
44925
175998
44926
175999
44927
176000
44928
176001
44929
176002
44930
176003
44931
176004
44932
176005
44933
176006
44934
176007
176008
176009
176010
44938
176011
44939
176012
44940
176013
44941
176014
44942
176015
176016
176017
176018
176019
176020
176021
176022
176023
176024
176025
176026
176027
176028
176029
176030
176031
176032
176033
176034
176035
176036
176037
176038
176039
176040
176041
176042
176043
176044
176045
176046
176047
176048
44976
176049
44977
176050
44978
176051
44979
176052
44980
176053
44981
176054
44982
176055
44983
176056
44984
176057
44985
176058
44986
176059
44987
176060
176061
176062
176063
176064
176065
176066
176067
176068
176069
176070
176071
176072
176073
176074
176075
176076
176077
176078
176079
176080
176081
176082
176083
176084
176085
176086
176087
176088
176089
176090
176091
176092
176093
176094
45022
176095
45023
176096
45024
176097
45025
176098
45026
176099
45027
176100
45028
176101
45029
176102
45030
176103
45031
176104
45032
176105
45033
176106
45034
176107
45035
176108
45036
176109
45037
176110
45038
176111
45039
176112
45040
176113
176114
176115
176116
176117
176118
176119
176120
176121
176122
176123
176124
176125
176126
45063
45064
45065
45066
45067
45083
45084
45085
45086
45087
45088
45089
45090
45091
176165
176166
176167
176168
176169
176170
176171
176172
176173
176174
176175
176176
176177
176178
176179
176180
176181
176182
176183
176184
176185
176186
176187
176188
176189
176190
176191
176192
176193
176194
176195
176196
176197
176198
176199
176200
176201
176202
176203
176204
176205
176206
176207
176208
176209
176210
176211
176212
176213
176214
176215
176216
176217
176218
176219
176220
176221
176222
176223
176224
176225
176226
176227
176228
176229
176230
176231
176232
176233
176234
176235
176236
176237
176238
176239
176240
176241
176242
176243
176244
176245
176246
176247
176248
176249
176250
176251
176252
176253
176254
176255
176256
176257
176258
176259
176260
176261
176262
176263
176264
176265
176266
176267
176268
176269
176270
176271
176272
176273
176274
176275
176276
176277
176278
45206
176279
45207
176280
45208
176281
45209
176282
176283
176284
176285
176286
176287
176288
176289
176290
176291
176292
176293
176294
176295
176296
176297
176298
176299
176300
176301
176302
176303
176304
176305
176306
176307
176308
176309
176310
176311
176312
176313
176314
45242
176315
45243
176316
45244
176317
45245
176318
45246
176319
45247
176320
45248
176321
176322
176323
176324
176325
176326
176327
176328
176329
176330
176331
176332
176333
176334
176335
45381
45382
45383
45384
45385
45386
45387
45388
45389
45390
45391
45392
45393
45394
45395
45396
45397
45398
45399
45400
45401
45402
45403
45404
45405
45406
45407
45408
45409
176482
45410
176483
45411
176484
45412
176485
45413
45414
45415
45416
45417
45418
45419
45420
45421
45422
45423
45424
45425
45426
45427
45428
45429
45430
45431
45432
45433
176506
45434
176507
45435
176508
45436
176509
45437
176510
45438
176511
45439
176512
45440
176513
45441
176514
45442
176515
45443
176516
45444
176517
45445
176518
45446
176519
45447
176520
45448
176521
45449
176522
176523
176524
176525
176526
176527
176528
176529
176530
176531
176532
176533
176534
176535
176536
176537
176538
176539
176540
176541
176542
176543
176544
176545
176546
176547
176548
176549
176550
176551
176552
176553
176554
176555
176556
176557
176558
176559
176560
176561
176562
176563
176564
176565
176566
176567
176568
176569
176570
176571
176572
176573
176574
176575
176576
176577
176578
176579
176580
176581
176582
176583
176584
176585
176586
176587
176588
176589
176590
176591
176592
176593
176594
176595
176596
176597
176598
176599
176600
176601
176602
176603
176604
176605
176606
176607
176608
176609
176610
176611
176612
176613
176614
176615
176616
176617
176618
176619
176620
176621
176622
176623
176624
176625
176626
176627
176628
176629
176630
176631
45559
176632
45560
176633
45561
176634
45562
176635
45563
176636
45564
176637
45565
176638
45566
176639
45567
176640
45568
176641
45569
176642
45570
176643
45571
176644
45572
176645
45573
176646
45574
176647
45575
176648
45576
176649
45577
176650
45578
176651
45579
176652
45580
176653
45581
176654
45582
176655
45583
176656
45584
176657
45585
176658
45586
176659
45587
176660
45588
176661
45589
176662
45590
176663
45591
176664
45592
176665
45593
176666
45594
176667
45595
176668
45596
176669
45597
176670
45598
176671
45599
176672
45600
176673
45601
176674
45602
176675
45603
176676
45604
176677
45605
176678
45606
176679
45607
176680
45608
176681
45609
176682
45610
176683
45611
176684
45612
176685
45613
176686
45614
176687
45615
176688
45616
176689
45617
176690
45618
176691
45619
176692
45620
176693
45621
176694
45622
176695
45623
176696
45624
176697
45625
176698
45626
176699
45627
176700
45628
176701
45629
176702
45630
176703
45631
176704
45632
45633
45634
45635
45636
176709
45637
176710
45638
176711
45639
176712
45640
176713
45641
176714
45642
176715
45643
176716
45644
176717
45645
176718
45646
176719
45647
176720
45648
176721
45649
176722
45650
176723
45651
176724
45652
176725
45653
176726
45654
176727
176728
176729
176730
176731
176732
176733
176734
176735
176736
176737
176738
176739
176740
176741
176742
176743
176744
176745
176746
176747
45675
176748
176749
176750
176751
176752
176753
176754
176755
176756
176757
176758
176759
176760
176761
176762
176763
176764
176765
176766
176767
176768
176769
176770
176771
176772
176773
176774
176775
176776
176777
176778
176779
176780
176781
176782
176783
176784
176785
176786
176787
176788
176789
176790
176791
176792
176793
176794
176795
176796
176797
176798
176799
176800
176801
176802
176803
176804
176805
176806
176807
176808
176809
176810
176811
176812
176813
176814
176815
176816
176817
176818
176819
176820
176821
176822
176823
176824
176825
176826
176827
176828
176829
176830
176831
176832
176833
176834
176835
176836
45764
176837
45765
176838
45766
176839
45767
176840
45768
176841
45769
176842
45770
176843
45771
176844
45772
176845
45773
176846
45774
176847
45775
176848
45776
176849
45777
176850
45778
176851
45779
176852
45780
176853
45781
176854
45782
176855
45783
176856
45784
176857
45785
176858
45786
176859
45787
176860
45788
176861
45789
176862
45790
176863
45791
176864
45792
176865
45793
176866
45794
176867
45795
176868
45796
176869
45797
176870
45798
176871
45799
176872
45800
176873
45801
176874
45802
176875
45803
176876
45804
176877
45805
176878
45806
176879
45807
176880
45808
176881
45809
176882
45810
176883
45811
176884
45812
176885
45813
176886
45814
176887
45815
176888
45816
176889
45817
176890
176891
176892
176893
176894
176895
176896
176897
176898
176899
176900
176901
176902
176903
176904
176905
176906
176907
176908
176909
45837
176910
45838
176911
45839
176912
45840
176913
45841
176914
45842
176915
45843
176916
45844
176917
45845
176918
45846
176919
176920
176921
176922
176923
176924
176925
176926
176927
176928
176929
176930
176931
176932
176933
176934
176935
176936
176937
176938
176939
176940
176941
176942
176943
176944
176945
176946
176947
176948
176949
176950
176951
176952
176953
176954
176955
176956
176957
176958
176959
176960
176961
176962
176963
176964
176965
176966
176967
176968
176969
176970
176971
176972
176973
176974
176975
176976
176977
176978
176979
176980
176981
176982
176983
176984
176985
176986
176987
176988
176989
176990
176991
176992
176993
176994
176995
176996
176997
176998
176999
177000
177001
177002
177003
177004
177005
177006
177007
177008
177009
177010
177011
177012
177013
177014
177015
177016
177017
177018
177019
177020
177021
177022
177023
177024
177025
177026
177027
177028
177029
177030
177031
177032
177033
177034
177035
177036
177037
177038
177039
177040
45968
177041
45969
177042
45970
177043
45971
177044
45972
177045
45973
177046
45974
177047
45975
177048
45976
177049
45977
177050
45978
177051
45979
177052
45980
177053
45981
177054
45982
177055
45983
177056
45984
177057
45985
177058
45986
177059
45987
177060
45988
177061
45989
177062
45990
177063
45991
177064
177065
177066
177067
177068
177069
177070
177071
177072
177073
177074
46002
177075
177076
46016
46017
46018
46019
46029
46030
46031
46032
46033
177109
177110
177111
177112
177113
177114
46042
177115
46043
177116
46044
177117
46045
177118
46046
177119
46047
177120
46048
177121
46049
177122
46050
177123
46051
177124
46052
177125
46053
177126
46054
177127
46055
177128
177129
177130
177131
177132
177133
177134
177135
177136
177137
177138
177139
177140
177141
177142
177143
177144
177145
177146
177147
177148
177149
177150
177151
177152
177153
177154
177155
177156
177157
177158
177159
177160
46088
177161
46089
177162
46090
177163
46091
177164
46092
177165
46093
177166
46094
177167
177168
177169
177170
177171
177172
177173
177174
177175
177176
177177
177178
177179
177180
177181
177182
177183
177184
177185
177186
177187
177188
177189
177190
177191
177192
177193
177194
177195
177196
177197
177198
177199
177200
177201
177202
177203
177204
177205
177206
177207
177208
177209
177210
177211
177212
177213
177214
177215
177216
177217
177218
177219
177220
177221
177222
177223
177224
177225
177226
177227
177228
177229
177230
177231
177232
177233
177234
177235
177236
177237
177238
177239
177240
177241
177242
177243
177244
177245
177246
177247
177248
177249
177250
177251
177252
177253
177254
177255
177256
177257
177258
177259
177260
177261
177262
177263
177264
177265
177266
177267
46195
177268
46196
177269
46197
177270
46198
177271
46199
177272
46200
177273
46201
177274
46202
177275
46203
177276
46204
177277
46205
177278
46206
46207
46208
46209
46210
46211
46212
46213
46214
46215
46216
46217
46218
46219
46220
46221
46222
46223
46224
46225
46226
46227
46228
46229
46230
46231
46232
46233
46234
46235
46236
46237
46238
46239
46240
46241
46242
46243
46244
46245
46246
46247
46248
46249
46250
46251
46252
46253
46254
46255
46256
46257
46258
46259
46260
46261
46262
46263
46264
46265
46266
46267
46268
177397
177398
177399
46333
46334
46335
46336
46337
46338
46339
177412
46340
177413
46341
177414
46342
177415
46343
177416
177417
46345
177418
46346
177419
46347
177420
46348
177421
46349
177422
177423
177424
177425
177426
177427
177428
177429
177430
177431
177432
177433
177434
177435
177436
177437
177438
177439
177440
177441
177442
177443
177444
177445
177446
177447
177448
177449
177450
177451
177452
177453
46381
177454
46382
177455
46383
177456
46384
177457
46385
177458
46386
177459
46387
177460
46388
177461
46389
177462
46390
177463
46391
177464
177465
177466
177467
177468
177469
177470
177471
177472
177473
177474
177475
177476
177477
177478
177479
177480
177481
177482
177483
177484
177485
177486
177487
177488
177489
177490
177491
177492
177493
177494
177495
177496
177497
177498
177499
177500
177501
177502
177503
46431
177504
46432
177505
46433
177506
46434
177507
46435
177508
46436
177509
46437
177510
46438
177511
46439
177512
46440
177513
46441
177514
46442
177515
46443
177516
46444
177517
46445
177518
46446
177519
46447
177520
46448
177521
46449
177522
177523
177524
177525
177526
177527
177528
177529
177530
177531
177532
177533
177534
177535
177536
177537
177538
177539
177540
177541
177542
177543
177544
177545
46473
177546
46474
177547
46475
177548
46476
177549
46477
177550
177551
177552
177553
177554
177555
177556
177557
177558
177559
177560
177561
177562
177563
177564
177565
177566
46494
177567
46495
177568
46496
177569
46497
177570
46498
177571
46499
177572
46500
177573
46501
177574
177575
177576
177577
177578
177579
177580
177581
177582
177583
177584
177585
177586
177587
177588
177589
177590
177591
177592
177593
177594
177595
177596
177597
177598
177599
177600
177601
177602
177603
177604
177605
177606
177607
177608
177609
177610
177611
177614
177615
177616
177617
177618
177619
177620
177621
177622
177623
177624
177625
177626
177627
177628
177629
177630
177631
177632
177633
177634
177635
177636
177637
177638
177639
177640
177641
177642
177643
177644
177645
177646
177647
177648
177649
177650
177651
177652
177653
177654
177655
177656
177657
177658
177659
177660
177661
177662
177663
177664
177665
177666
177667
177668
177669
177670
177671
177672
177673
177674
177675
177676
177677
177678
177679
177680
177681
177682
177683
177684
177685
177686
177687
177688
177689
177690
177691
177692
177693
177694
46622
177695
46623
177696
46624
177697
46625
177698
46626
177699
177700
177701
177702
177703
177704
177705
177706
177707
177708
177709
177710
177711
177712
177713
177714
177715
177716
177717
177718
177719
177720
177721
177722
177723
177724
177725
46653
177726
46654
177727
46655
177728
46656
177729
46657
177730
46658
177731
46659
177732
177733
177734
177735
177736
177737
177738
177739
177740
177741
177742
177743
177744
177745
177746
177747
177748
177749
177750
177751
177752
177753
177754
177755
177756
177757
177758
177759
177760
177761
177762
177763
177764
177765
177766
177767
177768
177769
177770
177771
177772
177773
177774
177775
177776
177777
177778
177779
177780
177781
177782
177783
177784
177785
177786
177787
177788
177789
177790
177791
177792
177793
177794
177795
177796
177797
177798
177799
177800
177801
177802
177803
177804
177805
177806
177807
177808
177809
177810
177811
177812
177813
177814
177815
177816
177817
177818
177819
177820
177821
177822
177823
177824
177825
177826
177827
177828
177829
177830
177831
177832
177833
177834
177835
177836
177837
177838
177839
177840
177841
177842
177843
177844
177845
177846
177847
177848
177849
177850
177851
177852
177853
177854
177855
177856
177857
177858
177859
177860
177861
177862
177863
177864
177865
177866
177867
177868
177869
177870
46798
177871
46799
177872
46800
177873
46801
177874
46802
177875
46803
177876
46804
177877
46805
177878
46806
177879
46807
177880
46808
177881
46809
177882
46810
177883
46811
177884
46812
177885
46813
177886
46814
177887
46815
177888
46816
177889
46817
177890
46818
177891
46819
177892
46820
177893
46821
177894
46822
177895
46823
177896
46824
177897
46825
177898
46826
177899
46827
177900
46828
177901
46829
177902
46830
177903
46831
177904
46832
177905
46833
177906
46834
177907
46835
177908
46836
177909
46837
177910
46838
177911
46839
177912
46840
177913
46841
177914
46842
177915
46843
177916
46844
177917
46845
177918
46846
177919
46847
177920
46848
177921
46849
177922
46850
177923
46851
177924
46852
177925
46853
177926
46854
177927
46855
177928
46856
177929
46857
177930
46858
177931
46859
177932
46860
177933
46861
177934
46862
177935
46863
177936
46864
177937
46865
177938
46866
177939
46867
177940
177941
177942
177943
177944
177945
177946
177947
177948
177949
177950
177951
177952
177953
177954
177955
177956
177957
177958
177959
177960
177961
177962
177963
177964
177965
177966
177967
177968
177969
177970
177971
177972
177973
177974
177975
177976
177977
178002
178003
178004
178005
178006
178007
178008
178009
178010
178011
178012
178013
178014
178015
178016
178017
178018
178019
178020
178021
178022
178023
178024
178025
178026
178027
178028
178029
178030
178031
178032
178033
178034
178035
178036
178037
178038
178039
178040
178041
178042
178043
178044
178045
178046
178047
46975
178048
46976
178049
46977
178050
46978
178051
46979
178052
46980
178053
46981
178054
46982
178055
46983
178056
46984
178057
46985
178058
46986
178059
46987
178060
46988
178061
46989
178062
46990
178063
46991
178064
46992
178065
46993
178066
46994
178067
46995
178068
46996
178069
46997
178070
46998
178071
46999
178072
47000
178073
47001
178074
47002
178075
47003
178076
47004
178077
47005
178078
47006
178079
47007
178080
47008
178081
47009
178082
47010
178083
47011
178084
47012
178085
47013
178086
47014
178087
47015
178088
47016
178089
47017
178090
47018
178091
47019
178092
47020
178093
47021
178094
47022
178095
47023
178096
47024
178097
47025
178098
47026
178099
47027
178100
47028
178101
47029
178102
47030
178103
47031
178104
47032
178105
47033
178106
47034
178107
47035
178108
47036
178109
47037
178110
47038
178111
47039
178112
47040
178113
47041
178114
47042
178115
47043
178116
47044
178117
47045
178118
47046
178119
47047
178120
47048
178121
47049
178122
47050
178123
47051
178124
47052
178125
47053
178126
47054
178127
47055
178128
47056
178129
47057
178130
47058
178131
47059
178132
47060
178133
47061
178134
47062
178135
47063
178136
47064
178137
47065
178138
47066
178139
47067
178140
47068
178141
47069
178142
47070
178143
47071
178144
47072
178145
47073
178146
47074
178147
178148
178149
178150
178151
178152
178153
178154
178155
178156
178157
178158
178159
178160
178161
178162
178163
178164
178165
178166
178167
47095
178168
178169
178170
178171
178172
178173
178174
47186
47187
47188
47189
47190
47191
47192
47193
47194
47195
47196
47197
47198
178271
47199
178272
47200
178273
47201
47202
47203
47204
47205
47206
47207
178280
47208
178281
47209
178282
47210
178283
47211
178284
47212
178285
47213
178286
47214
178287
47215
178288
47216
178289
47217
178290
47218
178291
47219
178292
47220
178293
47221
178294
47222
178295
47223
178296
47224
178297
47225
178298
47226
178299
47227
178300
47228
178301
47229
178302
47230
178303
47231
178304
47232
178305
47233
178306
47234
178307
47235
178308
47236
178309
47237
178310
47238
178311
47239
178312
47240
178313
178314
178315
178316
178317
178318
178319
178320
178321
178322
178323
178324
178325
178326
178327
178328
178329
178330
178331
178332
47260
178333
47261
178334
47262
178335
47263
178336
47264
178337
47265
178338
47266
178339
47267
178340
47268
178341
47269
178342
47270
178343
178344
178345
178346
178347
178348
178349
178350
178351
178352
178353
178354
178355
178356
178357
178358
178359
178360
178361
178362
178363
178364
178365
178366
178367
178368
178369
178370
178371
178372
178373
178374
178375
178376
178377
178378
178379
178380
178381
178382
178383
178384
178385
178386
178387
178388
178389
178390
178391
178392
178393
178394
178395
178396
178397
178398
178399
178400
178401
178402
178403
178404
178405
178406
178407
178408
178409
178410
178411
178412
178413
178414
178415
178416
178417
178418
178419
178420
178421
178422
178423
178424
178425
178426
178427
178428
178429
178430
178431
178432
178433
178434
178435
178436
178437
178438
178439
178440
178441
178442
178443
178444
178445
178446
178447
178448
178449
178450
178451
178452
178453
178454
178455
178456
178457
178458
178459
178460
178461
178462
178463
178464
178465
178466
178467
178468
47396
178469
47397
178470
47398
178471
47399
178472
47400
178473
47401
178474
47402
178475
47403
178476
47404
178477
47405
178478
47406
178479
47407
178480
47408
178481
47409
178482
47410
178483
47411
178484
47412
178485
47413
178486
47414
178487
47415
178488
47416
178489
47417
178490
47418
178491
47419
178492
47420
178493
47421
178494
47422
178495
178496
178497
178498
178499
178500
178501
178502
178503
178504
47432
178505
178506
178507
178508
178509
178510
178511
178512
178513
178514
178515
178516
178517
47445
178518
47446
178519
47447
178520
47448
178521
178522
178523
178524
178525
178526
178527
178528
178529
178530
47458
178531
47459
178532
47460
178533
47461
178534
47462
178535
178536
178537
178538
178539
178540
178541
47469
178542
47470
178543
47471
178544
47472
178545
47473
178546
47474
178547
47475
178548
47476
178549
47477
178550
47478
178551
47479
178552
47480
178553
47481
178554
47482
178555
47483
178556
178557
178558
178559
178560
178561
178562
178563
178564
178565
178566
178567
178568
178569
178570
178571
178572
178573
178574
178575
178576
178577
178578
178579
178580
178581
178582
178583
178584
178585
178586
178587
47515
178588
47516
178589
47517
178590
47518
178591
47519
178592
47520
178593
47521
178594
178595
178596
178597
178598
178599
178600
178601
178602
178603
178604
178605
178606
178607
178608
178609
178610
178611
178612
178613
178614
178615
178616
178617
178618
178619
178620
178621
178622
178623
178624
178625
178626
178627
178628
178629
178630
178631
178632
178633
178634
178635
178636
178637
178638
178639
178640
178641
178642
178643
178644
178645
178646
178647
178648
178649
178650
178651
178652
178653
178654
178655
178656
178657
178658
178659
178660
178661
178662
178663
178664
178665
178666
178667
178668
178669
178670
178671
178672
178673
178674
178675
178676
178677
178678
178679
178680
178681
178682
178683
178684
178685
178686
178687
178688
178689
178690
178691
178692
178693
178694
47622
178695
47623
178696
47624
178697
47625
178698
47626
178699
47627
178700
47628
178701
47629
178702
47630
178703
47631
178704
47632
178705
47633
178706
47634
178707
47635
178708
47636
178709
47637
178710
47638
178711
47639
178712
47640
178713
47641
178714
47642
178715
47643
178716
47644
178717
47645
178718
47646
178719
47647
178720
47648
178721
47649
178722
47650
178723
47651
178724
47652
178725
47653
178726
47654
178727
47655
178728
47656
178729
47657
178730
47658
178731
47659
178732
47660
178733
47661
178734
47662
178735
47663
178736
47664
178737
47665
178738
47666
178739
47667
178740
47668
178741
47669
178742
47670
178743
47671
178744
47672
178745
47673
178746
47674
178747
47675
178748
47676
178749
47677
178750
47678
178751
47679
178752
47680
178753
47681
178754
47682
178755
47683
178756
47684
178757
47685
178758
47686
178759
47687
178760
47688
178761
47689
178762
47690
178763
47691
178764
47692
178765
47693
178766
47694
178767
47695
178768
47696
178769
178770
178771
178772
178773
178774
178775
178776
178777
178778
178779
178780
178781
178782
178783
178784
178785
178786
178787
178788
178789
178790
178791
178792
178793
178794
178795
178796
178797
178798
178799
178800
178801
178802
178803
178804
178805
178806
178807
178808
178809
178810
178811
178812
178813
178814
178815
178816
178817
178818
178819
178820
178821
178822
178823
178824
178825
178826
178827
178828
178829
178830
178831
178832
178833
178834
178835
47763
178836
47764
178837
47765
178838
47766
178839
47767
178840
47768
178841
47769
178842
47770
178843
47771
178844
47772
47773
47774
47775
47776
47777
47778
47779
47780
178862
178863
178864
178865
178866
178867
178868
178869
178870
178871
178872
178873
178874
178875
178876
178877
178878
178879
178880
178881
178882
178883
47811
178884
47812
178885
47813
178886
47814
178887
47815
178888
47816
178889
47817
178890
47818
178891
47819
178892
178893
178894
178895
178896
178897
178898
178899
178900
178901
178902
178903
178904
178905
178906
178907
178908
178909
178910
178911
178912
178913
178914
178915
178916
178917
178918
178919
178920
178921
178922
178923
178924
178925
178926
178927
178928
178929
178930
178931
178932
178933
178934
178935
178936
178937
47865
178938
47866
178939
47867
178940
47868
178941
47869
178942
47870
178943
47871
178944
47872
178945
47873
178946
47874
178947
47875
178948
47876
178949
47877
178950
47878
178951
47879
178952
47880
178953
47881
178954
47882
178955
47883
178956
178957
178958
178959
178960
178961
178962
178963
178964
178965
178966
178967
178968
178969
178970
178971
178972
178973
178974
178975
178976
178977
178978
178979
178980
178981
178982
178983
178984
47912
178985
47913
178986
47914
178987
47915
178988
47916
178989
178990
178991
178992
178993
178994
178995
178996
178997
178998
178999
179000
179001
179002
179003
179004
179005
179006
179007
47935
179008
47936
179009
47937
179010
47938
179011
47939
179012
47940
179013
47941
179014
47942
179015
179016
179017
179018
179019
179020
179021
179022
179023
179024
179025
179026
179027
179028
179029
179030
179113
179114
179116
179117
179118
179119
179120
179121
179122
179123
179124
179125
179126
179127
179128
179129
179130
179131
179132
179133
179134
179135
179136
179137
179138
179139
179140
179141
179142
179143
179144
179145
179146
179147
179148
48076
179149
48077
179150
48078
179151
48079
179152
179153
179154
179155
179156
179157
179158
179159
179160
179161
179162
179163
179164
179165
179166
179167
179168
179169
179170
179171
179172
179173
179174
179175
179176
179177
179178
179179
48107
179180
48108
179181
48109
179182
48110
179183
48111
179184
48112
179185
48113
179186
179187
179188
179189
179190
179191
179192
179193
179194
179195
179196
179197
179198
179199
179200
179201
179202
179203
179204
179205
179206
179207
179208
179209
179210
179211
179212
179213
179214
179215
179216
179217
179218
179219
179220
179221
179222
179223
179224
179225
179226
179227
179228
179229
179230
179231
179232
179233
179234
179235
179236
179237
179238
179239
179240
179241
179242
179243
179244
179245
179246
179247
179248
179249
179250
179251
179252
179253
179254
179255
179256
179257
179258
179259
179260
179261
179262
179263
179264
179265
179266
179267
179268
179269
179270
179271
179272
179273
179274
179275
179276
179277
179278
179279
179280
179281
179282
179283
179284
179285
179286
179287
179288
179289
179290
179291
179292
179293
179294
179295
179296
179297
179298
179299
179300
179301
179302
179303
179304
179305
179306
179307
179308
179309
179310
179311
179312
179313
179314
179315
179316
179317
179318
179319
179320
179321
179322
179323
179324
179325
179326
179327
48255
179328
48256
179329
48257
179330
48258
179331
48259
179332
48260
179333
48261
179334
48262
179335
48263
179336
48264
179337
48265
179338
48266
179339
48267
179340
48268
179341
48269
179342
48270
179343
48271
179344
48272
179345
48273
179346
48274
179347
48275
179348
48276
179349
48277
179350
48278
179351
48279
179352
48280
179353
48281
179354
48282
179355
48283
179356
48284
179357
48285
179358
48286
179359
48287
179360
48288
179361
48289
179362
48290
179363
48291
179364
48292
179365
48293
179366
48294
179367
48295
179368
48296
179369
48297
179370
48298
179371
48299
179372
48300
179373
48301
179374
48302
179375
48303
179376
48304
179377
48305
179378
48306
179379
48307
179380
48308
179381
48309
179382
48310
179383
48311
179384
48312
179385
48313
179386
48314
179387
48315
179388
48316
179389
48317
179390
48318
179391
48319
179392
48320
179393
48321
179394
48322
179395
48323
179396
48324
179397
48325
179398
48326
179399
48327
179400
48328
179401
48329
179402
48330
179403
48331
179404
48332
179405
48333
179406
48334
179407
48335
179408
179409
179410
179411
179412
179413
179414
179415
179416
179417
179418
179419
179420
179421
179422
179423
179424
179425
179426
179427
179428
179429
179430
179431
179432
179433
179434
179435
179436
179437
179438
179439
179440
179441
179442
179443
179444
179445
179446
179447
179448
179449
179450
179451
179452
179453
179454
179455
179456
179457
179458
179459
179460
179461
179462
179463
179464
179465
179466
179467
179468
179469
179470
179471
179472
179473
179474
179475
179476
179477
179478
179479
179480
179481
179482
179483
179484
179485
179486
179487
179488
179489
179490
179491
179492
179493
179494
179495
179496
179497
179498
179499
179500
179501
179502
179503
179504
179505
179506
179507
179508
179509
179510
179511
179512
179513
179514
179515
179516
179517
179518
179519
179520
179521
179522
179523
179524
179525
179526
179527
179528
179529
179530
179531
48459
179532
48460
179533
48461
179534
48462
179535
48463
179536
48464
179537
48465
179538
48466
179539
48467
179540
48468
179541
48469
179542
48470
179543
48471
179544
48472
179545
48473
179546
48474
179547
48475
179548
48476
179549
48477
179550
48478
179551
48479
179552
48480
179553
48481
179554
48482
179555
48483
179556
48484
179557
48485
179558
48486
179559
48487
179560
48488
179561
48489
179562
48490
179563
48491
179564
48492
179565
48493
179566
48494
179567
48495
179568
48496
179569
48497
179570
48498
179571
48499
179572
48500
179573
48501
179574
48502
179575
48503
179576
48504
179577
48505
179578
48506
179579
48507
179580
48508
179581
48509
179582
48510
179583
48511
179584
48512
179585
48513
179586
48514
179587
48515
179588
48516
179589
48517
179590
48518
179591
48519
179592
48520
179593
48521
179594
48522
179595
48523
179596
48524
179597
48525
179598
48526
179599
48527
179600
48528
179601
48529
179602
48530
179603
48531
179604
48532
179605
48533
179606
48534
179607
48535
179608
48536
179609
48537
179610
48538
179611
48539
179612
48540
179613
48541
179614
48542
179615
48543
179616
48544
179617
48545
179618
48546
179619
48547
179620
48548
179621
48549
179622
48550
179623
48551
179624
48552
179625
48553
179626
48554
179627
48555
179628
48556
179629
48557
179630
48558
179631
48559
179632
48560
179633
48561
179634
48562
179635
48563
179636
48564
179637
48565
179638
48566
179639
48567
179640
48568
179641
48569
179642
48570
179643
48571
179644
48572
179645
48573
179646
179647
179648
179649
179650
179651
179652
179653
179654
179655
179656
179657
179658
179659
179660
179661
179662
179663
179664
179665
179666
48594
179667
179668
179669
179670
179671
179672
179673
179674
179689
179690
179691
179692
179693
179694
179695
179696
179697
179698
179699
179700
179701
179702
179703
179704
179705
179706
179707
179708
179709
179710
179711
179712
179713
179714
179715
179716
179717
179718
179719
179720
179721
179722
179723
179724
179725
179726
179727
179728
179729
179730
179731
179732
179733
179734
179735
179736
179737
179738
179739
179740
179741
179742
179743
179744
179745
179746
179747
179748
179749
179750
179751
179752
179753
179754
179755
179756
179757
179758
179759
179760
179761
179762
179763
48691
179764
48692
179765
48693
179766
48694
179767
48695
179768
48696
179769
48697
179770
48698
179771
48699
179772
48700
179773
48701
179774
48702
179775
48703
179776
48704
179777
48705
179778
48706
179779
48707
179780
48708
179781
48709
179782
48710
179783
48711
179784
48712
179785
48713
179786
48714
179787
48715
179788
48716
179789
48717
179790
48718
179791
48719
179792
48720
179793
48721
179794
48722
179795
48723
179796
48724
179797
48725
179798
48726
179799
48727
179800
48728
179801
48729
179802
48730
179803
48731
179804
48732
179805
48733
179806
48734
179807
48735
179808
48736
179809
48737
179810
48738
179811
48739
179812
48740
179813
48741
179814
48742
179815
48743
179816
48744
179817
48745
179818
48746
179819
48747
179820
48748
179821
48749
179822
48750
179823
48751
179824
179825
179826
179827
179828
179829
179830
179831
179832
179833
179834
179835
179836
179837
179838
179839
179840
179841
179842
179843
48771
179844
48772
179845
48773
179846
48774
179847
48775
179848
48776
179849
48777
179850
48778
179851
48779
179852
48780
179853
48781
179854
48782
179855
48783
179856
179857
179858
179859
179860
179861
179862
179863
179864
179865
179944
179945
179946
179947
179948
179949
179950
179951
179952
179953
179954
179955
179956
179957
179958
179959
179960
179961
179962
179963
179964
179965
179966
179967
179968
179969
179970
179971
179972
179973
179974
179975
179976
179977
179978
179979
179980
179981
179982
179983
179984
179985
179986
179987
179988
179989
179990
179991
48919
179992
48920
179993
48921
179994
48922
179995
48923
179996
48924
179997
48925
179998
48926
179999
48927
180000
48928
180001
48929
180002
48930
180003
48931
180004
48932
180005
48933
180006
48934
180007
48935
180008
48936
180009
48937
180010
48938
180011
48939
180012
48940
180013
48941
180014
48942
180015
48943
180016
48944
180017
48945
180018
48946
180019
180020
180021
180022
180023
180024
180025
180026
180027
180028
48956
180029
180030
180031
180032
180033
180034
180035
180036
180037
180038
180039
180040
180041
48969
180042
48970
180043
48971
180044
48972
180045
48973
180046
180047
180048
180049
180050
180051
180052
180053
180054
180055
48983
180056
48984
180057
48985
180058
48986
180059
48987
180060
180061
180062
180063
180064
180065
48993
180066
48994
180067
48995
180068
48996
180069
48997
180070
48998
180071
48999
180072
49000
180073
49001
180074
49002
180075
49003
180076
49004
180077
49005
180078
49006
180079
49007
180080
180081
180082
180083
180084
180085
180086
180087
180088
180089
180090
180091
180092
180093
180094
180095
180096
180097
180098
180099
180100
180101
180102
180103
180104
180105
180106
180107
180108
180109
180110
49038
180111
49039
180112
49040
180113
49041
180114
49042
180115
49043
180116
49044
180117
180118
180119
180120
180121
180122
180123
180124
180125
180126
180127
180128
180129
180130
180131
180132
180133
180134
180135
180136
180137
180138
180139
180140
180141
180142
180143
180144
180145
180146
180147
180148
180149
180150
180151
180152
180153
180154
180155
180156
180157
180158
180159
180160
180161
180162
180163
180164
180165
180166
180167
180168
180169
180170
180171
180172
180173
180174
180175
180176
180177
180178
180179
180180
180181
180182
180183
180184
180185
180186
180187
180188
180189
180190
180191
180192
180193
180194
180195
180196
180197
180198
180199
180200
180201
180202
180203
180204
180205
180206
180207
180208
180209
180210
180211
180212
180213
49141
180214
49142
180215
49143
180216
49144
180217
49145
180218
49146
180219
49147
180220
49148
180221
49149
180222
49150
180223
49151
180224
49152
180225
49153
180226
49154
180227
49155
180228
49156
180229
49157
180230
49158
180231
49159
180232
49160
180233
49161
180234
49162
180235
49163
180236
49164
180237
49165
180238
49166
180239
49167
180240
49168
180241
49169
180242
49170
180243
49171
180244
49172
180245
49173
180246
49174
180247
49175
180248
49176
180249
49177
180250
49178
180251
49179
180252
49180
180253
49181
180254
49182
180255
49183
180256
49184
180257
49185
180258
49186
180259
49187
180260
49188
180261
49189
180262
49190
180263
49191
180264
49192
180265
49193
180266
49194
180267
49195
180268
49196
180269
49197
180270
49198
180271
49199
180272
49200
180273
49201
180274
49202
180275
49203
180276
49204
180277
49205
180278
49206
180279
49207
180280
49208
180281
49209
180282
49210
180283
49211
180284
49212
180285
49213
180286
49214
180287
49215
180288
49216
180289
49217
180290
49218
180291
49219
180292
49220
180293
49221
180294
49222
180295
49223
180296
180297
180298
180299
180300
180301
180302
180303
180304
180305
180306
180307
180308
180309
180310
180311
180312
180313
180314
180315
180316
180317
180318
180319
180320
180321
180322
180323
180324
180325
180326
180327
180328
180329
180330
180331
180332
180333
180334
180335
180336
180337
180338
180339
180340
180341
180342
180343
180344
180345
180346
180347
180348
180349
180350
180351
180352
180353
180354
180355
180356
180357
180358
180359
180360
49288
180361
49289
180362
49290
180363
49291
180364
49292
180365
49293
180366
49294
180367
49295
180368
49296
180369
49297
180370
49298
180371
49299
180372
49300
180373
49301
180374
49302
180375
49303
180376
49304
180377
180378
180379
180380
180381
180382
180383
180384
180385
180386
180387
180388
180389
180390
180391
180392
180393
180394
180395
180396
180397
180398
180399
180400
180401
180402
180403
49331
180404
49332
180405
49333
180406
49334
180407
49335
180408
49336
180409
49337
180410
49338
180411
49339
180412
180413
180414
180415
180416
180417
180418
180419
180420
180421
180422
180423
180424
180425
180426
180427
180428
180429
180430
180431
180432
180433
180434
180435
180436
180437
180438
180439
180440
180441
180442
180443
180444
180445
180446
180447
180448
180449
180450
180451
180452
180453
180454
180455
180456
180457
180458
180459
180460
180461
180462
180463
180464
49392
180465
49393
180466
49394
180467
49395
180468
49396
180469
49397
180470
49398
180471
49399
180472
49400
180473
49401
180474
49402
180475
49403
180476
49404
180477
49405
180478
49406
180479
49407
180480
49408
180481
49409
180482
49410
180483
180484
180485
180486
180487
180488
180489
180490
180491
180492
180493
180494
180495
180496
180497
180498
180499
180500
180501
180502
180503
180504
180505
180506
180507
180508
180509
180510
180511
180512
49446
49447
49448
49449
49450
49451
180525
180526
180527
180528
180529
180530
180531
180532
180533
180534
180535
180536
180537
180538
180539
180540
180541
180542
180543
49471
180544
49472
180545
49473
180546
49474
180547
49475
180548
49476
180549
49477
180550
49478
180551
180552
180553
180554
180555
180556
180557
180558
180559
180560
180561
180562
180563
180564
180565
180566
180567
180568
180569
180570
180571
180572
180573
180574
180575
180576
180577
180578
180579
180580
180581
180582
180583
180584
180585
180586
180587
180588
180589
180590
180591
180592
180593
180594
180595
180596
180597
180598
180599
180600
180601
180602
180603
180604
180605
180606
180607
180608
180609
180610
180611
180612
180613
180614
180615
180616
180617
180618
180619
180620
180621
180622
180623
180624
180625
180626
180627
180628
180629
180630
180631
180632
180633
180634
180635
180636
180637
180638
180639
180640
180641
180642
180643
180644
180645
180646
180647
180648
180649
180650
180651
180652
180653
180654
180655
180656
180657
180658
180659
180660
180661
180662
180663
180664
180665
180666
180667
180668
180669
180670
180671
180672
180673
180674
180675
180676
180677
180678
180679
180680
180681
180682
180683
180684
180685
180686
180687
180688
180689
49617
180690
49618
180691
49619
180692
180693
180694
180695
180696
180697
180698
180699
180700
180701
180702
49643
49644
49645
49646
49647
49648
49649
180780
180781
180782
180783
180784
180785
180786
180787
180788
180789
180790
180791
180792
180793
180794
180795
180796
180797
180798
180799
180800
180801
180802
180803
180804
180805
180806
180807
180808
180809
180810
180811
180812
180813
180814
180815
180816
180817
180818
180819
180820
180821
180822
180823
180824
180825
180826
180827
180828
180829
180830
180831
180832
180833
180834
180835
180836
180837
180838
180839
180840
180841
180842
180843
180844
180845
180846
180847
180848
180849
180850
180851
180852
180853
180854
180855
180856
180857
180858
180859
180860
180861
180862
180863
180864
180865
180866
180867
180868
180869
180870
180871
49799
180872
49800
180873
49801
180874
49802
180875
49803
180876
49804
180877
49805
180878
49806
180879
49807
180880
49808
180881
49809
180882
49810
180883
49811
180884
49812
180885
49813
180886
49814
180887
49815
180888
49816
180889
49817
180890
49818
180891
49819
180892
49820
180893
49821
180894
49822
180895
49823
180896
49824
180897
49825
180898
49826
180899
49827
180900
49828
180901
49829
180902
49830
180903
49831
180904
49832
180905
49833
180906
49834
180907
49835
180908
49836
180909
49837
180910
49838
180911
49839
180912
49840
180913
49841
180914
49842
180915
49843
180916
49844
180917
49845
180918
49846
180919
49847
180920
49848
180921
49849
180922
49850
180923
49851
180924
49852
180925
49853
180926
49854
180927
49855
180928
49856
180929
49857
180930
49858
180931
49859
180932
49860
180933
49861
180934
49862
180935
49863
180936
49864
180937
49865
180938
49866
180939
49867
180940
49868
180941
49869
180942
49870
180943
49871
180944
49872
180945
49873
180946
49874
180947
49875
180948
49876
180949
49877
180950
49878
180951
49879
180952
49880
180953
180954
180955
180956
180957
180958
180959
180960
180961
180962
180963
180964
180965
180966
180967
180968
180969
180970
180971
180972
180973
180974
180975
180976
180977
180978
180979
180980
180981
180982
180983
180984
180985
180986
180987
180988
180989
180990
180991
180992
180993
180994
180995
180996
180997
180998
180999
181000
181001
181002
181003
181004
181005
181006
181007
181008
181009
181010
181011
181012
181013
181014
181015
181016
181017
181018
181019
181020
181021
181022
181023
181024
181025
181026
181027
181028
181029
181030
181031
181032
181033
181034
181035
181036
181037
181038
181039
181040
181041
181042
181043
181044
181045
181046
181047
181048
181049
181050
181051
181052
181053
181054
181055
181056
181057
181058
181059
181060
181061
181062
181063
181064
181065
181066
181067
181068
181069
181070
181071
181072
181073
181074
181075
181076
181077
50005
181078
50006
181079
50007
181080
50008
181081
50009
181082
50010
181083
50011
181084
50012
181085
50013
181086
50014
181087
50015
181088
50016
181089
50017
181090
50018
181091
50019
181092
50020
181093
50021
181094
50022
181095
50023
181096
50024
181097
50025
181098
50026
181099
50027
181100
50028
181101
50029
181102
50030
181103
50031
181104
50032
181105
50033
181106
50034
181107
50035
181108
50036
181109
50037
181110
50038
181111
50039
181112
50040
181113
50041
181114
50042
181115
50043
181116
50044
181117
50045
181118
50046
181119
50047
181120
50048
181121
50049
181122
50050
181123
50051
181124
50052
181125
50053
181126
50054
181127
50055
181128
50056
181129
50057
181130
50058
181131
50059
181132
50060
181133
50061
181134
50062
181135
50063
181136
50064
181137
50065
181138
50066
181139
50067
181140
50068
181141
50069
181142
50070
181143
50071
181144
50072
181145
50073
181146
50074
181147
50075
181148
50076
181149
50077
181150
50078
181151
50079
181152
50080
181153
50081
181154
50082
181155
50083
181156
50084
181157
50085
181158
50086
181159
50087
181160
50088
181161
50089
181162
50090
181163
50091
181164
50092
181165
50093
181166
50094
181167
50095
181168
50096
181169
50097
181170
50098
181171
50099
181172
50100
181173
50101
181174
50102
181175
50103
181176
50104
181177
50105
181178
50106
181179
50107
181180
50108
181181
50109
181182
50110
181183
50111
181184
50112
181185
50113
181186
50114
181187
50115
181188
50116
181189
50117
181190
50118
181191
50119
181192
50120
181193
50121
181194
50122
181195
181196
181197
181198
181199
181200
181201
181202
181203
181204
181205
181206
181207
181208
181209
181210
181211
181212
181213
181214
181215
181216
181217
181218
181219
181220
181221
181222
181223
181224
181225
181226
181227
181228
181229
181230
181231
181232
181233
181234
181235
181236
181237
181238
181239
181240
181241
181242
181243
181244
181245
181246
181247
181248
181249
181250
181251
181252
181253
181254
181255
181256
181257
181258
181259
181260
181261
181262
181263
181264
181265
181266
181267
181268
181269
181270
181271
181272
181273
181274
181275
181276
181277
181278
181279
181280
181281
181282
181283
181284
181285
181286
181287
181288
181289
181290
181291
181292
181293
181294
181295
181296
181297
181298
181299
181300
181301
181302
181303
181304
181305
181306
181307
181308
181309
181310
181311
181312
181313
181314
181315
181316
181317
181318
181319
181320
50248
181321
50249
181322
50250
181323
50251
181324
50252
181325
50253
181326
50254
181327
50255
181328
50256
181329
50257
181330
50258
181331
50259
181332
50260
181333
50261
181334
50262
181335
50263
181336
50264
181337
50265
181338
50266
181339
50267
181340
50268
181341
50269
181342
50270
50271
50272
50273
50274
50275
50276
50277
50278
50279
50280
50281
50282
181355
50283
181356
50284
181357
50285
181358
50286
181359
50287
181360
50288
181361
50289
181362
50290
181363
50291
181364
50292
181365
50293
181366
50294
181367
50295
181368
50296
181369
50297
181370
50298
181371
50299
181372
50300
181373
50301
181374
50302
181375
50303
181376
50304
181377
50305
181378
50306
181379
50307
181380
50308
181381
50309
181382
50310
181383
181384
181385
181386
181387
181388
181389
181390
181391
181392
181393
181394
181395
181396
181397
181398
181399
181400
181401
181402
50330
181403
50331
181404
50332
181405
50333
181406
50334
181407
50335
181408
50336
181409
50337
181410
50338
181411
50339
181412
50340
181413
50341
181414
50342
181415
50343
181416
181417
181418
181419
181420
181421
181422
181423
181424
181425
181426
181427
181428
181429
181430
181431
181432
181433
181434
181435
181436
181437
181438
181439
181440
181441
181442
181443
181444
181445
181446
181447
181448
181449
181450
181451
181452
181453
181454
181455
181456
181457
181458
181459
181460
181461
181462
181463
181464
181465
181466
181467
181468
181469
181470
181471
181472
181473
181474
181475
181476
181477
181478
181479
181480
181481
181482
181483
181484
181485
181486
181487
181488
181489
181490
181491
181492
181493
181494
181495
181496
181497
181498
181499
181500
181501
181502
181503
181504
181505
181506
181507
181508
181509
181510
181511
181512
181513
181514
181515
181516
181517
181518
181519
181520
181521
181522
181523
181524
181525
181526
181527
181528
181529
181530
181531
181532
181533
50481
50482
50483
50484
50485
50486
50487
50488
50489
50490
50491
50492
50493
50494
50495
50496
50497
50498
50499
50500
50501
50502
50503
50504
50505
50506
50507
50508
50516
50528
50529
50530
50531
50532
50533
181612
181613
181614
181615
50543
181616
50544
181617
50545
181618
50546
181619
50547
181620
50548
181621
181622
181623
181624
50552
181625
50553
181626
50554
181627
50555
181628
50556
181629
50557
181630
50558
181631
50559
181632
50560
181633
50561
181634
50562
181635
50563
181636
50564
181637
50565
181638
50566
181639
50567
181640
50568
181641
181642
181643
181644
181645
181646
181647
181648
181649
181650
181651
181652
181653
181654
181655
181656
181657
181658
181659
181660
181661
181662
181663
181664
181665
181666
181667
181668
181669
181670
181671
181672
181673
181674
181675
181676
181677
181678
50606
181679
50607
181680
50608
181681
50609
181682
50610
181683
50611
181684
50612
181685
50613
181686
181687
181688
181689
181690
181691
181692
181693
181694
181695
181696
181697
181698
181699
181700
181701
181702
181703
181704
181705
181706
181707
181708
181709
181710
181711
181712
181713
181714
181715
181716
181717
181718
181719
181720
181721
181722
181723
181724
181725
181726
181727
181728
181729
181730
181731
181732
181733
181734
181735
181736
181737
181738
181739
181740
181741
181742
181743
181744
181745
181746
181747
181748
181749
181750
181751
181752
181753
181754
181755
181756
181757
181758
181759
181760
181761
181762
181763
181764
181765
181766
181767
181768
181769
181770
181771
181772
181773
181774
181775
181776
181777
181778
181779
181780
181781
181782
181783
50711
181784
50712
181785
50713
181786
50714
181787
50715
181788
50716
181789
50717
181790
50718
181791
50719
181792
50720
181793
50721
181794
50722
181795
50723
181796
50724
181797
50725
181798
50726
181799
50727
181800
50728
181801
50729
181802
50730
181803
50731
181804
50732
181805
50733
181806
50734
181807
50735
181808
50736
181809
50737
181810
50738
181811
50739
181812
50740
181813
50741
181814
50742
181815
50743
181816
50744
181817
50745
181818
50746
181819
50747
181820
50748
181821
50749
181822
50750
181823
50751
181824
50752
181825
50753
181826
50754
181827
50755
181828
50756
181829
50757
181830
50758
181831
50759
181832
50760
181833
50761
181834
50762
181835
50763
181836
50764
181837
50765
181838
50766
181839
50767
181840
50768
181841
50769
181842
50770
181843
50771
181844
50772
181845
50773
181846
50774
181847
50775
181848
50776
181849
50777
181850
50778
181851
50779
181852
50780
181853
50781
181854
50782
181855
50783
181856
50784
181857
50785
181858
50786
181859
50787
181860
50788
181861
50789
181862
50790
181863
181864
181865
181866
181867
181868
181869
181870
181871
181872
181873
181874
181875
181876
181877
181878
181879
181880
181881
181882
181883
181884
181885
181886
181887
181888
181889
181890
181891
181892
181893
181894
181895
181896
181897
181898
181899
181900
181901
181902
181903
181904
181905
181906
181907
181908
181909
181910
181911
181912
181913
181914
181915
181916
181917
181918
181919
181920
181921
181922
181923
181924
181925
50853
181926
50854
181927
50855
181928
50856
181929
50857
181930
50858
181931
50859
181932
50860
181933
50861
181934
50862
181935
50863
181936
50864
181937
50865
181938
50866
181939
50867
181940
50868
181941
50869
181942
181943
181944
181945
181946
181947
181948
181949
181950
181951
181952
181953
181954
181955
181956
181957
181958
181959
181960
181961
181962
181963
181964
181965
181966
181967
181968
181969
181970
50898
181971
50899
181972
50900
181973
50901
181974
50902
181975
50903
181976
50904
181977
50905
181978
50906
181979
50907
181980
181981
181982
181983
181984
181985
181986
181987
181988
181989
181990
181991
181992
181993
181994
181995
181996
181997
181998
181999
182000
182001
182002
182003
182004
182005
182006
182007
182008
182009
182010
182011
182012
182013
182014
182015
182016
182017
182018
182019
182020
182021
182022
182023
182024
182025
182026
182027
182028
182029
182030
182031
182032
182033
182034
182035
182036
182037
182038
50966
182039
50967
182040
50968
182041
50969
182042
50970
182043
50971
182044
50972
182045
50973
182046
50974
182047
50975
182048
50976
182049
50977
182050
50978
182051
50979
182052
50980
182053
50981
182054
50982
182055
50983
182056
50984
182057
50985
182058
182059
182060
182061
182062
182063
182064
182065
182066
182067
182068
182069
182070
182071
182072
182073
182074
182075
182076
182077
182078
182079
182080
182081
182082
182083
182084
182085
182086
182087
182088
182089
182090
182091
182092
182093
182094
182095
182096
182097
182098
182099
51027
182100
51028
182101
51029
182102
51030
182103
51031
182104
51032
182105
182106
182107
182108
182109
182110
182111
182112
182113
182114
182115
182116
182117
182118
182119
182120
182121
182122
182123
182124
182125
182126
51054
182127
51055
182128
51056
182129
51057
182130
51058
182131
51059
182132
51060
182133
51061
182134
182135
182136
182137
182138
182139
182140
182141
182142
182143
182144
182145
182146
182147
182148
182149
182150
182151
182152
182153
182154
182155
182156
182157
182158
182159
182160
182161
182162
182163
182164
182165
182166
182167
182168
182169
182170
182171
182172
182173
182174
182175
182176
182188
182189
182190
182191
182192
182193
182194
182195
182196
182197
182198
182199
182200
182201
182202
182203
182204
182205
182206
182207
182208
182209
182210
182211
182212
182213
182214
182215
182216
182217
182218
182219
182220
182221
182222
182223
182224
182225
182226
182227
182228
182229
182230
182231
182232
182233
182234
182235
182236
182237
182238
182239
182240
182241
182242
182243
182244
182245
182246
182247
182248
182249
182250
182251
182252
182253
182254
182255
182256
182257
182258
182259
182260
182261
182262
182263
182264
182265
182266
182267
182268
182269
182270
182271
182272
182273
182274
182275
182276
182277
182278
182279
182280
182281
182282
182283
182284
182285
182286
51214
182287
51215
182288
182289
182290
182291
182292
182293
182294
182295
182296
182297
182298
182299
182300
182301
182302
182303
182304
182305
182306
51234
182307
51235
182308
51236
182309
51237
182310
51238
182311
51239
182312
51240
182313
182314
182315
182316
182317
182318
182319
182320
182321
182322
182323
182324
182325
182326
182327
182328
182329
182330
182331
182332
182333
182334
182335
182336
182337
182338
182339
182340
182341
182342
182343
182344
182345
182346
182347
182348
182349
182350
182351
182352
182353
182354
182355
182356
182357
182358
182359
182360
182361
182362
182363
182364
182365
182366
182367
182368
182369
182370
182371
182449
182450
182451
182452
182453
182454
182455
182456
182457
51385
182458
51386
182459
51387
182460
51388
182461
51389
182462
51390
182463
51391
182464
51392
182465
51393
182466
51394
182467
51395
182468
51396
182469
51397
182470
51398
182471
51399
182472
51400
182473
51401
182474
51402
182475
51403
182476
51404
182477
51405
182478
51406
182479
51407
182480
51408
182481
51409
182482
51410
182483
51411
182484
51412
182485
51413
182486
51414
182487
51415
182488
51416
182489
51417
182490
51418
182491
51419
182492
51420
182493
51421
182494
51422
182495
51423
182496
51424
182497
51425
182498
51426
182499
51427
182500
51428
182501
51429
182502
51430
182503
51431
182504
51432
182505
51433
182506
51434
182507
51435
182508
51436
182509
51437
182510
51438
182511
51439
182512
51440
182513
51441
182514
51442
182515
51443
182516
51444
182517
51445
182518
51446
182519
51447
182520
51448
182521
51449
182522
51450
182523
51451
182524
51452
182525
51453
182526
51454
182527
51455
182528
51456
182529
51457
182530
51458
182531
51459
182532
51460
182533
51461
182534
51462
182535
51463
182536
51464
182537
51465
182538
51466
182539
182540
182541
182542
182543
182544
182545
182546
182547
182548
182549
182550
182551
182552
182553
182554
182555
182556
182557
182558
182559
182560
182561
182562
182563
182564
182565
182566
182567
182568
182569
182570
182571
182572
182573
182574
182575
182576
182577
182578
182579
182580
182581
182582
182583
182584
182585
182586
182587
182588
182589
182590
182591
182592
182593
182594
182595
182596
182597
182598
182599
182600
182601
182602
182603
182604
182605
182606
182607
182608
182609
182610
182611
182612
182613
182614
182615
182616
182617
182618
182619
182620
182621
182622
182623
182624
182625
182626
182627
182628
182629
182630
182631
182632
182633
182634
182635
182636
182637
182638
182639
182640
182641
182642
182643
182644
182645
182646
182647
182648
182649
182650
182651
182652
182653
182654
182655
182656
182657
182658
182659
182660
182661
182662
182663
182664
182665
182666
182667
182668
182669
182670
51598
182671
51599
182672
51600
182673
51601
182674
51602
182675
51603
182676
51604
182677
51605
182678
51606
182679
51607
182680
51608
182681
51609
182682
51610
182683
51611
182684
51612
182685
51613
182686
51614
182687
51615
182688
51616
182689
51617
182690
51618
182691
51619
182692
51620
182693
51621
182694
51622
182695
51623
182696
51624
182697
51625
182698
51626
182699
51627
182700
51628
182701
51629
182702
51630
182703
51631
182704
51632
182705
51633
182706
51634
182707
51635
182708
51636
182709
51637
182710
51638
182711
51639
182712
51640
182713
51641
182714
51642
182715
51643
182716
51644
182717
51645
182718
51646
182719
51647
182720
51648
182721
51649
182722
51650
182723
51651
182724
51652
182725
51653
182726
51654
182727
51655
182728
51656
182729
51657
182730
51658
182731
51659
182732
51660
182733
51661
182734
51662
182735
51663
182736
51664
182737
51665
182738
51666
182739
51667
182740
51668
182741
51669
182742
51670
182743
51671
182744
51672
182745
51673
182746
51674
182747
51675
182748
51676
182749
51677
182750
51678
182751
51679
182752
51680
182753
51681
182754
51682
182755
51683
182756
51684
182757
51685
182758
51686
182759
51687
182760
51688
182761
51689
182762
51690
182763
51691
182764
51692
182765
51693
182766
51694
182767
51695
182768
51696
182769
51697
182770
51698
182771
51699
182772
51700
182773
51701
182774
51702
182775
51703
182776
51704
182777
51705
182778
51706
182779
51707
182780
51708
182781
51709
182782
51710
182783
51711
182784
51712
182785
51713
182786
51714
182787
51715
182788
51716
182789
51717
182790
51718
182791
51719
182792
51720
182793
51721
182794
51722
182795
182796
182797
182798
182799
182800
182801
182802
182803
182804
182805
182806
182807
182808
182809
182810
182811
182812
182813
182814
182815
182816
182817
182818
182819
182820
182821
182822
182823
182824
182825
182826
182827
182828
182829
182830
182831
182832
182833
182834
182835
182836
182837
182838
182839
182840
182841
182842
182843
182844
182845
182846
182847
182848
182849
182850
182851
182852
182853
182854
182855
182856
182857
182858
182859
182860
182861
182862
182863
182864
182865
182866
182867
182868
182869
182870
182871
182872
182873
182874
182875
182876
182877
182878
182879
182880
182881
182882
182883
182884
182885
182886
182887
182888
182889
182890
182891
182892
182893
182894
182895
182896
182897
182898
182899
182900
182901
182902
182903
182904
182905
182906
182907
182908
182909
182910
182911
182912
182913
182914
182915
182916
182917
182918
182919
182920
182921
182922
182923
182924
182925
182926
182927
182928
182929
182930
182931
51859
182932
51860
182933
51861
182934
51862
182935
51863
182936
51864
182937
51865
182938
51866
182939
51867
182940
51868
182941
51869
182942
51870
182943
51871
182944
51872
182945
51873
182946
51874
182947
51875
182948
51876
182949
51877
182950
51878
182951
51879
182952
51880
182953
51881
182954
51882
182955
51883
182956
51884
182957
51885
182958
51886
182959
51887
182960
51888
182961
51889
182962
51890
182963
51891
182964
51892
182965
51893
182966
51894
182967
51895
182968
51896
182969
51897
182970
51898
182971
51899
182972
51900
182973
51901
182974
51902
182975
51903
182976
51904
182977
51905
182978
51906
182979
51907
182980
51908
182981
51909
182982
51910
182983
51911
182984
51912
182985
51913
182986
51914
182987
51915
182988
51916
182989
51917
182990
51918
182991
51919
182992
51920
182993
51921
182994
51922
182995
51923
182996
51924
182997
182998
182999
183000
183001
183002
183003
183004
183005
183006
51944
51945
51946
183019
51947
183020
51948
183021
51949
183022
51950
183023
51951
183024
51952
183025
51953
183026
51954
183027
51955
183028
51956
183029
51957
183030
51958
183031
183032
183033
183034
183035
183036
183037
183038
183039
183040
183041
183042
183043
183044
183045
183046
183047
183048
183049
183050
183051
183052
183053
183054
183055
183056
183057
183058
183059
183060
183061
183062
183063
183064
183065
183066
183067
183068
183069
183070
183071
183072
183073
183074
183075
183076
183077
183078
183079
183080
183081
183082
183083
183084
183085
183086
183087
183088
183089
183090
183091
183092
183093
183094
183095
183096
183097
183098
183099
183100
183101
183102
183103
183104
183105
183106
183107
183108
183109
183110
183111
183112
183113
183114
183115
183116
183117
183118
183119
183120
183121
183122
183123
183124
183125
183126
183127
183128
183129
183130
183131
183132
183133
183134
183135
183136
183137
183138
183139
183140
183141
183142
183143
183144
183145
183146
183147
183148
183149
183150
183151
183152
183153
183154
183155
183156
183157
183158
183159
183160
183161
183162
183163
183164
183165
183166
183167
183168
183169
183170
183171
183172
52100
183173
52101
183174
52102
183175
52103
183176
52104
183177
52105
183178
52106
183179
52107
183180
52108
183181
52109
183182
52110
183183
52111
183184
52112
183185
52113
183186
52114
183187
52115
183188
52116
183189
52117
183190
52118
183191
52119
183192
52120
183193
52121
183194
52122
183195
52123
183196
52124
183197
52125
183198
52126
183199
52127
183200
52128
183201
52129
183202
52130
183203
52131
52139
52151
52152
52153
52154
52155
52156
52166
52167
52168
52169
52170
52171
52175
52176
52177
52178
52179
52180
52181
52182
52183
52184
52185
52186
52187
52188
52189
52190
52191
183282
183283
183284
183285
183286
183287
183288
183289
183290
183291
183292
183293
183294
183295
183296
183297
183298
183299
183300
183301
183302
183303
183304
52232
183305
52233
183306
52234
183307
52235
183308
52236
183309
52237
183310
52238
183311
52239
183312
183313
183314
183315
183316
183317
183318
183319
183320
183321
183322
183323
183324
183325
183326
183327
183328
183329
183330
183331
183332
183333
183334
183335
183336
183337
183338
183339
183340
183341
183342
183343
183344
183345
183346
183347
183348
183349
183350
183351
183352
183353
183354
183355
183356
183357
183358
183359
183360
183361
183362
183363
183364
183365
183366
183367
183368
183369
183370
183371
183372
183373
183374
183375
183376
183377
183378
183379
183380
183381
183382
183383
183384
183385
183386
183387
183388
183389
183390
183391
183392
183393
183394
183395
183396
183397
183398
183399
52327
183400
52328
183401
52329
183402
52330
183403
52331
183404
52332
183405
52333
183406
52334
183407
52335
183408
52336
183409
52337
183410
52338
183411
52339
183412
52340
183413
52341
183414
52342
183415
52343
183416
52344
183417
52345
183418
52346
183419
52347
183420
52348
183421
52349
183422
52350
183423
52351
183424
52352
183425
52353
183426
52354
183427
52355
183428
52356
183429
52357
183430
52358
183431
52359
183432
52360
183433
52361
183434
52362
183435
52363
183436
52364
183437
52365
183438
52366
183439
52367
183440
52368
183441
52369
183442
52370
183443
52371
183444
52372
183445
52373
183446
52374
183447
52375
183448
52376
183449
52377
183450
52378
183451
52379
183452
52380
183453
52381
183454
52382
183455
52383
183456
52384
183457
52385
183458
52386
183459
52387
183460
52388
183461
52389
183462
52390
183463
52391
183464
52392
183465
52393
183466
52394
183467
52395
183468
52396
183469
52397
183470
52398
183471
52399
183472
52400
183473
52401
183474
52402
183475
52403
183476
52404
183477
52405
183478
183479
183480
183481
183482
183483
183484
183485
183486
183487
183488
183489
183490
183491
183492
183493
183494
183495
183496
183497
183498
183499
183500
183501
183502
183503
183504
183505
183506
183507
183508
183509
183510
183511
183512
183513
183514
183515
183516
183517
183518
183519
183520
183521
183522
183523
183524
183525
183526
183527
183528
183529
183530
183531
183532
183533
183534
183535
183536
183537
183538
183539
183540
183541
183542
183543
52471
183544
52472
183545
52473
183546
52474
183547
52475
183548
52476
183549
52477
183550
52478
183551
52479
183552
52480
183553
52481
183554
52482
183555
52483
183556
52484
183557
52485
183558
52486
183559
52487
183560
52488
183561
183562
183563
183564
183565
183566
183567
183568
183569
183570
183571
183572
183573
183574
183575
183576
183577
183578
183579
183580
183581
183582
183583
183584
183585
183586
183587
183588
183589
183590
52518
183591
52519
183592
52520
183593
52521
183594
52522
183595
52523
183596
52524
183597
52525
183598
52526
183599
52527
183600
183601
183602
183603
183604
183605
183606
183607
183608
183609
183610
183611
183612
183613
183614
183615
183616
183617
183618
183619
183620
183621
183622
183623
183624
183625
183626
183627
183628
183629
183630
183631
183632
183633
183634
183635
183636
183637
183638
183639
183640
183641
183642
183643
183644
183645
183646
183647
183648
183649
183650
183651
183652
183653
183654
183655
183656
183657
183658
183659
183660
183661
183662
183663
183664
183665
183666
183667
183668
183669
183670
183671
183672
183673
52601
183674
52602
183675
52603
183676
52604
183677
52605
183678
52606
183679
52607
183680
52608
183681
52609
183682
52610
183683
52611
183684
52612
183685
52613
183686
52614
183687
52615
183688
52616
183689
52617
183690
52618
183691
52619
183692
183693
183694
183695
183696
183697
183698
183699
183700
183701
183702
183703
183704
183705
183706
183707
183708
183709
183710
183711
183712
183713
183714
183715
183716
183717
183718
183719
183720
183721
183722
183723
183724
183725
183726
183727
183728
183729
183730
183731
183732
183733
183734
183735
183736
183737
183738
183739
183740
183741
52669
183742
52670
183743
52671
183744
52672
183745
52673
183746
52674
183747
183748
183749
183750
183751
183752
183753
183754
183755
183756
183757
183758
183759
183760
183761
183762
183763
183764
183765
183766
183767
183768
52696
183769
52697
183770
52698
183771
52699
183772
52700
183773
52701
183774
52702
183775
52703
183776
183777
183778
183779
183780
183781
183782
183783
183784
183785
183786
183787
183788
183789
183790
183791
183792
183793
183794
183795
183796
183797
183798
183799
183800
183801
183802
183803
183804
183805
183806
183807
183808
183809
183810
183811
183812
183813
183814
183815
183816
183817
183818
183819
183820
183821
183822
183823
183824
183825
183826
183827
183828
183829
183830
183831
183832
183833
183834
183835
183836
183837
183849
183850
183851
183852
183853
183854
183855
183856
183857
183858
183859
183860
183861
183862
183863
183864
183865
183866
183867
183868
183869
183870
183871
183872
183873
183874
183875
183876
183877
183878
183879
183880
183881
183882
183883
183884
183885
183886
183887
183888
183889
183890
183891
183892
183893
183894
183895
183896
183897
183898
183899
183900
183901
183902
183903
183904
183905
183906
183907
183908
183909
183910
183911
183912
183913
183914
183915
183916
183917
183918
183919
183920
183921
183922
183923
183924
183925
183926
183927
183928
183929
183930
183931
183932
183933
183934
183935
183936
183937
183938
183939
183940
183941
183942
183943
183944
183945
52873
183946
52874
183947
183948
183949
183950
183951
183952
183953
183954
183955
183956
183957
183958
183959
183960
183961
183962
183963
52891
183964
52892
183965
52893
183966
52894
183967
52895
183968
52896
183969
52897
183970
183971
183972
183973
183974
183975
183976
183977
183978
183979
183980
183981
183982
183983
183984
183985
183986
183987
183988
183989
183990
183991
183992
183993
183994
183995
183996
183997
183998
183999
184000
184001
184002
184003
184004
184005
184006
184007
184008
184009
184010
184011
184012
184013
184014
184015
184016
184017
184018
184019
184020
184021
184022
184023
184024
184025
184026
184027
184028
184029
184030
184031
184032
184033
184034
184035
184113
184114
184115
184116
184117
184118
184119
184120
184121
184122
184123
184124
184125
184126
184127
184128
184129
184130
53058
184131
53059
184132
53060
184133
53061
184134
53062
184135
53063
184136
53064
184137
53065
184138
53066
184139
53067
184140
53068
184141
53069
184142
53070
184143
53071
184144
53072
184145
53073
184146
53074
184147
53075
184148
53076
184149
53077
184150
53078
184151
53079
184152
53080
184153
53081
184154
53082
184155
53083
184156
53084
184157
53085
184158
53086
184159
53087
184160
53088
184161
53089
184162
53090
184163
53091
184164
53092
184165
53093
184166
53094
184167
53095
184168
53096
184169
53097
184170
53098
184171
53099
184172
53100
184173
53101
184174
53102
184175
53103
184176
53104
184177
53105
184178
53106
184179
53107
184180
53108
184181
53109
184182
53110
184183
53111
184184
53112
184185
53113
184186
53114
184187
53115
184188
53116
184189
53117
184190
53118
184191
53119
184192
53120
184193
53121
184194
53122
184195
53123
184196
53124
184197
53125
184198
53126
184199
53127
184200
53128
184201
53129
184202
53130
184203
53131
184204
53132
184205
53133
184206
53134
184207
53135
184208
53136
184209
53137
184210
53138
184211
53139
184212
53140
184213
53141
184214
53142
184215
53143
184216
53144
184217
53145
184218
53146
184219
53147
184220
53148
184221
53149
184222
53150
184223
53151
184224
53152
184225
53153
184226
184227
184228
184229
184230
184231
184232
184233
184234
184235
184236
184237
184238
184239
184240
184241
184242
184243
184244
184245
184246
184247
184248
184249
184250
184251
184252
184253
184254
184255
184256
184257
184258
184259
184260
184261
184262
184263
184264
184265
184266
184267
184268
184269
184270
184271
184272
184273
184274
184275
184276
184277
184278
184279
184280
184281
184282
184283
184284
184285
184286
184287
184288
184289
184290
184291
184292
184293
184294
184295
184296
184297
184298
184299
184300
184301
184302
184303
184304
184305
184306
184307
184308
184309
184310
184311
184312
184313
184314
184315
184316
184317
184318
184319
184320
184321
184322
184323
184324
184325
184326
184327
184328
184329
184330
184331
184332
184333
184334
184335
184336
184337
184338
184339
184340
184341
184342
184343
184344
184345
184346
184347
184348
184349
184350
184351
184352
184353
184354
184355
184356
184357
184358
184359
184360
184361
184362
184363
184364
184365
184366
53294
184367
53295
184368
53296
184369
53297
184370
53298
184371
53299
184372
53300
184373
53301
184374
53302
184375
53303
184376
53304
184377
53305
184378
53306
184379
53307
184380
53308
184381
53309
184382
53310
184383
53311
184384
53312
184385
53313
184386
53314
184387
53315
184388
53316
184389
53317
184390
53318
184391
53319
184392
53320
184393
53321
184394
53322
184395
53323
184396
53324
184397
53325
184398
53326
184399
53327
184400
53328
184401
53329
184402
53330
184403
53331
184404
53332
184405
53333
184406
53334
184407
53335
184408
53336
184409
53337
184410
53338
184411
53339
184412
53340
184413
53341
184414
53342
184415
53343
184416
53344
184417
53345
184418
53346
184419
53347
184420
53348
184421
53349
184422
53350
184423
53351
184424
53352
184425
53353
184426
53354
184427
53355
184428
53356
184429
53357
184430
53358
184431
53359
184432
53360
184433
53361
184434
53362
184435
53363
184436
53364
184437
53365
184438
53366
184439
53367
184440
53368
184441
53369
184442
53370
184443
53371
184444
53372
184445
53373
184446
53374
184447
53375
184448
53376
184449
53377
184450
53378
184451
53379
184452
53380
184453
53381
184454
53382
184455
53383
184456
53384
184457
53385
184458
53386
184459
53387
184460
53388
184461
53389
184462
53390
184463
53391
184464
53392
184465
53393
184466
53394
184467
53395
184468
53396
184469
53397
184470
53398
184471
53399
184472
53400
184473
53401
184474
53402
184475
53403
184476
53404
184477
53405
184478
53406
184479
53407
184480
53408
184481
53409
184482
53410
184483
53411
184484
53412
184485
53413
184486
53414
184487
53415
184488
53416
184489
53417
184490
53418
184491
53419
184492
53420
184493
53421
184494
53422
184495
53423
184496
53424
184497
53425
184498
53426
184499
53427
184500
53428
184501
53429
184502
53430
184503
53431
184504
53432
184505
53433
184506
184507
184508
184509
184510
184511
184512
184513
184514
184515
184516
184517
184518
184519
184520
184521
184522
184523
184524
184525
184526
184527
184528
184529
184530
184531
184532
184533
184534
184535
184536
184537
184538
184539
184540
184541
184542
184543
184544
184545
184546
184547
184548
184549
184550
184551
184552
184553
184554
184555
184556
184557
184558
184559
184560
184561
184562
184563
184564
184565
184566
184567
184568
184569
184570
184571
184572
184573
184574
184575
184576
184577
184578
184579
184580
184581
184582
184583
184584
184585
184586
184587
184588
184589
184590
184591
184592
184593
184594
184595
184596
184597
184598
184599
184600
184601
184602
184603
184604
184605
184606
184607
184608
184609
184610
184611
184612
184613
184614
184615
184616
184617
184618
184619
184620
184621
184622
184623
184624
184625
184626
184627
184628
184629
184630
184631
184632
184633
184634
184635
184636
184637
184638
184639
184640
184641
184642
184643
184644
184645
184646
184647
184648
184649
184650
184651
184652
184653
184654
184655
184656
184657
184658
184659
184660
184661
184662
53590
184663
53591
184664
53592
184665
53593
53594
53595
53596
53597
53598
53599
53600
53601
53602
53603
53604
53605
184678
53606
184679
53607
184680
53608
184681
53609
184682
53610
184683
53611
184684
53612
184685
53613
184686
53614
184687
53615
184688
53616
184689
53617
184690
53618
184691
53619
184692
53620
184693
53621
184694
53622
184695
53623
184696
53624
184697
53625
184698
53626
184699
53627
184700
53628
184701
53629
184702
53630
184703
53631
184704
53632
184705
53633
184706
53634
184707
53635
184708
53636
184709
53637
184710
53638
184711
53639
184712
53640
184713
53641
184714
53642
184715
53643
184716
53644
184717
53645
184718
53646
184719
53647
184720
53648
184721
53649
184722
53650
184723
53651
184724
53652
184725
53653
184726
53654
184727
53655
184728
53656
184729
53657
184730
53658
184731
53659
184732
184733
184734
184735
184736
184737
184738
184739
184740
184741
184742
184743
184744
184745
184746
184747
184748
184749
184750
184751
53679
184752
53680
184753
53681
184754
53682
184755
53683
184756
53684
184757
53685
184758
53686
184759
53687
184760
53688
184761
53689
184762
53690
184763
53691
184764
53692
184765
53693
184766
53694
184767
184768
184769
184770
184771
184772
184773
184774
184775
184776
184777
184778
184779
184780
184781
184782
184783
184784
184785
184786
184787
184788
184789
184790
184791
184792
184793
184794
184795
184796
184797
184798
184799
184800
184801
184802
184803
184804
184805
184806
184807
184808
184809
184810
184811
184812
184813
184814
184815
184816
184817
184818
184819
184820
184821
184822
184823
184824
184825
184826
184827
184828
184829
184830
184831
184832
184833
184834
184835
184836
184837
184838
184839
184840
184841
184842
184843
184844
184845
184846
184847
184848
184849
184850
184851
184852
184853
184854
184855
184856
184857
184858
184859
184860
184861
184862
184863
53848
53849
53850
53851
53852
53853
53854
53855
53856
53857
53858
53859
53860
53861
53862
53863
53864
53865
53866
53867
53868
53869
184942
53870
184943
53871
184944
53872
184945
53873
184946
53874
184947
53875
184948
53876
184949
53877
184950
53878
184951
53879
184952
184953
184954
184955
184956
184957
53885
184958
184959
184960
184961
184962
184963
184964
184965
184966
184967
184968
184969
184970
53898
184971
53899
184972
53900
184973
53901
184974
53902
184975
53903
184976
184977
184978
184979
184980
184981
184982
184983
184984
184985
53913
184986
53914
184987
53915
184988
53916
184989
53917
184990
53918
184991
184992
184993
184994
53922
184995
53923
184996
53924
184997
53925
184998
53926
184999
53927
185000
53928
185001
53929
185002
53930
185003
53931
185004
53932
185005
53933
185006
53934
185007
53935
185008
53936
185009
53937
185010
53938
185011
185012
185013
185014
185015
185016
185017
185018
185019
185020
185021
185022
185023
185024
185025
185026
185027
185028
185029
185030
185031
185032
185033
185034
185035
185036
185037
185038
185039
185040
185041
185042
185043
185044
185045
185046
185047
185048
185049
185050
185051
185052
185053
185054
185055
185056
185057
185058
53986
185059
53987
185060
53988
185061
53989
185062
53990
185063
53991
185064
53992
185065
53993
185066
53994
185067
185068
185069
185070
185071
185072
185073
185074
185075
185076
185077
185078
185079
185080
185081
185082
185083
185084
185085
185086
185087
185088
185089
185090
185091
185092
185093
185094
185095
185096
185097
185098
185099
185100
185101
185102
185103
185104
185105
185106
185107
185108
185109
185110
185111
185112
185113
185114
185115
185116
185117
185118
185119
185120
185121
185122
185123
185124
185125
185126
185127
185128
185129
185130
185131
185132
185133
185134
185135
185136
185137
185138
185139
185140
185141
185142
185143
185144
185145
185146
185147
185148
54076
185149
54077
185150
54078
185151
54079
185152
54080
185153
54081
185154
54082
185155
54083
185156
54084
185157
54085
185158
54086
185159
54087
185160
54088
185161
54089
185162
54090
185163
54091
185164
54092
185165
54093
185166
54094
185167
54095
185168
54096
185169
54097
185170
54098
185171
54099
185172
54100
185173
54101
185174
54102
185175
54103
185176
54104
185177
54105
185178
54106
185179
54107
185180
54108
185181
54109
185182
54110
185183
54111
185184
54112
185185
54113
185186
54114
185187
54115
185188
54116
185189
54117
185190
54118
185191
54119
185192
54120
185193
54121
185194
54122
185195
54123
185196
54124
185197
54125
185198
54126
185199
54127
185200
54128
185201
54129
185202
54130
185203
54131
185204
54132
185205
54133
185206
54134
185207
54135
185208
54136
185209
54137
185210
54138
185211
54139
185212
54140
185213
54141
185214
54142
185215
54143
185216
54144
185217
54145
185218
54146
185219
54147
185220
54148
185221
54149
185222
54150
185223
54151
185224
54152
185225
54153
185226
54154
185227
54155
185228
54156
185229
54157
185230
54158
185231
54159
185232
54160
185233
54161
185234
185235
185236
185237
185238
185239
185240
185241
185242
185243
185244
185245
185246
185247
185248
185249
185250
185251
185252
185253
185254
185255
185256
185257
185258
185259
185260
185261
185262
185263
185264
185265
185266
185267
185268
185269
185270
185271
185272
185273
185274
185275
185276
185277
185278
185279
185280
185281
185282
185283
185284
185285
185286
185287
185288
185289
185290
185291
185292
185293
185294
185295
185296
185297
185298
54226
185299
54227
185300
54228
185301
54229
185302
54230
185303
54231
185304
54232
185305
54233
185306
54234
185307
54235
185308
54236
185309
54237
185310
54238
185311
54239
185312
54240
185313
54241
185314
54242
185315
54243
185316
185317
185318
185319
185320
185321
185322
185323
185324
185325
185326
185327
185328
185329
185330
185331
185332
185333
185334
185335
185336
185337
185338
185339
185340
185341
185342
185343
185344
185345
185346
185347
54275
185348
54276
185349
54277
185350
54278
185351
54279
185352
54280
185353
54281
185354
54282
185355
54283
185356
54284
185357
54285
185358
185359
185360
185361
185362
185363
185364
185365
185366
185367
185368
185369
185370
185371
185372
185373
185374
185375
185376
185377
185378
185379
185380
185381
185382
185383
185384
185385
185386
185387
185388
185389
185390
185391
185392
185393
185394
185395
185396
185397
185398
185399
185400
185401
185402
185403
185404
185405
185406
185407
185408
185409
185410
185411
185412
185413
185414
185415
185416
185417
185418
185419
185420
185421
185422
185423
185424
185425
185426
185427
185428
185429
185430
185431
185432
185433
185434
185435
185436
185437
185438
185439
185440
185441
185442
185443
185444
54372
185445
54373
185446
54374
185447
54375
185448
54376
185449
54377
185450
54378
185451
54379
185452
54380
185453
54381
185454
54382
185455
54383
185456
54384
185457
54385
185458
54386
185459
54387
185460
54388
185461
54389
185462
54390
185463
185464
185465
185466
185467
185468
185469
185470
185471
185472
185473
185474
185475
185476
185477
185478
185479
185480
185481
185482
185483
185484
185485
185486
185487
185488
185489
185490
185502
185503
185504
185505
185506
185507
185508
185509
185510
185511
185512
185513
185514
185515
185516
185517
54445
185518
54446
185519
54447
185520
54448
185521
54449
185522
54450
185523
54451
185524
185525
185526
185527
185528
185529
185530
185531
185532
185533
185534
185535
185536
185537
185538
185539
54467
185540
54468
185541
54469
185542
54470
185543
54471
185544
54472
185545
54473
185546
54474
185547
185548
185549
185550
185551
185552
185553
185554
185555
185556
185557
185558
185559
185560
185561
185562
185563
185564
185565
185566
185567
185568
185569
185570
185571
185572
185573
185574
185575
185576
185577
185578
185579
185580
185581
185582
185583
185584
185585
185586
185587
185588
185589
185590
185591
185592
185593
185594
185595
185596
185597
185598
185599
185600
185601
185602
185603
185604
185605
185606
185607
185608
185609
185610
185611
185612
185613
185614
185615
185616
185617
185618
185619
185620
185621
185622
185623
185624
185625
185626
185627
185628
185629
185630
185631
185632
185633
185634
185635
185636
185637
185638
185639
185640
185641
185642
185643
185644
185645
185646
185647
185648
185649
185650
185651
185652
185653
185654
185655
185656
185657
185658
185659
185660
185661
185662
185663
185664
185665
185666
185667
185668
185669
185670
185671
185672
185673
185674
185675
185676
185677
185678
185679
185680
185681
185682
185683
185684
185685
185686
185687
185688
185689
185690
185691
54655
54656
54671
54672
54673
54674
54675
54676
54677
185770
185771
185772
185773
185774
185775
185776
185777
185778
185779
185780
185781
185782
185783
185784
185785
185786
185787
185788
185789
185790
185791
185792
185793
185794
185795
185796
185797
185798
185799
185800
185801
185802
185803
185804
185805
185806
185807
185808
185809
185810
185811
185812
185813
185814
185815
185816
185817
185818
185819
185820
185821
185822
185823
185824
185825
185826
185827
185828
185829
185830
185831
185832
185833
185834
185835
185836
185837
185838
185839
185840
185841
185842
185843
185844
185845
185846
185847
185848
185849
185850
185851
185852
185853
185854
185855
185856
185857
185858
185859
185860
185861
185862
185863
185864
185865
185866
185867
185868
185869
185870
185871
185872
185873
185874
185875
185876
185877
185878
185879
185880
185881
185882
185883
185884
185885
185886
185887
185888
185889
185890
185891
185892
185893
185894
185895
185896
185897
185898
185899
185900
185901
185902
185903
185904
185905
185906
185907
185908
185909
185910
185911
185912
185913
185914
185915
185916
54844
185917
54845
185918
54846
185919
54847
185920
54848
185921
54849
185922
54850
185923
54851
185924
54852
185925
54853
185926
54854
185927
54855
185928
54856
185929
54857
185930
54858
185931
54859
185932
54860
185933
54861
185934
54862
185935
54863
185936
54864
185937
54865
185938
54866
185939
54867
185940
54868
185941
54869
185942
54870
185943
54871
185944
54872
185945
54873
185946
54874
185947
54875
185948
54876
185949
54877
185950
54878
185951
54879
185952
54880
185953
54881
185954
54882
185955
54883
185956
54884
185957
54885
185958
54886
185959
54887
185960
54888
185961
54889
185962
54890
185963
54891
185964
54892
185965
54893
185966
54894
185967
54895
185968
54896
185969
54897
185970
54898
185971
54899
185972
54900
185973
54901
185974
54902
185975
54903
185976
54904
185977
54905
185978
54906
185979
54907
185980
54908
185981
54909
185982
54910
185983
54911
185984
54912
185985
54913
185986
54914
185987
54915
185988
54916
185989
54917
185990
54918
185991
54919
185992
54920
185993
54921
185994
54922
185995
54923
185996
54924
185997
54925
185998
54926
185999
54927
186000
54928
186001
54929
186002
54930
186003
54931
186004
54932
186005
54933
186006
54934
186007
54935
186008
54936
186009
54937
186010
54938
186011
54939
186012
186013
186014
186015
186016
186017
186018
186019
186020
186021
186022
186023
186024
186025
186026
186027
186028
186029
186030
186031
186032
186033
186034
186035
186036
186037
186038
186039
186040
186041
186042
186043
186044
186045
186046
186047
186048
186049
186050
186051
186052
186053
186054
186055
186056
186057
186058
186059
186060
186061
186062
186063
186064
186065
186066
186067
186068
186069
186070
186071
186072
186073
186074
186075
186076
186077
186078
186079
186080
186081
186082
186083
186084
186085
186086
186087
186088
186089
186090
186091
186092
186093
186094
186095
186096
186097
186098
186099
186100
186101
186102
186103
186104
186105
186106
186107
186108
186109
186110
186111
186112
186113
186114
186115
186116
186117
186118
186119
186120
186121
186122
186123
186124
186125
186126
186127
186128
186129
186130
186131
186132
186133
186134
186135
186136
186137
186138
186139
186140
186141
186142
186143
186144
186145
186146
186147
186148
186149
186150
186151
186152
186153
55081
186154
55082
186155
55083
186156
55084
186157
55085
186158
55086
186159
55087
186160
55088
186161
55089
186162
55090
186163
55091
186164
55092
186165
55093
186166
55094
186167
55095
186168
55096
186169
55097
186170
55098
186171
55099
186172
55100
186173
55101
186174
55102
186175
55103
186176
55104
186177
55105
186178
55106
186179
55107
186180
55108
186181
55109
186182
55110
186183
55111
186184
55112
186185
55113
186186
55114
186187
55115
186188
55116
186189
55117
186190
55118
186191
55119
186192
55120
186193
55121
186194
55122
186195
55123
186196
55124
186197
55125
186198
55126
186199
55127
186200
55128
186201
55129
186202
55130
186203
55131
186204
55132
186205
55133
186206
55134
186207
55135
186208
55136
186209
55137
186210
55138
186211
55139
186212
55140
186213
55141
186214
55142
186215
55143
186216
55144
186217
55145
186218
55146
186219
55147
186220
55148
186221
55149
186222
55150
186223
55151
186224
55152
186225
55153
186226
55154
186227
55155
186228
55156
186229
55157
186230
55158
186231
55159
186232
55160
186233
55161
186234
55162
186235
55163
186236
55164
186237
55165
186238
55166
186239
55167
186240
55168
186241
55169
186242
55170
186243
55171
186244
55172
186245
55173
186246
55174
186247
55175
186248
55176
186249
55177
186250
55178
186251
55179
186252
55180
186253
55181
186254
55182
186255
55183
186256
55184
186257
55185
186258
55186
186259
55187
186260
55188
186261
55189
186262
55190
186263
55191
186264
55192
186265
55193
186266
55194
186267
55195
186268
55196
186269
55197
186270
55198
186271
55199
186272
55200
186273
55201
186274
55202
186275
55203
186276
55204
186277
55205
186278
55206
186279
55207
186280
55208
186281
55209
186282
55210
186283
55211
186284
55212
186285
55213
186286
55214
186287
55215
186288
55216
186289
55217
186290
55218
186291
55219
186292
55220
186293
55221
186294
55222
186295
55223
186296
55224
186297
55225
186298
186299
186300
186301
186302
186303
186304
186305
186306
186307
186308
186309
186310
186311
186312
186313
186314
186315
186316
186329
186330
186331
186332
186333
186334
186335
186336
186337
186338
186339
186340
186341
186342
186343
186344
186345
186346
186347
186348
186349
186350
186351
186352
186353
186354
186355
186356
186357
186358
186359
186360
186361
186362
186363
186364
186365
186366
186367
186368
186369
186370
186371
186372
186373
186374
186375
186376
186377
186378
186379
186380
186381
186382
186383
186384
186385
186386
186387
186388
186389
186390
186391
186392
186393
186394
186395
186396
186397
186398
186399
186400
186401
186402
186403
186404
186405
186406
186407
186408
186409
186410
186411
186412
186413
186414
186415
186416
186417
186418
186419
186420
186421
186422
186423
186424
186425
186426
186427
186428
186429
186430
186431
186432
186433
186434
186435
186436
186437
186438
186439
186440
186441
186442
186443
186444
186445
186446
186447
186448
186449
186450
186451
186452
186453
186454
186455
186456
186457
186458
186459
186460
186461
186462
186463
186464
186465
55393
186466
55394
186467
55395
186468
55396
186469
55397
186470
55398
186471
55399
186472
55400
186473
55401
186474
55402
186475
55403
186476
55404
186477
55405
186478
55406
186479
55407
186480
55408
186481
55409
186482
55410
186483
55411
186484
55412
186485
55413
186486
55414
186487
55415
186488
55416
186489
55417
186490
55418
186491
55419
186492
55420
186493
55421
186494
55422
186495
55423
186496
55424
186497
55425
186498
55426
186499
55427
186500
55428
186501
55429
186502
55430
186503
55431
186504
55432
186505
55433
186506
55434
186507
55435
186508
55436
186509
55437
186510
55438
186511
55439
186512
55440
186513
55441
186514
55442
55443
55444
55445
55446
55447
55448
55449
55450
55451
55452
55453
55454
55455
55456
55457
55458
55459
55460
55461
55462
55463
55464
55477
55478
55479
55480
55481
55482
55483
55484
55485
55486
55487
55488
55489
55490
55491
55492
55493
186592
186593
186594
186595
186596
186597
186598
186599
186600
186601
186602
186603
186604
186605
186606
186607
186608
186609
186610
186611
186612
186613
186614
186615
186616
186617
186618
186619
186620
186621
186622
186623
186624
186625
186626
186627
186628
186629
186630
186631
186632
186633
186634
186635
186636
186637
186638
186639
186640
186641
186642
186643
186644
186645
186646
186647
186648
186649
186650
186651
186652
186653
186654
186655
186656
186657
186658
186659
186660
186661
186662
186663
186664
186665
186666
186667
186668
186669
186670
186671
186672
186673
186674
186675
186676
186677
186678
186679
186680
186681
186682
186683
186684
186685
186686
186687
186688
186689
186690
186691
186692
186693
186694
186695
186696
186697
186698
186699
186700
186701
186702
186703
186704
186705
186706
186707
186708
186709
186710
186711
186712
186713
186714
186715
186716
186717
186718
186719
186720
186721
186722
186723
186724
186725
186726
186727
186728
186729
186730
186731
186732
186733
186734
55662
186735
55663
186736
55664
186737
55665
186738
55666
186739
55667
186740
55668
186741
55669
186742
55670
186743
55671
186744
55672
186745
55673
186746
55674
186747
55675
186748
55676
186749
55677
186750
55678
186751
55679
186752
55680
186753
55681
186754
55682
186755
55683
186756
55684
186757
55685
186758
55686
186759
55687
186760
55688
186761
55689
186762
55690
186763
55691
186764
55692
186765
55693
186766
55694
186767
186768
186769
186770
186771
186772
55700
186773
186774
186775
186776
186777
186778
186779
186780
186781
186782
186783
55711
186784
55712
186785
55713
186786
55714
186787
55715
186788
55716
186789
55717
186790
186791
186792
186793
186794
186795
186796
55724
186797
55725
186798
55726
186799
55727
186800
55728
186801
55729
186802
55730
186803
186804
186805
55733
186806
55734
186807
55735
186808
55736
186809
55737
186810
55738
186811
55739
186812
55740
186813
55741
186814
55742
186815
55743
186816
55744
186817
55745
186818
55746
186819
55747
186820
55748
186821
55749
186822
55750
186823
55751
186824
186825
186826
186827
186828
186829
186830
186831
186832
186833
186834
186835
186836
186837
186838
186839
186840
186841
186842
186843
186844
186845
186846
186847
186848
186849
186850
186851
186852
186853
186854
186855
186856
186857
186858
186859
186860
186861
186862
186863
186864
186865
186866
186867
186868
186869
186870
186871
186872
55800
186873
55801
186874
55802
186875
55803
186876
55804
186877
55805
186878
55806
186879
55807
186880
55808
186881
55809
186882
55810
186883
186884
186885
186886
186887
186888
186889
186890
186891
186892
186893
186894
186895
186896
186897
186898
186899
186900
186901
186902
186903
186904
186905
186906
186907
186908
186909
186910
186911
186912
186913
186914
186915
186916
186917
186918
186919
186920
186921
186922
186923
186924
186925
186926
186927
186928
186929
186930
186931
186932
186933
186934
186935
186936
186937
186938
186939
186940
186941
186942
186943
186944
186945
186946
186947
186948
186949
186950
186951
186952
186953
186954
186955
186956
186957
55885
186958
55886
186959
55887
186960
55888
186961
55889
186962
55890
186963
55891
186964
55892
186965
55893
186966
55894
186967
55895
186968
55896
186969
55897
186970
55898
186971
55899
186972
55900
186973
55901
186974
55902
186975
55903
186976
55904
186977
55905
186978
55906
186979
55907
186980
55908
186981
55909
186982
55910
186983
55911
186984
55912
186985
55913
186986
55914
186987
55915
186988
55916
186989
55917
186990
55918
186991
55919
186992
55920
186993
55921
186994
55922
186995
55923
186996
55924
186997
55925
186998
55926
186999
55927
187000
55928
187001
55929
187002
55930
187003
55931
187004
55932
187005
55933
187006
55934
187007
55935
187008
55936
187009
55937
187010
55938
187011
55939
187012
55940
187013
55941
187014
55942
187015
55943
187016
55944
187017
55945
187018
55946
187019
55947
187020
55948
187021
55949
187022
55950
187023
55951
187024
55952
187025
55953
187026
55954
187027
55955
187028
55956
187029
55957
187030
55958
187031
55959
187032
55960
187033
55961
187034
55962
187035
55963
187036
55964
187037
187038
187039
187040
187041
187042
187043
187044
187045
187046
187047
187048
187049
187050
187051
187052
187053
187054
187055
187056
187057
187058
187059
187060
187061
187062
187063
187064
187065
187066
187067
187068
187069
187070
187071
187072
187073
187074
187075
187076
187077
187078
187079
187080
187081
187082
187083
187084
187085
187086
187087
187088
187089
187090
187091
187092
187093
187094
187095
187096
187097
56025
187098
56026
187099
56027
187100
56028
187101
56029
187102
56030
187103
56031
187104
56032
187105
56033
187106
56034
187107
56035
187108
56036
187109
56037
187110
56038
187111
56039
187112
56040
187113
56041
187114
187115
187116
187117
187118
187119
187120
187121
187122
187123
187124
187125
187126
187127
187128
187129
187130
187131
187143
187144
187145
56073
187146
56074
187147
56075
187148
56076
187149
56077
187150
56078
187151
56079
187152
56080
187153
56081
187154
56082
187155
56083
187156
56084
187157
187158
187159
187160
187161
187162
187163
187164
187165
187166
187167
187168
187169
187170
187171
187172
187173
187174
187175
187176
187177
187178
187179
187180
187181
187182
187183
187184
187185
187186
187187
187188
187189
187190
187191
187192
187193
187194
187195
187196
187197
187198
187199
187200
187201
187202
187203
187204
187205
187206
187207
187208
187209
187210
187211
187212
187213
187214
187215
187216
187217
187218
187219
187220
187221
187222
187223
187224
187225
187226
187227
187228
187229
187230
187231
187232
187233
187234
187235
187236
187237
187238
187239
187240
187241
187242
187243
187244
187245
187246
187247
187248
187249
187250
187251
187252
56180
187253
56181
187254
56182
187255
56183
187256
56184
187257
56185
187258
56186
187259
56187
187260
56188
187261
56189
187262
56190
187263
56191
187264
56192
187265
56193
187266
56194
187267
56195
187268
56196
187269
56197
187270
56198
187271
56199
187272
187273
187274
187275
187276
187277
187278
187279
187280
187281
187282
187283
187284
187285
187286
187287
187288
187289
187290
187291
187292
187293
187294
187295
187296
187297
187298
187299
187300
187301
187302
187303
187304
187305
187306
187307
187308
187309
187310
187311
187312
187313
187314
187315
187316
187317
187318
187319
187320
187321
187322
187323
187324
187325
187326
187327
56255
187328
56256
187329
56257
187330
56258
56259
56260
56261
56273
56274
56275
56276
56277
56278
56279
56280
187409
187410
187411
187412
187413
187414
187415
187416
187417
187418
187419
187420
187421
187422
187423
187424
187425
187426
187427
187428
187429
187430
187431
187432
187433
187434
187435
187436
187437
187438
187439
187440
187441
187442
187443
187444
187445
187446
187447
187448
187449
187450
187451
187452
187453
187454
187455
187456
187457
187458
187459
187460
187461
187462
187463
187464
187465
187466
187467
187468
187469
187470
187471
187472
187473
187474
187475
187476
187477
187478
187479
187480
187481
187482
187483
187484
187485
187486
187487
187488
187489
187490
187491
187492
187493
187494
187495
187496
187497
187498
187499
187500
187501
187502
187503
187504
187505
187506
187507
187508
187509
187510
187511
187512
187513
187514
187515
187516
187517
187518
187519
187520
187521
187522
187523
187524
187525
187526
187527
187528
187529
187530
187531
187532
187533
187534
187535
187536
187537
187538
187539
187540
187541
187542
187543
187544
187545
187546
187547
187548
187549
187550
187551
187552
187553
187554
187555
187556
187557
56485
187558
56486
187559
187560
187561
187562
187563
187564
187565
187566
56494
187567
56495
187568
56496
187569
56497
187570
56498
187571
56499
187572
56500
187573
187574
187575
187576
187577
187578
187579
187580
187581
187582
187583
187584
187585
187586
187587
187588
187589
187590
187591
187592
187593
187594
187595
187596
187597
187598
187599
187600
187601
187602
187603
187604
187605
187606
187607
187608
187609
187610
187611
187612
187613
187614
187615
187616
187617
187618
187619
187620
187621
187622
187623
187624
187625
187626
187627
187628
187629
187630
187631
187632
187633
187634
187635
187636
187637
187638
187639
187640
187641
187642
187643
187644
187645
187646
187647
187648
187649
187650
187651
187652
187653
187654
187655
187656
187657
187658
187659
187660
187661
187662
187663
187664
187665
187666
187667
187668
187669
187670
187671
187672
187673
187674
187675
187676
187677
187678
187679
187680
187681
187682
187683
187684
187685
187686
187687
187688
187689
187690
187691
187692
187693
187694
187695
187696
187697
187698
187699
187700
187701
187702
187703
187704
187705
187706
187707
187708
187709
187710
187711
187712
187713
187714
187715
187716
187717
187718
187719
187720
187721
187722
187723
187724
187725
187726
187727
187728
187729
187730
187731
187732
187733
187734
187735
56663
187736
56664
187737
56665
187738
56666
187739
56667
187740
56668
187741
56669
187742
56670
187743
56671
187744
56672
187745
56673
187746
56674
187747
56675
187748
56676
187749
56677
187750
56678
187751
56679
187752
56680
187753
56681
187754
56682
187755
56683
187756
56684
187757
56685
187758
56686
187759
56687
187760
56688
187761
56689
187762
56690
187763
56691
187764
56692
187765
56693
187766
56694
187767
56695
187768
56696
187769
56697
187770
56698
187771
56699
187772
56700
187773
56701
187774
56702
187775
56703
187776
56704
187777
56705
187778
56706
187779
56707
187780
56708
187781
56709
187782
56710
187783
56711
187784
56712
187785
56713
187786
56714
187787
56715
187788
56716
187789
56717
187790
56718
187791
56719
187792
56720
187793
56721
187794
56722
187795
56723
187796
56724
187797
56725
187798
56726
187799
56727
187800
56728
187801
56729
187802
56730
187803
56731
187804
56732
187805
56733
187806
56734
187807
56735
187808
56736
187809
56737
187810
56738
187811
56739
187812
56740
187813
56741
187814
56742
187815
56743
187816
56744
187817
56745
187818
56746
187819
56747
187820
56748
187821
56749
187822
56750
187823
56751
187824
56752
187825
56753
187826
56754
187827
56755
187828
56756
187829
56757
187830
56758
187831
187832
187833
187834
187835
187836
187837
187838
187839
187840
187841
187842
187843
187844
187845
187846
187847
187848
187849
187850
187851
187852
187853
187854
187855
187856
187857
187858
187859
187860
187861
187862
187863
187864
187865
187866
187867
187868
187869
187870
187871
187872
187873
187874
187875
187876
187877
187878
187879
187880
187881
187882
187883
187884
187885
187886
187887
187888
187889
187890
187891
187892
187893
187894
187895
187896
187897
187898
187899
187900
187901
187902
187903
187904
187905
187906
187907
187908
187909
187910
187911
187912
187913
187914
187915
187916
187917
187918
187919
187920
187921
187922
187923
187924
187925
187926
187927
187928
187929
187930
187931
187932
187933
187934
187935
187936
187937
187938
187939
187940
187941
187942
187943
187944
187945
187946
187947
187948
187949
187950
187951
187952
187953
187954
187955
187956
187969
187970
187971
187972
187973
187974
187975
187976
187977
187978
187979
56907
187980
56908
187981
56909
187982
56910
187983
56911
187984
56912
187985
56913
187986
56914
187987
56915
187988
56916
187989
56917
187990
56918
187991
56919
187992
56920
187993
56921
187994
56922
187995
56923
187996
56924
187997
56925
187998
56926
187999
56927
188000
56928
188001
56929
188002
56930
188003
56931
188004
56932
188005
56933
188006
56934
188007
56935
188008
56936
188009
56937
188010
56938
188011
56939
188012
56940
188013
56941
188014
56942
188015
56943
188016
56944
188017
56945
188018
56946
188019
56947
188020
56948
188021
56949
188022
56950
188023
56951
188024
56952
188025
56953
188026
56954
188027
56955
188028
56956
188029
56957
188030
56958
188031
56959
188032
56960
188033
56961
188034
56962
188035
56963
188036
56964
188037
56965
188038
56966
188039
56967
188040
56968
188041
56969
188042
56970
188043
56971
188044
56972
188045
56973
188046
56974
188047
56975
188048
56976
188049
56977
188050
56978
188051
56979
188052
56980
188053
56981
188054
56982
188055
56983
188056
56984
188057
56985
188058
56986
188059
56987
188060
56988
188061
56989
188062
56990
188063
56991
188064
56992
188065
56993
188066
56994
188067
56995
188068
56996
188069
56997
188070
56998
188071
56999
188072
57000
188073
57001
188074
57002
188075
57003
188076
57004
188077
57005
188078
57006
188079
57007
188080
57008
188081
57009
188082
57010
188083
57011
188084
57012
188085
57013
188086
57014
188087
57015
188088
57016
188089
57017
188090
57018
188091
57019
188092
57020
188093
57021
188094
57022
188095
57023
188096
57024
188097
57025
188098
57026
188099
57027
188100
57028
188101
57029
188102
57030
188103
57031
188104
57032
188105
57033
188106
57034
188107
57035
188108
57036
188109
57037
188110
57038
188111
57039
188112
57040
188113
57041
188114
57042
188115
57043
188116
57044
188117
57045
188118
57046
188119
57047
188120
57048
188121
57049
188122
57050
188123
57051
188124
57052
188125
57053
188126
57054
188127
57055
188128
57056
188129
57057
188130
57058
188131
57059
188132
57060
188133
57061
188134
188135
188136
188137
188138
188139
188140
188141
188142
188143
188144
188145
188146
188147
188148
188149
188150
188151
188152
188230
188231
188232
188233
188234
188235
188236
188237
188238
188239
188240
188241
188242
188243
188244
188245
188246
188247
188248
188249
188250
188251
188252
188253
188254
188255
188256
188257
188258
188259
188260
188261
188262
188263
188264
188265
188266
188267
188268
188269
188270
188271
188272
188273
188274
188275
188276
188277
188278
188279
188280
188281
188282
188283
188284
188285
188286
188287
188288
188289
188290
188291
188292
188293
188294
188295
188296
188297
188298
188299
188300
188301
188302
188303
188304
188305
188306
188307
57235
188308
57236
188309
57237
188310
57238
188311
57239
188312
57240
188313
57241
188314
57242
188315
57243
188316
57244
188317
57245
188318
57246
188319
57247
188320
57248
188321
57249
188322
57250
188323
57251
188324
57252
188325
57253
188326
57254
188327
57255
188328
57256
188329
57257
188330
57258
188331
57259
188332
57260
188333
57261
188334
57262
188335
57263
188336
57264
188337
57265
188338
57266
188339
57267
188340
57268
188341
57269
188342
57270
188343
57271
188344
57272
188345
57273
188346
57274
188347
57275
188348
57276
188349
57277
188350
57278
188351
57279
188352
57280
188353
57281
188354
57282
188355
57283
188356
57284
188357
57285
188358
57286
188359
57287
188360
57288
188361
57289
188362
57290
188363
57291
188364
57292
188365
57293
188366
57294
188367
57295
188368
57296
188369
57297
188370
57298
188371
57299
188372
57300
188373
57301
188374
57302
188375
57303
188376
57304
188377
57305
188378
57306
188379
57307
188380
57308
188381
188382
188383
188384
57312
188385
57313
188386
57314
188387
57315
188388
57316
188389
57317
188390
57318
188391
57319
188392
57320
188393
57321
188394
57322
188395
57323
188396
57324
188397
57325
188398
57326
188399
57327
188400
57328
188401
57329
188402
188403
188404
188405
188406
188407
188408
188409
188410
188411
188412
188413
188414
188415
188416
188417
188418
188419
188420
188421
188422
188423
188424
188425
188426
188427
188428
188429
188430
188431
188432
188433
188434
188435
188436
188437
188438
188439
188440
188441
188442
188443
188444
188445
188446
188447
188448
188449
188450
188451
188452
188453
188454
188455
188456
188457
188458
188459
188460
188461
188462
188463
188464
188465
188466
188467
188468
188469
188470
188471
188472
188473
188474
188475
188476
188477
188478
188479
188480
188481
188482
188483
188484
188485
188486
188487
188488
188489
188490
188491
188492
188493
188494
188495
188496
188497
188498
188499
188500
188501
188502
188503
188504
188505
188506
188507
188508
188509
188510
188511
188512
188513
188514
188515
188516
188517
188518
188519
188520
188521
188522
188523
188524
188525
188526
188527
188528
188529
188530
188531
188532
188533
188534
188535
188536
188537
188538
188539
188540
188541
188542
188543
188544
188545
188546
188547
188548
188549
188550
188551
188552
188553
188554
188555
188556
188557
188558
188559
188560
188561
188562
188563
188564
188565
188566
188567
188568
188569
188570
188571
188572
57500
188573
57501
188574
57502
188575
57503
188576
57504
188577
57505
188578
57506
188579
57507
188580
57508
188581
57509
188582
57510
188583
57511
188584
57512
188585
57513
188586
57514
188587
57515
188588
57516
188589
57517
188590
57518
188591
57519
188592
57520
188593
57521
188594
57522
188595
57523
188596
57524
188597
57525
188598
57526
188599
57527
188600
57528
188601
57529
188602
57530
188603
57531
188604
57532
188605
57533
188606
57534
188607
188608
188609
188610
188611
188612
57540
188613
188614
188615
188616
188617
188618
188619
188620
188621
188622
57550
188623
57551
188624
57552
188625
57553
188626
57554
188627
57555
188628
57556
188629
188630
188631
188632
57560
188633
57561
188634
57562
188635
57563
188636
57564
188637
57565
188638
57566
188639
188640
57568
188641
57569
188642
57570
188643
57571
188644
57572
188645
57573
188646
57574
188647
57575
188648
57576
188649
57577
188650
57578
188651
57579
188652
57580
188653
57581
188654
57582
188655
57583
188656
57584
188657
57585
188658
188659
188660
188661
188662
188663
188664
188665
188666
188667
188668
188669
188670
188671
188672
188673
188674
188675
188676
188677
188678
188679
188680
188681
188682
188683
188684
188685
188686
188687
188688
188689
188690
188691
188692
188693
188694
188695
188696
188697
188698
188699
188700
188701
188702
188703
188704
188705
188706
188707
188708
188709
188710
188711
57639
188712
57640
188713
57641
188714
57642
188715
57643
188716
57644
188717
57645
188718
57646
188719
57647
188720
57648
188721
57649
188722
188723
188724
188725
188726
188727
188728
188729
188730
188731
188732
188733
188734
188735
188736
188737
188738
188739
188740
188741
188742
188743
188744
188745
188746
188747
188748
188749
188750
188751
188752
188753
188754
188755
188756
188757
188758
188759
188760
188761
188762
188763
188775
188776
188777
188778
188779
188780
188781
188782
188783
188784
188785
188786
188787
188788
188789
188790
188791
188792
188793
188794
188795
188796
188797
188798
57726
188799
57727
188800
57728
188801
57729
188802
57730
188803
57731
188804
57732
188805
57733
188806
57734
188807
57735
188808
57736
188809
57737
188810
57738
188811
57739
188812
57740
188813
57741
188814
57742
188815
57743
188816
57744
188817
57745
188818
57746
188819
57747
188820
57748
188821
57749
188822
57750
188823
57751
188824
57752
188825
57753
188826
57754
188827
57755
188828
57756
188829
57757
188830
57758
188831
57759
188832
57760
188833
57761
188834
57762
188835
57763
188836
57764
188837
57765
188838
57766
188839
57767
188840
57768
188841
57769
188842
57770
188843
57771
188844
57772
188845
57773
188846
57774
188847
57775
188848
57776
188849
57777
188850
57778
188851
57779
188852
57780
188853
57781
188854
57782
188855
57783
188856
57784
188857
57785
188858
57786
188859
57787
188860
57788
188861
57789
188862
57790
188863
57791
188864
57792
188865
57793
188866
57794
188867
57795
188868
57796
188869
57797
188870
57798
188871
57799
188872
57800
188873
57801
188874
57802
188875
57803
188876
57804
188877
188878
188879
188880
188881
188882
188883
188884
188885
188886
188887
188888
188889
188890
188891
188892
188893
188894
188895
188896
188897
188898
188899
188900
188901
188902
188903
188904
188905
188906
188907
188908
188909
188910
188911
188912
188913
188914
188915
188916
188917
188918
188919
188920
188921
188922
188923
188924
188925
188926
188927
188928
188929
188930
188931
188932
188933
188934
188935
57863
188936
57864
188937
57865
188938
57866
188939
57867
188940
57868
188941
57869
188942
57870
188943
57871
188944
57872
188945
57873
188946
57874
188947
57875
188948
57876
188949
57877
188950
57878
188951
57879
188952
188953
188954
188955
188956
188957
188958
188959
188960
188961
188962
188963
188964
188965
188966
188967
57910
57911
57912
57913
57914
57915
57916
57917
57918
57919
57920
57921
57922
189046
189047
189048
189049
189050
189051
189052
189053
189054
189055
189056
189057
189058
189059
189060
189061
189062
189063
189064
189065
189066
189067
189068
189069
189070
189071
189072
189073
189074
189075
189076
189077
189078
189079
189080
189081
189082
189083
189084
189085
189086
189087
189088
189089
189090
189091
189092
189093
189094
189095
189096
189097
189098
189099
189100
58028
189101
58029
189102
58030
189103
58031
189104
58032
189105
58033
189106
58034
189107
58035
189108
58036
189109
58037
189110
58038
189111
58039
189112
58040
189113
58041
189114
58042
189115
58043
189116
58044
189117
58045
189118
189119
189120
189121
189122
189123
189124
189125
189126
189127
189128
189129
189130
189131
189132
189133
189134
189135
189136
189137
189138
189139
189140
189141
189142
189143
189144
189145
189146
189147
189148
189149
189150
189151
189152
189153
189154
189155
189156
189157
189158
189159
189160
189161
189162
189163
189164
189165
189166
189167
189168
189169
189170
189171
189172
189173
189174
58102
189175
58103
189176
58104
189177
58105
189178
58106
189179
58107
189180
58108
189181
189182
189183
189184
189185
189186
189187
189188
189189
189190
189191
58119
189192
58120
189193
58121
189194
58122
189195
58123
189196
58124
189197
58125
189198
58126
189199
189200
189201
189202
189203
189204
189205
189206
189207
189208
189209
189210
189211
189212
189213
189214
189215
189216
189217
189218
189219
189220
189221
189222
189223
189224
189225
189226
189227
189228
189229
189230
189231
189232
189233
189234
189235
189236
189237
189238
189239
189240
189241
189242
189243
189244
189245
189246
189247
189248
189249
189250
189251
189252
189253
189254
189255
189256
189257
189258
189259
189260
189261
189262
189263
189264
189265
189266
189267
189268
189269
189270
189271
189272
189273
189274
189275
189276
189277
189278
189279
189280
189281
189282
189283
189284
189285
189286
189287
189288
189289
189290
189291
189292
189293
189294
189295
189296
189297
189298
189299
189300
189301
189302
189303
189304
189305
189306
189307
189308
189309
189310
189311
189312
189313
189314
189315
189316
189317
189318
189319
189320
189321
189322
189323
189324
189325
189326
189327
189328
189329
189330
189331
189332
189333
189334
189335
189336
189337
189338
189339
189340
189341
189342
189343
189344
189345
189346
189347
189348
189349
189350
189351
189352
189353
189354
189355
189356
189357
189358
189359
189360
189361
189362
189363
189364
189365
189366
189367
189368
189369
189370
189371
189372
189373
189374
189375
189376
189377
189378
189379
189380
189381
189382
189383
189384
189385
189386
189387
189388
189389
189390
189391
189392
189393
189394
189395
189396
189397
189398
189399
189400
189401
189402
189403
189404
189405
189406
189407
189408
189409
189410
189411
189412
189413
189414
189415
189416
189417
189418
189419
189420
58348
189421
58349
189422
189423
189424
189425
189426
58354
189427
58355
189428
58356
189429
58357
189430
58358
189431
58359
189432
189433
189434
189435
189436
189437
189438
189439
189440
189441
189442
189443
189444
189445
189446
189447
189448
189449
189450
189451
189452
189453
189454
189455
189456
189457
189458
189459
189460
189461
189462
189463
189464
189465
189466
189467
189468
189469
189470
189471
189472
189473
189474
189475
189476
189477
189478
189479
189480
189481
189482
189483
189484
189485
189486
189487
189488
189489
189490
189491
189492
189493
189494
189495
189496
189497
189498
189499
189500
189501
189502
189503
189504
189505
189506
189507
189508
189509
189510
189511
189512
189513
189514
189515
189516
189517
189518
189519
189520
189521
189522
189523
189524
189525
189526
189527
189528
189529
189530
189531
189532
189533
189534
189535
189536
189537
189538
189539
189540
189541
189542
189543
189544
189545
189546
189547
189548
189549
189550
189551
189552
189553
189554
189555
189556
189557
189558
189559
189560
189561
189562
189563
189564
189565
189566
189567
189568
189569
189570
189571
189572
189573
189574
189575
189576
189577
189578
189579
189580
189581
189582
189583
189584
189597
189598
189599
189600
58528
189601
58529
189602
58530
189603
58531
189604
58532
189605
58533
189606
58534
189607
58535
189608
58536
189609
58537
189610
58538
189611
58539
189612
58540
189613
58541
189614
58542
189615
58543
189616
58544
189617
58545
189618
58546
189619
58547
189620
58548
189621
58549
189622
58550
189623
58551
189624
58552
189625
58553
189626
58554
189627
58555
189628
58556
189629
58557
189630
58558
189631
58559
189632
58560
189633
58561
189634
58562
189635
58563
189636
58564
189637
58565
189638
58566
189639
58567
189640
58568
189641
58569
189642
58570
189643
58571
189644
58572
189645
58573
189646
58574
189647
58575
189648
58576
189649
58577
189650
58578
189651
58579
189652
58580
189653
58581
189654
58582
189655
58583
189656
58584
189657
58585
189658
58586
189659
58587
189660
58588
189661
58589
189662
58590
189663
58591
189664
58592
189665
58593
189666
58594
189667
58595
189668
58596
189669
58597
189670
58598
189671
58599
189672
58600
189673
58601
189674
58602
189675
58603
189676
58604
189677
58605
189678
58606
189679
58607
189680
58608
189681
58609
189682
58610
189683
58611
189684
58612
189685
58613
189686
58614
189687
58615
189688
58616
189689
58617
189690
58618
189691
58619
189692
58620
189693
58621
189694
58622
189695
58623
189696
58624
189697
58625
189698
58626
189699
58627
189700
58628
189701
58629
189702
58630
189703
58631
189704
58632
189705
189706
189707
189708
189709
189710
189711
189712
189713
189714
189715
189716
189717
189718
189719
189720
189721
189722
189723
189724
189725
189726
189727
189728
189729
189730
189731
189732
189733
189734
189735
189736
189737
189738
189739
189740
189741
189742
189743
189744
189745
189746
189747
189748
189749
189750
189751
189752
189753
189754
189755
189756
189757
189758
189759
189760
189761
189762
189763
189764
189765
189766
189767
189768
189769
189770
189771
189772
189773
189774
189775
189776
189777
189778
189779
189780
189781
189782
189783
189784
189785
58781
58782
58783
58784
58785
58786
58787
58788
58789
58790
189863
58791
189864
58792
189865
58793
189866
58794
189867
58795
189868
58796
189869
58797
189870
58798
189871
58799
189872
58800
189873
58801
189874
58802
189875
58803
189876
58804
189877
58805
189878
58806
189879
58807
189880
58808
189881
58809
189882
58810
189883
58811
189884
58812
189885
58813
189886
58814
189887
58815
189888
58816
189889
58817
189890
58818
189891
58819
189892
58820
189893
58821
189894
58822
189895
58823
189896
58824
189897
58825
189898
58826
189899
58827
189900
58828
189901
58829
189902
58830
189903
58831
189904
58832
189905
58833
189906
58834
189907
58835
189908
58836
189909
58837
189910
58838
189911
58839
189912
58840
189913
58841
189914
58842
189915
58843
189916
58844
189917
58845
189918
58846
189919
58847
189920
58848
189921
58849
189922
58850
189923
58851
189924
58852
189925
58853
189926
58854
189927
58855
189928
58856
189929
58857
189930
58858
189931
58859
189932
58860
189933
58861
189934
58862
189935
58863
189936
58864
189937
58865
189938
58866
189939
58867
189940
58868
189941
58869
189942
58870
189943
58871
189944
58872
189945
58873
189946
58874
189947
58875
189948
58876
189949
58877
189950
58878
189951
58879
189952
58880
189953
58881
189954
58882
189955
58883
189956
58884
189957
58885
189958
58886
189959
58887
189960
58888
189961
58889
189962
58890
189963
58891
189964
58892
189965
58893
189966
58894
189967
58895
189968
58896
189969
58897
189970
58898
189971
58899
189972
58900
189973
58901
189974
58902
189975
58903
189976
58904
189977
58905
189978
58906
189979
58907
189980
58908
189981
58909
189982
58910
189983
58911
189984
58912
189985
58913
189986
58914
189987
58915
189988
58916
189989
58917
189990
58918
189991
58919
189992
58920
189993
58921
189994
58922
189995
58923
189996
58924
189997
58925
189998
58926
189999
58927
190000
58928
190001
58929
190002
58930
190003
58931
190004
58932
190005
58933
190006
58934
190007
58935
190008
58936
190009
58937
190010
58938
190011
58939
190012
58940
190013
58941
190014
58942
190015
58943
190016
58944
190017
58945
190018
58946
190019
58947
190020
58948
190021
58949
190022
58950
190023
58951
190024
58952
190025
58953
190026
190027
190028
190029
190030
190031
190032
190033
190034
190035
190036
190037
190038
190039
190040
190041
190042
190043
190044
190045
190046
190047
190048
190049
190050
190051
190052
190053
190054
190055
190056
190057
190058
190059
190060
190061
190062
190063
190064
190065
190066
190067
190068
190069
190070
190071
190072
190073
190074
190075
190076
190077
190078
190079
190080
190081
190082
190083
190084
190085
190086
190087
190088
190089
190090
190091
190092
190093
190094
190095
190096
190097
190098
190099
190100
190101
190102
190103
190104
190105
190106
190107
190108
190109
190110
190111
190112
190113
190114
190115
190116
190117
190118
190119
190120
190121
190122
190123
190124
190125
190126
190127
190128
190129
190130
190131
190132
190133
190134
190135
190136
190137
190138
190139
190140
190141
190142
190143
190144
190145
190146
190147
190148
190149
190150
190151
190152
190153
190154
190155
190156
190157
190158
190159
190160
190161
190162
190163
190164
190165
190166
190167
190168
190169
190170
190171
190172
190173
190174
190175
190176
190177
190178
190179
190180
190181
190182
190183
190184
190185
190186
190187
190188
190189
190190
190191
190192
190193
190194
190195
190196
190197
190198
190199
190200
190201
190202
190203
59131
190204
59132
190205
59133
190206
59134
190207
59135
190208
59136
190209
59137
190210
59138
190211
59139
190212
59140
190213
59141
190214
59142
190215
59143
190216
59144
190217
59145
190218
59146
190219
59147
190220
59148
190221
59149
190222
59150
190223
59151
190224
59152
190225
59153
190226
59154
190227
59155
190228
59156
190229
59157
190230
59158
190231
59159
190232
59160
190233
59161
190234
59162
190235
59163
190236
59164
190237
59165
190238
59166
190239
59167
190240
59168
190241
59169
190242
59170
190243
59171
190244
59172
190245
59173
190246
59174
190247
59175
190248
59176
190249
59177
190250
59178
190251
59179
190252
59180
190253
59181
190254
59182
190255
59183
190256
59184
190257
59185
190258
59186
190259
59187
190260
59188
190261
59189
190262
59190
190263
59191
190264
59192
190265
59193
190266
59194
190267
59195
190268
59196
190269
59197
190270
59198
190271
59199
190272
59200
190273
59201
190274
59202
190275
59203
190276
59204
190277
59205
190278
59206
190279
59207
190280
59208
190281
59209
190282
59210
190283
59211
190284
59212
190285
59213
190286
59214
190287
59215
190288
59216
190289
59217
190290
59218
190291
59219
190292
59220
190293
59221
190294
59222
190295
59223
190296
59224
190297
59225
190298
59226
190299
59227
190300
59228
190301
59229
190302
59230
190303
59231
190304
59232
190305
59233
190306
190307
190308
190309
190310
190311
190312
190313
190314
190315
190316
190317
190318
190319
190320
190321
190322
190323
190324
190325
190326
190327
190328
190329
190330
190331
190332
190333
190334
190335
190336
190337
190338
190339
190340
190341
190342
190343
190344
190345
190346
190347
190348
190349
190350
190351
190352
190353
190354
190355
190356
190357
190358
190359
190360
190361
190362
190363
190364
190365
190366
190367
190368
190369
190370
190371
190372
190373
190374
190375
190376
190377
190378
190379
190380
190381
190382
190383
190384
190385
190386
190398
190399
190400
190401
190402
190403
190404
190405
190406
190407
190408
190409
190410
190411
190412
190413
190414
190415
190416
190417
190418
190419
190420
190421
190422
190423
190424
190425
190426
190427
190428
190429
190430
190431
190432
190433
190434
190435
190436
190437
190438
190439
190440
190441
190442
190443
190444
190445
190446
190447
190448
190449
190450
190451
190452
190453
190454
190455
190456
190457
190458
190459
190460
190461
190462
190463
190464
190465
190466
190467
190468
190469
190470
190471
190472
190473
190474
190475
190476
190477
190478
190479
190480
190481
190482
190483
59411
190484
59412
190485
59413
190486
59414
190487
59415
190488
59416
190489
59417
190490
59418
190491
59419
190492
59420
190493
59421
190494
59422
190495
59423
190496
59424
190497
59425
190498
59426
190499
59427
190500
59428
190501
59429
190502
59430
190503
59431
190504
59432
190505
59433
190506
59434
190507
59435
190508
59436
190509
59437
190510
59438
190511
59439
190512
59440
190513
59441
190514
59442
190515
59443
190516
59444
190517
59445
190518
59446
190519
59447
190520
190521
190522
190523
190524
190525
59453
190526
190527
190528
190529
190530
190531
190532
190533
59461
190534
59462
190535
59463
190536
59464
190537
59465
190538
59466
190539
59467
190540
190541
190542
59470
190543
59471
190544
59472
190545
59473
190546
59474
190547
59475
190548
59476
190549
190550
59478
190551
59479
190552
59480
190553
59481
190554
59482
190555
59483
190556
59484
190557
59485
190558
59486
190559
59487
190560
59488
190561
59489
190562
59490
190563
59491
190564
59492
190565
59493
190566
59494
190567
190568
190569
190570
190571
190572
190573
190574
190575
190576
190577
190578
190579
190580
190581
190582
190583
190584
190585
190586
190587
190588
190589
190590
190591
190592
190593
190594
59553
59554
59555
59556
59557
59558
59559
59560
59561
59562
59563
59564
190673
190674
190675
190676
190677
190678
190679
190680
190681
190682
190683
190684
190685
190686
190687
190688
190689
190690
190691
190692
190693
190694
190695
190696
190697
190698
190699
190700
190701
190702
190703
190704
190705
190706
190707
59635
190708
59636
190709
59637
190710
59638
190711
59639
190712
59640
190713
59641
190714
59642
190715
59643
190716
59644
190717
59645
190718
59646
190719
59647
190720
59648
190721
59649
190722
59650
190723
59651
190724
59652
190725
59653
190726
59654
190727
59655
190728
59656
190729
59657
190730
59658
190731
59659
190732
59660
190733
59661
190734
59662
190735
59663
190736
59664
190737
59665
190738
59666
190739
59667
190740
59668
190741
59669
190742
59670
190743
59671
190744
59672
190745
59673
190746
59674
190747
59675
190748
59676
190749
59677
190750
59678
190751
59679
190752
59680
190753
59681
190754
59682
190755
59683
190756
59684
190757
59685
190758
59686
190759
59687
190760
59688
190761
59689
190762
59690
190763
59691
190764
59692
190765
59693
190766
59694
190767
59695
190768
59696
190769
59697
190770
59698
190771
59699
190772
59700
190773
59701
190774
59702
190775
59703
190776
59704
190777
59705
190778
59706
190779
59707
190780
59708
190781
59709
190782
59710
190783
59711
190784
59712
190785
59713
190786
59714
190787
59715
190788
59716
190789
190790
190791
190792
190793
190794
190795
190796
190797
190798
190799
190800
190801
190802
190803
190804
190805
190806
190807
190808
190809
190810
190811
190812
190813
190814
190815
190816
190817
190818
190819
190820
190821
190822
190823
190824
190825
190826
190827
190828
190829
190830
190831
190832
190833
190834
190835
190836
190837
190838
190839
190840
190841
59769
190842
59770
190843
59771
190844
59772
190845
59773
190846
59774
190847
59775
190848
59776
190849
59777
190850
59778
190851
59779
190852
59780
190853
59781
190854
59782
190855
59783
190856
59784
190857
59785
190858
190859
190860
190861
190862
190863
190864
190865
190866
190867
190868
190869
190870
190871
190872
190873
190874
190875
190876
190877
190878
190879
190880
190881
190882
190883
190884
59812
190885
59813
190886
59814
190887
59815
190888
59816
190889
59817
190890
59818
190891
59819
190892
59820
190893
59821
190894
59822
190895
59823
190896
59824
190897
59825
190898
190899
190900
190901
190902
190903
190904
190905
190906
190907
190908
190909
190910
190911
190912
190913
190914
190915
190916
190917
190918
190919
190920
190921
190922
190923
190924
190925
190926
190927
190928
190929
190930
190931
190932
190933
190934
190935
190936
190937
190938
190939
190940
190941
190942
190943
190944
190945
190946
190947
190948
190949
190950
190951
190952
190953
190954
190955
190956
190957
190958
190959
190960
190961
190962
190963
190964
190965
190966
190967
190968
190969
190970
190971
190972
190973
190974
190975
190976
190977
190978
190979
190980
190981
190982
190983
190984
190985
190986
190987
190988
190989
190990
190991
190992
190993
190994
190995
190996
190997
190998
190999
191000
191001
191002
191003
191004
191005
191006
191007
191008
191009
191010
191011
191012
191013
191014
191015
191016
191017
191018
59946
191019
59947
191020
59948
191021
59949
191022
59950
191023
59951
191024
59952
191025
59953
191026
59954
191027
59955
191028
59956
191029
59957
191030
59958
191031
59959
191032
59960
191033
59961
191034
59962
191035
59963
191036
59964
191037
191038
191039
191040
191041
191042
191043
191044
191045
191046
191047
191048
191049
191050
191051
191052
191053
191054
191055
191056
191057
191058
191059
191060
191061
191062
191063
191064
191065
191066
191067
191068
191069
191070
191071
191072
191073
191074
191075
191076
191077
191078
191079
191080
191081
191082
191083
191084
191085
191086
191087
191088
191089
191090
191091
191092
191093
60021
191094
60022
191095
60023
191096
60024
191097
60025
191098
60026
191099
60027
191100
60028
191101
191102
191103
191104
191105
191106
191107
191108
191109
191110
60038
191111
60039
191112
60040
191113
60041
191114
60042
191115
60043
191116
60044
191117
60045
191118
191119
191120
191121
191122
191123
191124
191125
191126
191127
191128
191129
191130
191131
191132
191133
191134
191135
191136
191137
191138
191139
191140
191141
191142
191143
191144
191145
191146
191147
191148
191149
191150
191151
191152
191153
191154
191155
191156
191157
191158
191159
191160
191161
191162
191163
191164
191165
191166
191167
191168
191169
191170
191171
191172
191173
191174
191175
191176
191177
191178
191179
191180
191181
191182
191183
191184
191185
191186
191187
191188
191189
191190
191191
191192
191193
191194
191195
191196
191197
191198
191211
191212
191213
191214
191215
191216
191217
191218
191219
191220
191221
191222
191223
191224
191225
191226
191227
191228
191229
191230
191231
191232
191233
191234
191235
191236
191237
191238
191239
191240
191241
191242
191243
191244
191245
191246
191247
191248
191249
191250
191251
191252
191253
191254
191255
191256
191257
191258
191259
191260
191261
191262
191263
191264
191265
191266
191267
191268
191269
191270
191271
191272
191273
191274
191275
191276
191277
191278
191279
191280
191281
191282
191283
191284
191285
191286
191287
191288
191289
191290
191291
191292
191293
191294
191295
191296
191297
191298
191299
191300
191301
191302
191303
191304
191305
191306
191307
191308
191309
191310
191311
191312
191313
191314
191315
191316
191317
191318
191319
191320
191321
191322
191323
191324
191325
191326
191327
191328
191329
191330
191331
191332
191333
191334
191335
191336
191337
191338
191339
191340
191341
191342
191343
191344
191345
191346
191347
191348
191349
60277
191350
191351
191352
60280
191353
60281
191354
60282
191355
60283
191356
60284
191357
191358
191359
191360
191361
191362
191363
191364
191365
191366
191367
191368
191369
191370
191371
191372
191373
191374
191375
191376
191377
191378
191379
191380
191381
191382
191383
191384
191385
191386
191387
191388
191389
191390
191391
191392
191393
191394
191395
191396
191397
191398
191399
191400
191401
191479
191480
191481
191482
191483
191484
191485
191486
191487
191488
191489
191490
191491
191492
191493
191494
191495
191496
191497
191498
191499
191500
191501
191502
191503
191504
191505
191506
191507
191508
191509
191510
191511
191512
191513
191514
191515
191516
191517
191518
191519
191520
191521
191522
60450
191523
60451
191524
60452
191525
60453
191526
60454
191527
60455
191528
60456
191529
60457
191530
60458
191531
60459
191532
60460
191533
60461
191534
60462
191535
60463
191536
60464
191537
60465
191538
60466
191539
60467
191540
60468
191541
60469
191542
60470
191543
60471
191544
60472
191545
60473
191546
60474
191547
60475
191548
60476
191549
60477
191550
60478
191551
60479
191552
60480
191553
60481
191554
60482
191555
60483
191556
60484
191557
60485
191558
60486
191559
60487
191560
60488
191561
60489
191562
60490
191563
60491
191564
60492
191565
60493
191566
60494
191567
60495
191568
60496
191569
60497
191570
60498
191571
60499
191572
60500
191573
60501
191574
60502
191575
60503
191576
60504
191577
60505
191578
60506
191579
60507
191580
60508
191581
60509
191582
60510
191583
60511
191584
60512
191585
60513
191586
60514
191587
60515
191588
60516
191589
60517
191590
60518
191591
60519
191592
60520
191593
60521
191594
60522
191595
60523
191596
60524
191597
60525
191598
60526
191599
60527
191600
60528
191601
60529
191602
60530
191603
60531
191604
60532
191605
60533
191606
60534
191607
60535
191608
60536
191609
60537
191610
60538
191611
60539
191612
60540
191613
60541
191614
60542
191615
60543
191616
60544
191617
60545
191618
60546
191619
60547
191620
60548
191621
60549
191622
60550
191623
60551
191624
60552
191625
191626
191627
191628
191629
191630
191631
191632
191633
191634
191635
191636
191637
191638
191639
191640
191641
191642
191643
191644
191645
191646
191647
191648
191649
191650
191651
191652
191653
191654
191655
191656
191657
191658
191659
191660
191661
191662
191663
191664
191665
191666
191667
191668
191669
191670
191671
191672
191673
191674
191675
191676
191677
191678
191679
191680
191681
191682
191683
191684
191685
191686
191687
191688
191689
191690
191691
191692
191693
191694
191695
191696
191697
191698
191699
191700
191701
191702
191703
191704
191705
191706
191707
191708
191709
191710
191711
191712
191713
191714
191715
191716
191717
191718
191719
191720
191721
191722
191723
191724
191725
191726
191727
191728
191729
191730
191731
191732
191733
191734
191735
191736
191737
191738
191739
191740
191741
191742
191743
191744
191745
191746
191747
191748
191749
191750
191751
191752
191753
191754
191755
191756
191757
191758
191759
191760
191761
191762
191763
191764
191765
60693
191766
60694
191767
60695
191768
60696
191769
60697
191770
60698
191771
60699
191772
60700
191773
60701
191774
60702
191775
60703
191776
60704
191777
60705
191778
60706
191779
60707
191780
60708
191781
60709
191782
60710
191783
60711
191784
60712
191785
60713
191786
60714
191787
60715
191788
60716
191789
60717
191790
60718
191791
60719
191792
60720
191793
60721
191794
60722
191795
60723
191796
60724
191797
60725
191798
60726
191799
60727
191800
60728
191801
60729
191802
60730
191803
60731
191804
60732
191805
60733
191806
60734
191807
60735
191808
60736
191809
60737
191810
60738
191811
60739
191812
60740
191813
60741
191814
60742
191815
60743
191816
60744
191817
60745
191818
60746
191819
60747
191820
60748
191821
60749
191822
60750
191823
60751
191824
60752
191825
60753
191826
60754
191827
60755
191828
60756
191829
60757
191830
60758
191831
60759
191832
60760
191833
60761
191834
60762
191835
60763
191836
60764
191837
60765
191838
60766
191839
60767
191840
60768
191841
60769
191842
60770
191843
60771
191844
60772
191845
60773
191846
60774
191847
60775
191848
60776
191849
60777
191850
60778
191851
60779
191852
60780
191853
60781
191854
60782
191855
60783
191856
60784
191857
60785
191858
60786
191859
60787
191860
60788
191861
60789
191862
60790
191863
60791
191864
60792
191865
60793
191866
60794
191867
60795
191868
60796
191869
60797
191870
60798
191871
60799
191872
60800
191873
60801
191874
60802
191875
60803
191876
60804
191877
60805
191878
60806
191879
60807
191880
60808
191881
60809
191882
60810
191883
60811
191884
60812
191885
60813
191886
60814
191887
60815
191888
60816
191889
60817
191890
60818
191891
60819
191892
60820
191893
60821
191894
60822
191895
60823
191896
60824
191897
60825
191898
60826
191899
60827
191900
60828
191901
60829
191902
60830
191903
60831
191904
60832
191905
60833
191906
60834
191907
60835
191908
60836
191909
60837
191910
60838
191911
60839
191912
60840
191913
60841
191914
60842
191915
60843
191916
60844
191917
60845
191918
60846
191919
60847
191920
60848
191921
60849
191922
60850
191923
60851
191924
60852
191925
60853
191926
60854
191927
60855
191928
60856
191929
60857
191930
60858
191931
60859
191932
60860
191933
60861
191934
60862
191935
60863
191936
60864
191937
60865
191938
60866
191939
60867
191940
60868
191941
60869
191942
60870
191943
60871
191944
60872
191945
60873
191946
60874
191947
191948
191949
191950
191951
191952
191953
191954
191955
191956
191957
191958
191959
191960
191961
191962
191963
191964
191965
191966
191967
191968
191969
191970
191971
191972
191973
191974
191975
191976
191977
191978
191979
191980
191981
191982
191983
191984
191985
191986
191987
191988
191989
191990
191991
191992
191993
191994
191995
191996
192008
192009
192010
192011
192012
192013
192014
192015
192016
192017
192018
192019
192020
192021
192022
192023
192024
192025
192026
192027
192028
192029
192030
192031
192032
192033
192034
192035
192036
192037
192038
192039
192040
192041
192042
192043
192044
192045
192046
192047
192048
192049
192050
192051
192052
192053
192054
192055
192056
192057
192058
192059
192060
192061
192062
192063
192064
192065
192066
192067
192068
192069
192070
192071
192072
192073
192074
192075
192076
192077
192078
192079
192080
192081
192082
192083
192084
192085
192086
192087
192088
192089
192090
192091
192092
192093
192094
192095
192096
192097
192098
192099
192100
192101
192102
192103
192104
192105
192106
192107
192108
192109
192110
192111
192112
192113
192114
192115
192116
192117
192118
192119
192120
192121
192122
192123
192124
192125
192126
192127
192128
192129
192130
192131
61059
192132
61060
192133
61061
192134
61062
192135
61063
192136
61064
192137
61065
192138
61066
192139
61067
192140
61068
192141
61069
192142
61070
192143
61071
192144
61072
192145
61073
192146
61074
192147
61075
192148
61076
192149
61077
192150
61078
192151
61079
192152
61080
192153
61081
192154
61082
192155
61083
192156
61084
192157
61085
192158
61086
192159
61087
192160
61088
192161
61089
192162
61090
192163
61091
192164
61092
192165
61093
192166
61094
192167
61095
192168
61096
192169
61097
192170
61098
192171
61099
192172
61100
192173
61101
192174
61102
192175
61103
192176
61104
192177
61105
192178
61106
192179
61107
192180
61108
192181
61109
192182
61110
192183
61111
192184
61112
192185
61113
192186
61114
192187
61115
192188
61116
192189
61117
192190
61118
192191
61119
192192
61120
192193
61121
192194
61122
192195
61123
192196
61124
192197
61125
192198
61126
192199
61127
192200
61128
192201
61129
192202
61130
192203
61131
192204
61132
192205
61133
192206
61134
61135
61136
61137
61138
61139
61140
61141
61142
61143
61144
61145
61146
61147
61148
61149
61150
61151
61152
61153
61154
61155
61156
61157
61158
61159
61160
61161
61162
61163
61164
192284
192285
192286
192287
192288
192289
192290
192291
192292
192293
192294
192295
192296
192297
192298
192299
192300
192301
192302
192303
192304
192305
192306
192307
192308
192309
192310
192311
192312
192313
192314
192315
192316
192317
192318
192319
192320
192321
192322
192323
192324
192325
192326
192327
192328
192329
192330
192331
192332
192333
192334
192335
192336
192337
192338
192339
192340
192341
192342
192343
192344
192345
192346
192347
192348
192349
192350
192351
192352
192353
192354
192355
192356
192357
192358
192359
192360
192361
192362
192363
192364
192365
192366
192367
192368
192369
192370
192371
192372
192373
192374
192375
192376
192377
192378
192379
192380
192381
192382
192383
192384
192385
192386
192387
192388
192389
192390
192391
192392
192393
192394
192395
192396
192397
192398
192399
192400
192401
192402
192403
192404
192405
192406
192407
192408
192409
192410
192411
192412
192413
192414
192415
192416
192417
61345
192418
61346
192419
61347
192420
61348
192421
61349
192422
61350
192423
61351
192424
61352
192425
61353
192426
61354
192427
61355
192428
61356
192429
61357
192430
61358
192431
61359
192432
61360
192433
61361
192434
61362
192435
61363
192436
61364
192437
61365
192438
61366
192439
61367
192440
61368
192441
61369
192442
61370
192443
61371
192444
61372
192445
61373
192446
61374
192447
61375
192448
61376
192449
61377
192450
61378
192451
61379
192452
61380
192453
61381
192454
192455
192456
192457
192458
192459
61387
192460
192461
192462
61390
192463
61391
192464
61392
192465
61393
192466
61394
192467
61395
192468
61396
192469
61397
192470
61398
192471
61399
192472
61400
192473
61401
192474
61402
192475
61403
192476
61404
192477
61405
192478
61406
192479
61407
192480
61408
192481
61409
192482
61410
192483
61411
192484
61412
192485
61413
192486
61414
192487
61415
192488
61416
192489
61417
192490
61418
192491
61419
192492
61420
192493
61421
192494
61422
192495
61423
192496
61424
192497
192498
192499
192500
192501
192502
192503
192504
192505
192506
192507
192508
192509
192510
192511
192512
192513
192514
192515
192516
192517
192518
192519
192520
192521
192522
192523
192524
192525
192526
192527
192528
192529
192530
192531
192532
192533
192534
192535
192536
192537
192538
192539
192540
192541
192542
192543
192544
192545
192546
192547
192548
192549
192550
192551
192552
192553
192554
192555
192556
192557
192558
192559
192560
192561
192562
192563
61491
192564
61492
192565
61493
192566
61494
192567
61495
192568
61496
192569
61497
192570
61498
192571
61499
192572
61500
192573
61501
192574
61502
192575
61503
192576
192577
192578
192579
192580
192581
192582
192583
192584
192585
192586
192587
192588
192589
192590
192591
192592
192593
192594
192595
192596
192597
192598
192599
192600
192601
192602
192603
192604
192605
192606
192607
192608
192609
192610
192611
192612
192613
192614
192615
192616
192617
192618
192619
192620
192621
192622
192623
192624
192625
192626
192627
192628
192629
192630
192631
192632
192633
192634
192635
192636
192637
192638
192639
61567
192640
61568
192641
61569
192642
61570
192643
61571
192644
61572
192645
61573
192646
61574
192647
61575
192648
61576
192649
61577
192650
61578
192651
61579
192652
61580
192653
61581
192654
61582
192655
61583
192656
61584
192657
61585
192658
61586
192659
61587
192660
61588
192661
61589
192662
61590
192663
61591
192664
61592
192665
61593
192666
61594
192667
61595
192668
61596
192669
61597
192670
61598
192671
61599
192672
61600
192673
61601
192674
61602
192675
61603
192676
61604
192677
61605
192678
61606
192679
61607
192680
61608
192681
61609
192682
61610
192683
61611
192684
61612
192685
61613
192686
61614
192687
61615
192688
61616
192689
61617
192690
61618
192691
61619
192692
61620
192693
61621
192694
61622
192695
61623
192696
61624
192697
61625
192698
61626
192699
61627
192700
61628
192701
61629
192702
61630
192703
61631
192704
61632
192705
61633
192706
61634
192707
61635
192708
61636
192709
61637
192710
61638
192711
61639
192712
61640
192713
61641
192714
61642
192715
61643
192716
61644
192717
192718
192719
192720
192721
192722
192723
192724
192725
192726
192727
192728
192729
192730
192731
192732
192733
192734
192735
192736
192737
192738
192739
192740
192741
192742
192743
192744
192745
192746
192747
192748
192749
192750
192751
192752
192753
192754
192755
192756
192757
192758
192759
192760
192761
192762
192763
192764
192765
192766
192767
192768
192769
192770
192771
61699
192772
61700
192773
61701
192774
61702
192775
61703
192776
61704
192777
61705
192778
61706
192779
61707
192780
61708
192781
61709
192782
61710
192783
61711
192784
61712
192785
61713
192786
61714
192787
61715
192788
192789
192790
192791
192792
192793
192794
192795
192796
192797
192798
192799
192800
192801
192802
192803
192804
192805
192806
192807
61737
61738
61739
61740
61741
61742
61743
61744
61745
61746
61747
192820
61748
192821
61749
192822
61750
192823
61751
192824
192825
192826
192827
192828
192829
192830
192831
192832
192833
192834
192835
192836
192837
192838
192839
192840
192841
192842
192843
192844
192845
192846
192847
192848
192849
192850
192851
192852
192853
192854
192855
192856
192857
192858
192859
192860
192861
192862
192863
192864
192865
192866
192867
192868
192869
192870
192871
192872
192873
192874
192875
192876
192877
192878
192879
192880
192881
192882
192883
192884
192885
192886
192887
192888
192889
192890
192891
192892
192893
192894
192895
192896
192897
192898
192899
192900
192901
192902
192903
192904
192905
192906
192907
192908
192909
192910
192911
192912
192913
192914
192915
192916
192917
192918
192919
192920
192921
192922
192923
192924
192925
192926
192927
192928
192929
192930
192931
192932
192933
192934
192935
192936
192937
192938
192939
192940
192941
192942
192943
192944
192945
192946
192947
192948
192949
192950
192951
192952
192953
192954
192955
192956
192957
192958
61886
192959
61887
192960
61888
192961
61889
192962
61890
192963
61891
192964
61892
192965
61893
192966
61894
192967
61895
192968
61896
192969
61897
192970
61898
192971
61899
192972
61900
192973
61901
192974
61902
192975
61903
192976
192977
192978
192979
192980
192981
192982
192983
192984
192985
192986
192987
192988
192989
192990
192991
192992
192993
192994
192995
192996
192997
192998
192999
193000
193001
193002
193003
193004
193005
193006
193007
193008
193009
193010
61960
61961
61962
61963
61964
61965
61966
61967
61975
61976
61977
61978
61979
61980
61981
61982
61983
193089
193090
193091
193092
193093
193094
193095
193096
193097
193098
193099
193100
193101
193102
193103
193104
193105
193106
193107
193108
193109
193110
193111
193112
193113
193114
193115
193116
193117
193118
193119
193120
193121
193122
193123
193124
193125
193126
193127
193128
193129
193130
193131
193132
193133
193134
193135
193136
193137
193138
193139
193140
193141
193142
193143
193144
193145
193146
193147
193148
193149
193150
193151
193152
193153
193154
193155
193156
193157
193158
193159
193160
193161
193162
193163
193164
193165
193166
193167
193168
193169
193170
193171
193172
193173
193174
193175
193176
193177
193178
193179
193180
193181
193182
193183
193184
193185
193186
193187
193188
193189
193190
193191
193192
193193
193194
193195
193196
193197
193198
193199
193200
193201
193202
193203
193204
193205
193206
193207
193208
193209
193210
193211
193212
193213
193214
193215
193216
193217
193218
193219
193220
193221
193222
193223
193224
193225
193226
193227
193228
193229
193230
193231
193232
193233
193234
193235
193236
193237
193238
193239
193240
193241
193242
193243
193244
193245
193246
193247
193248
193249
193250
193251
193252
193253
193254
193255
193256
193257
193258
193259
193260
193261
193262
193263
193264
193265
193266
193267
193268
193269
193270
193271
193272
193273
193274
193275
193276
193277
193278
193279
193280
193281
193282
193283
193284
193285
193286
193287
193288
193289
193290
193291
193292
193293
193294
193295
193296
193297
193298
193299
193300
193301
193302
193303
62231
193304
62232
193305
62233
193306
62234
193307
62235
193308
62236
193309
193310
193311
193312
193313
193314
193315
193316
193317
193318
193319
193320
193321
193322
193323
193324
193325
193326
193327
193328
193329
193330
193331
193332
193333
193334
193335
193336
193337
193338
193339
193340
193341
193342
193343
193344
193345
193346
193347
193348
193349
193350
193351
193352
193353
193354
193355
193356
193357
193358
193359
193360
193361
193362
193363
193364
193365
193366
193367
193368
193369
193370
193371
193372
193373
193374
193375
193376
193377
193378
193379
193380
193381
193382
193383
193384
193385
193386
193387
193388
193389
193390
193391
193392
193393
193394
193395
193396
193397
193398
193399
193400
193401
193402
193403
193404
193405
193406
193407
193408
193409
193410
193411
193412
193413
193414
193415
193416
193417
193418
193419
193420
193421
193422
193423
193424
193425
193426
193427
193428
193429
193430
193431
193432
193433
193434
193435
193436
193437
193438
193439
193440
193441
193442
193443
193444
193445
193446
193447
193448
193449
193450
193451
193452
193453
193454
193455
193456
193457
193458
193459
193460
193461
193462
193463
193464
193465
193466
193467
193468
193469
193470
193471
193472
193473
193474
193475
193476
62404
193477
62405
193478
62406
193479
62407
193480
62408
193481
62409
193482
62410
193483
62411
193484
62412
193485
62413
193486
62414
193487
62415
193488
62416
193489
62417
193490
62418
193491
62419
193492
62420
193493
62421
193494
62422
193495
62423
193496
62424
193497
62425
193498
62426
193499
62427
193500
62428
193501
62429
193502
62430
193503
62431
193504
62432
193505
62433
193506
62434
193507
62435
193508
62436
193509
62437
193510
62438
193511
62439
193512
62440
193513
62441
193514
62442
193515
62443
193516
62444
193517
62445
193518
62446
193519
62447
193520
62448
193521
62449
193522
62450
193523
62451
193524
62452
193525
62453
193526
62454
193527
62455
193528
62456
193529
62457
193530
62458
193531
62459
193532
62460
193533
62461
193534
62462
193535
62463
193536
62464
193537
62465
193538
62466
193539
62467
193540
62468
193541
62469
193542
62470
193543
62471
193544
62472
193545
62473
193546
62474
193547
62475
193548
62476
193549
62477
193550
62478
193551
62479
193552
62480
193553
62481
193554
62482
193555
62483
193556
62484
193557
62485
193558
62486
193559
62487
193560
62488
193561
62489
193562
62490
193563
62491
193564
62492
193565
62493
193566
62494
193567
62495
193568
62496
193569
62497
193570
62498
193571
62499
193572
62500
193573
62501
193574
62502
193575
62503
193576
62504
193577
62505
193578
193579
193580
193581
193582
193583
193584
193585
193586
193587
193588
193589
193590
193591
193592
193593
193594
193595
193596
193597
193598
193599
193600
193601
193602
193603
193604
193605
193606
193607
193608
193609
193621
193622
193623
193624
193625
193626
193627
193628
193629
193630
193631
193632
193633
193634
193635
193636
193637
193638
193639
193640
193641
193642
193643
193644
193645
193646
193647
193648
193649
193650
193651
193652
193653
193654
193655
193656
193657
193658
193659
193660
193661
193662
193663
193664
193665
193666
193667
193668
193669
193670
193671
193672
193673
193674
193675
193676
193677
193678
193679
193680
193681
193682
193683
193684
193685
193686
193687
193688
193689
193690
193691
193692
193693
193694
193695
193696
193697
193698
193699
193700
193701
193702
193703
193704
193705
193706
193707
193708
193709
193710
193711
193712
193713
193714
193715
193716
62644
193717
62645
193718
62646
193719
62647
193720
62648
193721
62649
193722
62650
193723
62651
193724
62652
193725
62653
193726
62654
193727
62655
193728
62656
193729
62657
193730
62658
193731
62659
193732
62660
193733
62661
193734
62662
193735
62663
193736
62664
193737
62665
193738
62666
193739
62667
193740
62668
193741
62669
193742
62670
193743
62671
193744
62672
193745
62673
193746
62674
193747
62675
193748
62676
193749
62677
193750
62678
193751
62679
193752
62680
193753
62681
193754
62682
193755
62683
193756
62684
193757
62685
193758
62686
193759
62687
193760
62688
193761
62689
193762
62690
193763
62691
193764
62692
193765
62693
193766
62694
193767
62695
193768
62696
193769
62697
193770
62698
193771
62699
193772
62700
193773
62701
193774
62702
193775
62703
193776
62704
193777
62705
193778
62706
193779
62707
193780
62708
193781
62709
193782
62710
193783
62711
193784
62712
193785
62713
193786
62714
193787
62715
193788
62716
193789
62717
193790
62718
193791
62719
193792
62720
193793
62721
193794
62722
193795
62723
193796
62724
193797
62725
193798
62726
193799
62727
193800
62728
193801
62729
193802
62730
193803
62731
193804
62732
193805
62733
193806
62734
193807
62735
193808
62736
193809
62737
193810
62738
193811
62739
193812
62740
193813
62741
193814
62742
193815
62743
193816
62744
62745
62746
62747
62748
62749
62750
62751
62752
62753
62754
62755
62756
62757
62758
62759
62760
62761
62762
62763
62764
62765
62766
62767
62768
62769
62770
62771
62772
62773
62774
62775
62776
62777
62778
62779
62780
62781
62782
62783
62784
62785
62786
62787
62788
62789
62790
62791
62792
62793
62794
62795
62796
62797
62798
62799
62800
62801
62802
62803
62804
62805
62806
62807
62808
62809
62810
62811
62812
62813
62814
62815
62816
62817
62818
62819
62820
62821
62822
193895
62823
193896
62824
193897
62825
193898
62826
193899
62827
193900
62828
193901
62829
193902
62830
193903
62831
193904
62832
193905
62833
193906
193907
193908
193909
193910
193911
193912
193913
193914
193915
193916
193917
193918
193919
193920
193921
193922
193923
193924
193925
193926
193927
193928
193929
193930
193931
193932
193933
193934
193935
193936
193937
193938
193939
193940
193941
193942
193943
193944
193945
193946
193947
193948
193949
193950
193951
193952
193953
193954
193955
193956
193957
193958
193959
193960
193961
193962
193963
193964
193965
193966
193967
193968
193969
193970
193971
193972
193973
193974
193975
193976
193977
193978
193979
193980
193981
193982
193983
193984
193985
193986
193987
193988
193989
193990
193991
193992
193993
193994
193995
193996
193997
193998
193999
194000
194001
194002
194003
194004
194005
194006
194007
194008
194009
194010
194011
194012
194013
194014
194015
194016
194017
194018
194019
194020
194021
194022
194023
194024
194025
194026
194027
194028
194029
194030
194031
194032
194033
194034
194035
194036
194037
194038
194039
194040
194041
194042
194043
194044
194045
194046
194047
194048
194049
194050
194051
194052
194053
194054
194055
194056
194057
194058
194059
194060
194061
194062
194063
194064
194065
194066
194067
194068
194069
194070
194071
194072
194073
194074
194075
194076
194077
194078
194079
194080
194081
194082
194083
194084
194085
194086
194087
194088
194089
194090
194091
194092
194093
194094
63022
194095
63023
194096
63024
194097
63025
194098
63026
194099
63027
194100
63028
194101
63029
194102
63030
194103
63031
194104
63032
194105
63033
194106
63034
194107
63035
194108
63036
194109
63037
194110
63038
194111
63039
194112
63040
194113
63041
194114
63042
194115
63043
194116
63044
194117
63045
194118
63046
194119
63047
194120
63048
194121
63049
194122
63050
194123
63051
194124
63052
194125
63053
194126
63054
194127
63055
194128
63056
194129
63057
194130
63058
194131
63059
194132
63060
194133
63061
194134
63062
194135
63063
194136
63064
194137
63065
194138
63066
194139
63067
194140
63068
194141
63069
194142
63070
194143
63071
194144
63072
194145
63073
194146
63074
194147
63075
194148
63076
194149
63077
194150
63078
194151
63079
194152
63080
194153
63081
194154
63082
194155
63083
194156
63084
194157
63085
194158
63086
194159
63087
194160
63088
194161
63089
194162
63090
194163
63091
194164
63092
194165
63093
194166
63094
194167
63095
194168
63096
194169
63097
194170
63098
194171
63099
194172
63100
194173
63101
194174
63102
194175
63103
194176
63104
194177
63105
194178
63106
194179
63107
194180
63108
194181
63109
194182
63110
194183
63111
194184
63112
194185
63113
194186
63114
194187
63115
194188
63116
194189
63117
194190
63118
194191
63119
194192
63120
194193
63121
194194
63122
194195
63123
194196
63124
194197
63125
194198
63126
194199
63127
194200
63128
194201
63129
194202
63130
194203
63131
194204
194205
194206
194207
194208
194209
194210
194211
194212
194213
194214
194215
194216
194217
194218
194219
194220
194221
194222
194223
194224
194225
194226
194227
194228
194229
194230
194231
194232
194233
194234
194235
194236
194237
194238
194239
194240
194241
194242
194243
194244
194245
194246
194247
194248
194249
194250
194251
194252
194253
194254
194255
194256
194257
194258
194259
194260
194261
194262
194263
194264
194265
194266
194267
194268
194269
194270
194271
194272
194273
194274
194275
194276
194277
194278
194279
194280
194281
194282
194283
194284
194285
194286
194287
194288
194289
194290
194291
194292
194293
194294
194295
194296
194297
194298
194299
194300
194301
194302
194303
194304
194305
194306
194307
194308
194309
194310
194311
194312
194313
194314
194315
194316
194317
194318
194319
194320
194321
194322
194323
194324
194325
194326
194327
194328
194329
194330
194331
194332
194333
194334
194335
194336
194337
194338
194339
194340
194341
194342
194343
194344
194345
194346
194347
194348
194349
194350
194351
194352
194353
194354
194355
194356
194357
194358
194359
194360
194361
194362
194363
194364
194365
194366
194367
194368
194369
194370
194371
194372
194373
194374
194375
194376
194377
194378
194379
194380
194381
63309
194382
63310
194383
63311
194384
63312
194385
63313
194386
63314
194387
63315
194388
63316
194389
63317
194390
63318
194391
63319
194392
63320
194393
63321
194394
63322
194395
63323
194396
63324
194397
63325
194398
63326
194399
63327
194400
63328
194401
63329
194402
63330
194403
63331
194404
63332
194405
63333
194406
63334
194407
63335
194408
63336
194409
63337
194410
63338
194411
63339
194412
63340
194413
63341
194414
63342
194415
63343
194416
63344
194417
63345
63346
63347
63348
63352
63354
63355
63356
63357
194430
63358
194431
63359
194432
63360
194433
63361
194434
63362
194435
63363
194436
63364
194437
63365
194438
63366
194439
63367
194440
63368
194441
63369
194442
63370
194443
63371
194444
63372
194445
63373
194446
63374
194447
63375
194448
63376
194449
63377
194450
63378
194451
63379
194452
63380
194453
63381
194454
63382
194455
63383
194456
63384
194457
63385
194458
63386
194459
63387
194460
194461
194462
194463
194464
194465
194466
194467
194468
194469
194470
194471
194472
194473
194474
194475
194476
194477
194478
194479
194480
194481
194482
194483
194484
194485
194486
194487
194488
194489
194490
194491
194492
194493
194494
194495
194496
194497
194498
194499
194500
194501
194502
194503
194504
194505
194506
194507
194508
194509
194510
194511
194512
194513
194514
194515
194516
194517
194518
194519
194520
194521
194522
194523
194524
194525
194526
194527
194528
194529
194530
194531
194532
194533
194534
194535
194536
194537
194538
63466
194539
63467
194540
63468
194541
63469
194542
63470
194543
63471
194544
63472
194545
63473
194546
63474
194547
63475
194548
63476
194549
63477
194550
63478
194551
194552
194553
194554
194555
194556
194557
194558
194559
194560
194561
194562
194563
194564
194565
194566
194567
194568
194569
194570
194571
194572
194573
194574
194575
194576
194577
194578
194579
194580
194581
194582
194583
194584
194585
194586
194587
194588
194589
194590
194591
194592
194593
194594
194595
194596
194597
194598
194599
194600
194601
194602
194603
194604
194605
194606
63534
194607
63535
194608
63536
194609
63537
194610
63538
194611
63539
194612
63540
194613
63541
194614
63542
194615
63543
194616
63544
194617
63545
194618
63546
194619
63547
194620
63548
63549
63550
63551
63552
63553
63554
63555
63556
63557
63558
63559
63560
63561
63562
63563
63564
63565
63566
63567
63568
63569
63570
63571
63572
63573
63574
63575
63576
63577
63578
63579
63580
63581
63582
63583
63584
63585
63586
63587
63588
63589
63590
63591
63592
63593
63594
63595
63596
63597
63598
63599
63600
63601
63602
63603
63604
63605
63606
63607
63608
194701
194702
194703
194704
194705
194706
194707
194708
194709
194710
194711
194712
194713
194714
194715
194716
194717
194718
194719
194720
194721
194722
194723
194724
194725
194726
194727
194728
194729
194730
194731
63659
194732
63660
194733
63661
194734
63662
194735
63663
194736
63664
194737
63665
194738
63666
194739
63667
194740
63668
194741
63669
194742
63670
194743
63671
194744
63672
194745
63673
194746
63674
194747
63675
194748
63676
194749
63677
194750
194751
194752
194753
194754
194755
194756
194757
194758
194759
194760
194761
194762
194763
194764
194765
194766
194767
194768
194769
63697
194770
63698
194771
63699
194772
63700
194773
63701
194774
63702
194775
63703
194776
63704
194777
63705
194778
63706
194779
63707
194780
63708
194781
63709
194782
63710
194783
63711
194784
63712
194785
63713
194786
194787
194788
194789
194790
194791
194792
194793
194794
194795
194796
194797
194798
194799
194800
194801
194802
194803
194804
194805
194806
194807
194808
194809
194810
194811
194812
194813
194814
194815
194816
194817
194818
194819
194820
194821
194822
194823
194824
194825
194826
194827
194828
194829
194830
194831
194832
194833
194834
194835
194836
194837
194838
194839
194840
194841
194842
194843
194844
194845
194846
194847
194848
194849
194850
194851
194852
194853
194854
194855
194856
194857
194858
194859
194860
194861
194862
194863
194864
194865
194866
194867
194868
194869
194870
194871
194872
194873
194874
194875
194876
194877
194878
194879
194880
194881
194882
194883
194884
194885
194886
194887
194888
194889
194890
194891
194892
194893
194894
194895
194896
194897
194898
194899
194900
194901
194902
194903
194904
194905
194906
194907
194908
194909
194910
194911
194912
194913
194914
194915
194916
194917
194918
194919
194920
194921
194922
194923
194924
194925
194926
194927
194928
194929
194930
194931
194932
63860
194933
63861
194934
63862
194935
63863
194936
63864
194937
63865
194938
63866
194939
63867
194940
63868
194941
63869
194942
63870
194943
63871
194944
63872
194945
63873
194946
63874
194947
63875
194948
63876
194949
194950
194951
194952
194953
194954
194955
194956
194957
194958
194959
194960
194961
194962
194963
194964
194965
194966
194967
194968
194969
194970
194971
194972
194973
194974
194975
194976
194977
194978
194979
194980
194981
194982
194983
194984
194985
194986
194987
194988
194989
194990
194991
194992
194993
194994
194995
194996
194997
194998
194999
195000
195001
195002
195003
195004
195005
195006
63934
195007
63935
195008
63936
195009
63937
195010
63938
195011
63939
195012
63940
195013
63941
195014
195015
195016
195017
195018
195019
195020
63948
195021
63949
195022
63950
195023
63951
195024
63952
195025
63953
195026
63954
195027
63955
195028
63956
195029
63957
195030
195031
195032
195033
195034
195035
195036
195037
195038
195039
195040
195041
195042
195043
195044
195045
195046
195047
195048
195049
195050
195051
195052
195053
195054
195055
195056
195057
195058
195059
195060
195061
195062
195063
195064
195065
195066
195067
195068
195069
195070
195071
195072
195073
195074
195075
195076
195077
195078
195079
195080
195081
195082
195083
195084
195085
195086
195087
195088
195089
195090
195091
195092
195093
195094
195095
195096
195097
195098
195099
195100
195101
195102
195103
195104
195105
195106
195107
195108
195109
195110
195111
195112
195113
195114
195115
195116
195117
195118
195119
195120
195121
195122
195123
195124
195125
195126
195127
195128
195129
195130
195131
195132
195133
195134
195135
195136
195137
195138
195139
195140
195141
195142
195143
195144
195145
195146
195147
195148
195149
195150
195151
195152
195153
195154
195155
195156
195157
195158
195159
195160
195161
195162
195163
195164
195165
195166
195167
195168
195169
195170
195171
195172
195173
195174
195175
195176
195177
195178
195179
195180
195181
195182
195183
195184
195185
195186
195187
195188
195189
195190
195191
195192
195193
195194
195195
195196
195197
195198
195199
195200
195201
195202
195203
195204
195205
195206
195207
195208
195209
195210
195211
195212
195213
195214
195215
195216
195217
195218
195219
195220
195233
195234
195235
195236
195237
195238
195239
195240
195241
195242
195243
195244
195245
195246
195247
195248
195249
195250
195251
195252
195253
195254
195255
195256
195257
195258
195259
195260
195261
195262
195263
195264
195265
195266
195267
195268
195269
195270
195271
195272
195273
195274
195275
195276
195277
195278
195279
195280
195281
195282
195283
195284
195285
195286
195287
195288
64216
195289
64217
195290
64218
195291
64219
195292
64220
195293
195294
195295
195296
195297
195298
195299
195300
195301
195302
195303
195304
195305
195306
195307
195308
195309
195310
195311
195312
195313
195314
195315
195316
195317
195318
195319
195320
195321
195322
195323
195324
195325
195326
195327
195328
195329
195330
195331
195332
195333
195334
195335
195336
195337
195338
195339
195340
195341
195342
195343
195344
195345
195346
195347
195348
195349
195350
195351
195352
195353
195354
195355
195356
195357
195358
195359
195360
195361
195362
195363
195364
195365
195366
195367
195368
195369
195370
195371
195372
195373
195374
195375
195376
195377
195378
195379
195380
195381
195382
195383
195384
195385
195386
195387
195388
195389
195390
195391
195392
195393
195394
195395
195396
195397
195398
195399
195400
195401
195402
195403
195404
195405
195406
195407
195408
195409
195410
195411
195412
195413
195414
195415
195416
195417
195418
195419
195420
195421
195422
195423
195424
195425
195426
195427
195428
64394
64395
64396
64397
64398
64399
64400
64401
64402
64403
64404
64405
64406
64407
64408
64409
64410
64411
64412
64413
64414
64415
64416
64417
64418
64419
64420
64421
64422
64423
64424
64425
64426
64427
64428
64429
64430
64431
64432
64433
64434
64435
195508
64436
195509
64437
195510
64438
195511
64439
195512
64440
195513
64441
195514
64442
195515
64443
195516
64444
195517
64445
195518
64446
195519
64447
195520
64448
195521
64449
195522
64450
195523
64451
195524
64452
195525
64453
195526
64454
195527
64455
195528
64456
195529
64457
195530
64458
195531
64459
195532
64460
195533
64461
195534
64462
195535
64463
195536
64464
195537
64465
195538
64466
195539
64467
195540
64468
195541
64469
195542
64470
195543
64471
195544
64472
195545
64473
195546
64474
195547
64475
195548
64476
195549
64477
195550
64478
195551
64479
195552
64480
195553
64481
195554
64482
195555
64483
195556
64484
195557
64485
195558
64486
195559
64487
195560
64488
195561
64489
195562
64490
195563
64491
195564
64492
195565
64493
195566
64494
195567
64495
195568
64496
195569
64497
195570
64498
195571
64499
195572
64500
195573
64501
195574
64502
195575
64503
195576
195577
195578
195579
195580
195581
195582
195583
195584
195585
195586
195587
195588
195589
195590
195591
195592
195593
195594
195595
195596
195597
195598
195599
195600
195601
195602
195603
195604
195605
195606
195607
195608
195609
195610
195611
195612
195613
195614
195615
195616
195617
195618
195619
195620
195621
195622
195623
195624
195625
195626
195627
195628
195629
195630
195631
195632
195633
195634
195635
195636
195637
195638
195639
195640
195641
195642
195643
195644
195645
195646
195647
195648
195649
195650
195651
195652
195653
195654
195655
195656
195657
195658
195659
195660
195661
195662
195663
195664
195665
195666
195667
195668
195669
195670
195671
195672
195673
195674
195675
195676
195677
195678
195679
195680
195681
195682
195683
195684
195685
195686
195687
195688
195689
195690
195691
195692
195693
195694
195695
195696
195697
195698
195699
195700
195701
195702
195703
195704
195705
195706
195707
195708
195709
195710
195711
195712
195713
195714
195715
195716
64644
195717
64645
195718
64646
195719
64647
195720
64648
195721
64649
195722
64650
195723
64651
195724
64652
195725
64653
195726
64654
195727
64655
195728
64656
195729
64657
195730
64658
195731
64659
195732
64660
195733
64661
195734
64662
195735
64663
195736
64664
195737
64665
195738
64666
195739
64667
195740
64668
195741
64669
195742
64670
195743
64671
195744
64672
195745
64673
195746
64674
195747
64675
195748
64676
195749
64677
195750
64678
195751
64679
195752
64680
195753
64681
195754
64682
195755
64683
195756
64684
195757
64685
195758
64686
195759
64687
195760
64688
195761
64689
195762
64690
195763
64691
195764
64692
195765
64693
195766
64694
195767
64695
195768
64696
195769
64697
195770
64698
195771
64699
195772
64700
195773
64701
195774
64702
195775
64703
195776
64704
195777
64705
195778
64706
195779
64707
195780
64708
195781
64709
195782
64710
195783
64711
195784
64712
195785
64713
195786
64714
195787
64715
195788
64716
195789
64717
195790
64718
195791
64719
195792
64720
195793
64721
195794
64722
195795
64723
195796
64724
195797
64725
195798
64726
195799
64727
195800
64728
195801
64729
195802
64730
195803
64731
195804
64732
195805
64733
195806
64734
195807
64735
195808
64736
195809
64737
195810
64738
195811
64739
195812
64740
195813
64741
195814
64742
195815
64743
195816
64744
195817
64745
195818
64746
195819
64747
195820
64748
195821
64749
195822
64750
195823
64751
195824
64752
195825
64753
195826
64754
195827
64755
195828
64756
195829
64757
195830
64758
195831
64759
195832
64760
195833
64761
195834
64762
195835
64763
195836
64764
195837
64765
195838
64766
195839
64767
195840
64768
195841
64769
195842
64770
195843
64771
195844
64772
195845
64773
195846
64774
195847
64775
195848
64776
195849
64777
195850
64778
195851
64779
195852
64780
195853
64781
195854
64782
195855
64783
195856
64784
195857
64785
195858
64786
195859
64787
195860
64788
195861
64789
195862
64790
195863
64791
195864
64792
195865
64793
195866
64794
195867
64795
195868
64796
195869
64797
195870
64798
195871
64799
195872
64800
195873
64801
195874
64802
195875
64803
195876
64804
195877
64805
195878
64806
195879
64807
195880
64808
195881
64809
195882
64810
195883
64811
195884
64812
195885
64813
195886
64814
195887
64815
195888
64816
195889
64817
195890
64818
195891
64819
195892
64820
195893
64821
195894
64822
195895
64823
195896
64824
195897
64825
195898
64826
195899
64827
195900
64828
195901
64829
195902
64830
195903
64831
195904
64832
195905
64833
195906
64834
195907
64835
195908
64836
195909
64837
195910
64838
195911
64839
195912
64840
195913
64841
195914
64842
195915
64843
195916
64844
195917
64845
195918
64846
195919
64847
195920
64848
195921
64849
195922
64850
195923
64851
195924
64852
195925
64853
195926
195927
195928
195929
195930
195931
195932
195933
195934
195935
195936
195937
195938
195939
195940
195941
195942
195943
195944
195945
195946
195947
195948
195949
195950
195951
195952
195953
195954
195955
195956
195957
195958
195959
195960
195961
195962
195963
195964
195965
195966
195967
195968
195969
195970
195971
195972
195973
195974
195975
195976
195977
195978
195979
195980
195981
195982
195983
195984
195985
195986
195987
195988
195989
195990
195991
195992
195993
195994
195995
195996
195997
195998
195999
196000
196001
196002
196003
196004
196005
196006
196007
196008
196009
196010
196011
196012
196013
196014
196015
196016
196017
196018
196019
196020
196021
196022
196023
196024
196025
196038
196039
196040
196041
196042
196043
196044
196045
196046
196047
196048
196049
196050
196051
196052
196053
196054
196055
196056
196057
196058
196059
196060
196061
196062
196063
196064
196065
196066
196067
196068
196069
196070
196071
196072
196073
196074
196075
196076
196077
196078
196079
196080
196081
196082
196083
196084
196085
196086
196087
196088
196089
196090
196091
196092
196093
196094
196095
196096
196097
196098
196099
196100
196101
196102
196103
196104
196105
196106
196107
196108
196109
196110
196111
196112
196113
196114
196115
196116
196117
196118
196119
196120
196121
196122
196123
196124
196125
196126
196127
196128
65056
196129
65057
196130
65058
196131
65059
196132
65060
196133
65061
196134
65062
196135
65063
196136
65064
196137
65065
196138
65066
196139
65067
196140
65068
196141
65069
196142
65070
196143
65071
196144
65072
196145
65073
196146
65074
196147
65075
196148
65076
196149
65077
196150
65078
196151
65079
196152
65080
196153
65081
196154
65082
196155
65083
196156
65084
196157
65085
196158
65086
196159
65087
196160
65088
196161
65089
196162
65090
196163
65091
196164
65092
196165
65093
196166
65094
196167
65095
196168
65096
196169
65097
196170
65098
196171
65099
196172
65100
196173
65101
196174
65102
196175
65103
196176
65104
196177
65105
196178
65106
196179
65107
196180
65108
196181
65109
196182
65110
196183
65111
196184
65112
196185
65113
196186
65114
196187
65115
196188
65116
196189
65117
196190
65118
196191
65119
196192
65120
196193
65121
196194
65122
196195
65123
196196
65124
196197
65125
196198
65126
196199
65127
196200
65128
196201
65129
196202
65130
196203
65131
196204
65132
196205
65133
196206
65134
196207
65135
196208
65136
196209
65137
196210
65138
196211
65139
196212
65140
196213
65141
196214
65142
196215
65143
196216
65144
196217
65145
196218
65146
196219
65147
196220
65148
196221
65149
196222
65150
196223
65151
196224
65152
196225
65153
196226
65154
196227
65155
196228
65156
196229
65157
65158
65159
65160
65161
65162
65163
65164
65165
65166
65167
65168
65169
65170
65171
65172
65173
65174
65175
65176
65177
196311
196312
196313
196314
196315
196316
196317
196318
196319
196320
196321
196322
196323
196324
196325
196326
196327
196328
196329
196330
196331
196332
196333
196334
196335
196336
196337
196338
196339
196340
196341
196342
196343
196344
196345
196346
196347
196348
196349
196350
196351
196352
196353
196354
196355
196356
196357
196358
196359
196360
196361
196362
196363
196364
196365
196366
196367
196368
196369
196370
196371
196372
196373
196374
196375
196376
196377
196378
196379
196380
196381
196382
196383
196384
196385
196386
196387
196388
196389
196390
196391
196392
196393
196394
196395
196396
196397
196398
196399
196400
196401
196402
196403
196404
196405
196406
196407
196408
196409
196410
196411
196412
196413
196414
196415
196416
196417
196418
196419
196420
196421
196422
196423
196424
65352
196425
65353
196426
65354
196427
65355
196428
65356
196429
65357
196430
65358
196431
65359
196432
65360
196433
65361
196434
65362
196435
65363
196436
65364
196437
65365
196438
65366
196439
65367
196440
65368
196441
65369
196442
65370
196443
65371
196444
65372
196445
65373
196446
65374
196447
65375
196448
65376
196449
65377
196450
65378
196451
65379
196452
65380
196453
65381
196454
65382
196455
65383
196456
65384
196457
65385
196458
65386
196459
65387
196460
65388
196461
65389
196462
65390
196463
65391
196464
65392
196465
65393
196466
196467
196468
65396
196469
65397
196470
65398
196471
65399
196472
65400
196473
65401
196474
65402
196475
65403
196476
65404
196477
65405
196478
65406
196479
65407
196480
65408
196481
65409
196482
65410
196483
65411
196484
65412
196485
65413
196486
65414
196487
65415
196488
65416
196489
65417
196490
65418
196491
65419
196492
65420
196493
65421
196494
65422
196495
65423
196496
65424
196497
65425
196498
65426
196499
65427
196500
65428
196501
65429
196502
65430
196503
196504
196505
196506
196507
196508
196509
196510
196511
196512
196513
196514
196515
196516
196517
196518
196519
196520
196521
196522
196523
196524
196525
196526
196527
196528
196529
196530
196531
196532
196533
196534
196535
196536
196537
196538
196539
196540
196541
196542
196543
196544
196545
196546
196547
196548
196549
196550
196551
196552
196553
196554
196555
196556
196557
196558
196559
196560
196561
196562
196563
196564
196565
196566
196567
196568
196569
196570
196571
196572
196573
196574
196575
196576
196577
196578
196579
196580
196581
196582
196583
196584
196585
196586
196587
196588
65516
196589
65517
196590
65518
196591
65519
196592
65520
196593
65521
196594
65522
196595
65523
196596
65524
196597
65525
196598
65526
196599
65527
196600
65528
196601
65529
196602
65530
196603
196604
196605
196606
196607
196608
196609
196610
196611
196612
196613
196614
196615
196616
196617
196618
196619
196620
196621
196622
196623
196624
196625
196626
196627
196628
196629
196630
196631
196632
196633
196634
196635
196636
196637
196638
196639
196640
196641
196642
196643
196644
196645
196646
196647
196648
196649
196650
196651
65579
196652
65580
196653
65581
196654
65582
196655
65583
196656
65584
196657
65585
196658
65586
196659
65587
196660
65588
196661
65589
196662
65590
196663
65591
196664
65592
196665
65593
196666
65594
196667
65595
196668
65596
196669
65597
196670
65598
196671
65599
196672
65600
196673
65601
196674
65602
196675
65603
196676
65604
196677
65605
196678
65606
196679
65607
196680
65608
196681
65609
196682
65610
196683
65611
196684
65612
196685
65613
196686
65614
196687
65615
196688
65616
196689
65617
196690
65618
196691
65619
196692
65620
196693
65621
196694
65622
196695
65623
196696
65624
196697
65625
196698
65626
196699
65627
196700
65628
196701
65629
196702
65630
196703
65631
196704
65632
196705
65633
196706
65634
196707
65635
196708
65636
196709
65637
196710
65638
196711
65639
196712
65640
196713
65641
196714
65642
196715
65643
196716
65644
196717
65645
196718
65646
196719
65647
196720
65648
196721
65649
196722
65650
196723
65651
196724
65652
196725
65653
196726
196727
196728
196729
196730
196731
196732
196733
196734
196735
196736
196737
196738
196739
196740
196741
196742
196743
196744
196745
196746
196747
196748
196749
196750
196751
196752
196753
196754
196755
196756
196757
196758
196759
196760
196761
196762
196763
196764
196765
196766
196767
196768
196769
196770
196771
65699
196772
65700
196773
65701
196774
65702
196775
65703
196776
65704
196777
65705
196778
65706
196779
65707
196780
65708
196781
65709
196782
65710
196783
65711
196784
65712
196785
65713
196786
65714
196787
65715
196788
65716
196789
65717
196790
65718
196791
196792
196793
196794
196795
196796
196797
196798
196799
196800
196801
196802
196803
196804
196805
196806
196807
65735
196808
65736
196809
65737
196810
65738
196811
65739
196812
65740
196813
65741
196814
65742
196815
65743
196816
65744
196817
65745
196818
65746
196819
65747
196820
65748
196821
65749
196822
65750
196823
65751
196824
65752
196837
196838
196839
196840
196841
196842
196843
196844
196845
196846
196847
196848
196849
196850
196851
196852
196853
196854
196855
196856
196857
196858
196859
196860
196861
196862
196863
196864
196865
196866
196867
196868
196869
196870
196871
196872
196873
196874
196875
196876
196877
196878
196879
196880
196881
196882
196883
196884
196885
196886
196887
196888
196889
196890
196891
196892
196893
196894
196895
196896
196897
196898
196899
196900
196901
196902
196903
196904
196905
196906
196907
196908
196909
196910
196911
196912
196913
196914
196915
196916
196917
196918
196919
196920
196921
196922
196923
196924
196925
196926
196927
196928
196929
196930
196931
196932
196933
196934
196935
196936
196937
196938
196939
196940
196941
196942
196943
196944
196945
196946
196947
196948
196949
196950
196951
196952
196953
196954
196955
196956
196957
196958
196959
196960
196961
196962
196963
196964
196965
196966
196967
196968
196969
196970
196971
196972
196973
196974
196975
196976
196977
196978
196979
196980
196981
196982
196983
196984
196985
196986
196987
196988
65916
196989
65917
196990
65918
196991
65919
196992
65920
196993
65921
196994
65922
196995
65923
196996
65924
196997
65925
196998
65926
196999
65927
197000
65928
197001
65929
197002
65930
197003
65931
197004
65932
197005
197006
197007
197008
197009
197010
197011
197012
197013
197014
197015
197016
197017
197018
197019
197020
197021
197022
197023
197024
197025
197026
197027
197028
197029
197030
197031
197032
65991
65992
65993
65994
65995
65996
65997
65998
65999
66004
66005
66006
66007
66008
66009
66010
66011
66012
66013
197112
197113
197114
197115
197116
197117
197118
197119
197120
197121
197122
197123
197124
197125
197126
197127
197128
197129
197130
197131
197132
197133
197134
197135
197136
197137
197138
197139
197140
197141
197142
197143
197144
197145
197146
197147
197148
197149
197150
197151
197152
197153
197154
197155
197156
197157
197158
197159
197160
197161
197162
197163
197164
197165
197166
197167
197168
197169
197170
197171
197172
197173
197174
197175
197176
197177
197178
197179
197180
197181
197182
197183
197184
197185
197186
197187
197188
197189
197190
197191
197192
197193
197194
197195
197196
197197
197198
197199
197200
197201
197202
197203
197204
197205
197206
197207
197208
197209
197210
197211
197212
197213
197214
197215
197216
197217
197218
197219
197220
197221
197222
197223
197224
197225
197226
197227
197228
197229
197230
197231
197232
197233
197234
197235
197236
197237
197238
197239
197240
197241
197242
197243
197244
197245
197246
197247
197248
197249
197250
197251
197252
197253
197254
197255
197256
197257
197258
197259
197260
197261
197262
197263
197264
197265
197266
197267
197268
197269
197270
197271
197272
197273
197274
197275
197276
197277
197278
197279
197280
197281
197282
197283
197284
197285
197286
197287
197288
197289
197290
197291
197292
197293
197294
197295
197296
197297
197298
197299
197300
197301
197302
197303
197304
197305
197306
197307
197308
197309
197310
197311
197312
197313
197314
197315
197316
197317
197318
197319
197320
197321
197322
197323
197324
197325
197326
197327
197328
197329
197330
197331
197332
197333
197334
197335
197336
197337
197338
197339
197340
197341
197342
197343
197344
197345
197346
197347
197348
197349
197350
197351
197352
197353
197354
197355
197356
197357
197358
197359
197360
66288
197361
66289
197362
66290
197363
66291
197364
66292
197365
197366
197367
197368
197369
197370
197371
197372
197373
197374
197375
197376
197377
197378
197379
197380
197381
197382
197383
197384
197385
197386
197387
197388
197389
197390
197391
197392
197393
197394
197395
197396
197397
197398
197399
197400
197401
197402
197403
197404
197405
197406
197407
197408
197409
197410
197411
197412
197413
197414
197415
197416
197417
197418
197419
197420
197421
197422
197423
197424
197425
197426
197427
197428
197429
197430
197431
197432
197433
197434
197435
197436
197437
197438
197439
197440
197441
197442
197443
197444
197445
197446
197447
197448
197449
197450
197451
197452
197453
197454
197455
197456
197457
197458
197459
197460
197461
197462
197463
197464
197465
197466
197467
197468
197469
197470
197471
197472
197473
197474
197475
197476
197477
197478
197479
197480
197481
197482
197483
197484
197485
197486
197487
197488
197489
197490
197491
197492
197493
197494
197495
197496
197497
197498
197499
197500
197501
197502
197503
197504
197505
197506
197507
197508
197509
197510
197511
197512
197513
197514
197515
197516
197517
197518
197519
197520
197521
197522
197523
197524
197525
197526
197527
197528
197529
197530
197531
197532
197533
197534
197535
197536
197537
197538
197539
66467
197540
66468
197541
66469
197542
66470
197543
66471
197544
66472
197545
66473
197546
66474
197547
66475
197548
66476
197549
66477
197550
66478
197551
66479
197552
66480
197553
66481
197554
66482
197555
66483
197556
66484
197557
66485
197558
66486
197559
66487
197560
66488
197561
66489
197562
66490
197563
66491
197564
66492
197565
66493
197566
66494
197567
66495
197568
66496
197569
66497
197570
66498
197571
66499
197572
66500
197573
66501
197574
66502
197575
66503
197576
66504
197577
66505
197578
66506
197579
66507
197580
66508
197581
66509
197582
66510
197583
66511
197584
66512
197585
66513
197586
66514
197587
66515
197588
66516
197589
66517
197590
66518
197591
66519
197592
66520
197593
66521
197594
66522
197595
66523
197596
66524
197597
66525
197598
66526
197599
66527
197600
66528
197601
66529
197602
66530
197603
66531
197604
66532
197605
66533
197606
66534
197607
66535
197608
66536
197609
66537
197610
66538
197611
66539
197612
66540
197613
66541
197614
66542
197615
66543
197616
66544
197617
66545
197618
66546
197619
66547
197620
66548
197621
66549
197622
66550
197623
66551
197624
66552
197625
66553
66554
66555
66556
66557
66558
66559
66560
66561
66562
66563
66564
66565
197638
66566
197639
66567
197640
66568
197641
66569
197642
66570
197643
66571
197644
66572
197645
197646
197647
197648
197649
197650
197651
197652
197653
197654
197655
197656
197657
197658
197659
197660
197661
197662
197663
197664
197665
197666
197667
197668
197669
197670
197671
197672
197673
197674
197675
197676
197677
197678
197679
197680
197681
197682
197683
197684
197685
197686
197687
197688
197689
197690
197691
197692
197693
197694
197695
197696
197697
197698
197699
197700
197701
197702
197703
197704
197705
197706
197707
197708
197709
197710
197711
197712
197713
197714
197715
197716
197717
197718
197719
197720
197721
197722
197723
197724
197725
197726
197727
197728
197729
197730
197731
197732
197733
197734
197735
197736
197737
197738
197739
197740
197741
197742
197743
197744
197745
197746
197747
197748
197749
197750
197751
197752
197753
197754
197755
197756
197757
197758
197759
197760
197761
197762
197763
197764
197765
197766
197767
197768
197769
197770
197771
197772
197773
197774
197775
197776
197777
197778
197779
197780
197781
197782
197783
197784
197785
197786
197787
197788
197789
197790
66718
197791
66719
197792
66720
197793
66721
197794
66722
197795
66723
197796
66724
197797
66725
197798
66726
197799
66727
197800
66728
197801
66729
197802
66730
197803
66731
197804
66732
197805
66733
197806
66734
197807
66735
197808
66736
197809
66737
197810
66738
197811
66739
197812
66740
197813
66741
197814
66742
197815
66743
197816
66744
197817
66745
197818
66746
197819
66747
197820
66748
197821
66749
197822
66750
197823
66751
197824
66752
197825
66753
197826
66754
197827
66755
197828
66756
66757
66758
66759
66760
66761
66762
66763
66764
66765
66766
66767
66768
66769
66770
66771
66772
66773
66774
66775
66776
66777
66778
66779
66780
66781
66782
66783
66784
66785
66786
66787
66788
66789
66790
66791
66792
66793
66794
66795
66796
66797
66798
66799
66800
66801
66802
66803
66804
66805
66806
66807
66808
66809
66810
66811
66812
66813
66814
66815
66816
66817
66818
66819
66820
66821
66822
66823
66824
66825
66826
66827
66828
66829
66830
66831
66832
66833
66834
66835
66836
66837
197910
66838
197911
66839
197912
66840
197913
66841
197914
66842
197915
66843
197916
66844
197917
66845
197918
66846
197919
66847
197920
66848
197921
66849
197922
66850
197923
66851
197924
66852
197925
66853
197926
66854
197927
66855
197928
66856
197929
66857
197930
66858
197931
66859
197932
66860
197933
66861
197934
66862
197935
66863
197936
66864
197937
66865
197938
66866
197939
66867
197940
66868
197941
66869
197942
66870
197943
66871
197944
66872
197945
66873
197946
66874
197947
66875
197948
66876
197949
66877
197950
66878
197951
66879
197952
66880
197953
66881
197954
66882
197955
66883
197956
66884
197957
66885
197958
66886
197959
66887
197960
66888
197961
66889
197962
66890
197963
66891
197964
66892
197965
66893
197966
66894
197967
66895
197968
66896
197969
66897
197970
66898
197971
66899
197972
66900
197973
66901
197974
66902
197975
66903
197976
66904
197977
66905
197978
66906
197979
66907
197980
66908
197981
66909
197982
66910
197983
66911
197984
66912
197985
66913
197986
66914
197987
66915
197988
66916
197989
66917
197990
66918
197991
66919
197992
66920
197993
66921
197994
66922
197995
66923
197996
66924
197997
66925
197998
66926
197999
66927
198000
66928
198001
66929
198002
66930
198003
66931
198004
66932
198005
66933
198006
66934
198007
198008
198009
198010
198011
198012
198013
198014
198015
198016
198017
198018
198019
198020
198021
198022
198023
198024
198025
198026
198027
198028
198029
198030
198031
198032
198033
198034
198035
198036
198037
198038
198039
198040
198041
198042
198043
198044
198045
198046
198047
198048
198049
198050
198051
198052
198053
198054
198055
198056
198057
198058
198059
198060
198061
198062
198063
198064
198065
198066
198067
198068
198069
198070
198071
198072
198073
198074
198075
198076
198077
198078
198079
198080
198081
198082
198083
198084
198085
198086
198087
198088
198089
198090
198091
198092
198093
198094
198095
198096
198097
198098
198099
198100
198101
198102
198103
198104
198105
198106
198107
198108
198109
198110
198111
198112
198113
198114
198115
198116
198117
198118
198119
198120
198121
198122
198123
198124
198125
198126
198127
198128
198129
198130
198131
198132
198133
198134
198135
198136
198137
198138
198139
198140
198141
198142
198143
198144
198145
198146
198147
198148
198149
198150
198151
198152
198153
198154
198155
198156
198157
198158
198159
198160
198161
198162
198163
198164
198165
198166
198167
198168
198169
198170
198171
198172
198173
198174
198175
198176
198177
198178
198179
198180
198181
198182
198183
198184
198185
198186
198187
198188
198189
198190
198191
198192
198193
198194
198195
198196
198197
198198
198199
198200
198201
198202
198203
198204
198205
198206
198207
198208
198209
198210
198211
198212
198213
198214
67142
198215
67143
198216
67144
198217
67145
198218
67146
198219
67147
198220
67148
198221
67149
198222
67150
198223
67151
198224
67152
198225
67153
198226
67154
198227
67155
198228
67156
198229
67157
198230
67158
198231
67159
198232
67160
198233
67161
198234
67162
198235
67163
198236
67164
198237
67165
198238
67166
198239
67167
198240
67168
198241
67169
198242
67170
198243
67171
198244
67172
198245
67173
198246
67174
198247
67175
198248
67176
198249
67177
198250
67178
198251
67179
198252
67180
198253
67181
198254
67182
198255
67183
198256
67184
198257
67185
198258
67186
198259
67187
198260
67188
198261
67189
198262
67190
198263
67191
198264
67192
198265
67193
198266
67194
198267
67195
198268
67196
198269
67197
198270
67198
198271
67199
198272
67200
198273
67201
198274
67202
198275
67203
198276
67204
198277
67205
198278
67206
198279
67207
198280
67208
198281
67209
198282
67210
198283
67211
198284
67212
198285
67213
198286
67214
198287
67215
198288
67216
198289
67217
198290
67218
198291
67219
198292
67220
198293
67221
198294
67222
198295
67223
198296
67224
198297
67225
198298
67226
198299
67227
198300
67228
198301
67229
198302
67230
198303
67231
198304
67232
198305
67233
198306
67234
198307
67235
198308
67236
198309
67237
198310
67238
198311
67239
198312
67240
198313
67241
198314
67242
198315
67243
198316
67244
198317
67245
198318
67246
198319
67247
198320
67248
198321
67249
198322
67250
198323
67251
198324
67252
198325
67253
198326
67254
198327
67255
198328
67256
198329
67257
198330
67258
198331
67259
198332
67260
198333
67261
198334
67262
198335
67263
198336
67264
198337
67265
198338
67266
198339
67267
198340
198341
198342
198343
198344
198345
198346
198347
198348
198349
198350
198351
198352
198353
198354
198355
198356
198357
198358
198359
198360
198361
198362
198363
198364
198365
198366
198367
198368
198369
198370
198371
198372
198373
198374
198375
198376
198377
198378
198379
198380
198381
198382
198383
198384
198385
198386
198387
198388
198389
198390
198391
198392
198393
198394
198395
198396
198397
198398
198399
198400
198401
198402
198403
198404
198405
198406
198407
198408
198409
198410
198411
198412
198413
198414
198415
198416
198417
198418
198419
198420
198421
198422
198435
198436
198437
198438
198439
198440
198441
198442
198443
198444
198445
198446
198447
198448
198449
198450
198451
198452
198453
198454
198455
198456
198457
198458
198459
198460
198461
198462
198463
198464
198465
198466
198467
198468
198469
198470
198471
198472
198473
198474
198475
198476
198477
198478
198479
198480
198481
198482
198483
198484
198485
198486
198487
198488
198489
198490
198491
198492
198493
198494
198495
198496
198497
198498
198499
198500
198501
198502
198503
198504
67432
198505
67433
198506
67434
198507
67435
198508
67436
198509
67437
198510
67438
198511
67439
198512
67440
198513
67441
198514
67442
198515
67443
198516
67444
198517
67445
198518
67446
198519
67447
198520
67448
198521
67449
198522
67450
198523
67451
198524
67452
198525
67453
198526
67454
198527
67455
198528
67456
198529
67457
198530
67458
198531
67459
198532
67460
198533
67461
198534
67462
198535
67463
198536
67464
198537
67465
198538
67466
198539
67467
198540
67468
198541
67469
198542
67470
198543
67471
198544
67472
198545
67473
198546
67474
198547
198548
67476
198549
67477
198550
67478
198551
67479
198552
67480
198553
67481
198554
67482
198555
67483
198556
67484
198557
67485
198558
67486
198559
67487
198560
67488
198561
67489
198562
67490
198563
67491
198564
67492
198565
67493
198566
67494
198567
67495
198568
67496
198569
67497
198570
67498
198571
67499
198572
67500
198573
67501
198574
67502
198575
67503
198576
67504
198577
67505
198578
67506
198579
67507
198580
67508
198581
67509
198582
67510
198583
67511
198584
67512
198585
67513
198586
67514
198587
198588
198589
198590
198591
198592
198593
198594
198595
198596
198597
198598
198599
198600
198601
198602
198603
198604
198605
198606
198607
198608
198609
198610
198611
198612
198613
198614
198615
198616
198617
198618
198619
198620
198621
198622
198623
198624
198625
198626
198627
198628
198629
198630
198631
198632
67606
67607
67608
67609
67610
67611
67612
67613
67614
67615
67616
67617
67618
67619
67620
198712
198713
198714
198715
198716
198717
198718
198719
198720
198721
198722
198723
198724
198725
198726
198727
198728
198729
198730
198731
198732
198733
198734
198735
198736
198737
198738
198739
198740
67668
198741
67669
198742
67670
198743
67671
198744
67672
198745
67673
198746
67674
198747
67675
198748
67676
198749
67677
198750
67678
198751
67679
198752
67680
198753
67681
198754
67682
198755
67683
198756
67684
198757
67685
198758
67686
198759
67687
198760
67688
198761
67689
198762
67690
198763
67691
198764
67692
198765
67693
198766
67694
198767
67695
198768
67696
198769
67697
198770
67698
198771
67699
198772
67700
198773
67701
198774
67702
198775
67703
198776
67704
198777
67705
198778
67706
198779
67707
198780
67708
198781
67709
198782
67710
198783
67711
198784
67712
198785
67713
198786
67714
198787
67715
198788
67716
198789
67717
198790
67718
198791
67719
198792
67720
198793
67721
198794
67722
198795
67723
198796
67724
198797
67725
198798
67726
198799
67727
198800
67728
198801
67729
198802
67730
198803
67731
198804
67732
198805
67733
198806
67734
198807
67735
198808
67736
198809
198810
198811
198812
198813
198814
198815
198816
198817
198818
198819
198820
198821
198822
198823
198824
198825
198826
198827
198828
198829
198830
198831
198832
198833
198834
198835
198836
198837
198838
198839
198840
198841
198842
198843
198844
198845
198846
198847
67775
198848
67776
198849
67777
198850
67778
198851
67779
198852
67780
198853
67781
198854
67782
198855
67783
198856
67784
198857
67785
198858
67786
198859
67787
198860
67788
198861
67789
198862
67790
198863
67791
198864
67792
198865
67793
198866
67794
198867
67795
198868
198869
198870
198871
198872
198873
198874
198875
198876
198877
198878
198879
198880
67808
198881
67809
198882
67810
198883
67811
198884
67812
198885
67813
198886
67814
198887
67815
198888
67816
198889
67817
198890
67818
198891
67819
198892
67820
198893
67821
198894
67822
198895
67823
198896
67824
198897
67825
198898
67826
198899
198900
198901
198902
198903
198904
198905
198906
198907
198908
198909
198910
198911
198912
198913
198914
198915
198916
198917
198918
198919
198920
198921
198922
198923
198924
198925
198926
198927
198928
198929
198930
198931
198932
198933
198934
198935
198936
198937
198938
198939
198940
198941
198942
198943
198944
198945
198946
198947
198948
198949
198950
198951
198952
198953
198954
198955
198956
198957
198958
198959
198960
198961
198962
198963
198964
198965
198966
198967
198968
198969
198970
198971
198972
198973
198974
198975
198976
198977
198978
198979
198980
198981
198982
198983
198984
198985
198986
198987
198988
198989
198990
198991
198992
198993
198994
198995
198996
198997
198998
198999
199000
199001
199002
199003
199004
199005
199006
199007
199008
199009
199010
199011
199012
199013
199014
199015
199016
199017
199018
199019
199020
199021
199022
199023
199024
199025
199026
199027
199028
199029
199030
199031
199032
199033
199034
199035
199036
199037
199038
199039
199040
199041
199042
199043
199044
199045
199046
199047
199048
199049
199050
199051
199052
199053
199054
199055
199056
199057
199058
199059
199060
199061
199062
199063
199064
199065
199066
199067
199068
199069
199070
199071
199072
199073
199074
199075
199076
199077
199078
199079
68007
199080
68008
199081
68009
199082
68010
199083
68011
199084
68012
199085
68013
199086
68014
199087
68015
199088
68016
199089
68017
199090
68018
199091
68019
199092
68020
199093
68021
199094
68022
199095
199096
199097
199098
199099
199100
199101
199102
199103
199104
199105
199106
199107
199108
199109
199110
199111
199112
199113
199114
199115
199116
199117
199118
199119
199120
199121
199122
199123
199124
199125
199126
199127
199128
199129
199130
199131
199132
199133
199134
199135
199136
199137
199138
199139
199140
199141
199142
199143
199144
199145
199146
199147
199148
199149
199150
199151
68079
199152
68080
199153
68081
199154
68082
199155
68083
199156
68084
199157
68085
199158
68086
199159
68087
199160
199161
199162
68090
199163
68091
199164
68092
199165
68093
199166
68094
199167
68095
199168
68096
199169
68097
199170
199171
199172
199173
199174
199175
199176
199177
199178
199179
199180
199181
199182
199183
199184
199185
199186
199187
199188
199189
199190
199191
199192
199193
199194
199195
199196
199197
199198
199199
199200
199201
199202
199203
199204
199205
199206
199207
199208
199209
199210
199211
199212
199213
199214
199215
199216
199217
199218
199219
199220
199221
199234
199235
199236
199237
199238
199239
199240
199241
199242
199243
199244
199245
199246
199247
199248
199249
199250
199251
199252
199253
199254
199255
199256
199257
199258
199259
199260
199261
199262
199263
199264
199265
199266
199267
199268
199269
199270
199271
199272
199273
199274
199275
199276
199277
199278
199279
199280
199281
199282
199283
199284
199285
199286
199287
199288
199289
199290
199291
199292
199293
199294
199295
199296
199297
199298
199299
199300
199301
199302
199303
199304
199305
199306
199307
199308
199309
199310
199311
199312
199313
199314
199315
199316
199317
199318
199319
199320
199321
199322
199323
199324
199325
199326
199327
199328
199329
199330
199331
199332
199333
199334
199335
199336
199337
199338
199339
199340
199341
199342
199343
199344
199345
199346
199347
199348
199349
199350
199351
199352
199353
199354
199355
199356
199357
199358
199359
199360
199361
199362
199363
199364
199365
199366
199367
199368
199369
199370
199371
199372
199373
199374
199375
199376
199377
199378
199379
199380
199381
199382
199383
199384
199385
199386
199387
199388
199389
199390
199391
199392
199393
199394
199395
199396
199397
199398
199399
199400
199401
199402
199403
199404
199405
199406
199407
199408
199409
199410
199411
199412
199413
199414
199415
199416
199417
199418
199419
199420
199421
199422
68375
68376
68377
68378
68379
199502
199503
199504
199505
199506
199507
199508
199509
199510
199511
199512
199513
199514
199515
199516
199517
199518
199519
199520
199521
199522
199523
199524
199525
199526
199527
199528
199529
199530
199531
199532
199533
199534
199535
199536
199537
199538
199539
199540
199541
199542
199543
199544
199545
199546
199547
199548
199549
199550
199551
199552
199553
199554
199555
199556
199557
199558
199559
199560
199561
199562
199563
199564
199565
199566
199567
199568
199569
199570
199571
199572
199573
199574
199575
199576
199577
199578
199579
199580
199581
199582
199583
199584
199585
199586
199587
199588
199589
199590
199591
199592
199593
199594
199595
199596
199597
199598
199599
199600
199601
199602
199603
199604
199605
199606
199607
199608
199609
199610
199611
199612
199613
199614
199615
199616
199617
199618
199619
199620
199621
199622
199623
199624
199625
199626
199627
68555
199628
68556
199629
68557
199630
68558
199631
68559
199632
68560
199633
68561
199634
68562
199635
68563
199636
68564
199637
68565
199638
68566
199639
68567
199640
68568
199641
68569
199642
68570
199643
68571
199644
68572
199645
68573
199646
68574
199647
68575
199648
68576
199649
68577
199650
68578
199651
68579
199652
68580
199653
68581
199654
68582
199655
68583
199656
68584
199657
68585
199658
68586
199659
68587
199660
68588
199661
68589
199662
68590
199663
68591
199664
68592
199665
68593
199666
68594
199667
68595
199668
68596
199669
68597
199670
68598
199671
68599
199672
68600
199673
68601
199674
68602
199675
68603
199676
68604
199677
68605
199678
68606
199679
68607
199680
68608
199681
68609
199682
68610
199683
68611
199684
68612
199685
68613
199686
68614
199687
68615
199688
68616
199689
68617
199690
68618
199691
68619
199692
68620
199693
68621
199694
68622
199695
68623
199696
68624
199697
68625
199698
68626
199699
68627
199700
68628
199701
68629
199702
68630
199703
68631
199704
68632
199705
68633
199706
68634
199707
68635
199708
68636
199709
68637
199710
68638
199711
68639
199712
68640
199713
68641
199714
68642
199715
68643
199716
68644
199717
68645
199718
68646
199719
68647
199720
68648
199721
68649
199722
68650
199723
68651
199724
68652
199725
68653
199726
68654
199727
68655
199728
68656
199729
199730
199731
199732
199733
199734
199735
199736
199737
199738
199739
199740
199741
199742
199743
199744
199745
199746
199747
199748
199749
199750
199751
199752
199753
199754
199755
199756
199757
199758
199759
199760
199761
199762
199763
199764
199765
199766
199767
199768
199769
199770
199771
199772
199773
199774
199775
199776
199777
199778
199779
199780
199781
199782
199783
199784
199785
199786
199787
199788
199789
199790
199791
199792
199793
199794
199795
199796
199797
199798
199799
199800
199801
199802
199803
199804
199805
199806
199807
199808
199809
199810
199811
199812
199813
199814
199815
199816
199817
199818
199819
199820
199821
199822
199823
199824
199825
199826
199827
199828
199829
199830
199831
199832
199833
199834
199835
199836
199837
199838
199839
199840
199841
199842
199843
199844
199845
199846
199847
199848
199849
199850
199851
199852
199853
199854
199855
199856
199857
199858
199859
199860
199861
199862
199863
199864
199865
199866
68794
199867
68795
199868
68796
199869
68797
199870
68798
199871
68799
199872
68800
199873
68801
199874
68802
199875
68803
199876
68804
199877
68805
199878
68806
199879
68807
199880
68808
199881
68809
199882
68810
199883
68811
199884
68812
199885
68813
199886
68814
199887
68815
199888
68816
199889
68817
199890
68818
199891
68819
199892
68820
199893
68821
199894
68822
199895
68823
199896
68824
199897
68825
199898
68826
199899
68827
199900
68828
199901
68829
199902
68830
199903
68831
199904
68832
199905
68833
199906
68834
199907
68835
199908
68836
199909
68837
199910
68838
199911
68839
199912
68840
199913
68841
199914
68842
199915
68843
199916
68844
199917
68845
199918
68846
199919
68847
199920
68848
199921
68849
199922
68850
199923
68851
199924
68852
199925
68853
199926
68854
199927
68855
199928
68856
199929
68857
199930
68858
199931
68859
199932
68860
199933
68861
199934
68862
199935
68863
199936
68864
199937
68865
199938
68866
199939
68867
199940
68868
199941
68869
199942
68870
199943
68871
199944
68872
199945
68873
199946
68874
199947
68875
199948
68876
199949
68877
199950
68878
199951
68879
199952
68880
199953
68881
199954
68882
199955
68883
199956
68884
199957
68885
199958
68886
199959
68887
199960
68888
199961
68889
199962
68890
199963
68891
199964
68892
199965
68893
199966
68894
199967
68895
199968
68896
199969
68897
199970
68898
199971
68899
199972
68900
199973
68901
199974
68902
199975
68903
199976
68904
199977
68905
199978
68906
199979
68907
199980
68908
199981
68909
199982
68910
199983
68911
199984
68912
199985
68913
199986
68914
199987
68915
199988
68916
199989
68917
199990
68918
199991
68919
199992
68920
199993
68921
199994
68922
199995
68923
199996
68924
199997
68925
199998
68926
199999
68927
200000
68928
200001
68929
200002
68930
200003
68931
200004
68932
200005
68933
200006
68934
200007
68935
200008
68936
200009
68937
200010
68938
68939
68940
68941
68942
68943
68944
68945
68946
68947
68948
68949
68950
200023
68951
200024
68952
200025
68953
200026
68954
200027
68955
200028
68956
200029
68957
200030
68958
200031
68959
200032
68960
200033
68961
200034
68962
200035
68963
200036
68964
200037
68965
200038
68966
200039
68967
200040
68968
200041
68969
200042
68970
200043
68971
200044
68972
200045
68973
200046
68974
200047
68975
200048
68976
200049
68977
200050
68978
200051
68979
200052
68980
200053
68981
200054
68982
200055
68983
200056
68984
200057
68985
200058
68986
200059
68987
200060
68988
200061
68989
200062
68990
200063
68991
200064
68992
200065
68993
200066
68994
200067
68995
200068
68996
200069
68997
200070
68998
200071
68999
200072
69000
200073
69001
200074
69002
200075
69003
200076
69004
200077
69005
200078
69006
200079
69007
200080
69008
200081
69009
200082
69010
200083
69011
200084
69012
200085
69013
200086
69014
200087
69015
200088
69016
200089
200090
200091
200092
200093
200094
200095
200096
200097
200098
200099
200100
200101
200102
200103
200104
200105
200106
200107
200108
200109
200110
200111
200112
200113
200114
200115
200116
200117
200118
200119
200120
200121
200122
200123
200124
200125
200126
200127
200128
200129
200130
200131
200132
200133
200134
200135
200136
200137
200138
200139
200140
200141
200142
200143
200144
200145
200146
200147
200148
200149
200150
200151
200152
200153
200154
200155
200156
200157
200158
200159
200160
200161
200162
200163
200164
200165
200166
200167
200168
200169
200170
200171
200172
200173
200174
200175
200176
200177
200178
200179
200180
200181
200182
200183
200184
200185
200186
200187
200188
200189
200190
200191
200192
200193
200194
200195
200196
200197
200198
200199
200200
200201
200202
200203
200204
200205
200206
200207
200208
200209
200210
200211
200212
200213
200214
200215
200216
200217
200298
200299
200300
200301
200302
200303
200304
200305
200306
200307
200308
200309
200310
200311
200312
200313
200314
200315
200316
200317
200318
200319
69247
200320
69248
200321
69249
200322
69250
200323
69251
200324
69252
200325
69253
200326
69254
200327
69255
200328
69256
200329
69257
200330
69258
200331
69259
200332
69260
200333
69261
200334
69262
200335
69263
200336
69264
200337
69265
200338
69266
200339
69267
200340
69268
200341
69269
200342
69270
200343
69271
200344
69272
200345
69273
200346
69274
200347
69275
200348
69276
200349
69277
200350
69278
200351
69279
200352
69280
200353
69281
200354
69282
200355
69283
200356
69284
200357
69285
200358
69286
200359
69287
200360
69288
200361
69289
200362
69290
200363
69291
200364
69292
200365
69293
200366
69294
200367
69295
200368
69296
200369
69297
200370
69298
200371
69299
200372
69300
200373
69301
200374
69302
200375
69303
200376
69304
200377
69305
200378
69306
200379
69307
200380
69308
200381
69309
200382
69310
200383
69311
200384
69312
200385
69313
200386
69314
200387
69315
200388
69316
200389
69317
200390
69318
200391
69319
200392
69320
200393
69321
200394
69322
200395
69323
200396
69324
200397
69325
200398
69326
200399
69327
200400
69328
200401
69329
200402
69330
200403
69331
200404
69332
200405
69333
200406
69334
200407
69335
200408
69336
200409
69337
200410
69338
200411
69339
200412
69340
200413
69341
200414
69342
200415
69343
200416
69344
200417
69345
200418
69346
200419
69347
200420
69348
200421
69349
200422
69350
200423
69351
200424
69352
200425
69353
200426
69354
200427
69355
200428
69356
200429
69357
200430
69358
200431
69359
200432
69360
200433
69361
200434
69362
200435
69363
200436
69364
200437
69365
200438
69366
200439
69367
200440
69368
200441
69369
200442
69370
200443
69371
200444
69372
200445
69373
200446
69374
200447
69375
200448
69376
200449
200450
200451
200452
200453
200454
200455
200456
200457
200458
200459
200460
200461
200462
200463
200464
200465
200466
200467
200468
200469
200470
200471
200472
200473
200474
200475
200476
200477
200478
200479
200480
200481
200482
200483
200484
200485
200486
200487
200488
200489
200490
200491
200492
200493
200494
200495
200496
200497
200498
200499
200500
200501
200502
200503
200504
200505
200506
200507
200508
200509
200510
200511
200512
200513
200514
200515
200516
200517
200518
200519
200520
200521
200522
200523
200524
200525
200526
200527
200528
200529
200530
200531
200532
200533
200534
200535
200536
200537
200538
200539
200540
200541
200542
200543
200544
200545
200546
200547
200548
200549
200550
200551
200552
200553
200554
200555
200556
200557
200558
200559
200560
200561
200562
200563
200564
200565
200566
200567
200568
200569
200570
200571
200572
200573
200574
200575
200576
200577
200578
200579
200580
200581
200582
200583
200584
200585
200586
200587
200588
200589
200590
200591
200592
200593
200594
200595
200596
200597
200598
200599
200600
200601
200602
200603
200604
200605
200606
200607
200608
200609
200610
200611
200612
200613
200614
200615
200616
200617
200618
69546
200619
69547
200620
69548
200621
69549
200622
69550
200623
69551
200624
69552
200625
69553
200626
69554
200627
69555
200628
69556
200629
69557
200630
69558
200631
69559
200632
69560
200633
69561
200634
69562
200635
69563
200636
69564
200637
69565
200638
69566
200639
69567
200640
69568
200641
69569
200642
69570
200643
69571
200644
69572
200645
69573
200646
69574
200647
69575
200648
69576
200649
69577
200650
69578
200651
69579
200652
69580
200653
69581
200654
69582
200655
69583
200656
69584
200657
69585
200658
69586
200659
69587
200660
69588
200661
69589
200662
69590
200663
69591
200664
69592
200665
69593
200666
69594
200667
69595
200668
69596
200669
69597
200670
69598
200671
69599
200672
69600
200673
69601
200674
69602
200675
69603
200676
69604
200677
69605
200678
69606
200679
69607
200680
69608
200681
69609
200682
69610
200683
69611
200684
69612
200685
69613
200686
69614
200687
69615
200688
69616
200689
69617
200690
69618
200691
69619
200692
69620
200693
69621
200694
69622
200695
69623
200696
69624
200697
69625
200698
69626
200699
69627
200700
69628
200701
69629
200702
200703
200704
200705
200706
200707
200708
200709
200710
200711
200712
200713
200714
200715
200716
200717
200718
200719
200720
200721
200722
200723
200724
200725
200726
200727
200728
200729
200730
200731
200732
200733
200734
200735
200736
200737
200738
200739
200740
200741
200742
200743
200744
200745
200746
200747
200748
200749
200750
200751
200752
200753
200754
200755
200756
200757
200758
200759
200760
200761
200762
200763
200764
200765
200766
200767
200768
200769
200770
200771
200772
200773
200774
200775
200776
200777
200778
200779
200780
200781
200782
200783
200784
200785
200786
200787
200788
200789
200790
200791
200792
200793
200794
69724
69725
69726
69727
69728
69729
69730
69731
69732
69733
69734
69735
200808
69736
200809
69737
200810
69738
200811
69739
200812
200813
200814
200815
200816
200817
200818
200819
200820
200821
200822
200823
200824
200825
200826
200827
200828
200829
200830
200831
200832
200833
200834
200835
200836
200837
200838
200839
200840
200841
200842
200843
200844
200845
200846
200847
200848
200849
200850
69778
200851
69779
200852
69780
200853
69781
200854
69782
200855
69783
200856
69784
200857
69785
200858
69786
200859
69787
200860
69788
200861
69789
200862
69790
200863
69791
200864
69792
200865
69793
200866
69794
200867
69795
200868
69796
200869
69797
200870
69798
200871
69799
200872
69800
200873
69801
200874
69802
200875
69803
200876
69804
200877
69805
200878
69806
200879
69807
200880
69808
200881
69809
200882
69810
200883
69811
200884
69812
200885
69813
200886
69814
200887
69815
200888
69816
200889
69817
200890
69818
200891
69819
200892
69820
200893
69821
200894
69822
200895
69823
200896
69824
200897
69825
200898
69826
200899
69827
200900
69828
200901
69829
200902
69830
200903
69831
200904
69832
200905
69833
200906
69834
200907
69835
200908
69836
200909
69837
200910
69838
200911
69839
200912
69840
200913
69841
200914
69842
200915
200916
200917
200918
200919
200920
200921
200922
200923
200924
200925
200926
200927
200928
200929
200930
200931
200932
200933
200934
200935
200936
200937
200938
200939
200940
200941
200942
200943
200944
200945
200946
200947
200948
200949
200950
69878
200951
69879
200952
69880
200953
69881
200954
69882
200955
69883
200956
69884
200957
69885
200958
69886
200959
69887
200960
69888
200961
69889
200962
69890
200963
69891
200964
69892
200965
69893
200966
69894
200967
69895
200968
69896
200969
69897
200970
69898
200971
69899
200972
69900
200973
200974
200975
200976
200977
200978
200979
200980
69908
200981
69909
200982
69910
200983
69911
200984
69912
200985
69913
200986
69914
200987
69915
200988
69916
200989
69917
200990
69918
200991
69919
200992
69920
200993
69921
200994
69922
200995
69923
200996
69924
200997
69925
200998
69926
200999
69927
201082
201083
201084
201085
201086
201087
201088
201089
201090
201091
201092
201093
201094
201095
201096
201097
201098
201099
201100
201101
201102
201103
201104
201105
201106
201107
201108
201109
201110
201111
201112
201113
201114
201115
201116
201117
201118
201119
201120
201121
201122
201123
201124
201125
201126
201127
201128
201129
201130
201131
201132
201133
201134
201135
201136
201137
201138
201139
201140
201141
201142
201143
201144
201145
201146
201147
201148
201149
201150
201151
201152
201153
201154
201155
201156
201157
201158
201159
201160
201161
201162
201163
201164
201165
201166
201167
201168
201169
201170
201171
201172
201173
201174
201175
201176
201177
201178
201179
201180
201181
201182
201183
201184
201185
201186
201187
201188
201189
201190
201191
201192
201193
70121
201194
70122
201195
70123
201196
70124
201197
70125
201198
70126
201199
70127
201200
70128
201201
70129
201202
70130
201203
70131
201204
70132
201205
70133
201206
70134
201207
70135
201208
70136
201209
201210
201211
201212
201213
201214
201215
201216
201217
201218
201219
201220
201221
201222
201223
201224
201225
201226
201227
201228
201229
201230
201231
201232
201233
201234
201235
201236
201237
201238
201239
201240
201241
201242
201243
201244
201245
201246
201247
201248
201249
201250
201251
201252
201253
201254
201255
201256
201257
201258
201259
201260
70188
201261
70189
201262
70190
201263
70191
201264
70192
201265
70193
201266
70194
201267
70195
201268
70196
201269
70197
201270
70198
201271
70199
201272
70200
201273
70201
201274
70202
201275
70203
201276
70204
201277
201278
201279
201280
201281
201282
201283
201284
201285
201286
201287
201288
201289
201290
201291
201292
201293
201294
201295
201296
201297
201298
201299
201300
201301
201302
201303
201304
201305
201306
201307
201308
201309
201310
201311
201312
201313
201314
201315
201316
201317
201318
201319
201320
201321
201322
201323
201324
201325
201326
201327
201328
201329
201330
201331
201332
201333
201334
201335
201336
201337
201338
201339
201340
201341
201342
201343
201344
201345
201346
201347
201348
201349
201350
201351
201352
201353
201354
201355
201356
201357
201358
201359
201360
201361
201362
201363
201364
201365
201366
201367
201368
201369
201370
201371
201372
201373
201374
201375
201376
201377
201378
201379
201380
201381
201382
201383
201384
201385
201386
201387
201388
201389
201390
201391
201392
201393
201394
201395
201396
201397
201398
201399
201400
201401
201402
201403
201404
201405
201406
201407
201408
201409
201410
201411
201412
201413
201414
201415
201416
201417
201418
201419
201420
201421
201422
201423
201424
201425
201426
201427
201428
201429
201430
201431
201432
201433
201434
201435
201436
201437
201438
201439
201440
201441
201442
201443
201444
201445
201446
201447
201448
201449
201450
201451
201452
201453
201454
201455
201456
201457
201458
201459
201460
201461
201462
201463
201464
201465
201466
201467
201468
201469
201470
201471
201472
201473
201474
201475
201476
201477
201478
201479
201480
201481
201482
201483
201484
201485
201486
201487
201488
201489
201490
201491
201492
201493
201494
201495
201496
201497
201498
201499
201500
201501
201502
201503
201504
201505
201506
201507
201508
201509
201510
201511
201512
201513
201514
201515
201516
201517
201518
201519
201520
201521
201522
201523
201524
201525
201526
201527
201528
201529
201530
201531
201532
201533
201534
201535
201536
201537
201538
201539
201540
201541
201542
201543
201544
201545
201546
201547
201548
201549
201550
201551
201552
201553
201554
201555
201556
201557
201558
201559
201560
201561
201562
70490
201563
70491
201564
70492
201565
70493
201566
70494
201567
201568
201569
201570
201571
201572
201573
201574
201575
201576
201577
201590
201591
201592
201593
201594
201595
201596
201597
201598
201599
201600
201601
201602
201603
201604
201605
201606
201607
201608
201609
201610
201611
201612
201613
201614
201615
201616
201617
201618
201619
201620
201621
201622
201623
201624
201625
201626
201627
201628
201629
201630
201631
201632
201633
201634
201635
201636
201637
201638
201639
201640
201641
201642
201643
201644
201645
201646
201647
201648
201649
201650
201651
201652
201653
201654
201655
201656
201657
201658
201659
201660
201661
201662
201663
201664
201665
201666
201667
201668
201669
201670
201671
201672
201673
201674
201675
201676
201677
201678
201679
201680
201681
201682
201683
201684
201685
201686
201687
201688
201689
201690
201691
201692
201693
201694
201695
201696
201697
201698
201699
201700
201701
201702
201703
201704
201705
201706
201707
201708
201709
201710
201711
201712
201713
201714
201715
201716
201717
201718
201719
201720
201721
201722
201723
201724
201725
201726
201727
201728
201729
201730
201731
201732
201733
201734
201735
201736
201737
201738
201739
201740
201741
201742
70670
201743
70671
201744
70672
201745
70673
201746
70674
201747
70675
201748
70676
201749
70677
201750
70678
201751
70679
201752
70680
201753
70681
201754
70682
201755
70683
201756
70684
201757
70685
201758
70686
201759
70687
201760
70688
201761
70689
201762
70690
201763
70691
201764
70692
201765
70693
70694
70695
70696
70697
70698
70699
70700
70701
70702
70703
70704
70705
70706
70707
70708
70709
70710
70711
70712
70713
70714
70715
70716
70717
70718
70719
70720
70721
70722
70723
70724
70725
70726
70727
70728
70729
70730
70731
70732
70733
70734
70735
70736
70737
70738
70739
70740
70741
70742
70743
70744
70745
70746
70747
70748
70749
70750
70751
70752
70753
70754
70755
70756
70757
70758
70759
70760
70761
70762
70763
70764
70765
70766
70767
70768
70769
70770
70771
201850
201851
201852
201853
201854
201855
201856
201857
201858
201859
201860
201861
201862
201863
201864
201865
201866
201867
201868
201869
201870
201871
201872
201873
201874
201875
201876
201877
201878
201879
201880
201881
201882
201883
201884
201885
201886
201887
201888
201889
201890
201891
201892
201893
201894
201895
201896
201897
201898
201899
201900
201901
201902
201903
201904
201905
201906
201907
201908
201909
201910
201911
201912
201913
201914
201915
201916
201917
201918
201919
201920
201921
201922
201923
201924
201925
201926
201927
201928
201929
201930
201931
201932
201933
201934
201935
201936
201937
201938
201939
201940
201941
201942
201943
201944
201945
201946
201947
201948
201949
201950
201951
201952
201953
201954
201955
201956
201957
201958
201959
201960
201961
201962
201963
201964
201965
201966
201967
201968
201969
201970
201971
201972
201973
201974
70902
201975
70903
201976
70904
201977
70905
201978
70906
201979
70907
201980
70908
201981
70909
201982
70910
201983
70911
201984
70912
201985
70913
201986
70914
201987
70915
201988
70916
201989
70917
201990
70918
201991
70919
201992
70920
201993
70921
201994
70922
201995
70923
201996
70924
201997
70925
201998
70926
201999
70927
202000
70928
202001
70929
202002
70930
202003
70931
202004
70932
202005
70933
202006
70934
202007
70935
202008
70936
202009
70937
202010
70938
202011
70939
202012
70940
202013
70941
202014
70942
202015
70943
202016
70944
202017
70945
202018
70946
202019
70947
202020
70948
202021
70949
202022
70950
202023
70951
202024
70952
202025
70953
202026
70954
202027
70955
202028
70956
202029
70957
202030
70958
202031
70959
202032
70960
202033
70961
202034
70962
202035
70963
202036
70964
202037
70965
202038
70966
202039
70967
202040
70968
202041
70969
202042
70970
202043
70971
202044
70972
202045
70973
202046
70974
202047
70975
202048
70976
202049
70977
202050
70978
202051
70979
202052
70980
202053
70981
202054
70982
202055
70983
202056
70984
202057
70985
202058
70986
202059
70987
202060
70988
202061
70989
202062
70990
202063
70991
202064
70992
202065
70993
202066
70994
202067
70995
202068
70996
202069
70997
202070
70998
202071
70999
202072
71000
202073
71001
202074
71002
202075
71003
202076
71004
202077
71005
202078
71006
202079
71007
202080
71008
202081
71009
202082
71010
202083
71011
202084
71012
202085
71013
202086
71014
202087
71015
202088
71016
202089
71017
202090
71018
202091
71019
202092
71020
202093
71021
202094
71022
202095
71023
202096
71024
202097
71025
202098
71026
202099
71027
202100
71028
202101
71029
202102
71030
202103
71031
202104
71032
202105
71033
202106
71034
202107
71035
202108
71036
202109
71037
202110
71038
202111
71039
202112
71040
202113
71041
202114
71042
202115
71043
202116
71044
202117
71045
202118
71046
202119
71047
202120
71048
202121
71049
202122
71050
202123
71051
202124
71052
202125
71053
202126
71054
202127
71055
202128
71056
202129
71057
202130
71058
202131
71059
202132
71060
202133
71061
202134
71062
202135
71063
202136
71064
202137
71065
202138
71066
202139
71067
202140
71068
202141
71069
202142
71070
202143
71071
202144
71072
202145
71073
202146
71074
202147
71075
202148
71076
202149
71077
202150
71078
202151
71079
202152
71080
202153
71081
202154
71082
202155
71083
202156
71084
202157
71085
202158
71086
202159
71087
202160
71088
202161
71089
202162
71090
202163
71091
202164
71092
202165
71093
202166
71094
202167
71095
202168
71096
202169
71097
202170
71098
202171
71099
202172
71100
202173
71101
202174
71102
202175
71103
202176
71104
202177
71105
202178
71106
202179
71107
202180
71108
202181
71109
202182
71110
202183
71111
202184
71112
202185
71113
202186
71114
202187
71115
202188
71116
202189
71117
202190
71118
202191
71119
202192
71120
202193
71121
202194
71122
202195
71123
202196
71124
202197
71125
202198
71126
202199
71127
202200
71128
202201
71129
202202
71130
202203
71131
202204
71132
202205
71133
202206
71134
202207
71135
202208
202209
202210
202211
202212
202213
202214
202215
202216
202217
202218
202219
202220
202221
202222
202223
202224
202225
202226
202227
202228
202229
202230
202231
202232
202233
202234
202235
202236
202237
202238
202239
202240
202241
202242
202243
202244
202245
202246
202247
202248
202249
202250
202251
202252
202253
202254
202255
202256
202257
202258
202259
202260
202261
202262
202263
202264
202265
202266
202267
202268
202269
202270
202271
202272
202273
202274
202275
202276
202277
202278
202279
202280
202281
202282
202283
202284
202285
202286
202287
202288
202289
202290
202291
202292
202293
202294
202295
202296
202297
202298
202299
202300
202301
202302
202303
202304
202305
202306
202307
202308
202309
202310
202311
202312
202313
202314
202315
202316
202329
202330
202331
202332
202333
202334
202335
202336
202337
202338
202339
202340
202341
202342
202343
202344
202345
202346
202347
202348
202349
202350
202351
202352
202353
202354
202355
202356
202357
202358
202359
202360
202361
202362
202363
202364
202365
202366
202367
202368
202369
202370
202371
202372
202373
202374
202375
202376
202377
202378
202379
202380
202381
202382
202383
202384
202385
202386
202387
202388
202389
202390
202391
202392
202393
202394
202395
202396
202397
202398
202399
202400
202401
202402
202403
202404
202405
202406
202407
202408
202409
202410
202411
202412
202413
202414
202415
202416
202417
202418
202419
202420
202421
202422
202423
202424
202425
202426
202427
202428
202429
202430
202431
202432
202433
202434
202435
202436
202437
202438
202439
202440
202441
202442
202443
202444
202445
202446
202447
202448
202449
202450
202451
202452
202453
202454
202455
202456
202457
202458
202459
202460
202461
202462
202463
202464
202465
71393
202466
71394
202467
71395
202468
71396
202469
71397
202470
71398
202471
71399
202472
71400
202473
71401
202474
71402
202475
71403
202476
71404
202477
71405
202478
71406
202479
71407
202480
71408
202481
71409
202482
71410
202483
71411
71412
71413
71414
71415
71416
71417
71418
71419
71420
71421
71422
71423
71424
71425
71426
71427
71428
71429
71430
71431
71432
71433
71434
71435
71436
71437
71438
71439
71440
71441
71442
71443
71444
71445
71446
71447
71448
71449
71450
71451
71452
71453
71454
71455
71456
71457
71458
71459
71460
71461
71462
71463
71464
71465
71466
71467
71468
71469
71470
71471
71472
71473
71474
71475
71476
71477
71478
71479
71480
71481
71482
71483
71484
71485
71486
71487
71488
71489
71490
71491
71492
71493
71494
202567
71495
202568
71496
202569
71497
202570
71498
202571
71499
202572
71500
202573
71501
202574
71502
202575
71503
202576
71504
202577
71505
202578
71506
202579
71507
202580
71508
202581
71509
202582
71510
202583
71511
202584
71512
202585
71513
202586
71514
202587
71515
202588
71516
202589
71517
202590
71518
202591
71519
202592
71520
202593
71521
202594
71522
202595
71523
202596
71524
202597
71525
202598
71526
202599
71527
202600
71528
202601
71529
202602
71530
202603
71531
202604
202605
202606
202607
202608
202609
202610
202611
202612
202613
202614
202615
202616
202617
202618
202619
202620
202621
202622
202623
202624
202625
202626
202627
202628
202629
202630
202631
202632
202633
202634
202635
202636
202637
202638
202639
202640
202641
202642
202643
202644
202645
202646
202647
202648
202649
202650
202651
202652
202653
202654
202655
202656
202657
202658
202659
202660
202661
202662
202663
202664
202665
202666
202667
202668
202669
202670
202671
202672
202673
202674
202675
202676
202677
202678
202679
202680
202681
202682
202683
202684
202685
202686
202687
202688
202689
202690
202691
202692
202693
202694
202695
202696
202697
202698
202699
202700
202701
202702
202703
202704
202705
202706
202707
202708
202709
202710
202711
202712
202713
202714
202715
202716
202717
202718
202719
202720
202721
202722
202723
202724
202725
202726
202727
202728
202729
202730
202731
202732
202733
202734
202735
202736
202737
202738
202739
202740
202741
202742
202743
202744
202745
202746
202747
202748
202749
202750
202751
202752
202753
202754
202755
202756
202757
202758
202759
202760
202761
202762
202763
202764
202765
202766
202767
202768
202769
202770
202771
202772
202773
202774
71702
202775
71703
202776
71704
202777
71705
202778
71706
202779
71707
202780
71708
202781
71709
202782
71710
202783
71711
202784
71712
202785
71713
202786
71714
202787
71715
202788
71716
202789
71717
202790
71718
202791
71719
202792
71720
202793
71721
202794
71722
202795
71723
202796
71724
202797
71725
202798
71726
202799
71727
202800
71728
202801
71729
202802
71730
202803
71731
202804
71732
202805
71733
202806
71734
202807
71735
202808
71736
202809
71737
202810
71738
202811
71739
202812
71740
202813
71741
202814
71742
202815
71743
202816
71744
202817
71745
202818
71746
202819
71747
202820
71748
202821
71749
202822
71750
202823
71751
202824
71752
202825
71753
202826
71754
202827
71755
202828
71756
202829
71757
202830
71758
202831
71759
202832
71760
202833
71761
202834
71762
202835
71763
202836
71764
202837
71765
202838
71766
202839
71767
202840
71768
202841
71769
202842
71770
202843
71771
202844
71772
202845
71773
202846
71774
202847
71775
202848
71776
202849
71777
202850
71778
202851
71779
202852
71780
202853
71781
202854
71782
202855
71783
202856
71784
202857
71785
202858
71786
202859
202860
202861
202862
202863
202864
202865
202866
202867
202868
202869
202870
202871
202872
202873
202874
202875
202876
202877
202878
202879
202880
202881
202882
202883
202884
202885
202886
202887
202888
202889
202890
202891
202892
202893
202894
202895
202896
202897
202898
202899
202900
202901
202902
202903
202904
202905
202906
202907
202908
202909
202910
202911
202912
202913
202914
202915
202916
202917
202918
202919
202920
202921
202922
202923
202924
202925
202926
202927
202928
202929
202930
202931
202932
202933
202934
202935
202936
202937
202938
202939
202940
202941
202942
202943
202944
202945
202946
202947
202948
202949
202950
202951
202952
202953
202954
202955
202956
202957
202958
202959
202960
202961
71889
202962
71890
202963
71891
202964
71892
202965
71893
202966
71894
202967
71895
202968
71896
202969
71897
202970
71898
202971
71899
202972
71900
202973
71901
202974
71902
202975
71903
202976
71904
202977
202978
202979
202980
202981
202982
202983
202984
202985
202986
202987
202988
202989
202990
202991
202992
202993
202994
202995
202996
202997
202998
202999
203000
203001
203002
203003
203004
203005
203006
203007
203008
203009
71937
203010
71938
203011
71939
203012
71940
71941
71942
71943
71944
71945
71946
71947
71948
71949
71950
71951
71952
203025
71953
203026
71954
203027
71955
203028
71956
203029
71957
203030
71958
203031
71959
203032
71960
203033
71961
203034
71962
203035
71963
203036
71964
203037
71965
203038
71966
203039
71967
203040
71968
203041
71969
203042
71970
203043
71971
203044
71972
203045
71973
203046
71974
203047
71975
203048
71976
203049
71977
203050
71978
203051
71979
203052
71980
203053
71981
203054
71982
203055
71983
203056
71984
203057
71985
203058
71986
203059
71987
203060
71988
203061
71989
203062
71990
203063
71991
203064
71992
203065
71993
203066
71994
203067
71995
203068
71996
203069
71997
203070
203071
203072
203073
203074
203075
203076
203077
203078
203079
203080
203081
203082
203083
203084
203085
203086
203087
203088
203089
203090
203091
203092
203093
203094
203095
203096
203097
203098
203099
203100
203101
72029
203102
72030
203103
72031
203104
72032
203105
72033
203106
72034
203107
72035
203108
72036
203109
72037
203110
72038
203111
72039
203112
72040
203113
72041
203114
72042
203115
72043
203116
72044
203117
72045
203118
72046
203119
72047
203120
72048
203121
72049
203122
72050
203123
203124
203125
203126
203127
203128
72056
203129
72057
203130
72058
203131
72059
203132
72060
203133
72061
203134
72062
203135
72063
203136
72064
203137
72065
203138
72066
203139
72067
203140
72068
203141
72069
203142
72070
203143
72071
203144
72072
203145
72073
203146
72074
203147
72075
203148
203149
203150
203151
203152
203153
203154
203155
203156
203157
203158
203159
203160
203161
203162
203163
203164
203165
203166
203167
203168
203169
203170
203171
203172
203173
203174
203175
203255
203256
203257
203258
203259
203260
203261
203262
203263
203264
203265
203266
203267
203268
203269
203270
203271
203272
203273
203274
203275
203276
203277
203278
203279
203280
203281
203282
203283
203284
203285
203286
203287
203288
203289
203290
203291
203292
203293
203294
203295
203296
203297
203298
203299
203300
203301
203302
203303
203304
203305
203306
203307
203308
203309
203310
203311
203312
203313
203314
203315
203316
203317
203318
203319
203320
203321
203322
203323
203324
203325
203326
203327
203328
203329
203330
203331
203332
203333
203334
203335
203336
203337
203338
203339
203340
203341
203342
203343
203344
203345
203346
203347
203348
203349
203350
203351
203352
203353
203354
203355
203356
203357
203358
203359
203360
203361
203362
72290
203363
72291
203364
72292
203365
72293
203366
72294
203367
72295
203368
72296
203369
72297
203370
72298
203371
72299
203372
72300
203373
72301
203374
72302
203375
72303
203376
72304
203377
203378
203379
203380
203381
203382
203383
203384
203385
203386
203387
203388
203389
203390
203391
203392
203393
203394
203395
203396
203397
203398
203399
203400
203401
203402
203403
203404
203405
203406
203407
203408
203409
203410
203411
203412
203413
203414
203415
203416
203417
203418
203419
203420
203421
203422
203423
203424
72352
203425
72353
203426
72354
203427
72355
203428
72356
203429
72357
203430
72358
203431
72359
203432
72360
203433
72361
203434
72362
203435
72363
203436
72364
203437
72365
203438
72366
203439
203440
203441
203442
203443
203444
203445
203446
203447
203448
203449
203450
203451
203452
203453
203454
203455
203456
203457
203458
203459
203460
203461
203462
203463
203464
203465
203466
203467
203468
203469
203470
203471
203472
203473
203474
203475
203476
203477
203478
203479
203480
203481
203482
203483
203484
203485
203486
203487
203488
203489
203490
203491
203492
203493
203494
203495
203496
203497
203498
203499
203500
203501
203502
203503
203504
203505
203506
203507
203508
203509
203510
203511
203512
203513
203514
203515
203516
203517
203518
203519
203520
203521
203522
203523
203524
203525
203526
203527
203528
203529
203530
203531
203532
203533
203534
203535
203536
203537
203538
203539
203540
203541
203542
203543
203544
203545
203546
203547
203548
203549
203550
203551
203552
203553
203554
203555
203556
203557
203558
203559
203560
203561
203562
203563
203564
203565
203566
203567
203568
203569
203570
203571
203572
203573
203574
203575
203576
203577
203578
203579
203580
203581
203582
203583
203584
203585
203586
203587
203588
203589
203590
203591
203592
203593
203594
203595
203596
203597
203598
203599
203600
203601
203602
203603
203604
203605
203606
203607
203608
203609
203610
203611
203612
203613
203614
203615
203616
203617
203618
203619
203620
203621
203622
203623
203624
203625
203626
203627
203628
203629
203630
203631
203632
203633
203634
203635
203636
203637
203638
203639
203640
203641
203642
203643
203644
203645
203658
203659
203660
203661
203662
203663
203664
203665
203666
203667
203668
203669
203670
203671
203672
203673
203674
203675
203676
203677
203678
203679
203680
203681
203682
203683
203684
203685
203686
203687
203688
203689
203690
203691
203692
203693
203694
203695
203696
203697
203698
203699
203700
203701
203702
203703
203704
203705
203706
203707
203708
203709
203710
203711
203712
203713
203714
203715
203716
203717
203718
203719
203720
203721
203722
203723
203724
203725
203726
203727
203728
203729
203730
203731
203732
203733
72661
203734
72662
203735
72663
203736
72664
203737
72665
203738
203739
203740
203741
203742
203743
203744
203745
203746
203747
203748
203749
203750
203751
203752
203753
203754
203755
203756
203757
203758
203759
203760
203761
203762
203763
203764
203765
203766
203767
203768
203769
203770
203771
203772
203773
203774
203775
203776
203777
203778
203779
203780
203781
203782
203783
203784
203785
203786
203787
203788
203789
203790
203791
203792
203793
203794
203795
203877
203878
203879
203880
203881
203882
203883
203884
203885
203886
203887
203888
203889
203890
203891
203892
203893
203894
203895
203896
203897
203898
203899
203900
203901
203902
203903
203904
203905
203906
203907
203908
203909
203910
72838
203911
72839
203912
72840
203913
72841
203914
72842
203915
72843
203916
72844
203917
72845
203918
72846
203919
72847
203920
72848
203921
72849
203922
72850
203923
72851
203924
72852
203925
72853
203926
72854
203927
72855
203928
72856
203929
72857
203930
72858
203931
72859
203932
72860
203933
72861
203934
72862
203935
72863
203936
72864
203937
72865
203938
72866
203939
72867
203940
72868
203941
72869
203942
72870
203943
72871
203944
72872
203945
72873
203946
72874
203947
72875
203948
72876
203949
72877
203950
72878
203951
72879
203952
72880
203953
72881
203954
72882
203955
72883
203956
72884
203957
72885
203958
72886
203959
72887
203960
72888
203961
72889
203962
72890
203963
72891
203964
72892
203965
72893
203966
72894
203967
72895
203968
72896
203969
72897
203970
72898
203971
72899
203972
72900
203973
72901
203974
72902
203975
72903
203976
72904
203977
72905
203978
72906
203979
72907
203980
72908
203981
72909
203982
72910
203983
72911
203984
72912
203985
72913
203986
72914
203987
72915
203988
72916
203989
72917
203990
72918
203991
72919
203992
72920
203993
72921
203994
72922
203995
72923
203996
72924
203997
72925
203998
72926
203999
72927
204000
72928
204001
72929
204002
72930
204003
72931
204004
72932
204005
72933
204006
72934
204007
72935
204008
72936
204009
204010
204011
204012
204013
204014
204015
204016
204017
204018
204019
204020
204021
204022
204023
204024
204025
204026
204027
204028
204029
204030
204031
204032
204033
204034
204035
204036
204037
204038
204039
204040
204041
204042
204043
204044
204045
204046
204047
204048
204049
204050
204051
204052
204053
204054
204055
204056
204057
204058
204059
204060
204061
204062
204063
204064
204065
204066
204067
204068
204069
204070
204071
204072
204073
204074
204075
204076
204077
204078
204079
204080
204081
204082
204083
204084
204085
204086
204087
204088
204089
204090
204091
204092
204093
204094
204095
204096
204097
204098
204099
204100
204101
204102
204103
204104
204105
204106
204107
204108
204109
204110
204111
204112
204113
204114
204115
204116
204117
204118
204119
204120
204121
204122
204123
204124
204125
204126
204127
204128
204129
204130
204131
204132
204133
204134
204135
204136
204137
204138
204139
204140
73068
204141
73069
204142
73070
204143
73071
204144
73072
204145
73073
204146
73074
204147
73075
204148
73076
204149
73077
204150
73078
204151
73079
204152
73080
204153
73081
204154
73082
204155
73083
204156
73084
204157
73085
204158
73086
204159
73087
204160
73088
204161
73089
204162
73090
204163
73091
204164
73092
204165
73093
204166
73094
204167
73095
204168
73096
204169
73097
204170
73098
204171
73099
204172
73100
204173
73101
204174
73102
204175
73103
204176
73104
204177
73105
204178
73106
204179
73107
204180
73108
204181
73109
204182
73110
204183
73111
204184
73112
204185
73113
204186
73114
204187
73115
204188
73116
204189
73117
204190
73118
204191
73119
204192
73120
204193
73121
204194
73122
204195
73123
204196
73124
204197
73125
204198
73126
204199
73127
204200
73128
204201
73129
204202
73130
204203
73131
204204
73132
204205
73133
204206
73134
204207
73135
204208
73136
204209
73137
204210
73138
204211
73139
204212
73140
204213
73141
204214
73142
204215
73143
204216
73144
204217
73145
204218
73146
204219
73147
204220
73148
204221
73149
204222
73150
204223
73151
204224
73152
204225
73153
204226
73154
73155
73156
73157
73158
73159
73160
73161
73162
73163
73164
73165
73166
204239
73167
204240
73168
204241
73169
204242
73170
204243
73171
204244
73172
204245
73173
204246
73174
204247
73175
204248
73176
204249
73177
204250
73178
204251
73179
204252
73180
204253
73181
204254
73182
204255
73183
204256
73184
204257
73185
204258
73186
204259
73187
204260
73188
204261
73189
204262
73190
204263
73191
204264
73192
204265
73193
204266
73194
204267
73195
204268
73196
204269
73197
204270
73198
204271
73199
204272
73200
204273
73201
204274
73202
204275
73203
204276
73204
204277
73205
204278
73206
204279
73207
204280
73208
204281
73209
204282
73210
204283
73211
204284
73212
204285
73213
204286
73214
204287
73215
204288
73216
204289
73217
204290
73218
204291
73219
204292
73220
204293
73221
204294
73222
204295
73223
204296
73224
204297
73225
204298
73226
204299
73227
204300
73228
204301
73229
204302
73230
204303
73231
204304
73232
204305
73233
204306
73234
204307
73235
204308
73236
204309
73237
204310
73238
204311
73239
204312
73240
204313
73241
204314
73242
204315
73243
204316
73244
204317
73245
204318
73246
204319
73247
204320
73248
204321
73249
204322
73250
204323
73251
204324
73252
204325
73253
204326
73254
204327
73255
204328
73256
204329
73257
204330
73258
204331
73259
204332
73260
204333
73261
204334
73262
204335
73263
204336
73264
204337
73265
204338
73266
204339
73267
204340
73268
204341
73269
204342
73270
204343
73271
204344
73272
204345
73273
204346
73274
204347
73275
204348
73276
204349
73277
204350
73278
204351
73279
204352
73280
204353
73281
204354
73282
204355
73283
204356
73284
204357
73285
204358
73286
204359
73287
204360
73288
204361
73289
204362
73290
204363
73291
204364
73292
204365
73293
73294
73295
73296
73297
73298
73299
73300
73301
73302
73303
73304
73305
73306
73307
73308
73309
73310
73311
204444
204445
204446
204447
204448
204449
204450
204451
204452
204453
204454
204455
204456
204457
204458
204459
204460
204461
204462
204463
204464
204465
204466
204467
204468
204469
204470
204471
204472
204473
204474
204475
204476
204477
204478
204479
204480
204481
204482
204483
204484
204485
204486
204487
204488
204489
204490
204491
204492
204493
204494
204495
204496
204497
204498
204499
204500
204501
204502
204503
204504
204505
204506
204507
204508
204509
204510
204511
204512
204513
204514
204515
204516
204517
204518
204519
204520
204521
204522
204523
204524
204525
204526
204527
204528
204529
204530
204531
204532
204533
204534
204535
204536
204537
204538
204539
204540
204541
204542
204543
204544
204545
204546
204547
204548
204549
204550
204551
204552
204553
204554
204555
204556
204557
204558
204559
204560
204561
204562
204563
204564
204565
204566
204567
204568
204569
204570
204571
204572
204573
204574
204575
204576
204577
204578
204579
204580
204581
204582
204583
204584
204585
204586
204587
204588
204589
204590
204591
204592
204593
204594
204595
204596
204597
204598
204599
204600
204601
204602
204603
204604
204605
204606
204607
204608
204609
204610
204611
204612
204613
204614
204615
204616
204617
204618
204619
204620
204621
204622
204623
204624
204625
204626
204627
204628
204629
204630
204631
204632
204633
204634
204635
204636
204637
204638
204639
204640
204641
204642
204643
204644
204645
204646
204647
204648
204649
204650
204651
204652
204653
204654
204655
204656
204657
204658
204659
204660
73588
204661
73589
204662
73590
204663
73591
204664
73592
204665
73593
204666
73594
204667
73595
204668
73596
204669
73597
204670
73598
204671
73599
204672
73600
204673
73601
204674
73602
204675
73603
204676
73604
204677
73605
204678
73606
204679
73607
204680
73608
204681
73609
204682
73610
204683
73611
204684
73612
204685
73613
204686
73614
204687
73615
204688
73616
204689
73617
204690
73618
204691
73619
204692
73620
204693
73621
204694
73622
204695
73623
204696
73624
204697
73625
204698
73626
204699
73627
204700
73628
204701
73629
204702
73630
204703
73631
204704
73632
204705
73633
204706
73634
204707
73635
204708
73636
204709
73637
204710
73638
204711
73639
204712
73640
204713
73641
204714
73642
204715
73643
204716
73644
204717
73645
204718
73646
204719
73647
204720
73648
204721
73649
204722
73650
204723
73651
204724
73652
204725
73653
204726
73654
204727
73655
204728
73656
204729
73657
204730
73658
204731
73659
204732
73660
204733
73661
204734
73662
204735
73663
204736
73664
204737
73665
204738
73666
73667
73668
73669
73670
73671
73672
73673
73674
73675
73676
73677
73678
204751
73679
204752
73680
204753
73681
204754
73682
204755
73683
204756
73684
204757
73685
204758
73686
204759
73687
204760
73688
204761
73689
204762
73690
204763
73691
204764
73692
204765
73693
204766
73694
204767
73695
204768
73696
204769
73697
204770
73698
204771
73699
204772
73700
204773
73701
204774
73702
204775
73703
204776
73704
204777
73705
204778
73706
204779
73707
204780
73708
204781
73709
204782
73710
204783
73711
204784
73712
204785
73713
204786
73714
204787
73715
204788
73716
204789
73717
204790
73718
204791
73719
204792
73720
204793
73721
204794
73722
204795
73723
204796
73724
204797
73725
204798
73726
204799
73727
204800
73728
204801
73729
204802
73730
204803
204804
204805
204806
204807
204808
204809
204810
204811
204812
204813
204814
204815
204816
204817
204818
204819
204820
204821
204822
204823
204824
204825
204826
204827
204828
204829
204830
204831
204832
204833
204834
204835
204836
204837
204838
204839
204840
204841
204842
204843
204844
204845
204846
204847
204848
204849
204850
204851
204852
204853
204933
204934
204935
204936
204937
204938
204939
204940
204941
204942
204943
204944
204945
204946
204947
204948
204949
204950
204951
204952
204953
204954
204955
204956
204957
204958
204959
204960
204961
204962
204963
204964
204965
204966
204967
73895
204968
73896
204969
73897
204970
73898
204971
73899
204972
73900
204973
73901
204974
73902
204975
73903
204976
73904
204977
73905
204978
73906
204979
73907
204980
73908
204981
73909
204982
73910
204983
73911
204984
73912
204985
73913
204986
73914
204987
73915
204988
73916
204989
73917
204990
73918
204991
73919
204992
73920
204993
73921
204994
73922
204995
73923
204996
73924
204997
73925
204998
73926
204999
73927
205000
73928
205001
73929
205002
73930
205003
73931
205004
73932
205005
73933
205006
73934
205007
73935
205008
73936
205009
73937
205010
73938
205011
73939
205012
73940
205013
73941
205014
73942
205015
73943
205016
73944
205017
73945
205018
73946
205019
73947
205020
73948
205021
73949
205022
73950
205023
73951
205024
73952
205025
73953
205026
73954
205027
73955
205028
73956
205029
73957
205030
73958
205031
73959
205032
73960
205033
73961
205034
73962
205035
73963
205036
73964
205037
73965
205038
73966
205039
73967
205040
73968
205041
73969
205042
73970
205043
73971
205044
73972
205045
73973
205046
73974
205047
73975
205048
73976
205049
73977
205050
73978
205051
73979
205052
73980
205053
73981
205054
73982
205055
205056
205057
205058
205059
205060
205061
205062
205063
205064
205065
205066
205067
205068
205069
205070
205071
205072
205073
205074
205075
205076
205077
205078
205079
205080
205081
205082
205083
205084
205085
205086
205087
205088
205089
205090
205091
205092
205093
205094
205095
205096
205097
205098
205099
205100
205101
205102
205103
205104
205105
205106
205107
205108
205109
205110
205111
205112
205113
205114
205115
205116
205117
205118
205119
205120
205121
205122
205123
205124
205125
205126
205127
205128
205129
205130
205131
205132
205133
205134
205135
205136
205137
205138
205139
205140
205141
205142
205143
205144
205145
205146
205147
205148
205149
205150
205151
205152
205153
205154
205155
205156
205157
205158
74086
205159
74087
205160
74088
205161
74089
205162
74090
205163
74091
205164
74092
205165
74093
205166
74094
205167
74095
205168
74096
205169
74097
205170
74098
205171
74099
205172
74100
205173
74101
205174
205175
205176
205177
205178
205179
205180
205181
205182
205183
205184
205185
205186
205187
205199
205200
205201
205202
205203
205204
205205
205206
74134
205207
74135
205208
74136
205209
74137
205210
74138
205211
74139
205212
74140
205213
74141
205214
74142
205215
74143
205216
74144
205217
74145
205218
74146
205219
74147
205220
74148
205221
74149
205222
74150
205223
74151
205224
74152
205225
74153
205226
74154
205227
74155
205228
74156
205229
74157
205230
74158
205231
74159
205232
74160
205233
74161
205234
74162
205235
74163
205236
74164
205237
74165
205238
74166
205239
74167
205240
74168
205241
74169
205242
74170
205243
74171
205244
74172
205245
74173
205246
74174
205247
74175
205248
74176
205249
74177
205250
74178
205251
74179
205252
74180
205253
74181
205254
74182
205255
74183
205256
74184
205257
74185
205258
74186
205259
74187
205260
74188
205261
74189
205262
205263
205264
205265
205266
205267
205268
205269
205270
205271
205272
205273
205274
205275
205276
205277
205278
205279
205280
205281
205282
205283
205284
205285
205286
205287
205288
205289
205290
74218
205291
74219
205292
74220
205293
74221
205294
74222
205295
74223
205296
74224
74225
74226
74227
74228
74229
74230
74231
74232
74233
74234
74235
74236
74237
74238
74243
74244
74245
74246
74247
74248
74249
74250
74251
74252
74253
74254
74255
74256
74257
74258
74259
74260
74261
74262
74263
205375
205376
205377
205378
205379
205380
205381
205382
205383
205384
205385
205386
205387
205388
205389
205390
205391
205392
205393
205394
205395
205396
205397
205398
205399
205400
205401
205402
205403
205404
205405
205406
205407
205408
205409
205410
205411
205412
205413
205414
205415
205416
205417
205418
205419
205420
205421
205422
205423
205424
205425
205426
205427
205428
205429
205430
205431
205432
205433
205434
205435
205436
205437
205438
205439
205440
205441
205442
205443
205444
205445
205446
205447
205448
205449
205450
205451
205452
205453
205454
205455
205456
205457
205458
205459
205460
205461
205462
205463
205464
205465
205466
205467
205468
205469
205470
205471
205472
205473
205474
205475
205476
205477
205478
205479
205480
205481
205482
205483
205484
205485
205486
205487
205488
205489
205490
205491
205492
205493
205494
205495
205496
205497
205498
205499
205500
205501
205502
205503
205504
205505
205506
205507
205508
205509
205510
205511
205512
205513
205514
205515
205516
205517
205518
205519
205520
205521
205522
205523
205524
205525
205526
205527
205528
205529
205530
205531
205532
205533
205534
205535
205536
205537
205538
205539
205540
205541
205542
205543
205544
205545
205546
205547
205548
205549
205550
205551
205552
205553
205554
205555
205556
205557
205558
205559
205560
205561
205562
205563
205564
205565
205566
205567
205568
205569
205570
205571
74499
205572
74500
205573
74501
205574
74502
205575
74503
205576
74504
205577
74505
74506
74507
74508
74509
74510
74511
74512
205590
205591
205592
205593
205594
205595
205596
205597
205598
205599
205600
205601
205602
205603
205604
205605
205606
205607
205608
205609
205610
205611
205612
205613
205614
205615
205616
205617
205618
205619
205620
205621
205622
205623
205624
74552
205625
74553
205626
74554
205627
74555
205628
74556
205629
74557
205630
74558
205631
74559
205632
74560
205633
74561
205634
74562
205635
74563
205636
205637
205638
205639
205640
205641
205642
205643
205644
205645
205646
205647
205648
205649
205650
205651
205652
205653
205654
205655
205656
205657
205658
205659
205660
205661
205662
205663
205664
205665
205666
205744
205745
205746
205747
205748
205749
205750
205751
205752
205753
205754
205755
205756
205757
205758
205759
205760
205761
205762
205763
205764
205765
205766
205767
205768
205769
205770
205771
205772
205773
205774
205775
205776
205777
205778
205779
205780
205781
205782
205783
205784
205785
205786
205787
205788
205789
205790
205791
205792
205793
205794
205795
205796
205797
205798
205799
205800
205801
205802
205803
205804
205805
205806
205807
205808
205809
205810
205811
205812
205813
205814
205815
205816
205817
205818
205819
205820
205821
205822
205823
205824
205825
205826
205827
205828
205829
205830
205831
205832
205833
205834
205835
205836
205837
205838
205839
205840
205841
205842
205843
205844
205845
205846
205847
205848
205849
205850
205851
205852
205853
205854
205855
205856
205857
205858
205859
205860
205861
205862
205863
205864
205865
205866
205867
205868
205869
205870
205871
205872
205873
205874
205875
205876
205877
205878
205879
205880
205881
205882
205883
205884
205885
205886
205887
205888
205889
205890
205891
205892
205893
205894
205895
205896
205897
205898
205899
205900
205901
205902
205903
205904
205905
205917
205918
205919
205920
205921
205922
205923
205924
205925
205926
205927
205928
205929
205930
205931
205932
205933
205934
74862
205935
74863
205936
74864
205937
74865
205938
74866
205939
205940
205941
205942
205943
205944
205945
205946
205947
205948
205949
205950
205951
205952
205953
205954
205955
205956
205957
205958
205959
205960
205961
205962
205963
205964
205965
205966
205967
205968
205969
205970
205971
205972
205973
205974
205975
205976
205977
205978
205979
205980
205981
205982
205983
205984
205985
205986
205987
205988
205989
206068
206069
206070
206071
206072
206073
206074
206075
206076
206077
206078
206079
206080
206081
206082
206083
206084
206085
206086
206087
206088
206089
206090
206091
206092
206093
206094
206095
206096
206097
206098
206099
206100
206101
206102
206103
206104
206105
206106
206107
206108
206109
206110
75038
206111
75039
206112
75040
206113
75041
206114
75042
206115
75043
206116
75044
206117
75045
206118
75046
206119
75047
206120
75048
206121
75049
206122
75050
206123
75051
206124
75052
206125
75053
206126
75054
206127
75055
206128
75056
206129
75057
206130
75058
206131
75059
206132
75060
206133
75061
206134
75062
206135
75063
206136
75064
206137
75065
206138
75066
206139
75067
206140
75068
206141
75069
206142
75070
206143
75071
206144
75072
206145
75073
206146
75074
206147
75075
206148
75076
206149
75077
206150
75078
206151
75079
206152
75080
206153
75081
206154
75082
206155
75083
206156
75084
206157
75085
206158
75086
206159
75087
206160
75088
206161
75089
206162
75090
206163
75091
206164
75092
206165
75093
206166
75094
206167
75095
206168
75096
206169
75097
206170
75098
206171
75099
206172
75100
206173
75101
206174
75102
206175
75103
206176
75104
206177
75105
206178
75106
206179
75107
75108
75109
75110
75111
75112
75113
75114
75115
75116
75117
75118
75119
206192
75120
206193
75121
206194
75122
206195
75123
206196
75124
206197
75125
206198
75126
206199
75127
206200
75128
206201
75129
206202
75130
206203
75131
206204
75132
206205
206206
206207
206208
206209
206210
206211
206212
206213
206214
206215
206216
206217
206218
206219
206220
206221
206222
206223
206224
206225
206226
206227
206228
206229
206230
206231
206232
206233
206234
206235
206236
206237
206238
206239
206240
206318
206319
206320
206321
206322
206323
206324
206325
75253
206326
75254
206327
75255
206328
75256
206329
75257
206330
75258
206331
75259
206332
75260
206333
75261
206334
75262
206335
75263
206336
75264
206337
75265
206338
75266
206339
75267
206340
75268
206341
75269
206342
75270
206343
75271
206344
75272
206345
75273
206346
75274
206347
75275
206348
75276
206349
75277
206350
75278
206351
75279
206352
75280
206353
75281
206354
75282
206355
75283
206356
75284
206357
75285
206358
75286
206359
75287
206360
75288
206361
75289
206362
75290
206363
75291
206364
75292
206365
75293
206366
75294
206367
75295
206368
75296
206369
75297
206370
75298
206371
75299
206372
75300
206373
75301
206374
75302
206375
75303
206376
75304
206377
75305
206378
75306
206379
75307
206380
75308
206381
75309
206382
75310
206383
75311
206384
75312
206385
75313
206386
75314
75315
75316
75317
75318
75319
75320
75321
75322
75323
75324
75325
206398
75326
206399
75327
206400
75328
206401
75329
206402
75330
206403
75331
206404
75332
206405
75333
206406
75334
206407
75335
206408
75336
206409
75337
206410
75338
206411
75339
206412
75340
75341
75342
75343
75344
75345
75346
75347
75348
75349
75350
75351
75352
75353
75354
75355
75356
75357
75358
75359
75360
75361
75362
75363
75364
75365
75366
75367
75368
75369
75370
75371
75372
75373
75374
75375
75376
75377
75378
75379
75380
75381
75382
75383
75384
75385
75386
75387
75388
75389
75390
75391
75392
75393
75394
75395
75396
75397
75398
75399
75400
75401
75402
75403
75404
75405
75406
75407
75408
75409
75410
75411
75412
75413
75414
75415
75416
75417
206490
75418
206491
75419
206492
75420
206493
75421
206494
75422
206495
75423
206496
75424
206497
75425
75426
75427
75428
75429
75430
75431
75432
75433
75434
75435
75436
75437
75438
75439
75440
75441
75442
75443
75444
75445
75446
75447
75448
75449
75450
75451
75452
75453
75454
75455
75456
75457
75458
75459
75460
75461
75462
75463
75464
75465
75466
75467
75468
75469
75470
75471
75472
75473
75474
75475
75476
75477
75478
75479
75480
75481
75482
75483
75484
75485
75486
75487
75488
75489
75490
75491
75492
75493
75494
75495
75496
75497
75498
75499
75500
75501
75502
75503
75504
75505
75506
75507
75508
75509
75510
75511
75512
75513
75514
75802
75803
75804
75805
75806
75807
75808
75809
75810
75811
75812
75813
75814
75815
75816
75817
75818
75819
75820
75821
75822
75823
75824
75825
75826
75827
75828
75829
75830
75831
75832
75833
75834
75835
75836
75837
75838
75839
75840
75841
75842
75843
75844
75845
75846
75847
75848
75849
75850
75851
75852
75853
75854
75855
75856
75857
75858
75859
75860
75861
75862
75863
75864
75865
75866
75867
75868
75869
75870
75871
75872
75873
75874
75875
75876
75877
75878
75879
75880
75881
75882
75883
75884
75885
75886
75887
75888
75889
75890
75891
75892
75893
75894
75895
75896
75897
75898
75899
75900
75901
75902
75903
75904
75905
75906
75907
75908
75909
75910
75911
75912
75913
75914
75915
75916
75917
75918
75919
75920
75921
75922
75923
75924
75925
75926
75927
75928
75929
75930
75931
75932
75933
75934
75935
75936
75937
75938
75939
75940
75941
75942
75943
75944
75945
75946
75947
75948
75949
75950
75951
75952
75953
75954
76122
76123
76124
76125
76126
76127
76128
76129
76130
76131
76132
76133
76134
76135
76136
76137
76138
76139
76140
76141
76142
76143
76144
76145
76146
76147
76148
76149
76150
76151
76152
76153
76154
76155
76156
76157
76158
76159
76160
76161
76162
76163
76164
76165
76166
76167
76168
76169
76170
76171
76172
76173
76174
76175
76176
76177
76178
76179
76180
76181
76182
76183
76184
76185
76186
76187
76188
76189
76190
76191
76192
76193
76194
76195
76196
76197
76198
76199
76200
76201
76202
76203
76204
76205
76206
76207
76208
76209
76210
76211
76310
76311
76312
76313
76314
76315
76316
76317
76318
76319
76320
76321
76322
76323
76324
76325
76326
76360
76361
76362
76363
76364
76365
76366
76367
76368
76369
76370
76371
76372
76373
76374
76375
76376
76377
76378
76379
76380
76381
76382
76383
76384
76385
76386
76387
76388
76389
76390
76391
76392
76393
76394
76395
76396
76397
76398
76399
76400
76401
76402
76403
76404
76405
76406
76407
76408
76409
76410
76437
76438
76439
76440
76441
76442
76443
76444
76445
76446
76447
76448
76449
76450
76451
76452
76453
76454
76455
76456
76457
76460
76461
76462
76463
76464
76465
76466
76467
76468
76469
76470
76471
76472
76473
76474
76475
76476
76477
76478
76479
76742
76743
76744
76745
76746
76747
76748
76749
76750
76751
76752
76753
76790
76791
76792
76793
76794
76795
76796
76797
76798
76799
77114
77115
77116
77117
77287
77288
77289
77290
77291
77292
77293
77294
77295
77296
77297
77298
77299
77300
77301
77302
77303
77304
77305
77306
77307
77308
77309
77310
77311
77312
77313
77314
77315
77316
77317
77318
77319
77320
77321
77322
77323
77324
77325
77326
77327
77328
77329
77330
77331
77332
77333
77334
77335
77336
77337
77338
77339
77340
77341
77342
77343
77344
77345
77346
77347
77348
77349
77350
77351
77352
77353
77354
77355
77356
77357
77358
77359
77360
77361
77362
77363
77364
77365
77366
77367
77368
77369
77370
77371
77372
77487
77488
77489
77490
77491
77492
77493
77494
77495
77496
77497
77498
77499
77500
77501
77502
77503
77504
77505
77506
77507
77508
77509
77510
77511
77512
77513
77514
77515
77516
77517
77518
77519
77520
77521
77522
77523
77524
77525
77526
77527
77528
77529
77530
77531
77532
77533
77534
77535
77536
77537
77538
77539
77540
77541
77542
77543
77544
77545
77546
77547
77548
77549
77550
77551
77552
77553
77554
77555
77556
77557
77558
77559
77560
77561
77562
77563
77564
77565
77566
77567
77568
77569
77570
77571
77572
77573
77574
77575
77576
77577
77578
77579
77580
77581
77582
77583
77584
77585
77586
77587
77588
77589
77590
77591
77592
77593
77594
77595
77596
77597
77598
77599
77600
77601
77602
77603
77604
77605
77606
77607
77608
77609
77610
77611
77612
77613
77614
77615
77616
77617
77618
77619
77620
77621
77622
77623
77624
77625
77626
77627
77628
77629
77630
77631
77632
77633
77634
77635
77636
77637
77638
77639
77640
77641
77642
77643
77644
77645
77646
77647
77648
77649
77650
77651
77652
77653
77654
77655
77656
77657
77658
77659
77660
77661
77662
77663
77664
77665
77666
77667
77668
77669
77670
77671
77672
77673
77674
77675
77676
77677
77678
77679
77680
77681
77682
77683
77684
77685
77686
77687
77688
77689
77690
77691
77692
77693
77694
77695
77696
77697
77698
77699
77700
77701
77702
77703
77704
77705
77706
77707
77708
77709
77710
77711
77712
77713
77714
77715
77716
77717
77718
77719
77720
77721
77722
77723
77724
77725
77726
77727
77728
77729
77730
77731
77732
77733
77734
77735
77736
77737
77738
77739
77740
77741
77742
77743
77744
77745
77746
77747
77748
77749
77750
77751
77752
77753
77754
77755
77756
77757
77758
78052
78053
78054
78055
78056
78057
78058
78059
78060
78061
78062
78063
78064
78065
78066
78067
78068
78069
78070
78071
78072
78073
78074
78075
78076
78077
78078
78079
78080
78081
78082
78083
78084
78085
78086
78087
78088
78089
78090
78091
78092
78093
78094
78095
78096
78097
78098
78099
78100
78101
78102
78103
78104
78105
78106
78107
78108
78109
78110
78111
78112
78113
78114
78115
78116
78117
78118
78119
78120
78121
78122
78123
78124
78125
78126
78127
78128
78129
78130
78131
78132
78133
78134
78135
78136
78137
78138
78139
78140
78141
78142
78143
78144
78145
78146
78147
78148
78149
78150
78151
78152
78153
78154
78155
78156
78157
78158
78159
78160
78161
78162
78163
78164
78165
78166
78167
78168
78169
78170
78171
78172
78173
78174
78175
78176
78177
78178
78179
78180
78181
78182
78183
78184
78185
78186
78187
78188
78189
78190
78191
78192
78193
78194
78195
78196
78197
78198
78199
78200
78201
78202
78203
78204
78205
78206
78207
78208
78209
78210
78211
78381
78382
78383
78384
78385
78386
78387
78388
78389
78390
78391
78392
78393
78394
78395
78396
78397
78398
78399
78400
78401
78402
78403
78404
78405
78406
78407
78408
78409
78410
78411
78412
78413
78414
78415
78416
78417
78418
78419
78420
78421
78422
78423
78424
78425
78426
78427
78428
78429
78430
78431
78432
78433
78434
78435
78436
78437
78438
78439
78440
78441
78442
78443
78444
78445
78446
78447
78448
78449
78450
78451
78452
78453
78454
78455
78456
78457
78458
78459
78460
78461
78462
78463
78464
78465
78466
78467
78468
78469
78470
78471
78472
78569
78570
78571
78572
78573
78574
78575
78576
78577
78578
78579
78580
78581
78582
78583
78584
78585
78617
78618
78619
78620
78621
78622
78623
78624
78625
78626
78627
78628
78629
78630
78631
78632
78633
78634
78635
78636
78637
78638
78639
78640
78641
78642
78643
78644
78645
78646
78647
78648
78649
78650
78651
78652
78653
78654
78655
78656
78681
78682
78683
78684
78685
78686
78687
78688
78689
78690
78691
78692
78693
78694
78695
78696
78697
78698
78699
78700
78701
78704
78705
78706
78707
78708
78709
78710
78711
78712
78713
78714
78715
78716
78717
78718
78719
78720
78721
78722
78723
79023
79024
79025
79026
79027
79028
79029
79030
79031
79032
79058
79059
79060
79061
79062
79063
79064
79065
79388
79389
79390
79391
79570
79571
79572
79573
79574
79575
79576
79577
79578
79579
79580
79581
79582
79583
79584
79585
79586
79587
79588
79589
79590
79591
79592
79593
79594
79595
79596
79597
79598
79599
79600
79601
79602
79603
79604
79605
79606
79607
79608
79609
79610
79611
79612
79613
79614
79615
79616
79617
79618
79619
79620
79621
79622
79623
79624
79625
79626
79627
79628
79629
79630
79631
79632
79633
79634
79635
79636
79637
79638
79639
79640
79641
79642
79643
79644
79645
79646
79647
79648
79649
79650
79651
79652
79766
79767
79768
79769
79770
79771
79772
79773
79774
79775
79776
79777
79778
79779
79780
79781
79782
79783
79784
79785
79786
79787
79788
79789
79790
79791
79792
79793
79794
79795
79796
79797
79798
79799
79800
79801
79802
79803
79804
79805
79806
79807
79808
79809
79810
79811
79812
79813
79814
79815
79816
79817
79818
79819
79820
79821
79822
79823
79824
79825
79826
79827
79828
79829
79830
79831
79832
79833
79834
79835
79836
79837
79838
79839
79840
79841
79842
79843
79844
79845
79846
79847
79848
79849
79850
79851
79852
79853
79854
79855
79856
79857
79858
79859
79860
79861
79862
79863
79864
79865
79866
79867
79868
79869
79870
79871
79872
79873
79874
79875
79876
79877
79878
79879
79880
79881
79882
79883
79884
79885
79886
79887
79888
79889
79890
79891
79892
79893
79894
79895
79896
79897
79898
79899
79900
79901
79902
79903
79904
79905
79906
79907
79908
79909
79910
79911
79912
79913
79914
79915
79916
79917
79918
79919
79920
79921
79922
79923
79924
79925
79926
79927
79928
79929
79930
79931
79932
79933
79934
79935
79936
79937
79938
79939
79940
79941
79942
79943
79944
79945
79946
79947
79948
79949
79950
79951
79952
79953
79954
79955
79956
79957
79958
79959
79960
79961
79962
79963
79964
79965
79966
79967
79968
79969
79970
79971
79972
79973
79974
79975
79976
79977
79978
79979
79980
79981
79982
79983
79984
79985
79986
79987
79988
79989
79990
79991
79992
79993
79994
79995
79996
79997
79998
79999
80000
80001
80002
80003
80004
80005
80006
80007
80008
80009
80010
80011
80012
80013
80014
80015
80016
80017
80018
80019
80020
80021
80022
80023
80024
80025
80026
80027
80028
80029
80030
80031
80032
80033
80034
80035
80036
80037
80038
80039
80040
80041
80042
80043
80044
80045
80046
80350
80351
80352
80353
80354
80355
80356
80357
80358
80359
80360
80361
80362
80363
80364
80365
80366
80367
80368
80369
80370
80371
80372
80373
80374
80375
80376
80377
80378
80379
80380
80381
80382
80383
80384
80385
80386
80387
80388
80389
80390
80391
80392
80393
80394
80395
80396
80397
80398
80399
80400
80401
80402
80403
80404
80405
80406
80407
80408
80409
80410
80411
80412
80413
80414
80415
80416
80417
80418
80419
80420
80421
80422
80423
80424
80425
80426
80427
80428
80429
80430
80431
80432
80433
80434
80435
80436
80437
80438
80439
80440
80441
80442
80443
80444
80445
80446
80447
80448
80449
80450
80451
80452
80453
80454
80455
80456
80457
80458
80459
80460
80461
80462
80463
80464
80465
80466
80467
80468
80469
80470
80471
80472
80473
80474
80475
80476
80477
80478
80479
80480
80481
80482
80483
80484
80485
80486
80487
80488
80489
80490
80491
80492
80493
80494
80495
80496
80497
80498
80499
80500
80501
80502
80503
80504
80505
80506
80507
80508
80509
80510
80511
80512
80513
80514
80515
80516
80517
80690
80691
80692
80693
80694
80695
80696
80697
80698
80699
80700
80701
80702
80703
80704
80705
80706
80707
80708
80709
80710
80711
80712
80713
80714
80715
80716
80717
80718
80719
80720
80721
80722
80723
80724
80725
80726
80727
80728
80729
80730
80731
80732
80733
80734
80735
80736
80737
80738
80739
80740
80741
80742
80743
80744
80745
80746
80747
80748
80749
80750
80751
80752
80753
80754
80755
80756
80757
80758
80759
80760
80761
80762
80763
80764
80765
80766
80767
80768
80769
80770
80771
80772
80773
80774
80775
80776
80777
80778
80779
80780
80781
80782
80783
80881
80882
80883
80884
80885
80886
80887
80888
80889
80890
80891
80892
80893
80894
80895
80896
80897
80898
80929
80930
80931
80932
80933
80934
80935
80936
80937
80938
80939
80940
80941
80942
80943
80944
80945
80946
80947
80948
80949
80950
80951
80952
80953
80954
80955
80956
80957
80958
80959
80960
80961
80962
80963
80964
80965
80982
80983
80984
80985
80986
80987
80988
80989
80990
80991
80992
80993
80994
80995
80996
80997
80998
80999
81000
81001
81002
81003
81004
81005
81006
81007
81008
81009
81010
81011
81012
81013
81014
81015
81016
81017
81018
81019
81020
81021
81022
81023
81340
81341
81342
81343
81344
81345
81346
81347
81370
81371
81372
81373
81374
81375
81707
81708
81709
81710
81903
81904
81905
81906
81907
81908
81909
81910
81911
81912
81913
81914
81915
81916
81917
81918
81919
81920
81921
81922
81923
81924
81925
81926
81927
81928
81929
81930
81931
81932
81933
81934
81935
81936
81937
81938
81939
81940
81941
81942
81943
81944
81945
81946
81947
81948
81949
81950
81951
81952
81953
81954
81955
81956
81957
81958
81959
81960
81961
81962
81963
81964
81965
81966
81967
81968
81969
81970
81971
81972
81973
81974
81975
81976
81977
81978
81979
82085
82086
82087
82088
82089
82090
82091
82092
82093
82094
82095
82096
82097
82098
82099
82100
82101
82102
82103
82104
82105
82106
82107
82108
82109
82110
82111
82112
82113
82114
82115
82116
82117
82118
82119
82120
82121
82122
82123
82124
82125
82126
82127
82128
82129
82130
82131
82132
82133
82134
82135
82136
82137
82138
82139
82140
82141
82142
82143
82144
82145
82146
82147
82148
82149
82150
82151
82152
82153
82154
82155
82156
82157
82158
82159
82160
82161
82162
82163
82164
82165
82166
82167
82168
82169
82170
82171
82172
82173
82174
82175
82176
82177
82178
82179
82180
82181
82182
82183
82184
82185
82186
82187
82188
82189
82190
82191
82192
82193
82194
82195
82196
82197
82198
82199
82200
82201
82202
82203
82204
82205
82206
82207
82208
82209
82210
82211
82212
82213
82214
82215
82216
82217
82218
82219
82220
82221
82222
82223
82224
82225
82226
82227
82228
82229
82230
82231
82232
82233
82234
82235
82236
82237
82238
82239
82240
82241
82242
82243
82244
82245
82246
82247
82248
82249
82250
82251
82252
82253
82254
82255
82256
82257
82258
82259
82260
82261
82262
82263
82264
82265
82266
82267
82268
82269
82270
82271
82272
82273
82274
82275
82276
82277
82278
82279
82280
82281
82282
82283
82284
82285
82286
82287
82288
82289
82290
82291
82292
82293
82294
82295
82296
82297
82298
82299
82300
82301
82302
82303
82304
82305
82306
82307
82308
82309
82310
82311
82312
82313
82314
82315
82316
82317
82318
82319
82320
82321
82322
82323
82324
82325
82326
82327
82328
82329
82330
82331
82332
82333
82334
82335
82336
82337
82338
82339
82340
82341
82342
82343
82344
82345
82346
82347
82348
82349
82350
82351
82352
82353
82354
82355
82356
82357
82358
82359
82360
82361
82362
82363
82364
82365
82366
82367
82368
82369
82370
82371
82372
82373
82680
82681
82682
82683
82684
82685
82686
82687
82688
82689
82690
82691
82692
82693
82694
82695
82696
82697
82698
82699
82700
82701
82702
82703
82704
82705
82706
82707
82708
82709
82710
82711
82712
82713
82714
82715
82716
82717
82718
82719
82720
82721
82722
82723
82724
82725
82726
82727
82728
82729
82730
82731
82732
82733
82734
82735
82736
82737
82738
82739
82740
82741
82742
82743
82744
82745
82746
82747
82748
82749
82750
82751
82752
82753
82754
82755
82756
82757
82758
82759
82760
82761
82762
82763
82764
82765
82766
82767
82768
82769
82770
82771
82772
82773
82774
82775
82776
82777
82778
82779
82780
82781
82782
82783
82784
82785
82786
82787
82788
82789
82790
82791
82792
82793
82794
82795
82796
82797
82798
82799
82800
82801
82802
82803
82804
82805
82806
82807
82808
82809
82810
82811
82812
82813
82814
82815
82816
82817
82818
82819
82820
82821
82822
82823
82824
82825
82826
82827
82828
82829
82830
82831
82832
82833
82834
82835
82836
82837
82838
82839
82840
82841
82842
82843
82844
82845
82846
82847
83021
83022
83023
83024
83025
83026
83027
83028
83029
83030
83031
83032
83033
83034
83035
83036
83037
83038
83039
83040
83041
83042
83043
83044
83045
83046
83047
83048
83049
83050
83051
83052
83053
83054
83055
83056
83057
83058
83059
83060
83061
83062
83063
83064
83065
83066
83067
83068
83069
83070
83071
83072
83073
83074
83075
83076
83077
83078
83079
83080
83081
83082
83083
83084
83085
83086
83087
83088
83089
83090
83091
83092
83093
83094
83095
83096
83097
83098
83099
83100
83101
83102
83103
83104
83105
83106
83107
83108
83109
83110
83111
83214
83215
83216
83217
83218
83219
83220
83221
83222
83223
83224
83225
83226
83227
83228
83229
83259
83260
83261
83262
83263
83264
83265
83266
83267
83268
83269
83270
83271
83272
83273
83274
83275
83276
83277
83278
83279
83280
83281
83282
83283
83284
83285
83286
83287
83288
83289
83290
83291
83292
83306
83307
83308
83309
83310
83311
83312
83313
83314
83315
83316
83317
83318
83319
83320
83321
83322
83323
83324
83325
83326
83327
83328
83329
83330
83331
83332
83333
83334
83335
83336
83337
83338
83339
83340
83341
83342
83343
83344
83345
83683
83684
83685
83686
83687
83688
83689
83708
83709
83710
83711
84045
84046
84047
84048
84248
84249
84250
84251
84252
84253
84254
84255
84256
84257
84258
84259
84260
84261
84262
84263
84264
84265
84266
84267
84268
84269
84270
84271
84272
84273
84274
84275
84276
84277
84278
84279
84280
84281
84282
84283
84284
84285
84286
84287
84288
84289
84290
84291
84292
84293
84294
84295
84296
84297
84298
84299
84300
84301
84302
84303
84304
84305
84306
84307
84308
84309
84310
84311
84312
84313
84314
84315
84316
84317
84318
84407
84408
84409
84410
84411
84412
84413
84414
84415
84416
84417
84418
84419
84420
84421
84422
84423
84424
84425
84426
84427
84428
84429
84430
84431
84432
84433
84434
84435
84436
84437
84438
84439
84440
84441
84442
84443
84444
84445
84446
84447
84448
84449
84450
84451
84452
84453
84454
84455
84456
84457
84458
84459
84460
84461
84462
84463
84464
84465
84466
84467
84468
84469
84470
84471
84472
84473
84474
84475
84476
84477
84478
84479
84480
84481
84482
84483
84484
84485
84486
84487
84488
84489
84490
84491
84492
84493
84494
84495
84496
84497
84498
84499
84500
84501
84502
84503
84504
84505
84506
84507
84508
84509
84510
84511
84512
84513
84514
84515
84516
84517
84518
84519
84520
84521
84522
84523
84524
84525
84526
84527
84528
84529
84530
84531
84532
84533
84534
84535
84536
84537
84538
84539
84540
84541
84542
84543
84544
84545
84546
84547
84548
84549
84550
84551
84552
84553
84554
84555
84556
84557
84558
84559
84560
84561
84562
84563
84564
84565
84566
84567
84568
84569
84570
84571
84572
84573
84574
84575
84576
84577
84578
84579
84580
84581
84582
84583
84584
84585
84586
84587
84588
84589
84590
84591
84592
84593
84594
84595
84596
84597
84598
84599
84600
84601
84602
84603
84604
84605
84606
84607
84608
84609
84610
84611
84612
84613
84614
84615
84616
84617
84618
84619
84620
84621
84622
84623
84624
84625
84626
84627
84628
84629
84630
84631
84632
84633
84634
84635
84636
84637
84638
84639
84640
84641
84642
84643
84644
84645
84646
84647
84648
84649
84650
84651
84652
84653
84654
84655
84656
84657
84658
84659
84660
84661
84662
84663
84664
84665
84666
84667
84668
84669
84670
84671
84672
84673
84674
84675
84676
84677
84678
84679
84680
84681
84682
84683
84684
84685
84686
84687
84688
84689
84690
84691
84692
84693
84694
84695
84696
84697
84698
84699
84700
84701
85006
85007
85008
85009
85010
85011
85012
85013
85014
85015
85016
85017
85018
85019
85020
85021
85022
85023
85024
85025
85026
85027
85028
85029
85030
85031
85032
85033
85034
85035
85036
85037
85038
85039
85040
85041
85042
85043
85044
85045
85046
85047
85048
85049
85050
85051
85052
85053
85054
85055
85056
85057
85058
85059
85060
85061
85062
85063
85064
85065
85066
85067
85068
85069
85070
85071
85072
85073
85074
85075
85076
85077
85078
85079
85080
85081
85082
85083
85084
85085
85086
85087
85088
85089
85090
85091
85092
85093
85094
85095
85096
85097
85098
85099
85100
85101
85102
85103
85104
85105
85106
85107
85108
85109
85110
85111
85112
85113
85114
85115
85116
85117
85118
85119
85120
85121
85122
85123
85124
85125
85126
85127
85128
85129
85130
85131
85132
85133
85134
85135
85136
85137
85138
85139
85140
85141
85142
85143
85144
85145
85146
85147
85148
85149
85150
85151
85152
85153
85154
85155
85156
85157
85158
85159
85160
85161
85162
85163
85164
85165
85166
85167
85168
85169
85170
85171
85172
85173
85174
85175
85176
85177
85178
85179
85180
85181
85182
85363
85364
85365
85366
85367
85368
85369
85370
85371
85372
85373
85374
85375
85376
85377
85378
85379
85380
85381
85382
85383
85384
85385
85386
85387
85388
85389
85390
85391
85392
85393
85394
85395
85396
85397
85398
85399
85400
85401
85402
85403
85404
85405
85406
85407
85408
85409
85410
85411
85412
85413
85414
85415
85416
85417
85418
85419
85420
85421
85422
85423
85424
85425
85426
85427
85428
85429
85430
85431
85432
85433
85434
85435
85436
85437
85438
85439
85440
85441
85442
85443
85444
85445
85446
85447
85448
85449
85450
85451
85452
85453
85454
85557
85558
85559
85560
85561
85562
85563
85564
85565
85566
85567
85568
85569
85570
85571
85600
85601
85602
85603
85604
85605
85606
85607
85608
85609
85610
85611
85612
85613
85614
85615
85616
85617
85618
85619
85620
85621
85622
85623
85624
85625
85626
85627
85628
85629
85630
85631
85632
85633
85644
85645
85646
85647
85648
85649
85650
85651
85652
85653
85654
85655
85656
85657
85658
85659
85660
85661
85662
85663
85664
85665
85666
85667
85668
85669
85670
85671
85672
85673
85674
85675
85676
85677
85678
85679
86031
86032
86033
86034
86035
86036
86051
86052
86387
86388
86389
86390
86606
86607
86608
86609
86610
86611
86612
86613
86614
86615
86616
86617
86618
86619
86620
86621
86622
86623
86624
86625
86626
86627
86628
86629
86630
86631
86632
86633
86634
86635
86636
86637
86638
86639
86640
86641
86642
86643
86644
86645
86646
86647
86648
86649
86650
86651
86652
86653
86654
86655
86656
86657
86658
86659
86660
86661
86662
86663
86664
86665
86666
86667
86668
86669
86670
86671
86672
86673
86754
86755
86756
86757
86758
86759
86760
86761
86762
86763
86764
86765
86766
86767
86768
86769
86770
86771
86772
86773
86774
86775
86776
86777
86778
86779
86780
86781
86782
86783
86784
86785
86786
86787
86788
86789
86790
86791
86792
86793
86794
86795
86796
86797
86798
86799
86800
86801
86802
86803
86804
86805
86806
86807
86808
86809
86810
86811
86812
86813
86814
86815
86816
86817
86818
86819
86820
86821
86822
86823
86824
86825
86826
86827
86828
86829
86830
86831
86832
86833
86834
86835
86836
86837
86838
86839
86840
86841
86842
86843
86844
86845
86846
86847
86848
86849
86850
86851
86852
86853
86854
86855
86856
86857
86858
86859
86860
86861
86862
86863
86864
86865
86866
86867
86868
86869
86870
86871
86872
86873
86874
86875
86876
86877
86878
86879
86880
86881
86882
86883
86884
86885
86886
86887
86888
86889
86890
86891
86892
86893
86894
86895
86896
86897
86898
86899
86900
86901
86902
86903
86904
86905
86906
86907
86908
86909
86910
86911
86912
86913
86914
86915
86916
86917
86918
86919
86920
86921
86922
86923
86924
86925
86926
86927
86928
86929
86930
86931
86932
86933
86934
86935
86936
86937
86938
86939
86940
86941
86942
86943
86944
86945
86946
86947
86948
86949
86950
86951
86952
86953
86954
86955
86956
86957
86958
86959
86960
86961
86962
86963
86964
86965
86966
86967
86968
86969
86970
86971
86972
86973
86974
86975
86976
86977
86978
86979
86980
86981
86982
86983
86984
86985
86986
86987
86988
86989
86990
86991
86992
86993
86994
86995
86996
86997
86998
86999
87000
87001
87002
87003
87004
87005
87006
87007
87008
87009
87010
87011
87012
87013
87014
87015
87016
87017
87018
87019
87020
87021
87022
87023
87024
87025
87026
87027
87028
87029
87030
87031
87032
87033
87034
87035
87036
87037
87038
87039
87040
87041
87042
87043
87044
87045
87046
87047
87048
87049
87050
87051
87052
87053
87054
87055
87056
87057
87381
87382
87383
87384
87385
87386
87387
87388
87389
87390
87391
87392
87393
87394
87395
87396
87397
87398
87399
87400
87401
87402
87403
87404
87405
87406
87407
87408
87409
87410
87411
87412
87413
87414
87415
87416
87417
87418
87419
87420
87421
87422
87423
87424
87425
87426
87427
87428
87429
87430
87431
87432
87433
87434
87435
87436
87437
87438
87439
87440
87441
87442
87443
87444
87445
87446
87447
87448
87449
87450
87451
87452
87453
87454
87455
87456
87457
87458
87459
87460
87461
87462
87463
87464
87465
87466
87467
87468
87469
87470
87471
87472
87473
87474
87475
87476
87477
87478
87479
87480
87481
87482
87483
87484
87485
87486
87487
87488
87489
87490
87491
87492
87493
87494
87495
87496
87497
87498
87499
87500
87501
87502
87503
87504
87505
87506
87507
87508
87509
87510
87511
87512
87513
87514
87515
87516
87517
87518
87519
87520
87521
87522
87523
87524
87525
87526
87527
87528
87529
87530
87531
87532
87533
87534
87535
87536
87537
87538
87539
87540
87541
87542
87543
87544
87545
87546
87547
87548
87549
87550
87551
87552
87553
87554
87555
87556
87557
87558
87559
87560
87561
87562
87563
87752
87753
87754
87755
87756
87757
87758
87759
87760
87761
87762
87763
87764
87765
87766
87767
87768
87769
87770
87771
87772
87773
87774
87775
87776
87777
87778
87779
87780
87781
87782
87783
87784
87785
87786
87787
87788
87789
87790
87791
87792
87793
87794
87795
87796
87797
87798
87799
87800
87801
87802
87803
87804
87805
87806
87807
87808
87809
87810
87811
87812
87813
87814
87815
87816
87817
87818
87819
87820
87821
87822
87823
87824
87825
87826
87827
87828
87829
87830
87831
87832
87833
87834
87835
87836
87837
87838
87839
87840
87940
87941
87942
87943
87944
87945
87946
87947
87948
87949
87950
87951
87952
87980
87981
87982
87983
87984
87985
87986
87987
87988
87989
87990
87991
87992
87993
87994
87995
87996
87997
87998
87999
88000
88001
88002
88003
88004
88005
88006
88007
88008
88009
88010
88011
88012
88013
88023
88024
88025
88026
88027
88028
88029
88030
88031
88032
88033
88034
88035
88036
88037
88038
88039
88040
88041
88042
88043
88044
88045
88046
88047
88048
88049
88050
88051
88052
88053
88054
88055
88056
88057
88058
88428
88429
88430
88431
88432
88444
88793
88794
88795
88796
89013
89014
89015
89016
89017
89018
89019
89020
89021
89022
89023
89024
89025
89026
89027
89028
89029
89030
89031
89032
89033
89034
89035
89036
89037
89038
89039
89040
89041
89042
89043
89044
89045
89046
89047
89048
89049
89050
89051
89052
89053
89054
89055
89056
89057
89058
89059
89060
89061
89062
89063
89064
89065
89066
89067
89068
89069
89070
89071
89072
89073
89147
89148
89149
89150
89151
89152
89153
89154
89155
89156
89157
89158
89159
89160
89161
89162
89163
89164
89165
89166
89167
89168
89169
89170
89171
89172
89173
89174
89175
89176
89177
89178
89179
89180
89181
89182
89183
89184
89185
89186
89187
89188
89189
89190
89191
89192
89193
89194
89195
89196
89197
89198
89199
89200
89201
89202
89203
89204
89205
89206
89207
89208
89209
89210
89211
89212
89213
89214
89215
89216
89217
89218
89219
89220
89221
89222
89223
89224
89225
89226
89227
89228
89229
89230
89231
89232
89233
89234
89235
89236
89237
89238
89239
89240
89241
89242
89243
89244
89245
89246
89247
89248
89249
89250
89251
89252
89253
89254
89255
89256
89257
89258
89259
89260
89261
89262
89263
89264
89265
89266
89267
89268
89269
89270
89271
89272
89273
89274
89275
89276
89277
89278
89279
89280
89281
89282
89283
89284
89285
89286
89287
89288
89289
89290
89291
89292
89293
89294
89295
89296
89297
89298
89299
89300
89301
89302
89303
89304
89305
89306
89307
89308
89309
89310
89311
89312
89313
89314
89315
89316
89317
89318
89319
89320
89321
89322
89323
89324
89325
89326
89327
89328
89329
89330
89331
89332
89333
89334
89335
89336
89337
89338
89339
89340
89341
89342
89343
89344
89345
89346
89347
89348
89349
89350
89351
89352
89353
89354
89355
89356
89357
89358
89359
89360
89361
89362
89363
89364
89365
89366
89367
89368
89369
89370
89371
89372
89373
89374
89375
89376
89377
89378
89379
89380
89381
89382
89383
89384
89385
89386
89387
89388
89389
89390
89391
89392
89393
89394
89395
89396
89397
89398
89399
89400
89401
89402
89403
89404
89405
89406
89407
89408
89409
89410
89411
89412
89413
89414
89415
89416
89417
89418
89419
89420
89421
89422
89423
89424
89425
89426
89427
89428
89429
89430
89431
89432
89433
89434
89435
89436
89437
89438
89439
89440
89441
89442
89443
89444
89445
89446
89447
89448
89449
89450
89451
89452
89453
89454
89455
89456
89780
89781
89782
89783
89784
89785
89786
89787
89788
89789
89790
89791
89792
89793
89794
89795
89796
89797
89798
89799
89800
89801
89802
89803
89804
89805
89806
89807
89808
89809
89810
89811
89812
89813
89814
89815
89816
89817
89818
89819
89820
89821
89822
89823
89824
89825
89826
89827
89828
89829
89830
89831
89832
89833
89834
89835
89836
89837
89838
89839
89840
89841
89842
89843
89844
89845
89846
89847
89848
89849
89850
89851
89852
89853
89854
89855
89856
89857
89858
89859
89860
89861
89862
89863
89864
89865
89866
89867
89868
89869
89870
89871
89872
89873
89874
89875
89876
89877
89878
89879
89880
89881
89882
89883
89884
89885
89886
89887
89888
89889
89890
89891
89892
89893
89894
89895
89896
89897
89898
89899
89900
89901
89902
89903
89904
89905
89906
89907
89908
89909
89910
89911
89912
89913
89914
89915
89916
89917
89918
89919
89920
89921
89922
89923
89924
89925
89926
89927
89928
89929
89930
89931
89932
89933
89934
89935
89936
89937
89938
89939
89940
89941
89942
89943
89944
89945
89946
89947
89948
89949
89950
89951
89952
89953
89954
89955
89956
89957
89958
89959
89960
89961
89962
89963
90148
90149
90150
90151
90152
90153
90154
90155
90156
90157
90158
90159
90160
90161
90162
90163
90164
90165
90166
90167
90168
90169
90170
90171
90172
90173
90174
90175
90176
90177
90178
90179
90180
90181
90182
90183
90184
90185
90186
90187
90188
90189
90190
90191
90192
90193
90194
90195
90196
90197
90198
90199
90200
90201
90202
90203
90204
90205
90206
90207
90208
90209
90210
90211
90212
90213
90214
90215
90216
90217
90218
90219
90220
90221
90222
90223
90224
90225
90226
90227
90228
90229
90230
90231
90232
90233
90234
90235
90345
90346
90347
90348
90349
90350
90351
90352
90353
90354
90355
90356
90357
90384
90385
90386
90387
90388
90389
90390
90391
90392
90393
90394
90395
90396
90397
90398
90399
90400
90401
90402
90403
90404
90405
90406
90407
90408
90409
90410
90411
90412
90413
90414
90415
90416
90417
90418
90426
90427
90428
90429
90430
90431
90432
90433
90434
90435
90436
90437
90438
90439
90440
90441
90442
90443
90444
90445
90446
90447
90448
90449
90450
90451
90452
90453
90454
90455
90456
90457
90458
90846
90847
90848
90849
90850
91211
91212
91213
91214
91438
91439
91440
91441
91442
91443
91444
91445
91446
91447
91448
91449
91450
91451
91452
91453
91454
91455
91456
91457
91458
91459
91460
91461
91462
91463
91464
91465
91466
91467
91468
91469
91470
91471
91472
91473
91474
91475
91476
91477
91478
91479
91480
91481
91482
91483
91484
91485
91486
91487
91488
91489
91490
91491
91492
91493
91494
91563
91564
91565
91566
91567
91568
91569
91570
91571
91572
91573
91574
91575
91576
91577
91578
91579
91580
91581
91582
91583
91584
91585
91586
91587
91588
91589
91590
91591
91592
91593
91594
91595
91596
91597
91598
91599
91600
91601
91602
91603
91604
91605
91606
91607
91608
91609
91610
91611
91612
91613
91614
91615
91616
91617
91618
91619
91620
91621
91622
91623
91624
91625
91626
91627
91628
91629
91630
91631
91632
91633
91634
91635
91636
91637
91638
91639
91640
91641
91642
91643
91644
91645
91646
91647
91648
91649
91650
91651
91652
91653
91654
91655
91656
91657
91658
91659
91660
91661
91662
91663
91664
91665
91666
91667
91668
91669
91670
91671
91672
91673
91674
91675
91676
91677
91678
91679
91680
91681
91682
91683
91684
91685
91686
91687
91688
91689
91690
91691
91692
91693
91694
91695
91696
91697
91698
91699
91700
91701
91702
91703
91704
91705
91706
91707
91708
91709
91710
91711
91712
91713
91714
91715
91716
91717
91718
91719
91720
91721
91722
91723
91724
91725
91726
91727
91728
91729
91730
91731
91732
91733
91734
91735
91736
91737
91738
91739
91740
91741
91742
91743
91744
91745
91746
91747
91748
91749
91750
91751
91752
91753
91754
91755
91756
91757
91758
91759
91760
91761
91762
91763
91764
91765
91766
91767
91768
91769
91770
91771
91772
91773
91774
91775
91776
91777
91778
91779
91780
91781
91782
91783
91784
91785
91786
91787
91788
91789
91790
91791
91792
91793
91794
91795
91796
91797
91798
91799
91800
91801
91802
91803
91804
91805
91806
91807
91808
91809
91810
91811
91812
91813
91814
91815
91816
91817
91818
91819
91820
91821
91822
91823
91824
91825
91826
91827
91828
91829
91830
91831
91832
91833
91834
91835
91836
91837
91838
91839
91840
91841
91842
91843
91844
91845
91846
91847
91848
91849
91850
91851
91852
91853
91854
91855
91856
91857
91858
91859
91860
91861
91862
91863
91864
91865
91866
91867
91868
91869
91870
91871
91872
91873
91874
91875
91876
91877
91878
91879
92219
92220
92221
92222
92223
92224
92225
92226
92227
92228
92229
92230
92231
92232
92233
92234
92235
92236
92237
92238
92239
92240
92241
92242
92243
92244
92245
92246
92247
92248
92249
92250
92251
92252
92253
92254
92255
92256
92257
92258
92259
92260
92261
92262
92263
92264
92265
92266
92267
92268
92269
92270
92271
92272
92273
92274
92275
92276
92277
92278
92279
92280
92281
92282
92283
92284
92285
92286
92287
92288
92289
92290
92291
92292
92293
92294
92295
92296
92297
92298
92299
92300
92301
92302
92303
92304
92305
92306
92307
92308
92309
92310
92311
92312
92313
92314
92315
92316
92317
92318
92319
92320
92321
92322
92323
92324
92325
92326
92327
92328
92329
92330
92331
92332
92333
92334
92335
92336
92337
92338
92339
92340
92341
92342
92343
92344
92345
92346
92347
92348
92349
92350
92351
92352
92353
92354
92355
92356
92357
92358
92359
92360
92361
92362
92363
92364
92365
92366
92367
92368
92369
92370
92371
92372
92373
92374
92375
92376
92377
92378
92379
92380
92381
92382
92383
92384
92385
92386
92387
92388
92389
92390
92391
92392
92393
92394
92395
92396
92397
92398
92399
92400
92401
92402
92403
92404
92405
92406
92407
92408
92409
92410
92411
92603
92604
92605
92606
92607
92608
92609
92610
92611
92612
92613
92614
92615
92616
92617
92618
92619
92620
92621
92622
92623
92624
92625
92626
92627
92628
92629
92630
92631
92632
92633
92634
92635
92636
92637
92638
92639
92640
92641
92642
92643
92644
92645
92646
92647
92648
92649
92650
92651
92652
92653
92654
92655
92656
92657
92658
92659
92660
92661
92662
92663
92664
92665
92666
92667
92668
92669
92670
92671
92672
92673
92674
92675
92676
92677
92678
92679
92680
92681
92682
92683
92684
92685
92686
92687
92688
92689
92796
92797
92798
92799
92800
92801
92802
92803
92804
92805
92806
92807
92808
92809
92810
92838
92839
92840
92841
92842
92843
92844
92845
92846
92847
92848
92849
92850
92851
92852
92853
92854
92855
92856
92857
92858
92859
92860
92861
92862
92863
92864
92865
92866
92867
92868
92869
92870
92871
92872
92879
92880
92881
92882
92883
92884
92885
92886
92887
92888
92889
92890
92891
92892
92893
92894
92895
92896
92897
92898
92899
92900
92901
92902
92903
92904
92905
92906
93312
93313
93314
93315
93671
93672
93673
93674
93910
93911
93912
93913
93914
93915
93916
93917
93918
93919
93920
93921
93922
93923
93924
93925
93926
93927
93928
93929
93930
93931
93932
93933
93934
93935
93936
93937
93938
93939
93940
93941
93942
93943
93944
93945
93946
93947
93948
93949
93950
93951
93952
93953
93954
93955
93956
93957
93958
93959
93960
93961
94029
94030
94031
94032
94033
94034
94035
94036
94037
94038
94039
94040
94041
94042
94043
94044
94045
94046
94047
94048
94049
94050
94051
94052
94053
94054
94055
94056
94057
94058
94059
94060
94061
94062
94063
94064
94065
94066
94067
94068
94069
94070
94071
94072
94073
94074
94075
94076
94077
94078
94079
94080
94081
94082
94083
94084
94085
94086
94087
94088
94089
94090
94091
94092
94093
94094
94095
94096
94097
94098
94099
94100
94101
94102
94103
94104
94105
94106
94107
94108
94109
94110
94111
94112
94113
94114
94115
94116
94117
94118
94119
94120
94121
94122
94123
94124
94125
94126
94127
94128
94129
94130
94131
94132
94133
94134
94135
94136
94137
94138
94139
94140
94141
94142
94143
94144
94145
94146
94147
94148
94149
94150
94151
94152
94153
94154
94155
94156
94157
94158
94159
94160
94161
94162
94163
94164
94165
94166
94167
94168
94169
94170
94171
94172
94173
94174
94175
94176
94177
94178
94179
94180
94181
94182
94183
94184
94185
94186
94187
94188
94189
94190
94191
94192
94193
94194
94195
94196
94197
94198
94199
94200
94201
94202
94203
94204
94205
94206
94207
94208
94209
94210
94211
94212
94213
94214
94215
94216
94217
94218
94219
94220
94221
94222
94223
94224
94225
94226
94227
94228
94229
94230
94231
94232
94233
94234
94235
94236
94237
94238
94239
94240
94241
94242
94243
94244
94245
94246
94247
94248
94249
94250
94251
94252
94253
94254
94255
94256
94257
94258
94259
94260
94261
94262
94263
94264
94265
94266
94267
94268
94269
94270
94271
94272
94273
94274
94275
94276
94277
94278
94279
94280
94281
94282
94283
94284
94285
94286
94287
94288
94289
94290
94291
94292
94293
94294
94295
94296
94297
94298
94299
94300
94301
94302
94303
94304
94305
94306
94307
94308
94309
94310
94311
94312
94313
94314
94315
94316
94317
94318
94319
94320
94321
94322
94323
94324
94325
94326
94327
94328
94329
94330
94331
94332
94333
94334
94335
94336
94337
94338
94339
94340
94341
94342
94343
94344
94345
94346
94347
94348
94349
94350
94351
94352
94353
94701
94702
94703
94704
94705
94706
94707
94708
94709
94710
94711
94712
94713
94714
94715
94716
94717
94718
94719
94720
94721
94722
94723
94724
94725
94726
94727
94728
94729
94730
94731
94732
94733
94734
94735
94736
94737
94738
94739
94740
94741
94742
94743
94744
94745
94746
94747
94748
94749
94750
94751
94752
94753
94754
94755
94756
94757
94758
94759
94760
94761
94762
94763
94764
94765
94766
94767
94768
94769
94770
94771
94772
94773
94774
94775
94776
94777
94778
94779
94780
94781
94782
94783
94784
94785
94786
94787
94788
94789
94790
94791
94792
94793
94794
94795
94796
94797
94798
94799
94800
94801
94802
94803
94804
94805
94806
94807
94808
94809
94810
94811
94812
94813
94814
94815
94816
94817
94818
94819
94820
94821
94822
94823
94824
94825
94826
94827
94828
94829
94830
94831
94832
94833
94834
94835
94836
94837
94838
94839
94840
94841
94842
94843
94844
94845
94846
94847
94848
94849
94850
94851
94852
94853
94854
94855
94856
94857
94858
94859
94860
94861
94862
94863
94864
94865
94866
94867
94868
94869
94870
94871
94872
94873
94874
94875
94876
94877
94878
94879
94880
94881
94882
94883
94884
94885
94886
94887
94888
94889
94890
94891
94892
94893
94894
94895
94896
94897
94898
95105
95106
95107
95108
95109
95110
95111
95112
95113
95114
95115
95116
95117
95118
95119
95120
95121
95122
95123
95124
95125
95126
95127
95128
95129
95130
95131
95132
95133
95134
95135
95136
95137
95138
95139
95140
95141
95142
95143
95144
95145
95146
95147
95148
95149
95150
95151
95152
95153
95154
95155
95156
95157
95158
95159
95160
95161
95162
95163
95164
95165
95166
95167
95168
95169
95170
95171
95172
95173
95174
95175
95176
95177
95178
95179
95180
95181
95182
95183
95184
95185
95186
95187
95293
95294
95295
95296
95297
95298
95299
95300
95301
95302
95303
95304
95305
95331
95332
95333
95334
95335
95336
95337
95338
95339
95340
95341
95342
95343
95344
95345
95346
95347
95348
95349
95350
95351
95352
95353
95354
95355
95356
95357
95358
95359
95360
95361
95362
95363
95365
95366
95367
95368
95369
95370
95371
95372
95373
95374
95375
95376
95377
95378
95379
95380
95381
95382
95383
95384
95385
95386
95387
95388
95389
95390
95822
95823
95824
96181
96182
96183
96184
96429
96430
96431
96432
96433
96434
96435
96436
96437
96438
96439
96440
96441
96442
96443
96444
96445
96446
96447
96448
96449
96450
96451
96452
96453
96454
96455
96456
96457
96458
96459
96460
96461
96462
96463
96464
96465
96466
96467
96468
96469
96470
96471
96472
96473
96474
96475
96476
96477
96539
96540
96541
96542
96543
96544
96545
96546
96547
96548
96549
96550
96551
96552
96553
96554
96555
96556
96557
96558
96559
96560
96561
96562
96563
96564
96565
96566
96567
96568
96569
96570
96571
96572
96573
96574
96575
96576
96577
96578
96579
96580
96581
96582
96583
96584
96585
96586
96587
96588
96589
96590
96591
96592
96593
96594
96595
96596
96597
96598
96599
96600
96601
96602
96603
96604
96605
96606
96607
96608
96609
96610
96611
96612
96613
96614
96615
96616
96617
96618
96619
96620
96621
96622
96623
96624
96625
96626
96627
96628
96629
96630
96631
96632
96633
96634
96635
96636
96637
96638
96639
96640
96641
96642
96643
96644
96645
96646
96647
96648
96649
96650
96651
96652
96653
96654
96655
96656
96657
96658
96659
96660
96661
96662
96663
96664
96665
96666
96667
96668
96669
96670
96671
96672
96673
96674
96675
96676
96677
96678
96679
96680
96681
96682
96683
96684
96685
96686
96687
96688
96689
96690
96691
96692
96693
96694
96695
96696
96697
96698
96699
96700
96701
96702
96703
96704
96705
96706
96707
96708
96709
96710
96711
96712
96713
96714
96715
96716
96717
96718
96719
96720
96721
96722
96723
96724
96725
96726
96727
96728
96729
96730
96731
96732
96733
96734
96735
96736
96737
96738
96739
96740
96741
96742
96743
96744
96745
96746
96747
96748
96749
96750
96751
96752
96753
96754
96755
96756
96757
96758
96759
96760
96761
96762
96763
96764
96765
96766
96767
96768
96769
96770
96771
96772
96773
96774
96775
96776
96777
96778
96779
96780
96781
96782
96783
96784
96785
96786
96787
96788
96789
96790
96791
96792
96793
96794
96795
96796
96797
96798
96799
96800
96801
96802
96803
96804
96805
96806
96807
96808
96809
96810
96811
96812
96813
96814
96815
96816
96817
96818
96819
96820
96821
96822
96823
96824
96825
96826
96827
96828
96829
96830
96831
96832
96833
96834
96835
96836
96837
96838
96839
96840
96841
96842
96843
96844
96845
96846
96847
96848
96849
96850
96851
96852
96853
96854
96855
96856
96857
96858
96859
96860
96861
96862
96863
97232
97233
97234
97235
97236
97237
97238
97239
97240
97241
97242
97243
97244
97245
97246
97247
97248
97249
97250
97251
97252
97253
97254
97255
97256
97257
97258
97259
97260
97261
97262
97263
97264
97265
97266
97267
97268
97269
97270
97271
97272
97273
97274
97275
97276
97277
97278
97279
97280
97281
97282
97283
97284
97285
97286
97287
97288
97289
97290
97291
97292
97293
97294
97295
97296
97297
97298
97299
97300
97301
97302
97303
97304
97305
97306
97307
97308
97309
97310
97311
97312
97313
97314
97315
97316
97317
97318
97319
97320
97321
97322
97323
97324
97325
97326
97327
97328
97329
97330
97331
97332
97333
97334
97335
97336
97337
97338
97339
97340
97341
97342
97343
97344
97345
97346
97347
97348
97349
97350
97351
97352
97353
97354
97355
97356
97357
97358
97359
97360
97361
97362
97363
97364
97365
97366
97367
97368
97369
97370
97371
97372
97373
97374
97375
97376
97377
97378
97379
97380
97381
97382
97383
97384
97385
97386
97387
97388
97389
97390
97391
97392
97393
97394
97395
97396
97397
97398
97399
97400
97401
97402
97403
97404
97405
97406
97407
97408
97409
97410
97411
97412
97413
97414
97415
97416
97417
97418
97419
97420
97421
97422
97423
97424
97425
97426
97427
97428
97429
97430
97431
97432
97433
97434
97435
97436
97437
97438
97653
97654
97655
97656
97657
97658
97659
97660
97661
97662
97663
97664
97665
97666
97667
97668
97669
97670
97671
97672
97673
97674
97675
97676
97677
97678
97679
97680
97681
97682
97683
97684
97685
97686
97687
97688
97689
97690
97691
97692
97693
97694
97695
97696
97697
97698
97699
97700
97701
97702
97703
97704
97705
97706
97707
97708
97709
97710
97711
97712
97713
97714
97715
97716
97717
97718
97719
97720
97721
97722
97723
97724
97725
97726
97727
97728
97729
97730
97731
97732
97733
97734
97735
97736
97737
97848
97849
97850
97851
97852
97853
97854
97855
97856
97857
97858
97859
97860
97861
97862
97886
97887
97888
97889
97890
97891
97892
97893
97894
97895
97896
97897
97898
97899
97900
97901
97902
97903
97904
97905
97906
97907
97908
97909
97910
97911
97912
97913
97914
97915
97916
97917
97918
97919
97920
97921
97922
97923
97924
97925
97926
97927
97928
97929
97930
97931
97932
97933
97934
97935
97936
97937
97938
97939
97940
97941
97942
97943
98399
98400
98401
98757
98758
98759
98760
99004
99005
99006
99007
99008
99009
99010
99011
99012
99013
99014
99015
99016
99017
99018
99019
99020
99021
99022
99023
99024
99025
99026
99027
99028
99029
99030
99031
99032
99033
99034
99035
99036
99037
99038
99039
99040
99041
99042
99043
99044
99045
99046
99047
99048
99049
99050
99101
99102
99103
99104
99105
99106
99107
99108
99109
99110
99111
99112
99113
99114
99115
99116
99117
99118
99119
99120
99121
99122
99123
99124
99125
99126
99127
99128
99129
99130
99131
99132
99133
99134
99135
99136
99137
99138
99139
99140
99141
99142
99143
99144
99145
99146
99147
99148
99149
99150
99151
99152
99153
99154
99155
99156
99157
99158
99159
99160
99161
99162
99163
99164
99165
99166
99167
99168
99169
99170
99171
99172
99173
99174
99175
99176
99177
99178
99179
99180
99181
99182
99183
99184
99185
99186
99187
99188
99189
99190
99191
99192
99193
99194
99195
99196
99197
99198
99199
99200
99201
99202
99203
99204
99205
99206
99207
99208
99209
99210
99211
99212
99213
99214
99215
99216
99217
99218
99219
99220
99221
99222
99223
99224
99225
99226
99227
99228
99229
99230
99231
99232
99233
99234
99235
99236
99237
99238
99239
99240
99241
99242
99243
99244
99245
99246
99247
99248
99249
99250
99251
99252
99253
99254
99255
99256
99257
99258
99259
99260
99261
99262
99263
99264
99265
99266
99267
99268
99269
99270
99271
99272
99273
99274
99275
99276
99277
99278
99279
99280
99281
99282
99283
99284
99285
99286
99287
99288
99289
99290
99291
99292
99293
99294
99295
99296
99297
99298
99299
99300
99301
99302
99303
99304
99305
99306
99307
99308
99309
99310
99311
99312
99313
99314
99315
99316
99317
99318
99319
99320
99321
99322
99323
99324
99325
99326
99327
99328
99329
99330
99331
99332
99333
99334
99335
99336
99337
99338
99339
99340
99341
99342
99343
99344
99345
99346
99347
99348
99349
99350
99351
99352
99353
99354
99355
99356
99357
99358
99359
99360
99361
99362
99363
99364
99365
99366
99367
99368
99369
99370
99371
99372
99373
99374
99375
99376
99377
99378
99379
99380
99381
99382
99383
99384
99385
99386
99387
99388
99389
99390
99391
99392
99393
99394
99395
99396
99397
99398
99399
99400
99401
99402
99403
99404
99405
99406
99407
99408
99409
99410
99411
99412
99413
99414
99415
99416
99417
99418
99419
99420
99421
99422
99423
99424
99425
99426
99427
99428
99429
99806
99807
99808
99809
99810
99811
99812
99813
99814
99815
99816
99817
99818
99819
99820
99821
99822
99823
99824
99825
99826
99827
99828
99829
99830
99831
99832
99833
99834
99835
99836
99837
99838
99839
99840
99841
99842
99843
99844
99845
99846
99847
99848
99849
99850
99851
99852
99853
99854
99855
99856
99857
99858
99859
99860
99861
99862
99863
99864
99865
99866
99867
99868
99869
99870
99871
99872
99873
99874
99875
99876
99877
99878
99879
99880
99881
99882
99883
99884
99885
99886
99887
99888
99889
99890
99891
99892
99893
99894
99895
99896
99897
99898
99899
99900
99901
99902
99903
99904
99905
99906
99907
99908
99909
99910
99911
99912
99913
99914
99915
99916
99917
99918
99919
99920
99921
99922
99923
99924
99925
99926
99927
99928
99929
99930
99931
99932
99933
99934
99935
99936
99937
99938
99939
99940
99941
99942
99943
99944
99945
99946
99947
99948
99949
99950
99951
99952
99953
99954
99955
99956
99957
99958
99959
99960
99961
99962
99963
99964
99965
99966
99967
99968
99969
99970
99971
99972
99973
99974
99975
99976
99977
99978
99979
99980
99981
99982
99983
99984
99985
99986
99987
99988
99989
99990
99991
99992
99993
99994
99995
99996
99997
99998
99999
100000
100001
100002
100003
100004
100005
100006
100007
100008
100009
100010
100011
100012
100013
100014
100015
100016
100017
100018
100019
100020
100021
100022
100238
100239
100240
100241
100242
100243
100244
100245
100246
100247
100248
100249
100250
100251
100252
100253
100254
100255
100256
100257
100258
100259
100260
100261
100262
100263
100264
100265
100266
100267
100268
100269
100270
100271
100272
100273
100274
100275
100276
100277
100278
100279
100280
100281
100282
100283
100284
100285
100286
100287
100288
100289
100290
100291
100292
100293
100294
100295
100296
100297
100298
100299
100300
100301
100302
100303
100304
100305
100306
100307
100308
100309
100310
100311
100312
100313
100314
100315
100316
100317
100318
100431
100432
100433
100434
100435
100436
100437
100438
100439
100440
100441
100442
100443
100465
100466
100467
100468
100469
100470
100471
100472
100473
100474
100475
100476
100477
100478
100479
100480
100481
100482
100483
100484
100485
100486
100487
100488
100489
100490
100491
100492
100493
100494
100495
100496
100497
100498
100499
100500
100501
100502
100503
100504
100505
100506
100507
100508
100509
100510
100511
100512
100513
100514
100515
100516
100517
100518
100519
100520
100521
100522
100523
100983
100984
100985
101355
101356
101357
101358
101612
101613
101614
101615
101616
101617
101618
101619
101620
101621
101622
101623
101624
101625
101626
101627
101628
101629
101630
101631
101632
101633
101634
101635
101636
101637
101638
101639
101640
101641
101642
101643
101644
101645
101646
101647
101648
101649
101650
101651
101652
101653
101654
101655
101656
101657
101700
101701
101702
101703
101704
101705
101706
101707
101708
101709
101710
101711
101712
101713
101714
101715
101716
101717
101718
101719
101720
101721
101722
101723
101724
101725
101726
101727
101728
101729
101730
101731
101732
101733
101734
101735
101736
101737
101738
101739
101740
101741
101742
101743
101744
101745
101746
101747
101748
101749
101750
101751
101752
101753
101754
101755
101756
101757
101758
101759
101760
101761
101762
101763
101764
101765
101766
101767
101768
101769
101770
101771
101772
101773
101774
101775
101776
101777
101778
101779
101780
101781
101782
101783
101784
101785
101786
101787
101788
101789
101790
101791
101792
101793
101794
101795
101796
101797
101798
101799
101800
101801
101802
101803
101804
101805
101806
101807
101808
101809
101810
101811
101812
101813
101814
101815
101816
101817
101818
101819
101820
101821
101822
101823
101824
101825
101826
101827
101828
101829
101830
101831
101832
101833
101834
101835
101836
101837
101838
101839
101840
101841
101842
101843
101844
101845
101846
101847
101848
101849
101850
101851
101852
101853
101854
101855
101856
101857
101858
101859
101860
101861
101862
101863
101864
101865
101866
101867
101868
101869
101870
101871
101872
101873
101874
101875
101876
101877
101878
101879
101880
101881
101882
101883
101884
101885
101886
101887
101888
101889
101890
101891
101892
101893
101894
101895
101896
101897
101898
101899
101900
101901
101902
101903
101904
101905
101906
101907
101908
101909
101910
101911
101912
101913
101914
101915
101916
101917
101918
101919
101920
101921
101922
101923
101924
101925
101926
101927
101928
101929
101930
101931
101932
101933
101934
101935
101936
101937
101938
101939
101940
101941
101942
101943
101944
101945
101946
101947
101948
101949
101950
101951
101952
101953
101954
101955
101956
101957
101958
101959
101960
101961
101962
101963
101964
101965
101966
101967
101968
101969
101970
101971
101972
101973
101974
101975
101976
101977
101978
101979
101980
101981
101982
101983
101984
101985
101986
101987
101988
101989
101990
101991
101992
101993
101994
101995
101996
101997
101998
101999
102000
102001
102002
102003
102004
102005
102006
102007
102008
102009
102010
102011
102012
102013
102014
102015
102016
102017
102018
102019
102020
102021
102022
102023
102024
102025
102026
102411
102412
102413
102414
102415
102416
102417
102418
102419
102420
102421
102422
102423
102424
102425
102426
102427
102428
102429
102430
102431
102432
102433
102434
102435
102436
102437
102438
102439
102440
102441
102442
102443
102444
102445
102446
102447
102448
102449
102450
102451
102452
102453
102454
102455
102456
102457
102458
102459
102460
102461
102462
102463
102464
102465
102466
102467
102468
102469
102470
102471
102472
102473
102474
102475
102476
102477
102478
102479
102480
102481
102482
102483
102484
102485
102486
102487
102488
102489
102490
102491
102492
102493
102494
102495
102496
102497
102498
102499
102500
102501
102502
102503
102504
102505
102506
102507
102508
102509
102510
102511
102512
102513
102514
102515
102516
102517
102518
102519
102520
102521
102522
102523
102524
102525
102526
102527
102528
102529
102530
102531
102532
102533
102534
102535
102536
102537
102538
102539
102540
102541
102542
102543
102544
102545
102546
102547
102548
102549
102550
102551
102552
102553
102554
102555
102556
102557
102558
102559
102560
102561
102562
102563
102564
102565
102566
102567
102568
102569
102570
102571
102572
102573
102574
102575
102576
102577
102578
102579
102580
102581
102582
102583
102584
102585
102586
102587
102588
102589
102590
102591
102592
102593
102594
102595
102596
102597
102598
102599
102600
102601
102602
102603
102604
102605
102606
102607
102608
102609
102610
102611
102612
102613
102614
102615
102616
102617
102618
102619
102620
102621
102622
102623
102624
102625
102626
102627
102628
102629
102630
102631
102632
102633
102634
102635
102636
102865
102866
102867
102868
102869
102870
102871
102872
102873
102874
102875
102876
102877
102878
102879
102880
102881
102882
102883
102884
102885
102886
102887
102888
102889
102890
102891
102892
102893
102894
102895
102896
102897
102898
102899
102900
102901
102902
102903
102904
102905
102906
102907
102908
102909
102910
102911
102912
102913
102914
102915
102916
102917
102918
102919
102920
102921
102922
102923
102924
102925
102926
102927
102928
102929
102930
102931
102932
102933
102934
102935
102936
102937
102938
102939
102940
102941
102942
102943
102944
102945
103055
103056
103057
103058
103059
103060
103061
103062
103063
103064
103065
103066
103067
103068
103091
103092
103093
103094
103095
103096
103097
103098
103099
103100
103101
103102
103103
103104
103105
103106
103107
103108
103109
103110
103111
103112
103113
103114
103115
103116
103117
103118
103119
103120
103121
103122
103123
103124
103125
103126
103127
103128
103129
103130
103131
103132
103133
103134
103135
103136
103137
103138
103139
103140
103141
103142
103143
103622
103623
103624
103997
103998
103999
104000
104247
104248
104249
104250
104251
104252
104253
104254
104255
104256
104257
104258
104259
104260
104261
104262
104263
104264
104265
104266
104267
104268
104269
104270
104271
104272
104273
104274
104275
104276
104277
104278
104279
104280
104281
104282
104283
104284
104285
104286
104287
104323
104324
104325
104326
104327
104328
104329
104330
104331
104332
104333
104334
104335
104336
104337
104338
104339
104340
104341
104342
104343
104344
104345
104346
104347
104348
104349
104350
104351
104352
104353
104354
104355
104356
104357
104358
104359
104360
104361
104362
104363
104364
104365
104366
104367
104368
104369
104370
104371
104372
104373
104374
104375
104376
104377
104378
104379
104380
104381
104382
104383
104384
104385
104386
104387
104388
104389
104390
104391
104392
104393
104394
104395
104396
104397
104398
104399
104400
104401
104402
104403
104404
104405
104406
104407
104408
104409
104410
104411
104412
104413
104414
104415
104416
104417
104418
104419
104420
104421
104422
104423
104424
104425
104426
104427
104428
104429
104430
104431
104432
104433
104434
104435
104436
104437
104438
104439
104440
104441
104442
104443
104444
104445
104446
104447
104448
104449
104450
104451
104452
104453
104454
104455
104456
104457
104458
104459
104460
104461
104462
104463
104464
104465
104466
104467
104468
104469
104470
104471
104472
104473
104474
104475
104476
104477
104478
104479
104480
104481
104482
104483
104484
104485
104486
104487
104488
104489
104490
104491
104492
104493
104494
104495
104496
104497
104498
104499
104500
104501
104502
104503
104504
104505
104506
104507
104508
104509
104510
104511
104512
104513
104514
104515
104516
104517
104518
104519
104520
104521
104522
104523
104524
104525
104526
104527
104528
104529
104530
104531
104532
104533
104534
104535
104536
104537
104538
104539
104540
104541
104542
104543
104544
104545
104546
104547
104548
104549
104550
104551
104552
104553
104554
104555
104556
104557
104558
104559
104560
104561
104562
104563
104564
104565
104566
104567
104568
104569
104570
104571
104572
104573
104574
104575
104576
104577
104578
104579
104580
104581
104582
104583
104584
104585
104586
104587
104588
104589
104590
104591
104592
104593
104594
104595
104596
104597
104598
104599
104600
104601
104602
104603
104604
104605
104606
104607
104608
104609
104610
104611
104612
104613
104614
104615
104616
104617
104618
104619
104620
104621
104622
104623
104624
104625
104626
104627
104628
104629
104630
104631
104632
104633
104634
104635
104636
104637
104638
104639
104640
104641
104642
104643
104644
104645
104646
104647
104648
105045
105046
105047
105048
105049
105050
105051
105052
105053
105054
105055
105056
105057
105058
105059
105060
105061
105062
105063
105064
105065
105066
105067
105068
105069
105070
105071
105072
105073
105074
105075
105076
105077
105078
105079
105080
105081
105082
105083
105084
105085
105086
105087
105088
105089
105090
105091
105092
105093
105094
105095
105096
105097
105098
105099
105100
105101
105102
105103
105104
105105
105106
105107
105108
105109
105110
105111
105112
105113
105114
105115
105116
105117
105118
105119
105120
105121
105122
105123
105124
105125
105126
105127
105128
105129
105130
105131
105132
105133
105134
105135
105136
105137
105138
105139
105140
105141
105142
105143
105144
105145
105146
105147
105148
105149
105150
105151
105152
105153
105154
105155
105156
105157
105158
105159
105160
105161
105162
105163
105164
105165
105166
105167
105168
105169
105170
105171
105172
105173
105174
105175
105176
105177
105178
105179
105180
105181
105182
105183
105184
105185
105186
105187
105188
105189
105190
105191
105192
105193
105194
105195
105196
105197
105198
105199
105200
105201
105202
105203
105204
105205
105206
105207
105208
105209
105210
105211
105212
105213
105214
105215
105216
105217
105218
105219
105220
105221
105222
105223
105224
105225
105226
105227
105228
105229
105230
105231
105232
105233
105234
105235
105236
105237
105238
105239
105240
105241
105242
105243
105244
105245
105246
105247
105248
105249
105250
105251
105252
105253
105254
105255
105256
105257
105258
105259
105260
105261
105262
105263
105264
105265
105266
105267
105268
105269
105270
105271
105272
105273
105274
105275
105276
105504
105505
105506
105507
105508
105509
105510
105511
105512
105513
105514
105515
105516
105517
105518
105519
105520
105521
105522
105523
105524
105525
105526
105527
105528
105529
105530
105531
105532
105533
105534
105535
105536
105537
105538
105539
105540
105541
105542
105543
105544
105545
105546
105547
105548
105549
105550
105551
105552
105553
105554
105555
105556
105557
105558
105559
105560
105561
105562
105563
105564
105565
105566
105567
105568
105569
105570
105571
105572
105573
105574
105575
105576
105577
105578
105579
105580
105581
105697
105698
105699
105700
105701
105702
105703
105704
105705
105706
105707
105708
105709
105710
105734
105735
105736
105737
105738
105739
105740
105741
105742
105743
105744
105745
105746
105747
105748
105749
105750
105751
105752
105753
105754
105755
105756
105757
105758
105759
105760
105761
105762
105763
105764
105765
105766
105767
105768
105769
105770
105771
105772
105773
105774
105775
105776
105777
105778
105779
105780
105781
105782
105783
105784
105785
105786
105787
106282
106283
106284
106650
106651
106652
106653
106654
106911
106912
106913
106914
106915
106916
106917
106918
106919
106920
106921
106922
106923
106924
106925
106926
106927
106928
106929
106930
106931
106932
106933
106934
106935
106936
106937
106938
106939
106940
106941
106942
106943
106944
106945
106946
106947
106948
106949
106950
106951
106952
106953
106954
106984
106985
106986
106987
106988
106989
106990
106991
106992
106993
106994
106995
106996
106997
106998
106999
107000
107001
107002
107003
107004
107005
107006
107007
107008
107009
107010
107011
107012
107013
107014
107015
107016
107017
107018
107019
107020
107021
107022
107023
107024
107025
107026
107027
107028
107029
107030
107031
107032
107033
107034
107035
107036
107037
107038
107039
107040
107041
107042
107043
107044
107045
107046
107047
107048
107049
107050
107051
107052
107053
107054
107055
107056
107057
107058
107059
107060
107061
107062
107063
107064
107065
107066
107067
107068
107069
107070
107071
107072
107073
107074
107075
107076
107077
107078
107079
107080
107081
107082
107083
107084
107085
107086
107087
107088
107089
107090
107091
107092
107093
107094
107095
107096
107097
107098
107099
107100
107101
107102
107103
107104
107105
107106
107107
107108
107109
107110
107111
107112
107113
107114
107115
107116
107117
107118
107119
107120
107121
107122
107123
107124
107125
107126
107127
107128
107129
107130
107131
107132
107133
107134
107135
107136
107137
107138
107139
107140
107141
107142
107143
107144
107145
107146
107147
107148
107149
107150
107151
107152
107153
107154
107155
107156
107157
107158
107159
107160
107161
107162
107163
107164
107165
107166
107167
107168
107169
107170
107171
107172
107173
107174
107175
107176
107177
107178
107179
107180
107181
107182
107183
107184
107185
107186
107187
107188
107189
107190
107191
107192
107193
107194
107195
107196
107197
107198
107199
107200
107201
107202
107203
107204
107205
107206
107207
107208
107209
107210
107211
107212
107213
107214
107215
107216
107217
107218
107219
107220
107221
107222
107223
107224
107225
107226
107227
107228
107229
107230
107231
107232
107233
107234
107235
107236
107237
107238
107239
107240
107241
107242
107243
107244
107245
107246
107247
107248
107249
107250
107251
107252
107253
107254
107255
107256
107257
107258
107259
107260
107261
107262
107263
107264
107265
107266
107267
107268
107269
107270
107271
107272
107273
107274
107275
107276
107277
107278
107279
107280
107281
107282
107283
107284
107285
107286
107287
107288
107289
107290
107291
107292
107293
107294
107295
107296
107297
107298
107299
107300
107301
107302
107303
107304
107305
107306
107307
107308
107309
107310
107727
107728
107729
107730
107731
107732
107733
107734
107735
107736
107737
107738
107739
107740
107741
107742
107743
107744
107745
107746
107747
107748
107749
107750
107751
107752
107753
107754
107755
107756
107757
107758
107759
107760
107761
107762
107763
107764
107765
107766
107767
107768
107769
107770
107771
107772
107773
107774
107775
107776
107777
107778
107779
107780
107781
107782
107783
107784
107785
107786
107787
107788
107789
107790
107791
107792
107793
107794
107795
107796
107797
107798
107799
107800
107801
107802
107803
107804
107805
107806
107807
107808
107809
107810
107811
107812
107813
107814
107815
107816
107817
107818
107819
107820
107821
107822
107823
107824
107825
107826
107827
107828
107829
107830
107831
107832
107833
107834
107835
107836
107837
107838
107839
107840
107841
107842
107843
107844
107845
107846
107847
107848
107849
107850
107851
107852
107853
107854
107855
107856
107857
107858
107859
107860
107861
107862
107863
107864
107865
107866
107867
107868
107869
107870
107871
107872
107873
107874
107875
107876
107877
107878
107879
107880
107881
107882
107883
107884
107885
107886
107887
107888
107889
107890
107891
107892
107893
107894
107895
107896
107897
107898
107899
107900
107901
107902
107903
107904
107905
107906
107907
107908
107909
107910
107911
107912
107913
107914
107915
107916
107917
107918
107919
107920
107921
107922
107923
107924
107925
107926
107927
107928
107929
107930
107931
107932
107933
107934
107935
107936
107937
107938
107939
107940
107941
107942
107943
107944
107945
107946
107947
107948
107949
107950
107951
107952
107953
107954
107955
107956
107957
107958
107959
107960
107961
107962
107963
107964
107965
107966
107967
108208
108209
108210
108211
108212
108213
108214
108215
108216
108217
108218
108219
108220
108221
108222
108223
108224
108225
108226
108227
108228
108229
108230
108231
108232
108233
108234
108235
108236
108237
108238
108239
108240
108241
108242
108243
108244
108245
108246
108247
108248
108249
108250
108251
108252
108253
108254
108255
108256
108257
108258
108259
108260
108261
108262
108263
108264
108265
108266
108267
108268
108269
108270
108271
108272
108273
108274
108275
108276
108277
108278
108279
108280
108281
108282
108283
108284
108285
108406
108407
108408
108409
108410
108411
108412
108413
108414
108415
108416
108417
108418
108419
108439
108440
108441
108442
108443
108444
108445
108446
108447
108448
108449
108450
108451
108452
108453
108454
108455
108456
108457
108458
108459
108460
108461
108462
108463
108464
108465
108466
108467
108468
108469
108470
108471
108472
108473
108474
108475
108476
108477
108478
108479
108480
108481
108482
108483
108484
108485
108486
108487
108488
108489
108490
108997
108998
108999
109370
109371
109372
109373
109374
109626
109627
109628
109629
109630
109631
109632
109633
109634
109635
109636
109637
109638
109639
109640
109641
109642
109643
109644
109645
109646
109647
109648
109649
109650
109651
109652
109653
109654
109655
109656
109657
109658
109659
109660
109661
109662
109663
109664
109665
109690
109691
109692
109693
109694
109695
109696
109697
109698
109699
109700
109701
109702
109703
109704
109705
109706
109707
109708
109709
109710
109711
109712
109713
109714
109715
109716
109717
109718
109719
109720
109721
109722
109723
109724
109725
109726
109727
109728
109729
109730
109731
109732
109733
109734
109735
109736
109737
109738
109739
109740
109741
109742
109743
109744
109745
109746
109747
109748
109749
109750
109751
109752
109753
109754
109755
109756
109757
109758
109759
109760
109761
109762
109763
109764
109765
109766
109767
109768
109769
109770
109771
109772
109773
109774
109775
109776
109777
109778
109779
109780
109781
109782
109783
109784
109785
109786
109787
109788
109789
109790
109791
109792
109793
109794
109795
109796
109797
109798
109799
109800
109801
109802
109803
109804
109805
109806
109807
109808
109809
109810
109811
109812
109813
109814
109815
109816
109817
109818
109819
109820
109821
109822
109823
109824
109825
109826
109827
109828
109829
109830
109831
109832
109833
109834
109835
109836
109837
109838
109839
109840
109841
109842
109843
109844
109845
109846
109847
109848
109849
109850
109851
109852
109853
109854
109855
109856
109857
109858
109859
109860
109861
109862
109863
109864
109865
109866
109867
109868
109869
109870
109871
109872
109873
109874
109875
109876
109877
109878
109879
109880
109881
109882
109883
109884
109885
109886
109887
109888
109889
109890
109891
109892
109893
109894
109895
109896
109897
109898
109899
109900
109901
109902
109903
109904
109905
109906
109907
109908
109909
109910
109911
109912
109913
109914
109915
109916
109917
109918
109919
109920
109921
109922
109923
109924
109925
109926
109927
109928
109929
109930
109931
109932
109933
109934
109935
109936
109937
109938
109939
109940
109941
109942
109943
109944
109945
109946
109947
109948
109949
109950
109951
109952
109953
109954
109955
109956
109957
109958
109959
109960
109961
109962
109963
109964
109965
109966
109967
109968
109969
109970
109971
109972
109973
109974
109975
109976
109977
109978
109979
109980
109981
109982
109983
109984
109985
109986
109987
109988
109989
109990
109991
109992
109993
109994
109995
109996
109997
109998
109999
110000
110001
110002
110003
110004
110005
110006
110007
110008
110009
110010
110011
110012
110013
110014
110015
110016
110017
110018
110019
110433
110434
110435
110436
110437
110438
110439
110440
110441
110442
110443
110444
110445
110446
110447
110448
110449
110450
110451
110452
110453
110454
110455
110456
110457
110458
110459
110460
110461
110462
110463
110464
110465
110466
110467
110468
110469
110470
110471
110472
110473
110474
110475
110476
110477
110478
110479
110480
110481
110482
110483
110484
110485
110486
110487
110488
110489
110490
110491
110492
110493
110494
110495
110496
110497
110498
110499
110500
110501
110502
110503
110504
110505
110506
110507
110508
110509
110510
110511
110512
110513
110514
110515
110516
110517
110518
110519
110520
110521
110522
110523
110524
110525
110526
110527
110528
110529
110530
110531
110532
110533
110534
110535
110536
110537
110538
110539
110540
110541
110542
110543
110544
110545
110546
110547
110548
110549
110550
110551
110552
110553
110554
110555
110556
110557
110558
110559
110560
110561
110562
110563
110564
110565
110566
110567
110568
110569
110570
110571
110572
110573
110574
110575
110576
110577
110578
110579
110580
110581
110582
110583
110584
110585
110586
110587
110588
110589
110590
110591
110592
110593
110594
110595
110596
110597
110598
110599
110600
110601
110602
110603
110604
110605
110606
110607
110608
110609
110610
110611
110612
110613
110614
110615
110616
110617
110618
110619
110620
110621
110622
110623
110624
110625
110626
110627
110628
110629
110630
110631
110632
110633
110634
110635
110636
110637
110638
110639
110640
110641
110642
110643
110644
110645
110646
110647
110648
110649
110650
110651
110652
110653
110654
110655
110656
110657
110658
110659
110660
110661
110662
110663
110664
110665
110666
110667
110668
110669
110670
110671
110672
110929
110930
110931
110932
110933
110934
110935
110936
110937
110938
110939
110940
110941
110942
110943
110944
110945
110946
110947
110948
110949
110950
110951
110952
110953
110954
110955
110956
110957
110958
110959
110960
110961
110962
110963
110964
110965
110966
110967
110968
110969
110970
110971
110972
110973
110974
110975
110976
110977
110978
110979
110980
110981
110982
110983
110984
110985
110986
110987
110988
110989
110990
110991
110992
110993
110994
110995
110996
110997
110998
110999
111000
111001
111002
111003
111004
111005
111006
111131
111132
111133
111134
111135
111136
111137
111138
111139
111140
111141
111142
111143
111144
111163
111164
111165
111166
111167
111168
111169
111170
111171
111172
111173
111174
111175
111176
111177
111178
111179
111180
111181
111182
111183
111184
111185
111186
111187
111188
111189
111190
111191
111192
111193
111194
111195
111196
111197
111198
111199
111200
111201
111202
111203
111204
111205
111206
111207
111208
111209
111210
111211
111212
111213
111214
111738
111739
111740
112107
112108
112109
112110
112111
112361
112362
112363
112364
112365
112366
112367
112368
112369
112370
112371
112372
112373
112374
112375
112376
112377
112378
112379
112380
112381
112382
112383
112384
112385
112386
112387
112388
112389
112390
112391
112392
112393
112394
112395
112396
112397
112398
112399
112400
112401
112402
112403
112424
112425
112426
112427
112428
112429
112430
112431
112432
112433
112434
112435
112436
112437
112438
112439
112440
112441
112442
112443
112444
112445
112446
112447
112448
112449
112450
112451
112452
112453
112454
112455
112456
112457
112458
112459
112460
112461
112462
112463
112464
112465
112466
112467
112468
112469
112470
112471
112472
112473
112474
112475
112476
112477
112478
112479
112480
112481
112482
112483
112484
112485
112486
112487
112488
112489
112490
112491
112492
112493
112494
112495
112496
112497
112498
112499
112500
112501
112502
112503
112504
112505
112506
112507
112508
112509
112510
112511
112512
112513
112514
112515
112516
112517
112518
112519
112520
112521
112522
112523
112524
112525
112526
112527
112528
112529
112530
112531
112532
112533
112534
112535
112536
112537
112538
112539
112540
112541
112542
112543
112544
112545
112546
112547
112548
112549
112550
112551
112552
112553
112554
112555
112556
112557
112558
112559
112560
112561
112562
112563
112564
112565
112566
112567
112568
112569
112570
112571
112572
112573
112574
112575
112576
112577
112578
112579
112580
112581
112582
112583
112584
112585
112586
112587
112588
112589
112590
112591
112592
112593
112594
112595
112596
112597
112598
112599
112600
112601
112602
112603
112604
112605
112606
112607
112608
112609
112610
112611
112612
112613
112614
112615
112616
112617
112618
112619
112620
112621
112622
112623
112624
112625
112626
112627
112628
112629
112630
112631
112632
112633
112634
112635
112636
112637
112638
112639
112640
112641
112642
112643
112644
112645
112646
112647
112648
112649
112650
112651
112652
112653
112654
112655
112656
112657
112658
112659
112660
112661
112662
112663
112664
112665
112666
112667
112668
112669
112670
112671
112672
112673
112674
112675
112676
112677
112678
112679
112680
112681
112682
112683
112684
112685
112686
112687
112688
112689
112690
112691
112692
112693
112694
112695
112696
112697
112698
112699
112700
112701
112702
112703
112704
112705
112706
112707
112708
112709
112710
112711
112712
112713
112714
112715
112716
112717
112718
112719
112720
112721
112722
112723
112724
112725
112726
112727
112728
112729
112730
112731
112732
112733
112734
112735
112736
112737
112738
112739
112740
112741
112742
112743
112744
112745
113165
113166
113167
113168
113169
113170
113171
113172
113173
113174
113175
113176
113177
113178
113179
113180
113181
113182
113183
113184
113185
113186
113187
113188
113189
113190
113191
113192
113193
113194
113195
113196
113197
113198
113199
113200
113201
113202
113203
113204
113205
113206
113207
113208
113209
113210
113211
113212
113213
113214
113215
113216
113217
113218
113219
113220
113221
113222
113223
113224
113225
113226
113227
113228
113229
113230
113231
113232
113233
113234
113235
113236
113237
113238
113239
113240
113241
113242
113243
113244
113245
113246
113247
113248
113249
113250
113251
113252
113253
113254
113255
113256
113257
113258
113259
113260
113261
113262
113263
113264
113265
113266
113267
113268
113269
113270
113271
113272
113273
113274
113275
113276
113277
113278
113279
113280
113281
113282
113283
113284
113285
113286
113287
113288
113289
113290
113291
113292
113293
113294
113295
113296
113297
113298
113299
113300
113301
113302
113303
113304
113305
113306
113307
113308
113309
113310
113311
113312
113313
113314
113315
113316
113317
113318
113319
113320
113321
113322
113323
113324
113325
113326
113327
113328
113329
113330
113331
113332
113333
113334
113335
113336
113337
113338
113339
113340
113341
113342
113343
113344
113345
113346
113347
113348
113349
113350
113351
113352
113353
113354
113355
113356
113357
113358
113359
113360
113361
113362
113363
113364
113365
113366
113367
113368
113369
113370
113371
113372
113373
113374
113375
113376
113377
113378
113379
113380
113381
113382
113383
113384
113385
113386
113387
113388
113389
113390
113391
113392
113393
113394
113395
113396
113397
113398
113399
113400
113401
113402
113403
113404
113405
113406
113407
113408
113409
113679
113680
113681
113682
113683
113684
113685
113686
113687
113688
113689
113690
113691
113692
113693
113694
113695
113696
113697
113698
113699
113700
113701
113702
113703
113704
113705
113706
113707
113708
113709
113710
113711
113712
113713
113714
113715
113716
113717
113718
113719
113720
113721
113722
113723
113724
113725
113726
113727
113728
113729
113730
113731
113732
113733
113734
113735
113736
113737
113738
113739
113740
113741
113742
113743
113744
113745
113746
113747
113748
113749
113750
113751
113752
113883
113884
113885
113886
113887
113888
113889
113890
113891
113892
113893
113894
113895
113911
113912
113913
113914
113915
113916
113917
113918
113919
113920
113921
113922
113923
113924
113925
113926
113927
113928
113929
113930
113931
113932
113933
113934
113935
113936
113937
113938
113939
113940
113941
113942
113943
113944
113945
113946
113947
113948
113949
113950
113951
113952
113953
113954
113955
113956
113957
113958
113959
113960
113961
114491
114492
114493
114872
114873
114874
114875
114876
115130
115131
115132
115133
115134
115135
115136
115137
115138
115139
115140
115141
115142
115143
115144
115145
115146
115147
115148
115149
115150
115151
115152
115153
115154
115155
115156
115157
115158
115159
115160
115161
115162
115163
115164
115165
115166
115167
115168
115169
115189
115190
115191
115192
115193
115194
115195
115196
115197
115198
115199
115200
115201
115202
115203
115204
115205
115206
115207
115208
115209
115210
115211
115212
115213
115214
115215
115216
115217
115218
115219
115220
115221
115222
115223
115224
115225
115226
115227
115228
115229
115230
115231
115232
115233
115234
115235
115236
115237
115238
115239
115240
115241
115242
115243
115244
115245
115246
115247
115248
115249
115250
115251
115252
115253
115254
115255
115256
115257
115258
115259
115260
115261
115262
115263
115264
115265
115266
115267
115268
115269
115270
115271
115272
115273
115274
115275
115276
115277
115278
115279
115280
115281
115282
115283
115284
115285
115286
115287
115288
115289
115290
115291
115292
115293
115294
115295
115296
115297
115298
115299
115300
115301
115302
115303
115304
115305
115306
115307
115308
115309
115310
115311
115312
115313
115314
115315
115316
115317
115318
115319
115320
115321
115322
115323
115324
115325
115326
115327
115328
115329
115330
115331
115332
115333
115334
115335
115336
115337
115338
115339
115340
115341
115342
115343
115344
115345
115346
115347
115348
115349
115350
115351
115352
115353
115354
115355
115356
115357
115358
115359
115360
115361
115362
115363
115364
115365
115366
115367
115368
115369
115370
115371
115372
115373
115374
115375
115376
115377
115378
115379
115380
115381
115382
115383
115384
115385
115386
115387
115388
115389
115390
115391
115392
115393
115394
115395
115396
115397
115398
115399
115400
115401
115402
115403
115404
115405
115406
115407
115408
115409
115410
115411
115412
115413
115414
115415
115416
115417
115418
115419
115420
115421
115422
115423
115424
115425
115426
115427
115428
115429
115430
115431
115432
115433
115434
115435
115436
115437
115438
115439
115440
115441
115442
115443
115444
115445
115446
115447
115448
115449
115450
115451
115452
115453
115454
115455
115456
115457
115458
115459
115460
115461
115462
115463
115464
115465
115466
115467
115468
115469
115470
115471
115472
115473
115474
115475
115476
115477
115478
115479
115480
115481
115482
115483
115484
115485
115486
115487
115488
115489
115490
115491
115492
115493
115494
115495
115496
115497
115498
115499
115500
115501
115502
115503
115504
115505
115506
115507
115508
115509
115510
115511
115512
115513
115514
115515
115516
115517
115518
115949
115950
115951
115952
115953
115954
115955
115956
115957
115958
115959
115960
115961
115962
115963
115964
115965
115966
115967
115968
115969
115970
115971
115972
115973
115974
115975
115976
115977
115978
115979
115980
115981
115982
115983
115984
115985
115986
115987
115988
115989
115990
115991
115992
115993
115994
115995
115996
115997
115998
115999
116000
116001
116002
116003
116004
116005
116006
116007
116008
116009
116010
116011
116012
116013
116014
116015
116016
116017
116018
116019
116020
116021
116022
116023
116024
116025
116026
116027
116028
116029
116030
116031
116032
116033
116034
116035
116036
116037
116038
116039
116040
116041
116042
116043
116044
116045
116046
116047
116048
116049
116050
116051
116052
116053
116054
116055
116056
116057
116058
116059
116060
116061
116062
116063
116064
116065
116066
116067
116068
116069
116070
116071
116072
116073
116074
116075
116076
116077
116078
116079
116080
116081
116082
116083
116084
116085
116086
116087
116088
116089
116090
116091
116092
116093
116094
116095
116096
116097
116098
116099
116100
116101
116102
116103
116104
116105
116106
116107
116108
116109
116110
116111
116112
116113
116114
116115
116116
116117
116118
116119
116120
116121
116122
116123
116124
116125
116126
116127
116128
116129
116130
116131
116132
116133
116134
116135
116136
116137
116138
116139
116140
116141
116142
116143
116144
116145
116146
116147
116148
116149
116150
116151
116152
116153
116154
116155
116156
116157
116158
116159
116160
116161
116162
116163
116164
116165
116166
116167
116168
116169
116170
116171
116172
116173
116174
116175
116176
116177
116178
116179
116180
116181
116182
116183
116184
116185
116186
116187
116188
116189
116190
116191
116192
116193
116194
116195
116196
116482
116483
116484
116485
116486
116487
116488
116489
116490
116491
116492
116493
116494
116495
116496
116497
116498
116499
116500
116501
116502
116503
116504
116505
116506
116507
116508
116509
116510
116511
116512
116513
116514
116515
116516
116517
116518
116519
116520
116521
116522
116523
116524
116525
116526
116527
116528
116529
116530
116531
116532
116533
116534
116535
116536
116537
116538
116539
116540
116541
116542
116543
116544
116545
116546
116547
116548
116549
116550
116551
116552
116683
116684
116685
116686
116687
116688
116689
116690
116691
116692
116693
116694
116695
116696
116710
116711
116712
116713
116714
116715
116716
116717
116718
116719
116720
116721
116722
116723
116724
116725
116726
116727
116728
116729
116730
116731
116732
116733
116734
116735
116736
116737
116738
116739
116740
116741
116742
116743
116744
116745
116746
116747
116748
116749
116750
116751
116752
116753
116754
116755
116756
116757
116758
116759
116760
116761
117294
117295
117296
117695
117696
117697
117698
117699
117965
117966
117967
117968
117969
117970
117971
117972
117973
117974
117975
117976
117977
117978
117979
117980
117981
117982
117983
117984
117985
117986
117987
117988
117989
117990
117991
117992
117993
117994
117995
117996
117997
117998
117999
118000
118001
118002
118003
118004
118021
118022
118023
118024
118025
118026
118027
118028
118029
118030
118031
118032
118033
118034
118035
118036
118037
118038
118039
118040
118041
118042
118043
118044
118045
118046
118047
118048
118049
118050
118051
118052
118053
118054
118055
118056
118057
118058
118059
118060
118061
118062
118063
118064
118065
118066
118067
118068
118069
118070
118071
118072
118073
118074
118075
118076
118077
118078
118079
118080
118081
118082
118083
118084
118085
118086
118087
118088
118089
118090
118091
118092
118093
118094
118095
118096
118097
118098
118099
118100
118101
118102
118103
118104
118105
118106
118107
118108
118109
118110
118111
118112
118113
118114
118115
118116
118117
118118
118119
118120
118121
118122
118123
118124
118125
118126
118127
118128
118129
118130
118131
118132
118133
118134
118135
118136
118137
118138
118139
118140
118141
118142
118143
118144
118145
118146
118147
118148
118149
118150
118151
118152
118153
118154
118155
118156
118157
118158
118159
118160
118161
118162
118163
118164
118165
118166
118167
118168
118169
118170
118171
118172
118173
118174
118175
118176
118177
118178
118179
118180
118181
118182
118183
118184
118185
118186
118187
118188
118189
118190
118191
118192
118193
118194
118195
118196
118197
118198
118199
118200
118201
118202
118203
118204
118205
118206
118207
118208
118209
118210
118211
118212
118213
118214
118215
118216
118217
118218
118219
118220
118221
118222
118223
118224
118225
118226
118227
118228
118229
118230
118231
118232
118233
118234
118235
118236
118237
118238
118239
118240
118241
118242
118243
118244
118245
118246
118247
118248
118249
118250
118251
118252
118253
118254
118255
118256
118257
118258
118259
118260
118261
118262
118263
118264
118265
118266
118267
118268
118269
118270
118271
118272
118273
118274
118275
118276
118277
118278
118279
118280
118281
118282
118283
118284
118285
118286
118287
118288
118289
118290
118291
118292
118293
118294
118295
118296
118297
118298
118299
118300
118301
118302
118303
118304
118305
118306
118307
118308
118309
118310
118311
118312
118313
118314
118315
118316
118317
118318
118319
118320
118321
118322
118323
118324
118325
118326
118327
118328
118329
118330
118331
118332
118333
118334
118335
118336
118337
118751
118752
118753
118754
118755
118756
118757
118758
118759
118760
118761
118762
118763
118764
118765
118766
118767
118768
118769
118770
118771
118772
118773
118774
118775
118776
118777
118778
118779
118780
118781
118782
118783
118784
118785
118786
118787
118788
118789
118790
118791
118792
118793
118794
118795
118796
118797
118798
118799
118800
118801
118802
118803
118804
118805
118806
118807
118808
118809
118810
118811
118812
118813
118814
118815
118816
118817
118818
118819
118820
118821
118822
118823
118824
118825
118826
118827
118828
118829
118830
118831
118832
118833
118834
118835
118836
118837
118838
118839
118840
118841
118842
118843
118844
118845
118846
118847
118848
118849
118850
118851
118852
118853
118854
118855
118856
118857
118858
118859
118860
118861
118862
118863
118864
118865
118866
118867
118868
118869
118870
118871
118872
118873
118874
118875
118876
118877
118878
118879
118880
118881
118882
118883
118884
118885
118886
118887
118888
118889
118890
118891
118892
118893
118894
118895
118896
118897
118898
118899
118900
118901
118902
118903
118904
118905
118906
118907
118908
118909
118910
118911
118912
118913
118914
118915
118916
118917
118918
118919
118920
118921
118922
118923
118924
118925
118926
118927
118928
118929
118930
118931
118932
118933
118934
118935
118936
118937
118938
118939
118940
118941
118942
118943
118944
118945
118946
118947
118948
118949
118950
118951
118952
118953
118954
118955
118956
118957
118958
118959
118960
118961
118962
118963
118964
118965
118966
118967
118968
118969
118970
118971
118972
118973
118974
118975
118976
118977
118978
118979
118980
118981
118982
118983
118984
118985
118986
118987
118988
118989
118990
118991
118992
118993
118994
118995
118996
118997
118998
118999
119000
119001
119002
119003
119004
119005
119287
119288
119289
119290
119291
119292
119293
119294
119295
119296
119297
119298
119299
119300
119301
119302
119303
119304
119305
119306
119307
119308
119309
119310
119311
119312
119313
119314
119315
119316
119317
119318
119319
119320
119321
119322
119323
119324
119325
119326
119327
119328
119329
119330
119331
119332
119333
119334
119335
119336
119337
119338
119339
119340
119341
119342
119343
119344
119345
119346
119347
119348
119349
119350
119351
119352
119353
119354
119355
119489
119490
119491
119492
119493
119494
119495
119496
119497
119498
119499
119500
119501
119509
119510
119511
119512
119513
119514
119515
119516
119517
119518
119519
119520
119521
119522
119523
119524
119525
119526
119527
119528
119529
119530
119531
119532
119533
119534
119535
119536
119537
119538
119539
119540
119541
119542
119543
119544
119545
119546
119547
119548
119549
119550
119551
119552
119553
119554
119555
119556
119557
119558
119559
119560
119561
119562
119563
119564
119565
120125
120126
120127
120525
120526
120527
120528
120529
120799
120800
120801
120802
120803
120804
120805
120806
120807
120808
120809
120810
120811
120812
120813
120814
120815
120816
120817
120818
120819
120820
120821
120822
120823
120824
120825
120826
120827
120828
120829
120830
120831
120832
120833
120834
120835
120836
120837
120851
120852
120853
120854
120855
120856
120857
120858
120859
120860
120861
120862
120863
120864
120865
120866
120867
120868
120869
120870
120871
120872
120873
120874
120875
120876
120877
120878
120879
120880
120881
120882
120883
120884
120885
120886
120887
120888
120889
120890
120891
120892
120893
120894
120895
120896
120897
120898
120899
120900
120901
120902
120903
120904
120905
120906
120907
120908
120909
120910
120911
120912
120913
120914
120915
120916
120917
120918
120919
120920
120921
120922
120923
120924
120925
120926
120927
120928
120929
120930
120931
120932
120933
120934
120935
120936
120937
120938
120939
120940
120941
120942
120943
120944
120945
120946
120947
120948
120949
120950
120951
120952
120953
120954
120955
120956
120957
120958
120959
120960
120961
120962
120963
120964
120965
120966
120967
120968
120969
120970
120971
120972
120973
120974
120975
120976
120977
120978
120979
120980
120981
120982
120983
120984
120985
120986
120987
120988
120989
120990
120991
120992
120993
120994
120995
120996
120997
120998
120999
121000
121001
121002
121003
121004
121005
121006
121007
121008
121009
121010
121011
121012
121013
121014
121015
121016
121017
121018
121019
121020
121021
121022
121023
121024
121025
121026
121027
121028
121029
121030
121031
121032
121033
121034
121035
121036
121037
121038
121039
121040
121041
121042
121043
121044
121045
121046
121047
121048
121049
121050
121051
121052
121053
121054
121055
121056
121057
121058
121059
121060
121061
121062
121063
121064
121065
121066
121067
121068
121069
121070
121071
121072
121073
121074
121075
121076
121077
121078
121079
121080
121081
121082
121083
121084
121085
121086
121087
121088
121089
121090
121091
121092
121093
121094
121095
121096
121097
121098
121099
121100
121101
121102
121103
121104
121105
121106
121107
121108
121109
121110
121111
121112
121113
121114
121115
121116
121117
121118
121119
121120
121121
121122
121123
121124
121125
121126
121127
121128
121129
121130
121131
121132
121133
121134
121135
121136
121137
121138
121139
121140
121141
121142
121143
121144
121145
121146
121147
121148
121149
121150
121151
121152
121153
121154
121155
121156
121157
121158
121159
121160
121161
121162
121163
121164
121165
121166
121167
121168
121169
121170
121171
121172
121587
121588
121589
121590
121591
121592
121593
121594
121595
121596
121597
121598
121599
121600
121601
121602
121603
121604
121605
121606
121607
121608
121609
121610
121611
121612
121613
121614
121615
121616
121617
121618
121619
121620
121621
121622
121623
121624
121625
121626
121627
121628
121629
121630
121631
121632
121633
121634
121635
121636
121637
121638
121639
121640
121641
121642
121643
121644
121645
121646
121647
121648
121649
121650
121651
121652
121653
121654
121655
121656
121657
121658
121659
121660
121661
121662
121663
121664
121665
121666
121667
121668
121669
121670
121671
121672
121673
121674
121675
121676
121677
121678
121679
121680
121681
121682
121683
121684
121685
121686
121687
121688
121689
121690
121691
121692
121693
121694
121695
121696
121697
121698
121699
121700
121701
121702
121703
121704
121705
121706
121707
121708
121709
121710
121711
121712
121713
121714
121715
121716
121717
121718
121719
121720
121721
121722
121723
121724
121725
121726
121727
121728
121729
121730
121731
121732
121733
121734
121735
121736
121737
121738
121739
121740
121741
121742
121743
121744
121745
121746
121747
121748
121749
121750
121751
121752
121753
121754
121755
121756
121757
121758
121759
121760
121761
121762
121763
121764
121765
121766
121767
121768
121769
121770
121771
121772
121773
121774
121775
121776
121777
121778
121779
121780
121781
121782
121783
121784
121785
121786
121787
121788
121789
121790
121791
121792
121793
121794
121795
121796
121797
121798
121799
121800
121801
121802
121803
121804
121805
121806
121807
121808
121809
121810
121811
121812
121813
121814
121815
121816
121817
121818
121819
121820
121821
121822
121823
121824
121825
121826
121827
121828
121829
121830
121831
121832
121833
121834
121835
121836
121837
121838
121839
121840
121841
121842
121843
121844
121845
121846
121847
121848
122134
122135
122136
122137
122138
122139
122140
122141
122142
122143
122144
122145
122146
122147
122148
122149
122150
122151
122152
122153
122154
122155
122156
122157
122158
122159
122160
122161
122162
122163
122164
122165
122166
122167
122168
122169
122170
122171
122172
122173
122174
122175
122176
122177
122178
122179
122180
122181
122182
122183
122184
122185
122186
122187
122188
122189
122190
122191
122192
122193
122194
122195
122196
122197
122198
122199
122200
122201
122202
122337
122338
122339
122340
122341
122342
122343
122344
122345
122346
122347
122348
122353
122354
122355
122356
122357
122358
122359
122360
122361
122362
122363
122364
122365
122366
122367
122368
122369
122370
122371
122372
122373
122374
122375
122376
122377
122378
122379
122380
122381
122382
122383
122384
122385
122386
122387
122388
122389
122390
122391
122392
122393
122394
122395
122396
122397
122398
122399
122400
122401
122402
122403
122404
122405
122406
122970
122971
123385
123386
123387
123388
123389
123665
123666
123667
123668
123669
123670
123671
123672
123673
123674
123675
123676
123677
123678
123679
123680
123681
123682
123683
123684
123685
123686
123687
123688
123689
123690
123691
123692
123693
123694
123695
123696
123697
123698
123699
123700
123715
123716
123717
123718
123719
123720
123721
123722
123723
123724
123725
123726
123727
123728
123729
123730
123731
123732
123733
123734
123735
123736
123737
123738
123739
123740
123741
123742
123743
123744
123745
123746
123747
123748
123749
123750
123751
123752
123753
123754
123755
123756
123757
123758
123759
123760
123761
123762
123763
123764
123765
123766
123767
123768
123769
123770
123771
123772
123773
123774
123775
123776
123777
123778
123779
123780
123781
123782
123783
123784
123785
123786
123787
123788
123789
123790
123791
123792
123793
123794
123795
123796
123797
123798
123799
123800
123801
123802
123803
123804
123805
123806
123807
123808
123809
123810
123811
123812
123813
123814
123815
123816
123817
123818
123819
123820
123821
123822
123823
123824
123825
123826
123827
123828
123829
123830
123831
123832
123833
123834
123835
123836
123837
123838
123839
123840
123841
123842
123843
123844
123845
123846
123847
123848
123849
123850
123851
123852
123853
123854
123855
123856
123857
123858
123859
123860
123861
123862
123863
123864
123865
123866
123867
123868
123869
123870
123871
123872
123873
123874
123875
123876
123877
123878
123879
123880
123881
123882
123883
123884
123885
123886
123887
123888
123889
123890
123891
123892
123893
123894
123895
123896
123897
123898
123899
123900
123901
123902
123903
123904
123905
123906
123907
123908
123909
123910
123911
123912
123913
123914
123915
123916
123917
123918
123919
123920
123921
123922
123923
123924
123925
123926
123927
123928
123929
123930
123931
123932
123933
123934
123935
123936
123937
123938
123939
123940
123941
123942
123943
123944
123945
123946
123947
123948
123949
123950
123951
123952
123953
123954
123955
123956
123957
123958
123959
123960
123961
123962
123963
123964
123965
123966
123967
123968
123969
123970
123971
123972
123973
123974
123975
123976
123977
123978
123979
123980
123981
123982
123983
123984
123985
123986
123987
123988
123989
123990
123991
123992
123993
123994
123995
123996
123997
123998
123999
124000
124001
124002
124003
124004
124005
124006
124007
124008
124009
124010
124011
124012
124013
124014
124015
124016
124017
124018
124019
124020
124021
124022
124023
124024
124025
124026
124027
124426
124427
124428
124429
124430
124431
124432
124433
124434
124435
124436
124437
124438
124439
124440
124441
124442
124443
124444
124445
124446
124447
124448
124449
124450
124451
124452
124453
124454
124455
124456
124457
124458
124459
124460
124461
124462
124463
124464
124465
124466
124467
124468
124469
124470
124471
124472
124473
124474
124475
124476
124477
124478
124479
124480
124481
124482
124483
124484
124485
124486
124487
124488
124489
124490
124491
124492
124493
124494
124495
124496
124497
124498
124499
124500
124501
124502
124503
124504
124505
124506
124507
124508
124509
124510
124511
124512
124513
124514
124515
124516
124517
124518
124519
124520
124521
124522
124523
124524
124525
124526
124527
124528
124529
124530
124531
124532
124533
124534
124535
124536
124537
124538
124539
124540
124541
124542
124543
124544
124545
124546
124547
124548
124549
124550
124551
124552
124553
124554
124555
124556
124557
124558
124559
124560
124561
124562
124563
124564
124565
124566
124567
124568
124569
124570
124571
124572
124573
124574
124575
124576
124577
124578
124579
124580
124581
124582
124583
124584
124585
124586
124587
124588
124589
124590
124591
124592
124593
124594
124595
124596
124597
124598
124599
124600
124601
124602
124603
124604
124605
124606
124607
124608
124609
124610
124611
124612
124613
124614
124615
124616
124617
124618
124619
124620
124621
124622
124623
124624
124625
124626
124627
124628
124629
124630
124631
124632
124633
124634
124635
124636
124637
124638
124639
124640
124641
124642
124643
124644
124645
124646
124647
124648
124649
124650
124651
124652
124653
124654
124655
124656
124657
124658
124659
124660
124661
124662
124663
124664
124665
124666
124667
124668
124669
124670
124671
124672
124673
124674
124675
124676
124677
124678
124679
124680
124681
124682
124683
124684
124685
124976
124977
124978
124979
124980
124981
124982
124983
124984
124985
124986
124987
124988
124989
124990
124991
124992
124993
124994
124995
124996
124997
124998
124999
125000
125001
125002
125003
125004
125005
125006
125007
125008
125009
125010
125011
125012
125013
125014
125015
125016
125017
125018
125019
125020
125021
125022
125023
125024
125025
125026
125027
125028
125029
125030
125031
125032
125033
125034
125035
125036
125037
125038
125039
125040
125185
125186
125187
125188
125189
125190
125191
125192
125193
125194
125195
125196
125197
125200
125201
125202
125203
125204
125205
125206
125207
125208
125209
125210
125211
125212
125213
125214
125215
125216
125217
125218
125219
125220
125221
125222
125223
125224
125225
125226
125227
125228
125229
125230
125231
125232
125233
125234
125235
125236
125237
125238
125239
125240
125241
125242
125243
125244
125245
125246
125247
125248
125249
125250
125251
125252
125253
125254
125255
125256
125257
125831
125832
126236
126237
126238
126239
126240
126520
126521
126522
126523
126524
126525
126526
126527
126528
126529
126530
126531
126532
126533
126534
126535
126536
126537
126538
126539
126540
126541
126542
126543
126544
126545
126546
126547
126548
126549
126550
126551
126552
126553
126554
126555
126564
126565
126566
126567
126568
126569
126570
126571
126572
126573
126574
126575
126576
126577
126578
126579
126580
126581
126582
126583
126584
126585
126586
126587
126588
126589
126590
126591
126592
126593
126594
126595
126596
126597
126598
126599
126600
126601
126602
126603
126604
126605
126606
126607
126608
126609
126610
126611
126612
126613
126614
126615
126616
126617
126618
126619
126620
126621
126622
126623
126624
126625
126626
126627
126628
126629
126630
126631
126632
126633
126634
126635
126636
126637
126638
126639
126640
126641
126642
126643
126644
126645
126646
126647
126648
126649
126650
126651
126652
126653
126654
126655
126656
126657
126658
126659
126660
126661
126662
126663
126664
126665
126666
126667
126668
126669
126670
126671
126672
126673
126674
126675
126676
126677
126678
126679
126680
126681
126682
126683
126684
126685
126686
126687
126688
126689
126690
126691
126692
126693
126694
126695
126696
126697
126698
126699
126700
126701
126702
126703
126704
126705
126706
126707
126708
126709
126710
126711
126712
126713
126714
126715
126716
126717
126718
126719
126720
126721
126722
126723
126724
126725
126726
126727
126728
126729
126730
126731
126732
126733
126734
126735
126736
126737
126738
126739
126740
126741
126742
126743
126744
126745
126746
126747
126748
126749
126750
126751
126752
126753
126754
126755
126756
126757
126758
126759
126760
126761
126762
126763
126764
126765
126766
126767
126768
126769
126770
126771
126772
126773
126774
126775
126776
126777
126778
126779
126780
126781
126782
126783
126784
126785
126786
126787
126788
126789
126790
126791
126792
126793
126794
126795
126796
126797
126798
126799
126800
126801
126802
126803
126804
126805
126806
126807
126808
126809
126810
126811
126812
126813
126814
126815
126816
126817
126818
126819
126820
126821
126822
126823
126824
126825
126826
126827
126828
126829
126830
126831
126832
126833
126834
126835
126836
126837
126838
126839
126840
126841
126842
126843
126844
126845
126846
126847
126848
126849
126850
126851
126852
126853
126854
126855
126856
126857
126858
126859
126860
126861
126862
126863
126864
126865
126866
126867
126868
126869
126870
126871
126872
126873
126874
126875
126876
127270
127271
127272
127273
127274
127275
127276
127277
127278
127279
127280
127281
127282
127283
127284
127285
127286
127287
127288
127289
127290
127291
127292
127293
127294
127295
127296
127297
127298
127299
127300
127301
127302
127303
127304
127305
127306
127307
127308
127309
127310
127311
127312
127313
127314
127315
127316
127317
127318
127319
127320
127321
127322
127323
127324
127325
127326
127327
127328
127329
127330
127331
127332
127333
127334
127335
127336
127337
127338
127339
127340
127341
127342
127343
127344
127345
127346
127347
127348
127349
127350
127351
127352
127353
127354
127355
127356
127357
127358
127359
127360
127361
127362
127363
127364
127365
127366
127367
127368
127369
127370
127371
127372
127373
127374
127375
127376
127377
127378
127379
127380
127381
127382
127383
127384
127385
127386
127387
127388
127389
127390
127391
127392
127393
127394
127395
127396
127397
127398
127399
127400
127401
127402
127403
127404
127405
127406
127407
127408
127409
127410
127411
127412
127413
127414
127415
127416
127417
127418
127419
127420
127421
127422
127423
127424
127425
127426
127427
127428
127429
127430
127431
127432
127433
127434
127435
127436
127437
127438
127439
127440
127441
127442
127443
127444
127445
127446
127447
127448
127449
127450
127451
127452
127453
127454
127455
127456
127457
127458
127459
127460
127461
127462
127463
127464
127465
127466
127467
127468
127469
127470
127471
127472
127473
127474
127475
127476
127477
127478
127479
127480
127481
127482
127483
127484
127485
127486
127487
127488
127489
127490
127491
127492
127493
127494
127495
127496
127497
127498
127499
127500
127501
127502
127503
127504
127505
127506
127507
127508
127509
127510
127511
127512
127513
127514
127515
127516
127517
127518
127519
127520
127521
127522
127523
127524
127525
127526
127527
127528
127529
127530
127531
127532
127533
127534
127535
127823
127824
127825
127826
127827
127828
127829
127830
127831
127832
127833
127834
127835
127836
127837
127838
127839
127840
127841
127842
127843
127844
127845
127846
127847
127848
127849
127850
127851
127852
127853
127854
127855
127856
127857
127858
127859
127860
127861
127862
127863
127864
127865
127866
127867
127868
127869
127870
127871
127872
127873
127874
127875
127876
127877
127878
127879
127880
127881
127882
127883
127884
127885
127886
127887
127888
127889
127890
127891
128038
128039
128040
128041
128042
128043
128044
128045
128046
128047
128048
128049
128051
128052
128053
128054
128055
128056
128057
128058
128059
128060
128061
128062
128063
128064
128065
128066
128067
128068
128069
128070
128071
128072
128073
128074
128075
128076
128077
128078
128079
128080
128081
128082
128083
128084
128085
128086
128087
128088
128089
128090
128091
128092
128093
128094
128095
128096
128097
128098
128099
128100
128101
128102
128103
128104
128105
128106
128107
128108
128109
128707
128708
129123
129124
129125
129126
129127
129412
129413
129414
129415
129416
129417
129418
129419
129420
129421
129422
129423
129424
129425
129426
129427
129428
129429
129430
129431
129432
129433
129434
129435
129436
129437
129438
129439
129440
129441
129442
129443
129444
129445
129446
129447
129457
129458
129459
129460
129461
129462
129463
129464
129465
129466
129467
129468
129469
129470
129471
129472
129473
129474
129475
129476
129477
129478
129479
129480
129481
129482
129483
129484
129485
129486
129487
129488
129489
129490
129491
129492
129493
129494
129495
129496
129497
129498
129499
129500
129501
129502
129503
129504
129505
129506
129507
129508
129509
129510
129511
129512
129513
129514
129515
129516
129517
129518
129519
129520
129521
129522
129523
129524
129525
129526
129527
129528
129529
129530
129531
129532
129533
129534
129535
129536
129537
129538
129539
129540
129541
129542
129543
129544
129545
129546
129547
129548
129549
129550
129551
129552
129553
129554
129555
129556
129557
129558
129559
129560
129561
129562
129563
129564
129565
129566
129567
129568
129569
129570
129571
129572
129573
129574
129575
129576
129577
129578
129579
129580
129581
129582
129583
129584
129585
129586
129587
129588
129589
129590
129591
129592
129593
129594
129595
129596
129597
129598
129599
129600
129601
129602
129603
129604
129605
129606
129607
129608
129609
129610
129611
129612
129613
129614
129615
129616
129617
129618
129619
129620
129621
129622
129623
129624
129625
129626
129627
129628
129629
129630
129631
129632
129633
129634
129635
129636
129637
129638
129639
129640
129641
129642
129643
129644
129645
129646
129647
129648
129649
129650
129651
129652
129653
129654
129655
129656
129657
129658
129659
129660
129661
129662
129663
129664
129665
129666
129667
129668
129669
129670
129671
129672
129673
129674
129675
129676
129677
129678
129679
129680
129681
129682
129683
129684
129685
129686
129687
129688
129689
129690
129691
129692
129693
129694
129695
129696
129697
129698
129699
129700
129701
129702
129703
129704
129705
129706
129707
129708
129709
129710
129711
129712
129713
129714
129715
129716
129717
129718
129719
129720
129721
129722
129723
129724
129725
129726
129727
129728
129729
129730
129731
129732
129733
129734
129735
129736
129737
129738
129739
129740
129741
129742
129743
129744
129745
129746
129747
129748
129749
129750
129751
129752
129753
129754
129755
129756
129757
129758
129759
129760
129761
130142
130143
130144
130145
130146
130147
130148
130149
130150
130151
130152
130153
130154
130155
130156
130157
130158
130159
130160
130161
130162
130163
130164
130165
130166
130167
130168
130169
130170
130171
130172
130173
130174
130175
130176
130177
130178
130179
130180
130181
130182
130183
130184
130185
130186
130187
130188
130189
130190
130191
130192
130193
130194
130195
130196
130197
130198
130199
130200
130201
130202
130203
130204
130205
130206
130207
130208
130209
130210
130211
130212
130213
130214
130215
130216
130217
130218
130219
130220
130221
130222
130223
130224
130225
130226
130227
130228
130229
130230
130231
130232
130233
130234
130235
130236
130237
130238
130239
130240
130241
130242
130243
130244
130245
130246
130247
130248
130249
130250
130251
130252
130253
130254
130255
130256
130257
130258
130259
130260
130261
130262
130263
130264
130265
130266
130267
130268
130269
130270
130271
130272
130273
130274
130275
130276
130277
130278
130279
130280
130281
130282
130283
130284
130285
130286
130287
130288
130289
130290
130291
130292
130293
130294
130295
130296
130297
130298
130299
130300
130301
130302
130303
130304
130305
130306
130307
130308
130309
130310
130311
130312
130313
130314
130315
130316
130317
130318
130319
130320
130321
130322
130323
130324
130325
130326
130327
130328
130329
130330
130331
130332
130333
130334
130335
130336
130337
130338
130339
130340
130341
130342
130343
130344
130345
130346
130347
130348
130349
130350
130351
130352
130353
130354
130355
130356
130357
130358
130359
130360
130361
130362
130363
130364
130365
130366
130367
130368
130369
130370
130371
130372
130373
130374
130375
130376
130377
130378
130379
130380
130381
130382
130383
130384
130385
130386
130387
130388
130389
130390
130391
130392
130393
130394
130395
130396
130397
130398
130399
130400
130401
130402
130403
130404
130405
130406
130407
130408
130409
130410
130411
130412
130413
130705
130706
130707
130708
130709
130710
130711
130712
130713
130714
130715
130716
130717
130718
130719
130720
130721
130722
130723
130724
130725
130726
130727
130728
130729
130730
130731
130732
130733
130734
130735
130736
130737
130738
130739
130740
130741
130742
130743
130744
130745
130746
130747
130748
130749
130750
130751
130752
130753
130754
130755
130756
130757
130758
130759
130760
130761
130762
130763
130764
130765
130766
130767
130768
130769
130770
130913
130914
130915
130916
130917
130918
130919
130920
130921
130922
130923
130924
130925
130926
130927
130928
130929
130930
130931
130932
130933
130934
130935
130936
130937
130938
130939
130940
130941
130942
130943
130944
130945
130946
130947
130948
130949
130950
130951
130952
130953
130954
130955
130956
130957
130958
130959
130960
130961
130962
130963
130964
130965
130966
130967
130968
130969
130970
130971
130972
130973
130974
130975
130976
130977
130978
130979
130980
130981
130982
130983
130984
130985
130986
)


// ************************************************************************* //
