/*--------------------------------*- C++ -*----------------------------------*\
| =========                 |                                                 |
| \\      /  F ield         | OpenFOAM: The Open Source CFD Toolbox           |
|  \\    /   O peration     | Version:  2412                                  |
|   \\  /    A nd           | Website:  www.openfoam.com                      |
|    \\/     M anipulation  |                                                 |
\*---------------------------------------------------------------------------*/
FoamFile
{
    version     2.0;
    format      ascii;
    arch        "LSB;label=32;scalar=64";
    class       cellSet;
    location    "constant/polyMesh/sets";
    object      ignitionKernel;
}
// * * * * * * * * * * * * * * * * * * * * * * * * * * * * * * * * * * * * * //


18344
(
32768
32769
65537
65538
65539
65540
65541
65542
65543
65544
65545
65546
65547
65548
65549
65550
32783
65551
32784
65552
32785
65553
32786
65554
32787
65555
32788
65556
32789
65557
32790
65558
32791
65559
32792
65560
32793
65561
32794
65562
65563
65564
65565
65566
65567
65568
65569
65570
65571
65572
65573
65574
65575
32808
65576
32809
65577
65578
32811
32812
32813
32814
32815
32816
32817
32853
32854
32858
32859
32860
32861
32862
32863
32864
32865
32866
32867
32868
32869
32870
32871
32872
32873
32874
32875
32876
32877
32878
32879
32880
32881
32882
65659
65660
32893
65661
65662
65663
65664
65665
65666
65667
65668
65669
32902
65670
32903
65671
32904
65672
32905
65673
32906
65674
32907
65675
32908
65676
32909
65677
32910
65678
32911
65679
65680
65681
65682
65683
65684
65685
65686
65687
65688
32921
65689
65690
65691
65692
32925
65693
32926
65694
32927
65695
32928
65696
32929
32946
32951
32952
32953
32954
32955
32956
32957
32958
32959
65727
32960
65728
32961
65729
32962
65730
32963
65731
32964
65732
32965
65733
32966
65734
32967
32968
32969
32970
32971
32972
32973
32974
32977
32978
32979
32980
32999
33000
33001
33002
33003
33004
33005
33006
33007
33008
33009
33010
33011
33012
33013
33014
33015
33016
33017
33029
33031
33032
65804
65805
65806
65807
65808
65809
33042
65810
65811
65812
65813
65814
65815
33048
65816
33049
65817
33050
65818
33051
65819
33052
33053
65821
33054
65822
33055
33056
33057
65830
65835
65836
65837
65838
65839
65846
65847
65848
65849
65850
65851
65852
65853
65854
65855
33088
65856
33089
65857
33090
65858
33091
65859
33092
65860
33093
65861
65862
65864
33097
65865
33098
65866
33099
65867
65869
33102
33103
33104
33105
33106
33107
33108
33109
33110
33115
33116
33117
33118
33119
33120
33121
33124
98669
65903
65904
65907
65914
98683
65915
98684
98685
98686
33150
98687
33151
98688
33152
33163
33164
33165
33167
33168
33169
33170
98709
33173
33175
98715
98716
98717
98718
98719
98720
98721
98722
98723
98724
98725
98726
33190
98727
33191
98728
98729
98730
98731
33195
98732
33196
65964
98733
33197
65965
98734
33198
65966
98735
33199
65967
98736
33200
65968
98737
33201
98738
33202
98739
33203
98740
33204
98741
33205
98742
33206
98743
33207
98744
33208
65976
98745
33209
98746
33210
65978
98747
33211
98748
33212
98749
33213
98750
33214
98751
33215
98752
33216
98753
33217
98754
98755
98756
33232
33238
33239
33240
33241
33255
33256
33258
33259
33260
33261
98798
33262
98799
33274
33275
33276
33277
33278
33279
33280
33281
33282
33283
33285
33297
33304
33305
33306
33307
33308
33309
33310
33311
33313
33314
33315
33317
33318
66086
33319
66087
33320
66088
33321
66089
33322
66090
33323
66091
33324
66092
66093
66094
66095
66096
66100
33349
33350
33351
33353
33354
33355
33356
33357
66126
33359
66127
33360
66128
33361
66129
33362
66130
33363
66131
33364
66132
33365
66133
33366
66134
66135
66136
66137
66142
33380
33381
33382
33383
33385
33386
33387
33388
33389
33390
33391
33392
33393
66161
33394
66162
66163
66164
66165
66166
66167
66168
66169
66170
66171
66172
66173
66174
66175
66176
66177
33411
66179
66180
33414
66182
33415
33416
33417
33418
33419
33420
66190
66191
66200
66201
66202
66203
66204
66205
66206
66207
66208
66209
66210
66211
66212
66213
66214
66215
66216
66217
66218
66219
98989
66221
98990
98991
66223
98992
66224
98993
66225
98994
66226
98995
66227
98996
66228
98997
66229
98998
66230
98999
66231
99000
33464
66232
99001
33465
66233
99002
33466
66234
99003
66235
66236
66237
33470
66238
33471
66239
33472
66240
33473
66241
33474
66242
33475
66243
33476
66244
33477
66245
33478
66246
33479
66247
33480
66248
33481
66249
33482
66250
33483
66251
33484
66252
33485
66253
33486
66254
33487
66255
33488
66256
33489
66257
33490
66258
33491
66259
33492
66260
33493
66261
66262
66263
66264
66265
66266
66267
66268
66269
66270
66271
33504
66272
66273
66274
66275
66276
66277
66278
66279
66280
33513
33514
33515
33516
33517
33518
33519
33520
33521
33522
99059
33523
99060
99061
99063
33538
33543
33544
33545
33546
33547
66315
66316
66317
66318
66319
66320
99089
66321
99090
66322
99091
66323
66324
66329
66330
66331
33564
66332
66333
66334
66335
66336
33571
66339
33572
33573
33574
33575
33576
33577
33578
33579
33580
33581
33582
33583
33584
33585
33586
33587
33588
33589
33590
33591
33592
33593
33594
33595
33596
33597
33600
33601
33602
33603
66374
66375
66376
66377
33624
66394
33627
66395
33628
66396
33629
66397
33630
66398
33631
66399
33632
66400
33633
66401
33634
66402
33635
66403
33636
66404
33637
66405
33638
66406
33639
66407
33640
66408
33641
66409
33642
66410
33643
66411
33644
66412
33645
66413
33646
66414
66415
66416
66417
66418
66419
66420
66421
66422
66423
33656
66424
66425
66426
33659
66427
66428
66429
66430
66431
66432
66433
66434
66435
66436
66437
66438
66439
66440
33673
66441
66442
33675
66443
33676
66444
33677
66445
33678
66446
33679
66447
33680
66448
33681
66449
33682
66450
33683
66451
33684
66452
33685
66453
33686
66454
66455
66456
66457
66458
66459
66460
33719
33720
33721
33722
33723
33724
33725
33730
33731
33732
33733
33735
33736
33737
33738
33739
33740
33741
33742
33743
33748
33749
33750
33751
33752
33753
33787
33788
33798
33799
33800
33801
33804
33805
33806
33807
33808
33811
33814
66584
66585
66586
66587
66588
66589
66590
66591
66592
66593
66594
66595
66596
66597
33830
66598
33831
33832
33835
33836
33837
33838
33839
33840
33841
33842
33843
33844
33845
33846
33847
33848
33849
33850
33851
33852
33853
66621
33854
66622
33855
66623
33856
66624
33857
66625
33858
66626
33859
66627
66628
66629
33862
66630
66631
66634
66635
66636
66637
66638
66642
66643
66644
66645
66646
66647
66648
33881
66649
66650
66651
66652
66653
66654
66655
66656
33889
66657
33890
66658
33891
66659
66660
66661
99430
66662
66663
33905
99442
33906
33909
99446
33910
33911
33912
33913
33914
66690
66691
66692
33925
66693
33926
66694
33927
66695
33928
66696
33929
66697
33930
66698
33931
66699
33932
66700
33933
66701
33934
66702
66703
33936
66704
66705
66706
66707
66708
66709
66710
66711
66712
66713
66714
66715
66716
66717
33952
33953
33954
33955
33956
33957
33958
33959
33960
33962
33963
33964
33965
33968
33969
33970
33971
99508
33972
33973
33974
33975
33976
33977
34005
34006
34007
34008
34009
34010
34012
34013
34014
34017
34018
34019
34020
34021
34037
34038
34039
34040
34043
34044
34045
34046
34047
34048
34049
34050
34051
34052
34053
34054
34055
34070
34071
34075
34076
34077
34078
34079
34080
34081
34129
34130
34131
34137
34138
34139
34140
34141
34142
34143
34144
34145
34146
34147
34148
34149
34150
34151
34152
34153
34154
34155
34156
34157
34158
34159
34160
34161
34162
34171
34182
34183
34184
34185
34186
34187
34188
66956
34189
66957
34190
66958
66959
66960
66961
66962
66963
66964
66965
66966
66967
66968
66969
66970
66971
66973
34210
34211
34212
34213
34214
34215
66984
66985
66987
66993
66994
66995
66996
66997
66998
66999
34233
34239
34240
34241
34242
67010
34243
67011
34244
67012
34245
67013
34246
67014
34247
34248
34249
34250
34251
34252
34253
34254
67022
34255
67023
67024
34257
67025
34258
67026
34259
67027
34260
67028
34261
67029
34262
67030
34263
67031
34264
67032
34265
67033
34266
67034
34267
67035
34268
67036
67037
34271
34272
34273
34274
67064
67065
67066
67067
67068
34304
67073
34306
34309
34310
34311
34312
34313
67081
34314
67082
34315
67083
34316
67084
34317
67085
34318
67086
34319
67087
34320
67088
34321
67089
34322
67090
34323
67091
34324
67092
34325
67093
34326
67094
34327
67095
34328
67096
34329
67097
34330
67098
34331
67099
34340
34342
34358
67127
34360
67128
34361
67129
34362
34363
34364
34365
34366
34367
34368
34369
34370
34416
34417
34418
34419
34420
34421
34422
34423
34424
34428
34429
34430
34431
34432
34433
34436
34437
34438
34439
34440
34441
34442
34444
34445
34452
34453
34454
34455
34456
34457
34458
34504
67272
67273
67274
34513
34514
34515
34516
34518
34519
34520
34521
34522
34523
34526
34529
67297
34530
67298
67299
67300
34546
34547
34548
34549
34550
34552
67320
34553
34554
34555
34556
34557
34558
34559
34560
34561
34562
34563
34564
34565
34566
34567
34568
34569
34570
34571
34572
34573
34574
34575
34576
34577
34578
34579
34583
67352
67353
67354
67355
67356
67357
67358
67359
67360
67361
67362
67363
67364
34604
67372
67373
67374
67375
67376
34612
34613
34614
67382
34615
67383
100152
34616
67384
100153
67385
100154
67386
67387
67388
67389
67390
67391
67392
67393
67394
34627
67395
34628
67396
67397
67398
34631
67399
34632
67400
34633
67401
34634
67402
67403
67404
67405
67406
67407
67408
67409
67410
67411
67412
67413
67414
67415
34648
67416
34649
67417
34650
67418
34651
67419
34652
67420
34653
67421
34654
67422
34655
67423
34656
67424
67425
67426
67427
67428
67429
67430
67431
34677
34678
34679
34680
34681
34682
34683
34684
34685
34686
34687
34688
100226
34691
34692
34693
100230
34697
100234
34698
100235
34699
100236
34700
100237
34701
34702
34703
34704
34705
34706
34707
34708
34709
34744
34745
34746
34747
34748
34749
34751
34752
34753
34754
34758
34759
34760
34761
34777
34778
67546
34779
67547
34780
67548
67549
67550
67551
34784
67552
34785
34786
34787
67555
34788
34789
34790
34791
34792
34793
34794
34795
67576
67577
67578
67579
67580
67581
34814
67582
34815
67583
34821
67589
34822
67590
34823
67591
34824
67592
34825
67593
34826
67594
34827
67595
67596
67597
67598
67599
67600
67601
67602
67603
67604
67605
67624
67625
67626
67627
67628
67629
67630
67631
67632
67633
67634
67635
67636
67637
67638
67639
67640
67641
67642
67643
67644
67645
67646
67647
67648
34881
67649
34882
67650
67651
67652
67653
67654
67655
67656
67657
34890
67658
100427
34891
67659
100428
34892
67660
100429
34893
67661
100430
34894
67662
34895
67663
34896
67664
34897
67665
34898
67666
34899
67667
34900
34901
34902
34903
34904
34905
34906
34907
100444
34908
100445
34909
100446
34910
100447
34911
100448
34912
100449
34913
100450
34914
100451
34915
100452
34916
100453
34917
100454
34918
100455
34919
100456
34920
100457
34921
100458
34922
100459
34923
100460
100461
100462
100463
100464
34941
34942
34943
34944
34945
34946
34947
34948
34949
67738
34971
67739
34972
67740
34973
67741
34974
67742
34975
67743
34976
67744
34977
67745
67746
67747
67748
67749
67750
67751
67752
67753
67754
67755
67756
67757
67758
67759
67760
67761
67762
67763
67764
67765
67766
34998
67767
34999
67768
67769
67770
67771
67772
35008
35009
35010
35011
35012
35013
35014
35015
35016
35017
35018
35019
35020
35021
35022
35023
35024
35026
35028
35029
35030
35031
35032
35033
67802
35034
67803
35035
67804
35036
67805
35037
67806
35038
67807
35039
35042
35043
35044
35045
35046
35080
35085
35086
35087
35088
35089
35090
35091
35092
35093
35094
35095
35096
35097
35098
35099
35100
35101
35102
35103
35104
35105
100642
35106
35107
100644
35108
100645
35109
100647
100648
100649
67882
67883
67884
100653
67885
100654
67886
67887
35119
67888
67889
67890
67891
67892
67893
67894
67895
67896
67897
67899
67901
35137
35139
35140
35141
35142
35143
67912
35144
67913
35145
35146
35147
35148
35149
35150
67919
67920
67921
67922
67932
67933
67934
67935
67936
67937
67938
67939
67940
67941
67942
67943
67944
67945
67947
67949
67950
67951
67952
67954
35206
35207
35208
35209
35210
35211
35212
35213
35214
35218
35219
35220
35221
35222
35223
35226
35227
35228
67997
35229
67998
35230
35231
35232
35233
35234
35236
35237
68006
35245
35246
35247
35248
35249
35250
68050
68051
68052
68053
68061
68062
68063
35299
68070
35309
35310
35311
35312
35314
35315
35316
35317
35318
35319
35320
35321
35322
35325
35328
35329
35330
35348
35349
35350
35351
35352
35353
35354
35355
35356
35357
35358
35359
35360
35361
35362
35363
35364
35365
35366
35367
35368
35369
35370
35371
35372
35373
35374
35375
35379
35400
35401
35402
68174
68175
68176
68177
68178
68179
68180
35412
68181
35413
35414
68183
35415
68185
68186
35429
35430
35434
35435
35436
35437
35438
68216
68217
68218
35450
68219
68220
68221
68222
35454
68223
35455
68224
35456
68225
35457
68226
35458
35459
35460
35461
68230
35462
35463
35485
35486
68255
35487
68256
35488
68257
35489
68258
35490
68259
35491
68260
35492
68261
35493
68262
35494
68263
35495
68264
35496
68265
35497
68266
35498
68267
35499
68268
68269
35502
35503
68272
35504
68273
68274
68275
35508
35509
35510
35511
35512
35513
35514
35515
35516
68285
35517
68286
35518
68287
35519
35520
35521
68299
68300
68301
68302
68303
68304
68305
68306
68307
68308
68309
68310
68311
68312
68313
68314
68315
68316
68317
68318
68319
68320
68321
68322
68323
68324
68325
68326
68327
68328
68329
35561
68330
35562
68331
35563
68332
35564
68333
35565
68334
35566
68335
35567
68336
35568
68337
35569
68338
68339
35571
68340
35572
68341
35573
68342
35574
68343
35575
68344
68345
68346
35578
68347
35579
68348
35580
68349
35581
68350
68351
68352
68353
68354
68355
68356
68357
68358
68359
68360
68361
68362
68363
68364
68365
68366
35598
68367
35599
68368
35600
68369
35601
68370
35606
35607
35608
35609
35610
35611
35612
35613
35614
35615
35616
35617
35618
68401
68402
68403
68404
68405
68406
68407
68408
68409
35641
35642
68411
68417
68418
68419
68420
35652
68421
35653
68422
35654
68423
35655
68424
35656
35657
68426
35658
68428
68468
68487
68488
68489
35721
68490
35722
68491
35723
68492
68493
68494
68495
68496
68497
68498
35730
68499
35731
68500
35732
68501
35733
68502
35734
68503
35735
68504
35736
101273
68505
35737
68506
35738
68507
35739
68508
35740
68509
35741
68510
35742
68511
35743
68512
35744
68513
35745
68514
35746
68515
35747
68516
35748
101285
68517
101286
68518
35750
101287
68519
35751
101288
68520
35752
68521
35753
68522
35754
68523
35755
68524
35756
68525
35757
68526
35758
68527
35759
68528
35760
68529
35761
68530
35762
68531
35763
68532
35764
68533
35765
68534
35766
68535
68536
68537
68538
68539
68540
68541
68542
68543
101312
68544
68545
68546
101315
68547
101316
68548
101317
68549
101318
101319
101320
35784
35785
101322
35786
101323
35787
101324
35788
101325
35789
101326
35790
101327
35791
101328
35792
101329
35793
101330
101331
101332
101333
101334
101335
101336
101337
101338
101339
101340
101341
101342
101343
101344
101345
101346
101347
101348
101349
101350
101351
101352
35816
101353
35817
101354
35818
35819
35820
35821
35822
35823
35846
35847
101396
35860
101397
35861
101398
35862
35863
35864
35865
35866
35867
35868
35869
35870
35871
35872
35873
35874
35875
35876
35877
35878
35879
35881
35882
35883
35884
35885
35886
35887
35888
35889
35890
35891
35892
35893
35894
35895
35898
35899
68668
35900
68669
35901
68670
35902
68671
68672
68673
68674
68675
68676
68677
68678
68679
68680
68681
35934
68705
68706
68707
68708
68709
68710
68711
68712
35944
68713
35946
68715
35947
35948
35949
35950
68719
35951
68720
35952
68721
35953
68722
35954
35955
35956
35957
35958
68727
35959
68728
35960
68729
35961
68730
35962
68731
35963
68732
35964
68733
35965
68734
35966
68735
35967
68736
35968
68737
35969
68738
35970
68739
68740
68741
68742
68743
68744
68745
68746
35978
68747
35979
35998
36000
68769
36001
68770
36002
68771
36003
68772
36004
68773
36005
68774
36006
68775
36007
68776
36008
68777
36009
68778
36010
68779
36011
68780
36012
68781
36013
68782
36014
68783
68784
68785
68786
68787
68788
68789
68790
68791
68792
68793
101599
101600
101601
101602
101603
101604
101605
101606
101607
101608
101609
101610
101611
36076
36077
36078
36079
36080
36081
36082
36083
36084
36085
36089
36090
36091
36093
36094
36097
36098
36099
36100
36101
36102
36103
36105
36109
36110
36119
36120
36121
36122
36123
36124
101665
101666
101691
101692
101693
36176
36188
36189
36190
36191
36193
36194
36195
36196
36197
36198
36199
36200
36204
36209
36211
36212
36232
36233
36234
36235
36236
36237
36238
36239
36240
36241
36242
36243
36244
36245
36246
36247
36248
36249
36250
36251
36252
36253
36254
36255
36256
36257
36258
36259
36264
69040
69041
69042
69043
69044
69045
69046
69047
69048
69049
69050
69051
69052
69053
69054
69055
36287
69056
36288
69057
36289
36299
36300
36301
69075
69076
69079
36314
36315
69087
36319
69088
36320
69089
36321
69090
36322
69091
36323
69092
69093
69106
69107
36339
69108
36340
36341
69110
36342
36343
36344
36345
36346
36347
36348
69123
69124
69125
69126
69127
69128
69129
69130
69131
69132
69133
69134
69135
69136
36370
36371
36372
36373
36374
36375
36376
36377
36378
36379
36380
36381
36382
36383
36384
36385
36386
36387
36388
36391
36392
69161
36393
69162
69163
69164
69167
36399
36400
36401
69170
36402
69171
36403
36404
36405
36406
36407
36408
36409
36410
36411
36412
36413
69182
69183
69184
69185
69186
69187
69188
69189
69190
69191
69192
69193
69194
69195
69196
36455
36456
36457
36458
36459
36460
69229
36461
69230
36462
69231
36463
36464
36465
36468
36469
36470
36471
36476
36477
36478
102027
102032
36498
36499
36500
36501
36502
36506
102043
36507
102044
36508
36509
36510
36511
36512
36513
36514
36515
36516
36539
36540
36544
36545
36552
36553
36554
36555
36556
36557
36558
102107
69379
69380
69381
69382
69383
36630
36631
36632
36633
69405
69406
69407
69408
69409
36643
36644
36645
36646
36647
36648
36649
36650
36651
36652
36653
36654
36655
36656
36657
36658
36659
36660
36661
69430
36662
36663
36665
36666
36667
36668
36669
36670
36671
36672
36673
36674
36675
36676
36677
36678
36679
36680
36681
36682
36683
36684
36685
69463
69464
69465
69466
69467
69468
69469
36701
69470
36702
69471
36703
69472
36704
36705
69474
36706
69475
36707
69476
36708
36709
69488
69489
69490
69491
69492
36731
36732
69501
36733
69502
36734
69503
36735
69504
36736
69505
36737
69506
36738
69507
36739
69508
36740
69509
69510
69511
69512
69513
69514
69515
69516
69517
69518
69519
69520
69521
69522
69523
69524
69525
69526
69527
69528
69529
69530
69531
69532
36764
69533
36765
69534
69535
69536
69537
69538
69539
69540
69541
69542
69543
69544
69545
36778
36779
36780
36781
36782
36783
36784
36785
36786
36787
36788
36789
36790
36791
36792
36793
36794
36795
36796
36797
36798
36800
36801
36802
36804
36805
36806
36807
36808
36809
36810
36811
36812
36813
36814
36815
36816
36817
36820
36821
36822
36823
36824
36825
36826
36878
36883
36884
36885
36886
36887
36888
36889
36890
36891
69660
36892
69661
36893
69662
36894
69663
36895
69664
36896
69665
36897
69666
36898
36899
69668
36900
36901
69670
36902
36903
36904
36905
36906
36907
36908
36909
36910
36911
36918
69692
69693
69694
69695
69696
69697
69698
69699
69700
69701
69707
69708
69709
69710
36942
69711
69712
36944
69713
36945
69714
36946
69715
36947
69716
36948
69717
36949
69718
36950
69719
36951
69720
36952
69721
36953
69722
36954
69723
36955
36956
36957
36958
36959
36960
36961
36962
36963
69741
69742
69743
69744
69745
69746
69747
69748
69749
69750
69751
69752
69753
69754
69755
69756
69757
69758
69759
69760
69761
69762
69763
69764
69765
69766
69767
69768
69769
69770
69771
69772
69773
69774
69775
69776
69777
37039
37040
37041
37042
37043
37044
37045
37046
37047
37048
37049
37050
37051
37052
37057
37058
37059
37065
37066
37067
37068
37069
37070
37071
37072
37073
69843
37075
69844
69845
69846
37078
69847
69848
69849
69850
69851
69852
69853
69854
69855
37087
69856
37088
69857
37089
69858
37090
69859
37091
69860
69861
69862
69863
69864
69865
69866
69867
69868
69869
69870
69871
69872
69873
69874
69875
69876
69877
69905
69906
69907
37149
37164
37165
37166
37167
37168
37169
37171
37172
37173
37174
37175
37176
37177
37178
37179
37182
37189
37191
37192
37193
37212
37213
37214
37215
37216
37217
37218
37219
69988
37220
69989
37221
69990
37222
69991
37223
69992
37224
69993
37225
69994
37226
69995
37227
69996
37228
69997
37229
69998
37230
37231
70000
37232
70001
37233
70002
37234
37235
37236
37237
37238
37239
37240
37241
102778
37242
102779
102780
37246
102783
37247
70017
70018
70019
70020
70027
70028
70029
70030
70031
37271
37272
70044
70045
70046
70047
70048
70049
70050
37282
70051
37283
70052
37284
70053
70054
70056
70057
70058
70059
70060
37298
37299
37302
37303
37304
37305
37306
37307
102856
37322
37323
37324
37325
37326
102863
37327
102864
37328
37329
37330
37331
37332
70120
37357
37358
37359
37360
37361
37362
37363
37364
37365
37366
37367
37368
37369
37370
37371
37372
37373
37374
37375
37376
37377
37378
37379
37381
37382
37383
37384
37390
37391
37392
70161
37393
70162
37394
37395
70164
37396
37397
37398
37399
70168
37400
70169
37401
37402
37403
37404
37405
70177
70179
37456
37458
37459
37460
37461
37462
37463
37464
37465
37466
37467
37468
37469
37472
37473
37474
37475
37476
37481
37482
37483
37484
37503
37504
37505
37506
37507
37508
37509
70282
37514
70283
37515
70284
37516
103053
70285
37517
103054
70286
37518
37519
37520
70289
37521
70290
37522
37523
37524
103069
103070
103071
103072
103073
103074
103075
103076
103077
103078
103079
103080
103081
103082
103083
103084
37548
103085
37549
103086
103087
103088
103089
37553
103090
37554
37555
70324
70325
70326
70327
70328
70329
70330
70331
37563
70332
37564
70333
37565
70334
37566
70335
37567
37568
37569
37570
70339
70340
70372
70373
70374
70375
70376
70377
70378
70379
70380
70381
70382
70383
70384
70385
70388
70389
70390
70391
70392
70404
70405
70407
37646
37647
37648
70422
70423
70424
70425
70426
70427
70428
37660
70429
70430
37662
70431
37663
70432
37664
70433
37665
70434
37666
70435
37667
70436
37668
70437
37669
70438
37670
70439
37671
70440
37672
70441
37673
70442
37674
70443
37675
70444
37676
70445
37677
70446
37678
70447
37679
70448
37680
70449
37681
70450
37682
70451
70452
70453
37685
70454
37686
70455
37687
70456
37688
70457
37689
70458
37690
70459
37691
70460
37692
70461
37693
70462
37694
70463
37695
70464
37696
70465
37697
70466
37698
70467
37699
70468
37700
70469
37701
70470
37702
70471
37703
70472
37704
70473
37705
70474
37706
70475
37707
70476
37708
70477
70478
70479
70480
70481
70482
70483
70484
70485
70486
70487
70488
37724
37725
37726
37727
37728
37729
37730
37731
103270
103271
70515
70516
70517
70518
70519
70520
70521
70522
37754
70523
37755
70524
37756
37757
37758
70527
37759
37760
37761
37762
37763
37764
70533
70534
70535
70536
70537
70538
70539
70541
70544
37793
37794
37795
37796
37811
37812
37813
37814
37815
37816
37817
37818
37819
37820
37821
37822
37823
37824
37825
37826
37827
37828
37829
37831
37832
37833
37835
37837
37838
70607
37839
70608
37840
70609
37841
70610
37842
70611
37843
70612
37844
70613
37845
70614
37846
70615
37847
70616
37848
70617
37849
70618
37850
70619
37851
70620
37852
70621
37853
70622
37854
70623
37855
70624
70625
70626
37858
70627
37859
70628
37860
70629
37861
70630
37862
70631
37863
70632
70633
70634
70635
70636
70637
70638
70639
70640
70641
70642
70643
70644
70645
70646
70647
70648
70649
70650
70651
70652
70653
70654
70655
70656
70657
70658
70659
70660
70661
70662
70663
70664
70665
70666
37923
37924
37925
37926
37927
37928
37929
37930
37931
37932
37933
37934
37935
37936
37937
37938
37939
37940
37941
37942
37943
37944
37945
37946
37947
37948
37949
37950
37951
37952
37984
37985
37987
37988
37989
37990
37991
37992
37993
37994
37995
37996
37997
37998
37999
38000
38001
38002
38003
38004
38005
38006
38007
70783
70784
70785
70786
70787
70788
70789
70790
70791
70792
70795
70819
70820
70821
70822
70823
70824
70825
70827
70828
70830
70831
70832
70833
70834
70838
70839
70840
70841
70842
70843
70844
70845
70846
70847
70848
70849
70850
70851
70852
70853
70854
70855
70856
70857
38089
38090
38091
38092
38093
38094
38095
38096
38097
38098
38099
38104
38105
38107
38108
70879
70880
70881
70882
70883
38115
70884
38116
70885
38117
70886
38118
70887
38119
70888
38120
70889
38121
70890
38122
70891
38123
70892
38124
70893
38125
70894
70895
38127
70896
70897
70898
38130
70899
70900
38132
70901
38133
38143
38144
38145
38146
38147
38210
38211
38228
38229
38230
38231
38232
38235
38236
38237
38238
38239
38242
38250
38253
38254
38255
38256
38274
38275
38276
38277
38278
38279
38280
38281
38282
38283
38284
38285
38286
38287
38288
38289
38290
38291
38292
38293
38294
38295
38296
38297
38298
38299
38300
38301
38302
38303
38304
38305
38306
38307
38308
38312
38337
38338
38350
38351
38352
38368
38369
38373
38374
38375
38376
38377
38378
38379
71161
71162
71163
38395
71164
38396
71165
38397
71166
38398
71167
38399
71168
38400
71169
38401
71170
38402
71171
38403
103940
71172
38404
103941
71173
103942
71174
103943
71175
71176
71177
38428
103965
38429
103966
38430
103967
71199
38431
103968
71200
38432
103969
71201
38433
103970
38434
103971
38435
103972
71204
38436
103973
38437
103974
38438
103975
38439
103976
38440
103977
38441
103978
38442
103979
38443
103980
38444
103981
38445
103982
71214
38446
103983
71215
38447
103984
71216
38448
103985
71217
38449
103986
71218
38450
103987
71219
38451
103988
71220
38452
103989
71221
103990
71222
103991
103992
38456
103993
38457
103994
38458
103995
103996
38465
38466
38467
71236
38468
71237
38469
71238
38470
38471
38472
38473
38474
38475
38476
38477
38478
38479
38480
38481
71255
71256
71257
71258
71259
71260
71261
71262
71263
71264
71265
71266
71267
71268
104037
71269
71270
71271
71272
71295
71296
71297
71298
71299
71302
71303
38536
38537
38538
38539
38540
38541
38542
38543
38544
38545
38546
38547
71316
38548
71317
38549
71318
38550
71319
71320
38552
71321
38553
71322
38554
71323
38555
71324
38556
71325
38557
71326
71327
71328
71329
71331
38563
38564
38565
38588
38590
38591
38592
38593
38594
38595
38600
38601
38602
38603
38604
38605
38606
38632
38633
38639
38640
38648
38649
38650
38651
38652
38653
38654
38655
38656
38657
104239
104240
104241
104242
104243
104244
104245
104246
38737
38738
38739
38752
38753
38754
38755
38756
38757
38758
38759
38760
38761
38762
38763
38764
71533
38765
71534
38766
38767
38768
38769
38770
38771
38772
38773
38774
38775
38776
38778
104315
104316
38780
104317
38781
38782
38783
38784
71553
38785
71554
38786
71555
38787
71556
38788
38789
38790
38791
38792
38793
38794
38795
38796
38797
71578
71579
38815
38816
38817
38818
38819
38820
38821
38822
38823
38824
71618
38850
71619
38851
71620
71621
38853
71622
38854
71623
38855
71624
38856
71625
38857
71626
38858
71627
38859
71628
38860
71629
38861
71630
38862
71631
71632
71650
71651
71652
71653
38895
71664
38896
71665
38897
71666
38898
71667
71668
71669
71670
71671
71672
71673
71674
38906
71675
71676
71677
71678
71679
71680
71681
71682
71683
71684
38916
71685
38917
71686
38918
71687
38919
71688
38920
71689
38921
71690
38922
71691
38923
71692
38924
71693
38925
71694
38926
71695
38927
71696
38928
71697
38929
71698
38930
71699
38931
71700
38932
71701
38933
38934
38936
38937
38938
38939
38941
38942
38944
38945
38946
38947
38948
38949
38950
38951
38952
38953
38954
38955
38956
38957
38958
38959
38960
38961
38962
38965
38966
38967
38968
38969
39025
39026
39027
39028
39029
39030
39031
39032
39033
39034
39035
39036
39037
39038
39039
39040
39041
39042
39043
39044
39045
39046
39048
71817
39049
71818
39050
71819
39051
71820
39052
71821
39053
71822
39054
71823
39055
71824
39056
71825
71852
71853
71854
71855
39087
71856
39088
71857
71858
39090
71859
39091
71860
39092
71861
39093
39094
71863
39095
39096
39097
39098
71867
39099
71868
39100
71869
39101
71870
39102
71871
39103
71872
39104
71873
39105
71874
39106
71875
39107
71876
39108
71877
39109
71878
39110
71879
39111
71880
104649
71881
71882
71883
71884
104653
71885
71886
71887
71888
104667
71905
71906
71907
71908
71909
71910
71911
71912
71913
71914
71915
71916
71917
71918
71919
71920
71921
71922
71923
71924
71925
71926
71927
71928
71929
71930
71931
71932
71933
71934
71935
71936
104731
39196
39197
39198
39199
39201
39202
39203
39204
39205
39206
39212
39213
39215
39216
39217
39223
39224
39225
39226
39227
39228
39229
71998
39230
71999
39231
72000
39232
72001
39233
72002
39234
72003
39235
72004
72005
72006
72007
72008
72009
39241
72010
39242
72011
39243
72012
39244
72013
72014
72015
72016
72017
72018
72019
72020
72021
72022
39254
72023
39255
72024
39256
72025
39257
72026
72027
72028
72054
72055
39323
39324
39344
39345
39346
39347
39350
39351
39352
39353
39356
39357
39367
72139
39371
72140
39372
72141
39373
72142
72143
72144
72145
72146
72147
72148
72149
72150
72151
72152
72154
72155
39391
39392
39393
39394
39395
39396
39397
39398
39399
39400
39401
39402
39403
39404
39405
39406
39407
72176
39408
72177
39409
72178
39410
72179
39411
39412
39413
39414
39415
39416
39417
39418
39419
72188
39420
72189
39421
72190
39422
72191
39423
72192
39424
72193
39425
39426
39427
39428
39429
39430
39431
39432
39433
39438
72207
39439
72208
72209
72210
72211
72212
72213
72214
72215
72216
72217
72218
72219
72221
72222
72223
72224
72228
39469
39470
39483
39484
39485
39486
39504
39505
39506
39511
39512
39513
39514
39515
72289
39531
39532
39533
39534
39535
39536
39537
39538
39539
39540
39541
72330
72331
39566
39567
39568
72337
39569
39570
72339
39571
39572
72341
39573
39574
39575
39576
39577
39578
39579
39580
39581
39582
39583
39584
39585
39586
39587
39588
39589
39590
39591
39592
39593
39594
39595
39599
39601
39602
39603
39611
39612
39613
39614
39615
39616
39617
39618
39619
39620
39621
39622
39623
39624
39625
39626
39627
39628
39629
72444
72445
72447
72448
72449
39690
39692
39693
39694
39695
39696
39697
39698
39699
39700
39701
39702
39703
39704
39705
39706
39707
39708
39709
39710
39711
39712
39713
72488
39720
72489
39721
72490
39722
72491
72492
72493
72494
72495
72496
72497
72498
72500
72503
72504
39750
39751
39752
39753
39754
39755
39756
39761
39762
39763
39764
39765
72539
72540
72541
72542
72543
72544
72545
72546
72547
72548
72549
72550
72551
72552
72553
72554
72556
72557
39789
72558
39790
72560
72561
39797
39798
39807
39808
72577
39809
72578
39810
72579
39811
39812
72581
39813
39814
72583
39815
39816
39817
72598
72599
72600
72601
72602
72603
72604
72605
72606
72607
72608
72609
72610
72611
72612
72613
72614
72615
72616
72617
72618
72619
72620
72621
72622
72623
72624
72625
72626
72627
72628
72629
72630
72631
72632
72633
72634
72635
72636
72637
72638
72639
72640
72641
72642
72643
72644
72645
72646
72647
72648
105417
72649
72650
72651
72652
105421
72653
72654
72655
72656
72657
72658
72659
72660
39897
39898
39899
39910
39912
39914
39916
72685
39917
72686
39918
72687
39919
72688
39920
72689
39921
72690
39922
72691
39923
72692
39924
72693
39925
72694
39926
39927
39928
39929
39930
39931
39932
39933
39935
39936
39937
72706
72707
39939
72708
72709
39941
72710
39942
72711
39943
72712
39944
72713
39945
72714
39946
72715
39947
39948
39949
39950
39951
39952
39953
39954
39955
39956
39957
39958
39959
39960
39961
105503
39982
39983
39984
39985
39986
39987
39988
39989
39990
39991
72784
72785
72786
72787
40019
72788
40020
72789
40021
72790
40022
72791
40023
72792
40024
72793
40025
72794
40026
72795
40027
72796
72797
72798
72799
72800
72801
72802
72803
72804
72805
72806
72807
72808
72809
72810
72811
72812
72813
72814
72815
72816
72817
72818
72819
72820
72821
72822
72823
72824
72825
72826
72827
72828
72829
40061
72830
40062
72831
40063
72832
40064
72833
72834
72835
72836
40083
40084
40085
40086
40087
40088
40089
40090
40091
40092
40093
40094
40095
40096
40097
40098
40099
40100
40101
40102
40103
40105
40106
40107
40108
40109
40111
40112
40114
40115
40116
40117
40118
40119
40120
40121
40122
40123
40124
40125
40126
40127
40128
40129
40130
40131
40132
40133
40134
40135
40136
40137
40138
40141
40142
40143
40144
40145
40146
40147
105695
105696
105712
105713
105715
105716
105717
72949
105718
72950
105719
72951
105720
72952
105721
72953
105722
72954
105723
72955
105724
72956
105725
72957
105726
72958
105727
72959
105728
105729
105730
72962
105731
105732
105733
40213
40215
40216
40218
40219
40220
72989
40221
72990
40222
72991
40223
72992
40224
72993
40225
72994
40226
72995
40227
72996
40228
40229
72998
40230
72999
40231
73000
40232
73001
40233
40234
40235
40236
73005
40237
73006
40238
73007
40239
73008
73009
40241
73010
40242
73011
40243
73012
40244
73013
40245
73014
40246
73015
40247
73016
40248
73017
40249
73018
40250
73019
73020
73021
73022
73023
73024
73046
73047
73048
73050
40282
73051
40283
73052
40284
73053
40285
73054
40286
73055
40287
73056
40288
73057
40289
73058
40290
73059
40291
73060
40292
73061
40293
73062
40294
73063
40295
73064
40296
73065
40297
73066
40298
73067
40299
40300
40301
40302
40303
40304
40305
40306
105911
40402
40403
40404
40405
40406
40407
40408
40409
40410
40411
40412
40413
40419
40420
40423
40424
40425
40426
40430
40431
40432
40433
40434
40435
40436
40437
40438
40439
40440
40441
40442
40443
40444
40450
40451
40452
40453
40464
40465
40466
40467
40557
40558
40559
40560
40561
40562
40564
40565
40566
40567
40568
73337
73338
73339
40571
73340
40572
73341
73342
73343
73344
73345
73346
73347
73348
73349
40581
73350
40582
73351
73352
73353
73354
73355
40587
40588
73357
40589
73358
40590
40606
40607
40609
40610
73379
40611
40612
73381
40613
40614
73383
40615
40616
40617
40618
40619
40620
40621
40622
40623
40624
40625
40626
40627
73396
40628
73397
40629
73398
40630
73399
40631
73400
40632
73401
40633
73402
40634
73403
40635
73404
40636
73405
40637
40638
40639
40640
40641
40642
40643
40644
40645
40646
40647
40648
40649
40650
73419
40651
73420
73421
40656
40658
73445
73446
73447
73448
73449
73450
73451
73452
73453
73454
40686
73455
40687
73456
73457
40702
40703
40704
40705
73479
73480
73481
73482
73483
73485
73488
40721
40722
40723
40724
40727
40728
40729
73498
40730
73499
73500
73501
73502
73503
73504
73505
73506
73507
73508
73509
73510
73511
73512
73513
73514
40748
40749
40750
40751
40752
40753
40754
40755
40756
40784
40785
40786
40787
40788
40789
40790
40791
40792
40793
40794
40795
40796
40797
40798
40799
40800
40801
40802
40803
40804
40805
40806
40807
40808
40809
40810
40811
40812
40813
40816
40818
40819
40820
40821
40830
40831
40832
40833
40834
40835
40836
40837
40838
40839
40840
40841
40842
40843
40844
40845
40846
40847
40848
40849
40850
40851
40852
40923
40926
40927
40928
40929
40930
40931
40932
40933
40934
40935
40936
40937
40938
40939
40940
40941
40942
40943
40944
40945
40946
40947
40948
40949
40957
73731
73747
73748
40985
40986
40987
40988
40989
40990
40991
40996
40998
40999
41000
41001
73770
73771
41025
41026
41031
41032
41034
41035
41042
73811
41043
73812
41044
73813
41045
73814
41046
73815
41047
73816
41048
73817
41049
73818
41050
73819
41051
73820
41052
73821
41053
73841
106610
73842
106611
73843
73844
73846
73857
73858
73859
106628
73860
106629
73861
106630
73862
106631
73863
106632
73864
106633
73865
106634
73866
73867
106636
73868
106637
73869
106638
73870
73871
106640
73872
106641
73873
106642
73874
106643
73875
106644
73876
73877
106646
73878
106647
73879
106648
73880
73881
73882
73883
73884
73885
73886
73887
73888
73889
73890
73891
73892
73893
73894
41130
41131
41143
41144
41147
41149
41150
41151
41152
41153
41154
41155
106692
41156
41157
41158
41159
41160
41161
41162
41163
41164
41165
41166
41167
41169
41170
41172
41174
41175
41176
41177
41178
41179
41180
41181
41182
41183
41184
41185
41186
41187
41188
41189
41190
41191
41192
41193
41194
41195
41196
41217
41218
41219
41220
41221
41222
41223
41224
41225
74013
74014
74015
74016
74017
74018
74019
74020
41254
41255
41256
41257
41258
41259
41260
41261
41262
41263
41264
74051
74052
74053
74054
74055
74056
74057
74058
74059
74063
74064
74065
74066
74067
74068
74069
74070
41302
74071
74072
41304
74073
41305
74074
41306
74075
41307
74076
74077
74078
74079
74080
74081
74082
74083
74084
74085
41328
41329
41330
41331
41332
41333
74102
41334
74103
41335
74104
41336
74105
41337
74106
41338
74107
41339
74108
41340
74109
41341
74110
41342
74111
41343
74112
41344
74113
41345
74114
41346
74115
41347
74116
41348
74117
41349
74118
74119
74120
41352
74121
41353
74122
41354
74123
41355
74124
74125
74126
74127
41359
74128
41360
74129
41361
74130
41362
74131
41363
74132
41364
74133
41365
41366
41367
41368
106905
41369
106906
41370
106907
41371
106908
41372
106909
41373
106910
41374
41375
41376
41377
41378
41379
41380
41381
41382
41383
41384
41388
41389
41390
41391
41392
41393
41394
74190
74191
74192
74193
74194
74195
74196
74197
74198
74199
74200
74201
74202
74203
74204
74205
74206
74207
74208
74209
74210
106979
74211
74212
74213
74214
74215
74216
74217
41464
41465
41467
41468
41469
41471
41472
74241
41473
74242
41474
41475
41476
41477
41478
41479
41480
41481
41482
41483
41484
41485
41486
41487
41488
41489
41490
41491
41492
41493
41494
41495
41497
41498
41499
41500
41501
41502
41503
41504
41505
41506
41507
41541
41542
41543
41544
41545
41546
41547
41548
41549
41550
41551
41552
41553
41554
41555
41556
41557
41558
41559
41560
41561
74331
74332
74333
74334
74335
74336
74337
74338
74339
74340
74341
74342
74343
74344
74345
74373
74374
74386
74387
74388
74389
74390
74391
74409
74410
74411
74412
74413
74414
74415
74416
74417
74418
74421
74422
74423
74424
74425
41660
74429
41661
41662
41663
41664
41665
41666
41667
41668
41669
41675
41676
41678
41679
41681
41682
41688
41689
41690
41691
41692
41693
41694
41695
41696
41697
41698
41699
41700
41701
41703
41708
41709
41710
41711
41712
41721
74498
74534
74535
74539
74540
74541
74542
74543
107327
41809
41810
41811
41812
41813
41814
41816
41818
41819
41820
41823
41824
41825
41826
41837
41842
41843
41844
41845
41863
41864
41865
41866
41867
41868
41869
41870
41871
41872
74641
41873
74642
41874
74643
41875
41876
74645
41877
74646
41878
74647
41879
74648
41880
41881
41882
41883
41884
41885
41886
41887
41888
41889
41890
41891
41892
41893
41894
41895
41896
41897
41898
41899
41900
41901
41902
41903
41904
41905
41906
41907
41908
41909
41910
41911
41912
41917
41918
41919
74689
74690
74691
74692
74693
74694
74695
74696
74697
74698
74699
74700
74703
74704
41948
41949
41964
41965
41966
41967
74742
74743
74744
74745
74746
74747
74748
74749
74750
74751
74752
74753
74754
41986
74755
41987
74756
41988
74757
41989
74759
74760
74761
41993
74762
41994
74763
41995
74764
41998
74781
74782
74785
42017
74786
42018
42019
42020
42021
42022
42023
42024
42025
74801
74802
74803
74804
74805
74806
74807
74808
74809
74810
74811
74812
74813
74814
74815
74816
74817
74818
74819
74820
74821
74822
42054
74823
42055
74824
74825
42057
74826
42058
74827
42059
74828
42060
74829
42061
74830
42062
74831
42063
74832
42064
74833
42065
74834
42066
74835
42067
74836
42068
74837
42069
74838
42070
74839
42071
74840
42072
74841
42073
74842
42074
74843
42075
74844
42076
74845
42077
74846
42078
74847
42079
74848
42080
74849
42081
74850
42082
74851
42083
74852
42084
74853
42085
74854
42086
74855
42087
74856
74857
74858
74859
42091
74860
74861
42094
42095
42096
42105
42106
42107
42108
42109
42110
42111
42112
42113
42114
42115
42116
42117
74886
42118
74887
42119
74888
42120
74889
42121
74890
42122
74891
42123
74892
42124
74893
42125
74894
42126
42127
74896
42128
74910
74911
74912
74913
74914
74916
74917
74922
42202
42203
42205
42206
42207
42208
42209
42210
42211
42212
42213
42214
42215
42216
42217
42218
42219
42220
42221
74990
42222
74991
42223
74992
42224
74993
42225
74994
42226
74995
42227
74996
42228
74997
42229
74998
42230
74999
42231
75000
42232
75001
42233
75002
75003
75004
75005
75006
75007
75008
75009
75010
75011
75012
75013
75014
75015
75016
75017
75018
75019
75020
75021
75022
75023
75024
75025
75026
75027
75028
75029
75030
75031
75032
75033
75034
75035
75036
75037
42273
42274
42275
42276
42277
42278
42284
42287
42288
42289
42290
42312
42318
42319
42320
42327
42328
42329
42330
42331
42332
42333
42334
42335
42336
75145
75146
75147
75148
75149
75150
75151
75152
75153
75154
75156
42412
75184
75185
75186
75187
75188
75189
75190
75191
75192
75193
42427
42428
75197
75198
42430
75199
42431
75200
42432
75201
42433
75202
42434
75203
42435
75204
42436
75205
42437
75206
42438
75207
42439
75208
42440
75209
42441
75210
42442
75211
42443
75212
42444
42445
42446
42447
42448
42449
42450
42451
42452
42454
42455
42459
42460
42461
42462
42463
42464
42465
42466
75235
42467
75236
42468
75237
42469
75238
42470
75239
42471
75240
42472
75241
42473
75242
42474
75243
42475
75244
42476
75245
42477
75246
42478
75247
42479
75248
42480
75249
42481
75250
42482
75251
42483
75252
42484
42503
42504
42505
42506
42507
42508
42509
42510
42511
42537
42538
42539
42540
42541
42542
42543
42544
42545
42546
42547
42548
42585
42588
42589
42590
42591
42611
42612
42613
42614
42615
42616
42617
42618
42619
42620
42621
42622
42623
42624
42625
42626
42627
42628
42629
42630
42631
42634
42635
42636
42637
42638
42640
42642
42643
42644
42645
42646
42647
42648
42649
42650
42651
42652
42653
42654
42655
42656
42657
42658
42659
42660
42661
42662
42663
42664
42665
42666
42667
42668
42669
42672
42673
42674
42675
42676
42677
42678
42746
42747
42750
42751
42753
42754
42755
42756
42757
42758
42759
42760
42761
42762
42763
42764
42765
42766
42767
42768
42769
42770
42771
75540
42772
75541
42773
75542
42774
75543
42775
75544
42776
75545
42777
75546
42778
75547
75548
42780
75549
42781
75550
42782
75551
42783
75552
42784
75553
42785
75554
42786
75555
42787
75556
42788
75558
75559
75579
75582
42814
42815
75584
42816
42817
42818
42819
42820
42821
42822
42823
42824
42825
42826
42827
42828
42829
42830
42831
75600
42832
75601
42833
75602
42834
75603
42835
75604
75605
75607
75608
75609
75623
75624
75625
75626
108423
75655
75656
75657
75658
75659
75660
75661
108430
75662
75663
108432
75664
108433
108435
108436
75685
75686
75687
75688
75689
75693
75703
75704
75705
75706
42938
75707
42939
75708
42940
75709
42941
75710
42942
75711
42943
75712
42944
75713
42945
75714
42946
75715
42947
75716
75717
75718
42950
42951
42953
42955
42956
42957
42958
42960
42961
42966
42967
42968
42969
42970
42971
42972
42973
42974
42975
42976
42977
42978
42979
42980
42981
42984
42985
42992
42993
42994
42995
42996
42997
43092
43094
43095
43096
43097
43098
43099
43101
43102
43105
43106
43107
43108
43109
43123
43130
43131
43132
43133
43134
43153
43154
43155
43156
43157
43158
43159
43160
43161
43162
43163
43164
43165
43166
43167
43168
43169
43170
43171
43172
43173
43174
43175
43176
43177
43178
43179
43180
43181
43182
43183
43184
43185
43186
43187
43188
43189
43190
43191
43192
43193
43194
43195
43196
43197
43198
43199
43200
43201
75970
43202
43203
43204
43205
43208
75993
75994
75995
43238
43239
43240
43255
43256
43257
76041
76042
76043
43275
76044
43276
76045
43277
76046
43278
76047
43279
76048
43280
76049
76050
76052
43286
43287
43290
76074
76075
76076
76077
76078
43310
43311
43312
43313
43314
43315
43316
43317
43318
43319
76089
76090
76091
76092
76093
76094
76095
76096
76097
76098
76099
76100
76101
76102
76103
76104
76105
76106
76107
76108
76109
76110
76111
76112
76113
76114
76115
76116
76117
43349
76118
43350
76119
43351
76120
76121
43354
43355
43356
43357
43358
43359
43360
43361
43362
43363
43364
43365
43366
43367
43368
43369
43370
43371
43372
43373
43374
43375
43376
43377
43378
43379
43380
43381
43382
43383
43384
43385
43386
43387
43390
43393
43404
43405
43406
43407
43408
43409
43410
43411
43412
43413
43414
43415
43416
43417
43418
43419
43420
43421
43422
43423
43424
43425
76243
76244
76245
76246
76247
76248
76249
76250
43501
43502
43505
43506
43507
43508
43509
43511
43512
43513
43514
43515
76284
43516
76285
43517
76286
43518
76287
43519
76288
43520
76289
43521
76290
43522
43523
76292
43524
76293
43525
76294
43526
76295
43527
76296
43528
76297
43529
76298
43530
76299
43531
76300
43532
76301
43533
76302
43534
76303
76304
76305
76306
76307
76308
76309
76327
76328
76329
76330
76331
76332
76333
76334
76335
76336
76337
76338
76339
76340
76341
76342
43574
76343
43575
76344
43576
76345
43577
76346
43578
76347
43579
76348
43580
76349
76350
76351
76352
76353
76354
43586
76355
76356
76357
43589
76358
43590
76359
43591
43611
43616
43617
43618
43619
43628
43629
43630
43631
43632
43633
43634
43635
43636
43637
43638
76411
76412
76413
76414
76415
76416
76417
76418
76419
76420
76421
76422
76423
76424
76425
76426
76427
76428
76429
76430
76431
76432
76433
76434
76435
76436
76459
43711
43726
43728
43731
43732
43733
43734
43735
43736
43737
43738
43739
43740
43741
43742
43743
43744
43745
43746
43747
43748
43749
43750
43751
43752
43753
43755
43756
43761
43762
43763
43764
43765
43766
43767
43768
43769
43770
43771
43772
43773
43774
43775
43776
43777
43778
43779
43780
43781
43782
43783
76552
43784
76553
43785
76554
43786
76555
43787
76556
43788
76557
43789
76558
76559
76560
76561
76562
76563
76564
76566
76567
76568
76573
43812
43813
43814
109351
43815
109352
43816
109353
109358
109361
109362
109365
109366
109368
109369
76602
76604
43838
43839
43840
43842
43843
43844
43845
43846
43848
76617
76618
76619
76620
76621
76622
76645
76646
76647
76648
76649
76650
76651
76652
76653
76655
76656
76657
43889
76658
43890
76660
43893
43894
76663
43895
43914
43915
43916
43917
43918
43919
43920
43921
43922
43923
43924
43925
43926
43927
43928
43929
43930
43931
43932
43933
43934
43935
43939
43941
43942
43943
43944
43946
43947
43948
43949
43950
43951
43952
43953
43954
43955
43956
43957
43958
43959
43960
43961
43962
43963
43964
43965
43966
43967
43968
43969
43970
43971
43972
43973
43974
43975
43976
43977
43978
43979
43980
43981
43984
43985
43986
43987
43988
43989
76773
76774
76778
76779
76780
44069
44071
44073
44074
44075
44076
44077
44078
44079
44080
44081
44082
44083
44084
44085
109622
44086
44087
44088
44089
44090
44091
44092
44093
44094
44095
44096
44097
44098
44099
44100
44101
44102
44103
44104
44105
44106
44107
44108
44109
44110
76879
44111
44112
76881
76882
76883
76888
44142
44143
44144
44145
44146
44147
44148
44149
44150
44151
44152
44153
44154
44155
44156
44157
44158
44159
44160
76932
76933
76934
76935
76936
76937
76938
76939
76940
76941
76945
76946
76947
76992
76993
76994
76995
76996
76997
76998
76999
77000
77002
77003
77004
77005
77006
77007
77008
77009
77010
77011
77012
77013
77035
77037
77038
44278
44279
44280
44281
44282
44283
44284
77053
44285
77054
44286
77055
44287
77056
44288
77057
44289
77058
44290
77059
44291
77060
77061
77062
77063
77064
44296
77065
77066
44298
77067
77068
44300
77069
44301
77070
44302
77071
44303
77072
77073
77074
44306
77075
77076
77077
77078
77079
44311
77080
44312
77081
44313
77082
44314
77083
44315
77084
44316
77085
44317
77086
44318
77087
44319
77088
44320
77089
44321
77090
44322
77091
44323
77092
44324
77093
44325
77094
44326
77095
44327
77096
44328
77097
44329
77098
44330
77099
77100
77101
44333
77102
44334
77103
44335
77104
77105
77106
77107
77108
77109
44341
77110
44342
77111
44343
77112
44344
77113
44345
44346
44351
44358
77138
77139
77140
77141
77142
77143
77145
77164
77165
77167
77168
77169
77173
44453
44454
44455
44456
44457
44458
44459
44460
44464
44465
44466
44467
44470
77246
77247
77248
77249
77250
77251
77252
77253
77254
77255
77256
77257
77258
77259
77260
44492
77261
44493
77262
44494
77263
44495
77264
77265
77266
77267
77268
77269
77270
77271
77272
77273
77274
77275
77276
77277
77278
77279
77280
77281
44513
77282
44514
77283
44515
77284
44516
77285
44517
77286
44518
44519
44520
44521
44522
44523
44524
44525
44526
44527
44528
44529
44530
44531
44532
44533
44534
44535
44536
44537
44538
44539
44540
44541
44542
44543
44544
44545
44546
44547
44548
44549
44550
44551
44552
44553
44554
44555
44556
44557
44558
44559
44560
44561
44562
44563
44565
44566
44597
44598
44599
44612
44613
44614
44615
77385
77386
77387
77388
77389
77390
77391
77392
77393
77394
77395
77397
44632
44633
77402
44634
44635
44636
44642
44644
77427
77428
77429
77430
77431
77432
77433
77434
44667
44668
77437
44669
77438
44670
77439
44671
77440
44672
77441
44673
77442
44674
77443
44675
77444
44676
77445
44677
77446
77447
77448
77449
77450
77451
77473
77474
77475
77476
44708
77477
44709
77478
44710
77479
77480
77481
44713
77482
44714
77483
44715
77484
44716
77485
44717
77486
44718
44719
44720
44721
44722
44723
44724
44725
44726
44727
44728
44729
44730
44731
44732
44733
44734
44735
44736
44737
44738
44739
44740
44741
44742
44743
44744
44745
44746
44747
44748
44749
44750
44751
44755
44758
44760
44766
44767
44768
44769
44770
44771
44772
44773
44774
44775
44776
44777
44778
44779
44780
44781
44782
44783
44784
44785
44786
44787
44873
44874
44876
44880
44881
44882
44883
44884
44885
44886
44888
44889
44890
44891
44892
44893
44894
44895
44896
44897
44898
44899
44900
44901
44902
44903
44904
44905
44906
44907
44908
44909
44910
44911
44912
44913
44914
44915
44956
44957
44958
44959
44960
44961
44962
44963
44964
44971
44972
44973
44974
44975
44995
44996
44997
45009
45010
45011
45012
45013
77782
45014
77783
45015
77784
45016
77785
45017
77786
45018
77787
45019
77788
45020
77789
45021
77790
77791
77792
77793
77794
77795
77796
77797
77822
77824
77826
77845
77846
77847
77848
77849
77850
77852
45093
45094
77867
77868
77869
45111
45113
45114
45116
45117
45118
45119
45120
45121
45122
45123
45124
45125
45126
45127
45128
45129
45130
45131
45132
45133
45134
77903
45135
77904
45136
77905
45137
77906
77907
45139
45140
45144
45145
45146
45147
45148
45149
45150
45151
45152
45153
45154
45155
45156
45157
45158
45159
77928
45160
77929
45161
77930
45162
45163
45164
45165
77934
45166
77935
45167
77936
45168
45169
45170
45171
45172
45173
45174
45175
45176
45177
77946
45178
77947
77948
77949
77950
77951
77952
77953
77954
77955
77956
77957
77958
77959
45200
45201
45202
45203
45204
45205
45228
45229
45231
45233
45234
45235
45236
45237
45238
45240
45241
45283
45285
45288
45308
45309
45310
45311
45312
45313
45314
45315
45316
45317
45318
45319
45320
45321
45322
45323
45324
45325
45326
45327
45328
45329
45330
45335
45336
45337
45338
45339
45341
45342
45343
45344
45345
45346
45347
45348
45349
45350
45351
45352
45353
45354
45355
45356
45357
45358
45359
45360
45361
45362
45363
45364
45365
45366
45367
45368
45369
45370
45371
45372
45375
45376
45377
45378
45379
45380
78226
45460
45463
45465
45466
45467
45468
45469
45470
45471
45472
45473
45474
45475
45476
45477
45478
45479
45480
45481
78250
45482
78251
45483
78252
45484
45485
45486
45488
45489
45490
45491
45492
45493
45494
45495
45496
45497
45498
45499
45500
45501
45502
45503
45504
45505
45506
45507
45508
45509
78298
78299
78300
78301
78302
78303
78304
78305
78306
78307
78309
45541
45542
78311
45543
45544
45545
45546
45547
45548
45549
45550
45551
45552
45553
45554
45555
45556
45557
45558
78339
78340
78341
78342
78343
78353
78354
78355
78356
78357
78358
78359
78360
78361
78362
78363
78364
78365
78366
78367
78368
78369
78370
78371
78372
78373
78374
78375
78376
78377
78378
78379
78380
111156
111157
45677
45678
45679
45680
45681
45682
45683
45684
45685
45686
45687
45688
45689
45695
45696
45697
45698
45699
45701
45702
45706
45707
45708
45709
45710
45711
45712
45713
45714
45715
45716
45717
45718
45719
45720
45721
45722
45723
45724
45725
45726
45728
45729
78503
78504
78505
78506
45738
78507
45739
78508
45740
78509
45741
78510
45742
45743
45744
78515
45758
78546
78547
78548
78549
78550
78551
78552
78553
78554
78555
78556
78557
78558
78559
78560
78561
78562
78563
78564
78565
78566
78567
78568
78586
78587
78588
78589
78590
78591
78592
78593
78594
78595
78596
78597
78598
78599
78600
78601
78602
78603
78604
78605
78606
78607
78608
78609
78610
78611
78612
78613
78614
78615
78616
45850
45852
45854
45855
45856
45857
45859
45860
45861
45862
45863
45878
45886
45887
45888
78657
45889
78658
45890
78659
78660
78661
78662
78663
78664
78665
78666
78667
78668
78669
78670
78671
78672
78673
78674
78675
78676
78677
78678
78679
45911
78680
45912
45913
45914
45916
45917
45918
45919
45920
45921
45922
45923
45924
45925
45926
45927
45928
45929
45930
45931
45932
45933
78702
45934
78703
45935
45936
45937
45938
45939
45940
45941
45942
45943
45944
45945
45946
45947
45948
45949
45950
45951
45952
45953
45954
45955
45956
45957
45958
45959
45960
45961
45962
45963
45964
45967
45997
45999
46000
46012
46013
46014
46015
46034
78803
46035
78804
46036
78805
46037
78806
78807
78808
46040
78809
46041
78810
78811
78812
78813
78814
78815
78816
78817
78818
78819
46069
46070
46071
46072
46073
46074
46075
46076
46077
46078
46079
46080
78856
78858
78873
78874
78875
78876
78877
78878
78879
78880
46112
46118
46119
46120
46121
46122
46123
46124
46125
46126
46127
46128
46129
46130
46131
46132
46133
46134
46135
46136
46137
46138
46139
46140
78909
46141
78910
46142
78911
46143
78912
46144
78913
46145
78914
46146
78915
46147
78916
46148
78917
46149
46150
46151
78920
46152
78921
46153
78922
46154
46155
78924
46156
46157
78926
46158
46159
46160
46164
46168
46173
46174
46175
46176
46177
46178
46179
46180
46181
46182
46183
46184
46185
46186
46187
46188
46189
46190
46191
46192
46193
46194
79044
79048
46281
46282
46283
79052
46287
46288
46289
46290
46291
46292
46293
46294
46295
46296
46297
46298
46299
46300
46301
46302
46303
46304
46305
46306
46307
46308
46309
46310
46311
46312
46313
46314
46315
46316
46317
46318
46319
46320
46321
46322
46323
46366
46367
46368
46369
46370
46371
46377
46378
79147
46379
79148
46380
79149
79150
79151
79157
46400
46401
46402
46409
46416
46417
46418
46419
46420
46421
46422
46423
46424
46425
46426
46427
46428
46429
46430
79210
79211
79212
79213
79214
79215
79216
79217
79218
79221
79222
79223
46504
79273
46505
79274
79275
79276
79277
79278
79279
79280
79281
79282
79283
79284
79285
79286
79287
79288
79289
79290
46523
46526
46527
46528
46529
46530
46531
46533
46534
46535
46536
46537
46538
46539
46540
46541
46542
46543
46544
46545
46546
46547
46548
79317
46549
79318
46550
46551
46552
46553
46554
46555
46557
46558
112098
46562
46563
79332
46564
79333
46565
79334
46566
79335
46567
79336
46568
79337
46569
79338
46570
79339
46571
79340
46572
79341
46573
79342
46574
79343
46575
79344
46576
79345
46577
79346
46578
79347
46579
79348
46580
79349
46581
79350
46582
79351
46583
79352
46584
79353
46585
79354
46586
79355
46587
79356
46588
79357
46589
79358
46590
79359
46591
79360
46592
79361
46593
79362
46594
79363
46595
79364
46596
79365
46597
79366
46598
79367
79368
79369
79370
79371
79372
79373
79374
79375
79376
79377
79378
79379
79380
79381
79382
79383
79384
79385
79386
79387
46620
46621
46639
46640
46641
46644
79413
46645
79414
46646
79415
46647
79416
46648
79417
46649
79419
46651
79420
46652
79443
79444
79445
46695
46696
46697
46700
46722
46723
46724
46725
46726
46727
46728
46729
46730
46731
46732
46733
46734
46735
46736
46737
46738
46739
46740
46741
46742
46743
46744
46745
46746
46747
46748
46752
46753
46754
46755
46756
46757
46758
79529
46761
79530
46762
79531
46763
79532
46764
79533
46765
79534
46766
79535
46767
79536
46768
79537
46769
79538
46770
79539
46771
79540
46772
79541
46773
79542
46774
79543
46775
79544
46776
79545
46777
79546
46778
79547
46779
79548
46780
79549
46781
79550
46782
79551
46783
79552
46784
79553
46785
79554
46786
79555
46787
79556
46788
79557
46789
79558
79559
79560
79561
46793
79562
46794
79563
46795
79564
46796
79565
46797
79566
79567
79568
79569
46876
46883
46884
46885
46886
46887
46888
46889
46890
46891
46892
46893
46894
46895
46896
79665
46897
79666
46898
79667
46899
79668
46900
79669
46901
79670
46902
79671
46903
79672
79673
46905
79674
46906
46907
79676
46908
46909
79678
46910
46911
46912
46913
46914
46915
46916
46917
46918
46919
46920
46921
46922
46923
46924
46925
79707
79708
79709
79710
79711
79712
79713
79714
79715
79717
79718
79719
79720
79721
79722
79723
46955
79724
46956
79725
46957
79726
46958
79727
46959
79728
46960
79729
46961
79730
46962
46963
46964
46965
46966
46967
46968
46969
46970
46971
46972
46973
46974
79751
79752
79753
79754
79755
79756
79757
79758
79759
79760
79761
79762
79763
79764
79765
47097
47098
47099
47100
47101
47102
47103
47104
47105
47106
47107
47108
47109
47110
47115
47116
47117
47118
47121
47125
47126
47127
47128
47129
47130
47131
47132
47133
47134
47135
47136
47137
47138
47139
47140
47141
47142
47143
47144
47146
47148
47156
47157
47158
47159
47160
47161
47162
47173
47175
47176
47277
47278
47279
47280
47281
47282
47285
47286
47287
47288
47289
80067
80068
80069
80070
80071
80072
80073
47305
80074
80075
80076
80077
80078
80079
80080
80081
47313
47314
80083
47315
80084
47316
47317
80106
80108
47340
47341
80110
47342
47343
47345
47346
47347
47348
47349
47350
47351
47352
47353
47354
47355
47356
47357
47358
47359
47360
47361
80130
47362
80131
47363
80132
47364
80133
47365
80134
47366
80135
47367
47368
47369
47370
47371
47372
47373
47374
47375
47376
47377
47378
47379
47380
47381
47382
80151
47383
80152
47384
80153
47385
80154
47386
47387
47388
47389
47390
47391
47392
47393
47395
80193
47428
47429
47430
47431
47441
47442
47443
47444
80215
80216
80217
80222
80223
80224
80225
80226
47463
47464
47465
47466
80235
47467
80236
47468
80237
80238
80239
80240
80241
80242
80243
80244
80245
80247
47500
47501
47502
47503
47504
47505
47506
47507
47508
47509
47510
47537
47539
47544
47545
47546
47547
47548
47549
47550
47551
47552
47553
47554
47555
47556
47557
47558
47559
47560
47561
47562
47563
47564
47565
47566
47567
47568
47569
47570
47571
47572
47573
47574
47575
47576
47577
47578
47579
47580
47581
47582
47583
47584
47585
47586
47587
47588
47589
47590
47596
47601
47602
47603
47604
47605
47606
47607
47608
47609
47610
47611
47612
47613
47614
47615
47616
47617
47618
47619
47620
47621
47708
47709
47713
47714
47715
47716
47717
47718
47719
47720
47721
47722
47723
47724
47725
47726
47727
47728
47729
47730
47731
47732
47733
47734
47735
47736
47737
47738
47739
47740
47741
47742
47743
47744
47745
47746
47747
47748
47749
47750
47751
47752
47753
80556
80557
80558
80561
47798
47799
47800
47801
47802
47807
47808
47809
47810
47829
47838
47839
47840
80609
80610
80611
80612
80613
80614
80615
47847
80616
47848
47849
80618
47850
47851
47852
47853
47854
47855
47856
47857
47858
47859
47860
47861
47862
47863
47864
80652
80653
80654
80655
80664
80665
80666
47898
80667
80668
80669
80670
80671
80672
80673
80674
80675
80676
80677
80678
80679
80680
80681
80682
80683
80684
80685
80686
80687
80688
80689
47946
47956
47968
47969
47970
47971
47974
47975
47976
47977
47978
47979
47981
47982
47983
47984
47985
47986
47987
47988
47989
47990
47991
47992
47993
47994
47995
47996
47997
47998
47999
48000
48001
48002
48003
48005
48006
48010
48011
48012
48013
48014
48015
48016
48017
48018
48019
48020
48021
48022
48023
48024
48025
48026
48027
48028
48029
48030
48031
48032
48033
48034
48035
48036
48037
48038
48039
48040
48041
48042
48043
48044
80813
48045
80814
48046
80815
48047
80816
48048
80817
48049
48050
48051
48052
80822
48091
80860
48092
80861
80862
48094
80863
80864
80865
48097
80866
48098
80867
48099
80868
48100
80869
48101
80870
48102
80871
80872
80873
48105
80874
48106
80875
80876
80877
80878
80879
80880
80899
80900
80901
80902
80903
80904
80905
80906
80907
80908
80909
80910
80911
80912
80913
48145
80914
80915
80916
48148
80917
48149
80918
48150
80919
80920
80921
80922
80923
80924
80925
80926
80927
80928
48175
48176
48177
48178
48179
48180
48181
48182
48183
48184
48185
48186
48187
48188
48189
48190
48191
48192
48193
48194
48195
48196
48197
80966
48198
80967
48199
80968
48200
80969
48201
80970
48202
80971
48203
80972
80973
80974
48206
80975
80976
48208
80977
80978
48210
80979
48211
80980
48212
80981
48213
48214
48215
48216
48217
48218
48219
48220
48221
48222
48223
48224
48225
48226
48227
48228
48229
48230
48231
48232
48233
48234
48235
48236
48237
48238
48239
48240
48241
48242
48243
48244
48245
48246
48247
48249
48250
48251
48252
48253
48254
81109
81110
81111
81112
81113
48345
81114
81115
81116
81117
48349
81118
81119
81120
81121
48353
81122
48354
81123
48355
81124
48356
48357
48358
48359
48360
48361
81130
48362
48363
48364
48365
48366
48367
48368
48369
48370
48371
48372
48373
48374
48375
48376
48378
48379
48380
48381
48382
48383
48384
48385
48386
48387
48388
48389
48390
48391
48392
48393
48394
48395
48396
48397
48398
48399
81168
48400
81169
48401
81170
81184
81185
81186
81187
81188
81189
48434
48435
48436
48437
48438
48439
48440
48441
48442
48443
48444
48445
48446
48447
48448
48449
48450
81219
48451
81220
48452
81221
48453
81222
48454
81223
48455
81224
48456
81225
48457
81226
48458
81227
81228
81229
81232
81234
81235
81356
81357
81359
81360
81362
81364
48596
48597
48598
48599
48600
48601
48602
48603
48604
48605
48606
48607
48608
48609
48614
48615
48616
48617
48618
48619
48622
48626
48627
48628
48629
48630
48631
48632
48633
48634
48635
48636
48637
48638
48639
48640
48641
48642
48643
48644
48645
48646
48647
48648
48650
48651
48658
48659
48660
48661
48662
48663
48676
48677
48678
48679
81458
81459
81460
81461
81464
81465
81526
81527
81528
81529
81530
81532
81533
81534
81535
81536
81538
48788
48792
48793
48794
48795
48796
48797
48798
48801
48802
48803
48804
48805
48806
48807
81590
48822
81591
81592
81593
81594
81595
81596
81597
48829
81598
48830
81599
48831
81600
48832
81601
48833
81602
48834
81603
81604
81605
81606
81607
81608
81609
81610
48858
48859
48860
48861
48863
48864
48865
48866
48867
48868
48869
81638
48870
81639
48871
48872
48873
48874
48875
48876
48877
48878
48879
48880
48881
48882
48883
81652
48884
81653
48885
81654
48886
81655
48887
81656
48888
81657
48889
81658
48890
81659
48891
81660
48892
81661
48893
81662
48894
81663
48895
81664
48896
81665
48897
81666
48898
81667
48899
81668
48900
81669
48901
81670
48902
81671
48903
81672
48904
81673
48905
81674
48906
81675
48907
81676
48908
81677
48909
81678
48910
81679
48911
81680
48912
81681
48913
81682
48914
81683
48915
81684
48916
81685
48917
81686
48918
81687
81688
81689
81690
81691
81692
81693
81694
81695
81696
81697
81698
81699
81700
81701
81702
81703
81704
81705
81706
48952
48953
48954
48955
81733
48965
81734
48966
81735
48967
48968
81737
81738
81739
48988
48989
48990
48991
48992
81769
81770
81773
81775
49028
49029
49030
49031
49032
49033
49034
49035
49036
49060
49065
49066
49067
49068
49069
49070
49071
49072
49073
49074
49075
49076
49077
49078
49079
49080
49081
49082
49083
49084
49085
49086
49087
49088
49089
49090
49091
49092
49093
81862
49094
81863
49095
81864
49096
81865
49097
81866
49098
81867
49099
81868
49100
81869
49101
81870
49102
81871
49103
81872
49104
81873
49105
81874
49106
81875
49107
81876
49108
81877
49109
81878
49110
81879
49111
81880
49112
81881
49113
81882
49114
81883
49115
81884
81885
81886
81887
81888
81889
49121
81890
49122
81891
49123
81892
49124
81893
49125
81894
49126
81895
49127
81896
49128
81897
49129
81898
49130
81899
49131
81900
49132
81901
49133
81902
49134
49135
49136
49137
49138
49139
49140
81992
81993
81994
81995
81996
81997
81998
49230
49231
82000
82002
49235
49236
49237
82006
49238
49239
49240
49241
49242
49243
49244
49245
49246
49247
49248
49249
49252
49253
49254
49255
49256
49257
49258
49259
49260
49261
49262
49263
49264
82033
49265
82034
49266
82035
49267
82036
49268
82037
49269
82038
49270
49271
82040
49272
82041
49273
82042
49274
82043
49275
82044
49276
82045
49277
82046
49278
82047
49279
82048
49280
82049
82050
82051
82052
82071
82072
82073
82074
82075
82076
82077
82078
82079
82080
82081
82082
82083
82084
49323
49324
49329
49330
49360
49361
49362
49363
49364
49371
49374
49375
49376
49377
49378
49379
49380
49381
49382
49383
49384
49385
49386
49387
49388
49389
49390
49391
49426
49427
49428
49483
49495
49511
49512
49513
49514
49515
49516
49519
49520
49521
49522
49523
49524
49525
49526
49527
49528
49529
49530
49531
49532
49533
49534
49535
49536
49537
49538
49539
49540
49541
49542
49543
49544
49545
49546
49547
49550
49551
49552
49553
49554
49555
49556
49557
49558
49559
49560
49561
49562
49563
49564
49565
49566
49567
49568
49569
49570
49571
49572
49573
49574
49575
49576
49577
49578
49579
49580
49581
49582
49583
49584
49585
49586
49587
49588
49589
49590
49591
82391
82392
82393
82394
82395
49627
82396
82397
49629
82398
82399
49631
82400
82401
82402
82403
49635
49636
82405
49637
82406
49638
49639
82408
49641
49642
82427
82429
82430
82431
82452
49684
82453
82454
82455
82456
82457
82475
49714
49715
49716
49717
49718
49719
49720
49721
49722
49723
49724
49725
49726
49727
49728
49729
49730
49731
49732
49733
49734
49735
49736
49737
49738
49739
49740
49741
49742
49743
49745
49747
49749
49750
49751
49752
49753
49754
49755
49756
49757
49758
49759
49760
49761
49762
49763
49764
49765
49766
49767
49768
49769
49770
49771
49772
82541
49773
82542
49774
49775
49776
82545
49777
82546
49778
82547
49779
82548
49780
82549
49781
82550
49782
49783
49784
49785
49786
49787
49788
49789
49790
82559
49791
82560
49792
82561
82562
82563
49795
82564
49796
82565
49797
82566
49798
82567
82569
49889
49891
49896
49897
49902
49903
49904
49905
49906
49907
49908
49909
49910
49911
49912
49913
49914
49915
49916
49917
49918
49919
49920
49921
49922
49923
49924
49925
49926
49927
49928
49929
49930
49931
49932
49933
49934
49935
49936
49937
49938
49939
49940
49941
49942
49943
49944
49945
49946
49947
49948
49981
49982
49983
49984
49985
49986
49987
49988
49989
49990
49991
49992
49993
49994
49995
49996
49997
49998
49999
50000
50001
50002
50003
50004
82887
82888
82891
82893
50144
50145
50146
50147
50148
50149
50150
50151
50152
50153
50154
50155
50161
50162
50163
50164
50165
50166
50167
50171
82943
50175
82944
50176
82945
50177
82946
50178
82947
50179
82948
50180
82949
50181
82950
50182
50183
50184
50185
50186
50187
50188
50189
50190
50191
50192
50193
50194
50195
50196
50197
50198
50199
50200
50201
50202
50203
50210
50211
50212
50213
82987
82988
50227
50228
50229
82998
82999
50231
83000
50232
83001
50233
83002
50234
83003
83004
83005
83006
83007
83008
50240
83009
83010
83011
83012
83013
83014
83015
83016
83017
83018
83019
83020
50349
50354
50355
50356
50357
50358
50359
50360
50361
50362
50364
50365
50366
50367
50368
83140
83141
83142
83143
83147
50391
50392
50393
50394
50395
50420
50421
83190
50422
83191
83192
50424
83193
50425
83194
50426
83195
50427
83196
50428
83197
50429
83198
50430
83199
50431
83200
50432
83201
50433
83202
50434
83203
50435
83204
50436
83205
50437
83206
50438
83207
50439
83208
50440
83209
50441
83210
50442
83211
50443
83212
50444
83213
50445
50446
50447
50448
50449
50450
50451
50452
50453
50454
50455
50456
50457
50458
50459
50460
50461
83230
50462
83231
50463
83232
50464
83233
50465
83234
50466
83235
50467
83236
50468
83237
50469
83238
50470
83239
50471
83240
50472
83241
50473
83242
50474
83243
50475
83244
50476
83245
50477
83246
50478
83247
50479
83248
50480
83249
83250
83251
83252
83253
83254
83255
83256
83257
83258
50514
50515
83293
50525
83294
50526
83295
50527
83296
83297
83298
83299
83300
83301
83302
83303
83304
83305
50549
50550
50551
50579
50594
50595
50596
50597
50598
50599
50600
50601
50602
50603
50604
50635
50636
50637
50638
50640
50641
50642
50643
50644
50645
50646
50647
50648
50649
50650
50651
50652
50653
50654
50655
50656
50657
50658
50659
50660
50661
50662
50663
50664
50665
50666
50667
83436
50668
83437
50669
83438
50670
83439
50671
83440
50672
83441
50673
50674
83443
50675
83444
50676
83445
50677
83446
50678
83447
50679
50680
50681
50682
50683
83452
50684
83454
50690
50691
50692
50693
50694
50695
50696
50697
50698
50699
50700
50701
50702
50703
50704
50705
50706
50707
50708
50709
50710
83498
83499
83514
83515
83516
83517
83518
83519
83520
83552
83553
83554
83555
83556
83559
83561
83562
50798
50800
50801
50802
50803
50804
50805
50806
50807
50808
50809
50810
50811
50812
50813
50814
50815
50816
50817
50818
50819
50820
50821
50822
50823
50824
50825
50826
50827
50828
50829
50830
50831
50832
50833
50834
50835
50836
50837
50838
50839
50840
50841
50842
50843
50844
50845
50846
50847
50891
50892
50897
83695
83697
83698
83699
83701
50933
83702
50934
50935
83704
50936
50937
50938
50939
50940
50941
50942
50949
50953
50954
50955
50956
50957
50958
50959
50960
50961
50962
50963
50964
50965
51002
51003
51004
83793
83794
83797
83798
83799
51067
51082
51101
51102
51103
51104
51105
51106
51107
83876
51108
83877
51109
51110
83879
83880
83881
83882
51114
83883
51115
51116
83885
51117
51118
51119
51120
51121
51122
51123
51124
51125
51126
51127
51128
51129
51130
51131
51132
51133
51134
51135
51136
51137
51138
51139
51140
51144
51145
51146
51147
51148
51149
51150
51151
51152
51153
51154
51155
51156
51157
51158
51159
51160
51161
51162
51163
51164
51165
51166
51167
51168
51169
83938
51170
83939
51171
83940
51172
83941
51173
83942
51174
83943
51175
83944
51176
83945
51177
83946
51178
83947
51179
83948
51180
83949
51181
83950
51182
83951
51183
83952
51184
51185
51186
51187
51188
83957
51189
51190
83980
83981
83982
51219
51221
51222
51224
83995
83996
51228
83997
51229
83998
51230
83999
84000
51232
84001
51233
84002
84003
84004
84005
84006
84007
84008
84009
84010
84011
84012
84013
84014
84015
84016
84017
84018
84019
84020
84021
84022
84023
84024
84025
84026
84027
84028
84029
84030
84031
84032
84033
84034
51266
84035
51267
84036
84037
84038
84039
84040
84041
84042
84043
84044
84071
84072
51304
84073
51305
84074
51306
51307
84076
51308
84077
51309
51310
51311
51312
51313
51314
51315
51316
51317
84086
51318
51319
51320
51321
51322
51323
51324
51325
51326
51327
51328
51329
51330
51331
51332
51333
51334
51338
51339
51340
51341
51342
51343
51344
84113
51345
84114
51346
51347
51348
84117
51349
51350
51351
51352
51353
51354
51355
51356
51357
51358
51359
51360
51361
51362
51363
51364
51365
51366
51367
51368
51369
51370
51371
51372
51373
51374
51375
51376
51377
51378
51383
51384
84214
84215
84216
84217
84218
84219
84220
84221
84222
84223
84224
84225
84226
84227
84228
84229
84230
84231
84232
84233
84234
84235
84236
84237
84238
84239
84240
84241
84242
84243
84244
51476
84245
84246
84247
51483
51484
51485
51486
51492
51493
51494
51495
51496
51497
51498
51499
51500
51501
51502
51503
51504
51505
51506
51507
51508
51509
51510
51511
51512
51513
51514
51515
51516
51517
51518
51519
51520
51521
51522
51523
51524
51525
51526
51527
51528
51529
51530
51531
51532
51533
51534
51535
51536
51537
84331
84332
84333
84334
84335
84336
84338
84340
51572
51573
51574
51575
51576
51577
51578
51579
51580
51581
51582
51583
51584
51585
51586
51587
51588
51589
51590
51591
51592
51593
51594
51595
51596
51597
84369
84370
84371
84372
84373
84374
84375
84376
84377
84378
84379
84380
84381
84398
84399
84400
84401
84402
84403
84404
84405
84406
51744
51745
51746
51747
51748
51749
51750
51751
51757
51758
51759
51760
51761
51762
51763
51764
51769
51770
51774
51775
51776
51777
51778
51779
51780
51781
51782
51783
51784
51785
51786
51787
51788
51789
51790
51791
51792
51793
51794
51795
51796
51797
51798
51799
51800
51801
51802
51803
51804
51812
51813
51831
51832
51833
51834
51836
51838
51839
51840
51841
51848
51849
51851
84716
84717
84718
84719
84720
84721
84722
84723
84724
84725
84726
84727
84729
84730
51965
51970
51971
51972
51973
51974
51975
51976
51977
51978
84748
51980
84749
51981
84750
51982
51983
84752
51984
51997
84772
84773
84774
52006
84775
52007
84776
52008
52009
52022
84796
52033
52037
52038
52040
52041
52042
52043
52044
52045
52046
52047
52048
52049
52050
52051
52052
52053
52054
52055
52056
52057
52058
52059
52060
52061
52062
52063
52064
52065
52066
52067
52068
52069
52070
52071
52072
52073
52074
52075
52076
52077
52078
52079
52080
52081
52082
52083
52084
52085
52086
52087
52088
52089
52090
52091
52092
52093
52094
52095
52096
52097
52098
52099
84868
84871
84872
84873
84874
84875
84884
84885
84886
84887
84888
84891
52137
52138
52148
52149
52150
52172
52173
52174
52204
52205
52206
52215
52223
52224
52225
52226
52227
52228
52229
52230
52259
52260
52262
52264
52265
52266
52267
52268
52269
52270
52271
52272
52273
52274
52275
52276
52277
52278
52279
52280
52281
52282
52283
52284
52285
52286
52287
52288
52289
52290
52291
52292
52293
52294
52295
52296
52297
52298
52299
52300
52301
52302
52303
52304
52305
52306
52307
52308
52314
52315
52316
52317
52318
52319
52320
52321
52322
52323
52324
52325
52326
52411
52412
52414
52415
52416
52417
52418
52419
52420
52421
52422
52423
52424
52425
52426
52427
52428
52430
52431
52432
52433
52434
52435
52436
52437
52438
52439
52440
52441
52442
52443
52444
52445
52446
52447
52448
52449
52450
52451
52452
52453
52454
85223
52455
85224
52456
52457
52458
52459
85228
52460
85229
52461
52462
52463
52464
52465
52511
52512
52517
85286
85287
85288
85289
85290
85292
85293
52559
52560
52561
52562
52563
85332
52564
85333
52565
52566
52567
52568
52569
52570
52571
52572
85344
85345
85346
85347
85348
85349
52581
85350
52582
85351
85352
85353
85354
52586
85355
52587
85356
52588
85357
52589
85358
52590
85359
52591
85360
52592
85361
52593
85362
52594
52595
52596
52597
52598
52599
52600
52637
52638
52639
52640
85482
85483
85485
85487
52729
52753
52754
52755
52756
52757
52758
52759
52760
52761
52762
52763
52765
85536
52768
85537
85538
52770
85539
52771
85540
52772
85541
52773
85542
52774
85543
52775
85544
52776
85545
52777
85546
52778
85547
52779
85548
52780
85549
52781
85550
52782
85551
52783
85552
52784
85553
52785
85554
52786
85555
52787
85556
52788
52789
52790
52791
52792
52793
52794
52795
52796
52797
52798
52801
52802
52803
85572
52804
85573
52805
85574
52806
85575
52807
85576
52808
85577
52809
85578
52810
85579
52811
85580
52812
85581
52813
85582
52814
85583
52815
85584
52816
85585
52817
85586
52818
85587
52819
85588
52820
85589
52821
85590
52822
85591
52823
85592
52824
85593
52825
85594
52826
85595
52827
85596
52828
85597
52829
85598
52830
85599
52831
52832
52833
52834
52835
52836
52837
52838
52839
52840
52841
52842
52843
52844
52845
52846
52847
52848
52849
52850
85634
85635
85636
85637
85638
85639
85640
85641
85642
85643
52876
52879
52880
52882
52885
52886
52887
52889
52890
52937
52967
52968
52969
52970
52971
52972
52973
52974
52975
52976
52977
52978
52979
52980
52981
52982
52983
52984
52985
52986
52987
52988
52989
52990
52991
52992
52993
52994
52995
52996
52997
52998
52999
53003
53004
53005
85774
53006
85775
53007
85776
53008
85777
53009
85778
53010
85779
53011
85780
53012
85781
53013
85782
53014
85783
53015
85784
53016
85785
53017
53018
53019
53020
53021
85790
53022
85791
53023
53024
85793
53025
53026
53027
85796
53028
53029
53030
53031
53032
53033
53034
53035
53036
53037
53038
53039
53040
53041
53042
53043
53044
53045
53046
53047
53048
53049
53050
53057
85839
85856
85857
85858
85859
85892
85893
85894
85897
85898
53164
53172
53173
53174
53175
53182
53183
53184
53185
53186
53187
53188
53189
53190
53191
53192
53193
53194
53195
53196
53197
53198
53199
53200
53201
53202
53203
53204
53205
53206
53207
53208
53209
53210
53211
53212
53213
53214
53215
53216
53217
53218
53219
53220
53221
53222
53223
53224
53225
53226
53227
53253
53254
53265
53266
53267
53268
53269
53270
53271
53272
86041
53273
86042
53274
53275
53276
86045
53277
53278
53279
53280
53281
53282
53283
53284
53285
53286
53287
53288
53289
53290
53291
53292
53293
86135
86136
86137
86138
86139
86220
86222
86223
53455
53456
86225
53457
53458
53459
53460
53461
53462
53470
53471
53472
53473
53474
53475
53476
53477
53478
53484
53485
53486
53491
53492
53493
53494
53495
53496
86265
53497
86266
53498
53499
53500
53501
53502
53503
53504
53505
53506
53507
53508
53509
53510
53511
86280
53512
86281
53513
86282
53514
86283
53515
86284
53516
86285
53517
86286
53518
86287
53519
86288
53520
86289
53521
86290
53522
86291
53530
53551
53552
53553
86322
53554
86323
53555
86324
53557
86326
53558
53559
53561
53562
53563
53564
53565
53566
86338
86339
86340
86341
86342
86343
86344
53576
86345
53577
86346
86347
86348
53580
86349
86350
86351
86352
86353
86354
86355
86356
86357
86358
86359
86360
86361
86362
86363
86364
86365
86366
86367
86368
86369
86370
86371
86372
86373
86374
86375
86376
86377
86378
86379
86380
86381
86382
86383
86384
86385
86386
86414
86415
86416
86417
86418
86419
86420
86430
86464
53706
53707
53708
53709
53710
53711
53712
53713
53714
53715
53716
53717
53719
53720
53721
53722
53735
53737
53748
53749
53750
53751
53752
53779
53780
53784
53785
53786
53787
53788
53789
53790
53791
53792
53793
53794
53795
53796
53797
53798
53799
53800
53801
86570
53802
86571
53803
86572
53804
86573
53805
86574
53806
86575
53807
86576
53808
86577
53809
86578
53810
86579
53811
86580
53812
86581
53813
86582
53814
86583
53815
86584
53816
86585
53817
86586
53818
86587
53819
86588
53820
86589
53821
86590
53822
86591
53823
86592
53824
86593
53825
86594
53826
86595
53827
86596
53828
86597
53829
86598
53830
86599
53831
86600
53832
86601
53833
86602
53834
86603
53835
86604
53836
86605
53837
53838
53839
53840
53841
53842
53843
53844
53845
53846
53847
53894
53895
53896
53897
86686
86687
53919
86688
53920
86689
53921
86690
86691
86693
86696
86697
53952
86721
53953
86722
53954
86723
53955
86724
53956
86725
86726
86727
86728
86729
86730
86731
86732
86733
53967
53971
53977
53978
53979
53980
53981
53982
53983
86752
53984
86753
54012
54013
54016
54017
54018
54019
54020
54021
54022
54023
54024
54025
54026
54027
54028
54029
54030
54031
54032
54033
54034
54035
54036
54037
54038
54039
54040
54041
54042
54043
54044
54045
54046
54047
54048
54049
54050
54051
54052
54053
54054
54055
54056
54057
54058
54063
54064
54065
54066
54067
54068
54069
54070
54071
54072
54073
54074
54075
54167
54168
54169
54170
54171
54172
54173
54174
54175
54176
54177
54178
54179
54180
54182
54183
54184
54185
54186
54187
54188
54189
54190
54191
54192
54193
54194
54195
54196
54197
54198
54199
54200
54201
54202
54203
54204
54205
54206
54207
54208
54209
54210
54211
54212
54213
54214
54215
54216
54217
54218
54219
54220
54221
54222
54265
54266
54269
54270
87069
87070
87071
87072
87073
87074
87075
87076
87077
87078
87079
87080
87081
87082
54321
54325
54326
54327
54328
54329
87098
54330
54331
87100
54332
87101
54333
87102
54334
87103
54335
54336
54337
54338
54339
54340
54341
54342
54352
54353
54355
87124
87125
87126
87127
54359
54360
54361
54362
54363
54364
54365
54366
54367
54368
54369
54370
54371
54407
54408
54409
54410
87239
87240
87241
87242
87243
87250
87251
87252
87253
87255
87256
54495
87264
54535
54536
54537
54538
54539
54540
54541
54542
54543
54544
54545
54546
54548
54553
54556
54557
54558
54559
54560
54561
54562
54563
54564
54566
54567
54568
54569
54570
54571
54572
54573
54574
54575
54576
54577
54578
54579
54580
54581
54582
54583
54584
54585
54586
54587
54588
54589
54590
54591
54592
54593
54594
54595
54596
54597
54598
54599
54600
54601
54602
54603
54604
54605
54606
54607
54608
54609
54610
54611
54612
54613
54614
54615
54616
54617
54618
54619
54620
54621
54622
54623
54624
54625
54626
54627
54628
54629
54630
54631
54632
54633
54657
54659
54660
54661
54663
54664
54667
54668
54669
54670
54698
54700
54716
54718
54719
54754
54755
54756
54757
54758
54759
54760
54761
54762
54763
54764
54765
54766
54767
54768
54769
54770
54771
54772
54773
54774
54775
54776
54777
54778
54779
54780
54781
54782
54783
54784
54785
54786
54789
54790
54791
54792
54793
54794
54795
54796
54797
54798
54799
54800
54801
54802
54803
54804
54805
54806
54807
54808
54809
54810
54811
54812
54813
54814
54815
54816
54817
54818
54819
54820
54821
54822
54823
54824
54825
54826
54827
54828
54829
54830
54831
54832
54833
54834
54835
87604
87608
87609
87610
87611
54843
87669
87670
87671
87672
87673
87674
54950
54951
87723
87724
54960
54961
54962
54963
54964
54965
87737
87738
87739
87740
87741
54973
87742
54974
87743
54975
87744
54976
87745
54977
87746
54978
87747
54979
87748
54980
87749
54981
87750
54982
87751
54983
54984
54985
54986
54987
54988
54989
54990
54991
54992
54993
54994
54995
54996
54997
54998
54999
55000
55001
55002
55003
55004
55005
55006
55007
55008
55009
55010
55011
55012
55013
55014
55043
55044
55056
55057
55058
55059
55060
55061
55062
55063
55064
55065
55066
55067
55068
55069
55070
55071
55072
55073
55074
55075
55076
55077
55078
55079
55080
87867
87868
87869
87870
87923
87924
87925
87926
87927
87928
87929
87930
87931
87932
87933
87934
87935
87936
87937
87938
87939
87953
87954
87955
87956
87957
87958
87959
87960
87961
87962
87963
87964
87965
87966
87967
87968
87969
87970
87971
87972
87973
87974
87975
87976
87977
87978
87979
55241
55242
55243
55244
55245
88014
88015
88016
88017
88018
88019
88020
88021
88022
55255
55256
55257
55258
55259
55260
55262
55263
55270
55271
55272
55273
55274
55277
55278
55279
55280
55281
55282
55283
55284
55285
55286
55287
55288
55289
55290
55291
55292
55293
55294
55295
55296
55297
55298
55299
55300
55301
55302
55303
55304
55305
55306
55307
55308
55309
55310
55319
55343
55344
55345
55346
55347
55348
55351
55352
55353
55354
55355
55357
55358
55359
55360
55361
55362
55363
55364
55365
55377
55378
55380
55385
88156
88157
88158
88159
88160
88161
88162
88163
88164
88165
88169
88170
88171
88177
88237
88238
88239
88269
88270
88271
88273
55505
88274
55506
55507
55508
55509
55510
55511
55512
55513
55514
55515
55516
55517
55518
55519
55520
55521
55522
55523
55536
55538
55551
55552
55553
55554
55586
55587
55588
55591
55593
55594
55595
55596
55597
55598
55599
55600
55601
55602
55603
55604
55605
55606
55607
55608
55609
55610
55611
55612
55613
55614
55615
55616
55617
55618
55619
55620
55621
55622
55623
55624
55625
55626
55627
55628
55629
55630
55631
55632
55633
55634
55635
55636
55637
55638
55639
55640
55641
55642
55643
55644
55645
55646
55647
55648
55649
55650
55651
55652
55653
55654
55655
55656
55657
55658
55659
55660
55661
88435
88437
88438
55709
55710
55731
55732
88527
88528
88529
88530
88531
55765
55766
55767
55768
55781
55785
55786
55787
55790
55791
55792
55793
55794
55795
55796
55797
55798
55799
55827
55828
55829
55830
55831
55832
55833
55834
55835
55836
55837
55838
55839
55840
55841
55842
55843
55844
55845
55846
55847
55848
55849
55850
55851
55852
55853
55854
55855
55856
55857
55858
55859
55860
88629
55861
88630
55862
88631
55863
55864
55865
55866
55867
55868
55872
55873
55874
55875
55876
55877
55878
55879
55880
55881
55882
55883
55884
88675
88676
88691
88692
88693
88694
88695
88696
88697
88698
88699
88703
88730
88731
88733
88734
55970
55971
55972
55973
55974
88743
55975
88744
55976
88745
55977
88746
55978
88747
55979
88748
55980
88749
55981
88750
55982
88751
55983
88752
55984
88753
55985
88754
55986
88755
55987
88756
55988
88757
55989
88758
55990
88759
55991
88760
55992
88761
55993
88762
55994
88763
55995
88764
55996
88765
55997
88766
55998
88767
55999
88768
56000
88769
56001
88770
56002
88771
56003
88772
56004
88773
56005
88774
56006
88775
56007
88776
56008
88777
56009
88778
56010
88779
56011
88780
56012
88781
56013
88782
56014
88783
56015
88784
56016
88785
56017
88786
56018
88787
56019
88788
56020
88789
56021
88790
56022
88791
88792
88821
88822
88823
88824
88825
88826
56061
56062
56063
56065
56066
88835
88836
56068
88873
88874
56129
56130
56131
56132
56133
56134
56135
56136
56137
56139
56140
56141
56142
56143
56144
56145
56146
56147
56148
56149
56150
56151
56152
56165
56166
56167
56171
56172
56173
56174
56175
56176
56177
56178
56179
56211
56212
56213
88982
56214
88983
88984
88985
88986
88987
88988
88989
88990
88991
88992
88993
88994
88995
88996
88997
88998
88999
89000
89001
89002
89003
89004
89005
89006
56238
89007
89008
89009
89010
56242
89011
89012
89085
89086
89087
89088
89089
89091
89092
89093
56347
56348
56349
89118
56350
89119
56351
89120
56352
89121
56353
89122
56354
89123
56355
89124
56356
89125
56357
56358
56359
56360
56361
56362
56363
56371
56372
56373
56376
89145
89146
56378
56379
56380
56381
56382
56383
56384
56385
56386
56387
56388
56389
56392
56393
56394
56395
56396
56397
56398
56399
56400
56401
56402
56403
56404
56405
56407
56408
56409
56410
56411
56412
56413
56414
56415
56416
56417
56418
56419
56420
56421
56422
56423
56424
56425
56426
56427
56428
56429
56430
56431
56432
56433
56434
56435
56436
56437
56438
56439
56440
56441
56442
56443
56444
56445
56446
56447
56448
56449
56450
56451
56452
56453
56454
56455
56456
56457
56458
56459
56460
56461
56462
56463
56487
56489
56490
56491
56492
56493
56515
56534
56535
56537
56538
56539
56577
56578
56579
56580
56581
56582
56583
56584
56585
56586
56587
56588
56589
56590
56591
56592
56593
56594
56595
56596
56597
56598
56599
56600
56601
56602
56603
56604
56605
56607
56608
56609
56610
56611
56612
56613
56615
56616
56617
56618
56619
56620
56621
56622
56623
56624
56625
56626
56627
56628
56629
56630
56631
56632
56633
56634
56635
56636
56637
56638
56639
56640
56641
56642
56643
56644
56645
56646
56647
56648
56649
56650
56651
56652
56653
56654
56662
89465
89466
89467
89468
89469
89470
89471
89472
89474
89490
89491
89492
89512
89513
89514
56767
56768
56778
56779
56780
56781
56782
56783
56784
56795
56796
56797
56798
56799
56801
56803
56804
56805
56806
56807
56808
56809
56810
56811
56812
56813
56814
56815
56816
56817
56818
56819
56820
56821
56822
56823
56824
56825
56826
56827
56828
56829
56830
56831
56832
56833
56834
56835
56836
89630
89631
89632
56868
56869
89638
56870
89639
89640
89641
89642
56882
89651
56883
56884
56885
56886
56887
56888
56889
56890
56891
56892
56893
56894
56895
56896
56897
56898
56899
56900
56901
56902
56903
56904
56905
56906
57069
57070
57082
57083
57084
57085
57086
57087
57088
57089
57092
57094
57095
57103
57104
57105
57106
57107
57108
57110
57111
57112
57113
57114
57115
57116
57117
57118
57119
57120
57121
57122
57123
57124
57125
57126
57127
57128
57129
57130
57131
57132
57133
57134
57135
57136
57137
57138
57139
57140
57141
57142
57150
57175
57176
57177
57178
57179
57180
57183
57184
57185
57186
57187
57188
57189
57192
57193
57194
57195
57196
57197
57198
57199
57200
57201
57202
57203
57217
57218
57225
90004
90005
90006
90007
90068
90069
90070
90071
90072
90073
90074
57341
57342
57343
57344
57345
57346
57347
57348
57349
57350
57351
57352
90125
57365
57368
90137
90138
90139
90140
90141
90142
90143
90144
90145
90146
90147
57382
57383
57384
57385
57386
57424
57425
57426
57430
57431
57433
57434
57435
57436
57437
57438
57439
57440
57441
57442
57443
57444
57445
57446
57447
57448
57449
57450
57451
57452
57453
57454
57455
57456
57457
57458
57459
57460
57461
57462
57463
57464
57465
57466
57467
57468
57469
57470
57471
57472
57473
57474
57475
57476
57477
57478
57479
57480
57481
57482
57483
57484
57485
57486
57487
57488
57489
57490
57491
57492
90261
57493
90262
57494
90263
57495
57496
57497
57498
57499
57549
90327
90328
90329
90330
90331
90332
90333
90334
90335
57567
90336
90337
90338
90339
90340
90341
90342
90343
90344
90358
90359
90360
90361
90362
90363
90364
90365
90366
57598
90367
57599
90368
57600
90369
90370
90371
90372
90373
90374
90375
90376
90377
90378
90379
90380
90381
90382
57614
90383
57620
57621
57622
57623
57624
57626
57627
57628
57629
57630
57631
57632
57633
57634
57635
57636
57637
57638
90419
90420
90421
90422
90423
90424
90425
57665
57667
57668
57669
57670
57671
57672
57673
57674
57675
57676
57677
57678
57679
57680
57681
57682
57683
57684
57685
57686
57687
57688
57689
57690
57691
57692
57693
57694
57695
57696
57697
57698
57699
57700
57701
57702
57703
57704
57705
57706
57707
57711
57712
57713
57714
57715
57716
57717
57718
57719
57720
57721
57722
57723
57724
57725
90562
90563
90564
90565
90566
90567
90568
90569
90570
90571
90577
90578
57810
57811
90580
57812
57813
57814
57815
57816
57817
57818
57819
57820
57821
57822
57823
57824
57825
57826
57827
57828
57829
57830
57831
57832
57833
57834
57835
57836
57837
57838
57839
57840
57841
57842
57843
57844
57845
57846
57847
57848
57849
57850
57851
57852
57853
57854
57855
57856
57857
57858
57859
57860
90642
90643
57898
57899
57900
57901
57902
57903
57904
90673
90674
90675
90676
90677
57964
57965
57966
57967
57968
57969
57970
57971
57972
57973
57974
57975
57977
57979
57980
57981
57982
57984
57985
57986
57987
57988
57989
57990
57991
57992
57993
57994
57995
57996
57997
58013
58014
58015
58021
58022
58023
58024
58025
58026
58027
58053
58054
58055
58056
58081
90853
58085
90854
58146
58148
90941
90942
90943
90944
90945
58191
58192
58193
58194
58195
58196
58197
58198
58199
58200
58201
58202
58203
58204
58205
58206
58207
58219
58220
58221
58222
58223
58228
58232
58233
58234
58235
58236
58237
58238
58239
58240
58241
58242
58243
58244
58245
58249
58250
58251
58252
58253
58254
58255
58256
58257
58258
58259
58260
58261
58262
58263
58264
58265
58267
58268
58269
58270
58271
58272
58273
58274
58275
58276
58277
58278
58279
58280
58281
58282
58283
91052
58284
58285
58286
58287
58288
58289
58290
58291
58292
58293
58294
58295
58296
58297
58298
58299
58300
58301
58302
58303
58304
58305
58306
58307
58308
58309
58310
58311
58312
58313
58314
58315
58316
58317
58318
58319
58320
58321
58322
58323
58324
91093
58325
58326
91095
91113
91114
91115
91116
91117
91118
58350
91119
58352
58353
91122
91123
58370
91152
91153
91155
91156
58388
58389
58390
58391
58393
58394
58395
91164
58396
91165
91166
91167
91168
91169
91170
91171
91172
91173
91174
91175
91176
91177
91178
91179
91180
91181
91182
91183
91184
91185
91186
91187
91188
91189
91190
91191
91192
91193
91194
91195
91196
91197
91198
91199
91200
91201
91202
91203
58435
91204
58436
91205
58437
91206
58438
91207
58439
91208
58440
91209
58441
91210
58442
58443
58444
58445
58446
58447
58448
58449
58450
58451
58452
58453
58454
58455
58456
58457
58458
58459
58460
58461
58462
58463
58464
58467
58468
58469
58470
58471
58472
91241
58473
91242
58474
91243
91244
58476
91245
58477
91246
58478
58479
58480
58481
58482
58483
91252
58484
58485
58486
58487
58488
58489
58490
58491
58492
58493
58494
58495
58496
58497
58498
58499
58500
58501
58502
58503
58504
58505
58506
58507
58508
58509
58510
58511
58512
58513
58514
58515
58516
58517
58518
58519
91292
58527
91408
91409
91410
91411
91412
91413
91414
91415
91416
58648
91417
58649
91418
58650
91419
58651
91420
58652
91421
58653
91422
58654
91423
58655
91424
58656
91425
58657
91426
91427
91428
91429
91430
91431
91432
91433
91434
91435
91436
91437
58670
58671
58672
58673
58674
58675
58676
58677
58678
58680
58681
58683
58684
58685
58686
58687
58688
58689
58690
58691
58692
58693
58694
58695
58696
58697
58698
58699
58700
58701
58702
58703
58704
58705
58706
58707
58708
58709
58710
58711
91505
91506
91507
91508
91509
91510
58746
58747
58748
58749
58754
58755
58756
58757
58758
58759
58760
58761
58762
58763
58764
58765
58766
58767
58768
58769
58770
58771
91540
58772
91541
58773
91542
58774
91543
58775
91544
58776
58777
58778
58779
58780
58968
58969
58970
58971
58972
58973
58974
58975
58976
58977
58978
58980
58982
58983
58984
58986
58995
58996
58997
58998
58999
59000
59001
59002
59005
59006
59007
59008
59009
59010
59011
59012
59013
59014
59015
59016
59017
59018
59019
59020
59021
59022
59023
59024
59025
59026
59027
59028
59029
59030
59031
59032
59033
59040
59064
59065
59066
59067
59068
59070
59073
59074
59075
59076
59077
59078
59079
59080
59081
59084
59085
59086
59087
59088
59089
59090
59091
59092
59093
59094
59095
59096
59112
91885
59117
91886
59118
91887
91888
59120
91889
91890
91904
91905
91906
91908
91931
91932
91933
59245
59246
59247
59248
59249
59250
59251
59252
59253
59254
59255
59256
59267
59285
59286
59287
59288
59289
92061
92065
92066
92067
92068
92069
59331
59332
59333
59334
59335
59340
59341
59342
59343
59345
59346
59347
59348
59349
59350
59351
59352
59353
59354
59355
59356
59357
59358
59359
59360
59361
59362
59363
59364
59365
59366
59367
59368
59369
59370
59371
59372
59373
59374
59375
59376
59377
59378
59379
59380
59381
59382
59383
59384
59385
59386
59387
59388
59389
59390
59391
59392
59393
59394
59395
59396
59397
59398
59399
59400
59401
59402
59403
59404
59405
59406
59407
59408
59409
59410
59460
59477
59506
59507
59508
59524
59526
59534
59535
59536
59537
59538
59541
59542
59543
59544
59545
59546
59547
59548
59549
59550
59551
59552
59578
59579
59580
59581
59582
59583
59584
59585
59586
59587
59588
59589
59590
59591
59592
59593
59594
59595
59596
59597
59598
59599
59600
59601
59602
59603
59604
59605
59606
59607
59608
59609
59610
59611
59612
59613
59614
59615
59616
59617
59618
59619
59620
59622
59623
59624
59625
59626
59627
59628
59629
59630
59631
59632
59633
59634
92453
92454
92455
92456
59722
59723
59724
59725
59726
59727
59728
59729
59730
59731
59732
59733
59734
59735
59736
59737
59738
59739
59740
59741
59742
59743
59744
59745
59746
59747
59748
59749
59750
59751
59752
59753
92522
59754
92523
59755
92524
59756
92525
59757
59758
59759
59760
59761
59762
59763
59764
59765
59766
59803
59804
59805
59806
59807
59808
59809
59810
92581
92593
92594
92595
92596
92597
92598
92599
92600
92601
92602
59867
59868
59869
59870
59871
59872
59873
59874
59875
59876
59877
59878
59879
59880
59881
59884
59885
59888
59889
59890
59891
59892
59893
59894
59895
59896
59897
59898
59899
59900
59901
59902
59903
59904
59905
59906
59907
59908
59909
59911
59913
59930
59931
59932
59933
59942
59943
59944
59945
92716
92717
59971
59972
59973
60002
60004
60005
60007
92781
92782
92783
92784
92785
92786
92787
92788
92789
92790
92791
92792
92793
92794
92795
92811
92812
92813
92814
92815
92816
92817
92818
92819
92820
92821
92822
92823
92824
92825
92826
92827
92828
92829
92830
92831
92832
60064
92833
60065
92834
92835
92836
92837
92873
92874
92875
92876
92877
92878
60113
60114
60115
60116
60117
60118
60119
60120
60121
60122
60123
60124
60125
60126
60127
60128
60144
60145
60146
60147
60148
60149
60150
60154
60155
60162
60163
60164
60165
60166
60167
60168
60169
60170
60171
60172
60173
60174
60175
60176
60177
60184
60185
60186
60187
60188
60189
60190
60191
60192
60193
60194
60195
60196
60197
60198
60199
60202
60203
60204
60205
60206
60207
60208
60209
60210
60211
60212
60213
60214
60215
60216
60217
60218
60219
60220
60221
60222
60223
60224
60225
60226
60227
60228
60229
60230
60231
60232
60233
60234
60235
60236
60237
60238
60239
60240
60241
60242
60243
60244
60245
93014
60246
93015
60247
93016
60248
93017
60249
93018
60250
93019
60251
93020
60252
93021
60253
93022
60254
60255
60256
60257
93026
60258
93027
60259
60260
60278
60279
60309
60310
60311
60312
60315
60316
60317
60318
60319
60320
60321
93094
60352
93123
93124
60364
60365
60366
60367
60368
60369
60370
60371
60372
60373
60374
60375
60376
60377
60378
60379
60380
60381
60382
60383
60384
60385
60386
60387
60388
60389
60390
60391
60392
60394
60395
60396
60397
60398
60399
60400
60401
60402
60403
60404
60405
60406
60407
60408
60409
60410
60411
60412
60413
60414
60415
60416
60417
60418
60419
60420
60421
60422
60423
60424
60425
60426
60427
60428
60429
60430
60431
60432
60433
60434
60435
60436
60437
60438
60439
60440
60441
60449
93317
60567
60568
60569
60570
60571
60572
60573
60574
60575
60576
60577
60591
60592
60593
60594
60595
60596
60597
60598
60599
60600
60601
60603
60604
60605
60607
60608
60609
60610
60611
60612
60613
60614
60615
60616
60617
60618
60619
60620
60621
60622
60623
60624
60625
60626
60627
60628
60629
60630
60631
60632
60633
93405
93407
93408
60666
60667
60668
60673
60674
60675
60676
60677
60678
60679
60680
60681
60682
60683
60684
60685
60686
60687
60688
60689
60690
60691
60692
93526
93586
93587
93588
93589
93590
93591
93592
93595
93621
93622
93625
93626
93632
93633
93634
93635
93636
93637
93638
93639
93640
93641
93642
93643
93644
93645
93646
93647
93648
93649
93650
93651
93652
93653
93654
93655
93656
93657
93658
60890
93659
60891
93660
60892
93661
60893
93662
60894
93663
60895
93664
60896
93665
60897
93666
60898
93667
60899
93668
60900
93669
60901
93670
60902
60906
60909
60910
60911
60912
60913
60915
60925
60926
60927
60928
60929
60930
60931
60932
93703
93704
60936
93705
60937
93706
60938
93707
60939
93708
60940
60941
60942
60943
60944
60945
60946
60947
93716
60948
93717
60949
60950
60951
60952
60953
60954
60955
60956
60957
60958
60959
60960
60961
60962
60992
93761
60993
93762
60995
60996
61001
61002
61003
61004
61005
61006
61007
61011
61012
61013
61014
61015
61016
61017
61018
61019
61020
61021
61022
61023
61024
61025
61042
61044
61045
61046
93888
93889
93890
93891
93892
93893
93894
93895
93896
93897
93898
93899
93900
93901
93902
93903
93904
93905
93906
93907
93908
93909
61176
61177
61178
61179
61180
61181
61182
61183
61184
61193
93971
93972
93973
93974
93975
93976
93977
61212
61213
61214
94006
94007
61239
94008
94009
94010
94011
94012
94013
61262
61263
61264
61265
61266
61267
61268
61274
61275
61276
61277
61280
61281
61282
61283
61284
61285
61286
61287
61288
61289
61290
61291
61292
61293
61294
61295
61296
61297
61298
61299
61300
61301
61302
61303
61304
61305
61306
61307
61308
61309
61310
61311
61312
61313
61314
61315
61316
61317
61318
61319
61320
61321
61322
61323
61324
61325
61326
61327
61328
61329
61330
61331
61332
61333
61334
61335
61336
61337
61338
61339
61340
61341
61342
61343
61344
61435
61436
61455
61457
61458
61469
61470
61471
61472
61473
61474
61477
61478
61479
61480
61481
61482
61483
61484
61485
61486
61487
61488
61489
61490
61516
61517
61518
61519
61520
61521
61522
61523
61524
61525
61526
61527
61528
61529
61530
61531
61532
61533
61534
61535
61536
61537
61538
61539
61540
61541
61542
61543
61544
61545
61546
61547
61548
61549
61550
61551
61552
61553
61554
61555
61556
61557
61558
61559
61560
61561
61562
61563
61564
61565
61566
94357
94358
94359
94360
94361
94366
94376
94377
94379
94380
61650
61651
61652
61653
61654
61655
61656
61657
61658
61659
61660
61661
61662
61663
61664
61665
61666
61667
61668
61669
61670
61671
61672
61673
61674
61675
61676
61677
61678
61679
61680
61681
61682
61683
61684
61685
61686
61687
61688
61689
61690
61691
61692
61693
61694
61695
61696
61730
61731
61732
61733
61734
61735
61736
94545
94546
94547
61795
61796
61797
61798
61799
61800
61801
61802
61803
61804
61805
61806
61807
61808
61809
61810
61811
61816
61817
61822
61823
61824
61825
61826
61827
61828
61829
61830
61831
61832
61833
61834
61835
61836
61837
61838
61839
61840
61841
61842
61843
61844
61846
61847
61849
61870
61871
61872
61873
61874
61883
61884
61885
61937
61938
61939
61940
61942
61943
61999
62000
62051
62052
62053
62054
62055
62056
62057
62058
62059
62060
62061
62062
62063
62064
62083
62084
62085
62086
62087
62088
62093
62094
62106
62107
62108
62109
62110
62111
62112
62113
62114
62115
62116
62117
62118
62119
62120
62121
62122
62123
62124
62132
62136
62137
62138
62139
62140
62141
62142
62143
62144
62145
62146
62147
62148
62149
62150
62151
62152
62153
62154
62155
62156
62159
62160
62161
62162
62163
62164
62165
62166
62167
62168
62169
62170
62171
62172
62173
62174
62175
94944
62176
94945
62177
94946
62178
62179
62180
62181
62182
62183
62184
62185
62186
62187
62188
62189
62190
62191
62192
62193
62194
62195
62196
62197
62198
62199
62200
62201
62202
62203
62204
62205
62206
62207
62208
62209
62210
62211
62212
62213
62214
62215
62216
62217
95022
95023
95024
95025
62260
62261
62262
62263
62264
95033
62265
62266
62269
62270
62271
62272
62273
62275
62276
62308
95086
95088
62323
62324
62325
62326
62327
62328
62329
95098
62330
95099
62331
95100
62332
95101
62333
95102
62334
95103
62335
95104
62336
62337
62338
62339
62340
62341
62342
62343
62344
62345
62346
62347
62348
62349
62350
62351
62352
62353
62354
62355
62356
62357
62358
62359
62360
62361
62362
62363
62364
62365
62366
62367
62368
62369
62370
62371
62372
62373
62374
62375
62376
62377
62378
62379
62380
62381
62382
62383
62384
62385
62386
62387
62388
62389
62390
62391
62392
62393
62394
62395
62396
95215
95282
95283
95284
95285
95286
95287
62519
95288
62520
95289
62521
95290
62522
95291
62523
95292
62524
62525
62526
62527
62528
62529
62530
62531
95306
95307
95308
95309
95310
95311
95312
95313
95314
95315
62547
95316
62548
95317
62549
95318
62550
95319
62551
95320
62552
95321
62553
95322
62554
95323
62555
95324
62556
95325
95326
95327
62559
95328
62560
95329
62561
95330
62564
62565
62566
62567
62568
62569
62570
62571
62572
62573
62574
62575
62576
62577
62578
62579
62580
62581
62582
62583
62584
95364
62614
62615
62616
62617
62618
62619
62623
62624
62625
62626
62627
62628
62629
62630
62631
62632
62633
62634
62635
62636
62637
62638
62639
62640
62641
62642
62643
95502
95503
95504
95505
95506
95508
95509
95510
95513
95514
95587
95613
95614
62851
62852
62853
62854
62855
62856
62857
62858
62859
62860
62861
62862
62863
62864
62865
62872
62877
62878
62879
62880
62881
62882
62894
62895
62896
62897
62898
62899
62900
62905
62906
62907
62908
62909
62910
62911
62912
62913
62914
62915
62916
62917
62918
62919
62920
62921
62922
62923
62924
62925
62954
62955
62956
62957
62958
62965
62966
62967
62968
62969
62970
62971
62972
62973
62976
62977
62978
62979
62980
62981
62982
62983
62984
62985
62986
63006
63008
63009
63010
63011
63012
63140
63141
63142
63143
95912
63144
95913
63172
63173
63174
63175
63199
63200
63225
63226
63227
63228
63229
63230
63231
63232
63234
63236
63241
63242
63243
63244
63245
63249
63250
63251
63252
63253
63254
63255
63256
63257
63258
63259
63260
63261
63262
63263
63264
63265
63266
63267
63268
63269
63270
63271
63272
63273
96042
63274
63275
30508
63276
63277
63278
63279
63280
63281
63282
63283
63284
63285
63286
63287
63288
63289
63290
63291
30524
63292
63293
63294
63295
63296
63297
63298
63299
30532
63300
63301
30534
63302
30535
63303
63304
63305
63306
63307
63308
30541
96084
96085
30556
30559
30561
30563
96101
96102
96103
30567
96104
96105
30571
30572
96110
30580
30582
96132
96133
96135
96136
96140
96141
96142
96143
96144
96145
96146
96147
96148
96149
96150
96151
96152
96153
96154
96155
96156
96157
96158
96159
96160
96161
96162
96163
96164
96165
96166
96167
96168
96169
96170
96171
96172
96173
96174
96175
96176
96177
96178
96179
96180
30644
30645
63417
63418
63419
63420
63421
63423
30665
30667
63439
63440
30673
63441
30674
63442
63443
30676
63444
30677
63445
96215
96216
30680
96217
63449
30682
63450
30683
63451
30684
63452
63453
63454
30687
63455
96224
30688
63456
96225
63457
96226
63458
96227
30691
63459
30692
63460
63461
63462
63463
63464
63465
30698
30699
30700
30701
30706
30707
30711
30714
30716
30717
30718
30719
63488
63489
63490
30723
63491
30724
63492
63493
63494
30727
63495
63496
30729
63497
30730
63498
63499
30732
63500
30733
63501
63502
30735
63503
30736
63504
63505
63506
63507
63508
30741
63509
63510
30743
63511
30744
63512
63513
63514
30747
63515
30748
63516
30749
63517
30750
63518
30751
63519
63520
63521
63522
30755
63523
30756
63524
30757
63525
30758
63526
30759
63527
30760
63528
63529
63530
30763
63531
30764
63532
30765
63533
30766
30767
30770
30774
30775
30777
30778
30779
30780
30821
30822
30823
30835
30838
30841
30842
30844
30846
63614
30847
63615
30848
63616
63617
63618
30851
63619
30852
63620
63621
63622
30855
63623
30856
63624
30857
63625
30858
63626
63627
30860
63628
30861
63629
63630
63631
30864
63632
30865
63633
30866
63634
63635
30868
63636
30869
63637
30870
63638
63639
96408
63640
96409
30873
63641
96410
63642
96411
63643
96412
30876
63644
96413
30877
63645
96414
30878
63646
96415
30879
63647
96416
63648
96417
63649
96418
63650
96419
63651
96420
63652
96421
30885
63653
96422
30886
63654
96423
30887
63655
96424
30888
63656
96425
30889
96426
30890
96427
96428
30893
30894
30897
30898
30900
30901
30902
30906
30907
30908
30910
30911
30912
30913
30914
30918
30919
63689
30922
63690
30923
63691
63692
30925
63693
30926
63694
30927
63695
30928
63696
30930
30931
30934
30938
30939
30940
30941
30942
30943
30947
30948
30949
30950
96487
30951
30952
96489
96490
96491
30955
96492
30956
30957
30958
30959
30960
30963
30964
30965
30966
30967
30968
30972
30973
30977
30978
30979
30980
30981
30982
30983
30984
30985
96522
30986
96523
96524
63760
63761
63762
63763
63764
63765
63766
63767
63768
63769
31002
63770
31003
63771
63772
63773
63774
63775
63776
63777
63778
31013
31018
63786
31019
31020
63788
31021
31022
31024
63794
63795
63796
63797
31030
63798
63799
31032
63800
31033
63801
63802
63803
31036
63804
31037
63805
31038
63806
63807
31040
63808
63809
31042
63810
31043
63811
31044
63812
31045
63813
31046
63814
63816
31049
63817
31050
63818
63820
31054
31055
31056
31057
31058
31059
31060
31062
31063
31064
31065
31070
31071
31072
31073
31075
31076
31077
31078
63846
31079
63847
63848
63849
31082
31083
63852
31087
31088
31089
31090
63858
31091
63859
31097
31100
31101
31103
31104
31105
31110
31111
31116
31118
31119
31121
31126
31127
31128
31129
31131
31132
31133
31134
31135
31136
31137
31138
31139
63910
63911
31144
63912
31145
63913
31146
63915
63916
31150
31151
31152
31154
63923
31156
31157
31158
31160
31161
31167
31168
31170
31171
31172
31173
31178
31179
31180
31181
31182
31183
31184
31187
31188
31189
31190
31191
31192
31197
31198
31199
31200
31201
31202
63971
31207
31208
31215
31216
31217
31218
31219
31220
31221
31222
31223
31224
31225
31226
31232
31233
31234
31239
31242
31243
31244
31245
31246
31248
31249
31252
31253
31254
31255
31258
31259
64028
64029
64030
31263
64031
31264
64032
31265
64033
31266
64034
31267
64035
31268
64036
31269
64037
64038
64039
31273
64041
31274
31281
31282
31283
31284
31285
31286
31287
31288
31290
31291
31292
31293
64066
31299
64067
64068
31301
64069
31302
64070
31303
64071
31304
64072
31305
64073
31306
64074
31307
64075
31308
64076
31309
64080
31313
31314
31315
31321
31322
31323
31324
31325
64094
64095
64096
96865
64097
96866
64098
96867
64099
64100
64101
64102
64103
96872
64104
31337
64105
64106
64107
31341
64109
31342
64110
96880
31344
96881
31345
31346
31347
96884
31348
64116
31349
64123
64124
64125
31358
64126
31359
64127
31360
64128
31361
64129
64130
64131
64132
64133
64134
64135
64136
31369
64137
31370
64138
64139
31372
64140
64141
64142
64143
64144
64147
31380
64148
31381
64149
31382
64150
31383
64151
31384
64152
31385
64153
31386
64154
31387
64155
31388
64156
31389
64157
31390
64158
31391
64159
31392
64160
31393
64161
31394
64162
64163
64164
64165
64166
64167
64168
31401
64169
31402
64170
31403
64171
31404
64172
64173
96942
64174
96943
64175
64176
64177
31410
64178
31411
64179
31412
64180
31413
64181
64182
64183
31416
64184
31417
64185
64186
64187
64188
31421
64189
31422
64190
31423
64191
64192
31425
64193
31426
64194
64195
64196
64197
64198
64199
64200
64201
31434
64202
31435
64203
31436
64204
31437
64205
31438
31439
31440
31441
31442
31443
31450
31452
31453
31454
31455
31456
31457
31458
31459
31464
31465
31466
31467
31468
31469
31470
64243
64244
64245
64246
64247
31480
64248
31481
64249
31482
64250
31483
64251
31484
64255
64256
31489
64257
64258
64259
64260
64261
64262
64264
31500
31501
31502
31503
31504
31505
31506
31507
31508
31509
31510
31511
31512
31513
31515
31516
31517
31518
31520
31521
31522
31523
31525
31526
31527
31528
31529
64297
64298
97068
97069
97070
31534
31541
31542
31543
31544
31545
31546
31547
31548
64317
64318
64319
31552
64320
64321
31554
64322
31555
64323
64324
64325
64326
64327
64328
64329
64330
64331
64332
64333
31566
64334
31567
64335
31568
64336
31569
64337
31570
64338
31571
64339
31572
64340
31573
64341
31574
64342
31575
64343
31576
64344
31577
64345
64346
31579
64347
31580
64348
31581
64349
31582
64350
64351
64352
64353
64354
64355
64356
64357
64358
31591
64359
64360
31593
64361
31594
64362
31595
64363
31596
64364
31597
64365
64366
31599
64367
31600
64368
31601
64369
64370
64371
64372
64373
64374
64375
31608
64376
31609
64377
64378
64379
64380
64381
64382
64383
64384
64385
64386
31620
31621
31622
31623
31624
31625
31641
31642
31644
31645
31647
31648
31649
31650
31652
31653
31654
31655
31656
31657
31673
31674
31675
31676
31685
31686
31687
31697
31698
31699
31700
31701
31702
31703
31704
31705
31706
31707
31708
31709
31710
31711
31712
31713
31714
31715
31727
31728
31729
31730
31742
31743
31744
31745
31746
31748
64516
64517
64518
64519
64520
64521
64522
31755
64523
31756
64524
31757
64525
31758
64526
31759
64527
31760
64528
31762
31763
31775
31776
31777
31778
31779
64547
64548
31781
64549
31782
64550
31783
64551
31784
64552
31785
64553
31786
64554
31787
64555
64556
64558
64561
64562
64563
64564
31798
31799
31800
64568
31801
64569
31802
64570
31803
64571
31804
64572
31805
64573
31806
64574
31807
64575
31808
64576
31809
64577
31810
64578
64579
64580
64581
64582
64583
64584
64585
64586
31819
31820
31821
31822
31823
31824
31825
31837
31838
31839
31840
31841
64614
64615
64616
64617
31850
64618
64619
64621
64622
64623
64624
64625
64626
64627
64628
64629
64630
64631
31864
64632
64633
64634
31867
64635
31868
64636
31869
64637
31870
64638
31871
64639
31872
64640
31873
64641
31874
64642
31875
64643
31876
31877
31878
31879
31880
31881
31882
31883
31884
31885
31886
31887
31888
31889
31890
31891
31899
31907
31908
31909
31910
31911
31912
31913
31914
31915
31916
31923
31925
31926
31927
31939
31943
31944
31945
31946
31947
31948
31949
31950
97487
31951
31952
31953
31954
31955
31956
31959
31960
31961
31962
31963
31973
31974
31975
31976
31977
31978
31979
31980
31981
31982
31983
31984
31985
31986
31987
31988
31989
32001
32002
32013
32014
32015
32016
32017
32018
32019
32020
97566
97568
97571
32040
32041
32042
32044
32045
32046
32049
32050
32051
32052
32053
32055
32057
32058
32059
32060
32061
32062
32063
32064
32084
32085
32086
32087
32098
32100
97637
32101
64873
64874
64875
64876
64877
64878
97647
64879
97648
64880
97649
64881
97650
64882
97651
32115
64883
97652
64884
64885
32118
64886
32119
64887
32120
64888
32121
64889
32122
64890
32123
64891
32124
32125
32126
32127
32128
32129
32130
32131
32132
64900
32133
64901
32134
32135
32136
32137
32138
64907
64908
64909
64910
64911
32149
32154
32155
64923
32156
64924
32157
64925
64926
64927
64928
64929
64930
64936
64937
32170
64938
64939
32172
64940
32173
64941
32174
64942
32175
64943
64944
32177
64945
64946
64947
64948
64949
64950
64951
64952
32185
64953
32186
32187
32188
32189
32190
32191
32192
32193
32194
32211
32212
32213
64981
32214
64982
32215
64983
32216
64984
32217
64985
64986
32219
32221
32222
64990
32223
32224
32225
64997
64998
64999
65000
65001
65002
65003
65005
65006
65007
65008
32241
65009
65010
32243
65011
32244
65012
32245
65013
32246
65014
32247
65015
32248
65016
32249
32250
65018
32251
32252
32265
32266
32267
32268
32269
32270
32271
32272
32273
65041
65042
65043
65044
65046
32285
32287
32288
32289
32290
32291
32292
97840
97841
97842
97843
97844
97845
97846
97847
32325
97863
97864
32328
97865
32329
97866
32330
97867
32331
97868
32332
97869
32333
97870
32334
97871
32335
97872
32336
97873
32337
97874
32338
97875
32339
97876
32340
97877
32341
97878
32342
97879
32343
97880
32344
97881
32345
97882
32346
97883
32347
97884
32348
97885
32349
32350
32351
32363
32372
32373
32374
32375
32376
32377
32378
32379
32380
32381
32391
32394
32395
32396
32397
32398
32410
32414
32415
32416
65184
32417
65185
32418
65186
32419
65187
32420
65188
32421
65189
32422
32423
32424
32425
32426
32427
32428
32429
32430
32433
32434
32435
32436
32437
65216
65217
65218
65219
65220
32453
32454
32455
32457
32458
32459
32460
32461
32462
32463
32464
32465
32466
32467
32468
65242
65243
32481
32482
32495
32496
32497
32498
32499
32500
32501
32502
65270
65271
65272
65273
65274
65275
65276
65277
65278
65279
65280
65282
65288
65289
65290
98059
65291
98060
65292
98061
65293
98062
32526
32527
98064
32528
98065
32529
98066
65298
98067
65299
65300
32533
65301
32534
65302
98071
65303
98072
65304
32537
65305
32538
65306
32539
65307
32540
65308
32541
65309
98078
32542
65310
32543
65311
65312
65313
32546
65314
32547
65315
32548
65316
32549
65317
32550
65318
32551
65319
32552
65320
65321
65322
65323
65324
65325
65326
65327
65328
65329
65330
65331
65332
65333
65334
65335
65336
65337
65338
65339
65340
65341
65342
65343
32576
65344
32577
65345
32578
65346
65347
65348
65349
65350
65351
32591
32592
32593
32595
32596
32598
32600
98139
32613
32617
32618
32619
32620
32621
32622
32623
32624
32625
32626
32627
32628
32629
32630
32631
32632
32633
32634
32635
32636
32637
32638
32639
32651
32657
32658
32659
32660
32673
32674
32676
32677
32678
32689
32690
32691
32692
32693
65461
32694
65462
32695
65463
32696
65464
65465
65466
65467
65469
32709
32716
32717
32718
32719
65487
32720
65488
32721
65489
65490
32723
65491
32724
65492
32725
65493
32726
65494
32727
32728
32729
32730
32731
65499
32732
65500
65501
65502
65503
65504
65505
65506
65507
65508
65509
65510
65511
65512
65513
65514
65515
32753
32754
32755
32756
32758
32759
32760
32761
32762
32763
32764
32765
32766
32767
)


// ************************************************************************* //
