/*--------------------------------*- C++ -*----------------------------------*\
| =========                 |                                                 |
| \\      /  F ield         | OpenFOAM: The Open Source CFD Toolbox           |
|  \\    /   O peration     | Version:  2412                                  |
|   \\  /    A nd           | Website:  www.openfoam.com                      |
|    \\/     M anipulation  |                                                 |
\*---------------------------------------------------------------------------*/
FoamFile
{
    version     2.0;
    format      ascii;
    arch        "LSB;label=32;scalar=64";
    class       volScalarField;
    location    "100";
    object      N2;
}
// * * * * * * * * * * * * * * * * * * * * * * * * * * * * * * * * * * * * * //

dimensions      [0 0 0 0 0 0 0];

internalField   nonuniform List<scalar> 
219621
(
0.003529
0.0038722814
0.006788371
0.007502103
0.0042514951
0.0073941402
0.0081609158
0.0030884344
0.010326088
0.0038654103
0.011012175
0.0046542431
0.0080294334
0.0088500541
0.0033971934
0.011266926
0.004236485
0.011999309
0.007025473
0.01431791
0.014613258
0.007877317
0.01462119
0.0051112853
0.0086880855
0.0095628247
0.0037411025
0.012318885
0.0046472027
0.013091725
0.0076512062
0.015539168
0.015839045
0.0085627985
0.015863923
0.0036161823
0.010856841
0.017909629
0.018368143
0.0040028259
0.011274951
0.018191309
0.0056416292
0.0094417418
0.010378616
0.0041052019
0.013279442
0.0050813378
0.0140883
0.0083091375
0.016819243
0.017134578
0.0092813542
0.017163672
0.0039719494
0.01183964
0.019331618
0.019802518
0.004383469
0.012283513
0.019632602
0.0082047958
0.015399266
0.022198991
0.022257036
0.022383912
0.0076326845
0.014897455
0.022172667
0.006227422
0.010299381
0.011306415
0.0045192363
0.014323557
0.0055713626
0.01517698
0.0089939432
0.018016504
0.018350645
0.010023465
0.018367882
0.0043653077
0.012935256
0.020999366
0.021489204
0.0048034218
0.013401056
0.021314569
0.0089285303
0.016719889
0.023888479
0.02391602
0.024054214
0.0082965137
0.016162728
0.023858333
0.0042799263
0.012129121
0.018959265
0.025944138
0.026396401
0.02651396
0.0035536401
0.010956417
0.018713514
0.025910118
0.0068551936
0.011210745
0.012290875
0.0050081896
0.015595733
0.0061362375
0.016498965
0.0097784448
0.019404899
0.019757298
0.010873481
0.01975893
0.0047829983
0.013939485
0.022535684
0.02304242
0.0052489584
0.01441008
0.022854681
0.0096890665
0.018089433
0.025831113
0.025852281
0.025999279
0.0089935715
0.017489772
0.025798139
0.004699755
0.01322861
0.020483351
0.027774655
0.028214797
0.028345961
0.0038985118
0.011943602
0.020198606
0.027739844
0.0096138693
0.017641338
0.024438603
0.031571646
0.030504591
0.031184786
0.030536184
0.0074317593
0.01451357
0.022851483
0.030715474
0.0074491775
0.01211619
0.013301546
0.0055542208
0.016993843
0.0067579235
0.017962951
0.01066952
0.021063602
0.021429808
0.011844243
0.021432933
0.0052578883
0.015037431
0.024203209
0.024730976
0.0057537409
0.015514483
0.024531736
0.010481003
0.019385199
0.027656481
0.027665871
0.027820413
0.0097198067
0.018726052
0.027615921
0.0051612084
0.014445223
0.022253986
0.030102855
0.030554154
0.030697629
0.0042803891
0.01304033
0.021936518
0.030065654
0.010457725
0.019160501
0.026328747
0.033757303
0.032573332
0.033274308
0.032615971
0.0080794083
0.015763941
0.024599155
0.032841934
0.0049802002
0.013937232
0.021775529
0.028541142
0.035519387
0.034833152
0.035511011
0.034484604
0.003804298
0.010675247
0.018268874
0.026879544
0.034666839
0.0078863456
0.012963803
0.014309679
0.0061243329
0.018458033
0.0074072669
0.01952449
0.011618017
0.022873813
0.023258825
0.012875314
0.023279081
0.0058119075
0.016373626
0.026218308
0.02676965
0.0063337147
0.016869307
0.02656803
0.011389598
0.020896618
0.029730976
0.029718703
0.029884771
0.010553721
0.020159058
0.029684677
0.0056502263
0.015561312
0.023889452
0.032328541
0.032782967
0.032932771
0.004685364
0.014045557
0.023528286
0.032278582
0.01134632
0.020728563
0.028484373
0.036559326
0.035258888
0.036007224
0.035308616
0.0087627196
0.017077743
0.026629887
0.035586131
0.0054623947
0.015199103
0.023537533
0.030590487
0.037802812
0.037025647
0.037727477
0.036672269
0.0041693132
0.011646736
0.019749196
0.028794353
0.036898869
0.0092246112
0.017764472
0.025531276
0.03327953
0.040664714
0.039820621
0.039804508
0.039227113
0.038825735
0.0078947525
0.014268336
0.021479774
0.029846856
0.037992979
0.0061633456
0.013646812
0.015308446
0.0066138177
0.019952824
0.0080617132
0.021174201
0.012562229
0.024777396
0.02519382
0.0139468
0.025251671
0.0064253411
0.017838379
0.028493741
0.029077221
0.0069719727
0.018377557
0.028889441
0.01242443
0.02269706
0.032234339
0.032195656
0.03237976
0.011503834
0.021883423
0.032191719
0.006205223
0.016789088
0.025674746
0.034756246
0.035222515
0.035385092
0.0051456704
0.015145886
0.025272124
0.03470481
0.012273246
0.022220038
0.030513765
0.039283359
0.037858576
0.038669276
0.037915355
0.0094794143
0.01831149
0.028543128
0.038245415
0.005990168
0.016574497
0.025561691
0.033170226
0.040993634
0.040135799
0.040885691
0.039750884
0.0045721912
0.012728379
0.021486655
0.031240683
0.040029796
0.010046864
0.019339625
0.027564231
0.035642626
0.043267882
0.042320473
0.042276269
0.041680573
0.041283003
0.0085818937
0.015527467
0.023189494
0.031970075
0.040440681
0.0039059995
0.013434259
0.02129286
0.029283006
0.037272542
0.044651891
0.044176341
0.044148476
0.042820356
0.042445474
0.0040303407
0.01134778
0.017432988
0.024847692
0.033470817
0.041296557
0.010754954
0.010732818
0.0069469772
0.021305135
0.016137592
0.0087086499
0.022965369
0.013449515
0.026700857
0.02720536
0.015074095
0.027313392
0.0070899021
0.019380622
0.030941829
0.031584414
0.0076390252
0.019997521
0.031432826
0.013525348
0.024676632
0.035055379
0.034977488
0.035199597
0.01251714
0.023789733
0.035033122
0.0068472873
0.018284226
0.027840494
0.037693636
0.038184081
0.038378203
0.0056820612
0.016486115
0.027397733
0.037664323
0.013342044
0.023976605
0.032847655
0.042394631
0.040805453
0.041699664
0.040881078
0.010305033
0.019743103
0.030733477
0.041281512
0.0065465889
0.017841978
0.027411155
0.035617483
0.044192534
0.043259492
0.044055803
0.042816444
0.0049992405
0.013724925
0.023084092
0.03355886
0.043140972
0.010915132
0.020948464
0.029854904
0.038642163
0.047024511
0.045988562
0.045932571
0.045261118
0.044844707
0.0093100381
0.016842173
0.025146768
0.034683137
0.043944928
0.0042946592
0.01467716
0.023081809
0.031452813
0.039720224
0.047278954
0.046733727
0.046683431
0.045302657
0.044928195
0.0044124793
0.012388195
0.018894889
0.026695391
0.035680877
0.043748848
0.0073355908
0.0160239
0.023994785
0.032438978
0.040676419
0.048507616
0.048771186
0.048503365
0.047808897
0.046241764
0.045505474
0.0075803071
0.014861177
0.021352289
0.028326082
0.036204957
0.043698125
0.0059518352
0.016656447
0.0049345056
0.018505558
0.0057858596
0.01426487
0.022291843
0.029136146
0.028449648
0.021335706
0.011126578
0.016141987
0.026498394
0.029357487
0.0077261616
0.020978261
0.033512826
0.034271771
0.0083172547
0.021728841
0.03415874
0.014662661
0.026788707
0.038131845
0.038006847
0.038291744
0.013569216
0.025831087
0.038155513
0.0075592414
0.019938935
0.030297038
0.041102008
0.041615578
0.041860424
0.0062780877
0.017979962
0.029822434
0.041113753
0.014561651
0.026082848
0.035690737
0.046199294
0.044399543
0.045395074
0.044510676
0.011248789
0.021464885
0.033388953
0.044997805
0.0071793506
0.019259298
0.029478162
0.038341925
0.047794072
0.046756804
0.047630868
0.046261797
0.0054863122
0.014819573
0.024834963
0.036132605
0.046651241
0.011821126
0.02248128
0.0320039
0.041541036
0.0508234
0.049709859
0.049649585
0.048892792
0.048438696
0.010074207
0.018079688
0.026989293
0.03730391
0.047462683
0.004722106
0.01603152
0.025109928
0.03413865
0.043102025
0.051380409
0.050801341
0.050740184
0.049196836
0.048798111
0.0048329609
0.013545049
0.020594341
0.029024524
0.038744777
0.047518775
0.0080090301
0.017489031
0.025983065
0.034815622
0.043331918
0.051337997
0.051584912
0.051281736
0.050548364
0.048930557
0.048169548
0.0082438597
0.016197604
0.023112397
0.030416189
0.038595388
0.046291769
0.0032254756
0.010883107
0.019523242
0.027457307
0.036122398
0.044347486
0.051872323
0.052480137
0.052192843
0.051481161
0.049565423
0.048734355
0.0034720756
0.010930791
0.018365771
0.024444898
0.031664327
0.039420871
0.046725794
0.0099453758
0.015590782
0.0047468161
0.022736731
0.018515237
0.011400395
0.0082317495
0.022549209
0.026737141
0.028294635
0.031055509
0.036981732
0.036051406
0.021730624
0.016665595
0.0089828037
0.023512674
0.030620327
0.03696451
0.0158011
0.028996388
0.041418403
0.041245766
0.041629645
0.01461664
0.02797125
0.041494958
0.0083054356
0.02171711
0.032988815
0.044902649
0.045438431
0.045767107
0.0069280052
0.019579143
0.032482508
0.044986198
0.015869724
0.028414293
0.038914071
0.05058287
0.048532997
0.049653052
0.048698876
0.012259938
0.023367751
0.036398223
0.049281673
0.0079114194
0.020991243
0.032041356
0.041709559
0.052218232
0.051027643
0.052019013
0.050506038
0.0060562347
0.016157226
0.026968056
0.039300875
0.050986809
0.012869289
0.024297183
0.034497732
0.044882161
0.055179617
0.053960173
0.053886685
0.053045952
0.052554769
0.010956825
0.019520667
0.029094627
0.04028846
0.051483807
0.0051754718
0.01728191
0.026959163
0.036663043
0.046460341
0.055737762
0.055156838
0.055084051
0.053326671
0.052873479
0.0052800957
0.01460336
0.022156715
0.031241
0.04177454
0.05145659
0.0087197365
0.018999136
0.028211845
0.037792231
0.047107657
0.05591461
0.056222704
0.055904458
0.055077191
0.053273683
0.052436266
0.0089480567
0.01759498
0.025109855
0.033046379
0.041957762
0.050372823
0.0035523361
0.011938787
0.021220805
0.029571374
0.038557642
0.046995366
0.054628643
0.055243616
0.05492925
0.054182338
0.052203062
0.051338996
0.0038068303
0.011951339
0.019938142
0.026327881
0.033824047
0.041807939
0.049251178
0.0072751864
0.015360326
0.023053294
0.030907119
0.039010336
0.047067895
0.054453419
0.055937562
0.05609027
0.055569211
0.05422767
0.052550225
0.051152718
0.0068457064
0.01417992
0.021256693
0.027719092
0.034682268
0.042173184
0.049446133
0.0045758183
0.015098659
0.018490314
0.016648621
0.0042969026
0.0050699442
0.022398493
0.0085553242
0.0067217808
0.017041462
0.024507811
0.031088189
0.032529904
0.03396381
0.034792639
0.040454548
0.044384375
0.04495937
0.039433438
0.044762239
0.026404964
0.02485498
0.011349614
0.015612459
0.029957763
0.035620845
0.040771363
0.04476658
0.0090392104
0.023603083
0.035872217
0.049043453
0.049606474
0.050047571
0.0075694609
0.021259967
0.035330968
0.049187069
0.01723149
0.030927086
0.042456988
0.055483394
0.053157874
0.054427788
0.053393459
0.013312834
0.025402433
0.039697618
0.054063622
0.0087172012
0.022917886
0.034958697
0.045623515
0.057363421
0.056000275
0.05712671
0.055459791
0.0066905968
0.017650021
0.029398324
0.042978323
0.056036932
0.014073599
0.026488576
0.037565782
0.049010621
0.060521902
0.059153336
0.05905486
0.058125343
0.057601616
0.011969464
0.021259183
0.031644841
0.043934146
0.056413659
0.005691441
0.018687211
0.029032886
0.039497777
0.050285741
0.06069224
0.060079706
0.059988638
0.058007318
0.057504251
0.0057913116
0.015773103
0.023870382
0.033669624
0.045172491
0.055927933
0.0094664067
0.020450466
0.030300427
0.040650118
0.050891248
0.060857471
0.061265573
0.060939497
0.059983433
0.057920108
0.05697612
0.0096927253
0.018907019
0.026984361
0.03557481
0.045307638
0.054669038
0.003914127
0.013114616
0.02317044
0.032175831
0.04187219
0.051058895
0.05939445
0.060115024
0.059790603
0.058952922
0.056756251
0.055797379
0.004176969
0.013091799
0.021759388
0.028671318
0.036774403
0.045419352
0.053492504
0.0079591803
0.01682237
0.025036602
0.03324736
0.041613442
0.049846305
0.05732898
0.058876248
0.059032522
0.058484443
0.057088526
0.055348601
0.053883047
0.0074529106
0.01548578
0.023060295
0.029835838
0.037036531
0.0447042
0.05208678
0.0037289756
0.01144538
0.019129281
0.02642631
0.034508144
0.042392087
0.050172624
0.057626985
0.059225407
0.059373943
0.058777052
0.057411859
0.055710073
0.054325135
0.0030134808
0.010332192
0.017231214
0.024249008
0.030952385
0.037693208
0.04544718
0.052703107
0.0049141948
0.0091299637
0.01083315
0.020922652
0.024207591
0.008342762
0.010923246
0.022751759
0.025712005
0.0049766831
0.011587106
0.017336933
0.0097958925
0.02556412
0.030841013
0.038728286
0.031376113
0.040578647
0.039502631
0.045155602
0.043670086
0.053850112
0.046990219
0.054452845
0.047513471
0.053425128
0.031020767
0.025966456
0.028345782
0.020317419
0.0162894
0.008054024
0.022938188
0.038115278
0.03537483
0.046278648
0.053478486
0.01872195
0.033596099
0.046248406
0.060854492
0.058271831
0.059698929
0.058547229
0.014299829
0.027488543
0.043209614
0.059302482
0.0095695588
0.025001436
0.038188521
0.050002045
0.063170281
0.061622512
0.062916847
0.061058247
0.0073825777
0.019244854
0.032062474
0.047087737
0.061717494
0.015366756
0.028922153
0.041054011
0.053769467
0.066678406
0.065145556
0.065026534
0.063991025
0.063420978
0.013055657
0.023189411
0.034528344
0.04812247
0.062084139
0.0062910721
0.020411099
0.031616306
0.043042822
0.055048688
0.066663035
0.06596586
0.065856849
0.06364693
0.063121831
0.0063831559
0.017211591
0.025967632
0.036621693
0.049351909
0.061366836
0.010331136
0.022169769
0.032718027
0.043935522
0.055237449
0.066419513
0.06691961
0.066568072
0.065488581
0.063168522
0.06211275
0.010553949
0.020442883
0.029132152
0.038434171
0.049110796
0.059526245
0.0042993366
0.01420654
0.024962712
0.0346303
0.045138627
0.055325068
0.064816467
0.065690847
0.065359213
0.06438962
0.061886414
0.060788948
0.0045717813
0.014142449
0.023423233
0.030889496
0.03967884
0.049160744
0.058203534
0.0086872019
0.018337297
0.027275725
0.036170156
0.045263108
0.054254018
0.062435339
0.064187845
0.064401403
0.063801048
0.062241254
0.060300203
0.058664895
0.0080997071
0.016850872
0.025103821
0.032470213
0.040291529
0.048641267
0.056628412
0.0041025674
0.012587175
0.020864531
0.028537841
0.036897472
0.044965116
0.052859368
0.060375439
0.062045733
0.062202652
0.061580749
0.060164899
0.058402754
0.056951781
0.0033030769
0.011305914
0.018755993
0.026172672
0.033128605
0.040038755
0.047915242
0.055244488
0.0080907867
0.016630557
0.023926452
0.030428184
0.03792787
0.045518517
0.053018628
0.060421407
0.061943241
0.063320196
0.062614486
0.061600831
0.060036093
0.058479632
0.057194407
0.0056000269
0.012996374
0.020065834
0.027544989
0.034820025
0.041612222
0.048518601
0.056221423
0.0054560885
0.0049485833
0.013937857
0.026864457
0.027117967
0.020826907
0.029925443
0.0046949701
0.014442163
0.0063098544
0.017237391
0.033205982
0.009501452
0.015060137
0.012133389
0.020236453
0.036069002
0.036648722
0.042302237
0.0497823
0.036134418
0.037851312
0.045519753
0.050681106
0.04903837
0.058083051
0.063745455
0.064964573
0.051515582
0.058802657
0.063761252
0.052646784
0.05936278
0.066250807
0.031143706
0.021639192
0.025316868
0.032965738
0.01860818
0.015178549
0.029308207
0.041496128
0.046564244
0.052207651
0.058909321
0.064640141
0.010438448
0.027273781
0.041653664
0.054753954
0.069647879
0.067958741
0.069423674
0.067297664
0.008060684
0.02087224
0.034849747
0.05152855
0.068035547
0.016729056
0.031555599
0.044900004
0.05907833
0.073655064
0.071961548
0.07183937
0.070664289
0.070007713
0.014188019
0.025251384
0.03767532
0.052779802
0.068468093
0.006955689
0.022337095
0.034567624
0.047164181
0.060579493
0.073606947
0.072846356
0.072725918
0.070219608
0.069644445
0.0070390979
0.018822714
0.028356636
0.040039886
0.054214446
0.067661536
0.011332114
0.02424095
0.035691982
0.047998957
0.060598715
0.073045304
0.073642427
0.073260071
0.072049042
0.069455741
0.068276039
0.01154367
0.022307902
0.031744031
0.041909826
0.053755213
0.065364214
0.0047381556
0.01541998
0.026962503
0.037360427
0.048839378
0.060195189
0.070854936
0.07186747
0.07150778
0.070412495
0.067605073
0.066375153
0.0050227998
0.01530447
0.025265781
0.033320217
0.042897931
0.053378631
0.063491455
0.0094454831
0.019792263
0.029380251
0.038965413
0.048883657
0.058964266
0.068304176
0.070315293
0.070590038
0.069914116
0.068131702
0.065920046
0.064069784
0.0087743265
0.018137473
0.027019801
0.034980647
0.043507231
0.052754074
0.061773704
0.0045152851
0.013865638
0.022868656
0.031145959
0.040135542
0.048852672
0.057420817
0.065393972
0.067443285
0.067659315
0.066983023
0.06540612
0.06346967
0.061864973
0.0036268156
0.012388931
0.020522333
0.028555691
0.036068251
0.043514493
0.052040429
0.0599259
0.0088565672
0.018259061
0.026055793
0.032825028
0.040515622
0.048231642
0.055816961
0.063277322
0.064886688
0.066323593
0.065613592
0.064541615
0.062913595
0.061285585
0.059938357
0.006093199
0.014195507
0.021802831
0.029690687
0.037208781
0.044130845
0.051105908
0.05888203
0.0035883597
0.012610577
0.020704201
0.027383071
0.033695375
0.041430126
0.048814371
0.056263031
0.063827853
0.065290794
0.067097846
0.065976853
0.06494063
0.063342337
0.061760396
0.060593999
0.0024207487
0.0084167626
0.015963399
0.023663443
0.030854134
0.038432984
0.04483181
0.051784301
0.059868979
0.011092375
0.0098190812
0.032020154
0.025235885
0.02329931
0.026280974
0.036207608
0.032514255
0.004568377
0.0082312051
0.010147128
0.020080799
0.035324739
0.0049015796
0.013940079
0.013798539
0.020863931
0.011310314
0.02951266
0.036850553
0.04489333
0.049940456
0.059414286
0.043470505
0.044300055
0.051542768
0.058729375
0.049875148
0.064622022
0.066342151
0.06916883
0.075028005
0.076301377
0.066056541
0.073903675
0.06820939
0.076455649
0.035201697
0.025286763
0.029462229
0.037817716
0.019114003
0.015292664
0.0085663694
0.022396475
0.037463035
0.048202253
0.055937189
0.058071966
0.068655221
0.074735883
0.018190077
0.034332142
0.048965197
0.064857047
0.081485671
0.079687589
0.079596579
0.078196119
0.077439579
0.015327474
0.027372808
0.040978335
0.057803798
0.075565701
0.007656853
0.024428786
0.037824731
0.051777886
0.066798987
0.081630878
0.080841137
0.080720425
0.07783259
0.077144062
0.0077253592
0.020558751
0.03096319
0.04384322
0.059663095
0.074836541
0.012419628
0.026550195
0.039069355
0.052681898
0.066765064
0.080798082
0.081559741
0.081163502
0.079772286
0.076797801
0.075436697
0.012611486
0.024391558
0.034702686
0.045896386
0.059097217
0.072104256
0.0052549668
0.016919607
0.029444282
0.040740553
0.053447398
0.066121475
0.077932262
0.079124799
0.078745406
0.077512299
0.074343514
0.072964474
0.0055510508
0.016737634
0.027541108
0.036282508
0.046823502
0.058500698
0.06972589
0.010324772
0.021524712
0.031811351
0.042153556
0.053018003
0.064282635
0.074752775
0.077044267
0.077393496
0.076637958
0.074624221
0.072130318
0.070050732
0.0095574101
0.019651289
0.02921834
0.037813106
0.047128793
0.057379514
0.06747342
0.0049580444
0.015032233
0.024712723
0.033602497
0.043310325
0.052888641
0.062559628
0.071469453
0.073935418
0.074202611
0.0734427
0.071658029
0.069472007
0.067661533
0.0039714727
0.01338986
0.022150215
0.030800642
0.038944342
0.047084736
0.05657953
0.065479659
0.0096755118
0.01993681
0.028446745
0.035781187
0.044112199
0.05248185
0.060737322
0.068705362
0.070555459
0.07225153
0.0714762
0.070151748
0.068345417
0.06653542
0.06518494
0.0066214366
0.015440708
0.023792269
0.032380183
0.040532261
0.048025683
0.055534792
0.063974366
0.0039508601
0.013885779
0.022634106
0.029640866
0.036118732
0.0439833
0.051436601
0.058942165
0.066551061
0.068087375
0.069966408
0.068826335
0.067733045
0.066075641
0.064427108
0.063216206
0.0026377508
0.0092072913
0.017378897
0.025570487
0.033063181
0.040818901
0.04727671
0.054268775
0.06242143
0.0070759496
0.016061278
0.024483717
0.031189963
0.037659459
0.044728213
0.051932343
0.059178993
0.067350595
0.068185446
0.070000333
0.070364985
0.069127762
0.06777199
0.066144948
0.064757655
0.063975118
0.0054055025
0.011438201
0.018635984
0.027249161
0.035030856
0.042050554
0.04845022
0.055121229
0.06276521
0.0057907834
0.017449265
0.0054218389
0.031284209
0.025081714
0.026136697
0.02099619
0.039404469
0.039541853
0.010609275
0.003995697
0.014736561
0.011373058
0.019160428
0.025952863
0.041500186
0.0046514085
0.0086200608
0.014711286
0.013967776
0.019562684
0.036703776
0.046069885
0.052702685
0.055073296
0.062499436
0.070595625
0.050699016
0.040991824
0.053487332
0.062055269
0.055362657
0.054305122
0.073531087
0.077650372
0.076629736
0.085299045
0.087936913
0.088157371
0.086420838
0.086175326
0.076023924
0.083848713
0.085522076
0.075734782
0.083620535
0.089548466
0.030495537
0.022979953
0.021185948
0.034137303
0.024200548
0.043138973
0.0067170301
0.016410838
0.029278651
0.039698837
0.044033675
0.051757836
0.058989335
0.062702461
0.064244292
0.074591864
0.082417845
0.082975129
0.0083709295
0.026685593
0.041282353
0.056710519
0.073704747
0.090791089
0.090066631
0.089980112
0.086566694
0.08575425
0.0084134426
0.022376104
0.033701841
0.047892533
0.065625032
0.082948997
0.013574976
0.029055864
0.04277803
0.057883994
0.073704095
0.089796155
0.090786658
0.090396036
0.088780448
0.085314784
0.083689378
0.013727976
0.026639903
0.037931099
0.050306167
0.065067594
0.079798468
0.0058415651
0.018608921
0.032281376
0.044669799
0.058814509
0.072976018
0.086388384
0.087873251
0.087497781
0.086064913
0.082391456
0.080771407
0.006144741
0.018353762
0.030146917
0.039717817
0.051391314
0.064427406
0.077028321
0.01135811
0.02361747
0.034789976
0.046074746
0.058122443
0.070635579
0.082280219
0.084959974
0.085440743
0.084602026
0.082297157
0.079443484
0.077066297
0.010466504
0.02149779
0.03189894
0.041265303
0.051534415
0.06293159
0.074131728
0.0054662606
0.016335958
0.026771102
0.036327726
0.046874846
0.057474199
0.068321661
0.078271601
0.081077194
0.081424981
0.080576444
0.078555763
0.076083707
0.074053982
0.0043629107
0.014510632
0.023946116
0.033268541
0.042111316
0.05106922
0.061669509
0.071629336
0.010535045
0.021551955
0.030690067
0.03859022
0.04765496
0.056981122
0.06637092
0.075329126
0.077408779
0.079383449
0.078526809
0.076945533
0.074925117
0.072882379
0.071442652
0.0071759421
0.016658926
0.025662972
0.034945287
0.043804807
0.052069081
0.060523108
0.07007101
0.0043516025
0.015293632
0.024836489
0.032404334
0.039352569
0.047812726
0.055851409
0.063964555
0.072031931
0.073677619
0.07592302
0.074538287
0.073202407
0.071375609
0.069551737
0.068514394
0.0028996041
0.010093534
0.019030744
0.027975283
0.036061191
0.044401599
0.051336007
0.058828881
0.06761039
0.0077494259
0.017664896
0.02672038
0.033714253
0.04029401
0.047433291
0.054678022
0.061974
0.070218334
0.071108956
0.073008996
0.073403444
0.072093422
0.070666308
0.06897198
0.067545904
0.066734609
0.0058867129
0.012493144
0.020260528
0.029378094
0.037446555
0.044588251
0.051013181
0.057702938
0.065425232
0.0034698301
0.010693829
0.02011315
0.028033136
0.034377322
0.040966359
0.047986414
0.055179742
0.062549815
0.071275552
0.07164407
0.07352676
0.073905629
0.072627589
0.071241054
0.069570305
0.068153999
0.067353694
0.0028228613
0.0084423687
0.01417322
0.022219432
0.031281685
0.038391979
0.045269116
0.051596884
0.058293163
0.066047291
0.0051224926
0.036177518
0.031101517
0.019633901
0.021962288
0.031831552
0.021097086
0.045104672
0.037264
0.045611749
0.0043375405
0.0079646907
0.010982852
0.019532541
0.016109111
0.024788495
0.030898873
0.038618849
0.0094668772
0.0078852985
0.0041155594
0.012460268
0.0096440218
0.0090647736
0.028871939
0.044434253
0.05035063
0.053992005
0.061460746
0.062519507
0.068326626
0.073755657
0.080849897
0.044579481
0.04719835
0.037026411
0.064570097
0.068987481
0.063633173
0.063165504
0.079808553
0.083357675
0.093298111
0.091802147
0.1003759
0.097987056
0.10058795
0.09292825
0.096151334
0.085403
0.091708311
0.095154629
0.095375306
0.076595815
0.093517981
0.10063582
0.032452841
0.031679003
0.028008636
0.026715245
0.033610567
0.029705355
0.049152516
0.016686054
0.0090963819
0.024152396
0.036317672
0.044473818
0.051846587
0.064029179
0.071734542
0.072307538
0.087904248
0.091719957
0.014838919
0.031695972
0.04667264
0.063454017
0.081442266
0.10007015
0.10145938
0.10113329
0.099245565
0.095119585
0.093138299
0.014928063
0.028984248
0.041320288
0.055022047
0.071658779
0.088531743
0.0064758272
0.020478829
0.035404795
0.04905505
0.064804697
0.080820044
0.096382319
0.098221022
0.097857308
0.096176371
0.091883387
0.08992621
0.0067722426
0.020118397
0.033014243
0.043528014
0.056489179
0.071112581
0.085523938
0.012478854
0.025956813
0.038170416
0.050579281
0.063986891
0.078007815
0.091327036
0.094537214
0.095194305
0.094242966
0.091542402
0.08820005
0.085404886
0.011447805
0.023568351
0.034947249
0.04522194
0.056600892
0.069320876
0.081972705
0.0060691682
0.017967651
0.029330085
0.039685949
0.051281885
0.063075748
0.075066702
0.086202
0.089498686
0.090006626
0.089061385
0.086722619
0.083857426
0.081512702
0.0048250054
0.015900758
0.026155659
0.036287258
0.04596165
0.055893582
0.067668164
0.07873625
0.011539876
0.023489891
0.033301674
0.041793112
0.051679326
0.062053629
0.072570144
0.082622245
0.08499515
0.087292218
0.086361678
0.084571948
0.082263306
0.079936466
0.078308536
0.0078212333
0.018118576
0.02781268
0.037837946
0.04747452
0.056595087
0.066043883
0.076751614
0.0047816465
0.016592691
0.026838512
0.034986803
0.042494604
0.051753014
0.060780874
0.069990583
0.078962919
0.08077425
0.083343454
0.081828121
0.079961142
0.077927592
0.075892869
0.075093452
0.0031823541
0.010932066
0.02057709
0.030262424
0.03899686
0.048071153
0.055767441
0.064216806
0.074091509
0.0084656801
0.01931899
0.029217445
0.036792173
0.043868853
0.051603509
0.05945513
0.067284352
0.076156659
0.077017128
0.079244863
0.079698545
0.07796923
0.076313215
0.074441201
0.073050719
0.072431775
0.006404453
0.013608976
0.022142661
0.032115044
0.040854851
0.048546361
0.05532872
0.062417324
0.070800095
0.0038140221
0.011794208
0.022032109
0.030401325
0.036893023
0.043549825
0.05059301
0.057804309
0.065214179
0.074012245
0.07440573
0.07636392
0.076769766
0.075414592
0.07396223
0.072232204
0.07078711
0.069969715
0.0030966766
0.0092450125
0.01543954
0.024032037
0.033508029
0.040787929
0.04772573
0.054040904
0.060747569
0.068573094
0.006672563
0.013889257
0.022805617
0.030757387
0.037695137
0.044425226
0.051762639
0.058924574
0.06591881
0.075512063
0.074381563
0.076416081
0.077620836
0.07714449
0.075761688
0.074197707
0.07261026
0.071474132
0.0703716
0.006388943
0.011949689
0.017488008
0.024945108
0.033831696
0.041244751
0.04878212
0.055540076
0.062024921
0.069397156
0.011645724
0.041663994
0.034239861
0.0277208
0.015150827
0.037310546
0.025685816
0.039281165
0.04376905
0.049710948
0.054912463
0.0046582216
0.004369092
0.010911233
0.021579848
0.015826859
0.022716302
0.030224256
0.044534978
0.0050014832
0.012712366
0.0037267842
0.010937014
0.0068580706
0.016587179
0.0090413188
0.0053049938
0.016165383
0.034006652
0.047376045
0.050171576
0.055964482
0.057743885
0.064628787
0.068761705
0.0792277
0.087279777
0.0894883
0.04865542
0.051814905
0.03942327
0.077698578
0.084336877
0.068626371
0.074446409
0.068732611
0.090799409
0.094822498
0.1036955
0.10214366
0.11366178
0.11363159
0.11331397
0.10478038
0.11471479
0.11134895
0.10002207
0.10797171
0.1059611
0.089374799
0.09948106
0.10127301
0.10905515
0.10360694
0.087786843
0.10459205
0.11358364
0.1112822
0.03475004
0.036220517
0.026651581
0.025954033
0.038964531
0.050122861
0.011121036
0.016037889
0.031119733
0.044478767
0.056055085
0.05962648
0.072283319
0.079304065
0.078664748
0.097968715
0.10488295
0.09829042
0.0071347898
0.022524668
0.038749388
0.053702108
0.071338239
0.089741484
0.10792622
0.11036392
0.11009712
0.10809254
0.10291574
0.10051429
0.0073983476
0.022009005
0.036049128
0.047588359
0.06202477
0.078618771
0.095274967
0.013672988
0.028499618
0.041873364
0.05556419
0.070535032
0.086490039
0.10199656
0.10584881
0.10673206
0.10565163
0.10245351
0.098487828
0.095153422
0.012470112
0.025818197
0.038278242
0.049593231
0.062243981
0.076557694
0.091094922
0.0067573678
0.019802241
0.032257959
0.043584335
0.056413985
0.069541035
0.083020084
0.095901253
0.099860186
0.10057172
0.099489323
0.096723499
0.093334913
0.090542601
0.0053446089
0.01746729
0.028701552
0.03979357
0.050446871
0.06148666
0.074634743
0.08725044
0.012718823
0.025834154
0.036511327
0.045733884
0.056631886
0.068124415
0.079772512
0.091151543
0.093968439
0.096749733
0.09575749
0.093692694
0.090978152
0.088245279
0.086323763
0.0085726726
0.019880888
0.030444108
0.041357417
0.051928451
0.062018786
0.072479047
0.084485156
0.0052781126
0.018072222
0.029111699
0.037876494
0.046010962
0.056211641
0.066319829
0.076624768
0.086689527
0.088753505
0.091730615
0.090059862
0.087618164
0.085322967
0.083175666
0.082379255
0.0035065755
0.011877978
0.022314407
0.032775931
0.042222732
0.052161474
0.06072276
0.070194848
0.081237817
0.0092237792
0.020923937
0.031563873
0.039711632
0.047388346
0.055974476
0.064882354
0.073769632
0.083653028
0.084576431
0.087076834
0.087629702
0.085318892
0.083257891
0.081171992
0.080063808
0.079524178
0.0069502685
0.014714732
0.02393616
0.034740484
0.044198057
0.052649827
0.060253245
0.068234449
0.077642566
0.0041963178
0.013021988
0.024231239
0.033280852
0.040163426
0.047336412
0.054915088
0.062682414
0.070578713
0.079976803
0.080150893
0.082389563
0.082927432
0.081100006
0.079434772
0.077544171
0.076142796
0.075498351
0.0034020451
0.010147119
0.016946962
0.026347571
0.036604396
0.044409255
0.051829759
0.058295513
0.065379465
0.073811625
0.0072990804
0.015290656
0.024930797
0.033297694
0.040375931
0.04715729
0.054507188
0.061696437
0.068733192
0.07845799
0.077302567
0.079385047
0.080650425
0.08012595
0.078647258
0.077026668
0.075402679
0.074258031
0.073122539
0.0069717644
0.013090005
0.018998532
0.026898302
0.036159758
0.043749629
0.051341719
0.058120607
0.06461859
0.072064716
0.002996285
0.009864967
0.017387489
0.026350053
0.033999804
0.040988545
0.047715898
0.055386454
0.062163614
0.069485671
0.079243855
0.078094515
0.080158701
0.08137074
0.080816945
0.079387722
0.078033064
0.076415533
0.075145344
0.07401043
0.0033341917
0.0094252618
0.014699756
0.020426255
0.028306711
0.037240369
0.04451676
0.05236224
0.058751725
0.065271021
0.072946062
0.024411827
0.018004257
0.030934845
0.041695653
0.035675176
0.019444148
0.027265551
0.044685557
0.049210632
0.056211583
0.049688111
0.061912304
0.010102032
0.0073332968
0.02056192
0.017192438
0.019638496
0.024047447
0.034976538
0.039532148
0.005370538
0.016444178
0.0040253598
0.0067056587
0.015875795
0.0029885997
0.018743211
0.01393665
0.0061032711
0.01094826
0.0077840012
0.024579461
0.041803063
0.051178999
0.05812208
0.057147578
0.070368403
0.077881537
0.088447068
0.09465061
0.097026302
0.099346002
0.056442915
0.050936971
0.056139917
0.056542961
0.045888145
0.044335268
0.074660978
0.087346681
0.072916155
0.082205758
0.072615093
0.096298198
0.11800947
0.10829036
0.12509316
0.12346507
0.12916586
0.12480518
0.12463863
0.1139608
0.12670098
0.12241474
0.11971787
0.11578749
0.11558653
0.097881132
0.11404649
0.11267863
0.096572357
0.10454874
0.1217018
0.12102142
0.031182866
0.040848953
0.039779219
0.031274126
0.044939443
0.050660706
0.016097991
0.0080074214
0.023874758
0.038905025
0.051545568
0.061774282
0.067687519
0.079108973
0.08771877
0.086885793
0.10304805
0.10925904
0.1105747
0.10647155
0.014932851
0.031190039
0.045802899
0.0609077
0.077746687
0.096172873
0.11437567
0.11917706
0.12049146
0.11930517
0.11534487
0.11051985
0.10643804
0.013575056
0.028192861
0.041814794
0.054277233
0.068416031
0.084707305
0.10159171
0.0075056416
0.021834795
0.035486029
0.047908788
0.062123841
0.076843928
0.092376812
0.1074916
0.11221741
0.11317481
0.1119325
0.10863597
0.10458588
0.10123298
0.0058965608
0.019173954
0.031513003
0.043676595
0.055449904
0.067748781
0.082676897
0.097317619
0.013995801
0.028438506
0.040133417
0.050241773
0.062311442
0.075132089
0.088364789
0.10159507
0.10497308
0.10835322
0.10726626
0.10483595
0.10159638
0.098339238
0.096026925
0.0093856265
0.021849977
0.033432043
0.045383483
0.057042945
0.068255791
0.08000557
0.09380258
0.0058734774
0.01991677
0.031973467
0.04146349
0.050350986
0.061656651
0.07282171
0.084285835
0.095812501
0.098291118
0.10188679
0.10004127
0.09718843
0.094460503
0.091919718
0.090940132
0.0038958969
0.013052609
0.024472201
0.03583381
0.046133769
0.057111093
0.0665752
0.077063549
0.089559752
0.010113494
0.022850323
0.034307062
0.043060654
0.0513954
0.060899757
0.070868436
0.080856478
0.092054067
0.093110121
0.096003126
0.096704616
0.093905026
0.091188905
0.088876348
0.087982959
0.087405599
0.0075860792
0.016037927
0.02601208
0.037696208
0.047947116
0.057237609
0.065704877
0.074643631
0.085241363
0.0046027049
0.014167067
0.026243296
0.035953796
0.043365929
0.051202291
0.05968252
0.068499999
0.077378451
0.087753067
0.087853441
0.090226175
0.091024676
0.088389253
0.086334955
0.084233256
0.08308638
0.082735467
0.0037293166
0.0109976
0.018365871
0.028578952
0.039639834
0.048099108
0.056301735
0.063477888
0.071453444
0.080819418
0.0079646829
0.016738825
0.027320104
0.036395748
0.043898514
0.051179736
0.059197386
0.067003319
0.074440265
0.084807777
0.083662891
0.085618926
0.087077723
0.086353329
0.084499373
0.082744528
0.081080851
0.080024626
0.078951947
0.0075908561
0.014278288
0.020652324
0.02936632
0.039466094
0.047578763
0.055782064
0.062955046
0.069680513
0.077644486
0.0032956469
0.010863883
0.019075775
0.028623734
0.036520873
0.043612546
0.050353316
0.058025446
0.06480437
0.072171317
0.082022205
0.080863742
0.082944733
0.084203726
0.08360095
0.082078028
0.080681783
0.079038699
0.077768129
0.076613194
0.0036570122
0.010344505
0.01600003
0.022050731
0.030338757
0.039554477
0.046936328
0.054821253
0.061213184
0.067731935
0.075477102
0.0064344442
0.012865384
0.020107486
0.028391827
0.036293314
0.044067433
0.051322031
0.059028914
0.06627304
0.074073942
0.084301513
0.083024302
0.082963523
0.085357065
0.085625452
0.084181691
0.082728607
0.081881141
0.080014523
0.079037317
0.077307636
0.012484651
0.018086488
0.023965426
0.031104871
0.039223943
0.046944539
0.05529658
0.062773733
0.069296934
0.077100425
0.025156996
0.033512961
0.047835132
0.041186444
0.031163616
0.02199599
0.023080535
0.033101883
0.051487907
0.054799011
0.060328456
0.044195582
0.053261252
0.062604156
0.012025662
0.0036315907
0.025930953
0.01916775
0.02253864
0.029194565
0.035873215
0.039859341
0.011832836
0.011804969
0.010299338
0.0039540239
0.0090853743
0.0036398733
0.012520624
0.016814555
0.0033256126
0.020731011
0.015081329
0.010951695
0.01719528
0.016137901
0.049466692
0.063125401
0.066224614
0.077384183
0.084457516
0.085111215
0.1053991
0.11329337
0.10690723
0.062536769
0.059428903
0.055745323
0.044311026
0.06057343
0.051539383
0.063163783
0.054920634
0.049501783
0.049982382
0.039271994
0.083839439
0.079604084
0.094929182
0.078563952
0.089304056
0.079275092
0.11209019
0.12157419
0.12221418
0.1341588
0.13358372
0.13582418
0.14475113
0.13515167
0.13696744
0.14228342
0.13606168
0.12892407
0.13370772
0.14228623
0.13078008
0.13065567
0.1277175
0.13590684
0.12480384
0.11929407
0.10234122
0.11870286
0.12607556
0.11944084
0.10797751
0.12875878
0.13616539
0.12857525
0.047276807
0.035149007
0.04400605
0.031208124
0.034337687
0.056017494
0.014695124
0.030384792
0.045181094
0.058986203
0.067923179
0.074180293
0.074782833
0.083479824
0.092544085
0.098982248
0.093662045
0.10611255
0.11525814
0.11597306
0.12263304
0.11378072
0.008277487
0.024018737
0.038928527
0.052545326
0.068330166
0.085065721
0.10318219
0.12107934
0.12699964
0.12845975
0.12707239
0.12291756
0.11789697
0.11374671
0.006440595
0.021045586
0.03450862
0.047851998
0.060872352
0.074693929
0.091860452
0.10902527
0.015339599
0.031255552
0.044090347
0.055217716
0.068630201
0.08313443
0.098477037
0.1140463
0.11809089
0.12222284
0.12103125
0.11813769
0.11420988
0.11028899
0.107494
0.010223249
0.023989388
0.036702794
0.049828148
0.062730007
0.075287275
0.088721943
0.10480438
0.0065566192
0.021981027
0.035216242
0.045602432
0.055390404
0.067937062
0.080419528
0.093584955
0.10712798
0.11012664
0.11449618
0.11240938
0.10902901
0.10574012
0.10268405
0.10145385
0.0043415545
0.014375664
0.026938043
0.03937873
0.050687749
0.062834629
0.073351749
0.085219896
0.099756318
0.011158128
0.025177701
0.037677408
0.047187461
0.05632337
0.066804877
0.07783096
0.089098724
0.10207586
0.10335474
0.10683997
0.1077814
0.10455316
0.10120352
0.098452096
0.097459577
0.096725774
0.0083279606
0.017637501
0.028548727
0.041278475
0.052505157
0.062730436
0.072062291
0.082026837
0.094157912
0.0050721727
0.015459026
0.028524654
0.038972447
0.04698038
0.05558062
0.065043905
0.074923852
0.084899308
0.096686206
0.096788683
0.099527502
0.1005299
0.09702536
0.094519085
0.092184795
0.091255769
0.090995526
0.0041056189
0.011960125
0.019964828
0.03102493
0.042996254
0.052210688
0.061299704
0.069312302
0.078227599
0.088797734
0.0086691066
0.018146782
0.029577038
0.039333381
0.047421011
0.055440134
0.064501487
0.073378015
0.081713075
0.093198214
0.091978046
0.093978527
0.095593704
0.094510967
0.091973558
0.090129941
0.088481719
0.087607067
0.086639222
0.0082431593
0.01543658
0.022349616
0.03178712
0.042732521
0.051594799
0.06075069
0.068800976
0.076230426
0.08506894
0.0036281199
0.011976527
0.021029404
0.03141125
0.039684816
0.047359163
0.054555184
0.062872592
0.07000179
0.077918296
0.088285736
0.087161672
0.089086628
0.090499804
0.089722515
0.087731048
0.086332586
0.084668579
0.08348981
0.082405528
0.0040137022
0.011363042
0.017565883
0.024028187
0.033130438
0.043073125
0.05091778
0.059396262
0.06612369
0.072681608
0.081049248
0.0070307287
0.014147046
0.022003527
0.030783167
0.038917931
0.046814506
0.054113685
0.061880284
0.069170535
0.077027444
0.087297143
0.08603349
0.086014482
0.088365559
0.088625248
0.087085308
0.085555476
0.084680722
0.082819417
0.081843251
0.080081704
0.013707598
0.01966716
0.025780276
0.033195407
0.041545897
0.049352695
0.057803263
0.065376339
0.071941705
0.079818862
0.009448624
0.015756949
0.023325956
0.031636266
0.039532464
0.047520927
0.054645276
0.062679215
0.069806817
0.078572729
0.088951824
0.087462885
0.087372158
0.090073143
0.08983134
0.088036211
0.08647229
0.086116241
0.084194313
0.083038308
0.081058998
0.01529225
0.021065105
0.027089189
0.034302433
0.042442598
0.050260767
0.058925462
0.066070006
0.072744927
0.081211416
0.026135577
0.042198822
0.053973251
0.04113295
0.043332589
0.037813129
0.023476105
0.022170956
0.025666218
0.035133738
0.05624313
0.057490016
0.063334348
0.065314145
0.049620429
0.067972242
0.01503578
0.008476812
0.030626836
0.025430376
0.016549502
0.026629845
0.029755626
0.037464616
0.045084427
0.0063809534
0.018611683
0.0089747619
0.01590057
0.010126388
0.005704084
0.014978615
0.0040141568
0.0095758664
0.018235053
0.019035902
0.0072318128
0.018633977
0.015922491
0.025276308
0.011517701
0.057043269
0.071246914
0.074787291
0.075131602
0.090009175
0.093750966
0.11319694
0.12268867
0.11549472
0.063343229
0.059762994
0.055334774
0.048855607
0.063751883
0.066233173
0.056694884
0.067760078
0.062301433
0.050266486
0.053275298
0.044013302
0.091849284
0.085152848
0.085072069
0.10575438
0.11125376
0.072260512
0.096966754
0.085796825
0.073638448
0.13193485
0.14135475
0.14661645
0.14280167
0.15451032
0.15192972
0.14543795
0.14759067
0.15332919
0.15636521
0.14642371
0.14140144
0.14699424
0.14074087
0.13175745
0.14375157
0.13433136
0.12504183
0.13637752
0.13157969
0.12884722
0.11350765
0.12756051
0.14244141
0.14741284
0.13718472
0.040092688
0.033898127
0.031588948
0.035924176
0.0069592234
0.022983264
0.037408382
0.051939753
0.066509788
0.079533972
0.082133507
0.090111887
0.10275121
0.10232246
0.11294763
0.12059476
0.11226677
0.12751537
0.1231236
0.0167102
0.034179298
0.048271589
0.060547148
0.075599625
0.092216493
0.11016298
0.12880384
0.1338399
0.13926755
0.13802351
0.1344444
0.12946223
0.12452481
0.12108691
0.011092907
0.026316142
0.040185164
0.05458322
0.068951522
0.083194165
0.098715333
0.11776302
0.0073113915
0.024225088
0.038770605
0.050182658
0.060988271
0.075004076
0.08929599
0.10471582
0.12073565
0.12433153
0.12964467
0.127264
0.12323045
0.11921885
0.11552015
0.11398502
0.0048110322
0.015813638
0.029663634
0.043307672
0.055758438
0.06924213
0.081122671
0.094853169
0.11190713
0.012302889
0.027760385
0.041468704
0.051889121
0.061956465
0.073618914
0.086100685
0.099157467
0.11444465
0.11599467
0.12020989
0.12143954
0.11765919
0.11364634
0.11032174
0.1090615
0.10812692
0.009134369
0.019418165
0.03141963
0.045368405
0.057724237
0.069035864
0.079473265
0.090870552
0.10504392
0.0056330884
0.01707137
0.03138207
0.042746475
0.051468265
0.060940104
0.071368127
0.082340423
0.093719518
0.1075206
0.10767819
0.11098787
0.11228612
0.1081649
0.10503437
0.10225337
0.10125164
0.10089684
0.0045550805
0.013162808
0.021963184
0.033978462
0.047077552
0.057199648
0.067204823
0.076025965
0.086052445
0.098282998
0.0094970526
0.019832372
0.032201292
0.042701176
0.051447997
0.060263769
0.070372435
0.080363462
0.089835921
0.10301179
0.10163843
0.10391376
0.1058364
0.10440892
0.1009112
0.098986623
0.097301315
0.096544791
0.095490763
0.0090078247
0.016821982
0.024361289
0.034548322
0.046391406
0.056081154
0.066242486
0.075233749
0.083596306
0.093653342
0.0039838475
0.013013525
0.022843335
0.034019037
0.042884959
0.051205948
0.059193225
0.068622794
0.076635993
0.085455736
0.096882016
0.095713837
0.097628311
0.099185522
0.098056435
0.095176899
0.093951811
0.092299957
0.091273849
0.090299999
0.004396485
0.012317367
0.019029544
0.026016722
0.035931148
0.046676837
0.055289605
0.064787156
0.072299259
0.079350523
0.088695721
0.007662353
0.015471989
0.024148004
0.03372388
0.042295728
0.050842918
0.058696586
0.067107481
0.074906179
0.083316862
0.094055169
0.092862954
0.092913866
0.095121062
0.09534455
0.093356859
0.091580362
0.090811497
0.088975081
0.088103815
0.08624723
0.014972769
0.02138086
0.027843252
0.035963062
0.044977512
0.053266506
0.062559437
0.070736348
0.077442692
0.085855279
0.010387011
0.017270598
0.02537487
0.03402647
0.042098681
0.050141574
0.057291774
0.065393171
0.072569601
0.081399789
0.091750646
0.090282539
0.090243977
0.092873223
0.092615058
0.090727558
0.089090548
0.088721021
0.086812082
0.085664736
0.083664356
0.01674831
0.022724107
0.028936693
0.036378763
0.04467393
0.052561783
0.061331055
0.068555045
0.075256139
0.083775001
0.018675622
0.026469931
0.034158222
0.041775631
0.049919084
0.057370752
0.065463497
0.073798244
0.084092011
0.092916096
0.095274061
0.092877438
0.093801542
0.094776653
0.093288629
0.091523531
0.09062679
0.090303291
0.087861775
0.086688215
0.085738837
0.02481108
0.030904602
0.037670249
0.045134715
0.052805314
0.061072976
0.068976049
0.077136043
0.086323459
0.036920671
0.052266147
0.049567909
0.045120872
0.04380462
0.03144067
0.028988536
0.029977504
0.037969267
0.034515183
0.062005308
0.063344841
0.068125883
0.059296123
0.07310261
0.054004183
0.052611701
0.012143691
0.03039689
0.021706462
0.031775842
0.031616085
0.040626063
0.045322216
0.0086439549
0.017956329
0.015927814
0.008196013
0.0071811458
0.014902618
0.0041487892
0.0086634819
0.014590293
0.023454445
0.024881223
0.0044564472
0.014202962
0.023622253
0.02153857
0.027765116
0.0087153831
0.065716253
0.07643072
0.082979094
0.082990613
0.097794835
0.10468987
0.10196866
0.11718928
0.13466761
0.12357441
0.067044665
0.065947014
0.060880107
0.050652386
0.06789456
0.06199199
0.072806477
0.063851226
0.067519103
0.056442846
0.043967302
0.05796041
0.046301854
0.04593688
0.039388185
0.084279363
0.09965841
0.094266991
0.095312197
0.11538991
0.07534469
0.072452338
0.098249761
0.088330599
0.080347377
0.12951247
0.14773885
0.15118186
0.16203452
0.16351149
0.17144806
0.16119598
0.15350865
0.17228219
0.15959821
0.16254573
0.16369997
0.17179261
0.15511053
0.14541927
0.15827517
0.16555815
0.14882878
0.13908009
0.1483187
0.1567128
0.1420763
0.13332484
0.14226344
0.14030543
0.14816889
0.13777516
0.12437767
0.15453732
0.1576537
0.16222957
0.14700513
0.03864661
0.036572674
0.026108607
0.011962985
0.028641539
0.043468956
0.059260954
0.073674149
0.07541572
0.087590278
0.093388053
0.091893831
0.11922366
0.11030722
0.1121399
0.12377807
0.11674998
0.13333672
0.14141564
0.13367062
0.0080645731
0.026581686
0.042523819
0.05508435
0.067053923
0.082967242
0.09950383
0.11771251
0.13713151
0.1416528
0.14858064
0.14586691
0.14085063
0.1357278
0.13101113
0.12908848
0.0052337002
0.017384478
0.032636783
0.047525365
0.061220092
0.076366529
0.089980383
0.10600264
0.12650339
0.013506904
0.030547259
0.045601074
0.057063322
0.068233179
0.081391964
0.095805916
0.11114411
0.12933657
0.13118045
0.13627896
0.13788504
0.13340348
0.12853985
0.12449044
0.1229034
0.1217553
0.0099481561
0.021344141
0.034559797
0.049880826
0.063517479
0.076143902
0.088042535
0.1012871
0.11802578
0.0062687751
0.018893107
0.034613931
0.047063338
0.056642045
0.06711612
0.078754562
0.091304808
0.10463954
0.1210428
0.12127368
0.12529744
0.12694976
0.12209181
0.11829676
0.1149171
0.11364357
0.11314729
0.0050631448
0.014510039
0.024234751
0.037398557
0.051801868
0.062957289
0.074030088
0.083964079
0.095585503
0.11000218
0.010466068
0.021876794
0.035407088
0.046841045
0.056402759
0.066094154
0.077256187
0.08853022
0.099500933
0.11501794
0.11342356
0.11613331
0.11850229
0.11686814
0.11239512
0.11024481
0.10829139
0.10743799
0.10615897
0.0098995567
0.01850572
0.026808299
0.037895551
0.05082151
0.061460091
0.072642667
0.08265321
0.092202909
0.10395047
0.0043956849
0.014182966
0.024874544
0.036937622
0.046497352
0.055572138
0.064425243
0.074974297
0.084007774
0.094071223
0.10722244
0.10592681
0.10806982
0.10991826
0.10842552
0.10436639
0.10330091
0.10160401
0.10067462
0.09962747
0.0048389415
0.013397104
0.020676807
0.028297974
0.039019477
0.050682416
0.060177276
0.070753212
0.079127937
0.087070875
0.097749941
0.0083317614
0.016761846
0.026174464
0.036520655
0.045733607
0.055051688
0.063785132
0.073293654
0.082068182
0.091508127
0.10344023
0.10223053
0.10231432
0.10454428
0.10464941
0.10187498
0.099780154
0.099205373
0.097395201
0.096668509
0.094670745
0.016203744
0.023085695
0.029941585
0.038792419
0.048669804
0.05778614
0.068296753
0.077477313
0.08470075
0.094119514
0.011425978
0.019022811
0.027912561
0.037038286
0.04569305
0.054286766
0.061928183
0.070644447
0.07830679
0.087732116
0.098452639
0.097044089
0.097105167
0.099559614
0.099214169
0.096889932
0.094931767
0.094778608
0.092895125
0.091833565
0.089729029
0.018419096
0.024607008
0.031115569
0.039193081
0.048075544
0.056616374
0.06619625
0.073946383
0.080751061
0.089759722
0.020383696
0.028671664
0.036646525
0.044356656
0.05254308
0.060046724
0.068285818
0.07682152
0.087230348
0.096013425
0.098314311
0.095988885
0.096990233
0.097808539
0.096267563
0.094385234
0.093452467
0.093121709
0.090712251
0.089521545
0.088538484
0.026747774
0.032910072
0.039797619
0.047335851
0.055103631
0.063533751
0.071597261
0.079855822
0.089092213
0.02186682
0.03002504
0.037412783
0.044991081
0.053242686
0.060558743
0.068959814
0.078305748
0.08918733
0.097220765
0.10057488
0.097924865
0.098883181
0.099499737
0.097289971
0.095459052
0.094626159
0.095125845
0.091810257
0.091447204
0.09046065
0.028009833
0.034123637
0.040911245
0.048327627
0.055979971
0.064316802
0.07296858
0.081250447
0.091093832
0.046176849
0.028902118
0.059920769
0.055167115
0.0492635
0.036775544
0.050076214
0.034499461
0.025188777
0.04388227
0.028695822
0.03974208
0.067987815
0.070847253
0.064722225
0.074772853
0.057518417
0.077556952
0.053454604
0.055411807
0.019142291
0.03687923
0.027812373
0.036433394
0.044140423
0.046037751
0.047836127
0.014728939
0.0076156242
0.0066732224
0.014250829
0.013746793
0.023029187
0.0096398085
0.0051380304
0.021828763
0.0055711198
0.013920637
0.021431293
0.019039156
0.026691396
0.011389274
0.073204678
0.089033324
0.091689725
0.091636356
0.096456198
0.11117765
0.11080775
0.13881438
0.13319868
0.071999889
0.06639612
0.05863296
0.053900447
0.067974002
0.066903227
0.077988538
0.063172281
0.067294396
0.063568592
0.051665779
0.051968054
0.042450088
0.042181854
0.050835555
0.075377349
0.10285827
0.085602498
0.084297445
0.10363577
0.11721553
0.11670753
0.082199601
0.07820783
0.093737692
0.10130794
0.095796025
0.08404799
0.084788708
0.13721408
0.15549129
0.16379555
0.17651512
0.18857106
0.17588097
0.17388648
0.16415807
0.18366303
0.18130512
0.17038163
0.17394571
0.17603759
0.16386924
0.15497778
0.16001885
0.16787948
0.17045476
0.15738401
0.14107498
0.15980937
0.1507842
0.13101249
0.15096056
0.14759171
0.15347415
0.15605221
0.1483855
0.12099767
0.16003826
0.16691867
0.1722243
0.15814618
0.035655933
0.032217132
0.025422581
0.066808705
0.080086041
0.084050566
0.10236474
0.10001366
0.12262325
0.12467949
0.11944787
0.11457736
0.12713045
0.10741748
0.12930679
0.15041846
0.14527696
0.033480287
0.049962331
0.06263011
0.075128636
0.09020398
0.10695955
0.1252008
0.14757693
0.14992482
0.15649959
0.15880043
0.15331546
0.14715646
0.14200766
0.13992249
0.13854691
0.010755107
0.02339911
0.037928818
0.054758534
0.069874916
0.084144582
0.097827952
0.11339773
0.13379239
0.0069545492
0.020870043
0.038151191
0.051825422
0.06238655
0.074088408
0.087368494
0.10201801
0.11778523
0.13739149
0.13762349
0.14246396
0.14457608
0.13879011
0.13417841
0.13006462
0.12845868
0.12785825
0.0056069955
0.015957179
0.026725714
0.041194575
0.057058245
0.069393725
0.081859992
0.093327578
0.10691936
0.12405582
0.011522922
0.024162126
0.039013518
0.051540989
0.062051694
0.072816928
0.085445393
0.098494391
0.11141633
0.12989555
0.12803725
0.1312554
0.13415752
0.13228274
0.12695604
0.12430315
0.12191621
0.12084835
0.11928105
0.010862552
0.020385593
0.029555349
0.041693003
0.055881615
0.067635152
0.080123333
0.091554222
0.10268786
0.11659308
0.0048904685
0.015645608
0.027394157
0.040546298
0.050972634
0.060931696
0.070665997
0.0823867
0.092691049
0.10448484
0.12006452
0.11857297
0.12111534
0.12340575
0.12165951
0.11643692
0.11531461
0.11335492
0.11231635
0.11104677
0.0053600746
0.014736702
0.022734183
0.031136309
0.042728943
0.055520852
0.065967593
0.077619235
0.087030944
0.096216177
0.10878698
0.0091193624
0.018304646
0.028516594
0.039689182
0.049671918
0.059888712
0.069562025
0.080225144
0.090176181
0.10105802
0.11493631
0.11357721
0.11368372
0.11622844
0.11627917
0.112613
0.10998623
0.10957937
0.10770776
0.10701602
0.10473216
0.017674326
0.025114662
0.032537203
0.042073859
0.052837593
0.062906622
0.074640554
0.084965048
0.093189253
0.1040372
0.012410636
0.020657615
0.030320569
0.04007833
0.049410713
0.05880329
0.067328468
0.077134339
0.085715878
0.096302932
0.10817598
0.10673264
0.10686044
0.10931233
0.10877055
0.10562953
0.10321173
0.10344982
0.1015759
0.10062266
0.098353923
0.019972894
0.026525905
0.033380515
0.042298737
0.051856525
0.061505753
0.0723213
0.08093647
0.088229644
0.098280568
0.022258309
0.031412623
0.039962861
0.047948572
0.056804232
0.06489831
0.073801992
0.083048277
0.094152581
0.1034094
0.10572068
0.10349857
0.10455471
0.10507817
0.10322485
0.10087491
0.099951004
0.099794842
0.097382082
0.096197391
0.095115298
0.028938722
0.035294791
0.042749988
0.050827381
0.059294809
0.068558528
0.077304131
0.085965917
0.095677897
0.023725046
0.032292323
0.03985026
0.047448702
0.055742246
0.06310457
0.071651544
0.081186834
0.092146649
0.1001051
0.10339696
0.10082701
0.10186328
0.10231053
0.10004976
0.098109922
0.097245992
0.09773916
0.094459351
0.094083572
0.093070375
0.029966839
0.036102771
0.042955473
0.050422177
0.058173759
0.066672785
0.075479554
0.083821316
0.093676243
0.032069332
0.040088585
0.04767541
0.05569068
0.063344998
0.071481144
0.081713007
0.092842321
0.10422596
0.10273929
0.1058691
0.10361633
0.10345024
0.10336099
0.10126532
0.099768908
0.099799537
0.098361947
0.096511966
0.096799762
0.095673124
0.038223308
0.044654036
0.051505542
0.058777486
0.06707569
0.076839238
0.085590351
0.095178142
0.054126171
0.036267854
0.068067881
0.05472329
0.045626667
0.031970054
0.022974768
0.046975459
0.040279184
0.02908917
0.036109489
0.07618037
0.068705198
0.061928426
0.080692603
0.062912897
0.058446496
0.0602958
0.040785215
0.034720425
0.027963256
0.033278122
0.041702695
0.050472509
0.053141536
0.0060717405
0.013172029
0.0077397097
0.012630782
0.021019262
0.0065357625
0.019989015
0.0128768
0.019623938
0.017502079
0.024571565
0.081183966
0.082124166
0.097447859
0.10424593
0.099775945
0.12822982
0.1195942
0.14377679
0.15198513
0.14191872
0.071319511
0.069753486
0.067601947
0.060265849
0.060441001
0.056082685
0.073747895
0.073937328
0.082345414
0.056797555
0.068885531
0.070460043
0.059658759
0.049419032
0.041267158
0.039118386
0.045731649
0.1043262
0.092312107
0.088739077
0.099614134
0.12491826
0.12419666
0.082054026
0.086499568
0.075387344
0.085524972
0.098600747
0.10804738
0.094255657
0.086547455
0.086803939
0.1357083
0.1444881
0.18225268
0.19780374
0.18279317
0.20962827
0.18672059
0.18376599
0.19254134
0.17426391
0.19448339
0.19321709
0.20316957
0.17950597
0.16779435
0.18241815
0.19006068
0.17163284
0.15756015
0.14039748
0.16151059
0.17497499
0.17828197
0.18577364
0.16489371
0.14626869
0.17064306
0.1788294
0.16202445
0.16614254
0.166476
0.17638389
0.16052633
0.12669731
0.16623004
0.16487958
0.17820782
0.18849594
0.17119612
0.029412462
0.076581867
0.09234444
0.092749045
0.11397485
0.10882342
0.13010357
0.13687048
0.12778057
0.11976924
0.13332823
0.10514383
0.13527586
0.14156307
0.15688291
0.16710038
0.15370284
0.04191634
0.056916761
0.068660624
0.081895936
0.097256544
0.11444366
0.13344898
0.15782868
0.15805429
0.16428859
0.16724427
0.1601017
0.15423916
0.14901014
0.14694785
0.14631366
0.0061200066
0.045290188
0.062800192
0.07656513
0.090787173
0.1040921
0.12028507
0.14145767
0.026627819
0.042939259
0.056708154
0.068343438
0.080489578
0.095045973
0.11034173
0.12571683
0.14789216
0.14576206
0.14945159
0.15302047
0.15083581
0.1444355
0.14116929
0.1382856
0.13701917
0.13514745
0.011861228
0.022413548
0.032545505
0.045861542
0.061493911
0.074571867
0.088777324
0.10203158
0.11513403
0.13183249
0.0054557937
0.017303417
0.03026595
0.044670554
0.056109897
0.06710492
0.077974381
0.091381087
0.10343538
0.11747232
0.13607914
0.13438325
0.1373459
0.14012041
0.13808817
0.13184689
0.13043975
0.12807736
0.12680027
0.12523608
0.0059464444
0.016244806
0.025083024
0.034348974
0.047016537
0.061111453
0.072660818
0.085783605
0.096674473
0.10749511
0.12247713
0.010039795
0.020179496
0.031376245
0.043544239
0.054464439
0.065746339
0.076449184
0.08842017
0.09987714
0.11270766
0.12925605
0.12766325
0.12780215
0.13084709
0.13095256
0.12641195
0.12315492
0.12275738
0.12060411
0.11979809
0.11706444
0.019461664
0.027611085
0.035731475
0.046083114
0.057861835
0.068938275
0.081987874
0.093754683
0.10335827
0.11616534
0.013528827
0.022484468
0.032968009
0.04349281
0.053651664
0.064006284
0.07348913
0.08451393
0.094293357
0.10657235
0.1204275
0.11879926
0.11897183
0.12175369
0.12103253
0.11690766
0.11389521
0.11444625
0.11248717
0.11152614
0.10893439
0.0217157
0.028784321
0.036186179
0.045847718
0.056311428
0.067056195
0.079122608
0.088842466
0.097162983
0.10877771
0.024109871
0.034044091
0.043266784
0.051899271
0.061669487
0.070721845
0.080705043
0.091101422
0.10358824
0.11408937
0.11656569
0.1142758
0.11538572
0.11570604
0.11327724
0.11005944
0.1092738
0.10941431
0.1069255
0.1057388
0.10450431
0.031234355
0.037820362
0.046007885
0.054908076
0.064457314
0.074925958
0.084703055
0.094254681
0.10506622
0.026000375
0.035347855
0.043165446
0.051066417
0.060123194
0.067869322
0.077171696
0.087360013
0.099013824
0.1073968
0.11078106
0.10829659
0.10938132
0.10951095
0.10685865
0.10449492
0.1036555
0.10436404
0.10101016
0.10069161
0.099583056
0.032282404
0.038555228
0.04598487
0.053944389
0.062452411
0.071761124
0.081209372
0.089872835
0.10019036
0.034257261
0.042480148
0.050098351
0.058185758
0.065957639
0.074277376
0.084768089
0.096030934
0.10740204
0.10595122
0.10898699
0.10688
0.10668701
0.10644965
0.10424273
0.10267293
0.10268137
0.10127402
0.09942462
0.099661043
0.098518098
0.040392425
0.046750208
0.053615084
0.061000472
0.06951007
0.079485168
0.088353669
0.097999009
0.035349907
0.043447517
0.050859995
0.058984249
0.06673307
0.075339429
0.085810191
0.097629311
0.10877041
0.1072525
0.11130391
0.10797311
0.10808317
0.10839603
0.10621796
0.10438795
0.10448904
0.10262332
0.10113051
0.10237374
0.10020867
0.041499664
0.047843375
0.054718301
0.06194533
0.070996355
0.081121939
0.089508246
0.099284176
0.074997032
0.051320964
0.029256362
0.04541218
0.036783562
0.026922499
0.033190878
0.081522694
0.073063811
0.067621819
0.084358815
0.065339032
0.059081784
0.052605146
0.062208125
0.039821401
0.031957294
0.025882976
0.030429596
0.038447243
0.048839222
0.0561449
0.045793442
0.012091037
0.0071676941
0.019103606
0.018178169
0.017878954
0.087112225
0.090077659
0.10213499
0.11161278
0.10821655
0.1327189
0.13532217
0.12898954
0.13929478
0.15828257
0.15287085
0.076181793
0.074648952
0.073421472
0.06467494
0.065152396
0.05192263
0.077762267
0.068767433
0.054902783
0.074659352
0.062314994
0.035763946
0.041708153
0.11108936
0.089592422
0.09634455
0.1065849
0.096486777
0.1351653
0.083736058
0.080502162
0.083974585
0.075082179
0.078308859
0.1106791
0.10078625
0.092117694
0.085428465
0.091882862
0.13520059
0.14428759
0.19240873
0.20420164
0.21716168
0.22055799
0.19846578
0.19452002
0.21023638
0.20051285
0.18547534
0.20244202
0.19861776
0.20683149
0.20698886
0.1889413
0.15990534
0.17446383
0.1819944
0.19655231
0.18147644
0.14395442
0.16963753
0.18941242
0.19025302
0.17462286
0.18680441
0.17190382
0.17316996
0.18746406
0.17136823
0.1163587
0.16906442
0.15083408
0.17281595
0.19952696
0.18522223
0.084334615
0.098536163
0.10068817
0.11898544
0.11661122
0.12495615
0.14128317
0.13674061
0.11783655
0.13867546
0.10528965
0.15276792
0.18007461
0.17294192
0.1644709
0.047130213
0.062264936
0.07527209
0.089110202
0.10596753
0.12410974
0.14293179
0.17084364
0.1681374
0.17275822
0.17746319
0.1749003
0.16691904
0.16276238
0.15914232
0.15767193
0.15540329
0.050357383
0.067657505
0.082385043
0.098692391
0.11421752
0.13005736
0.15102632
0.03341338
0.049215993
0.061811439
0.074084483
0.08649169
0.10210251
0.11632736
0.1331384
0.1554844
0.15362443
0.15687707
0.16027877
0.15788735
0.15036659
0.14861152
0.14578056
0.14431217
0.14246068
0.0065628272
0.027656048
0.037885931
0.05176826
0.067353919
0.0803018
0.095412481
0.10812678
0.12095662
0.13905461
0.011042182
0.022277291
0.034598994
0.047918655
0.059912251
0.072432482
0.084490641
0.098273384
0.11173914
0.12712764
0.1468942
0.14509349
0.14535667
0.14876542
0.14890187
0.14350658
0.13959846
0.1391109
0.13657341
0.13560495
0.13229017
0.021459468
0.030434416
0.039340053
0.050662715
0.063641413
0.075948978
0.09079146
0.1044609
0.1158093
0.13112053
0.014913998
0.024750847
0.036182347
0.0476668
0.058842056
0.070301186
0.080815181
0.093314751
0.10470929
0.11929696
0.13595466
0.13403145
0.13425727
0.13760937
0.13676903
0.13163707
0.12789006
0.12863597
0.12636338
0.12521901
0.12210935
0.023884259
0.031560338
0.039669792
0.050165596
0.061671554
0.073497937
0.087032037
0.098239143
0.10803856
0.12182773
0.026254954
0.037009922
0.046986237
0.056369152
0.067157924
0.077252333
0.088581406
0.10056683
0.11509189
0.12753152
0.13040483
0.12778602
0.12900109
0.1293526
0.12623466
0.12209088
0.12125322
0.1216477
0.11890312
0.11759229
0.11612053
0.033951846
0.04096922
0.049828773
0.059634064
0.070293353
0.082066697
0.093182063
0.10416511
0.11669216
0.028218532
0.038341463
0.046683875
0.055297353
0.065346983
0.073956136
0.084318188
0.095694615
0.10881475
0.1183923
0.12209595
0.11950275
0.12062855
0.1205217
0.11718374
0.1139593
0.11326271
0.11436554
0.11079627
0.1105661
0.10929397
0.03477705
0.041278521
0.049521084
0.058337321
0.067946707
0.078403467
0.08890388
0.098418289
0.10988939
0.037136078
0.045954593
0.053892247
0.062679323
0.071094504
0.080066749
0.091395211
0.10340475
0.11554955
0.11410392
0.11711911
0.11514116
0.11474586
0.11420913
0.11154725
0.10975641
0.10989757
0.10856384
0.10667747
0.10693641
0.10566347
0.043376058
0.0499279
0.057302381
0.065330067
0.074779034
0.085570886
0.09492655
0.10508333
0.037511969
0.045737469
0.05315356
0.061366283
0.06923553
0.078021381
0.088693601
0.10060733
0.11172591
0.11024282
0.11419682
0.11101406
0.11110246
0.11126457
0.10898516
0.1070922
0.10717479
0.10533898
0.10384358
0.10503132
0.10285859
0.043575466
0.049828705
0.056730218
0.064073168
0.07334154
0.083635067
0.092090207
0.10191481
0.045947827
0.053428774
0.061216653
0.069731311
0.07890907
0.088945803
0.10162855
0.11290719
0.11560329
0.11276289
0.11542038
0.1132011
0.11326885
0.11352262
0.11083771
0.11015946
0.10813326
0.10649588
0.10765271
0.10641318
0.10420652
0.052003654
0.058849761
0.066063372
0.07494942
0.084373609
0.09295981
0.10200001
0.082281977
0.041799207
0.024541804
0.030178257
0.088340903
0.078148606
0.074219955
0.062934772
0.054116883
0.048266882
0.058595748
0.036745398
0.029072781
0.023615393
0.035050239
0.044870368
0.053542574
0.042085791
0.016476057
0.092979518
0.099195514
0.098028078
0.1063726
0.12322343
0.11795648
0.14114111
0.14909674
0.14028641
0.16598532
0.17475271
0.1640149
0.072848435
0.081642101
0.079086208
0.069341594
0.066205751
0.069452935
0.057889597
0.059699498
0.047512202
0.074168339
0.067151609
0.056930693
0.11898756
0.10237288
0.088738985
0.09229881
0.093157388
0.109551
0.10173792
0.13693765
0.08903243
0.08564304
0.086996311
0.079843436
0.083332448
0.11013814
0.097663909
0.10667207
0.096859522
0.090880123
0.092622521
0.14428769
0.18467528
0.18440519
0.20551929
0.22824442
0.22708907
0.23843775
0.21086561
0.20748683
0.23678861
0.20446312
0.22018032
0.21638476
0.2268611
0.20186685
0.20122635
0.20024126
0.21579099
0.21765731
0.22566268
0.19714086
0.16972327
0.15382299
0.20660572
0.21417072
0.1922808
0.14654862
0.17737352
0.20379977
0.20028273
0.20868721
0.18720979
0.19705397
0.20545133
0.18546452
0.17465307
0.19603077
0.20559277
0.18294086
0.11331254
0.17648975
0.15973329
0.18103364
0.18757379
0.20564918
0.21843172
0.19705761
0.090847096
0.11178257
0.10983894
0.13147636
0.12853426
0.13268197
0.15147445
0.15951231
0.14842373
0.12487454
0.12623005
0.14831383
0.13346119
0.15645912
0.19176928
0.18175951
0.19120751
0.17597965
0.068036712
0.081904173
0.096150178
0.11439042
0.13152124
0.15238952
0.18059945
0.17833569
0.18221229
0.18668297
0.18386202
0.17447715
0.17223629
0.16869657
0.16705266
0.16485481
0.074307501
0.089020057
0.10654425
0.1216536
0.1374053
0.16037696
0.038097128
0.052714072
0.065945899
0.079996389
0.093814961
0.10991
0.12593721
0.14461826
0.1683542
0.16640681
0.16692024
0.17050205
0.17068672
0.16424192
0.15953515
0.15895714
0.15602147
0.15496844
0.15094767
0.033500743
0.043280475
0.055705216
0.070085935
0.08397382
0.1011394
0.11718187
0.13077122
0.14942071
0.027342385
0.039880101
0.052465636
0.064788321
0.077572477
0.089512148
0.10405085
0.11761567
0.13523168
0.15495839
0.15282934
0.15326862
0.15684298
0.15581125
0.14970208
0.14524806
0.14615674
0.14355745
0.14221554
0.13846294
0.026361091
0.03476942
0.043670242
0.055179436
0.067885622
0.081089671
0.096682168
0.10980885
0.12149037
0.13801034
0.028877225
0.040597619
0.051477922
0.061764057
0.073662985
0.084978055
0.098034842
0.11212348
0.12941438
0.14440687
0.14781855
0.14477552
0.1461805
0.14658799
0.14276915
0.13767799
0.13665053
0.13721541
0.13398714
0.13241086
0.13058023
0.037247001
0.044855628
0.054484719
0.065280042
0.077100694
0.090460597
0.10336102
0.11627597
0.13115513
0.030676445
0.041619654
0.050660102
0.060099494
0.071228476
0.080851595
0.092645887
0.10578398
0.12111167
0.13259262
0.13694498
0.13392755
0.1351311
0.13504654
0.13082769
0.12663401
0.12592649
0.12743758
0.12339199
0.12317367
0.12163711
0.037712976
0.044651172
0.053644892
0.063437488
0.074186098
0.085964821
0.097940244
0.10890411
0.1222246
0.040065581
0.049675661
0.058420054
0.068243388
0.077638181
0.087654564
0.10040593
0.11396181
0.12791531
0.126354
0.12957917
0.12750668
0.12684515
0.12602518
0.12254467
0.12035589
0.12077897
0.11951516
0.11751049
0.11782626
0.11630993
0.046671928
0.053650415
0.061967971
0.071080383
0.081753831
0.093847193
0.10425033
0.11560478
0.040458048
0.049356687
0.056914818
0.065961852
0.074438673
0.083861249
0.09521973
0.10783777
0.11977778
0.11828885
0.12231659
0.1191388
0.11902314
0.11900439
0.11629981
0.11418575
0.11441268
0.1125847
0.11106319
0.11233024
0.10993571
0.046608602
0.052980109
0.060547774
0.068505702
0.078688863
0.089681268
0.098531633
0.10888506
0.048190238
0.055701965
0.063606436
0.072323417
0.081727477
0.092043652
0.1048726
0.11625716
0.11888623
0.11614645
0.11869675
0.11656207
0.11655787
0.11666688
0.11397756
0.11319904
0.11108205
0.10944657
0.11053798
0.10925772
0.10704232
0.054127
0.060993193
0.068346843
0.077452734
0.087054715
0.095752727
0.1048
0.049179864
0.056597481
0.064520921
0.073790376
0.082629026
0.093565082
0.10705045
0.11742571
0.12035957
0.11791336
0.12025313
0.11840311
0.11846058
0.11882012
0.11550829
0.11537621
0.11261427
0.11142295
0.11264205
0.11126467
0.10898328
0.055253461
0.062410155
0.069849833
0.078906999
0.088045476
0.096992978
0.10611983
0.090048715
0.078982424
0.057855709
0.043948031
0.05383068
0.031843249
0.040858629
0.049355994
0.038320305
0.10440303
0.10641711
0.12908362
0.12845585
0.13889001
0.15686348
0.15005759
0.16359009
0.18276309
0.17690374
0.068447805
0.074632335
0.063496981
0.060574232
0.064823076
0.052849352
0.054835412
0.081886045
0.061201594
0.07363308
0.11817951
0.1079678
0.094546994
0.098292617
0.09833525
0.1144576
0.11508659
0.092170069
0.093352882
0.098103328
0.081249743
0.091700864
0.075029887
0.087051648
0.070972115
0.10094092
0.11451574
0.098333784
0.10295668
0.11384926
0.085360323
0.15257569
0.12290703
0.1882237
0.17520386
0.18631322
0.20956022
0.23187225
0.24097568
0.24724066
0.22302711
0.24239747
0.21939644
0.24125217
0.21725194
0.22123485
0.22435501
0.24035893
0.21518469
0.20563973
0.20956767
0.2280978
0.20751209
0.1605315
0.13949713
0.22726667
0.20530415
0.21749581
0.22323453
0.21660149
0.20034228
0.21481153
0.19862939
0.1878392
0.2173142
0.19620238
0.11255429
0.18211345
0.15930683
0.19852249
0.23308431
0.22443469
0.21092484
0.098740497
0.12038322
0.11952945
0.14177383
0.13816882
0.12571723
0.13831175
0.14979216
0.16680709
0.15872766
0.12258202
0.13136361
0.14052069
0.14828735
0.20111365
0.20248984
0.1779168
0.20862597
0.19965361
0.18928835
0.072515289
0.088426233
0.10435725
0.12331983
0.14291581
0.16652301
0.19634807
0.19408046
0.19475424
0.19892958
0.19929161
0.19151756
0.18576022
0.18505572
0.18157666
0.18051374
0.17544832
0.077305663
0.093162896
0.11318913
0.13253285
0.14952923
0.1734194
0.057773657
0.071447144
0.085953052
0.099786985
0.11689765
0.13317395
0.15468392
0.17814654
0.17589332
0.17669809
0.18022895
0.17899379
0.17171081
0.16636179
0.16753923
0.16458155
0.16310588
0.15856844
0.048081533
0.060742786
0.074868784
0.089971093
0.10812921
0.1236391
0.13772223
0.1579218
0.044660591
0.056591352
0.067930233
0.081278175
0.094260843
0.10954117
0.12635795
0.14726231
0.16491729
0.16876233
0.16560632
0.16740766
0.16719726
0.16263408
0.15662071
0.15543074
0.1562396
0.1525135
0.15065999
0.14840857
0.040982068
0.049276284
0.059853881
0.071840329
0.085185794
0.10065769
0.11581223
0.13118755
0.14899227
0.033669534
0.045565029
0.055502068
0.065839856
0.078146119
0.089050411
0.10277974
0.11831596
0.1366994
0.15062136
0.15574626
0.15232037
0.15370936
0.15349828
0.14835318
0.14320466
0.14235297
0.14427082
0.13951941
0.13922879
0.13730352
0.041303993
0.048797128
0.058657891
0.06946845
0.081446774
0.094960924
0.10895028
0.12192103
0.13786173
0.043412497
0.053882264
0.06352662
0.0744526
0.085034788
0.096526438
0.11136755
0.12726136
0.14396729
0.14214056
0.14590337
0.14344431
0.1425061
0.14154534
0.13711176
0.13439447
0.13504929
0.13372875
0.13142807
0.13177563
0.12989115
0.050519396
0.058160088
0.067426996
0.077691559
0.089820678
0.10371651
0.11574015
0.12899219
0.043670244
0.053377896
0.06174582
0.071860296
0.081262982
0.091770369
0.10447562
0.11866202
0.13251512
0.13088779
0.13531194
0.13180056
0.13141179
0.13131148
0.12779747
0.12526085
0.12579429
0.12392277
0.12229934
0.12373227
0.12091363
0.050167415
0.056904446
0.065559175
0.074564621
0.085986907
0.098241028
0.10805424
0.11965594
0.051719857
0.059590072
0.068159463
0.077804055
0.08798726
0.099084185
0.11274437
0.12511573
0.12788969
0.12508142
0.12758704
0.12538265
0.12514883
0.12514813
0.12214687
0.12130699
0.11904022
0.11736231
0.11852604
0.11706837
0.11461983
0.057836207
0.065289848
0.073300842
0.083217953
0.093485701
0.10262915
0.11209179
0.051304043
0.05875346
0.066811506
0.0762907
0.085307256
0.096473444
0.11007868
0.12054639
0.12342509
0.12106459
0.12331226
0.12153876
0.12153466
0.12176063
0.11843821
0.11820283
0.11535525
0.11415467
0.11530968
0.11389422
0.11160334
0.057276472
0.064478577
0.072059131
0.081300631
0.090559649
0.099601685
0.10870868
0.059324026
0.066984583
0.076155782
0.085223611
0.096275699
0.10986333
0.12303351
0.12416158
0.1256951
0.12464905
0.12560504
0.12491614
0.12183079
0.12253626
0.12096776
0.11933378
0.11758343
0.1181776
0.11721038
0.11606935
0.11240975
0.066040905
0.0738749
0.082267293
0.091090851
0.10053447
0.11046617
0.096974414
0.08637292
0.049096015
0.037101795
0.045055545
0.11938452
0.11572973
0.14774634
0.13874718
0.14281526
0.17226572
0.16356488
0.15945355
0.19539852
0.20601899
0.19424688
0.062764221
0.068335823
0.055149376
0.059323117
0.049991497
0.066845409
0.079740593
0.11752018
0.10389562
0.10242458
0.10411632
0.11862089
0.095446022
0.093070538
0.1011516
0.086237847
0.103465
0.09067252
0.074017975
0.080546071
0.068480027
0.064687735
0.10672601
0.10360328
0.10601393
0.11937098
0.091883129
0.14531337
0.12947552
0.197209
0.17848604
0.1950135
0.21324311
0.23007247
0.25042314
0.2558284
0.26444085
0.23712897
0.23652033
0.25219377
0.26188801
0.22786415
0.25158831
0.26181173
0.23363576
0.2235988
0.25060088
0.26115931
0.23038816
0.21573797
0.24164517
0.25054359
0.22132405
0.16297469
0.14534919
0.23910317
0.24899109
0.22063255
0.22238706
0.23243297
0.22857788
0.24045109
0.21597124
0.22679309
0.23723153
0.21548874
0.18103019
0.22527272
0.23708361
0.20862542
0.19466361
0.16774592
0.20514326
0.23947763
0.23933084
0.25134346
0.23007466
0.10344488
0.13375555
0.12723157
0.15830907
0.15150937
0.14742716
0.18712957
0.17384988
0.12032588
0.13050527
0.15920383
0.19775409
0.20725786
0.181174
0.21992123
0.21665603
0.22848018
0.20591752
0.078822475
0.095430883
0.11150711
0.13199101
0.15218779
0.17957545
0.20856947
0.20608969
0.2071984
0.21095721
0.20962091
0.20101352
0.19450482
0.19600291
0.1925297
0.19094881
0.18533107
0.082809883
0.1002306
0.12169593
0.14070018
0.15851988
0.18445956
0.062222143
0.074825473
0.090085397
0.10518372
0.12327136
0.14362772
0.1692774
0.19005545
0.19426261
0.19120341
0.19352027
0.19233217
0.18696116
0.17987475
0.1785124
0.17964719
0.1753742
0.1732417
0.17052925
0.054112166
0.065793297
0.079243441
0.094608959
0.11274407
0.13080309
0.14946388
0.17115177
0.050126997
0.061067333
0.072472385
0.086405382
0.099055178
0.11528363
0.13396429
0.15623286
0.17231534
0.17812652
0.17462668
0.1764785
0.17533103
0.16919211
0.16311634
0.16218364
0.1646641
0.15916008
0.15885958
0.15650544
0.045441568
0.053617748
0.064507615
0.076531415
0.090224178
0.10602339
0.12254862
0.13804534
0.15705311
0.047497656
0.058959071
0.069562519
0.081723945
0.093851378
0.10733128
0.12497889
0.14406823
0.16395125
0.16192632
0.16614696
0.16355598
0.16242406
0.16090356
0.15551525
0.15225775
0.15315456
0.15173771
0.14902961
0.14939219
0.14701673
0.055205278
0.063598895
0.073872664
0.085459284
0.099509119
0.11579269
0.13000945
0.14585915
0.047280964
0.057931901
0.067218041
0.078481671
0.089119469
0.10123396
0.11602888
0.13266692
0.14943741
0.14750626
0.15275309
0.14848238
0.14781251
0.14788121
0.1433956
0.1402757
0.14108299
0.1389785
0.13707886
0.13871118
0.13525511
0.054307839
0.061735121
0.071448868
0.081582551
0.094616296
0.10871861
0.12008347
0.13368068
0.055900159
0.064722705
0.074294771
0.085092647
0.09653528
0.10906118
0.12448916
0.13888453
0.14213459
0.13895372
0.14165272
0.13909763
0.13857259
0.13853165
0.13486372
0.1340136
0.13153779
0.12971136
0.13102343
0.12924727
0.1263616
0.062543732
0.070949442
0.079985408
0.091139201
0.10263836
0.11278454
0.12328361
0.054796943
0.062615128
0.071480391
0.081869194
0.09152294
0.10342095
0.11782048
0.12919271
0.13233115
0.12989941
0.13211259
0.13025864
0.12999979
0.13026606
0.12651497
0.12624999
0.12322182
0.12199219
0.1232016
0.12158846
0.11904818
0.061108518
0.06890606
0.077119446
0.087048673
0.096874226
0.10636921
0.11576824
0.061530992
0.0693554
0.078773776
0.088033066
0.099398482
0.11311633
0.12658096
0.12766591
0.12918641
0.12816943
0.12902588
0.12836886
0.12522254
0.12594788
0.12431573
0.12249839
0.12066792
0.12120826
0.12020664
0.11899602
0.11531547
0.068315051
0.076304264
0.084862106
0.093813762
0.10328067
0.11332208
0.062493326
0.070413449
0.079580187
0.08911544
0.10049127
0.11459687
0.12857186
0.12928954
0.13074281
0.1314364
0.13134614
0.13171031
0.12727696
0.12796749
0.12652306
0.12434556
0.12283386
0.1240256
0.12245056
0.12172009
0.11696607
0.069463473
0.077527702
0.085878822
0.095095956
0.10514866
0.11540987
0.10540323
0.12766648
0.12462709
0.15041626
0.1532532
0.15015893
0.13203934
0.18195001
0.17629226
0.16170285
0.20653214
0.22085797
0.21195722
0.057272094
0.072341641
0.086758059
0.10692665
0.12150227
0.10938644
0.12509848
0.10095522
0.098691096
0.10718066
0.078385873
0.093899119
0.10921641
0.082512316
0.097831003
0.067241424
0.073121326
0.087498222
0.062369434
0.058939473
0.11103863
0.11077129
0.11198608
0.12884401
0.097689253
0.14427868
0.12769789
0.13519328
0.19278567
0.19055331
0.17004731
0.22076564
0.19852857
0.23659794
0.24699071
0.26065997
0.26923849
0.27269371
0.27502717
0.24879926
0.25013434
0.26539785
0.23955012
0.27225122
0.24791876
0.2319044
0.24987756
0.26615054
0.26998507
0.24507106
0.25944883
0.23257603
0.15019421
0.13660472
0.15440908
0.2458714
0.2553638
0.25995151
0.23440314
0.23330664
0.24229389
0.24931756
0.22998596
0.23766913
0.24662018
0.25390577
0.2290295
0.18677034
0.24352545
0.22201992
0.18929812
0.17166091
0.21129039
0.25021593
0.23543421
0.26334941
0.24547033
0.11208036
0.13892372
0.13828339
0.17039613
0.16287881
0.1540924
0.19851802
0.18676375
0.12754608
0.12516425
0.16782749
0.2102984
0.21831629
0.18165424
0.19150654
0.22950923
0.23223748
0.24420678
0.22085279
0.10002911
0.11767674
0.13958978
0.16505417
0.1974954
0.22233735
0.22669389
0.2238939
0.22662094
0.22460042
0.2186563
0.21058954
0.20901498
0.2104321
0.20560147
0.20320243
0.19999215
0.087708109
0.10562376
0.12729296
0.14972809
0.17348573
0.20073528
0.08004113
0.096127263
0.11095864
0.13033481
0.15316288
0.18040867
0.19885134
0.20530694
0.20191885
0.20429581
0.20196777
0.19480539
0.18771156
0.18669456
0.18983922
0.18339655
0.18315232
0.18034262
0.071024281
0.084639827
0.10059354
0.11922305
0.13902932
0.15791352
0.18092443
0.052166443
0.064776818
0.076573122
0.090448048
0.10459349
0.12060445
0.14192441
0.16500688
0.18755341
0.18549157
0.1898997
0.18767704
0.18660115
0.18368215
0.17735735
0.1736202
0.17482757
0.17336037
0.17024575
0.17067711
0.16778987
0.060607181
0.069908617
0.081463932
0.094843993
0.11135408
0.13067398
0.14762856
0.16638371
0.05165714
0.063401951
0.073617065
0.086259134
0.098600485
0.11291414
0.13060275
0.1506605
0.17047449
0.16842281
0.17420683
0.16973329
0.1689355
0.16835543
0.1629096
0.15922104
0.16035419
0.15809374
0.15590953
0.15781268
0.15357703
0.059347356
0.067550967
0.078340508
0.089911356
0.10514223
0.1217273
0.13527359
0.15159341
0.060675241
0.07050034
0.08124941
0.093575103
0.10684507
0.12150324
0.13965532
0.15702869
0.16089507
0.15710503
0.16022877
0.15712012
0.15631386
0.15633784
0.15174926
0.15080655
0.14809757
0.14595899
0.14744324
0.14520602
0.14168358
0.06803329
0.077495405
0.087778112
0.10062039
0.11391058
0.12571625
0.13802759
0.059251715
0.067962049
0.077903336
0.089509146
0.10033177
0.11369353
0.12988819
0.14302569
0.14696932
0.14416437
0.14658665
0.14434859
0.14374474
0.14422756
0.13960975
0.13939874
0.13606337
0.13471377
0.13604663
0.13407123
0.13105678
0.066161675
0.074941499
0.084133568
0.09524266
0.10620618
0.11675632
0.12690248
0.065756501
0.074196301
0.084599595
0.094534165
0.10682912
0.12140038
0.13626317
0.13732813
0.13896474
0.1379586
0.13874535
0.13792425
0.13435447
0.13529376
0.13343833
0.13138359
0.12941853
0.12999258
0.12883777
0.12740701
0.1232889
0.073164622
0.081869514
0.091042544
0.10049289
0.1104881
0.12109769
0.064603318
0.072694973
0.082073651
0.091762299
0.10340742
0.11763879
0.13188767
0.1325684
0.13401315
0.13472644
0.1345613
0.13494634
0.13046196
0.13117837
0.1296638
0.12730966
0.12571081
0.12684209
0.12523531
0.12443439
0.11966436
0.07165924
0.079857782
0.088322533
0.097647228
0.10769379
0.11806049
0.074120304
0.082516024
0.092517209
0.10381633
0.11632671
0.13533325
0.13700021
0.13608125
0.13703404
0.14013426
0.13677846
0.13644723
0.13043764
0.13429647
0.13112151
0.12907635
0.12945857
0.12978322
0.12794158
0.12507228
0.12133277
0.08147107
0.089557125
0.098804031
0.10978319
0.12144917
0.1138129
0.110735
0.13960694
0.13180405
0.17189061
0.1594234
0.19228449
0.20164384
0.19157577
0.1712045
0.2128179
0.25037519
0.23285061
0.078280962
0.094383917
0.11109649
0.11599405
0.10517049
0.11408852
0.071227687
0.084815577
0.10386703
0.098822365
0.11836536
0.088554447
0.066563648
0.079006655
0.05674899
0.11521821
0.1115257
0.1221849
0.13563307
0.10548556
0.15305323
0.12727113
0.13298285
0.18513094
0.16429506
0.16854247
0.22956852
0.20617717
0.24323944
0.25683371
0.25298286
0.27823129
0.28057962
0.28140032
0.2879166
0.26257867
0.25711835
0.28821756
0.26431404
0.27179284
0.27937908
0.24936969
0.2800628
0.28814198
0.26112861
0.22051201
0.25251703
0.25664913
0.27639646
0.27898415
0.28813308
0.26255959
0.2674978
0.27522797
0.24795613
0.15676728
0.14335779
0.15679897
0.26540448
0.26855153
0.27760009
0.24925742
0.231392
0.24138947
0.26042506
0.27115338
0.24453649
0.24496251
0.25871402
0.26265167
0.27283266
0.24237931
0.19823248
0.25342536
0.26301841
0.23860896
0.20022095
0.23293099
0.22742723
0.27720185
0.28737109
0.2652136
0.11879798
0.14330939
0.15259528
0.14497132
0.16248868
0.17467172
0.21409698
0.22497747
0.20580347
0.13137454
0.17004114
0.20796854
0.19000878
0.20499057
0.23822605
0.23843821
0.25227848
0.26402827
0.23951025
0.10719786
0.12472665
0.14863609
0.17757943
0.21156479
0.23254931
0.23885181
0.23629317
0.23903428
0.23544832
0.22788087
0.22016582
0.21904688
0.22267642
0.2155178
0.21536594
0.21220234
0.094062486
0.11287469
0.13546024
0.16037914
0.18446622
0.21285261
0.084580643
0.10068098
0.11734596
0.13663042
0.16282808
0.19086312
0.21584301
0.21390932
0.21823628
0.21668687
0.21576407
0.21131217
0.20422359
0.20004007
0.20150361
0.19992642
0.19636496
0.19691784
0.19354068
0.076957451
0.090218795
0.10593137
0.12561473
0.14900997
0.16959431
0.19191359
0.069733439
0.081151224
0.095757249
0.11028477
0.12744973
0.14891935
0.17301436
0.19508951
0.19303035
0.19918053
0.19483838
0.19422616
0.19233083
0.1860109
0.18180624
0.1832624
0.18079292
0.17830752
0.18053602
0.17548084
0.065225461
0.074335719
0.086579992
0.10014024
0.11813305
0.13787236
0.1539861
0.17312103
0.066374129
0.077248435
0.089454133
0.10385387
0.11957794
0.13712481
0.1589516
0.17923465
0.18349777
0.1795694
0.18253712
0.1797585
0.17883882
0.17786281
0.17246748
0.1714794
0.16856011
0.16619807
0.16797269
0.16523953
0.16099252
0.074506409
0.085197428
0.097135001
0.11222525
0.12790283
0.14196651
0.15666143
0.064382713
0.074106843
0.085305326
0.098610541
0.11120684
0.12683709
0.14587791
0.16189768
0.16661302
0.16321959
0.16605578
0.16323409
0.1622798
0.16311568
0.15730499
0.1571333
0.15343199
0.15181282
0.15328325
0.15078797
0.14709104
0.072080959
0.081964655
0.092472958
0.10529914
0.11797593
0.13028592
0.14216506
0.071500557
0.080973086
0.092681113
0.1038689
0.11779965
0.13423675
0.15167101
0.15269282
0.15466679
0.15363195
0.15450459
0.15328829
0.14901485
0.15032821
0.14806893
0.14572282
0.14352249
0.14414116
0.1427147
0.14091508
0.13594053
0.07979614
0.08956816
0.099860006
0.11043998
0.12162026
0.13340872
0.068827874
0.077644735
0.087750548
0.098192034
0.11067025
0.12578154
0.14149481
0.14211715
0.14358781
0.14455126
0.14426529
0.14452095
0.13949272
0.14047235
0.13871658
0.13612459
0.13439229
0.13559318
0.13377085
0.1327778
0.12748761
0.076602741
0.085412607
0.094354094
0.10423766
0.11477883
0.12573427
0.076587117
0.085168703
0.095321986
0.10689077
0.11963426
0.13906976
0.14077093
0.13985077
0.14073694
0.14382898
0.14047455
0.14007683
0.13400549
0.13810449
0.13460551
0.13243704
0.13273075
0.13299026
0.13110257
0.12816102
0.12438363
0.084047476
0.092228972
0.10149882
0.11259339
0.12444047
0.077759647
0.086363165
0.096770053
0.1081263
0.12142778
0.14148611
0.14350656
0.14225527
0.14318217
0.14820812
0.1442328
0.14291668
0.13605759
0.14120849
0.13697017
0.13425654
0.13461038
0.13595706
0.13318865
0.12998767
0.12637985
0.085072952
0.093470664
0.10390211
0.11521291
0.12718848
0.11952814
0.14440137
0.14089991
0.17914568
0.18087625
0.17188954
0.18999162
0.21222345
0.20885359
0.1517654
0.26599077
0.25007765
0.084941693
0.10161143
0.11735679
0.11915855
0.076820194
0.088856199
0.093673121
0.11162308
0.10642112
0.071738656
0.12153868
0.11744075
0.12746824
0.1418839
0.1129118
0.1478821
0.13461835
0.13890971
0.19724184
0.16533266
0.16649231
0.22452567
0.22038193
0.24044566
0.26548049
0.25869294
0.27538453
0.28846158
0.28520554
0.29302509
0.2928263
0.27111484
0.2654135
0.29582779
0.27321856
0.28917272
0.28404023
0.25918512
0.29476232
0.29403968
0.27035071
0.22300878
0.26181604
0.26609063
0.27740108
0.29586216
0.27388369
0.28384861
0.25838976
0.15815871
0.13832063
0.14890392
0.26885156
0.27679772
0.28377702
0.28609088
0.26144121
0.25110322
0.28048764
0.2554002
0.25521811
0.26656179
0.27056057
0.28254273
0.25553386
0.19299658
0.2762071
0.27317123
0.25248259
0.23441025
0.24023091
0.28547553
0.29876307
0.27669612
0.13373619
0.12806584
0.15902241
0.15633704
0.18984777
0.21593359
0.23859165
0.2208857
0.18294813
0.22202391
0.19738018
0.25472153
0.24779906
0.27654595
0.25300502
0.11245131
0.13240106
0.15651126
0.18969609
0.22374097
0.24891944
0.24791158
0.25064629
0.25122583
0.25076836
0.24433797
0.23749005
0.23339258
0.23490838
0.233396
0.22978802
0.23045101
0.22694983
0.10044178
0.11925952
0.14358285
0.17327851
0.19902802
0.22526094
0.089942338
0.10702615
0.12428156
0.14510405
0.17157787
0.20050448
0.22432285
0.22241743
0.22858014
0.22466036
0.22428964
0.22125779
0.21443655
0.20981956
0.21145536
0.2086034
0.20572903
0.20829131
0.20247476
0.082022242
0.096285638
0.11232168
0.13390641
0.1578829
0.17732778
0.19978577
0.072974991
0.085244709
0.099429489
0.11646727
0.1353801
0.15661483
0.18261885
0.20487395
0.20940185
0.2055256
0.20818681
0.20605953
0.20530717
0.20293392
0.19695439
0.19599007
0.19265329
0.1899486
0.19200537
0.18878045
0.18384869
0.082127842
0.094492953
0.10857479
0.1265295
0.14523386
0.16187546
0.17890561
0.07045644
0.081258865
0.094141688
0.10979771
0.12481882
0.14362074
0.16650453
0.18492341
0.19006767
0.18679028
0.18920552
0.18708992
0.18600657
0.18563221
0.17888258
0.17882721
0.17484632
0.17318285
0.1749462
0.17194057
0.16752085
0.079001269
0.090308965
0.10264247
0.11777448
0.13280707
0.14755237
0.16170689
0.078092169
0.088860373
0.10238287
0.1154264
0.13178937
0.15113143
0.17210437
0.1733445
0.17549414
0.17431829
0.17520696
0.17371329
0.16856649
0.16995897
0.16725198
0.16473346
0.16225688
0.16290343
0.16110451
0.15883002
0.15289447
0.087523884
0.098789303
0.11071806
0.12302274
0.13608919
0.14990091
0.074845376
0.084695292
0.096033089
0.10777316
0.12182943
0.13888738
0.15734322
0.1578615
0.15953507
0.16085405
0.16055694
0.16046815
0.15450524
0.15595369
0.15377547
0.15086813
0.14890326
0.15021906
0.14800652
0.14669373
0.14037217
0.083518143
0.093358865
0.10335475
0.11442054
0.126158
0.13835183
0.082119331
0.091239688
0.10216778
0.11462626
0.12833632
0.14974396
0.15167181
0.15053185
0.15146386
0.15481781
0.15120007
0.15048841
0.14387497
0.1486516
0.14456445
0.14221109
0.1424794
0.14268495
0.14052535
0.1371777
0.13300218
0.090056324
0.098675135
0.10850842
0.12036354
0.13309581
0.080124858
0.088867023
0.099407618
0.11100137
0.1245348
0.14499162
0.14704241
0.14579042
0.14666747
0.15166808
0.14772713
0.1463308
0.13941854
0.14480281
0.1402595
0.13741116
0.13767569
0.13894806
0.13614136
0.13287049
0.12922727
0.087502546
0.095979024
0.10640223
0.11782761
0.12998292
0.089905081
0.10067356
0.11231362
0.12593329
0.14968186
0.15027277
0.15423893
0.14967188
0.15146543
0.15387437
0.15206719
0.14608262
0.14010879
0.14686602
0.14222028
0.14040946
0.14169301
0.14094865
0.13770136
0.13411913
0.13307765
0.098499807
0.11007625
0.12274758
0.13535021
0.12605116
0.15989286
0.15051249
0.19120475
0.20190619
0.18208216
0.22335449
0.23706056
0.22359483
0.27230613
0.25131598
0.28523351
0.26249411
0.090847458
0.11386691
0.12353577
0.12564178
0.080386352
0.095052948
0.099998453
0.11817017
0.1262092
0.12969194
0.13443062
0.12222081
0.148942
0.1403138
0.19646499
0.20984237
0.17354917
0.15964006
0.17603003
0.23069102
0.21352867
0.25124273
0.26901646
0.27669375
0.28473993
0.28212647
0.29521465
0.29502632
0.29340765
0.2775947
0.27540108
0.29438224
0.27145086
0.29825425
0.29647084
0.2788839
0.29358791
0.29022113
0.29286346
0.26947264
0.29848892
0.29792864
0.29940644
0.28061003
0.24999704
0.27779148
0.30213234
0.30410147
0.28433705
0.29043767
0.29325121
0.2704283
0.15374432
0.13995537
0.14494217
0.27746151
0.29069351
0.29154597
0.29386406
0.26950835
0.24516025
0.28845721
0.29326279
0.26759945
0.2750083
0.28835878
0.29386727
0.26795912
0.28482047
0.28466288
0.29118686
0.26535629
0.24240552
0.29383919
0.30265579
0.30555011
0.28537098
0.1478986
0.13587274
0.17036205
0.18029776
0.16665412
0.22888793
0.20611305
0.21285766
0.24872554
0.25946313
0.23759175
0.23570361
0.26327813
0.26633868
0.25774238
0.28344957
0.26695983
0.29051561
0.26421448
0.12018806
0.14118659
0.16752316
0.20099487
0.23512288
0.25683226
0.2562818
0.25962017
0.25911296
0.25933336
0.25376778
0.24787197
0.2437909
0.24534344
0.24268758
0.23998481
0.24250614
0.23689419
0.10778465
0.12726499
0.15431184
0.18475908
0.20875417
0.23419957
0.094546499
0.11125357
0.13171204
0.15486087
0.18080618
0.21137801
0.23447437
0.23867542
0.23552008
0.23733496
0.23642612
0.23594024
0.23222003
0.22611793
0.22521604
0.22165433
0.21857236
0.2207456
0.21717554
0.21179907
0.090911655
0.10549589
0.12238961
0.14424518
0.16693367
0.1867664
0.206334
0.077550521
0.089880535
0.10502599
0.12368031
0.14186915
0.16456353
0.19153659
0.21122318
0.21663179
0.21361187
0.21556493
0.21426493
0.21338455
0.21165694
0.20433197
0.20441195
0.19981421
0.19792855
0.199923
0.1964293
0.19136629
0.087277254
0.10055277
0.11519375
0.1332856
0.15118475
0.16850033
0.18477989
0.085831699
0.098341475
0.11430477
0.12985613
0.14949631
0.17264444
0.19647108
0.1975441
0.19970218
0.19936251
0.19918121
0.1989379
0.19307945
0.19309517
0.19013245
0.18750966
0.18493591
0.18580256
0.18372433
0.18103852
0.1741327
0.0967954
0.11007138
0.12417824
0.13882223
0.15442688
0.17070573
0.081821391
0.093076937
0.10622051
0.11991681
0.1364156
0.1564916
0.17870905
0.17931827
0.18109848
0.18269915
0.18222775
0.18197992
0.17486093
0.17645009
0.17383315
0.17073659
0.16851351
0.16994887
0.16720539
0.16549454
0.15796233
0.091732697
0.10310938
0.11470192
0.12759536
0.14129031
0.15558064
0.089844515
0.10009411
0.11240585
0.12652191
0.1421582
0.16709539
0.16938924
0.16790562
0.16907011
0.1727684
0.16874178
0.16754749
0.15995507
0.16567187
0.16088274
0.15822225
0.15849038
0.15860014
0.15597308
0.15190772
0.14699318
0.09874213
0.1083706
0.11939183
0.13277283
0.14720194
0.085659935
0.094887398
0.1061925
0.11862114
0.13316073
0.15561785
0.15790089
0.15637122
0.15732412
0.16272288
0.15854789
0.15667367
0.14919491
0.155218
0.1501951
0.14707268
0.14728215
0.14857996
0.1454322
0.14167217
0.13774691
0.09333601
0.10235656
0.11335241
0.12556044
0.13861466
0.092609714
0.10346789
0.11538478
0.12935873
0.15370634
0.15432317
0.15827405
0.15370753
0.1554804
0.15781454
0.15607742
0.14997141
0.14391905
0.15104992
0.14591694
0.14399985
0.14521183
0.1444134
0.1410899
0.13743884
0.13634588
0.10120933
0.11284731
0.12571766
0.13860757
0.093807904
0.10582106
0.1178077
0.13178373
0.15793726
0.15846982
0.16161278
0.15653026
0.15890122
0.16122221
0.16118194
0.15184782
0.14563528
0.15363576
0.14827268
0.14614838
0.14759534
0.14687132
0.14405298
0.14026493
0.13901081
0.10360871
0.11669768
0.12953694
0.14196989
0.13599952
0.16785722
0.1625915
0.19521019
0.21242145
0.19781551
0.22069242
0.24978086
0.23834901
0.26511698
0.29241158
0.27404742
0.10119958
0.12328647
0.13126033
0.085655934
0.10533937
0.12675417
0.13645722
0.1362833
0.13713022
0.14394095
0.13600126
0.15774428
0.20915189
0.16622468
0.18058867
0.16945333
0.2200256
0.20017369
0.25766484
0.28544549
0.29080055
0.28933841
0.29580922
0.28508008
0.2903257
0.27748189
0.27789282
0.29065997
0.27616693
0.29216978
0.29449446
0.28070303
0.29442415
0.29408359
0.2930013
0.29374154
0.27569481
0.30182371
0.29617122
0.2979959
0.28390547
0.26315485
0.28738909
0.3041904
0.30195972
0.28786429
0.29368487
0.27625531
0.15800771
0.15135426
0.2879241
0.29283073
0.29410911
0.29441392
0.29398339
0.27529766
0.25618732
0.29624443
0.27461313
0.28027152
0.29547541
0.27521684
0.28778902
0.29173746
0.29464228
0.29475107
0.27258159
0.22152406
0.25478178
0.30023717
0.30641807
0.28987867
0.15342876
0.14683133
0.16433843
0.18819155
0.18212032
0.23967198
0.24212934
0.22141216
0.22885905
0.25027147
0.27212408
0.24900839
0.24867848
0.24995395
0.27606881
0.27634069
0.27984486
0.28028441
0.29416495
0.27130677
0.12534528
0.15072388
0.18018737
0.21225721
0.24645895
0.26473826
0.26604632
0.26704851
0.26460431
0.26893958
0.26900012
0.26130884
0.2569396
0.25653757
0.25409559
0.25165588
0.25336914
0.25037132
0.24583625
0.11882535
0.13990334
0.16773604
0.19615516
0.219729
0.24074023
0.10008117
0.11805203
0.14063749
0.16296099
0.19051818
0.22153168
0.24108733
0.24594247
0.24387019
0.24480971
0.24484257
0.2442737
0.24134425
0.23416184
0.23432662
0.22944186
0.22720927
0.22915918
0.22539351
0.22003474
0.097025194
0.11282126
0.13051302
0.15260797
0.17420656
0.19458164
0.21287353
0.095184203
0.10994813
0.12905036
0.14783517
0.17135054
0.19824392
0.22353913
0.22437961
0.2264621
0.22695065
0.22589705
0.22685991
0.22075832
0.21963157
0.21657406
0.2136762
0.21076787
0.21163203
0.20929944
0.20629029
0.19864014
0.10813872
0.12398251
0.1408846
0.15830304
0.17651389
0.19495356
0.090090076
0.10330426
0.11889397
0.13531771
0.15516374
0.17913716
0.20395787
0.20424944
0.20592846
0.20888754
0.20696845
0.20843819
0.20046012
0.20043165
0.19759551
0.19436827
0.19215488
0.19394793
0.19083797
0.18882157
0.18015811
0.10173673
0.11519235
0.12897283
0.14439839
0.16074713
0.17752454
0.099097732
0.1110151
0.12541012
0.14204638
0.16050363
0.18993135
0.19254605
0.19070575
0.19193531
0.1962475
0.19127799
0.19012858
0.18133429
0.18746833
0.1821812
0.17931569
0.17961996
0.17960414
0.17641477
0.17155591
0.16579219
0.10942195
0.1206313
0.133504
0.14919043
0.16607647
0.093631122
0.10396259
0.11671348
0.13077547
0.14735082
0.17344904
0.17611072
0.17414006
0.17535334
0.1813271
0.17676364
0.17414837
0.165633
0.17255344
0.16697251
0.16339751
0.16358056
0.16492552
0.16118046
0.15669238
0.15205684
0.10219791
0.11228472
0.12456839
0.13838039
0.15317484
0.099122698
0.110733
0.1236284
0.13887341
0.16559464
0.16639032
0.1705957
0.16554159
0.16750181
0.16982914
0.16802845
0.16120986
0.15473821
0.16270993
0.15685483
0.15463509
0.15596166
0.15500534
0.15123039
0.14716996
0.14601631
0.10820065
0.12062193
0.13456273
0.14859044
0.096348679
0.10842474
0.12068796
0.13501487
0.16169776
0.16225258
0.16538389
0.16031735
0.1626815
0.16491028
0.16496227
0.15550625
0.14922693
0.15756446
0.15175869
0.1495118
0.15088564
0.15010711
0.1472131
0.14336478
0.14206912
0.10612915
0.11927824
0.13231974
0.14502426
0.11105395
0.12462093
0.1381457
0.16860353
0.16589335
0.16870329
0.16931687
0.16537639
0.16950379
0.16407844
0.16658891
0.15595759
0.151419
0.15882256
0.15401743
0.15417672
0.15376994
0.15242597
0.15000816
0.14623253
0.14732952
0.12549424
0.14013044
0.15372605
0.14298337
0.17561045
0.18630473
0.17504164
0.20250642
0.2339703
0.21348122
0.21463382
0.26479494
0.27658989
0.2513423
0.30013585
0.30463627
0.28284687
0.10858686
0.14432066
0.13600902
0.11203416
0.14443411
0.15726441
0.14869836
0.16607001
0.17187306
0.16425034
0.1787481
0.16349358
0.21302445
0.23534299
0.26590901
0.27826917
0.29601802
0.29618627
0.27799712
0.28658539
0.26240714
0.27410839
0.27264459
0.27622656
0.27436423
0.28763203
0.27798102
0.27534477
0.28162948
0.28366194
0.27248289
0.28061422
0.2947971
0.29028452
0.28498422
0.27630495
0.27653778
0.29674241
0.29629666
0.28715763
0.2765935
0.28579767
0.27377407
0.29176088
0.29552665
0.3010445
0.29870198
0.29441164
0.29027312
0.28710437
0.27887066
0.27761067
0.28960322
0.29460744
0.29154167
0.290896
0.28475583
0.27833897
0.29296835
0.28721439
0.27713647
0.29494346
0.28878911
0.27700072
0.29177441
0.2930307
0.29496354
0.29446444
0.28997112
0.27673723
0.22866045
0.26061899
0.30494725
0.29921952
0.29130151
0.17391452
0.16302511
0.20257225
0.21573915
0.19923183
0.25232309
0.26447037
0.23486836
0.27548114
0.28224712
0.28877684
0.25958343
0.25596994
0.21863279
0.27080397
0.2848652
0.28609104
0.29447375
0.29158589
0.27477854
0.13394639
0.16238868
0.19076796
0.22417662
0.25683392
0.26941941
0.27022515
0.27305728
0.26888711
0.27524152
0.27535197
0.26720369
0.26300242
0.26337719
0.26052625
0.25903102
0.26013495
0.25731689
0.25334539
0.12806428
0.15046627
0.17865751
0.20532239
0.22883965
0.24721411
0.10624956
0.12393914
0.14726119
0.17027986
0.19838779
0.22846804
0.25248466
0.25251099
0.2538886
0.25607436
0.25330729
0.25644444
0.25097473
0.24799505
0.24536026
0.24283594
0.23989352
0.24038933
0.23800533
0.23497129
0.22738606
0.12184704
0.14123563
0.16190936
0.18276914
0.20382319
0.2236666
0.10025072
0.11595084
0.13471
0.15452379
0.17811851
0.20568701
0.23145582
0.23138963
0.23288767
0.23691798
0.23393524
0.23682754
0.22871722
0.22746524
0.2246057
0.22109969
0.21864553
0.22045205
0.21704125
0.21481739
0.20539195
0.11409589
0.13022327
0.14674703
0.16497953
0.18393577
0.2026571
0.11042376
0.12457398
0.14182773
0.16184184
0.18365766
0.21572039
0.21897586
0.21617604
0.2172895
0.2233544
0.21639958
0.21709467
0.20744111
0.21230753
0.2067354
0.20384247
0.20438517
0.20441483
0.20084545
0.19537367
0.1889626
0.12265062
0.13601429
0.15141321
0.16998851
0.18944641
0.10341521
0.11543758
0.13038853
0.14696773
0.16651663
0.19716285
0.20015933
0.19770197
0.1989956
0.20580724
0.2003241
0.1975179
0.18776374
0.19506922
0.18912095
0.18520444
0.18538596
0.18676312
0.18230841
0.17698448
0.17157958
0.11335735
0.12512416
0.13945848
0.15568372
0.17293641
0.10890823
0.12201644
0.13673391
0.15429184
0.18503237
0.1860755
0.19066796
0.1849438
0.18718279
0.18950994
0.18749009
0.17968694
0.17244466
0.18146398
0.17489035
0.1720871
0.17374362
0.17250479
0.16803582
0.16325507
0.16193741
0.11906583
0.13309473
0.14904541
0.16504381
0.10278477
0.11563877
0.12892719
0.1445236
0.17359361
0.17434456
0.17760163
0.1720237
0.17462795
0.17680969
0.17696289
0.16656741
0.15991653
0.16890317
0.16259514
0.15998876
0.16148546
0.16055945
0.15729463
0.15305971
0.15169278
0.11307158
0.12714396
0.14126529
0.1550268
0.11388591
0.12778977
0.14177844
0.17291175
0.1701689
0.17303419
0.17361771
0.16975547
0.17381624
0.16831359
0.17086317
0.16013255
0.15550873
0.1632489
0.15796085
0.15812087
0.15757874
0.1561605
0.15363066
0.14983254
0.15091694
0.12847278
0.14339499
0.15730228
0.11772381
0.13106494
0.14425274
0.17855453
0.17406523
0.17693275
0.17662495
0.17217794
0.17765793
0.17053532
0.1747237
0.16319514
0.15783246
0.1657031
0.16027537
0.16083822
0.15988316
0.15945902
0.15741856
0.15236368
0.1536093
0.13343875
0.14848026
0.16102416
0.1548453
0.19627509
0.19177412
0.24366115
0.22795318
0.21325596
0.27017338
0.28630377
0.26470912
0.30426347
0.3074178
0.30687785
0.2887325
0.11949645
0.15221233
0.14649873
0.16636845
0.17731034
0.16246705
0.182221
0.17361617
0.18744542
0.20137776
0.24047456
0.28690858
0.29431617
0.29536973
0.27074294
0.25099947
0.2572517
0.26730406
0.25093965
0.26573756
0.26203919
0.26792035
0.2702022
0.25998388
0.27191357
0.28713279
0.26229231
0.27700301
0.29154677
0.28644571
0.28171709
0.26545831
0.27281857
0.28846265
0.27529407
0.27379809
0.28204527
0.28179387
0.29692435
0.2975776
0.29463316
0.28835101
0.28739094
0.27816238
0.26786817
0.2698711
0.2762558
0.29317516
0.28712732
0.27854641
0.2775042
0.28694887
0.26993916
0.27473364
0.28026051
0.28000663
0.27564787
0.29441631
0.29493367
0.29263816
0.2854268
0.27720509
0.22574977
0.26664489
0.30713153
0.28958076
0.28865919
0.18654594
0.17835145
0.20165918
0.22798357
0.21421517
0.26848899
0.27734858
0.24566754
0.28301606
0.28458457
0.29330404
0.26765371
0.2692504
0.22826107
0.27836041
0.28979554
0.28850744
0.29161648
0.28754295
0.28881411
0.27695461
0.14140916
0.17110253
0.20007741
0.23298338
0.26273593
0.27527224
0.27224018
0.27068454
0.27902771
0.26943622
0.28073112
0.27842073
0.26803951
0.26748663
0.26736049
0.26634575
0.26607515
0.2645147
0.26263146
0.25826797
0.13920925
0.16422146
0.19039334
0.21542161
0.23832948
0.25561164
0.11239596
0.13133553
0.15433578
0.17850751
0.20632999
0.2364003
0.25958244
0.25862341
0.25928657
0.26466697
0.25992092
0.26508883
0.25833585
0.25493482
0.25267382
0.24986267
0.24746964
0.24862561
0.24531225
0.24311209
0.23423478
0.12918125
0.14897892
0.16912336
0.19070074
0.21217203
0.23161269
0.12439893
0.14143615
0.16214031
0.18564389
0.21032807
0.24248791
0.24602196
0.24250345
0.24344745
0.25047352
0.24256776
0.24492481
0.23537872
0.23873549
0.23350926
0.23049742
0.23085695
0.23065952
0.22693911
0.2212483
0.21466676
0.13908119
0.15506774
0.17314122
0.19438086
0.21535261
0.11554555
0.12990425
0.147932
0.16787641
0.19085097
0.22347462
0.22710715
0.22364304
0.22478686
0.23338288
0.22597774
0.2251339
0.21471332
0.22050711
0.214401
0.21040962
0.2108124
0.21235235
0.20746472
0.20154515
0.19566191
0.12737817
0.14148613
0.15865214
0.17779909
0.19735778
0.12127359
0.13670769
0.15409664
0.17476845
0.2097423
0.21105507
0.21597471
0.20948224
0.21173111
0.21457451
0.2116682
0.20372324
0.1956116
0.20497028
0.19808192
0.19507393
0.19676939
0.19520065
0.19001419
0.18451011
0.18303055
0.13315904
0.14961698
0.16831633
0.18663953
0.11279068
0.12728009
0.14250433
0.16043308
0.19356803
0.19459222
0.19802876
0.19173224
0.19466966
0.19681188
0.19694787
0.18526888
0.17791607
0.1876501
0.18096104
0.17771847
0.17954661
0.17835431
0.17451163
0.16958307
0.16803508
0.12427879
0.14024844
0.15640738
0.17199955
0.12180925
0.13702286
0.15243195
0.18634848
0.18323305
0.18651072
0.18693637
0.18284166
0.18707908
0.18105414
0.18366973
0.17228379
0.16741498
0.17569446
0.16971126
0.1699811
0.16921294
0.16764857
0.16479851
0.16069414
0.16195489
0.13761151
0.15390741
0.16896155
0.12036991
0.1340537
0.14768278
0.18250464
0.17803041
0.18093071
0.18060795
0.17626106
0.18167183
0.17447945
0.17871251
0.16709926
0.16167141
0.16983654
0.16395904
0.16450566
0.16342895
0.16292528
0.16077838
0.15572421
0.15696161
0.13623852
0.15154102
0.16435345
0.140417
0.15364545
0.18809302
0.18666036
0.18162176
0.18526039
0.1811127
0.18322181
0.1846649
0.1745105
0.17923439
0.16870886
0.16795119
0.17101481
0.16766858
0.16774589
0.16705591
0.16745463
0.16248173
0.16019388
0.16536788
0.15668027
0.1720222
0.1641257
0.22736717
0.20297788
0.2527876
0.26438526
0.23874131
0.27699264
0.29406037
0.30138179
0.2728919
0.30646373
0.29995041
0.28984175
0.1272188
0.19121376
0.17622838
0.18713491
0.20288471
0.25411205
0.29558689
0.28784005
0.26863814
0.23219406
0.23497512
0.21208188
0.25979022
0.2522516
0.22889625
0.20815111
0.24888507
0.25951349
0.22221957
0.25659135
0.24464276
0.22754517
0.26020313
0.27953857
0.24142936
0.22508527
0.26883777
0.27613138
0.25297185
0.23438932
0.26531477
0.28581463
0.26229971
0.26148488
0.24639644
0.27298201
0.27627203
0.28775721
0.29895469
0.29905603
0.27053777
0.2549781
0.27706675
0.27144202
0.25492129
0.2558775
0.24056621
0.26839362
0.29329319
0.28032054
0.26220635
0.2453859
0.26615153
0.2573054
0.23870842
0.26640326
0.26857282
0.27019442
0.25229924
0.26851088
0.29438174
0.29433609
0.29056782
0.28924691
0.27580456
0.26166023
0.27417061
0.23607703
0.20181009
0.27246628
0.25691124
0.28205417
0.21434626
0.19610114
0.24557828
0.25758677
0.22862029
0.27270006
0.28958131
0.25586072
0.28256779
0.29566399
0.29460178
0.27329878
0.27347336
0.24674014
0.23453089
0.28684865
0.27895131
0.27954792
0.26962388
0.27463718
0.15102278
0.18042221
0.21053392
0.24198252
0.26949807
0.27719218
0.27330171
0.2709258
0.28058805
0.26924712
0.28269011
0.28157608
0.26932558
0.26951344
0.27020869
0.26991399
0.26927928
0.26765333
0.26625531
0.26275877
0.14876589
0.17436629
0.19960749
0.22477584
0.24661126
0.26124099
0.14169462
0.16259064
0.1875692
0.21470577
0.24069267
0.26614299
0.26944852
0.26494109
0.26493843
0.27282923
0.26388629
0.27011821
0.26289425
0.26121746
0.25884419
0.25671609
0.25648181
0.2556585
0.25251033
0.24777099
0.24236639
0.15974825
0.17910255
0.20017463
0.22326485
0.24289725
0.13065276
0.14796239
0.16944827
0.19270602
0.21832841
0.24979746
0.25357851
0.24946031
0.25030398
0.2594038
0.25122004
0.25255229
0.24266887
0.24645936
0.2410371
0.23709743
0.23727081
0.23846647
0.23356385
0.22757648
0.22173323
0.14486891
0.16167038
0.18169547
0.20322117
0.22363565
0.1368112
0.15542171
0.1761057
0.19999797
0.23557411
0.23734042
0.24255406
0.23505131
0.23704341
0.24163149
0.2368165
0.23111924
0.22268108
0.2302749
0.22364951
0.2206859
0.22246832
0.22074994
0.21521123
0.2093704
0.20794316
0.15106474
0.17059376
0.19215281
0.21195411
0.12572918
0.14279572
0.16082611
0.181824
0.21894871
0.22026011
0.2237918
0.21677059
0.21969692
0.22231415
0.22166541
0.20978501
0.20166378
0.21144345
0.20476947
0.20126681
0.20313106
0.20162338
0.19720997
0.1916181
0.18987939
0.1391642
0.15795092
0.17678922
0.19438489
0.13452504
0.15208874
0.16986042
0.20789114
0.20441065
0.20815515
0.20838881
0.20396141
0.20832123
0.20175895
0.20426727
0.19212139
0.18680145
0.19563111
0.1889868
0.18937283
0.18821302
0.18655785
0.18321213
0.17858899
0.1800805
0.15261889
0.17121859
0.18796092
0.12839133
0.14336107
0.15830065
0.19577947
0.19089139
0.19419103
0.1936017
0.18897821
0.19465754
0.18679557
0.19125278
0.17910747
0.17342974
0.18196129
0.17538035
0.1760953
0.17475485
0.17431851
0.17192358
0.16647263
0.16787741
0.1455938
0.16220181
0.17588157
0.14380685
0.15751638
0.19253014
0.19108413
0.18617205
0.18979031
0.18561098
0.1878092
0.18917895
0.17897832
0.18368966
0.17312331
0.1722325
0.1755156
0.1718124
0.17195092
0.1711083
0.17151065
0.16639138
0.16410564
0.16923878
0.16033785
0.17587465
0.14755317
0.16158992
0.19705708
0.19578993
0.18967488
0.19267818
0.18862256
0.19071895
0.19220215
0.18199407
0.18767582
0.17667666
0.17579967
0.17802245
0.1745067
0.17454235
0.17396844
0.17578937
0.16923874
0.1676542
0.17302503
0.1648061
0.18072777
0.17776611
0.23781954
0.2159541
0.24732949
0.27270464
0.25169171
0.28757259
0.30365478
0.28053795
0.30102279
0.29436046
0.29108977
0.28948031
0.21481515
0.19541704
0.29378875
0.29295419
0.2640011
0.24112887
0.1983277
0.1887345
0.24669828
0.23876006
0.22427536
0.18604578
0.17594273
0.23157084
0.24312973
0.20436199
0.24238448
0.23283137
0.21678345
0.20454495
0.24714433
0.26305156
0.23984016
0.22197304
0.21496288
0.25559992
0.21778019
0.25516968
0.26588661
0.24911287
0.23092799
0.25505631
0.28154513
0.29472358
0.29840198
0.29678615
0.23433065
0.26036353
0.24937573
0.2342105
0.24099305
0.21129197
0.25864369
0.27350056
0.21788409
0.22668027
0.25321244
0.25929272
0.2146409
0.25557346
0.2577817
0.23513575
0.23347305
0.25621571
0.2966531
0.29280942
0.28490423
0.29686424
0.28170521
0.25053084
0.26844305
0.21381263
0.26214412
0.24634216
0.24058758
0.27182671
0.21002272
0.26872974
0.24022443
0.29391555
0.26456621
0.28873612
0.29587025
0.29097094
0.27605183
0.26092289
0.24826597
0.27053362
0.26759076
0.24962257
0.26897353
0.16450794
0.19101318
0.22120244
0.25049792
0.27182526
0.27054261
0.27315028
0.2661979
0.26298533
0.27361673
0.26120077
0.27895504
0.27948101
0.26235793
0.26750297
0.26905512
0.26791778
0.26597195
0.2653717
0.26492319
0.2646385
0.18777345
0.21148132
0.23496863
0.25544439
0.26396983
0.14947284
0.17064492
0.19625012
0.22257705
0.24861108
0.27054834
0.27367453
0.26885535
0.26849507
0.27684695
0.26798492
0.27489195
0.26838944
0.26549397
0.26407291
0.26171684
0.26120849
0.26105863
0.2573797
0.25281561
0.24847493
0.16688239
0.18701255
0.20990672
0.23235727
0.24980941
0.15606705
0.17807279
0.20179475
0.22758075
0.25871854
0.26072477
0.26508038
0.25792618
0.25903764
0.2649801
0.258541
0.25693668
0.24928067
0.25363369
0.2487745
0.24598372
0.24707271
0.24514226
0.23997626
0.23456694
0.23331223
0.17281707
0.19524471
0.21840508
0.23698578
0.1422533
0.16284938
0.18421818
0.20812797
0.24440979
0.24613288
0.24983096
0.24213439
0.24468159
0.24891907
0.24628206
0.23726492
0.22909095
0.2367053
0.23059981
0.22722929
0.22906111
0.22739817
0.22276113
0.21696985
0.21529647
0.15837738
0.18057524
0.20184618
0.22013569
0.15139744
0.17212786
0.19262472
0.23332964
0.22975793
0.23384653
0.23406209
0.22908416
0.23309482
0.22721505
0.22873789
0.21712985
0.21133566
0.2199174
0.2134124
0.21369275
0.21230953
0.21030035
0.20654193
0.2015286
0.20315462
0.17257299
0.19365149
0.2115029
0.14175364
0.15904107
0.17616279
0.21745149
0.21219252
0.21593185
0.21501377
0.21003382
0.21586605
0.2073124
0.21184311
0.19919156
0.19306105
0.20187517
0.19454461
0.19557332
0.19374988
0.19354737
0.19076527
0.18467165
0.18628214
0.16144844
0.1802076
0.19510752
0.15448455
0.16950485
0.20687939
0.20525138
0.20005592
0.20400223
0.19926233
0.20171215
0.2029441
0.1923177
0.19701468
0.18628034
0.18533344
0.18840304
0.18430523
0.18457292
0.18363265
0.18419262
0.17858579
0.17615856
0.18165561
0.17236316
0.18875203
0.15075008
0.165209
0.2010505
0.19977958
0.19383598
0.19680795
0.1927379
0.19492274
0.19634617
0.18611293
0.19176677
0.18076069
0.17976015
0.18218008
0.17831986
0.17840037
0.17769932
0.17949515
0.17285485
0.17126331
0.17658169
0.1682083
0.18423321
0.17329683
0.2039749
0.20579637
0.20207097
0.19870645
0.19927926
0.19462369
0.20000139
0.19922798
0.18841237
0.19134842
0.18529032
0.18925197
0.18431754
0.18238841
0.182143
0.18359837
0.18152379
0.17629825
0.17894375
0.18608989
0.1917979
0.24808172
0.25876486
0.22892342
0.2863672
0.29402078
0.26240125
0.30580311
0.30530783
0.28583982
0.2941226
0.28366943
0.28215939
0.26972004
0.28623947
0.2272237
0.20976017
0.29762297
0.29127127
0.25133733
0.23026312
0.18502534
0.16060515
0.15890039
0.2244777
0.21583582
0.13681529
0.2073372
0.20431258
0.15972538
0.15310336
0.12287799
0.20461068
0.16651591
0.14194178
0.21355177
0.20228718
0.19745045
0.18884426
0.16547275
0.22937653
0.28236544
0.22459805
0.19992525
0.19429298
0.16581052
0.225338
0.19520974
0.17146779
0.23725431
0.28542382
0.2505723
0.19639723
0.16451462
0.21901511
0.28923244
0.29289614
0.29936108
0.210152
0.17394824
0.23980902
0.21994133
0.25167955
0.21848357
0.19642126
0.17080426
0.23339737
0.19977038
0.20664729
0.17005042
0.22836741
0.24101004
0.2488099
0.20099198
0.17397331
0.23373329
0.2128839
0.21368147
0.18442657
0.24310032
0.2954411
0.27287781
0.29526016
0.29527732
0.27208933
0.23590795
0.21622397
0.25442605
0.21983101
0.21770477
0.19046387
0.25498331
0.25952315
0.22607241
0.27982638
0.28686236
0.25287841
0.29203447
0.29488112
0.2725134
0.28689328
0.27618247
0.27541022
0.24390969
0.26874584
0.26383874
0.25727896
0.25771344
0.23635897
0.21632983
0.24944075
0.17473926
0.2013472
0.23146656
0.25831017
0.27674795
0.26548706
0.26690282
0.26073364
0.25680485
0.26359819
0.25243624
0.27451755
0.27816132
0.25621722
0.26465465
0.26769183
0.26613753
0.26268784
0.26338564
0.26421135
0.26539515
0.19692241
0.22097898
0.24489524
0.26171705
0.26386582
0.18032841
0.20615451
0.23197363
0.2559911
0.26971317
0.27187556
0.27339653
0.26827687
0.26657536
0.27542554
0.26517671
0.27488248
0.27040004
0.26522559
0.26644228
0.26504483
0.26417802
0.26216042
0.25917768
0.25608274
0.25509295
0.19997471
0.22441727
0.24553429
0.25626214
0.16261761
0.18681692
0.21098089
0.23595363
0.26506598
0.26692735
0.2698574
0.26312775
0.26428296
0.27000746
0.26466928
0.26200709
0.25491874
0.25857473
0.25471825
0.25175779
0.25268331
0.2507796
0.24660482
0.24153771
0.24009083
0.181474
0.20652337
0.22833659
0.24408398
0.17282416
0.19688549
0.21929356
0.25610689
0.25304809
0.25723837
0.25799563
0.25225548
0.2552273
0.25255308
0.25163566
0.24363936
0.23791137
0.24413253
0.23863708
0.23869674
0.23721944
0.2349857
0.23116698
0.22642309
0.22808815
0.19711835
0.21939491
0.2358146
0.15982774
0.18012957
0.19962627
0.24248938
0.23744257
0.24140215
0.2404804
0.23506732
0.2403444
0.2327395
0.23613792
0.22449827
0.21793836
0.22623241
0.21920705
0.22010439
0.21808728
0.21765092
0.21455723
0.20806949
0.20973101
0.18268854
0.20345873
0.21877084
0.17203379
0.18898904
0.22901919
0.22724754
0.22193479
0.22617293
0.22091394
0.22344599
0.22439567
0.21364529
0.21806848
0.20734861
0.20620719
0.20873314
0.20466841
0.20486493
0.20382611
0.20444114
0.198318
0.19568037
0.20154592
0.19188433
0.20913073
0.16146869
0.17714038
0.21483594
0.21340489
0.20723384
0.21033302
0.20591187
0.20814519
0.20959851
0.19910818
0.20464526
0.19369881
0.19262449
0.19460031
0.19036664
0.19048854
0.18996095
0.19187062
0.18484249
0.18314049
0.18872749
0.18012456
0.19677204
0.17727212
0.20846964
0.21014982
0.2065397
0.20329492
0.2038097
0.19913277
0.20456741
0.20370343
0.19297847
0.19588962
0.18981079
0.1934553
0.18878347
0.18667185
0.18644808
0.18794078
0.18582046
0.1804353
0.18300256
0.1900404
0.19572744
0.18302956
0.21201888
0.21393404
0.21015097
0.20670754
0.20792611
0.20417985
0.20802767
0.20783065
0.19757754
0.19927221
0.19356343
0.19828687
0.19204667
0.189971
0.18941417
0.19090067
0.18873592
0.18319855
0.1866141
0.19554894
0.20132229
0.26728056
0.24196402
0.29847546
0.29881379
0.27216226
0.30279609
0.30266403
0.28898451
0.28518262
0.30110778
0.29002186
0.2596903
0.27958274
0.25551043
0.29538794
0.28443884
0.21026516
0.14581478
0.12937807
0.10833928
0.1980247
0.19025037
0.099604852
0.1209098
0.18104745
0.19041912
0.16684758
0.10259128
0.1708204
0.16133854
0.13561772
0.11945193
0.18619088
0.18184845
0.1675103
0.12974853
0.20814663
0.27623521
0.20331869
0.17681836
0.12831682
0.19632124
0.14392369
0.14936373
0.22000617
0.27411614
0.22974098
0.16129448
0.12793666
0.10206513
0.18052132
0.27826839
0.27875947
0.14508833
0.21443857
0.23810511
0.1993786
0.1393438
0.21544563
0.17438815
0.14799501
0.12457863
0.20437012
0.2130174
0.22160258
0.1485245
0.21413838
0.19580058
0.19648313
0.17104885
0.16623172
0.22659237
0.26787477
0.29633457
0.28917954
0.19483696
0.23882199
0.20348605
0.20116153
0.15270642
0.23609224
0.27352131
0.2377638
0.28101455
0.29326553
0.26251222
0.2949819
0.29637843
0.27688476
0.29001627
0.26563273
0.26839116
0.24618629
0.27926276
0.23579035
0.23865851
0.22162812
0.19950857
0.17597497
0.22893263
0.21293083
0.24194066
0.26516417
0.27635369
0.24348564
0.24579473
0.24145346
0.24088997
0.23308303
0.24822639
0.23018182
0.26480096
0.26817473
0.24120366
0.25474142
0.25735157
0.25236866
0.25069937
0.25383746
0.25716574
0.25629782
0.2351954
0.25684292
0.26409172
0.25025649
0.18816807
0.21607766
0.24139159
0.26270224
0.26848752
0.27027863
0.27119024
0.26779466
0.26508814
0.27406889
0.26243051
0.27631136
0.27289647
0.26543592
0.26853114
0.26749915
0.26600284
0.26392385
0.26180005
0.2596155
0.25856991
0.20987793
0.23587918
0.25315565
0.25873367
0.19795145
0.22406115
0.24553236
0.26880079
0.26761888
0.27070796
0.27234745
0.26667059
0.26681412
0.27056981
0.26544812
0.26527929
0.26020819
0.26223725
0.25969269
0.25879717
0.25713909
0.25480187
0.25159778
0.24816018
0.24902527
0.22376383
0.24340721
0.25323721
0.18291864
0.2060758
0.22674067
0.26285039
0.25915619
0.26292749
0.26291358
0.25714152
0.26080374
0.25715066
0.25764022
0.25031921
0.24413226
0.24978869
0.24408527
0.24460567
0.2425588
0.24171772
0.2385686
0.23269169
0.23430131
0.20850074
0.2292874
0.24213251
0.19479968
0.21328237
0.25227126
0.25054354
0.24591491
0.25023738
0.24552684
0.24696795
0.24752504
0.23867589
0.24167777
0.23242605
0.2307685
0.23299762
0.22929891
0.22919906
0.22793376
0.22799636
0.2219259
0.21925455
0.22486766
0.21583936
0.23221163
0.17955321
0.19696436
0.2363892
0.23484767
0.22872694
0.23202447
0.22722624
0.22919613
0.23056758
0.22031249
0.22536297
0.21481509
0.21350548
0.21468686
0.21029119
0.21023194
0.21016904
0.2120344
0.2046641
0.20279576
0.20856907
0.19987951
0.21693051
0.19041504
0.22278058
0.22440659
0.22071399
0.21722789
0.21790815
0.2130903
0.21835285
0.21745297
0.20696352
0.20939747
0.20377471
0.20721691
0.20193179
0.19962185
0.19952824
0.20139087
0.19916483
0.19344392
0.19603336
0.20324989
0.20919492
0.18663948
0.21599344
0.21777195
0.21411726
0.21080416
0.21194035
0.20817877
0.21210142
0.21182464
0.20168208
0.20337639
0.19765887
0.20203181
0.19609136
0.19384416
0.1933126
0.19482216
0.19262906
0.18697832
0.19028307
0.19903357
0.20477115
0.21901716
0.22279152
0.22109217
0.21744345
0.21636603
0.21675488
0.21240418
0.21690184
0.21234794
0.20571446
0.20537598
0.20525569
0.20941702
0.20058983
0.19813252
0.19856537
0.19828071
0.19450775
0.19353942
0.20058222
0.20993577
0.28731173
0.25456188
0.30276149
0.30296304
0.2793989
0.27960456
0.28521813
0.27654088
0.29639307
0.29182407
0.2416739
0.21802058
0.26033608
0.28979412
0.1870991
0.14322156
0.091371372
0.077404983
0.054050907
0.14784625
0.14491954
0.044279347
0.14345625
0.070986224
0.084963178
0.034978299
0.12851809
0.1599905
0.15376003
0.062075698
0.022626776
0.12361531
0.096448799
0.078596884
0.040266219
0.15084199
0.16896989
0.088774441
0.055717393
0.17727512
0.26140883
0.16088133
0.09030678
0.048524196
0.13400664
0.10649498
0.11261576
0.079663813
0.18649932
0.21764782
0.089299147
0.074997516
0.022403036
0.14564236
0.099426283
0.058391615
0.18785949
0.22912378
0.18876574
0.1040536
0.073742276
0.17318533
0.1701971
0.10993491
0.096929301
0.057302029
0.17111666
0.20166342
0.21892125
0.12599555
0.093229976
0.18680377
0.17245077
0.14024468
0.13653454
0.10975095
0.20077876
0.25159576
0.297248
0.15440956
0.12479247
0.19675793
0.19534621
0.17558197
0.18031886
0.1093249
0.072758061
0.2025373
0.28800124
0.29849673
0.27403443
0.29193488
0.28293648
0.27691771
0.24268426
0.21669332
0.24446081
0.27848459
0.21299298
0.24091125
0.18010751
0.15891894
0.12807665
0.087252677
0.17852146
0.2224115
0.25204784
0.27172852
0.2759033
0.22475312
0.2261037
0.22354325
0.22711669
0.21683583
0.23218104
0.20898875
0.25646848
0.26153574
0.23030164
0.24651768
0.25031605
0.24378674
0.24173489
0.2447615
0.2497298
0.2490751
0.24552104
0.26413972
0.26178838
0.23931375
0.22762333
0.25200726
0.26591463
0.25420785
0.25730342
0.25769096
0.26153058
0.2563647
0.25057399
0.26846954
0.25405492
0.272119
0.2689271
0.26083703
0.26560555
0.26280085
0.26121706
0.2591028
0.25775533
0.25777156
0.25594157
0.25016438
0.25808294
0.2509915
0.20935496
0.23349377
0.2520038
0.26956467
0.2695805
0.27175888
0.27358246
0.26850026
0.26800418
0.27269541
0.2674027
0.26943571
0.26434396
0.26531171
0.26336167
0.2625795
0.26054973
0.25895049
0.25628159
0.25261866
0.25311715
0.23503056
0.25095904
0.25618901
0.22103444
0.23889873
0.26743447
0.26608752
0.26372378
0.26765431
0.26542433
0.26405977
0.2642375
0.26085449
0.26063277
0.25579655
0.25334159
0.25464661
0.25197233
0.25127271
0.2496939
0.24865752
0.2437827
0.24166533
0.24582636
0.24020504
0.25141351
0.20302581
0.22149472
0.25814672
0.25670144
0.25180495
0.2551179
0.25107469
0.25189302
0.25279583
0.24488765
0.24820799
0.23959639
0.23768999
0.23866633
0.23462382
0.23427859
0.23404816
0.2350649
0.22813394
0.22625362
0.23145714
0.22385114
0.23914967
0.21115717
0.24383747
0.24519979
0.2417367
0.23832439
0.23928685
0.23451938
0.23885316
0.23815283
0.22855442
0.23008745
0.22523838
0.22803302
0.2222431
0.21982029
0.2197474
0.22196253
0.21956376
0.21381077
0.21627373
0.22337002
0.2293992
0.19949606
0.22938633
0.23113311
0.22730138
0.22382522
0.22528158
0.22154599
0.22496518
0.22480467
0.21518543
0.21628886
0.21112325
0.21516679
0.2088079
0.20634582
0.20580999
0.20766927
0.20536186
0.19960483
0.20282042
0.21164825
0.21753003
0.22324123
0.22683248
0.22516972
0.22167185
0.22064688
0.22092131
0.21663054
0.22114853
0.21667442
0.21013618
0.20978129
0.2095244
0.21326026
0.20491957
0.20239067
0.2028853
0.20267482
0.19889676
0.19765532
0.20445755
0.21349597
0.22736462
0.23191756
0.22946466
0.22579686
0.22471515
0.22679068
0.22426527
0.22522625
0.22055028
0.21629673
0.21529188
0.21380275
0.2184512
0.21036041
0.2060355
0.20626074
0.20592184
0.20200961
0.20157702
0.20949508
0.22074893
0.29427434
0.26424457
0.30293306
0.29991348
0.28378286
0.26495923
0.27902562
0.26504322
0.29021983
0.2806659
0.27731532
0.2448676
0.18706408
0.24034381
0.19838092
0.11791421
0.04366269
0.0097028934
0.013834784
0.097861631
0
0.096662221
0.00083633804
0.10654845
0.080626774
0
0.088311958
0.12869844
0.11855427
0.03756778
0
0
0.074685733
0.082507787
0.0072970689
0.12077364
0.12401746
0.073601677
0.014663955
0.14917241
0.24153804
0.13879797
0
0.090505951
0.10218582
0.046483901
0.04687861
0.160069
0.097226862
0.0235079
0
0
0.1049335
0.023632709
0.15979838
0.14756248
0.026677777
0.14381861
0.1368355
0.077203974
0.013027926
0.14097002
0.16039076
0.19604006
0.066874506
0.048057364
0.15347033
0.14622618
0.084235391
0.16917126
0.29890586
0.088308934
0.045841472
0.16581768
0.16939973
0.21845176
0.15386662
0.13743862
0.10178244
0.034399293
0.17618068
0.29964266
0.27927061
0.29478349
0.26924382
0.26656336
0.24361924
0.17787815
0.21610369
0.29411811
0.18840609
0.15061244
0.11849389
0.12516762
0.03361373
0.14055786
0.26039148
0.27113729
0.26165012
0.1797631
0.1902068
0.18582124
0.19369635
0.19031623
0.17517396
0.21672304
0.18704771
0.23712028
0.23746959
0.2113742
0.22834019
0.22236524
0.22091483
0.21957688
0.22191699
0.22865988
0.22061758
0.26491245
0.2402429
0.19738814
0.23919576
0.25931723
0.268428
0.24143157
0.24943839
0.2482282
0.25437654
0.25116104
0.24256799
0.26459941
0.24739042
0.26953045
0.26740567
0.25774192
0.26443173
0.26067762
0.25932597
0.25608246
0.25462715
0.25666234
0.25399479
0.25781937
0.25815866
0.24591778
0.24573068
0.25845406
0.26326962
0.26298736
0.26565787
0.2679615
0.27115685
0.26455251
0.26388532
0.27155243
0.26513266
0.26901834
0.26456383
0.26564386
0.26535389
0.26323919
0.26113451
0.25780257
0.25614799
0.25508765
0.25491733
0.25662165
0.25569401
0.22946811
0.2462176
0.26968026
0.26868416
0.26706624
0.27004075
0.26869407
0.26684298
0.26716156
0.26506569
0.26481426
0.26102743
0.25827412
0.25896986
0.25615499
0.25513738
0.25424216
0.25353785
0.24848727
0.24711222
0.25042589
0.24692675
0.25550164
0.23464694
0.26280063
0.26328404
0.26092479
0.2586495
0.26010109
0.25646713
0.25871893
0.25815374
0.25145789
0.25172454
0.24803038
0.24901158
0.24522105
0.24295153
0.24235558
0.2434294
0.24079165
0.23599561
0.23789495
0.24369013
0.2489835
0.22004517
0.24927613
0.25071027
0.247224
0.24364089
0.24570399
0.24221151
0.24421455
0.24458113
0.23622461
0.23638175
0.23207658
0.23519627
0.22881891
0.2262408
0.2253421
0.22762891
0.22516065
0.2196506
0.22259315
0.23099213
0.2367555
0.23665222
0.2401029
0.23833254
0.23482133
0.23368116
0.23447464
0.23040605
0.23418709
0.22990006
0.22416759
0.22320125
0.2232965
0.22643257
0.21825584
0.21547811
0.21610113
0.21600738
0.21222351
0.2108978
0.21748063
0.22626561
0.23096537
0.23527314
0.23290747
0.22940972
0.22838943
0.23028148
0.22775092
0.22887936
0.22432286
0.22007359
0.21908814
0.21751916
0.22170877
0.21410582
0.20979457
0.21006531
0.20978947
0.20589273
0.20520513
0.2128204
0.22362273
0.23699758
0.23861533
0.23982387
0.23679129
0.23446828
0.23416244
0.23727004
0.23214391
0.23202472
0.22786317
0.22549775
0.22476464
0.22510551
0.23011496
0.21797383
0.2149848
0.21484832
0.21235411
0.21093955
0.21442081
0.22567332
0.30040747
0.30117998
0.27928285
0.21878765
0.25108593
0.26414604
0.24357939
0.14104581
0.10212154
0.1932291
0.16429773
0.10004584
0.044302998
0
0
0
0.027360179
0.016788062
0
0
0.035461669
0
0
0.042568073
0.041961733
0
0
0.017966447
0
0
0
0.039246961
0.064844725
0
0
0.082728327
0
0
0.11058685
0
0
0.037013884
0.11676925
0.011049605
0.011449196
0
0.10074537
0.045502856
0.075255851
0
0
0
0.078184893
0
0
0.11735991
0
0
0.096056745
0.10861997
0
0
0.09661254
0.13386528
0.16968984
0.015086316
0.0072840922
0
0.10412116
0.025010571
0
0.11667636
0.043838486
0.011562823
0
0.099551401
0.13653717
0.11402942
0.1193397
0.076303802
0.068839791
0
0
0.12063174
0.2846312
0.20976854
0.23478344
0.20270584
0.075192351
0.14752771
0.15781628
0.13407473
0.087163558
0.041330308
0
0
0.050859071
0.26776146
0.26950773
0.25289538
0.14341104
0.16405113
0.15735213
0.17098925
0.17170522
0.15120168
0.20055394
0.16485103
0.21949818
0.22283603
0.19580447
0.21631133
0.20719941
0.20697002
0.20049554
0.20092942
0.21382578
0.204411
0.25935472
0.2216667
0.17575323
0.26164115
0.26050472
0.21594792
0.21747515
0.23002261
0.22928713
0.24347173
0.22740239
0.22577056
0.2539797
0.23613576
0.25678197
0.2486299
0.24947862
0.25371484
0.24880956
0.24578331
0.23770516
0.2427965
0.24403353
0.2350405
0.25157224
0.22644474
0.25242053
0.26232367
0.25861358
0.25865881
0.26386898
0.2655904
0.26994291
0.2631218
0.26214107
0.27155003
0.26427455
0.26977996
0.26486586
0.26660984
0.26673743
0.26419634
0.26196381
0.2575138
0.25704445
0.25638852
0.25479092
0.25923889
0.2537585
0.25429755
0.26876539
0.26731923
0.26745357
0.26788705
0.27037388
0.26964595
0.26781596
0.26757312
0.26703187
0.26524122
0.26376795
0.26111889
0.26213401
0.26031485
0.258828
0.25714678
0.25439301
0.25210193
0.25273218
0.25522387
0.25838795
0.24253888
0.26613434
0.26648775
0.26444498
0.26213424
0.26452419
0.2621415
0.26235044
0.2628143
0.25750319
0.25675617
0.25351919
0.25429723
0.25087548
0.24847044
0.24669596
0.24784706
0.24517305
0.24093589
0.24304595
0.24934533
0.25407155
0.25522276
0.25777477
0.25604988
0.25302955
0.25179502
0.25347633
0.24986774
0.25249552
0.24888453
0.24425536
0.24268491
0.24281578
0.24464639
0.23792493
0.23472355
0.2351053
0.23491511
0.23129325
0.23037462
0.23609375
0.2437463
0.24322684
0.24721474
0.24472273
0.24133112
0.24025568
0.24271744
0.24043901
0.24075239
0.23667673
0.23320166
0.23173211
0.23038249
0.23381778
0.22678446
0.22222548
0.22241965
0.22208933
0.21828275
0.2177122
0.22494587
0.23518706
0.24043983
0.24198168
0.24310056
0.24020472
0.23804455
0.23776792
0.24055248
0.23559497
0.235758
0.23171383
0.22925709
0.22851564
0.22867729
0.23300604
0.221901
0.2189641
0.21891342
0.21646129
0.21486455
0.21805969
0.2286541
0.24562821
0.24678447
0.24805284
0.24509812
0.24282988
0.24251859
0.24736403
0.24261023
0.2403318
0.23697472
0.23417621
0.23581487
0.23340298
0.23843077
0.22721641
0.2229506
0.22274759
0.22016487
0.21915455
0.22256194
0.23407493
0.25432346
0.26896511
0.17633815
0.22583565
0.23724749
0.12584271
0.046785338
0.16112931
0.015891994
0
0
0
0
0
0
0
0
0
0
0
0
0.0048877936
0.0039414817
0
0
0
0
0
0
0
0.029498088
0
0.048696847
0
0
0
0.081028949
0
0
0.072360646
0
0
0.064514426
0.0049032901
0.037428781
0
0
0
0
0.043160325
0
0.075188498
0
0
0
0.062259839
0.049602292
0
0.051518363
0.098942575
0.097381978
0.0028283121
0
0.054237234
0
0
0
0.078173769
0.0017084075
0
0.059703727
0.081575927
0.026191635
0.011808113
0
0
0
0.083982097
0.14013374
0.19747898
0.16980161
0
0.095724309
0.11469921
0.081527244
0.052015462
0.057058445
0
0.10697465
0
0
0.0053324745
0.24643165
0.21527737
0.092841376
0.096824183
0.12386054
0.11826437
0.14899555
0.12058919
0.11837734
0.17467529
0.14184297
0.1853552
0.17080323
0.17429456
0.18431995
0.17483706
0.16962124
0.15389128
0.16930389
0.17388808
0.15019048
0.19244102
0.12659611
0.26253253
0.25598578
0.19810565
0.19969842
0.21775803
0.21748731
0.23287312
0.21781875
0.2155002
0.24467267
0.22557393
0.24747173
0.23904703
0.24340529
0.24875168
0.24314634
0.23796112
0.22558563
0.23461322
0.23558997
0.22490567
0.2449842
0.21275376
0.25909686
0.2481717
0.24305117
0.24790903
0.25370489
0.25796319
0.26275905
0.25365356
0.25395788
0.26443463
0.25937764
0.26111778
0.25166059
0.26315465
0.2622539
0.25904184
0.25158523
0.24864151
0.25140129
0.24921502
0.24512253
0.2441447
0.25890162
0.26827041
0.26628511
0.26726006
0.26854378
0.27086919
0.27090963
0.26860794
0.26861471
0.26906691
0.26732464
0.26579375
0.2621489
0.26521132
0.26336917
0.26102998
0.25875896
0.25591421
0.25445989
0.25482098
0.2563056
0.25859739
0.26826524
0.26840522
0.26752374
0.26640966
0.26613833
0.26772832
0.26529636
0.26663677
0.26447639
0.26135593
0.26034762
0.25892509
0.25804559
0.25687584
0.25379133
0.25272474
0.25137748
0.24836346
0.24799671
0.25135005
0.25585395
0.26009035
0.26282098
0.26039258
0.25769192
0.25666451
0.25980446
0.2577696
0.25746015
0.25436685
0.25169349
0.25004225
0.24854996
0.25034145
0.24548857
0.24070614
0.24019994
0.23952965
0.23628333
0.23618459
0.24217685
0.2504847
0.2520057
0.25330293
0.25400948
0.25128277
0.24932054
0.24908933
0.25204807
0.24762337
0.24751205
0.2439664
0.24178126
0.24090465
0.24071948
0.24387224
0.23452432
0.23134263
0.23109743
0.22869516
0.22727421
0.23024072
0.23969496
0.24831134
0.24940525
0.25056473
0.24776392
0.24568117
0.24541457
0.24977152
0.24518012
0.24337847
0.24010711
0.23722034
0.23872492
0.2362867
0.24061823
0.23046109
0.22631801
0.22616857
0.22362798
0.22244424
0.22557014
0.2363632
0.25617333
0.25478717
0.25608204
0.25536602
0.25291573
0.25167972
0.25043484
0.25455763
0.24821202
0.24768507
0.24702891
0.24355184
0.24241603
0.24408176
0.24406845
0.2339764
0.23159741
0.22970519
0.22815318
0.22925006
0.23748063
0.20629656
0.079613525
0.15869269
0.11862598
0
0
0.07960994
0
0
0
0
0
0
0
0
0
0
0
0
0
0
0
0
0
0
0
0
0
0
0
0
0
0
0
0.032936212
0
0
0.012436088
0
0
0
0
0.02463125
0
0
0
0
0
0
0.0088133538
0.026829928
0
0
0
0
0
0
0
0.013972561
0
0
0
0
0
0
0
0.070716937
0
0
0
0
0.00076513681
0
0
0
0.0066889236
0
0
0
0
0.045410472
0
0.0040657761
0
0
0
0
0
0.047214946
0
0
0.037239562
0.015718357
0
0
0
0
0
0.23241377
0.19306839
0.056141345
0.059580381
0.095231585
0.091961331
0.1231172
0.098229215
0.09502571
0.14885531
0.1157535
0.15764675
0.14346566
0.15559318
0.16741734
0.15677205
0.14560246
0.12079103
0.14372628
0.14673938
0.12225607
0.16770388
0.093652231
0.23075879
0.17398677
0.16241285
0.17501769
0.19074961
0.19743884
0.21168974
0.19238575
0.19407468
0.2210067
0.21256056
0.21820636
0.19762801
0.22798772
0.22805149
0.22136822
0.20295632
0.19957155
0.21145838
0.20491509
0.19007736
0.18221073
0.2568294
0.24130673
0.23508693
0.24146279
0.24968945
0.25161128
0.25606201
0.24984723
0.24885147
0.25900118
0.25611202
0.25667621
0.24517781
0.26122985
0.2604613
0.25729508
0.24774144
0.24456331
0.24849663
0.24535164
0.23804857
0.23607536
0.26394169
0.25944901
0.2600711
0.26326452
0.26517181
0.26580864
0.26540913
0.26511251
0.26540882
0.26451361
0.26537096
0.26058172
0.2551099
0.26450248
0.26250853
0.25873577
0.25477041
0.25306758
0.25332771
0.25215242
0.25081072
0.27000321
0.26963936
0.26885251
0.26841747
0.26855456
0.27010061
0.26828177
0.26913433
0.26750092
0.26498788
0.26487244
0.26175915
0.26025715
0.26184172
0.25787675
0.2556745
0.25389405
0.25132907
0.2515616
0.2544195
0.25793769
0.26547949
0.26620094
0.26616183
0.26415565
0.26293785
0.26302883
0.26486096
0.26150206
0.26233364
0.25954465
0.25702675
0.25671144
0.25523509
0.25588864
0.25132033
0.24767049
0.24654494
0.24450915
0.24354043
0.24587512
0.2523406
0.25826957
0.25910535
0.2597109
0.25722115
0.25544242
0.25527473
0.25932952
0.25536904
0.25381818
0.25105989
0.24830345
0.2497083
0.24688787
0.24983899
0.24200951
0.23756805
0.23702247
0.23450521
0.2337055
0.23651914
0.24584537
0.2580673
0.25696691
0.258113
0.2574205
0.25520769
0.2541438
0.2530425
0.25641195
0.25048901
0.25048546
0.24963137
0.24606767
0.24511643
0.24626373
0.24593829
0.2372373
0.23485386
0.23291454
0.23136133
0.23226761
0.23975304
0.26397383
0.2623345
0.26374976
0.26318224
0.26080535
0.25964423
0.25841249
0.26228018
0.25612979
0.25566444
0.25536997
0.25225401
0.25078039
0.25115547
0.25101569
0.24196151
0.2394687
0.23745552
0.23580746
0.23675461
0.24580312
0.006125805
0.11666601
0
0
0.030405179
0
0
0
0
0
0
0
0
0
0
0
0
0
0
0
0
0
0
0
0
0
0
0
0
0
0
0
0
0
0
0
0
0
0
0
0
0
0
0
0
0
0
0
0
0
0
0
0
0
0
0
0
0
0
0
0
0
0
0
0
0
0
0
0
0
0
0
0
0
0
0
0
0
0
0
0
0
0
0
0
0
0
0.13250559
0.018158025
0
0.020835258
0.049704754
0.058125302
0.083733514
0.054891764
0.058460637
0.10203942
0.093532325
0.099123992
0.062992877
0.12357295
0.123472
0.1110933
0.076810254
0.072503373
0.095550527
0.082723734
0.053536635
0.036454608
0.21502453
0.15596261
0.14256634
0.15754526
0.17809502
0.17833295
0.18955957
0.18037518
0.17823363
0.2007666
0.19938788
0.20111957
0.17711562
0.21600538
0.21607108
0.21117951
0.18801399
0.18428842
0.19791451
0.18952644
0.16809801
0.15919239
0.22688942
0.21461297
0.21752387
0.22818265
0.23446395
0.23250005
0.23523133
0.23383503
0.23806039
0.23945984
0.24485209
0.23327972
0.2205667
0.24828289
0.24821591
0.2393057
0.23011345
0.23086137
0.2323286
0.22363136
0.21283004
0.26068876
0.25467346
0.25679635
0.26107479
0.26375199
0.26152322
0.25961411
0.26359031
0.26413393
0.26092427
0.26444366
0.25805082
0.25130654
0.26426074
0.26282984
0.25834967
0.25374318
0.2521685
0.25233037
0.24956083
0.24489704
0.2679557
0.2674259
0.26634028
0.26727316
0.26832901
0.26913179
0.26579427
0.2642267
0.26883589
0.2672493
0.26273024
0.26511134
0.26002852
0.25612879
0.26251183
0.25921088
0.25603541
0.25372278
0.25308923
0.2536591
0.25397692
0.26890835
0.26934349
0.26904257
0.26754692
0.26670345
0.26694499
0.26847231
0.26567935
0.26657159
0.2644469
0.26104489
0.26281007
0.25897656
0.25899297
0.25692427
0.25224297
0.25048921
0.24845253
0.24813202
0.25013516
0.25577901
0.26535869
0.26480646
0.26550959
0.26480622
0.26314933
0.26246147
0.2617808
0.26373457
0.25893304
0.25982928
0.25893716
0.25503525
0.25486211
0.25441111
0.25346426
0.24765835
0.2448301
0.24275358
0.24142621
0.24229584
0.24829601
0.26495297
0.26365288
0.26490466
0.26435682
0.26224843
0.26128245
0.26021376
0.26322108
0.25751694
0.25766541
0.25713595
0.25382566
0.25266177
0.25255861
0.2521161
0.24446164
0.24195863
0.23990729
0.23826343
0.23902894
0.24720504
0.27050683
0.27032674
0.27063818
0.27184827
0.26996925
0.26837433
0.26727964
0.26532785
0.26645732
0.26199837
0.2637328
0.2612631
0.25943117
0.2543344
0.25810003
0.25582482
0.24902584
0.24669964
0.24475026
0.24434552
0.24928761
0
0
0
0
0
0
0
0
0
0
0
0
0
0
0
0
0
0
0
0
0
0
0
0
0
0
0
0
0
0
0
0
0
0
0
0
0
0
0
0
0
0
0
0
0
0
0
0
0
0
0
0
0
0
0
0
0
0
0
0
0
0
0
0
0
0
0
0
0
0
0
0
0
0
0
0
0
0
0
0
0
0
0
0
0
0
0
0
0
0
0
0
0
0
0
0
0.0950781
0
0
0
0.025288186
0.022007824
0.040200379
0.03175168
0.028200716
0.060263412
0.06601084
0.063138672
0.022731038
0.095955802
0.095338397
0.087298752
0.045024644
0.040224802
0.065148761
0.049785351
0.010402148
0
0.12780348
0.10441031
0.11056932
0.13267755
0.14685823
0.13815767
0.14534845
0.14652722
0.1568833
0.15814749
0.17366914
0.14921517
0.12543953
0.18249304
0.18462275
0.16686702
0.14921705
0.15428054
0.1576758
0.13776199
0.11241061
0.21569069
0.2007668
0.20747361
0.21963517
0.22722198
0.2169571
0.21479345
0.22626652
0.23007738
0.22386952
0.23480918
0.2221128
0.20724893
0.2388386
0.24169102
0.2332641
0.22303091
0.22334793
0.22355507
0.21183602
0.19407575
0.24666738
0.24416199
0.24125374
0.2476084
0.25278759
0.25527777
0.24151988
0.24246799
0.25473199
0.25471655
0.24604135
0.2534985
0.24250045
0.23157122
0.25596297
0.25438886
0.24792276
0.2440271
0.24361879
0.24098268
0.23150377
0.2664725
0.26605034
0.26521924
0.26689097
0.26858202
0.26969655
0.26273095
0.26145842
0.26936516
0.26790161
0.26187996
0.26553853
0.25932033
0.25429932
0.26403704
0.26080022
0.2570226
0.25456051
0.25400127
0.25395564
0.25250379
0.26862334
0.26985429
0.26996855
0.26961453
0.26944779
0.2697684
0.26987922
0.26660774
0.26419539
0.26875075
0.26697518
0.26184317
0.26384297
0.25984617
0.25770552
0.25875976
0.25523258
0.25313429
0.25204822
0.25242945
0.25490723
0.26988021
0.26931317
0.27022298
0.26973507
0.26823073
0.26772626
0.26711197
0.26814522
0.263731
0.26515785
0.2645304
0.26053108
0.26059063
0.25871326
0.25756167
0.25313344
0.25022589
0.24810007
0.24665742
0.24735988
0.25366779
0.27056941
0.27015467
0.27080367
0.2718127
0.27025814
0.26899819
0.26815277
0.26644628
0.26654859
0.26245175
0.26484479
0.26233328
0.25993341
0.25591426
0.25843866
0.25614223
0.25091285
0.24854161
0.24658597
0.24609787
0.25034801
0.27674061
0.27626616
0.27708779
0.27870055
0.27673293
0.27538747
0.27440222
0.27254937
0.27250607
0.26812763
0.27093566
0.26843526
0.26549809
0.26171976
0.2643733
0.26203268
0.25646061
0.25402007
0.25199013
0.25142532
0.25582761
0
0
0
0
0
0
0
0
0
0
0
0
0
0
0
0
0
0
0
0
0
0
0
0
0
0
0
0
0
0
0
0
0
0
0
0
0
0
0
0
0
0
0
0
0
0
0
0
0
0
0
0
0
0
0
0
0
0
0
0
0
0
0
0
0
0
0
0
0
0
0
0
0
0
0
0
0
0
0
0
0
0
0
0
0
0
0
0
0
0
0
0
0
0
0.024143664
0
0
0.037205553
0.040383439
0.010878962
0
0
0
0
0
0.10329429
0.076282378
0.089748461
0.11354655
0.12959805
0.1037961
0.10060425
0.12856866
0.13730389
0.1219818
0.14758621
0.12271343
0.095564485
0.15612698
0.16494542
0.14998576
0.1312356
0.13515581
0.13520855
0.10989989
0.072197415
0.18236562
0.1779758
0.17276028
0.18742255
0.19935247
0.20512306
0.17210643
0.17734247
0.20425626
0.2061159
0.18928311
0.20533041
0.18488761
0.16297253
0.21512458
0.21639513
0.20436636
0.19796014
0.1983285
0.19071871
0.16605832
0.23786979
0.23636443
0.2348998
0.2422221
0.24835836
0.25121219
0.22831121
0.22890825
0.24977262
0.24871521
0.2375225
0.24467339
0.23493543
0.22234226
0.25057521
0.25089461
0.24484484
0.23984785
0.23830418
0.23485846
0.22256435
0.25281938
0.25751766
0.25750232
0.25876112
0.26220979
0.26433086
0.26506994
0.24940672
0.25093965
0.26371622
0.25992001
0.25190553
0.25859305
0.24823449
0.2441629
0.25851369
0.25561021
0.25275373
0.25060874
0.24932637
0.24525822
0.26872298
0.27060798
0.27095541
0.27102116
0.27135573
0.27201462
0.2721878
0.26661309
0.26491257
0.27099951
0.26917317
0.26306274
0.26625622
0.2606319
0.2582605
0.26142581
0.25801667
0.25584719
0.25454655
0.25478695
0.25634609
0.27219276
0.27120349
0.27276825
0.27353909
0.27278271
0.27240882
0.27218394
0.27111115
0.26826926
0.26530032
0.26959319
0.26720193
0.26293803
0.26161883
0.26096113
0.25876817
0.25715727
0.2547448
0.25282288
0.25221107
0.25491691
0.27581174
0.27511519
0.27626946
0.27761674
0.27605155
0.27506813
0.27435636
0.27276488
0.27163027
0.26764629
0.2711393
0.26859262
0.26508359
0.26239519
0.26374933
0.26142779
0.25745464
0.25498908
0.25295669
0.25229109
0.25600212
0.28263022
0.2818996
0.27966748
0.28371549
0.28370948
0.28249836
0.28162466
0.28039834
0.27870971
0.27584539
0.27237861
0.27663314
0.27207694
0.2703486
0.26626797
0.26918353
0.26469389
0.26256939
0.26023848
0.25930134
0.26026093
0
0
0
0
0
0
0
0
0
0
0
0
0
0
0
0
0
0
0
0
0
0
0
0
0
0
0
0
0
0
0
0
0
0
0
0
0
0
0
0
0
0
0
0
0
0
0
0
0
0
0
0
0
0
0
0
0
0
0
0
0
0
0
0
0
0
0
0
0
0
0
0
0
0
0
0
0
0
0
0
0
0
0
0
0
0
0
0
0
0
0
0
0
0
0
0
0
0
0
0
0
0
0
0
0
0
0
0
0
0.0027340404
0
0
0
0
0
0
0.044545105
0.038749668
0.031634118
0.057687548
0.079196592
0.090220169
0.027120123
0.038275327
0.089183922
0.093409647
0.061367962
0.091866004
0.055312095
0.017812055
0.11014387
0.11484732
0.095243873
0.085887111
0.087288436
0.071926857
0.025438465
0.16189952
0.16050345
0.15917239
0.17518863
0.18816076
0.19424056
0.14364588
0.14813556
0.19106555
0.1899978
0.16931378
0.18203956
0.16656474
0.14189907
0.19820721
0.20435256
0.19488883
0.18612999
0.1836248
0.17501144
0.14559052
0.20369589
0.21420768
0.21466694
0.21882215
0.22824221
0.23322381
0.23462929
0.19780303
0.20520072
0.23199861
0.22425
0.21158515
0.22511851
0.20582208
0.19884758
0.23327308
0.23329382
0.22839175
0.22363281
0.21951242
0.20556809
0.24576191
0.25312556
0.25271593
0.25446284
0.25968466
0.26193887
0.26297244
0.24191985
0.24454767
0.26154462
0.25620431
0.24592133
0.2550055
0.24358277
0.23933825
0.25719494
0.25481173
0.25149361
0.24885504
0.2467118
0.23989464
0.26427938
0.26127909
0.2662501
0.2666111
0.26824691
0.27000823
0.27092812
0.27071182
0.25966021
0.25885451
0.26846653
0.26570241
0.25724722
0.26219636
0.25488026
0.25271437
0.25983326
0.25770548
0.25552024
0.25407975
0.25291012
0.27466487
0.27336645
0.27554192
0.27652545
0.27604063
0.27607196
0.27606176
0.27514723
0.27059869
0.26785077
0.27353368
0.27105379
0.26548879
0.26576616
0.26358318
0.2614742
0.26154418
0.25912199
0.25716096
0.25624883
0.25822662
0.27997962
0.27906909
0.27687162
0.28098602
0.28109268
0.2804331
0.27995502
0.27908924
0.2776024
0.27346946
0.27033508
0.27549678
0.27109502
0.26821529
0.26585109
0.26672977
0.2630224
0.2624163
0.26008673
0.25894336
0.25949553
0.28714594
0.28613623
0.28380811
0.28834199
0.28856049
0.28777955
0.28735946
0.28626735
0.28462494
0.28017034
0.27680424
0.28269315
0.2788474
0.27466949
0.2725783
0.27389111
0.26953465
0.26892117
0.26649862
0.26577581
0.26587689
0
0
0
0
0
0
0
0
0
0
0
0
0
0
0
0
0
0
0
0
0
0
0
0
0
0
0
0
0
0
0
0
0
0
0
0
0
0
0
0
0
0
0
0
0
0
0
0
0
0
0
0
0
0
0
0
0
0
0
0
0
0
0
0
0
0
0
0
0
0
0
0
0
0
0
0
0
0
0
0
0
0
0
0
0
0
0
0
0
0
0
0
0
0
0
0
0
0
0
0
0
0.0070103663
0.0070796272
0.0074996865
0.035060383
0.057411044
0.068369124
0
0
0.062801647
0.061197306
0.023485652
0.04620748
0.020095222
0
0.074232233
0.088103053
0.075188857
0.061936737
0.057729953
0.040633562
0
0.098626793
0.11776922
0.12091225
0.13037835
0.14843888
0.15747067
0.15987542
0.090397633
0.10652002
0.15514197
0.14076872
0.11994308
0.14304277
0.11029352
0.099095283
0.16235848
0.16726003
0.16026967
0.15231211
0.14410213
0.11493376
0.18691645
0.20297299
0.20218348
0.2069626
0.21991743
0.22447408
0.22649763
0.18020791
0.18911079
0.2239168
0.21215213
0.19537288
0.21263249
0.19359166
0.18658105
0.22617878
0.22806112
0.22170068
0.2158882
0.20976171
0.19058853
0.23173122
0.22411487
0.23727177
0.23706778
0.24401025
0.2498583
0.25218545
0.25232964
0.22406903
0.22695239
0.24676651
0.24247752
0.22774798
0.24364538
0.22542197
0.22281952
0.24729675
0.24598979
0.24160506
0.23739997
0.22882401
0.26203238
0.25822891
0.26455523
0.26424713
0.26727462
0.26966001
0.27088895
0.27094866
0.25750128
0.25682411
0.26853822
0.26560693
0.25504742
0.2627494
0.25228805
0.25051008
0.26088581
0.25875639
0.25637644
0.25451475
0.25223365
0.27395973
0.27228324
0.27012201
0.27495555
0.2755865
0.27655202
0.27707452
0.27708367
0.27612313
0.26792475
0.26568806
0.27394671
0.2697925
0.26327815
0.26589193
0.26105612
0.25962935
0.26330075
0.26099438
0.25929887
0.25865512
0.28341826
0.28224329
0.27997914
0.28453632
0.28487254
0.28465931
0.28462368
0.28395367
0.28255333
0.27677359
0.2737385
0.28056372
0.27672351
0.27150746
0.27119293
0.2702287
0.26686291
0.26780474
0.26538839
0.26435743
0.26411436
0.2895633
0.29089447
0.28765691
0.28483373
0.291752
0.29196205
0.29192075
0.29183987
0.29046312
0.2890355
0.2815318
0.27874237
0.28631323
0.28067224
0.27717705
0.27628117
0.27504692
0.27201206
0.27336996
0.27157409
0.27085299
0
0
0
0
0
0
0
0
0
0
0
0
0
0
0
0
0
0
0
0
0
0
0
0
0
0
0
0
0
0
0
0
0
0
0
0
0
0
0
0
0
0
0
0
0
0
0
0
0
0
0
0
0
0
0
0
0
0
0
0
0
0
0
0
0
0
0
0
0
0
0
0
0
0
0
0
0
0
0
0
0
0
0
0
0
0
0
0
0
0
0
0
0
0
0
0
0
0
0
0
0
0
0
0
0
0
0
0
0
0
0
0
0
0
0
0
0
0
0.0092586212
0.012610649
0
0
0.004923151
0
0
0
0
0
0.016135141
0.027525522
0.018052994
0.0064978203
0
0
0.068333595
0.096081267
0.097104607
0.10797095
0.13196054
0.13922207
0.14260832
0.059985807
0.077770887
0.13850018
0.11699991
0.088641281
0.11790944
0.085801242
0.075036444
0.14632223
0.15532647
0.14607047
0.13643521
0.12458259
0.085995818
0.16004264
0.14591497
0.17124808
0.17139747
0.18628249
0.19805545
0.20226802
0.20257642
0.14814254
0.15602075
0.1910377
0.18330469
0.15985782
0.19061888
0.15761156
0.15445856
0.20555186
0.20662455
0.19713602
0.18842282
0.16901254
0.22363823
0.21289221
0.23037949
0.22716207
0.23729733
0.24413277
0.24682902
0.24738431
0.21580391
0.21796797
0.24143241
0.23609945
0.21893163
0.23893711
0.21576299
0.21362591
0.24406107
0.24256482
0.23663294
0.23174981
0.2221648
0.25306697
0.24859057
0.24602395
0.25398012
0.25603429
0.26098671
0.26320684
0.26449167
0.26393198
0.24622298
0.24552548
0.26062621
0.25679903
0.24275998
0.25673941
0.23901939
0.24225291
0.25638249
0.25375925
0.24996529
0.24674599
0.27418096
0.27224147
0.27010331
0.27527209
0.27613963
0.27776747
0.27875383
0.27914894
0.27838481
0.26817442
0.26601367
0.27624061
0.27229093
0.26341028
0.26866396
0.26069307
0.26052153
0.26618078
0.26378261
0.26190316
0.26054658
0.28325239
0.28471461
0.28114162
0.27879512
0.28541092
0.28619686
0.28669977
0.28698107
0.28624182
0.28502016
0.27593575
0.27313799
0.28183937
0.2769395
0.27115862
0.27340368
0.26942269
0.26770952
0.27059952
0.26853576
0.26736479
0.29138891
0.29294903
0.28928422
0.28660012
0.29399488
0.29466851
0.29513562
0.29555842
0.29467542
0.29379237
0.28354242
0.28073758
0.29013333
0.28490866
0.27892934
0.28085421
0.27714379
0.27520432
0.27794539
0.27593025
0.2747976
0
0
0
0
0
0
0
0
0
0
0
0
0
0
0
0
0
0
0
0
0
0
0
0
0
0
0
0
0
0
0
0
0
0
0
0
0
0
0
0
0
0
0
0
0
0
0
0
0
0
0
0
0
0
0
0
0
0
0
0
0
0
0
0
0
0
0
0
0
0
0
0
0
0
0
0
0
0
0
0
0
0
0
0
0
0
0
0
0
0
0
0
0
0
0
0
0
0
0
0
0
0
0
0
0
0
0
0
0
0
0
0
0
0
0
0
0
0
0
0
0
0
0.0056927974
0
0
0
0
0.025207747
0.0046748563
0.044625463
0.0472416
0.074314885
0.093574023
0.099678502
0.10000824
0.01124246
0.023818278
0.080750582
0.067303609
0.028397436
0.081204228
0.025205561
0.022846444
0.11090045
0.11652023
0.10144598
0.087067919
0.051649114
0.14445917
0.12483534
0.15750087
0.15206565
0.17254102
0.18538189
0.18999843
0.19088884
0.13258983
0.13848971
0.17885712
0.16882811
0.14242927
0.17868551
0.1384826
0.1360777
0.19673515
0.19738353
0.18434271
0.17480832
0.15473944
0.2049518
0.19353182
0.18903024
0.20547247
0.21014677
0.22233849
0.22651662
0.22891863
0.22769766
0.19325456
0.19556095
0.22003685
0.21664285
0.19308626
0.22553735
0.18723648
0.19600278
0.22994717
0.22562988
0.21605845
0.20895136
0.24791447
0.24312498
0.24086112
0.24880427
0.25140836
0.25692261
0.25939465
0.2614601
0.2616357
0.24141601
0.24057503
0.25833962
0.25387703
0.23706337
0.2555636
0.23136759
0.23779232
0.25521956
0.25242405
0.24734568
0.24405366
0.26692902
0.26897005
0.26396041
0.26276451
0.26964804
0.27216421
0.27423932
0.27541538
0.27621834
0.27547334
0.26109851
0.25821133
0.27103646
0.26805138
0.25487591
0.26701267
0.25444327
0.25692961
0.26455874
0.26156588
0.25901434
0.28398571
0.28562116
0.28172819
0.27945064
0.28653011
0.28777621
0.28878852
0.28943908
0.28923592
0.2883492
0.27680388
0.27394935
0.28485663
0.28026916
0.27163673
0.27696666
0.27043101
0.26985436
0.27418181
0.2719024
0.27028478
0.28956733
0.29176681
0.29338047
0.28698526
0.28454016
0.29461523
0.29576021
0.29660899
0.29672914
0.29598778
0.29428311
0.28150465
0.27903115
0.29284504
0.28810089
0.2853329
0.27766094
0.28234997
0.27685552
0.27694374
0.27987395
0.27809162
0
0
0
0
0
0
0
0
0
0
0
0
0
0
0
0
0
0
0
0
0
0
0
0
0
0
0
0
0
0
0
0
0
0
0
0
0
0
0
0
0
0
0
0
0
0
0
0
0
0
0
0
0
0
0
0
0
0
0
0
0
0
0
0
0
0
0
0
0
0
0
0
0
0
0
0
0
0
0
0
0
0
0
0
0
0
0
0
0
0
0
0
0
0
0
0
0
0
0
0
0
0
0
0
0
0
0
0
0
0
0
0
0
0
0
0
0
0
0
0
0
0
0
0
0
0
0
0
0
0
0
0
0
0
0
0
0
0
0
0.020803198
0.014635978
0.050680276
0.070591048
0.076934965
0.078505497
0
0
0.059700481
0.04314579
0
0.059739014
0
0
0.094120869
0.099042864
0.0782086
0.063234779
0.027370628
0.11269708
0.093178387
0.087015243
0.11429175
0.1237508
0.14551501
0.15207274
0.15573842
0.15326546
0.095968132
0.10092012
0.13913379
0.13490139
0.09767838
0.15619742
0.089207429
0.10680208
0.16937366
0.16260103
0.1444742
0.13150121
0.19325518
0.18047858
0.17630471
0.19352628
0.19955665
0.21146457
0.21523539
0.21883507
0.21885313
0.18104231
0.18374543
0.21087864
0.20563863
0.18029457
0.219097
0.17057791
0.18447377
0.22326786
0.21860401
0.20542199
0.19981623
0.22847318
0.23215592
0.22216535
0.22268333
0.23380997
0.2394232
0.24379504
0.24598641
0.2489442
0.24821094
0.22312
0.22036091
0.24178459
0.24250596
0.21478584
0.24734556
0.21629333
0.22712622
0.24554201
0.23929047
0.2334799
0.26412973
0.26625374
0.26103323
0.25965186
0.26729305
0.27024022
0.27275852
0.27388859
0.27538905
0.27429318
0.25812532
0.25505545
0.27146214
0.26861832
0.25104761
0.26765672
0.25185606
0.25582612
0.26524332
0.2619959
0.25885802
0.27873106
0.28116909
0.28278352
0.27601136
0.27440141
0.28431929
0.28616906
0.2874819
0.28813784
0.28706427
0.2865822
0.27105247
0.26808993
0.28568568
0.28140926
0.27936195
0.26724518
0.27649893
0.26781505
0.26943084
0.27390507
0.27156399
0.28786055
0.29035816
0.29225315
0.28442461
0.28284247
0.29390468
0.29561183
0.29673705
0.29711205
0.29620035
0.29461701
0.27893533
0.27625751
0.29350967
0.28963003
0.28739186
0.27616128
0.28448734
0.27656684
0.27785947
0.28188583
0.27974182
0
0
0
0
0
0
0
0
0
0
0
0
0
0
0
0
0
0
0
0
0
0
0
0
0
0
0
0
0
0
0
0
0
0
0
0
0
0
0
0
0
0
0
0
0
0
0
0
0
0
0
0
0
0
0
0
0
0
0
0
0
0
0
0
0
0
0
0
0
0
0
0
0
0
0
0
0
0
0
0
0
0
0
0
0
0
0
0
0
0
0
0
0
0
0
0
0
0
0
0
0
0
0
0
0
0
0
0
0
0
0
0
0
0
0
0
0
0
0
0
0
0
0
0
0
0
0
0
0
0
0
0
0.0082466678
0.016990262
0.02168317
0.018634183
0
0
0
0
0
0.026345147
0
0
0.050039467
0.041583875
0.014045421
0
0.09310577
0.071613902
0.066115259
0.093937373
0.10531234
0.12598872
0.13118204
0.13665108
0.13649242
0.075727027
0.080887837
0.12205878
0.11402984
0.075810884
0.14323419
0.060641815
0.086680912
0.15562222
0.14836061
0.12397698
0.11469593
0.15723775
0.16354744
0.14296322
0.1450838
0.16749632
0.17756937
0.18487007
0.18752296
0.19238014
0.1892342
0.14952614
0.14826587
0.18017071
0.1865482
0.14032979
0.20240877
0.14395565
0.1655874
0.20206857
0.18822713
0.17662732
0.21997131
0.2235061
0.21274259
0.21221705
0.22642655
0.23195344
0.23619401
0.23734333
0.2410462
0.23843291
0.21278905
0.20981474
0.23830923
0.23856402
0.20331495
0.243023
0.20737741
0.22062767
0.24138443
0.23485136
0.22813853
0.2500237
0.25353369
0.25566317
0.2462046
0.24672936
0.25842786
0.26205634
0.26416197
0.26599107
0.26371386
0.2663674
0.24244876
0.23826277
0.26707253
0.26425194
0.26434945
0.23876541
0.26197447
0.24371941
0.24994649
0.25893696
0.25487496
0.276062
0.27868483
0.28051997
0.27223374
0.27162761
0.28252489
0.28497752
0.28662657
0.28737455
0.28648259
0.28587367
0.26691063
0.26359257
0.28501557
0.28184943
0.28053238
0.26441979
0.27771326
0.26645464
0.26936622
0.27496402
0.27224633
0.28380883
0.2806364
0.28643664
0.28859773
0.27804011
0.27487485
0.29090051
0.29343239
0.29439414
0.29417618
0.29316082
0.29098933
0.26948954
0.27013639
0.28931731
0.28826959
0.28582253
0.27213987
0.28324748
0.27480117
0.27763038
0.28052171
0
0
0
0
0
0
0
0
0
0
0
0
0
0
0
0
0
0
0
0
0
0
0
0
0
0
0
0
0
0
0
0
0
0
0
0
0
0
0
0
0
0
0
0
0
0
0
0
0
0
0
0
0
0
0
0
0
0
0
0
0
0
0
0
0
0
0
0
0
0
0
0
0
0
0
0
0
0
0
0
0
0
0
0
0
0
0
0
0
0
0
0
0
0
0
0
0
0
0
0
0
0
0
0
0
0
0
0
0
0
0
0
0
0
0
0
0
0
0
0
0
0
0
0
0
0
0
0
0
0
0
0
0
0
0
0
0
0
0
0
0
0
0
0
0
0
0
0.0056790832
0
0
0.026758778
0.017855376
0
0
0.037103839
0.04620592
0.016010263
0.020553829
0.053116765
0.070092126
0.081399879
0.084661304
0.092357362
0.086928913
0.027699111
0.024706482
0.074419144
0.086320742
0.012052243
0.11683083
0.020424229
0.058059016
0.1185198
0.09555037
0.076480903
0.14210873
0.14753188
0.12531859
0.12535858
0.15445153
0.16322392
0.16942381
0.16938979
0.17492549
0.16737643
0.13019616
0.1289849
0.17280002
0.17775215
0.11965437
0.19101264
0.12772404
0.15368306
0.19154537
0.17723445
0.16408547
0.19091121
0.19867326
0.20291998
0.18315813
0.18691167
0.20849886
0.21421953
0.21598415
0.21845567
0.21322136
0.22129483
0.18188485
0.1765476
0.22583248
0.22514333
0.22955985
0.17970442
0.22896832
0.19265814
0.20635034
0.22404649
0.21602375
0.24366805
0.24723987
0.24948014
0.23751371
0.23969701
0.2529503
0.25731547
0.25997023
0.26113214
0.25991181
0.26151641
0.23234973
0.22749829
0.26153035
0.26112366
0.26263475
0.2312569
0.26023041
0.23865537
0.24657321
0.25690701
0.25235227
0.26794896
0.26478788
0.27051209
0.27317108
0.26201138
0.2587989
0.27609923
0.27982488
0.28122864
0.28153368
0.28147358
0.27927306
0.25191816
0.2530718
0.27679349
0.27853295
0.27651325
0.25692627
0.27404018
0.26197378
0.266599
0.27074926
0.27730005
0.27322004
0.28086127
0.28269776
0.27184765
0.26750469
0.28553331
0.28977825
0.29095967
0.28984178
0.28685041
0.28676932
0.25970284
0.26283097
0.28523477
0.28657954
0.28465135
0.26705624
0.28206804
0.27147398
0.2755121
0.27908631
0
0
0
0
0
0
0
0
0
0
0
0
0
0
0
0
0
0
0
0
0
0
0
0
0
0
0
0
0
0
0
0
0
0
0
0
0
0
0
0
0
0
0
0
0
0
0
0
0
0
0
0
0
0
0
0
0
0
0
0
0
0
0
0
0
0
0
0
0
0
0
0
0
0
0
0
0
0
0
0
0
0
0
0
0
0
0
0
0
0
0
0
0
0
0
0
0
0
0
0
0
0
0
0
0
0
0
0
0
0
0
0
0
0
0
0
0
0
0
0
0
0
0
0
0
0
0
0
0
0
0
0
0
0
0
0
0
0
0
0
0
0
0
0
0
0
0
0
0.014467669
0.021625775
0
0
0.032545195
0.046850261
0.056031014
0.055074756
0.063430908
0.052354697
0
0
0.064999176
0.073040326
0
0.097680525
0
0.039523795
0.10055045
0.077083983
0.056288748
0.093050926
0.10770015
0.11492404
0.079317602
0.087199351
0.12445513
0.13285606
0.13374849
0.13600658
0.12569212
0.13843695
0.082283352
0.075290154
0.1507392
0.15250435
0.16360191
0.08219532
0.16751318
0.10579918
0.12891368
0.15780324
0.14372372
0.17744461
0.18561341
0.19013791
0.16519437
0.17170459
0.19701554
0.20359289
0.20633351
0.20621075
0.2038455
0.20825235
0.16102289
0.15529869
0.21216165
0.21628595
0.22244236
0.16443688
0.22249784
0.18139302
0.19776688
0.21689467
0.20818459
0.22567662
0.22100262
0.22929596
0.23329869
0.21764163
0.21383968
0.2383031
0.244849
0.24649943
0.24706977
0.2477676
0.24439491
0.20291476
0.20656385
0.2450334
0.25241074
0.25244437
0.21596137
0.25012934
0.22809648
0.23762798
0.24501116
0.2604279
0.25634095
0.26408222
0.26626213
0.25513864
0.25036902
0.26982783
0.27555508
0.2771988
0.27633798
0.27190234
0.2745135
0.24067784
0.24445493
0.27172794
0.27612047
0.27464368
0.25069438
0.27202923
0.25771127
0.263646
0.26849339
0.26957284
0.26237077
0.261562
0.27087536
0.27278147
0.25906965
0.24985891
0.27908902
0.28344265
0.28301368
0.27725247
0.27679463
0.27295218
0.24720187
0.25456358
0.27841609
0.28109582
0.27968255
0.26091765
0.27568746
0.26696375
0.2718679
0
0
0
0
0
0
0
0
0
0
0
0
0
0
0
0
0
0
0
0
0
0
0
0
0
0
0
0
0
0
0
0
0
0
0
0
0
0
0
0
0
0
0
0
0
0
0
0
0
0
0
0
0
0
0
0
0
0
0
0
0
0
0
0
0
0
0
0
0
0
0
0
0
0
0
0
0
0
0
0
0
0
0
0
0
0
0
0
0
0
0
0
0
0
0
0
0
0
0
0
0
0
0
0
0
0
0
0
0
0
0
0
0
0
0
0
0
0
0
0
0
0
0
0
0
0
0
0
0
0
0
0
0
0
0
0
0
0
0
0
0
0
0
0
0
0
0
0
0
0
0
0
0
0
0
0
0
0
0
0
0
0
0.00055604198
0.0016214327
0.0048481094
0
0.012798762
0
0
0.032079732
0.037502688
0.054146928
0
0.061792328
0
0.0044639639
0.047329666
0.026214015
0.071678301
0.086605693
0.093861478
0.05115412
0.063059107
0.10515494
0.11437078
0.11636112
0.11382649
0.10929159
0.11444396
0.049353515
0.04157761
0.1244205
0.13485015
0.14812859
0.057699838
0.15537697
0.087466498
0.11551003
0.14397045
0.12948568
0.14722146
0.13685504
0.15524165
0.16263206
0.13203333
0.12789212
0.1706429
0.17933757
0.17937938
0.17872153
0.17907921
0.17468429
0.11200071
0.12069752
0.18435851
0.1984989
0.20322452
0.13973271
0.20134683
0.1636556
0.18003091
0.19184208
0.21368263
0.2074921
0.21925083
0.22223413
0.20707024
0.20038383
0.22815112
0.23780858
0.23953358
0.2377056
0.22871683
0.23700474
0.18523339
0.19260599
0.23527229
0.24677784
0.24780958
0.2053312
0.24476072
0.2203665
0.23140658
0.23938002
0.24844157
0.24083529
0.24030029
0.24992519
0.25262965
0.2375534
0.22660186
0.26058184
0.26615015
0.26565159
0.26159787
0.2606483
0.25560603
0.22302827
0.23204681
0.26202038
0.26756831
0.2671705
0.24119053
0.26204901
0.25037394
0.25705344
0.25810923
0.2474828
0.24986829
0.25757451
0.25876216
0.24789159
0.23676843
0.26917032
0.27557095
0.27424242
0.26370726
0.26577887
0.25821471
0.23352084
0.24383639
0.27082852
0.27548048
0.27460933
0.25097217
0.26961155
0.25856034
0.26513148
0
0
0
0
0
0
0
0
0
0
0
0
0
0
0
0
0
0
0
0
0
0
0
0
0
0
0
0
0
0
0
0
0
0
0
0
0
0
0
0
0
0
0
0
0
0
0
0
0
0
0
0
0
0
0
0
0
0
0
0
0
0
0
0
0
0
0
0
0
0
0
0
0
0
0
0
0
0
0
0
0
0
0
0
0
0
0
0
0
0
0
0
0
0
0
0
0
0
0
0
0
0
0
0
0
0
0
0
0
0
0
0
0
0
0
0
0
0
0
0
0
0
0
0
0
0
0
0
0
0
0
0
0
0
0
0
0
0
0
0
0
0
0
0
0
0
0
0
0
0
0
0
0
0
0
0
0
0
0
0
0
0
0
0.011041882
0.030538569
0
0.042951968
0
0
0.026200088
0.0052740405
0.028878703
0.012131883
0.041258163
0.052436601
0.0053419487
0.00044717643
0.063976326
0.075149942
0.072376751
0.069599262
0.066862403
0.06545442
0
0
0.084722018
0.10691924
0.12007788
0.022402331
0.11858001
0.062417537
0.086941924
0.10245897
0.12717699
0.11414805
0.13868051
0.14410455
0.11473987
0.10543143
0.15352443
0.16699375
0.16691874
0.16138097
0.14460935
0.16259389
0.08313311
0.097752427
0.16591354
0.18685929
0.1941194
0.12188468
0.18961253
0.15022901
0.16785108
0.17978911
0.19258126
0.1806611
0.18042437
0.1948569
0.19917973
0.17705782
0.16038208
0.21186634
0.22032063
0.21811464
0.21337939
0.21376663
0.20429753
0.15567526
0.17142961
0.21839581
0.23141567
0.23346506
0.18897551
0.22502446
0.20598273
0.21717105
0.23654808
0.22534685
0.22827696
0.23610449
0.23814977
0.22605164
0.21316159
0.25048014
0.25817254
0.25662237
0.24282987
0.24895205
0.23667725
0.20886658
0.22063424
0.25392448
0.26158328
0.26157446
0.23024088
0.25539026
0.24099539
0.24962752
0.23352623
0.24024893
0.22965316
0.2336216
0.23921814
0.24585146
0.22619776
0.21754386
0.25913822
0.26265792
0.25093995
0.25354616
0.24470845
0.22172677
0.23067965
0.26266393
0.26577531
0.26228553
0.23858521
0.25509604
0.24825578
0
0
0
0
0
0
0
0
0
0
0
0
0
0
0
0
0
0
0
0
0
0
0
0
0
0
0
0
0
0
0
0
0
0
0
0
0
0
0
0
0
0
0
0
0
0
0
0
0
0
0
0
0
0
0
0
0
0
0
0
0
0
0
0
0
0
0
0
0
0
0
0
0
0
0
0
0
0
0
0
0
0
0
0
0
0
0
0
0
0
0
0
0
0
0
0
0
0
0
0
0
0
0
0
0
0
0
0
0
0
0
0
0
0
0
0
0
0
0
0
0
0
0
0
0
0
0
0
0
0
0
0
0
0
0
0
0
0
0
0
0
0
0
0
0
0
0
0
0
0
0
0
0
0
0
0
0
0
0
0
0
0
0
0
0
0
0
0
0
0
0
0
0
0
0
0
0
0
0
0
0
0
0
0.016274774
0.023978256
0
0
0.037062917
0.054943035
0.051957419
0.039978166
0.014229959
0.047164732
0
0
0.055947526
0.0877384
0.10420238
0
0.097912976
0.042175023
0.067454585
0.081616695
0.095370582
0.07418451
0.072574761
0.10013437
0.10695821
0.068492672
0.044274428
0.12541761
0.13597214
0.12962277
0.11939477
0.12662242
0.10865898
0.038589604
0.066621767
0.13849237
0.16315638
0.1686917
0.097798615
0.15395766
0.12557061
0.14183837
0.17714699
0.16039387
0.16503937
0.17674016
0.18025026
0.16222634
0.14326495
0.19891944
0.21037295
0.20609972
0.18263086
0.19715779
0.17385934
0.13735438
0.15608444
0.20655292
0.22306698
0.22478655
0.17333434
0.2148876
0.19184604
0.20590789
0.20743189
0.21507452
0.20272533
0.20788985
0.21392783
0.22246246
0.19835292
0.18849096
0.23745109
0.24148468
0.23032566
0.23127073
0.22346237
0.19244748
0.2031988
0.24357494
0.24911818
0.24510243
0.21443372
0.23602118
0.2277807
0.21451038
0.22202867
0.2129993
0.21809787
0.22157011
0.22942254
0.20974331
0.20014719
0.24565051
0.24970275
0.23256194
0.22838666
0.23958812
0.22685037
0.20466275
0.21379736
0.25132265
0.25574614
0.25055627
0.2201205
0.2398904
0.23096155
0
0
0
0
0
0
0
0
0
0
0
0
0
0
0
0
0
0
0
0
0
0
0
0
0
0
0
0
0
0
0
0
0
0
0
0
0
0
0
0
0
0
0
0
0
0
0
0
0
0
0
0
0
0
0
0
0
0
0
0
0
0
0
0
0
0
0
0
0
0
0
0
0
0
0
0
0
0
0
0
0
0
0
0
0
0
0
0
0
0
0
0
0
0
0
0
0
0
0
0
0
0
0
0
0
0
0
0
0
0
0
0
0
0
0
0
0
0
0
0
0
0
0
0
0
0
0
0
0
0
0
0
0
0
0
0
0
0
0
0
0
0
0
0
0
0
0
0
0
0
0
0
0
0
0
0
0
0
0
0
0
0
0
0
0
0
0
0
0
0
0
0
0
0
0
0
0
0
0
0.0073988339
0
0
0
0
0
0
0.017789118
0.055100843
0.065036877
0
0.042845551
0.0063362142
0.027047712
0.072638857
0.044772812
0.05032779
0.073432721
0.079065809
0.046905641
0.019607953
0.10617963
0.12168199
0.1111752
0.071826445
0.10096373
0.065591835
0.011970801
0.043643885
0.11965664
0.15114063
0.15388292
0.073898789
0.13708394
0.10243128
0.12325052
0.13352656
0.14513547
0.12598379
0.13371605
0.14375091
0.15678589
0.11950519
0.10545234
0.17820707
0.18318694
0.16882414
0.16953713
0.15986132
0.11159989
0.12921108
0.19201101
0.20329469
0.19698364
0.14856807
0.18270336
0.17019467
0.18882655
0.19724344
0.18674362
0.19268041
0.19693552
0.20662507
0.1823192
0.17159744
0.22448628
0.22889489
0.20791928
0.20358971
0.21778216
0.20449959
0.17559155
0.1861846
0.23221382
0.23905323
0.23316726
0.19549401
0.22048815
0.20990416
0.19072313
0.19115687
0.19513515
0.19425474
0.1921984
0.20234812
0.21804431
0.18322358
0.17972229
0.22946515
0.21439909
0.20931406
0.22879452
0.21898453
0.20479836
0.18540596
0.19041279
0.23879858
0.23679307
0.22497843
0.19731369
0.21014255
0
0
0
0
0
0
0
0
0
0
0
0
0
0
0
0
0
0
0
0
0
0
0
0
0
0
0
0
0
0
0
0
0
0
0
0
0
0
0
0
0
0
0
0
0
0
0
0
0
0
0
0
0
0
0
0
0
0
0
0
0
0
0
0
0
0
0
0
0
0
0
0
0
0
0
0
0
0
0
0
0
0
0
0
0
0
0
0
0
0
0
0
0
0
0
0
0
0
0
0
0
0
0
0
0
0
0
0
0
0
0
0
0
0
0
0
0
0
0
0
0
0
0
0
0
0
0
0
0
0
0
0
0
0
0
0
0
0
0
0
0
0
0
0
0
0
0
0
0
0
0
0
0
0
0
0
0
0
0
0
0
0
0
0
0
0
0
0
0
0
0
0
0
0
0
0
0
0
0
0
0
0
0
0
0
0
0
0
0
0
0
0
0
0
0
0.038152483
0.042079821
0
0.016804611
0
0
0.0070084565
0.02551329
0
0.0042215605
0.024485381
0.043178713
0
0
0.073119262
0.078517851
0.055341139
0.062682818
0.049775944
0
0.0064561236
0.1012796
0.12012671
0.10841073
0.036778998
0.086221056
0.067995752
0.11234054
0.12461325
0.10938719
0.11674963
0.12513475
0.13921905
0.10180929
0.087142597
0.1641443
0.16914873
0.1374035
0.13109385
0.15560176
0.13511522
0.091971504
0.10872379
0.17856835
0.19123593
0.18164961
0.12462848
0.16280582
0.14645616
0.16007628
0.16172398
0.16628338
0.16374206
0.16054983
0.17447014
0.19217327
0.15075053
0.14568665
0.20479778
0.19041238
0.18535956
0.20471336
0.19575575
0.18245387
0.15130848
0.15907907
0.21787285
0.21553778
0.20274905
0.16933551
0.18606513
0.16587979
0.16061393
0.16492644
0.17310047
0.1710481
0.17577976
0.19758122
0.1613293
0.15784704
0.21082962
0.18774635
0.18523564
0.18005355
0.21095022
0.19834713
0.1744947
0.1595947
0.15906051
0.22222058
0.21739593
0.20319413
0.16453563
0.17908689
0
0
0
0
0
0
0
0
0
0
0
0
0
0
0
0
0
0
0
0
0
0
0
0
0
0
0
0
0
0
0
0
0
0
0
0
0
0
0
0
0
0
0
0
0
0
0
0
0
0
0
0
0
0
0
0
0
0
0
0
0
0
0
0
0
0
0
0
0
0
0
0
0
0
0
0
0
0
0
0
0
0
0
0
0
0
0
0
0
0
0
0
0
0
0
0
0
0
0
0
0
0
0
0
0
0
0
0
0
0
0
0
0
0
0
0
0
0
0
0
0
0
0
0
0
0
0
0
0
0
0
0
0
0
0
0
0
0
0
0
0
0
0
0
0
0
0
0
0
0
0
0
0
0
0
0
0
0
0
0
0
0
0
0
0
0
0
0
0
0
0
0
0
0
0
0
0
0
0
0
0
0
0
0
0
0
0
0
0
0
0
0
0
0
0
0
0
0
0
0.0005523046
0.020195586
0
0
0.056308696
0.061363251
0.014413661
0.0067300724
0.04803853
0.017979815
0
0
0.084406757
0.10412951
0.086067072
0.0028023982
0.057654182
0.033344069
0.071563445
0.074664219
0.081861617
0.076196841
0.070482662
0.093559679
0.11823782
0.056887229
0.048745127
0.13520056
0.11853094
0.11171687
0.13796946
0.12665677
0.10815239
0.056871915
0.070564506
0.15920272
0.15511163
0.13650055
0.087036983
0.11242119
0.13638226
0.13227069
0.13720788
0.14361231
0.14029786
0.14904133
0.17269491
0.1297734
0.12484766
0.18697083
0.15901644
0.15655599
0.15471826
0.1875747
0.17532564
0.14528923
0.12630886
0.12825382
0.20174884
0.19654894
0.18143031
0.13698626
0.1553855
0.12761272
0.13927856
0.11996026
0.1319509
0.14370517
0.13727147
0.15530321
0.17715062
0.13055188
0.12832677
0.16354991
0.1557148
0.15021519
0.19316324
0.18109138
0.14467321
0.12171441
0.11792864
0.19515266
0.18263978
0.15654902
0.12526451
0
0
0
0
0
0
0
0
0
0
0
0
0
0
0
0
0
0
0
0
0
0
0
0
0
0
0
0
0
0
0
0
0
0
0
0
0
0
0
0
0
0
0
0
0
0
0
0
0
0
0
0
0
0
0
0
0
0
0
0
0
0
0
0
0
0
0
0
0
0
0
0
0
0
0
0
0
0
0
0
0
0
0
0
0
0
0
0
0
0
0
0
0
0
0
0
0
0
0
0
0
0
0
0
0
0
0
0
0
0
0
0
0
0
0
0
0
0
0
0
0
0
0
0
0
0
0
0
0
0
0
0
0
0
0
0
0
0
0
0
0
0
0
0
0
0
0
0
0
0
0
0
0
0
0
0
0
0
0
0
0
0
0
0
0
0
0
0
0
0
0
0
0
0
0
0
0
0
0
0
0
0
0
0
0
0
0
0
0
0
0
0
0
0
0
0
0
0
0
0
0
0
0
0
0
0
0
0
0
0
0
0
0
0
0.015003318
0
0
0.025338938
0.010342675
0
0
0
0.057208298
0.048502279
0.01908628
0
0
0.046156891
0.041808182
0.049546049
0.055006283
0.048689871
0.065706075
0.097073955
0.034412441
0.026993362
0.11599514
0.076050551
0.071573105
0.071186405
0.12017224
0.10256865
0.059216947
0.028866256
0.034666982
0.14121958
0.13318159
0.11174535
0.048768924
0.07549112
0.093745395
0.10551171
0.085755754
0.10024609
0.10723624
0.10039979
0.1241762
0.14820175
0.092379981
0.088887418
0.13595807
0.12815695
0.12576927
0.16717814
0.15533127
0.11601443
0.085725272
0.082941318
0.17180731
0.15699051
0.12989327
0.094109095
0.095904796
0.11118349
0.082812383
0.096115679
0.11694296
0.1062657
0.12774698
0.15052933
0.09964384
0.10058401
0.12482304
0.12563805
0.11370373
0.11349216
0.1671024
0.1529526
0.11483881
0.087616156
0.080835529
0.17042325
0.15146109
0.12232847
0.077899229
0
0
0
0
0
0
0
0
0
0
0
0
0
0
0
0
0
0
0
0
0
0
0
0
0
0
0
0
0
0
0
0
0
0
0
0
0
0
0
0
0
0
0
0
0
0
0
0
0
0
0
0
0
0
0
0
0
0
0
0
0
0
0
0
0
0
0
0
0
0
0
0
0
0
0
0
0
0
0
0
0
0
0
0
0
0
0
0
0
0
0
0
0
0
0
0
0
0
0
0
0
0
0
0
0
0
0
0
0
0
0
0
0
0
0
0
0
0
0
0
0
0
0
0
0
0
0
0
0
0
0
0
0
0
0
0
0
0
0
0
0
0
0
0
0
0
0
0
0
0
0
0
0
0
0
0
0
0
0
0
0
0
0
0
0
0
0
0
0
0
0
0
0
0
0
0
0
0
0
0
0
0
0
0
0
0
0
0
0
0
0
0
0
0
0
0
0
0
0
0
0
0
0
0
0
0
0
0.0053750936
0
0
0
0
0.034412107
0.019845936
0
0
0
0
0.0037909045
0
0.000293487
0.0037237481
0
0.030859182
0.063647853
0
0
0.051754029
0.040713077
0.038770901
0.093116203
0.076835246
0.025175998
0
0
0.10030482
0.078125462
0.041278546
0
0.063673745
0.078832885
0.050458418
0.066003302
0.081953735
0.070509993
0.098090416
0.12279699
0.062785638
0.062766641
0.091338483
0.093670235
0.084186302
0.081780021
0.14231665
0.12806471
0.081517575
0.053119836
0.047580885
0.14813205
0.1271457
0.097161624
0.048234708
0.045005766
0.065074047
0.079555957
0.046072747
0.072753345
0.076202356
0.060071803
0.10113102
0.062385459
0.057108905
0.091023195
0.094537849
0.077634207
0.07911578
0.13778558
0.1225981
0.082624612
0.0395684
0.027971406
0.12550363
0.095972048
0.048007086
0
0
0
0
0
0
0
0
0
0
0
0
0
0
0
0
0
0
0
0
0
0
0
0
0
0
0
0
0
0
0
0
0
0
0
0
0
0
0
0
0
0
0
0
0
0
0
0
0
0
0
0
0
0
0
0
0
0
0
0
0
0
0
0
0
0
0
0
0
0
0
0
0
0
0
0
0
0
0
0
0
0
0
0
0
0
0
0
0
0
0
0
0
0
0
0
0
0
0
0
0
0
0
0
0
0
0
0
0
0
0
0
0
0
0
0
0
0
0
0
0
0
0
0
0
0
0
0
0
0
0
0
0
0
0
0
0
0
0
0
0
0
0
0
0
0
0
0
0
0
0
0
0
0
0
0
0
0
0
0
0
0
0
0
0
0
0
0
0
0
0
0
0
0
0
0
0
0
0
0
0
0
0
0
0
0
0
0
0
0
0
0
0
0
0
0
0
0
0
0
0
0
0
0
0
0
0
0
0
0
0
0
0
0
0
0
0
0
0
0
0
0
0
0
0
0
0
0
0
0
0
0
0
0.003399663
0.037051289
0
0
0
0
0
0
0.067263229
0.047068215
0
0
0
0.074487013
0.045558053
0.006109255
0
0.0055417897
0.026399148
0.039093032
0.0075893844
0.035468999
0.033486849
0.01649446
0.06575882
0.018603443
0.015342399
0.058968972
0.064208406
0.049821347
0.048817377
0.11026848
0.095619337
0.050978767
0
0
0.098390081
0.066987341
0.014443511
0.0049199344
0.032502435
0.047756656
0.0050785803
0.028859816
0.042941348
0.019129646
0.058203474
0.026306536
0.018436565
0.02579445
0.052745124
0.047866179
0.034901666
0.040590642
0.10682209
0.082459173
0.039420617
0
0
0.092854242
0.058379279
0.0013660298
0
0
0
0
0
0
0
0
0
0
0
0
0
0
0
0
0
0
0
0
0
0
0
0
0
0
0
0
0
0
0
0
0
0
0
0
0
0
0
0
0
0
0
0
0
0
0
0
0
0
0
0
0
0
0
0
0
0
0
0
0
0
0
0
0
0
0
0
0
0
0
0
0
0
0
0
0
0
0
0
0
0
0
0
0
0
0
0
0
0
0
0
0
0
0
0
0
0
0
0
0
0
0
0
0
0
0
0
0
0
0
0
0
0
0
0
0
0
0
0
0
0
0
0
0
0
0
0
0
0
0
0
0
0
0
0
0
0
0
0
0
0
0
0
0
0
0
0
0
0
0
0
0
0
0
0
0
0
0
0
0
0
0
0
0
0
0
0
0
0
0
0
0
0
0
0
0
0
0
0
0
0
0
0
0
0
0
0
0
0
0
0
0
0
0
0
0
0
0
0
0
0
0
0
0
0
0
0
0
0
0
0
0
0
0
0
0
0
0
0
0
0
0
0
0
0
0
0
0
0
0
0
0
0
0
0
0
0
0.025348125
0.0074814987
0
0
0
0.0084647376
0
0
0
0
0.0091066284
0
0
0.0019498536
0
0.023956162
0
0
0
0.015604319
0.014284042
0.00068505131
0.0023194798
0.081214307
0.057246695
0.0073203009
0
0
0.067690744
0.031508278
0
0
0
0
0.0045276868
0
0
0
0
0
0
0
0.016958238
0.011289995
0
0.0038843848
0.060657433
0.053498348
0.00076593062
0
0
0.033794105
0
0
0
0
0
0
0
0
0
0
0
0
0
0
0
0
0
0
0
0
0
0
0
0
0
0
0
0
0
0
0
0
0
0
0
0
0
0
0
0
0
0
0
0
0
0
0
0
0
0
0
0
0
0
0
0
0
0
0
0
0
0
0
0
0
0
0
0
0
0
0
0
0
0
0
0
0
0
0
0
0
0
0
0
0
0
0
0
0
0
0
0
0
0
0
0
0
0
0
0
0
0
0
0
0
0
0
0
0
0
0
0
0
0
0
0
0
0
0
0
0
0
0
0
0
0
0
0
0
0
0
0
0
0
0
0
0
0
0
0
0
0
0
0
0
0
0
0
0
0
0
0
0
0
0
0
0
0
0
0
0
0
0
0
0
0
0
0
0
0
0
0
0
0
0
0
0
0
0
0
0
0
0
0
0
0
0
0
0
0
0
0
0
0
0
0
0
0
0
0
0
0
0
0
0
0
0
0
0
0
0
0
0
0
0
0
0
0
0
0
0
0
0
0
0
0
0
0
0
0
0
0
0
0
0
0
0
0
0
0
0
0
0
0
0
0
0
0
0
0
0
0
0
0
0
0
0
0
0
0
0
0
0
0
0
0
0
0
0
0
0
0.030886282
0.025769975
0
0
0
0.0025479005
0
0
0
0
0
0
0
0
0
0
0
0
0
0
0
0
0
0.01951176
0.016043429
0
0
0
0
0
0
0
0
0
0
0
0
0
0
0
0
0
0
0
0
0
0
0
0
0
0
0
0
0
0
0
0
0
0
0
0
0
0
0
0
0
0
0
0
0
0
0
0
0
0
0
0
0
0
0
0
0
0
0
0
0
0
0
0
0
0
0
0
0
0
0
0
0
0
0
0
0
0
0
0
0
0
0
0
0
0
0
0
0
0
0
0
0
0
0
0
0
0
0
0
0
0
0
0
0
0
0
0
0
0
0
0
0
0
0
0
0
0
0
0
0
0
0
0
0
0
0
0
0
0
0
0
0
0
0
0
0
0
0
0
0
0
0
0
0
0
0
0
0
0
0
0
0
0
0
0
0
0
0
0
0
0
0
0
0
0
0
0
0
0
0
0
0
0
0
0
0
0
0
0
0
0
0
0
0
0
0
0
0
0
0
0
0
0
0
0
0
0
0
0
0
0
0
0
0
0
0
0
0
0
0
0
0
0
0
0
0
0
0
0
0
0
0
0
0
0
0
0
0
0
0
0
0
0
0
0
0
0
0
0
0
0
0
0
0
0
0
0
0
0
0
0
0
0
0
0
0
0
0
0
0
0
0
0
0
0
0
0
0
0
0
0
0
0
0
0
0
0
0
0
0
0
0
0
0
0
0
0
0
0
0
0
0
0
0
0
0
0
0
0
0
0
0
0
0
0
0
0
0
0
0
0
0
0
0
0
0
0
0
0
0
0
0
0
0
0
0
0
0
0
0
0
0
0
0
0
0
0
0
0
0
0
0
0
0
0
0
0
0
0
0
0
0
0
0
0
0
0
0
0
0
0
0
0
0
0
0
0
0
0
0
0
0
0
0
0
0
0
0
0
0
0
0
0
0
0
0
0
0
0
0
0
0
0
0
0
0
0
0
0
0
0
0
0
0
0
0
0
0
0
0
0
0
0
0
0
0
0
0
0
0
0
0
0
0
0
0
0
0
0
0
0
0
0
0
0
0
0
0
0
0
0
0
0
0
0
0
0
0
0
0
0
0
0
0
0
0
0
0
0
0
0
0
0
0
0
0
0
0
0
0
0
0
0
0
0
0
0
0
0
0
0
0
0
0
0
0
0
0
0
0
0
0
0
0
0
0
0
0
0
0
0
0
0
0
0
0
0
0
0
0
0
0
0
0
0
0
0
0
0
0
0
0
0
0
0
0
0
0
0
0
0
0
0
0
0
0
0
0
0
0
0
0
0
0
0
0
0
0
0
0
0
0
0
0
0
0
0
0
0
0
0
0
0
0
0
0
0
0
0
0
0
0
0
0
0
0
0
0
0
0
0
0
0
0
0
0
0
0
0
0
0
0
0
0
0
0
0
0
0
0
0
0
0
0
0
0
0
0
0
0
0
0
0
0
0
0
0
0
0
0
0
0
0
0
0
0
0
0
0
0
0
0
0
0
0
0
0
0
0
0
0
0
0
0
0
0
0
0
0
0
0
0
0
0
0
0
0
0
0
0
0
0
0
0
0
0
0
0
0
0
0
0
0
0
0
0
0
0
0
0
0
0
0
0
0
0
0
0
0
0
0
0
0
0
0
0
0
0
0
0
0
0
0
0
0
0
0
0
0
0
0
0
0
0
0
0
0
0
0
0
0
0
0
0
0
0
0
0
0
0
0
0
0
0
0
0
0
0
0
0
0
0
0
0
0
0
0
0
0
0
0
0
0
0
0
0
0
0
0
0
0
0
0
0
0
0
0
0
0
0
0
0
0
0
0
0
0
0
0
0
0
0
0
0
0
0
0
0
0
0
0
0
0
0
0
0
0
0
0
0
0
0
0
0
0
0
0
0
0
0
0
0
0
0
0
0
0
0
0
0
0
0
0
0
0
0
0
0
0
0
0
0
0
0
0
0
0
0
0
0
0
0
0
0
0
0
0
0
0
0
0
0
0
0
0
0
0
0
0
0
0
0
0
0
0
0
0
0
0
0
0
0
0
0
0
0
0
0
0
0
0
0
0
0
0
0
0
0
0
0
0
0
0
0
0
0
0
0
0
0
0
0
0
0
0
0
0
0
0
0
0
0
0
0
0
0
0
0
0
0
0
0
0
0
0
0
0
0
0
0
0
0
0
0
0
0
0
0
0
0
0
0
0
0
0
0
0
0
0
0
0
0
0
0
0
0
0
0
0
0
0
0
0
0
0
0
0
0
0
0
0
0
0
0
0
0
0
0
0
0
0
0
0
0
0
0
0
0
0
0
0
0
0
0
0
0
0
0
0
0
0
0
0
0
0
0
0
0
0
0
0
0
0
0
0
0
0
0
0
0
0
0
0
0
0
0
0
0
0
0
0
0
0
0
0
0
0
0
0
0
0
0
0
0
0
0
0
0
0
0
0
0
0
0
0
0
0
0
0
0
0
0
0
0
0
0
0
0
0
0
0
0
0
0
0
0
0
0
0
0
0
0
0
0
0
0
0
0
0
0
0
0
0
0
0
0
0
0
0
0
0
0
0
0
0
0
0
0
0
0
0
0
0
0
0
0
0
0
0
0
0
0
0
0
0
0
0
0
0
0
0
0
0
0
0
0
0
0
0
0
0
0
0
0
0
0
0
0
0
0
0
0
0
0
0
0
0
0
0
0
0
0
0
0
0
0
0
0
0
0
0
0
0
0
0
0
0
0
0
0
0
0
0
0
0
0
0
0
0
0
0
0
0
0
0
0
0
0
0
0
0
0
0
0
0
0
0
0
0
0
0
0
0
0
0
0
0
0
0
0
0
0
0
0
0
0
0
0
0
0
0
0
0
0
0
0
0
0
0
0
0
0
0
0
0
0
0
0
0
0
0
0
0
0
0
0
0
0
0
0
0
0
0
0
0
0
0
0
0
0
0
0
0
0
0
0
0
0
0
0
0
0
0
0
0
0
0
0
0
0
0
0
0
0
0
0
0
0
0
0
0
0
0
0
0
0
0
0
0
0
0
0
0
0
0
0
0
0
0
0
0
0
0
0
0
0
0
0
0
0
0
0
0
0
0
0
0
0
0
0
0
0
0
0
0
0
0
0
0
0
0
0
0
0
0
0
0
0
0
0
0
0
0
0
0
0
0
0
0
0
0
0
0
0
0
0
0
0
0
0
0
0
0
0
0
0
0
0
0
0
0
0
0
0
0
0
0
0
0
0
0
0
0
0
0
0
0
0
0
0
0
0
0
0
0
0
0
0
0
0
0
0
0
0
0
0
0
0
0
0
0
0
0
0
0
0
0
0
0
0
0
0
0
0
0
0
0
0
0
0
0
0
0
0
0
0
0
0
0
0
0
0
0
0
0
0
0
0
0
0
0
0
0
0
0
0
0
0
0
0
0
0
0
0
0
0
0
0
0
0
0
0
0
0
0
0
0
0
0
0
0
0
0
0
0
0
0
0
0
0
0
0
0
0
0
0
0
0
0
0
0
0
0
0
0
0
0
0
0
0
0
0
0
0
0
0
0
0
0
0
0
0
0
0
0
0
0
0
0
0
0
0
0
0
0
0
0
0
0
0
0
0
0
0
0
0
0
0
0
0
0
0
0
0
0
0
0
0
0
0
0
0
0
0
0
0
0
0
0
0
0
0
0
0
0
0
0
0
0
0
0
0
0
0
0
0
0
0
0
0
0
0
0
0
0
0
0
0
0
0
0
0
0
0
0
0
0
0
0
0
0
0
0
0
0
0
0
0
0
0
0
0
0
0
0
0
0
0
0
0
0
0
0
0
0
0
0
0
0
0
0
0
0
0
0
0
0
0
0
0
0
0
0
0
0
0
0
0
0
0
0
0
0
0
0
0
0
0
0
0
0
0
0
0
0
0
0
0
0
0
0
0
0
0
0
0
0
0
0
0
0
0
0
0
0
0
0
0
0
0
0
0
0
0
0
0
0
0
0
0
0
0
0
0
0
0
0
0
0
0
0
0
0
0
0
0
0
0
0
0
0
0
0
0
0
0
0
0
0
0
0
0
0
0
0
0
0
0
0
0
0
0
0
0
0
0
0
0
0
0
0
0
0
0
0
0
0
0
0
0
0
0
0
0
0
0
0
0
0
0
0
0
0
0
0
0
0
0
0
0
0
0
0
0
0
0
0
0
0
0
0
0
0
0
0
0
0
0
0
0
0
0
0
0
0
0
0
0
0
0
0
0
0
0
0
0
0
0
0
0
0
0
0
0
0
0
0
0
0
0
0
0
0
0
0
0
0
0
0
0
0
0
0
0
0
0
0
0
0
0
0
0
0
0
0
0
0
0
0
0
0
0
0
0
0
0
0
0
0
0
0
0
0
0
0
0
0
0
0
0
0
0
0
0
0
0
0
0
0
0
0
0
0
0
0
0
0
0
0
0
0
0
0
0
0
0
0
0
0
0
0
0
0
0
0
0
0
0
0
0
0
0
0
0
0
0
0
0
0
0
0
0
0
0
0
0
0
0
0
0
0
0
0
0
0
0
0
0
0
0
0
0
0
0
0
0
0
0
0
0
0
0
0
0
0
0
0
0
0
0
0
0
0
0
0
0
0
0
0
0
0
0
0
0
0
0
0
0
0
0
0
0
0
0
0
0
0
0
0
0
0
0
0
0
0
0
0
0
0
0
0
0
0
0
0
0
0
0
0
0
0
0
0
0
0
0
0
0
0
0
0
0
0
0
0
0
0
0
0
0
0
0
0
0
0
0
0
0
0
0
0
0
0
0
0
0
0
0
0
0
0
0
0
0
0
0
0
0
0
0
0
0
0
0
0
0
0
0
0
0
0
0
0
0
0
0
0
0
0
0
0
0
0
0
0
0
0
0
0
0
0
0
0
0
0
0
0
0
0
0
0
0
0
0
0
0
0
0
0
0
0
0
0
0
0
0
0
0
0
0
0
0
0
0
0
0
0
0
0
0
0
0
0
0
0
0
0
0
0
0
0
0
0
0
0
0
0
0
0
0
0
0
0
0
0
0
0
0
0
0
0
0
0
0
0
0
0
0
0
0
0
0
0
0
0
0
0
0
0
0
0
0
0
0
0
0
0
0
0
0
0
0
0
0
0
0
0
0
0
0
0
0
0
0
0
0
0
0
0
0
0
0
0
0
0
0
0
0
0
0
0
0
0
0
0
0
0
0
0
0
0
0
0
0
0
0
0
0
0
0
0
0
0
0
0
0
0
0
0
0
0
0
0
0
0
0
0
0
0
0
0
0
0
0
0
0
0
0
0
0
0
0
0
0
0
0
0
0
0
0
0
0
0
0
0
0
0
0
0
0
0
0
0
0
0
0
0
0
0
0
0
0
0
0
0
0
0
0
0
0
0
0
0
0
0
0
0
0
0
0
0
0
0
0
0
0
0
0
0
0
0
0
0
0
0
0
0
0
0
0
0
0
0
0
0
0
0
0
0
0
0
0
0
0
0
0
0
0
0
0
0
0
0
0
0
0
0
0
0
0
0
0
0
0
0
0
0
0
0
0
0
0
0
0
0
0
0
0
0
0
0
0
0
0
0
0
0
0
0
0
0
0
0
0
0
0
0
0
0
0
0
0
0
0
0
0
0
0
0
0
0
0
0
0
0
0
0
0
0
0
0
0
0
0
0
0
0
0
0
0
0
0
0
0
0
0
0
0
0
0
0
0
0
0
0
0
0
0
0
0
0
0
0
0
0
0
0
0
0
0
0
0
0
0
0
0
0
0
0
0
0
0
0
0
0
0
0
0
0
0
0
0
0
0
0
0
0
0
0
0
0
0
0
0
0
0
0
0
0
0
0
0
0
0
0
0
0
0
0
0
0
0
0
0
0
0
0
0
0
0
0
0
0
0
0
0
0
0
0
0
0
0
0
0
0
0
0
0
0
0
0
0
0
0
0
0
0
0
0
0
0
0
0
0
0
0
0
0
0
0
0
0
0
0
0
0
0
0
0
0
0
0
0
0
0
0
0
0
0
0
0
0
0
0
0
0
0
0
0
0
0
0
0
0
0
0
0
0
0
0
0
0
0
0
0
0
0
0
0
0
0
0
0
0
0
0
0
0
0
0
0
0
0
0
0
0
0
0
0
0
0
0
0
0
0
0
0
0
0
0
0
0
0
0
0
0
0
0
0
0
0
0
0
0
0
0
0
0
0
0
0
0
0
0
0
0
0
0
0
0
0
0
0
0
0
0
0
0
0
0
0
0
0
0
0
0
0
0
0
0
0
0
0
0
0
0
0
0
0
0
0
0
0
0
0
0
0
0
0
0
0
0
0
0
0
0
0
0
0
0
0
0
0
0
0
0
0
0
0
0
0
0
0
0
0
0
0
0
0
0
0
0
0
0
0
0
0
0
0
0
0
0
0
0
0
0
0
0
0
0
0
0
0
0
0
0
0
0
0
0
0
0
0
0
0
0
0
0
0
0
0
0
0
0
0
0
0
0
0
0
0
0
0
0
0
0
0
0
0
0
0
0
0
0
0
0
0
0
0
0
0
0
0
0
0
0
0
0
0
0
0
0
0
0
0
0
0
0
0
0
0
0
0
0
0
0
0
0
0
0
0
0
0
0
0
0
0
0
0
0
0
0
0
0
0
0
0
0
0
0
0
0
0
0
0
0
0
0
0
0
0
0
0
0
0
0
0
0
0
0
0
0
0
0
0
0
0
0
0
0
0
0
0
0
0
0
0
0
0
0
0
0
0
0
0
0
0
0
0
0
0
0
0
0
0
0
0
0
0
0
0
0
0
0
0
0
0
0
0
0
0
0
0
0
0
0
0
0
0
0
0
0
0
0
0
0
0
0
0
0
0
0
0
0
0
0
0
0
0
0
0
0
0
0
0
0
0
0
0
0
0
0
0
0
0
0
0
0
0
0
0
0
0
0
0
0
0
0
0
0
0
0
0
0
0
0
0
0
0
0
0
0
0
0
0
0
0
0
0
0
0
0
0
0
0
0
0
0
0
0
0
0
0
0
0
0
0
0
0
0
0
0
0
0
0
0
0
0
0
0
0
0
0
0
0
0
0
0
0
0
0
0
0
0
0
0
0
0
0
0
0
0
0
0
0
0
0
0
0
0
0
0
0
0
0
0
0
0
0
0
0
0
0
0
0
0
0
0
0
0
0
0
0
0
0
0
0
0
0
0
0
0
0
0
0
0
0
0
0
0
0
0
0
0
0
0
0
0
0
0
0
0
0
0
0
0
0
0
0
0
0
0
0
0
0
0
0
0
0
0
0
0
0
0
0
0
0
0
0
0
0
0
0
0
0
0
0
0
0
0
0
0
0
0
0
0
0
0
0
0
0
0
0
0
0
0
0
0
0
0
0
0
0
0
0
0
0
0
0
0
0
0
0
0
0
0
0
0
0
0
0
0
0
0
0
0
0
0
0
0
0
0
0
0
0
0
0
0
0
0
0
0
0
0
0
0
0
0
0
0
0
0
0
0
0
0
0
0
0
0
0
0
0
0
0
0
0
0
0
0
0
0
0
0
0
0
0
0
0
0
0
0
0
0
0
0
0
0
0
0
0
0
0
0
0
0
0
0
0
0
0
0
0
0
0
0
0
0
0
0
0
0
0
0
0
0
0
0
0
0
0
0
0
0
0
0
0
0
0
0
0
0
0
0
0
0
0
0
0
0
0
0
0
0
0
0
0
0
0
0
0
0
0
0
0
0
0
0
0
0
0
0
0
0
0
0
0
0
0
0
0
0
0
0
0
0
0
0
0
0
0
0
0
0
0
0
0
0
0
0
0
0
0
0
0
0
0
0
0
0
0
0
0
0
0
0
0
0
0
0
0
0
0
0
0
0
0
0
0
0
0
0
0
0
0
0
0
0
0
0
0
0
0
0
0
0
0
0
0
0
0
0
0
0
0
0
0
0
0
0
0
0
0
0
0
0
0
0
0
0
0
0
0
0
0
0
0
0
0
0
0
0
0
0
0
0
0
0
0
0
0
0
0
0
0
0
0
0
0
0
0
0
0
0
0
0
0
0
0
0
0
0
0
0
0
0
0
0
0
0
0
0
0
0
0
0
0
0
0
0
0
0
0
0
0
0
0
0
0
0
0
0
0
0
0
0
0
0
0
0
0
0
0
0
0
0
0
0
0
0
0
0
0
0
0
0
0
0
0
0
0
0
0
0
0
0
0
0
0
0
0
0
0
0
0
0
0
0
0
0
0
0
0
0
0
0
0
0
0
0
0
0
0
0
0
0
0
0
0
0
0
0
0
0
0
0
0
0
0
0
0
0
0
0
0
0
0
0
0
0
0
0
0
0
0
0
0
0
0
0
0
0
0
0
0
0
0
0
0
0
0
0
0
0
0
0
0
0
0
0
0
0
0
0
0
0
0
0
0
0
0
0
0
0
0
0
0
0
0
0
0
0
0
0
0
0
0
0
0
0
0
0
0
0
0
0
0
0
0
0
0
0
0
0
0
0
0
0
0
0
0
0
0
0
0
0
0
0
0
0
0
0
0
0
0
0
0
0
0
0
0
0
0
0
0
0
0
0
0
0
0
0
0
0
0
0
0
0
0
0
0
0
0
0
0
0
0
0
0
0
0
0
0
0
0
0
0
0
0
0
0
0
0
0
0
0
0
0
0
0
0
0
0
0
0
0
0
0
0
0
0
0
0
0
0
0
0
0
0
0
0
0
0
0
0
0
0
0
0
0
0
0
0
0
0
0
0
0
0
0
0
0
0
0
0
0
0
0
0
0
0
0
0
0
0
0
0
0
0
0
0
0
0
0
0
0
0
0
0
0
0
0
0
0
0
0
0
0
0
0
0
0
0
0
0
0
0
0
0
0
0
0
0
0
0
0
0
0
0
0
0
0
0
0
0
0
0
0
0
0
0
0
0
0
0
0
0
0
0
0
0
0
0
0
0
0
0
0
0
0
0
0
0
0
0
0
0
0
0
0
0
0
0
0
0
0
0
0
0
0
0
0
0
0
0
0
0
0
0
0
0
0
0
0
0
0
0
0
0
0
0
0
0
0
0
0
0
0
0
0
0
0
0
0
0
0
0
0
0
0
0
0
0
0
0
0
0
0
0
0
0
0
0
0
0
0
0
0
0
0
0
0
0
0
0
0
0
0
0
0
0
0
0
0
0
0
0
0
0
0
0
0
0
0
0
0
0
0
0
0
0
0
0
0
0
0
0
0
0
0
0
0
0
0
0
0
0
0
0
0
0
0
0
0
0
0
0
0
0
0
0
0
0
0
0
0
0
0
0
0
0
0
0
0
0
0
0
0
0
0
0
0
0
0
0
0
0
0
0
0
0
0
0
0
0
0
0
0
0
0
0
0
0
0
0
0
0
0
0
0
0
0
0
0
0
0
0
0
0
0
0
0
0
0
0
0
0
0
0
0
0
0
0
0
0
0
0
0
0
0
0
0
0
0
0
0
0
0
0
0
0
0
0
0
0
0
0
0
0
0
0
0
0
0
0
0
0
0
0
0
0
0
0
0
0
0
0
0
0
0
0
0
0
0
0
0
0
0
0
0
0
0
0
0
0
0
0
0
0
0
0
0
0
0
0
0
0
0
0
0
0
0
0
0
0
0
0
0
0
0
0
0
0
0
0
0
0
0
0
0
0
0
0
0
0
0
0
0
0
0
0
0
0
0
0
0
0
0
0
0
0
0
0
0
0
0
0
0
0
0
0
0
0
0
0
0
0
0
0
0
0
0
0
0
0
0
0
0
0
0
0
0
0
0
0
0
0
0
0
0
0
0
0
0
0
0
0
0
0
0
0
0
0
0
0
0
0
0
0
0
0
0
0
0
0
0
0
0
0
0
0
0
0
0
0
0
0
0
0
0
0
0
0
0
0
0
0
0
0
0
0
0
0
0
0
0
0
0
0
0
0
0
0
0
0
0
0
0
0
0
0
0
0
0
0
0
0
0
0
0
0
0
0
0
0
0
0
0
0
0
0
0
0
0
0
0
0
0
0
0
0
0
0
0
0
0
0
0
0
0
0
0
0
0
0
0
0
0
0
0
0
0
0
0
0
0
0
0
0
0
0
0
0
0
0
0
0
0
0
0
0
0
0
0
0
0
0
0
0
0
0
0
0
0
0
0
0
0
0
0
0
0
0
0
0
0
0
0
0
0
0
0
0
0
0
0
0
0
0
0
0
0
0
0
0
0
0
0
0
0
0
0
0
0
0
0
0
0
0
0
0
0
0
0
0
0
0
0
0
0
0
0
0
0
0
0
0
0
0
0
0
0
0
0
0
0
0
0
0
0
0
0
0
0
0
0
0
0
0
0
0
0
0
0
0
0
0
0
0
0
0
0
0
0
0
0
0
0
0
0
0
0
0
0
0
0
0
0
0
0
0
0
0
0
0
0
0
0
0
0
0
0
0
0
0
0
0
0
0
0
0
0
0
0
0
0
0
0
0
0
0
0
0
0
0
0
0
0
0
0
0
0
0
0
0
0
0
0
0
0
0
0
0
0
0
0
0
0
0
0
0
0
0
0
0
0
0
0
0
0
0
0
0
0
0
0
0
0
0
0
0
0
0
0
0
0
0
0
0
0
0
0
0
0
0
0
0
0
0
0
0
0
0
0
0
0
0
0
0
0
0
0
0
0
0
0
0
0
0
0
0
0
0
0
0
0
0
0
0
0
0
0
0
0
0
0
0
0
0
0
0
0
0
0
0
0
0
0
0
0
0
0
0
0
0
0
0
0
0
0
0
0
0
0
0
0
0
0
0
0
0
0
0
0
0
0
0
0
0
0
0
0
0
0
0
0
0
0
0
0
0
0
0
0
0
0
0
0
0
0
0
0
0
0
0
0
0
0
0
0
0
0
0
0
0
0
0
0
0
0
0
0
0
0
0
0
0
0
0
0
0
0
0
0
0
0
0
0
0
0
0
0
0
0
0
0
0
0
0
0
0
0
0
0
0
0
0
0
0
0
0
0
0
0
0
0
0
0
0
0
0
0
0
0
0
0
0
0
0
0
0
0
0
0
0
0
0
0
0
0
0
0
0
0
0
0
0
0
0
0
0
0
0
0
0
0
0
0
0
0
0
0
0
0
0
0
0
0
0
0
0
0
0
0
0
0
0
0
0
0
0
0
0
0
0
0
0
0
0
0
0
0
0
0
0
0
0
0
0
0
0
0
0
0
0
0
0
0
0
0
0
0
0
0
0
0
0
0
0
0
0
0
0
0
0
0
0
0
0
0
0
0
0
0
0
0
0
0
0
0
0
0
0
0
0
0
0
0
0
0
0
0
0
0
0
0
0
0
0
0
0
0
0
0
0
0
0
0
0
0
0
0
0
0
0
0
0
0
0
0
0
0
0
0
0
0
0
0
0
0
0
0
0
0
0
0
0
0
0
0
0
0
0
0
0
0
0
0
0
0
0
0
0
0
0
0
0
0
0
0
0
0
0
0
0
0
0
0
0
0
0
0
0
0
0
0
0
0
0
0
0
0
0
0
0
0
0
0
0
0
0
0
0
0
0
0
0
0
0
0
0
0
0
0
0
0
0
0
0
0
0
0
0
0
0
0
0
0
0
0
0
0
0
0
0
0
0
0
0
0
0
0
0
0
0
0
0
0
0
0
0
0
0
0
0
0
0
0
0
0
0
0
0
0
0
0
0
0
0
0
0
0
0
0
0
0
0
0
0
0
0
0
0
0
0
0
0
0
0
0
0
0
0
0
0
0
0
0
0
0
0
0
0
0
0
0
0
0
0
0
0
0
0
0
0
0
0
0
0
0
0
0
0
0
0
0
0
0
0
0
0
0
0
0
0
0
0
0
0
0
0
0
0
0
0
0
0
0
0
0
0
0
0
0
0
0
0
0
0
0
0
0
0
0
0
0
0
0
0
0
0
0
0
0
0
0
0
0
0
0
0
0
0
0
0
0
0
0
0
0
0
0
0
0
0
0
0
0
0
0
0
0
0
0
0
0
0
0
0
0
0
0
0
0
0
0
0
0
0
0
0
0
0
0
0
0
0
0
0
0
0
0
0
0
0
0
0
0
0
0
0
0
0
0
0
0
0
0
0
0
0
0
0
0
0
0
0
0
0
0
0
0
0
0
0
0
0
0
0
0
0
0
0
0
0
0
0
0
0
0
0
0
0
0
0
0
0
0
0
0
0
0
0
0
0
0
0
0
0
0
0
0
0
0
0
0
0
0
0
0
0
0
0
0
0
0
0
0
0
0
0
0
0
0
0
0
0
0
0
0
0
0
0
0
0
0
0
0
0
0
0
0
0
0
0
0
0
0
0
0
0
0
0
0
0
0
0
0
0
0
0
0
0
0
0
0
0
0
0
0
0
0
0
0
0
0
0
0
0
0
0
0
0
0
0
0
0
0
0
0
0
0
0
0
0
0
0
0
0
0
0
0
0
0
0
0
0
0
0
0
0
0
0
0
0
0
0
0
0
0
0
0
0
0
0
0
0
0
0
0
0
0
0
0
0
0
0
0
0
0
0
0
0
0
0
0
0
0
0
0
0
0
0
0
0
0
0
0
0
0
0
0
0
0
0
0
0
0
0
0
0
0
0
0
0
0
0
0
0
0
0
0
0
0
0
0
0
0
0
0
0
0
0
0
0
0
0
0
0
0
0
0
0
0
0
0
0
0
0
0
0
0
0
0
0
0
0
0
0
0
0
0
0
0
0
0
0
0
0
0
0
0
0
0
0
0
0
0
0
0
0
0
0
0
0
0
0
0
0
0
0
0
0
0
0
0
0
0
0
0
0
0
0
0
0
0
0
0
0
0
0
0
0
0
0
0
0
0
0
0
0
0
0
0
0
0
0
0
0
0
0
0
0
0
0
0
0
0
0
0
0
0
0
0
0
0
0
0
0
0
0
0
0
0
0
0
0
0
0
0
0
0
0
0
0
0
0
0
0
0
0
0
0
0
0
0
0
0
0
0
0
0
0
0
0
0
0
0
0
0
0
0
0
0
0
0
0
0
0
0
0
0
0
0
0
0
0
0
0
0
0
0
0
0
0
0
0
0
0
0
0
0
0
0
0
0
0
0
0
0
0
0
0
0
0
0
0
0
0
0
0
0
0
0
0
0
0
0
0
0
0
0
0
0
0
0
0
0
0
0
0
0
0
0
0
0
0
0
0
0
0
0
0
0
0
0
0
0
0
0
0
0
0
0
0
0
0
0
0
0
0
0
0
0
0
0
0
0
0
0
0
0
0
0
0
0
0
0
0
0
0
0
0
0
0
0
0
0
0
0
0
0
0
0
0
0
0
0
0
0
0
0
0
0
0
0
0
0
0
0
0
0
0
0
0
0
0
0
0
0
0
0
0
0
0
0
0
0
0
0
0
0
0
0
0
0
0
0
0
0
0
0
0
0
0
0
0
0
0
0
0
0
0
0
0
0
0
0
0
0
0
0
0
0
0
0
0
0
0
0
0
0
0
0
0
0
0
0
0
0
0
0
0
0
0
0
0
0
0
0
0
0
0
0
0
0
0
0
0
0
0
0
0
0
0
0
0
0
0
0
0
0
0
0
0
0
0
0
0
0
0
0
0
0
0
0
0
0
0
0
0
0
0
0
0
0
0
0
0
0
0
0
0
0
0
0
0
0
0
0
0
0
0
0
0
0
0
0
0
0
0
0
0
0
0
0
0
0
0
0
0
0
0
0
0
0
0
0
0
0
0
0
0
0
0
0
0
0
0
0
0
0
0
0
0
0
0
0
0
0
0
0
0
0
0
0
0
0
0
0
0
0
0
0
0
0
0
0
0
0
0
0
0
0
0
0
0
0
0
0
0
0
0
0
0
0
0
0
0
0
0
0
0
0
0
0
0
0
0
0
0
0
0
0
0
0
0
0
0
0
0
0
0
0
0
0
0
0
0
0
0
0
0
0
0
0
0
0
0
0
0
0
0
0
0
0
0
0
0
0
0
0
0
0
0
0
0
0
0
0
0
0
0
0
0
0
0
0
0
0
0
0
0
0
0
0
0
0
0
0
0
0
0
0
0
0
0
0
0
0
0
0
0
0
0
0
0
0
0
0
0
0
0
0
0
0
0
0
0
0
0
0
0
0
0
0
0
0
0
0
0
0
0
0
0
0
0
0
0
0
0
0
0
0
0
0
0
0
0
0
0
0
0
0
0
0
0
0
0
0
0
0
0
0
0
0
0
0
0
0
0
0
0
0
0
0
0
0
0
0
0
0
0
0
0
0
0
0
0
0
0
0
0
0
0
0
0
0
0
0
0
0
0
0
0
0
0
0
0
0
0
0
0
0
0
0
0
0
0
0
0
0
0
0
0
0
0
0
0
0
0
0
0
0
0
0
0
0
0
0
0
0
0
0
0
0
0
0
0
0
0
0
0
0
0
0
0
0
0
0
0
0
0
0
0
0
0
0
0
0
0
0
0
0
0
0
0
0
0
0
0
0
0
0
0
0
0
0
0
0
0
0
0
0
0
0
0
0
0
0
0
0
0
0
0
0
0
0
0
0
0
0
0
0
0
0
0
0
0
0
0
0
0
0
0
0
0
0
0
0
0
0
0
0
0
0
0
0
0
0
0
0
0
0
0
0
0
0
0
0
0
0
0
0
0
0
0
0
0
0
0
0
0
0
0
0
0
0
0
0
0
0
0
0
0
0
0
0
0
0
0
0
0
0
0
0
0
0
0
0
0
0
0
0
0
0
0
0
0
0
0
0
0
0
0
0
0
0
0
0
0
0
0
0
0
0
0
0
0
0
0
0
0
0
0
0
0
0
0
0
0
0
0
0
0
0
0
0
0
0
0
0
0
0
0
0
0
0
0
0
0
0
0
0
0
0
0
0
0
0
0
0
0
0
0
0
0
0
0
0
0
0
0
0
0
0
0
0
0
0
0
0
0
0
0
0
0
0
0
0
0
0
0
0
0
0
0
0
0
0
0
0
0
0
0
0
0
0
0
0
0
0
0
0
0
0
0
0
0
0
0
0
0
0
0
0
0
0
0
0
0
0
0
0
0
0
0
0
0
0
0
0
0
0
0
0
0
0
0
0
0
0
0
0
0
0
0
0
0
0
0
0
0
0
0
0
0
0
0
0
0
0
0
0
0
0
0
0
0
0
0
0
0
0
0
0
0
0
0
0
0
0
0
0
0
0
0
0
0
0
0
0
0
0
0
0
0
0
0
0
0
0
0
0
0
0
0
0
0
0
0
0
0
0
0
0
0
0
0
0
0
0
0
0
0
0
0
0
0
0
0
0
0
0
0
0
0
0
0
0
0
0
0
0
0
0
0
0
0
0
0
0
0
0
0
0
0
0
0
0
0
0
0
0
0
0
0
0
0
0
0
0
0
0
0
0
0
0
0
0
0
0
0
0
0
0
0
0
0
0
0
0
0
0
0
0
0
0
0
0
0
0
0
0
0
0
0
0
0
0
0
0
0
0
0
0
0
0
0
0
0
0
0
0
0
0
0
0
0
0
0
0
0
0
0
0
0
0
0
0
0
0
0
0
0
0
0
0
0
0
0
0
0
0
0
0
0
0
0
0
0
0
0
0
0
0
0
0
0
0
0
0
0
0
0
0
0
0
0
0
0
0
0
0
0
0
0
0
0
0
0
0
0
0
0
0
0
0
0
0
0
0
0
0
0
0
0
0
0
0
0
0
0
0
0
0
0
0
0
0
0
0
0
0
0
0
0
0
0
0
0
0
0
0
0
0
0
0
0
0
0
0
0
0
0
0
0
0
0
0
0
0
0
0
0
0
0
0
0
0
0
0
0
0
0
0
0
0
0
0
0
0
0
0
0
0
0
0
0
0
0
0
0
0
0
0
0
0
0
0
0
0
0
0
0
0
0
0
0
0
0
0
0
0
0
0
0
0
0
0
0
0
0
0
0
0
0
0
0
0
0
0
0
0
0
0
0
0
0
0
0
0
0
0
0
0
0
0
0
0
0
0
0
0
0
0
0
0
0
0
0
0
0
0
0
0
0
0
0
0
0
0
0
0
0
0
0
0
0
0
0
0
0
0
0
0
0
0
0
0
0
0
0
0
0
0
0
0
0
0
0
0
0
0
0
0
0
0
0
0
0
0
0
0
0
0
0
0
0
0
0
0
0
0
0
0
0
0
0
0
0
0
0
0
0
0
0
0
0
0
0
0
0
0
0
0
0
0
0
0
0
0
0
0
0
0
0
0
0
0
0
0
0
0
0
0
0
0
0
0
0
0
0
0
0
0
0
0
0
0
0
0
0
0
0
0
0
0
0
0
0
0
0
0
0
0
0
0
0
0
0
0
0
0
0
0
0
0
0
0
0
0
0
0
0
0
0
0
0
0
0
0
0
0
0
0
0
0
0
0
0
0
0
0
0
0
0
0
0
0
0
0
0
0
0
0
0
0
0
0
0
0
0
0
0
0
0
0
0
0
0
0
0
0
0
0
0
0
0
0
0
0
0
0
0
0
0
0
0
0
0
0
0
0
0
0
0
0
0
0
0
0
0
0
0
0
0
0
0
0
0
0
0
0
0
0
0
0
0
0
0
0
0
0
0
0
0
0
0
0
0
0
0
0
0
0
0
0
0
0
0
0
0
0
0
0
0
0
0
0
0
0
0
0
0
0
0
0
0
0
0
0
0
0
0
0
0
0
0
0
0
0
0
0
0
0
0
0
0
0
0
0
0
0
0
0
0
0
0
0
0
0
0
0
0
0
0
0
0
0
0
0
0
0
0
0
0
0
0
0
0
0
0
0
0
0
0
0
0
0
0
0
0
0
0
0
0
0
0
0
0
0
0
0
0
0
0
0
0
0
0
0
0
0
0
0
0
0
0
0
0
0
0
0
0
0
0
0
0
0
0
0
0
0
0
0
0
0
0
0
0
0
0
0
0
0
0
0
0
0
0
0
0
0
0
0
0
0
0
0
0
0
0
0
0
0
0
0
0
0
0
0
0
0
0
0
0
0
0
0
0
0
0
0
0
0
0
0
0
0
0
0
0
0
0
0
0
0
0
0
0
0
0
0
0
0
0
0
0
0
0
0
0
0
0
0
0
0
0
0
0
0
0
0
0
0
0
0
0
0
0
0
0
0
0
0
0
0
0
0
0
0
0
0
0
0
0
0
0
0
0
0
0
0
0
0
0
0
0
0
0
0
0
0
0
0
0
0
0
0
0
0
0
0
0
0
0
0
0
0
0
0
0
0
0
0
0
0
0
0
0
0
0
0
0
0
0
0
0
0
0
0
0
0
0
0
0
0
0
0
0
0
0
0
0
0
0
0
0
0
0
0
0
0
0
0
0
0
0
0
0
0
0
0
0
0
0
0
0
0
0
0
0
0
0
0
0
0
0
0
0
0
0
0
0
0
0
0
0
0
0
0
0
0
0
0
0
0
0
0
0
0
0
0
0
0
0
0
0
0
0
0
0
0
0
0
0
0
0
0
0
0
0
0
0
0
0
0
0
0
0
0
0
0
0
0
0
0
0
0
0
0
0
0
0
0
0
0
0
0
0
0
0
0
0
0
0
0
0
0
0
0
0
0
0
0
0
0
0
0
0
0
0
0
0
0
0
0
0
0
0
0
0
0
0
0
0
0
0
0
0
0
0
0
0
0
0
0
0
0
0
0
0
0
0
0
0
0
0
0
0
0
0
0
0
0
0
0
0
0
0
0
0
0
0
0
0
0
0
0
0
0
0
0
0
0
0
0
0
0
0
0
0
0
0
0
0
0
0
0
0
0
0
0
0
0
0
0
0
0
0
0
0
0
0
0
0
0
0
0
0
0
0
0
0
0
0
0
0
0
0
0
0
0
0
0
0
0
0
0
0
0
0
0
0
0
0
0
0
0
0
0
0
0
0
0
0
0
0
0
0
0
0
0
0
0
0
0
0
0
0
0
0
0
0
0
0
0
0
0
0
0
0
0
0
0
0
0
0
0
0
0
0
0
0
0
0
0
0
0
0
0
0
0
0
0
0
0
0
0
0
0
0
0
0
0
0
0
0
0
0
0
0
0
0
0
0
0
0
0
0
0
0
0
0
0
0
0
0
0
0
0
0
0
0
0
0
0
0
0
0
0
0
0
0
0
0
0
0
0
0
0
0
0
0
0
0
0
0
0
0
0
0
0
0
0
0
0
0
0
0
0
0
0
0
0
0
0
0
0
0
0
0
0
0
0
0
0
0
0
0
0
0
0
0
0
0
0
0
0
0
0
0
0
0
0
0
0
0
0
0
0
0
0
0
0
0
0
0
0
0
0
0
0
0
0
0
0
0
0
0
0
0
0
0
0
0
0
0
0
0
0
0
0
0
0
0
0
0
0
0
0
0
0
0
0
0
0
0
0
0
0
0
0
0
0
0
0
0
0
0
0
0
0
0
0
0
0
0
0
0
0
0
0
0
0
0
0
0
0
0
0
0
0
0
0
0
0
0
0
0
0
0
0
0
0
0
0
0
0
0
0
0
0
0
0
0
0
0
0
0
0
0
0
0
0
0
0
0
0
0
0
0
0
0
0
0
0
0
0
0
0
0
0
0
0
0
0
0
0
0
0
0
0
0
0
0
0
0
0
0
0
0
0
0
0
0
0
0
0
0
0
0
0
0
0
0
0
0
0
0
0
0
0
0
0
0
0
0
0
0
0
0
0
0
0
0
0
0
0
0
0
0
0
0
0
0
0
0
0
0
0
0
0
0
0
0
0
0
0
0
0
0
0
0
0
0
0
0
0
0
0
0
0
0
0
0
0
0
0
0
0
0
0
0
0
0
0
0
0
0
0
0
0
0
0
0
0
0
0
0
0
0
0
0
0
0
0
0
0
0
0
0
0
0
0
0
0
0
0
0
0
0
0
0
0
0
0
0
0
0
0
0
0
0
0
0
0
0
0
0
0
0
0
0
0
0
0
0
0
0
0
0
0
0
0
0
0
0
0
0
0
0
0
0
0
0
0
0
0
0
0
0
0
0
0
0
0
0
0
0
0
0
0
0
0
0
0
0
0
0
0
0
0
0
0
0
0
0
0
0
0
0
0
0
0
0
0
0
0
0
0
0
0
0
0
0
0
0
0
0
0
0
0
0
0
0
0
0
0
0
0
0
0
0
0
0
0
0
0
0
0
0
0
0
0
0
0
0
0
0
0
0
0
0
0
0
0
0
0
0
0
0
0
0
0
0
0
0
0
0
0
0
0
0
0
0
0
0
0
0
0
0
0
0
0
0
0
0
0
0
0
0
0
0
0
0
0
0
0
0
0
0
0
0
0
0
0
0
0
0
0
0
0
0
0
0
0
0
0
0
0
0
0
0
0
0
0
0
0
0
0
0
0
0
0
0
0
0
0
0
0
0
0
0
0
0
0
0
0
0
0
0
0
0
0
0
0
0
0
0
0
0
0
0
0
0
0
0
0
0
0
0
0
0
0
0
0
0
0
0
0
0
0
0
0
0
0
0
0
0
0
0
0
0
0
0
0
0
0
0
0
0
0
0
0
0
0
0
0
0
0
0
0
0
0
0
0
0
0
0
0
0
0
0
0
0
0
0
0
0
0
0
0
0
0
0
0
0
0
0
0
0
0
0
0
0
0
0
0
0
0
0
0
0
0
0
0
0
0
0
0
0
0
0
0
0
0
0
0
0
0
0
0
0
0
0
0
0
0
0
0
0
0
0
0
0
0
0
0
0
0
0
0
0
0
0
0
0
0
0
0
0
0
0
0
0
0
0
0
0
0
0
0
0
0
0
0
0
0
0
0
0
0
0
0
0
0
0
0
0
0
0
0
0
0
0
0
0
0
0
0
0
0
0
0
0
0
0
0
0
0
0
0
0
0
0
0
0
0
0
0
0
0
0
0
0
0
0
0
0
0
0
0
0
0
0
0
0
0
0
0
0
0
0
0
0
0
0
0
0
0
0
0
0
0
0
0
0
0
0
0
0
0
0
0
0
0
0
0
0
0
0
0
0
0
0
0
0
0
0
0
0
0
0
0
0
0
0
0
0
0
0
0
0
0
0
0
0
0
0
0
0
0
0
0
0
0
0
0
0
0
0
0
0
0
0
0
0
0
0
0
0
0
0
0
0
0
0
0
0
0
0
0
0
0
0
0
0
0
0
0
0
0
0
0
0
0
0
0
0
0
0
0
0
0
0
0
0
0
0
0
0
0
0
0
0
0
0
0
0
0
0
0
0
0
0
0
0
0
0
0
0
0
0
0
0
0
0
0
0
0
0
0
0
0
0
0
0
0
0
0
0
0
0
0
0
0
0
0
0
0
0
0
0
0
0
0
0
0
0
0
0
0
0
0
0
0
0
0
0
0
0
0
0
0
0
0
0
0
0
0
0
0
0
0
0
0
0
0
0
0
0
0
0
0
0
0
0
0
0
0
0
0
0
0
0
0
0
0
0
0
0
0
0
0
0
0
0
0
0
0
0
0
0
0
0
0
0
0
0
0
0
0
0
0
0
0
0
0
0
0
0
0
0
0
0
0
0
0
0
0
0
0
0
0
0
0
0
0
0
0
0
0
0
0
0
0
0
0
0
0
0
0
0
0
0
0
0
0
0
0
0
0
0
0
0
0
0
0
0
0
0
0
0
0
0
0
0
0
0
0
0
0
0
0
0
0
0
0
0
0
0
0
0
0
0
0
0
0
0
0
0
0
0
0
0
0
0
0
0
0
0
0
0
0
0
0
0
0
0
0
0
0
0
0
0
0
0
0
0
0
0
0
0
0
0
0
0
0
0
0
0
0
0
0
0
0
0
0
0
0
0
0
0
0
0
0
0
0
0
0
0
0
0
0
0
0
0
0
0
0
0
0
0
0
0
0
0
0
0
0
0
0
0
0
0
0
0
0
0
0
0
0
0
0
0
0
0
0
0
0
0
0
0
0
0
0
0
0
0
0
0
0
0
0
0
0
0
0
0
0
0
0
0
0
0
0
0
0
0
0
0
0
0
0
0
0
0
0
0
0
0
0
0
0
0
0
0
0
0
0
0
0
0
0
0
0
0
0
0
0
0
0
0
0
0
0
0
0
0
0
0
0
0
0
0
0
0
0
0
0
0
0
0
0
0
0
0
0
0
0
0
0
0
0
0
0
0
0
0
0
0
0
0
0
0
0
0
0
0
0
0
0
0
0
0
0
0
0
0
0
0
0
0
0
0
0
0
0
0
0
0
0
0
0
0
0
0
0
0
0
0
0
0
0
0
0
0
0
0
0
0
0
0
0
0
0
0
0
0
0
0
0
0
0
0
0
0
0
0
0
0
0
0
0
0
0
0
0
0
0
0
0
0
0
0
0
0
0
0
0
0
0
0
0
0
0
0
0
0
0
0
0
0
0
0
0
0
0
0
0
0
0
0
0
0
0
0
0
0
0
0
0
0
0
0
0
0
0
0
0
0
0
0
0
0
0
0
0
0
0
0
0
0
0
0
0
0
0
0
0
0
0
0
0
0
0
0
0
0
0
0
0
0
0
0
0
0
0
0
0
0
0
0
0
0
0
0
0
0
0
0
0
0
0
0
0
0
0
0
0
0
0
0
0
0
0
0
0
0
0
0
0
0
0
0
0
0
0
0
0
0
0
0
0
0
0
0
0
0
0
0
0
0
0
0
0
0
0
0
0
0
0
0
0
0
0
0
0
0
0
0
0
0
0
0
0
0
0
0
0
0
0
0
0
0
0
0
0
0
0
0
0
0
0
0
0
0
0
0
0
0
0
0
0
0
0
0
0
0
0
0
0
0
0
0
0
0
0
0
0
0
0
0
0
0
0
0
0
0
0
0
0
0
0
0
0
0
0
0
0
0
0
0
0
0
0
0
0
0
0
0
0
0
0
0
0
0
0
0
0
0
0
0
0
0
0
0
0
0
0
0
0
0
0
0
0
0
0
0
0
0
0
0
0
0
0
0
0
0
0
0
0
0
0
0
0
0
0
0
0
0
0
0
0
0
0
0
0
0
0
0
0
0
0
0
0
0
0
0
0
0
0
0
0
0
0
0
0
0
0
0
0
0
0
0
0
0
0
0
0
0
0
0
0
0
0
0
0
0
0
0
0
0
0
0
0
0
0
0
0
0
0
0
0
0
0
0
0
0
0
0
0
0
0
0
0
0
0
0
0
0
0
0
0
0
0
0
0
0
0
0
0
0
0
0
0
0
0
0
0
0
0
0
0
0
0
0
0
0
0
0
0
0
0
0
0
0
0
0
0
0
0
0
0
0
0
0
0
0
0
0
0
0
0
0
0
0
0
0
0
0
0
0
0
0
0
0
0
0
0
0
0
0
0
0
0
0
0
0
0
0
0
0
0
0
0
0
0
0
0
0
0
0
0
0
0
0
0
0
0
0
0
0
0
0
0
0
0
0
0
0
0
0
0
0
0
0
0
0
0
0
0
0
0
0
0
0
0
0
0
0
0
0
0
0
0
0
0
0
0
0
0
0
0
0
0
0
0
0
0
0
0
0
0
0
0
0
0
0
0
0
0
0
0
0
0
0
0
0
0
0
0
0
0
0
0
0
0
0
0
0
0
0
0
0
0
0
0
0
0
0
0
0
0
0
0
0
0
0
0
0
0
0
0
0
0
0
0
0
0
0
0
0
0
0
0
0
0
0
0
0
0
0
0
0
0
0
0
0
0
0
0
0
0
0
0
0
0
0
0
0
0
0
0
0
0
0
0
0
0
0
0
0
0
0
0
0
0
0
0
0
0
0
0
0
0
0
0
0
0
0
0
0
0
0
0
0
0
0
0
0
0
0
0
0
0
0
0
0
0
0
0
0
0
0
0
0
0
0
0
0
0
0
0
0
0
0
0
0
0
0
0
0
0
0
0
0
0
0
0
0
0
0
0
0
0
0
0
0
0
0
0
0
0
0
0
0
0
0
0
0
0
0
0
0
0
0
0
0
0
0
0
0
0
0
0
0
0
0
0
0
0
0
0
0
0
0
0
0
0
0
0
0
0
0
0
0
0
0
0
0
0
0
0
0
0
0
0
0
0
0
0
0
0
0
0
0
0
0
0
0
0
0
0
0
0
0
0
0
0
0
0
0
0
0
0
0
0
0
0
0
0
0
0
0
0
0
0
0
0
0
0
0
0
0
0
0
0
0
0
0
0
0
0
0
0
0
0
0
0
0
0
0
0
0
0
0
0
0
0
0
0
0
0
0
0
0
0
0
0
0
0
0
0
0
0
0
0
0
0
0
0
0
0
0
0
0
0
0
0
0
0
0
0
0
0
0
0
0
0
0
0
0
0
0
0
0
0
0
0
0
0
0
0
0
0
0
0
0
0
0
0
0
0
0
0
0
0
0
0
0
0
0
0
0
0
0
0
0
0
0
0
0
0
0
0
0
0
0
0
0
0
0
0
0
0
0
0
0
0
0
0
0
0
0
0
0
0
0
0
0
0
0
0
0
0
0
0
0
0
0
0
0
0
0
0
0
0
0
0
0
0
0
0
0
0
0
0
0
0
0
0
0
0
0
0
0
0
0
0
0
0
0
0
0
0
0
0
0
0
0
0
0
0
0
0
0
0
0
0
0
0
0
0
0
0
0
0
0
0
0
0
0
0
0
0
0
0
0
0
0
0
0
0
0
0
0
0
0
0
0
0
0
0
0
0
0
0
0
0
0
0
0
0
0
0
0
0
0
0
0
0
0
0
0
0
0
0
0
0
0
0
0
0
0
0
0
0
0
0
0
0
0
0
0
0
0
0
0
0
0
0
0
0
0
0
0
0
0
0
0
0
0
0
0
0
0
0
0
0
0
0
0
0
0
0
0
0
0
0
0
0
0
0
0
0
0
0
0
0
0
0
0
0
0
0
0
0
0
0
0
0
0
0
0
0
0
0
0
0
0
0
0
0
0
0
0
0
0
0
0
0
0
0
0
0
0
0
0
0
0
0
0
0
0
0
0
0
0
0
0
0
0
0
0
0
0
0
0
0
0
0
0
0
0
0
0
0
0
0
0
0
0
0
0
0
0
0
0
0
0
0
0
0
0
0
0
0
0
0
0
0
0
0
0
0
0
0
0
0
0
0
0
0
0
0
0
0
0
0
0
0
0
0
0
0
0
0
0
0
0
0
0
0
0
0
0
0
0
0
0
0
0
0
0
0
0
0
0
0
0
0
0
0
0
0
0
0
0
0
0
0
0
0
0
0
0
0
0
0
0
0
0
0
0
0
0
0
0
0
0
0
0
0
0
0
0
0
0
0
0
0
0
0
0
0
0
0
0
0
0
0
0
0
0
0
0
0
0
0
0
0
0
0
0
0
0
0
0
0
0
0
0
0
0
0
0
0
0
0
0
0
0
0
0
0
0
0
0
0
0
0
0
0
0
0
0
0
0
0
0
0
0
0
0
0
0
0
0
0
0
0
0
0
0
0
0
0
0
0
0
0
0
0
0
0
0
0
0
0
0
0
0
0
0
0
0
0
0
0
0
0
0
0
0
0
0
0
0
0
0
0
0
0
0
0
0
0
0
0
0
0
0
0
0
0
0
0
0
0
0
0
0
0
0
0
0
0
0
0
0
0
0
0
0
0
0
0
0
0
0
0
0
0
0
0
0
0
0
0
0
0
0
0
0
0
0
0
0
0
0
0
0
0
0
0
0
0
0
0
0
0
0
0
0
0
0
0
0
0
0
0
0
0
0
0
0
0
0
0
0
0
0
0
0
0
0
0
0
0
0
0
0
0
0
0
0
0
0
0
0
0
0
0
0
0
0
0
0
0
0
0
0
0
0
0
0
0
0
0
0
0
0
0
0
0
0
0
0
0
0
0
0
0
0
0
0
0
0
0
0
0
0
0
0
0
0
0
0
0
0
0
0
0
0
0
0
0
0
0
0
0
0
0
0
0
0
0
0
0
0
0
0
0
0
0
0
0
0
0
0
0
0
0
0
0
0
0
0
0
0
0
0
0
0
0
0
0
0
0
0
0
0
0
0
0
0
0
0
0
0
0
0
0
0
0
0
0
0
0
0
0
0
0
0
0
0
0
0
0
0
0
0
0
0
0
0
0
0
0
0
0
0
0
0
0
0
0
0
0
0
0
0
0
0
0
0
0
0
0
0
0
0
0
0
0
0
0
0
0
0
0
0
0
0
0
0
0
0
0
0
0
0
0
0
0
0
0
0
0
0
0
0
0
0
0
0
0
0
0
0
0
0
0
0
0
0
0
0
0
0
0
0
0
0
0
0
0
0
0
0
0
0
0
0
0
0
0
0
0
0
0
0
0
0
0
0
0
0
0
0
0
0
0
0
0
0
0
0
0
0
0
0
0
0
0
0
0
0
0
0
0
0
0
0
0
0
0
0
0
0
0
0
0
0
0
0
0
0
0
0
0
0
0
0
0
0
0
0
0
0
0
0
0
0
0
0
0
0
0
0
0
0
0
0
0
0
0
0
0
0
0
0
0
0
0
0
0
0
0
0
0
0
0
0
0
0
0
0
0
0
0
0
0
0
0
0
0
0
0
0
0
0
0
0
0
0
0
0
0
0
0
0
0
0
0
0
0
0
0
0
0
0
0
0
0
0
0
0
0
0
0
0
0
0
0
0
0
0
0
0
0
0
0
0
0
0
0
0
0
0
0
0
0
0
0
0
0
0
0
0
0
0
0
0
0
0
0
0
0
0
0
0
0
0
0
0
0
0
0
0
0
0
0
0
0
0
0
0
0
0
0
0
0
0
0
0
0
0
0
0
0
0
0
0
0
0
0
0
0
0
0
0
0
0
0
0
0
0
0
0
0
0
0
0
0
0
0
0
0
0
0
0
0
0
0
0
0
0
0
0
0
0
0
0
0
0
0
0
0
0
0
0
0
0
0
0
0
0
0
0
0
0
0
0
0
0
0
0
0
0
0
0
0
0
0
0
0
0
0
0
0
0
0
0
0
0
0
0
0
0
0
0
0
0
0
0
0
0
0
0
0
0
0
0
0
0
0
0
0
0
0
0
0
0
0
0
0
0
0
0
0
0
0
0
0
0
0
0
0
0
0
0
0
0
0
0
0
0
0
0
0
0
0
0
0
0
0
0
0
0
0
0
0
0
0
0
0
0
0
0
0
0
0
0
0
0
0
0
0
0
0
0
0
0
0
0
0
0
0
0
0
0
0
0
0
0
0
0
0
0
0
0
0
0
0
0
0
0
0
0
0
0
0
0
0
0
0
0
0
0
0
0
0
0
0
0
0
0
0
0
0
0
0
0
0
0
0
0
0
0
0
0
0
0
0
0
0
0
0
0
0
0
0
0
0
0
0
0
0
0
0
0
0
0
0
0
0
0
0
0
0
0
0
0
0
0
0
0
0
0
0
0
0
0
0
0
0
0
0
0
0
0
0
0
0
0
0
0
0
0
0
0
0
0
0
0
0
0
0
0
0
0
0
0
0
0
0
0
0
0
0
0
0
0
0
0
0
0
0
0
0
0
0
0
0
0
0
0
0
0
0
0
0
0
0
0
0
0
0
0
0
0
0
0
0
0
0
0
0
0
0
0
0
0
0
0
0
0
0
0
0
0
0
0
0
0
0
0
0
0
0
0
0
0
0
0
0
0
0
0
0
0
0
0
0
0
0
0
0
0
0
0
0
0
0
0
0
0
0
0
0
0
0
0
0
0
0
0
0
0
0
0
0
0
0
0
0
0
0
0
0
0
0
0
0
0
0
0
0
0
0
0
0
0
0
0
0
0
0
0
0
0
0
0
0
0
0
0
0
0
0
0
0
0
0
0
0
0
0
0
0
0
0
0
0
0
0
0
0
0
0
0
0
0
0
0
0
0
0
0
0
0
0
0
0
0
0
0
0
0
0
0
0
0
0
0
0
0
0
0
0
0
0
0
0
0
0
0
0
0
0
0
0
0
0
0
0
0
0
0
0
0
0
0
0
0
0
0
0
0
0
0
0
0
0
0
0
0
0
0
0
0
0
0
0
0
0
0
0
0
0
0
0
0
0
0
0
0
0
0
0
0
0
0
0
0
0
0
0
0
0
0
0
0
0
0
0
0
0
0
0
0
0
0
0
0
0
0
0
0
0
0
0
0
0
0
0
0
0
0
0
0
0
0
0
0
0
0
0
0
0
0
0
0
0
0
0
0
0
0
0
0
0
0
0
0
0
0
0
0
0
0
0
0
0
0
0
0
0
0
0
0
0
0
0
0
0
0
0
0
0
0
0
0
0
0
0
0
0
0
0
0
0
0
0
0
0
0
0
0
0
0
0
0
0
0
0
0
0
0
0
0
0
0
0
0
0
0
0
0
0
0
0
0
0
0
0
0
0
0
0
0
0
0
0
0
0
0
0
0
0
0
0
0
0
0
0
0
0
0
0
0
0
0
0
0
0
0
0
0
0
0
0
0
0
0
0
0
0
0
0
0
0
0
0
0
0
0
0
0
0
0
0
0
0
0
0
0
0
0
0
0
0
0
0
0
0
0
0
0
0
0
0
0
0
0
0
0
0
0
0
0
0
0
0
0
0
0
0
0
0
0
0
0
0
0
0
0
0
0
0
0
0
0
0
0
0
0
0
0
0
0
0
0
0
0
0
0
0
0
0
0
0
0
0
0
0
0
0
0
0
0
0
0
0
0
0
0
0
0
0
0
0
0
0
0
0
0
0
0
0
0
0
0
0
0
0
0
0
0
0
0
0
0
0
0
0
0
0
0
0
0
0
0
0
0
0
0
0
0
0
0
0
0
0
0
0
0
0
0
0
0
0
0
0
0
0
0
0
0
0
0
0
0
0
0
0
0
0
0
0
0
0
0
0
0
0
0
0
0
0
0
0
0
0
0
0
0
0
0
0
0
0
0
0
0
0
0
0
0
0
0
0
0
0
0
0
0
0
0
0
0
0
0
0
0
0
0
0
0
0
0
0
0
0
0
0
0
0
0
0
0
0
0
0
0
0
0
0
0
0
0
0
0
0
0
0
0
0
0
0
0
0
0
0
0
0
0
0
0
0
0
0
0
0
0
0
0
0
0
0
0
0
0
0
0
0
0
0
0
0
0
0
0
0
0
0
0
0
0
0
0
0
0
0
0
0
0
0
0
0
0
0
0
0
0
0
0
0
0
0
0
0
0
0
0
0
0
0
0
0
0
0
0
0
0
0
0
0
0
0
0
0
0
0
0
0
0
0
0
0
0
0
0
0
0
0
0
0
0
0
0
0
0
0
0
0
0
0
0
0
0
0
0
0
0
0
0
0
0
0
0
0
0
0
0
0
0
0
0
0
0
0
0
0
0
0
0
0
0
0
0
0
0
0
0
0
0
0
0
0
0
0
0
0
0
0
0
0
0
0
0
0
0
0
0
0
0
0
0
0
0
0
0
0
0
0
0
0
0
0
0
0
0
0
0
0
0
0
0
0
0
0
0
0
0
0
0
0
0
0
0
0
0
0
0
0
0
0
0
0
0
0
0
0
0
0
0
0
0
0
0
0
0
0
0
0
0
0
0
0
0
0
0
0
0
0
0
0
0
0
0
0
0
0
0
0
0
0
0
0
0
0
0
0
0
0
0
0
0
0
0
0
0
0
0
0
0
0
0
0
0
0
0
0
0
0
0
0
0
0
0
0
0
0
0
0
0
0
0
0
0
0
0
0
0
0
0
0
0
0
0
0
0
0
0
0
0
0
0
0
0
0
0
0
0
0
0
0
0
0
0
0
0
0
0
0
0
0
0
0
0
0
0
0
0
0
0
0
0
0
0
0
0
0
0
0
0
0
0
0
0
0
0
0
0
0
0
0
0
0
0
0
0
0
0
0
0
0
0
0
0
0
0
0
0
0
0
0
0
0
0
0
0
0
0
0
0
0
0
0
0
0
0
0
0
0
0
0
0
0
0
0
0
0
0
0
0
0
0
0
0
0
0
0
0
0
0
0
0
0
0
0
0
0
0
0
0
0
0
0
0
0
0
0
0
0
0
0
0
0
0
0
0
0
0
0
0
0
0
0
0
0
0
0
0
0
0
0
0
0
0
0
0
0
0
0
0
0
0
0
0
0
0
0
0
0
0
0
0
0
0
0
0
0
0
0
0
0
0
0
0
0
0
0
0
0
0
0
0
0
0
0
0
0
0
0
0
0
0
0
0
0
0
0
0
0
0
0
0
0
0
0
0
0
0
0
0
0
0
0
0
0
0
0
0
0
0
0
0
0
0
0
0
0
0
0
0
0
0
0
0
0
0
0
0
0
0
0
0
0
0
0
0
0
0
0
0
0
0
0
0
0
0
0
0
0
0
0
0
0
0
0
0
0
0
0
0
0
0
0
0
0
0
0
0
0
0
0
0
0
0
0
0
0
0
0
0
0
0
0
0
0
0
0
0
0
0
0
0
0
0
0
0
0
0
0
0
0
0
0
0
0
0
0
0
0
0
0
0
0
0
0
0
0
0
0
0
0
0
0
0
0
0
0
0
0
0
0
0
0
0
0
0
0
0
0
0
0
0
0
0
0
0
0
0
0
0
0
0
0
0
0
0
0
0
0
0
0
0
0
0
0
0
0
0
0
0
0
0
0
0
0
0
0
0
0
0
0
0
0
0
0
0
0
0
0
0
0
0
0
0
0
0
0
0
0
0
0
0
0
0
0
0
0
0
0
0
0
0
0
0
0
0
0
0
0
0
0
0
0
0
0
0
0
0
0
0
0
0
0
0
0
0
0
0
0
0
0
0
0
0
0
0
0
0
0
0
0
0
0
0
0
0
0
0
0
0
0
0
0
0
0
0
0
0
0
0
0
0
0
0
0
0
0
0
0
0
0
0
0
0
0
0
0
0
0
0
0
0
0
0
0
0
0
0
0
0
0
0
0
0
0
0
0
0
0
0
0
0
0
0
0
0
0
0
0
0
0
0
0
0
0
0
0
0
0
0
0
0
0
0
0
0
0
0
0
0
0
0
0
0
0
0
0
0
0
0
0
0
0
0
0
0
0
0
0
0
0
0
0
0
0
0
0
0
0
0
0
0
0
0
0
0
0
0
0
0
0
0
0
0
0
0
0
0
0
0
0
0
0
0
0
0
0
0
0
0
0
0
0
0
0
0
0
0
0
0
0
0
0
0
0
0
0
0
0
0
0
0
0
0
0
0
0
0
0
0
0
0
0
0
0
0
0
0
0
0
0
0
0
0
0
0
0
0
0
0
0
0
0
0
0
0
0
0
0
0
0
0
0
0
0
0
0
0
0
0
0
0
0
0
0
0
0
0
0
0
0
0
0
0
0
0
0
0
0
0
0
0
0
0
0
0
0
0
0
0
0
0
0
0
0
0
0
0
0
0
0
0
0
0
0
0
0
0
0
0
0
0
0
0
0
0
0
0
0
0
0
0
0
0
0
0
0
0
0
0
0
0
0
0
0
0
0
0
0
0
0
0
0
0
0
0
0
0
0
0
0
0
0
0
0
0
0
0
0
0
0
0
0
0
0
0
0
0
0
0
0
0
0
0
0
0
0
0
0
0
0
0
0
0
0
0
0
0
0
0
0
0
0
0
0
0
0
0
0
0
0
0
0
0
0
0
0
0
0
0
0
0
0
0
0
0
0
0
0
0
0
0
0
0
0
0
0
0
0
0
0
0
0
0
0
0
0
0
0
0
0
0
0
0
0
0
0
0
0
0
0
0
0
0
0
0
0
0
0
0
0
0
0
0
0
0
0
0
0
0
0
0
0
0
0
0
0
0
0
0
0
0
0
0
0
0
0
0
0
0
0
0
0
0
0
0
0
0
0
0
0
0
0
0
0
0
0
0
0
0
0
0
0
0
0
0
0
0
0
0
0
0
0
0
0
0
0
0
0
0
0
0
0
0
0
0
0
0
0
0
0
0
0
0
0
0
0
0
0
0
0
0
0
0
0
0
0
0
0
0
0
0
0
0
0
0
0
0
0
0
0
0
0
0
0
0
0
0
0
0
0
0
0
0
0
0
0
0
0
0
0
0
0
0
0
0
0
0
0
0
0
0
0
0
0
0
0
0
0
0
0
0
0
0
0
0
0
0
0
0
0
0
0
0
0
0
0
0
0
0
0
0
0
0
0
0
0
0
0
0
0
0
0
0
0
0
0
0
0
0
0
0
0
0
0
0
0
0
0
0
0
0
0
0
0
0
0
0
0
0
0
0
0
0
0
0
0
0
0
0
0
0
0
0
0
0
0
0
0
0
0
0
0
0
0
0
0
0
0
0
0
0
0
0
0
0
0
0
0
0
0
0
0
0
0
0
0
0
0
0
0
0
0
0
0
0
0
0
0
0
0
0
0
0
0
0
0
0
0
0
0
0
0
0
0
0
0
0
0
0
0
0
0
0
0
0
0
0
0
0
0
0
0
0
0
0
0
0
0
0
0
0
0
0
0
0
0
0
0
0
0
0
0
0
0
0
0
0
0
0
0
0
0
0
0
0
0
0
0
0
0
0
0
0
0
0
0
0
0
0
0
0
0
0
0
0
0
0
0
0
0
0
0
0
0
0
0
0
0
0
0
0
0
0
0
0
0
0
0
0
0
0
0
0
0
0
0
0
0
0
0
0
0
0
0
0
0
0
0
0
0
0
0
0
0
0
0
0
0
0
0
0
0
0
0
0
0
0
0
0
0
0
0
0
0
0
0
0
0
0
0
0
0
0
0
0
0
0
0
0
0
0
0
0
0
0
0
0
0
0
0
0
0
0
0
0
0
0
0
0
0
0
0
0
0
0
0
0
0
0
0
0
0
0
0
0
0
0
0
0
0
0
0
0
0
0
0
0
0
0
0
0
0
0
0
0
0
0
0
0
0
0
0
0
0
0
0
0
0
0
0
0
0
0
0
0
0
0
0
0
0
0
0
0
0
0
0
0
0
0
0
0
0
0
0
0
0
0
0
0
0
0
0
0
0
0
0
0
0
0
0
0
0
0
0
0
0
0
0
0
0
0
0
0
0
0
0
0
0
0
0
0
0
0
0
0
0
0
0
0
0
0
0
0
0
0
0
0
0
0
0
0
0
0
0
0
0
0
0
0
0
0
0
0
0
0
0
0
0
0
0
0
0
0
0
0
0
0
0
0
0
0
0
0
0
0
0
0
0
0
0
0
0
0
0
0
0
0
0
0
0
0
0
0
0
0
0
0
0
0
0
0
0
0
0
0
0
0
0
0
0
0
0
0
0
0
0
0
0
0
0
0
0
0
0
0
0
0
0
0
0
0
0
0
0
0
0
0
0
0
0
0
0
0
0
0
0
0
0
0
0
0
0
0
0
0
0
0
0
0
0
0
0
0
0
0
0
0
0
0
0
0
0
0
0
0
0
0
0
0
0
0
0
0
0
0
0
0
0
0
0
0
0
0
0
0
0
0
0
0
0
0
0
0
0
0
0
0
0
0
0
0
0
0
0
0
0
0
0
0
0
0
0
0
0
0
0
0
0
0
0
0
0
0
0
0
0
0
0
0
0
0
0
0
0
0
0
0
0
0
0
0
0
0
0
0
0
0
0
0
0
0
0
0
0
0
0
0
0
0
0
0
0
0
0
0
0
0
0
0
0
0
0
0
0
0
0
0
0
0
0
0
0
0
0
0
0
0
0
0
0
0
0
0
0
0
0
0
0
0
0
0
0
0
0
0
0
0
0
0
0
0
0
0
0
0
0
0
0
0
0
0
0
0
0
0
0
0
0
0
0
0
0
0
0
0
0
0
0
0
0
0
0
0
0
0
0
0
0
0
0
0
0
0
0
0
0
0
0
0
0
0
0
0
0
0
0
0
0
0
0
0
0
0
0
0
0
0
0
0
0
0
0
0
0
0
0
0
0
0
0
0
0
0
0
0
0
0
0
0
0
0
0
0
0
0
0
0
0
0
0
0
0
0
0
0
0
0
0
0
0
0
0
0
0
0
0
0
0
0
0
0
0
0
0
0
0
0
0
0
0
0
0
0
0
0
0
0
0
0
0
0
0
0
0
0
0
0
0
0
0
0
0
0
0
0
0
0
0
0
0
0
0
0
0
0
0
0
0
0
0
0
0
0
0
0
0
0
0
0
0
0
0
0
0
0
0
0
0
0
0
0
0
0
0
0
0
0
0
0
0
0
0
0
0
0
0
0
0
0
0
0
0
0
0
0
0
0
0
0
0
0
0
0
0
0
0
0
0
0
0
0
0
0
0
0
0
0
0
0
0
0
0
0
0
0
0
0
0
0
0
0
0
0
0
0
0
0
0
0
0
0
0
0
0
0
0
0
0
0
0
0
0
0
0
0
0
0
0
0
0
0
0
0
0
0
0
0
0
0
0
0
0
0
0
0
0
0
0
0
0
0
0
0
0
0
0
0
0
0
0
0
0
0
0
0
0
0
0
0
0
0
0
0
0
0
0
0
0
0
0
0
0
0
0
0
0
0
0
0
0
0
0
0
0
0
0
0
0
0
0
0
0
0
0
0
0
0
0
0
0
0
0
0
0
0
0
0
0
0
0
0
0
0
0
0
0
0
0
0
0
0
0
0
0
0
0
0
0
0
0
0
0
0
0
0
0
0
0
0
0
0
0
0
0
0
0
0
0
0
0
0
0
0
0
0
0
0
0
0
0
0
0
0
0
0
0
0
0
0
0
0
0
0
0
0
0
0
0
0
0
0
0
0
0
0
0
0
0
0
0
0
0
0
0
0
0
0
0
0
0
0
0
0
0
0
0
0
0
0
0
0
0
0
0
0
0
0
0
0
0
0
0
0
0
0
0
0
0
0
0
0
0
0
0
0
0
0
0
0
0
0
0
0
0
0
0
0
0
0
0
0
0
0
0
0
0
0
0
0
0
0
0
0
0
0
0
0
0
0
0
0
0
0
0
0
0
0
0
0
0
0
0
0
0
0
0
0
0
0
0
0
0
0
0
0
0
0
0
0
0
0
0
0
0
0
0
0
0
0
0
0
0
0
0
0
0
0
0
0
0
0
0
0
0
0
0
0
0
0
0
0
0
0
0
0
0
0
0
0
0
0
0
0
0
0
0
0
0
0
0
0
0
0
0
0
0
0
0
0
0
0
0
0
0
0
0
0
0
0
0
0
0
0
0
0
0
0
0
0
0
0
0
0
0
0
0
0
0
0
0
0
0
0
0
0
0
0
0
0
0
0
0
0
0
0
0
0
0
0
0
0
0
0
0
0
0
0
0
0
0
0
0
0
0
0
0
0
0
0
0
0
0
0
0
0
0
0
0
0
0
0
0
0
0
0
0
0
0
0
0
0
0
0
0
0
0
0
0
0
0
0
0
0
0
0
0
0
0
0
0
0
0
0
0
0
0
0
0
0
0
0
0
0
0
0
0
0
0
0
0
0
0
0
0
0
0
0
0
0
0
0
0
0
0
0
0
0
0
0
0
0
0
0
0
0
0
0
0
0
0
0
0
0
0
0
0
0
0
0
0
0
0
0
0
0
0
0
0
0
0
0
0
0
0
0
0
0
0
0
0
0
0
0
0
0
0
0
0
0
0
0
0
0
0
0
0
0
0
0
0
0
0
0
0
0
0
0
0
0
0
0
0
0
0
0
0
0
0
0
0
0
0
0
0
0
0
0
0
0
0
0
0
0
0
0
0
0
0
0
0
0
0
0
0
0
0
0
0
0
0
0
0
0
0
0
0
0
0
0
0
0
0
0
0
0
0
0
0
0
0
0
0
0
0
0
0
0
0
0
0
0
0
0
0
0
0
0
0
0
0
0
0
0
0
0
0
0
0
0
0
0
0
0
0
0
0
0
0
0
0
0
0
0
0
0
0
0
0
0
0
0
0
0
0
0
0
0
0
0
0
0
0
0
0
0
0
0
0
0
0
0
0
0
0
0
0
0
0
0
0
0
0
0
0
0
0
0
0
0
0
0
0
0
0
0
0
0
0
0
0
0
0
0
0
0
0
0
0
0
0
0
0
0
0
0
0
0
0
0
0
0
0
0
0
0
0
0
0
0
0
0
0
0
0
0
0
0
0
0
0
0
0
0
0
0
0
0
0
0
0
0
0
0
0
0
0
0
0
0
0
0
0
0
0
0
0
0
0
0
0
0
0
0
0
0
0
0
0
0
0
0
0
0
0
0
0
0
0
0
0
0
0
0
0
0
0
0
0
0
0
0
0
0
0
0
0
0
0
0
0
0
0
0
0
0
0
0
0
0
0
0
0
0
0
0
0
0
0
0
0
0
0
0
0
0
0
0
0
0
0
0
0
0
0
0
0
0
0
0
0
0
0
0
0
0
0
0
0
0
0
0
0
0
0
0
0
0
0
0
0
0
0
0
0
0
0
0
0
0
0
0
0
0
0
0
0
0
0
0
0
0
0
0
0
0
0
0
0
0
0
0
0
0
0
0
0
0
0
0
0
0
0
0
0
0
0
0
0
0
0
0
0
0
0
0
0
0
0
0
0
0
0
0
0
0
0
0
0
0
0
0
0
0
0
0
0
0
0
0
0
0
0
0
0
0
0
0
0
0
0
0
0
0
0
0
0
0
0
0
0
0
0
0
0
0
0
0
0
0
0
0
0
0
0
0
0
0
0
0
0
0
0
0
0
0
0
0
0
0
0
0
0
0
0
0
0
0
0
0
0
0
0
0
0
0
0
0
0
0
0
0
0
0
0
0
0
0
0
0
0
0
0
0
0
0
0
0
0
0
0
0
0
0
0
0
0
0
0
0
0
0
0
0
0
0
0
0
0
0
0
0
0
0
0
0
0
0
0
0
0
0
0
0
0
0
0
0
0
0
0
0
0
0
0
0
0
0
0
0
0
0
0
0
0
0
0
0
0
0
0
0
0
0
0
0
0
0
0
0
0
0
0
0
0
0
0
0
0
0
0
0
0
0
0
0
0
0
0
0
0
0
0
0
0
0
0
0
0
0
0
0
0
0
0
0
0
0
0
0
0
0
0
0
0
0
0
0
0
0
0
0
0
0
0
0
0
0
0
0
0
0
0
0
0
0
0
0
0
0
0
0
0
0
0
0
0
0
0
0
0
0
0
0
0
0
0
0
0
0
0
0
0
0
0
0
0
0
0
0
0
0
0
0
0
0
0
0
0
0
0
0
0
0
0
0
0
0
0
0
0
0
0
0
0
0
0
0
0
0
0
0
0
0
0
0
0
0
0
0
0
0
0
0
0
0
0
0
0
0
0
0
0
0
0
0
0
0
0
0
0
0
0
0
0
0
0
0
0
0
0
0
0
0
0
0
0
0
0
0
0
0
0
0
0
0
0
0
0
0
0
0
0
0
0
0
0
0
0
0
0
0
0
0
0
0
0
0
0
0
0
0
0
0
0
0
0
0
0
0
0
0
0
0
0
0
0
0
0
0
0
0
0
0
0
0
0
0
0
0
0
0
0
0
0
0
0
0
0
0
0
0
0
0
0
0
0
0
0
0
0
0
0
0
0
0
0
0
0
0
0
0
0
0
0
0
0
0
0
0
0
0
0
0
0
0
0
0
0
0
0
0
0
0
0
0
0
0
0
0
0
0
0
0
0
0
0
0
0
0
0
0
0
0
0
0
0
0
0
0
0
0
0
0
0
0
0
0
0
0
0
0
0
0
0
0
0
0
0
0
0
0
0
0
0
0
0
0
0
0
0
0
0
0
0
0
0
0
0
0
0
0
0
0
0
0
0
0
0
0
0
0
0
0
0
0
0
0
0
0
0
0
0
0
0
0
0
0
0
0
0
0
0
0
0
0
0
0
0
0
0
0
0
0
0
0
0
0
0
0
0
0
0
0
0
0
0
0
0
0
0
0
0
0
0
0
0
0
0
0
0
0
0
0
0
0
0
0
0
0
0
0
0
0
0
0
0
0
0
0
0
0
0
0
0
0
0
0
0
0
0
0
0
0
0
0
0
0
0
0
0
0
0
0
0
0
0
0
0
0
0
0
0
0
0
0
0
0
0
0
0
0
0
0
0
0
0
0
0
0
0
0
0
0
0
0
0
0
0
0
0
0
0
0
0
0
0
0
0
0
0
0
0
0
0
0
0
0
0
0
0
0
0
0
0
0
0
0
0
0
0
0
0
0
0
0
0
0
0
0
0
0
0
0
0
0
0
0
0
0
0
0
0
0
0
0
0
0
0
0
0
0
0
0
0
0
0
0
0
0
0
0
0
0
0
0
0
0
0
0
0
0
0
0
0
0
0
0
0
0
0
0
0
0
0
0
0
0
0
0
0
0
0
0
0
0
0
0
0
0
0
0
0
0
0
0
0
0
0
0
0
0
0
0
0
0
0
0
0
0
0
0
0
0
0
0
0
0
0
0
0
0
0
0
0
0
0
0
0
0
0
0
0
0
0
0
0
0
0
0
0
0
0
0
0
0
0
0
0
0
0
0
0
0
0
0
0
0
0
0
0
0
0
0
0
0
0
0
0
0
0
0
0
0
0
0
0
0
0
0
0
0
0
0
0
0
0
0
0
0
0
0
0
0
0
0
0
0
0
0
0
0
0
0
0
0
0
0
0
0
0
0
0
0
0
0
0
0
0
0
0
0
0
0
0
0
0
0
0
0
0
0
0
0
0
0
0
0
0
0
0
0
0
0
0
0
0
0
0
0
0
0
0
0
0
0
0
0
0
0
0
0
0
0
0
0
0
0
0
0
0
0
0
0
0
0
0
0
0
0
0
0
0
0
0
0
0
0
0
0
0
0
0
0
0
0
0
0
0
0
0
0
0
0
0
0
0
0
0
0
0
0
0
0
0
0
0
0
0
0
0
0
0
0
0
0
0
0
0
0
0
0
0
0
0
0
0
0
0
0
0
0
0
0
0
0
0
0
0
0
0
0
0
0
0
0
0
0
0
0
0
0
0
0
0
0
0
0
0
0
0
0
0
0
0
0
0
0
0
0
0
0
0
0
0
0
0
0
0
0
0
0
0
0
0
0
0
0
0
0
0
0
0
0
0
0
0
0
0
0
0
0
0
0
0
0
0
0
0
0
0
0
0
0
0
0
0
0
0
0
0
0
0
0
0
0
0
0
0
0
0
0
0
0
0
0
0
0
0
0
0
0
0
0
0
0
0
0
0
0
0
0
0
0
0
0
0
0
0
0
0
0
0
0
0
0
0
0
0
0
0
0
0
0
0
0
0
0
0
0
0
0
0
0
0
0
0
0
0
0
0
0
0
0
0
0
0
0
0
0
0
0
0
0
0
0
0
0
0
0
0
0
0
0
0
0
0
0
0
0
0
0
0
0
0
0
0
0
0
0
0
0
0
0
0
0
0
0
0
0
0
0
0
0
0
0
0
0
0
0
0
0
0
0
0
0
0
0
0
0
0
0
0
0
0
0
0
0
0
0
0
0
0
0
0
0
0
0
0
0
0
0
0
0
0
0
0
0
0
0
0
0
0
0
0
0
0
0
0
0
0
0
0
0
0
0
0
0
0
0
0
0
0
0
0
0
0
0
0
0
0
0
0
0
0
0
0
0
0
0
0
0
0
0
0
0
0
0
0
0
0
0
0
0
0
0
0
0
0
0
0
0
0
0
0
0
0
0
0
0
0
0
0
0
0
0
0
0
0
0
0
0
0
0
0
0
0
0
0
0
0
0
0
0
0
0
0
0
0
0
0
0
0
0
0
0
0
0
0
0
0
0
0
0
0
0
0
0
0
0
0
0
0
0
0
0
0
0
0
0
0
0
0
0
0
0
0
0
0
0
0
0
0
0
0
0
0
0
0
0
0
0
0
0
0
0
0
0
0
0
0
0
0
0
0
0
0
0
0
0
0
0
0
0
0
0
0
0
0
0
0
0
0
0
0
0
0
0
0
0
0
0
0
0
0
0
0
0
0
0
0
0
0
0
0
0
0
0
0
0
0
0
0
0
0
0
0
0
0
0
0
0
0
0
0
0
0
0
0
0
0
0
0
0
0
0
0
0
0
0
0
0
0
0
0
0
0
0
0
0
0
0
0
0
0
0
0
0
0
0
0
0
0
0
0
0
0
0
0
0
0
0
0
0
0
0
0
0
0
0
0
0
0
0
0
0
0
0
0
0
0
0
0
0
0
0
0
0
0
0
0
0
0
0
0
0
0
0
0
0
0
0
0
0
0
0
0
0
0
0
0
0
0
0
0
0
0
0
0
0
0
0
0
0
0
0
0
0
0
0
0
0
0
0
0
0
0
0
0
0
0
0
0
0
0
0
0
0
0
0
0
0
0
0
0
0
0
0
0
0
0
0
0
0
0
0
0
0
0
0
0
0
0
0
0
0
0
0
0
0
0
0
0
0
0
0
0
0
0
0
0
0
0
0
0
0
0
0
0
0
0
0
0
0
0
0
0
0
0
0
0
0
0
0
0
0
0
0
0
0
0
0
0
0
0
0
0
0
0
0
0
0
0
0
0
0
0
0
0
0
0
0
0
0
0
0
0
0
0
0
0
0
0
0
0
0
0
0
0
0
0
0
0
0
0
0
0
0
0
0
0
0
0
0
0
0
0
0
0
0
0
0
0
0
0
0
0
0
0
0
0
0
0
0
0
0
0
0
0
0
0
0
0
0
0
0
0
0
0
0
0
0
0
0
0
0
0
0
0
0
0
0
0
0
0
0
0
0
0
0
0
0
0
0
0
0
0
0
0
0
0
0
0
0
0
0
0
0
0
0
0
0
0
0
0
0
0
0
0
0
0
0
0
0
0
0
0
0
0
0
0
0
0
0
0
0
0
0
0
0
0
0
0
0
0
0
0
0
0
0
0
0
0
0
0
0
0
0
0
0
0
0
0
0
0
0
0
0
0
0
0
0
0
0
0
0
0
0
0
0
0
0
0
0
0
0
0
0
0
0
0
0
0
0
0
0
0
0
0
0
0
0
0
0
0
0
0
0
0
0
0
0
0
0
0
0
0
0
0
0
0
0
0
0
0
0
0
0
0
0
0
0
0
0
0
0
0
0
0
0
0
0
0
0
0
0
0
0
0
0
0
0
0
0
0
0
0
0
0
0
0
0
0
0
0
0
0
0
0
0
0
0
0
0
0
0
0
0
0
0
0
0
0
0
0
0
0
0
0
0
0
0
0
0
0
0
0
0
0
0
0
0
0
0
0
0
0
0
0
0
0
0
0
0
0
0
0
0
0
0
0
0
0
0
0
0
0
0
0
0
0
0
0
0
0
0
0
0
0
0
0
0
0
0
0
0
0
0
0
0
0
0
0
0
0
0
0
0
0
0
0
0
0
0
0
0
0
0
0
0
0
0
0
0
0
0
0
0
0
0
0
0
0
0
0
0
0
0
0
0
0
0
0
0
0
0
0
0
0
0
0
0
0
0
0
0
0
0
0
0
0
0
0
0
0
0
0
0
0
0
0
0
0
0
0
0
0
0
0
0
0
0
0
0
0
0
0
0
0
0
0
0
0
0
0
0
0
0
0
0
0
0
0
0
0
0
0
0
0
0
0
0
0
0
0
0
0
0
0
0
0
0
0
0
0
0
0
0
0
0
0
0
0
0
0
0
0
0
0
0
0
0
0
0
0
0
0
0
0
0
0
0
0
0
0
0
0
0
0
0
0
0
0
0
0
0
0
0
0
0
0
0
0
0
0
0
0
0
0
0
0
0
0
0
0
0
0
0
0
0
0
0
0
0
0
0
0
0
0
0
0
0
0
0
0
0
0
0
0
0
0
0
0
0
0
0
0
0
0
0
0
0
0
0
0
0
0
0
0
0
0
0
0
0
0
0
0
0
0
0
0
0
0
0
0
0
0
0
0
0
0
0
0
0
0
0
0
0
0
0
0
0
0
0
0
0
0
0
0
0
0
0
0
0
0
0
0
0
0
0
0
0
0
0
0
0
0
0
0
0
0
0
0
0
0
0
0
0
0
0
0
0
0
0
0
0
0
0
0
0
0
0
0
0
0
0
0
0
0
0
0
0
0
0
0
0
0
0
0
0
0
0
0
0
0
0
0
0
0
0
0
0
0
0
0
0
0
0
0
0
0
0
0
0
0
0
0
0
0
0
0
0
0
0
0
0
0
0
0
0
0
0
0
0
0
0
0
0
0
0
0
0
0
0
0
0
0
0
0
0
0
0
0
0
0
0
0
0
0
0
0
0
0
0
0
0
0
0
0
0
0
0
0
0
0
0
0
0
0
0
0
0
0
0
0
0
0
0
0
0
0
0
0
0
0
0
0
0
0
0
0
0
0
0
0
0
0
0
0
0
0
0
0
0
0
0
0
0
0
0
0
0
0
0
0
0
0
0
0
0
0
0
0
0
0
0
0
0
0
0
0
0
0
0
0
0
0
0
0
0
0
0
0
0
0
0
0
0
0
0
0
0
0
0
0
0
0
0
0
0
0
0
0
0
0
0
0
0
0
0
0
0
0
0
0
0
0
0
0
0
0
0
0
0
0
0
0
0
0
0
0
0
0
0
0
0
0
0
0
0
0
0
0
0
0
0
0
0
0
0
0
0
0
0
0
0
0
0
0
0
0
0
0
0
0
0
0
0
0
0
0
0
0
0
0
0
0
0
0
0
0
0
0
0
0
0
0
0
0
0
0
0
0
0
0
0
0
0
0
0
0
0
0
0
0
0
0
0
0
0
0
0
0
0
0
0
0
0
0
0
0
0
0
0
0
0
0
0
0
0
0
0
0
0
0
0
0
0
0
0
0
0
0
0
0
0
0
0
0
0
0
0
0
0
0
0
0
0
0
0
0
0
0
0
0
0
0
0
0
0
0
0
0
0
0
0
0
0
0
0
0
0
0
0
0
0
0
0
0
0
0
0
0
0
0
0
0
0
0
0
0
0
0
0
0
0
0
0
0
0
0
0
0
0
0
0
0
0
0
0
0
0
0
0
0
0
0
0
0
0
0
0
0
0
0
0
0
0
0
0
0
0
0
0
0
0
0
0
0
0
0
0
0
0
0
0
0
0
0
0
0
0
0
0
0
0
0
0
0
0
0
0
0
0
0
0
0
0
0
0
0
0
0
0
0
0
0
0
0
0
0
0
0
0
0
0
0
0
0
0
0
0
0
0
0
0
0
0
0
0
0
0
0
0
0
0
0
0
0
0
0
0
0
0
0
0
0
0
0
0
0
0
0
0
0
0
0
0
0
0
0
0
0
0
0
0
0
0
0
0
0
0
0
0
0
0
0
0
0
0
0
0
0
0
0
0
0
0
0
0
0
0
0
0
0
0
0
0
0
0
0
0
0
0
0
0
0
0
0
0
0
0
0
0
0
0
0
0
0
0
0
0
0
0
0
0
0
0
0
0
0
0
0
0
0
0
0
0
0
0
0
0
0
0
0
0
0
0
0
0
0
0
0
0
0
0
0
0
0
0
0
0
0
0
0
0
0
0
0
0
0
0
0
0
0
0
0
0
0
0
0
0
0
0
0
0
0
0
0
0
0
0
0
0
0
0
0
0
0
0
0
0
0
0
0
0
0
0
0
0
0
0
0
0
0
0
0
0
0
0
0
0
0
0
0
0
0
0
0
0
0
0
0
0
0
0
0
0
0
0
0
0
0
0
0
0
0
0
0
0
0
0
0
0
0
0
0
0
0
0
0
0
0
0
0
0
0
0
0
0
0
0
0
0
0
0
0
0
0
0
0
0
0
0
0
0
0
0
0
0
0
0
0
0
0
0
0
0
0
0
0
0
0
0
0
0
0
0
0
0
0
0
0
0
0
0
0
0
0
0
0
0
0
0
0
0
0
0
0
0
0
0
0
0
0
0
0
0
0
0
0
0
0
0
0
0
0
0
0
0
0
0
0
0
0
0
0
0
0
0
0
0
0
0
0
0
0
0
0
0
0
0
0
0
0
0
0
0
0
0
0
0
0
0
0
0
0
0
0
0
0
0
0
0
0
0
0
0
0
0
0
0
0
0
0
0
0
0
0
0
0
0
0
0
0
0
0
0
0
0
0
0
0
0
0
0
0
0
0
0
0
0
0
0
0
0
0
0
0
0
0
0
0
0
0
0
0
0
0
0
0
0
0
0
0
0
0
0
0
0
0
0
0
0
0
0
0
0
0
0
0
0
0
0
0
0
0
0
0
0
0
0
0
0
0
0
0
0
0
0
0
0
0
0
0
0
0
0
0
0
0
0
0
0
0
0
0
0
0
0
0
0
0
0
0
0
0
0
0
0
0
0
0
0
0
0
0
0
0
0
0
0
0
0
0
0
0
0
0
0
0
0
0
0
0
0
0
0
0
0
0
0
0
0
0
0
0
0
0
0
0
0
0
0
0
0
0
0
0
0
0
0
0
0
0
0
0
0
0
0
0
0
0
0
0
0
0
0
0
0
0
0
0
0
0
0
0
0
0
0
0
0
0
0
0
0
0
0
0
0
0
0
0
0
0
0
0
0
0
0
0
0
0
0
0
0
0
0
0
0
0
0
0
0
0
0
0
0
0
0
0
0
0
0
0
0
0
0
0
0
0
0
0
0
0
0
0
0
0
0
0
0
0
0
0
0
0
0
0
0
0
0
0
0
0
0
0
0
0
0
0
0
0
0
0
0
0
0
0
0
0
0
0
0
0
0
0
0
0
0
0
0
0
0
0
0
0
0
0
0
0
0
0
0
0
0
0
0
0
0
0
0
0
0
0
0
0
0
0
0
0
0
0
0
0
0
0
0
0
0
0
0
0
0
0
0
0
0
0
0
0
0
0
0
0
0
0
0
0
0
0
0
0
0
0
0
0
0
0
0
0
0
0
0
0
0
0
0
0
0
0
0
0
0
0
0
0
0
0
0
0
0
0
0
0
0
0
0
0
0
0
0
0
0
0
0
0
0
0
0
0
0
0
0
0
0
0
0
0
0
0
0
0
0
0
0
0
0
0
0
0
0
0
0
0
0
0
0
0
0
0
0
0
0
0
0
0
0
0
0
0
0
0
0
0
0
0
0
0
0
0
0
0
0
0
0
0
0
0
0
0
0
0
0
0
0
0
0
0
0
0
0
0
0
0
0
0
0
0
0
0
0
0
0
0
0
0
0
0
0
0
0
0
0
0
0
0
0
0
0
0
0
0
0
0
0
0
0
0
0
0
0
0
0
0
0
0
0
0
0
0
0
0
0
0
0
0
0
0
0
0
0
0
0
0
0
0
0
0
0
0
0
0
0
0
0
0
0
0
0
0
0
0
0
0
0
0
0
0
0
0
0
0
0
0
0
0
0
0
0
0
0
0
0
0
0
0
0
0
0
0
0
0
0
0
0
0
0
0
0
0
0
0
0
0
0
0
0
0
0
0
0
0
0
0
0
0
0
0
0
0
0
0
0
0
0
0
0
0
0
0
0
0
0
0
0
0
0
0
0
0
0
0
0
0
0
0
0
0
0
0
0
0
0
0
0
0
0
0
0
0
0
0
0
0
0
0
0
0
0
0
0
0
0
0
0
0
0
0
0
0
0
0
0
0
0
0
0
0
0
0
0
0
0
0
0
0
0
0
0
0
0
0
0
0
0
0
0
0
0
0
0
0
0
0
0
0
0
0
0
0
0
0
0
0
0
0
0
0
0
0
0
0
0
0
0
0
0
0
0
0
0
0
0
0
0
0
0
0
0
0
0
0
0
0
0
0
0
0
0
0
0
0
0
0
0
0
0
0
0
0
0
0
0
0
0
0
0
0
0
0
0
0
0
0
0
0
0
0
0
0
0
0
0
0
0
0
0
0
0
0
0
0
0
0
0
0
0
0
0
0
0
0
0
0
0
0
0
0
0
0
0
0
0
0
0
0
0
0
0
0
0
0
0
0
0
0
0
0
0
0
0
0
0
0
0
0
0
0
0
0
0
0
0
0
0
0
0
0
0
0
0
0
0
0
0
0
0
0
0
0
0
0
0
0
0
0
0
0
0
0
0
0
0
0
0
0
0
0
0
0
0
0
0
0
0
0
0
0
0
0
0
0
0
0
0
0
0
0
0
0
0
0
0
0
0
0
0
0
0
0
0
0
0
0
0
0
0
0
0
0
0
0
0
0
0
0
0
0
0
0
0
0
0
0
0
0
0
0
0
0
0
0
0
0
0
0
0
0
0
0
0
0
0
0
0
0
0
0
0
0
0
0
0
0
0
0
0
0
0
0
0
0
0
0
0
0
0
0
0
0
0
0
0
0
0
0
0
0
0
0
0
0
0
0
0
0
0
0
0
0
0
0
0
0
0
0
0
0
0
0
0
0
0
0
0
0
0
0
0
0
0
0
0
0
0
0
0
0
0
0
0
0
0
0
0
0
0
0
0
0
0
0
0
0
0
0
0
0
0
0
0
0
0
0
0
0
0
0
0
0
0
0
0
0
0
0
0
0
0
0
0
0
0
0
0
0
0
0
0
0
0
0
0
0
0
0
0
0
0
0
0
0
0
0
0
0
0
0
0
0
0
0
0
0
0
0
0
0
0
0
0
0
0
0
0
0
0
0
0
0
0
0
0
0
0
0
0
0
0
0
0
0
0
0
0
0
0
0
0
0
0
0
0
0
0
0
0
0
0
0
0
0
0
0
0
0
0
0
0
0
0
0
0
0
0
0
0
0
0
0
0
0
0
0
0
0
0
0
0
0
0
0
0
0
0
0
0
0
0
0
0
0
0
0
0
0
0
0
0
0
0
0
0
0
0
0
0
0
0
0
0
0
0
0
0
0
0
0
0
0
0
0
0
0
0
0
0
0
0
0
0
0
0
0
0
0
0
0
0
0
0
0
0
0
0
0
0
0
0
0
0
0
0
0
0
0
0
0
0
0
0
0
0
0
0
0
0
0
0
0
0
0
0
0
0
0
0
0
0
0
0
0
0
0
0
0
0
0
0
0
0
0
0
0
0
0
0
0
0
0
0
0
0
0
0
0
0
0
0
0
0
0
0
0
0
0
0
0
0
0
0
0
0
0
0
0
0
0
0
0
0
0
0
0
0
0
0
0
0
0
0
0
0
0
0
0
0
0
0
0
0
0
0
0
0
0
0
0
0
0
0
0
0
0
0
0
0
0
0
0
0
0
0
0
0
0
0
0
0
0
0
0
0
0
0
0
0
0
0
0
0
0
0
0
0
0
0
0
0
0
0
0
0
0
0
0
0
0
0
0
0
0
0
0
0
0
0
0
0
0
0
0
0
0
0
0
0
0
0
0
0
0
0
0
0
0
0
0
0
0
0
0
0
0
0
0
0
0
0
0
0
0
0
0
0
0
0
0
0
0
0
0
0
0
0
0
0
0
0
0
0
0
0
0
0
0
0
0
0
0
0
0
0
0
0
0
0
0
0
0
0
0
0
0
0
0
0
0
0
0
0
0
0
0
0
0
0
0
0
0
0
0
0
0
0
0
0
0
0
0
0
0
0
0
0
0
0
0
0
0
0
0
0
0
0
0
0
0
0
0
0
0
0
0
0
0
0
0
0
0
0
0
0
0
0
0
0
0
0
0
0
0
0
0
0
0
0
0
0
0
0
0
0
0
0
0
0
0
0
0
0
0
0
0
0
0
0
0
0
0
0
0
0
0
0
0
0
0
0
0
0
0
0
0
0
0
0
0
0
0
0
0
0
0
0
0
0
0
0
0
0
0
0
0
0
0
0
0
0
0
0
0
0
0
0
0
0
0
0
0
0
0
0
0
0
0
0
0
0
0
0
0
0
0
0
0
0
0
0
0
0
0
0
0
0
0
0
0
0
0
0
0
0
0
0
0
0
0
0
0
0
0
0
0
0
0
0
0
0
0
0
0
0
0
0
0
0
0
0
0
0
0
0
0
0
0
0
0
0
0
0
0
0
0
0
0
0
0
0
0
0
0
0
0
0
0
0
0
0
0
0
0
0
0
0
0
0
0
0
0
0
0
0
0
0
0
0
0
0
0
0
0
0
0
0
0
0
0
0
0
0
0
0
0
0
0
0
0
0
0
0
0
0
0
0
0
0
0
0
0
0
0
0
0
0
0
0
0
0
0
0
0
0
0
0
0
0
0
0
0
0
0
0
0
0
0
0
0
0
0
0
0
0
0
0
0
0
0
0
0
0
0
0
0
0
0
0
0
0
0
0
0
0
0
0
0
0
0
0
0
0
0
0
0
0
0
0
0
0
0
0
0
0
0
0
0
0
0
0
0
0
0
0
0
0
0
0
0
0
0
0
0
0
0
0
0
0
0
0
0
0
0
0
0
0
0
0
0
0
0
0
0
0
0
0
0
0
0
0
0
0
0
0
0
0
0
0
0
0
0
0
0
0
0
0
0
0
0
0
0
0
0
0
0
0
0
0
0
0
0
0
0
0
0
0
0
0
0
0
0
0
0
0
0
0
0
0
0
0
0
0
0
0
0
0
0
0
0
0
0
0
0
0
0
0
0
0
0
0
0
0
0
0
0
0
0
0
0
0
0
0
0
0
0
0
0
0
0
0
0
0
0
0
0
0
0
0
0
0
0
0
0
0
0
0
0
0
0
0
0
0
0
0
0
0
0
0
0
0
0
0
0
0
0
0
0
0
0
0
0
0
0
0
0
0
0
0
0
0
0
0
0
0
0
0
0
0
0
0
0
0
0
0
0
0
0
0
0
0
0
0
0
0
0
0
0
0
0
0
0
0
0
0
0
0
0
0
0
0
0
0
0
0
0
0
0
0
0
0
0
0
0
0
0
0
0
0
0
0
0
0
0
0
0
0
0
0
0
0
0
0
0
0
0
0
0
0
0
0
0
0
0
0
0
0
0
0
0
0
0
0
0
0
0
0
0
0
0
0
0
0
0
0
0
0
0
0
0
0
0
0
0
0
0
0
0
0
0
0
0
0
0
0
0
0
0
0
0
0
0
0
0
0
0
0
0
0
0
0
0
0
0
0
0
0
0
0
0
0
0
0
0
0
0
0
0
0
0
0
0
0
0
0
0
0
0
0
0
0
0
0
0
0
0
0
0
0
0
0
0
0
0
0
0
0
0
0
0
0
0
0
0
0
0
0
0
0
0
0
0
0
0
0
0
0
0
0
0
0
0
0
0
0
0
0
0
0
0
0
0
0
0
0
0
0
0
0
0
0
0
0
0
0
0
0
0
0
0
0
0
0
0
0
0
0
0
0
0
0
0
0
0
0
0
0
0
0
0
0
0
0
0
0
0
0
0
0
0
0
0
0
0
0
0
0
0
0
0
0
0
0
0
0
0
0
0
0
0
0
0
0
0
0
0
0
0
0
0
0
0
0
0
0
0
0
0
0
0
0
0
0
0
0
0
0
0
0
0
0
0
0
0
0
0
0
0
0
0
0
0
0
0
0
0
0
0
0
0
0
0
0
0
0
0
0
0
0
0
0
0
0
0
0
0
0
0
0
0
0
0
0
0
0
0
0
0
0
0
0
0
0
0
0
0
0
0
0
0
0
0
0
0
0
0
0
0
0
0
0
0
0
0
0
0
0
0
0
0
0
0
0
0
0
0
0
0
0
0
0
0
0
0
0
0
0
0
0
0
0
0
0
0
0
0
0
0
0
0
0
0
0
0
0
0
0
0
0
0
0
0
0
0
0
0
0
0
0
0
0
0
0
0
0
0
0
0
0
0
0
0
0
0
0
0
0
0
0
0
0
0
0
0
0
0
0
0
0
0
0
0
0
0
0
0
0
0
0
0
0
0
0
0
0
0
0
0
0
0
0
0
0
0
0
0
0
0
0
0
0
0
0
0
0
0
0
0
0
0
0
0
0
0
0
0
0
0
0
0
0
0
0
0
0
0
0
0
0
0
0
0
0
0
0
0
0
0
0
0
0
0
0
0
0
0
0
0
0
0
0
0
0
0
0
0
0
0
0
0
0
0
0
0
0
0
0
0
0
0
0
0
0
0
0
0
0
0
0
0
0
0
0
0
0
0
0
0
0
0
0
0
0
0
0
0
0
0
0
0
0
0
0
0
0
0
0
0
0
0
0
0
0
0
0
0
0
0
0
0
0
0
0
0
0
0
0
0
0
0
0
0
0
0
0
0
0
0
0
0
0
0
0
0
0
0
0
0
0
0
0
0
0
0
0
0
0
0
0
0
0
0
0
0
0
0
0
0
0
0
0
0
0
0
0
0
0
0
0
0
0
0
0
0
0
0
0
0
0
0
0
0
0
0
0
0
0
0
0
0
0
0
0
0
0
0
0
0
0
0
0
0
0
0
0
0
0
0
0
0
0
0
0
0
0
0
0
0
0
0
0
0
0
0
0
0
0
0
0
0
0
0
0
0
0
0
0
0
0
0
0
0
0
0
0
0
0
0
0
0
0
0
0
0
0
0
0
0
0
0
0
0
0
0
0
0
0
0
0
0
0
0
0
0
0
0
0
0
0
0
0
0
0
0
0
0
0
0
0
0
0
0
0
0
0
0
0
0
0
0
0
0
0
0
0
0
0
0
0
0
0
0
0
0
0
0
0
0
0
0
0
0
0
0
0
0
0
0
0
0
0
0
0
0
0
0
0
0
0
0
0
0
0
0
0
0
0
0
0
0
0
0
0
0
0
0
0
0
0
0
0
0
0
0
0
0
0
0
0
0
0
0
0
0
0
0
0
0
0
0
0
0
0
0
0
0
0
0
0
0
0
0
0
0
0
0
0
0
0
0
0
0
0
0
0
0
0
0
0
0
0
0
0
0
0
0
0
0
0
0
0
0
0
0
0
0
0
0
0
0
0
0
0
0
0
0
0
0
0
0
0
0
0
0
0
0
0
0
0
0
0
0
0
0
0
0
0
0
0
0
0
0
0
0
0
0
0
0
0
0
0
0
0
0
0
0
0
0
0
0
0
0
0
0
0
0
0
0
0
0
0
0
0
0
0
0
0
0
0
0
0
0
0
0
0
0
0
0
0
0
0
0
0
0
0
0
0
0
0
0
0
0
0
0
0
0
0
0
0
0
0
0
0
0
0
0
0
0
0
0
0
0
0
0
0
0
0
0
0
0
0
0
0
0
0
0
0
0
0
0
0
0
0
0
0
0
0
0
0
0
0
0
0
0
0
0
0
0
0
0
0
0
0
0
0
0
0
0
0
0
0
0
0
0
0
0
0
0
0
0
0
0
0
0
0
0
0
0
0
0
0
0
0
0
0
0
0
0
0
0
0
0
0
0
0
0
0
0
0
0
0
0
0
0
0
0
0
0
0
0
0
0
0
0
0
0
0
0
0
0
0
0
0
0
0
0
0
0
0
0
0
0
0
0
0
0
0
0
0
0
0
0
0
0
0
0
0
0
0
0
0
0
0
0
0
0
0
0
0
0
0
0
0
0
0
0
0
0
0
0
0
0
0
0
0
0
0
0
0
0
0
0
0
0
0
0
0
0
0
0
0
0
0
0
0
0
0
0
0
0
0
0
0
0
0
0
0
0
0
0
0
0
0
0
0
0
0
0
0
0
0
0
0
0
0
0
0
0
0
0
0
0
0
0
0
0
0
0
0
0
0
0
0
0
0
0
0
0
0
0
0
0
0
0
0
0
0
0
0
0
0
0
0
0
0
0
0
0
0
0
0
0
0
0
0
0
0
0
0
0
0
0
0
0
0
0
0
0
0
0
0
0
0
0
0
0
0
0
0
0
0
0
0
0
0
0
0
0
0
0
0
0
0
0
0
0
0
0
0
0
0
0
0
0
0
0
0
0
0
0
0
0
0
0
0
0
0
0
0
0
0
0
0
0
0
0
0
0
0
0
0
0
0
0
0
0
0
0
0
0
0
0
0
0
0
0
0
0
0
0
0
0
0
0
0
0
0
0
0
0
0
0
0
0
0
0
0
0
0
0
0
0
0
0
0
0
0
0
0
0
0
0
0
0
0
0
0
0
0
0
0
0
0
0
0
0
0
0
0
0
0
0
0
0
0
0
0
0
0
0
0
0
0
0
0
0
0
0
0
0
0
0
0
0
0
0
0
0
0
0
0
0
0
0
0
0
0
0
0
0
0
0
0
0
0
0
0
0
0
0
0
0
0
0
0
0
0
0
0
0
0
0
0
0
0
0
0
0
0
0
0
0
0
0
0
0
0
0
0
0
0
0
0
0
0
0
0
0
0
0
0
0
0
0
0
0
0
0
0
0
0
0
0
0
0
0
0
0
0
0
0
0
0
0
0
0
0
0
0
0
0
0
0
0
0
0
0
0
0
0
0
0
0
0
0
0
0
0
0
0
0
0
0
0
0
0
0
0
0
0
0
0
0
0
0
0
0
0
0
0
0
0
0
0
0
0
0
0
0
0
0
0
0
0
0
0
0
0
0
0
0
0
0
0
0
0
0
0
0
0
0
0
0
0
0
0
0
0
0
0
0
0
0
0
0
0
0
0
0
0
0
0
0
0
0
0
0
0
0
0
0
0
0
0
0
0
0
0
0
0
0
0
0
0
0
0
0
0
0
0
0
0
0
0
0
0
0
0
0
0
0
0
0
0
0
0
0
0
0
0
0
0
0
0
0
0
0
0
0
0
0
0
0
0
0
0
0
0
0
0
0
0
0
0
0
0
0
0
0
0
0
0
0
0
0
0
0
0
0
0
0
0
0
0
0
0
0
0
0
0
0
0
0
0
0
0
0
0
0
0
0
0
0
0
0
0
0
0
0
0
0
0
0
0
0
0
0
0
0
0
0
0
0
0
0
0
0
0
0
0
0
0
0
0
0
0
0
0
0
0
0
0
0
0
0
0
0
0
0
0
0
0
0
0
0
0
0
0
0
0
0
0
0
0
0
0
0
0
0
0
0
0
0
0
0
0
0
0
0
0
0
0
0
0
0
0
0
0
0
0
0
0
0
0
0
0
0
0
0
0
0
0
0
0
0
0
0
0
0
0
0
0
0
0
0
0
0
0
0
0
0
0
0
0
0
0
0
0
0
0
0
0
0
0
0
0
0
0
0
0
0
0
0
0
0
0
0
0
0
0
0
0
0
0
0
0
0
0
0
0
0
0
0
0
0
0
0
0
0
0
0
0
0
0
0
0
0
0
0
0
0
0
0
0
0
0
0
0
0
0
0
0
0
0
0
0
0
0
0
0
0
0
0
0
0
0
0
0
0
0
0
0
0
0
0
0
0
0
0
0
0
0
0
0
0
0
0
0
0
0
0
0
0
0
0
0
0
0
0
0
0
0
0
0
0
0
0
0
0
0
0
0
0
0
0
0
0
0
0
0
0
0
0
0
0
0
0
0
0
0
0
0
0
0
0
0
0
0
0
0
0
0
0
0
0
0
0
0
0
0
0
0
0
0
0
0
0
0
0
0
0
0
0
0
0
0
0
0
0
0
0
0
0
0
0
0
0
0
0
0
0
0
0
0
0
0
0
0
0
0
0
0
0
0
0
0
0
0
0
0
0
0
0
0
0
0
0
0
0
0
0
0
0
0
0
0
0
0
0
0
0
0
0
0
0
0
0
0
0
0
0
0
0
0
0
0
0
0
0
0
0
0
0
0
0
0
0
0
0
0
0
0
0
0
0
0
0
0
0
0
0
0
0
0
0
0
0
0
0
0
0
0
0
0
0
0
0
0
0
0
0
0
0
0
0
0
0
0
0
0
0
0
0
0
0
0
0
0
0
0
0
0
0
0
0
0
0
0
0
0
0
0
0
0
0
0
0
0
0
0
0
0
0
0
0
0
0
0
0
0
0
0
0
0
0
0
0
0
0
0
0
0
0
0
0
0
0
0
0
0
0
0
0
0
0
0
0
0
0
0
0
0
0
0
0
0
0
0
0
0
0
0
0
0
0
0
0
0
0
0
0
0
0
0
0
0
0
0
0
0
0
0
0
0
0
0
0
0
0
0
0
0
0
0
0
0
0
0
0
0
0
0
0
0
0
0
0
0
0
0
0
0
0
0
0
0
0
0
0
0
0
0
0
0
0
0
0
0
0
0
0
0
0
0
0
0
0
0
0
0
0
0
0
0
0
0
0
0
0
0
0
0
0
0
0
0
0
0
0
0
0
0
0
0
0
0
0
0
0
0
0
0
0
0
0
0
0
0
0
0
0
0
0
0
0
0
0
0
0
0
0
0
0
0
0
0
0
0
0
0
0
0
0
0
0
0
0
0
0
0
0
0
0
0
0
0
0
0
0
0
0
0
0
0
0
0
0
0
0
0
0
0
0
0
0
0
0
0
0
0
0
0
0
0
0
0
0
0
0
0
0
0
0
0
0
0
0
0
0
0
0
0
0
0
0
0
0
0
0
0
0
0
0
0
0
0
0
0
0
0
0
0
0
0
0
0
0
0
0
0
0
0
0
0
0
0
0
0
0
0
0
0
0
0
0
0
0
0
0
0
0
0
0
0
0
0
0
0
0
0
0
0
0
0
0
0
0
0
0
0
0
0
0
0
0
0
0
0
0
0
0
0
0
0
0
0
0
0
0
0
0
0
0
0
0
0
0
0
0
0
0
0
0
0
0
0
0
0
0
0
0
0
0
0
0
0
0
0
0
0
0
0
0
0
0
0
0
0
0
0
0
0
0
0
0
0
0
0
0
0
0
0
0
0
0
0
0
0
0
0
0
0
0
0
0
0
0
0
0
0
0
0
0
0
0
0
0
0
0
0
0
0
0
0
0
0
0
0
0
0
0
0
0
0
0
0
0
0
0
0
0
0
0
0
0
0
0
0
0
0
0
0
0
0
0
0
0
0
0
0
0
0
0
0
0
0
0
0
0
0
0
0
0
0
0
0
0
0
0
0
0
0
0
0
0
0
0
0
0
0
0
0
0
0
0
0
0
0
0
0
0
0
0
0
0
0
0
0
0
0
0
0
0
0
0
0
0
0
0
0
0
0
0
0
0
0
0
0
0
0
0
0
0
0
0
0
0
0
0
0
0
0
0
0
0
0
0
0
0
0
0
0
0
0
0
0
0
0
0
0
0
0
0
0
0
0
0
0
0
0
0
0
0
0
0
0
0
0
0
0
0
0
0
0
0
0
0
0
0
0
0
0
0
0
0
0
0
0
0
0
0
0
0
0
0
0
0
0
0
0
0
0
0
0
0
0
0
0
0
0
0
0
0
0
0
0
0
0
0
0
0
0
0
0
0
0
0
0
0
0
0
0
0
0
0
0
0
0
0
0
0
0
0
0
0
0
0
0
0
0
0
0
0
0
0
0
0
0
0
0
0
0
0
0
0
0
0
0
0
0
0
0
0
0
0
0
0
0
0
0
0
0
0
0
0
0
0
0
0
0
0
0
0
0
0
0
0
0
0
0
0
0
0
0
0
0
0
0
0
0
0
0
0
0
0
0
0
0
0
0
0
0
0
0
0
0
0
0
0
0
0
0
0
0
0
0
0
0
0
0
0
0
0
0
0
0
0
0
0
0
0
0
0
0
0
0
0
0
0
0
0
0
0
0
0
0
0
0
0
0
0
0
0
0
0
0
0
0
0
0
0
0
0
0
0
0
0
0
0
0
0
0
0
0
0
0
0
0
0
0
0
0
0
0
0
0
0
0
0
0
0
0
0
0
0
0
0
0
0
0
0
0
0
0
0
0
0
0
0
0
0
0
0
0
0
0
0
0
0
0
0
0
0
0
0
0
0
0
0
0
0
0
0
0
0
0
0
0
0
0
0
0
0
0
0
0
0
0
0
0
0
0
0
0
0
0
0
0
0
0
0
0
0
0
0
0
0
0
0
0
0
0
0
0
0
0
0
0
0
0
0
0
0
0
0
0
0
0
0
0
0
0
0
0
0
0
0
0
0
0
0
0
0
0
0
0
0
0
0
0
0
0
0
0
0
0
0
0
0
0
0
0
0
0
0
0
0
0
0
0
0
0
0
0
0
0
0
0
0
0
0
0
0
0
0
0
0
0
0
0
0
0
0
0
0
0
0
0
0
0
0
0
0
0
0
0
0
0
0
0
0
0
0
0
0
0
0
0
0
0
0
0
0
0
0
0
0
0
0
0
0
0
0
0
0
0
0
0
0
0
0
0
0
0
0
0
0
0
0
0
0
0
0
0
0
0
0
0
0
0
0
0
0
0
0
0
0
0
0
0
0
0
0
0
0
0
0
0
0
0
0
0
0
0
0
0
0
0
0
0
0
0
0
0
0
0
0
0
0
0
0
0
0
0
0
0
0
0
0
0
0
0
0
0
0
0
0
0
0
0
0
0
0
0
0
0
0
0
0
0
0
0
0
0
0
0
0
0
0
0
0
0
0
0
0
0
0
0
0
0
0
0
0
0
0
0
0
0
0
0
0
0
0
0
0
0
0
0
0
0
0
0
0
0
0
0
0
0
0
0
0
0
0
0
0
0
0
0
0
0
0
0
0
0
0
0
0
0
0
0
0
0
0
0
0
0
0
0
0
0
0
0
0
0
0
0
0
0
0
0
0
0
0
0
0
0
0
0
0
0
0
0
0
0
0
0
0
0
0
0
0
0
0
0
0
0
0
0
0
0
0
0
0
0
0
0
0
0
0
0
0
0
0
0
0
0
0
0
0
0
0
0
0
0
0
0
0
0
0
0
0
0
0
0
0
0
0
0
0
0
0
0
0
0
0
0
0
0
0
0
0
0
0
0
0
0
0
0
0
0
0
0
0
0
0
0
0
0
0
0
0
0
0
0
0
0
0
0
0
0
0
0
0
0
0
0
0
0
0
0
0
0
0
0
0
0
0
0
0
0
0
0
0
0
0
0
0
0
0
0
0
0
0
0
0
0
0
0
0
0
0
0
0
0
0
0
0
0
0
0
0
0
0
0
0
0
0
0
0
0
0
0
0
0
0
0
0
0
0
0
0
0
0
0
0
0
0
0
0
0
0
0
0
0
0
0
0
0
0
0
0
0
0
0
0
0
0
0
0
0
0
0
0
0
0
0
0
0
0
0
0
0
0
0
0
0
0
0
0
0
0
0
0
0
0
0
0
0
0
0
0
0
0
0
0
0
0
0
0
0
0
0
0
0
0
0
0
0
0
0
0
0
0
0
0
0
0
0
0
0
0
0
0
0
0
0
0
0
0
0
0
0
0
0
0
0
0
0
0
0
0
0
0
0
0
0
0
0
0
0
0
0
0
0
0
0
0
0
0
0
0
0
0
0
0
0
0
0
0
0
0
0
0
0
0
0
0
0
0
0
0
0
0
0
0
0
0
0
0
0
0
0
0
0
0
0
0
0
0
0
0
0
0
0
0
0
0
0
0
0
0
0
0
0
0
0
0
0
0
0
0
0
0
0
0
0
0
0
0
0
0
0
0
0
0
0
0
0
0
0
0
0
0
0
0
0
0
0
0
0
0
0
0
0
0
0
0
0
0
0
0
0
0
0
0
0
0
0
0
0
0
0
0
0
0
0
0
0
0
0
0
0
0
0
0
0
0
0
0
0
0
0
0
0
0
0
0
0
0
0
0
0
0
0
0
0
0
0
0
0
0
0
0
0
0
0
0
0
0
0
0
0
0
0
0
0
0
0
0
0
0
0
0
0
0
0
0
0
0
0
0
0
0
0
0
0
0
0
0
0
0
0
0
0
0
0
0
0
0
0
0
0
0
0
0
0
0
0
0
0
0
0
0
0
0
0
0
0
0
0
0
0
0
0
0
0
0
0
0
0
0
0
0
0
0
0
0
0
0
0
0
0
0
0
0
0
0
0
0
0
0
0
0
0
0
0
0
0
0
0
0
0
0
0
0
0
0
0
0
0
0
0
0
0
0
0
0
0
0
0
0
0
0
0
0
0
0
0
0
0
0
0
0
0
0
0
0
0
0
0
0
0
0
0
0
0
0
0
0
0
0
0
0
0
0
0
0
0
0
0
0
0
0
0
0
0
0
0
0
0
0
0
0
0
0
0
0
0
0
0
0
0
0
0
0
0
0
0
0
0
0
0
0
0
0
0
0
0
0
0
0
0
0
0
0
0
0
0
0
0
0
0
0
0
0
0
0
0
0
0
0
0
0
0
0
0
0
0
0
0
0
0
0
0
0
0
0
0
0
0
0
0
0
0
0
0
0
0
0
0
0
0
0
0
0
0
0
0
0
0
0
0
0
0
0
0
0
0
0
0
0
0
0
0
0
0
0
0
0
0
0
0
0
0
0
0
0
0
0
0
0
0
0
0
0
0
0
0
0
0
0
0
0
0
0
0
0
0
0
0
0
0
0
0
0
0
0
0
0
0
0
0
0
0
0
0
0
0
0
0
0
0
0
0
0
0
0
0
0
0
0
0
0
0
0
0
0
0
0
0
0
0
0
0
0
0
0
0
0
0
0
0
0
0
0
0
0
0
0
0
0
0
0
0
0
0
0
0
0
0
0
0
0
0
0
0
0
0
0
0
0
0
0
0
0
0
0
0
0
0
0
0
0
0
0
0
0
0
0
0
0
0
0
0
0
0
0
0
0
0
0
0
0
0
0
0
0
0
0
0
0
0
0
0
0
0
0
0
0
0
0
0
0
0
0
0
0
0
0
0
0
0
0
0
0
0
0
0
0
0
0
0
0
0
0
0
0
0
0
0
0
0
0
0
0
0
0
0
0
0
0
0
0
0
0
0
0
0
0
0
0
0
0
0
0
0
0
0
0
0
0
0
0
0
0
0
0
0
0
0
0
0
0
0
0
0
0
0
0
0
0
0
0
0
0
0
0
0
0
0
0
0
0
0
0
0
0
0
0
0
0
0
0
0
0
0
0
0
0
0
0
0
0
0
0
0
0
0
0
0
0
0
0
0
0
0
0
0
0
0
0
0
0
0
0
0
0
0
0
0
0
0
0
0
0
0
0
0
0
0
0
0
0
0
0
0
0
0
0
0
0
0
0
0
0
0
0
0
0
0
0
0
0
0
0
0
0
0
0
0
0
0
0
0
0
0
0
0
0
0
0
0
0
0
0
0
0
0
0
0
0
0
0
0
0
0
0
0
0
0
0
0
0
0
0
0
0
0
0
0
0
0
0
0
0
0
0
0
0
0
0
0
0
0
0
0
0
0
0
0
0
0
0
0
0
0
0
0
0
0
0
0
0
0
0
0
0
0
0
0
0
0
0
0
0
0
0
0
0
0
0
0
0
0
0
0
0
0
0
0
0
0
0
0
0
0
0
0
0
0
0
0
0
0
0
0
0
0
0
0
0
0
0
0
0
0
0
0
0
0
0
0
0
0
0
0
0
0
0
0
0
0
0
0
0
0
0
0
0
0
0
0
0
0
0
0
0
0
0
0
0
0
0
0
0
0
0
0
0
0
0
0
0
0
0
0
0
0
0
0
0
0
0
0
0
0
0
0
0
0
0
0
0
0
0
0
0
0
0
0
0
0
0
0
0
0
0
0
0
0
0
0
0
0
0
0
0
0
0
0
0
0
0
0
0
0
0
0
0
0
0
0
0
0
0
0
0
0
0
0
0
0
0
0
0
0
0
0
0
0
0
0
0
0
0
0
0
0
0
0
0
0
0
0
0
0
0
0
0
0
0
0
0
0
0
0
0
0
0
0
0
0
0
0
0
0
0
0
0
0
0
0
0
0
0
0
0
0
0
0
0
0
0
0
0
0
0
0
0
0
0
0
0
0
0
0
0
0
0
0
0
0
0
0
0
0
0
0
0
0
0
0
0
0
0
0
0
0
0
0
0
0
0
0
0
0
0
0
0
0
0
0
0
0
0
0
0
0
0
0
0
0
0
0
0
0
0
0
0
0
0
0
0
0
0
0
0
0
0
0
0
0
0
0
0
0
0
0
0
0
0
0
0
0
0
0
0
0
0
0
0
0
0
0
0
0
0
0
0
0
0
0
0
0
0
0
0
0
0
0
0
0
0
0
0
0
0
0
0
0
0
0
0
0
0
0
0
0
0
0
0
0
0
0
0
0
0
0
0
0
0
0
0
0
0
0
0
0
0
0
0
0
0
0
0
0
0
0
0
0
0
0
0
0
0
0
0
0
0
0
0
0
0
0
0
0
0
0
0
0
0
0
0
0
0
0
0
0
0
0
0
0
0
0
0
0
0
0
0
0
0
0
0
0
0
0
0
0
0
0
0
0
0
0
0
0
0
0
0
0
0
0
0
0
0
0
0
0
0
0
0
0
0
0
0
0
0
0
0
0
0
0
0
0
0
0
0
0
0
0
0
0
0
0
0
0
0
0
0
0
0
0
0
0
0
0
0
0
0
0
0
0
0
0
0
0
0
0
0
0
0
0
0
0
0
0
0
0
0
0
0
0
0
0
0
0
0
0
0
0
0
0
0
0
0
0
0
0
0
0
0
0
0
0
0
0
0
0
0
0
0
0
0
0
0
0
0
0
0
0
0
0
0
0
0
0
0
0
0
0
0
0
0
0
0
0
0
0
0
0
0
0
0
0
0
0
0
0
0
0
0
0
0
0
0
0
0
0
0
0
0
0
0
0
0
0
0
0
0
0
0
0
0
0
0
0
0
0
0
0
0
0
0
0
0
0
0
0
0
0
0
0
0
0
0
0
0
0
0
0
0
0
0
0
0
0
0
0
0
0
0
0
0
0
0
0
0
0
0
0
0
0
0
0
0
0
0
0
0
0
0
0
0
0
0
0
0
0
0
0
0
0
0
0
0
0
0
0
0
0
0
0
0
0
0
0
0
0
0
0
0
0
0
0
0
0
0
0
0
0
0
0
0
0
0
0
0
0
0
0
0
0
0
0
0
0
0
0
0
0
0
0
0
0
0
0
0
0
0
0
0
0
0
0
0
0
0
0
0
0
0
0
0
0
0
0
0
0
0
0
0
0
0
0
0
0
0
0
0
0
0
0
0
0
0
0
0
0
0
0
0
0
0
0
0
0
0
0
0
0
0
0
0
0
0
0
0
0
0
0
0
0
0
0
0
0
0
0
0
0
0
0
0
0
0
0
0
0
0
0
0
0
0
0
0
0
0
0
0
0
0
0
0
0
0
0
0
0
0
0
0
0
0
0
0
0
0
0
0
0
0
0
0
0
0
0
0
0
0
0
0
0
0
0
0
0
0
0
0
0
0
0
0
0
0
0
0
0
0
0
0
0
0
0
0
0
0
0
0
0
0
0
0
0
0
0
0
0
0
0
0
0
0
0
0
0
0
0
0
0
0
0
0
0
0
0
0
0
0
0
0
0
0
0
0
0
0
0
0
0
0
0
0
0
0
0
0
0
0
0
0
0
0
0
0
0
0
0
0
0
0
0
0
0
0
0
0
0
0
0
0
0
0
0
0
0
0
0
0
0
0
0
0
0
0
0
0
0
0
0
0
0
0
0
0
0
0
0
0
0
0
0
0
0
0
0
0
0
0
0
0
0
0
0
0
0
0
0
0
0
0
0
0
0
0
0
0
0
0
0
0
0
0
0
0
0
0
0
0
0
0
0
0
0
0
0
0
0
0
0
0
0
0
0
0
0
0
0
0
0
0
0
0
0
0
0
0
0
0
0
0
0
0
0
0
0
0
0
0
0
0
0
0
0
0
0
0
0
0
0
0
0
0
0
0
0
0
0
0
0
0
0
0
0
0
0
0
0
0
0
0
0
0
0
0
0
0
0
0
0
0
0
0
0
0
0
0
0
0
0
0
0
0
0
0
0
0
0
0
0
0
0
0
0
0
0
0
0
0
0
0
0
0
0
0
0
0
0
0
0
0
0
0
0
0
0
0
0
0
0
0
0
0
0
0
0
0
0
0
0
0
0
0
0
0
0
0
0
0
0
0
0
0
0
0
0
0
0
0
0
0
0
0
0
0
0
0
0
0
0
0
0
0
0
0
0
0
0
0
0
0
0
0
0
0
0
0
0
0
0
0
0
0
0
0
0
0
0
0
0
0
0
0
0
0
0
0
0
0
0
0
0
0
0
0
0
0
0
0
0
0
0
0
0
0
0
0
0
0
0
0
0
0
0
0
0
0
0
0
0
0
0
0
0
0
0
0
0
0
0
0
0
0
0
0
0
0
0
0
0
0
0
0
0
0
0
0
0
0
0
0
0
0
0
0
0
0
0
0
0
0
0
0
0
0
0
0
0
0
0
0
0
0
0
0
0
0
0
0
0
0
0
0
0
0
0
0
0
0
0
0
0
0
0
0
0
0
0
0
0
0
0
0
0
0
0
0
0
0
0
0
0
0
0
0
0
0
0
0
0
0
0
0
0
0
0
0
0
0
0
0
0
0
0
0
0
0
0
0
0
0
0
0
0
0
0
0
0
0
0
0
0
0
0
0
0
0
0
0
0
0
0
0
0
0
0
0
0
0
0
0
0
0
0
0
0
0
0
0
0
0
0
0
0
0
0
0
0
0
0
0
0
0
0
0
0
0
0
0
0
0
0
0
0
0
0
0
0
0
0
0
0
0
0
0
0
0
0
0
0
0
0
0
0
0
0
0
0
0
0
0
0
0
0
0
0
0
0
0
0
0
0
0
0
0
0
0
0
0
0
0
0
0
0
0
0
0
0
0
0
0
0
0
0
0
0
0
0
0
0
0
0
0
0
0
0
0
0
0
0
0
0
0
0
0
0
0
0
0
0
0
0
0
0
0
0
0
0
0
0
0
0
0
0
0
0
0
0
0
0
0
0
0
0
0
0
0
0
0
0
0
0
0
0
0
0
0
0
0
0
0
0
0
0
0
0
0
0
0
0
0
0
0
0
0
0
0
0
0
0
0
0
0
0
0
0
0
0
0
0
0
0
0
0
0
0
0
0
0
0
0
0
0
0
0
0
0
0
0
0
0
0
0
0
0
0
0
0
0
0
0
0
0
0
0
0
0
0
0
0
0
0
0
0
0
0
0
0
0
0
0
0
0
0
0
0
0
0
0
0
0
0
0
0
0
0
0
0
0
0
0
0
0
0
0
0
0
0
0
0
0
0
0
0
0
0
0
0
0
0
0
0
0
0
0
0
0
0
0
0
0
0
0
0
0
0
0
0
0
0
0
0
0
0
0
0
0
0
0
0
0
0
0
0
0
0
0
0
0
0
0
0
0
0
0
0
0
0
0
0
0
0
0
0
0
0
0
0
0
0
0
0
0
0
0
0
0
0
0
0
0
0
0
0
0
0
0
0
0
0
0
0
0
0
0
0
0
0
0
0
0
0
0
0
0
0
0
0
0
0
0
0
0
0
0
0
0
0
0
0
0
0
0
0
0
0
0
0
0
0
0
0
0
0
0
0
0
0
0
0
0
0
0
0
0
0
0
0
0
0
0
0
0
0
0
0
0
0
0
0
0
0
0
0
0
0
0
0
0
0
0
0
0
0
0
0
0
0
0
0
0
0
0
0
0
0
0
0
0
0
0
0
0
0
0
0
0
0
0
0
0
0
0
0
0
0
0
0
0
0
0
0
0
0
0
0
0
0
0
0
0
0
0
0
0
0
0
0
0
0
0
0
0
0
0
0
0
0
0
0
0
0
0
0
0
0
0
0
0
0
0
0
0
0
0
0
0
0
0
0
0
0
0
0
0
0
0
0
0
0
0
0
0
0
0
0
0
0
0
0
0
0
0
0
0
0
0
0
0
0
0
0
0
0
0
0
0
0
0
0
0
0
0
0
0
0
0
0
0
0
0
0
0
0
0
0
0
0
0
0
0
0
0
0
0
0
0
0
0
0
0
0
0
0
0
0
0
0
0
0
0
0
0
0
0
0
0
0
0
0
0
0
0
0
0
0
0
0
0
0
0
0
0
0
0
0
0
0
0
0
0
0
0
0
0
0
0
0
0
0
0
0
0
0
0
0
0
0
0
0
0
0
0
0
0
0
0
0
0
0
0
0
0
0
0
0
0
0
0
0
0
0
0
0
0
0
0
0
0
0
0
0
0
0
0
0
0
0
0
0
0
0
0
0
0
0
0
0
0
0
0
0
0
0
0
0
0
0
0
0
0
0
0
0
0
0
0
0
0
0
0
0
0
0
0
0
0
0
0
0
0
0
0
0
0
0
0
0
0
0
0
0
0
0
0
0
0
0
0
0
0
0
0
0
0
0
0
0
0
0
0
0
0
0
0
0
0
0
0
0
0
0
0
0
0
0
0
0
0
0
0
0
0
0
0
0
0
0
0
0
0
0
0
0
0
0
0
0
0
0
0
0
0
0
0
0
0
0
0
0
0
0
0
0
0
0
0
0
0
0
0
0
0
0
0
0
0
0
0
0
0
0
0
0
0
0
0
0
0
0
0
0
0
0
0
0
0
0
0
0
0
0
0
0
0
0
0
0
0
0
0
0
0
0
0
0
0
0
0
0
0
0
0
0
0
0
0
0
0
0
0
0
0
0
0
0
0
0
0
0
0
0
0
0
0
0
0
0
0
0
0
0
0
0
0
0
0
0
0
0
0
0
0
0
0
0
0
0
0
0
0
0
0
0
0
0
0
0
0
0
0
0
0
0
0
0
0
0
0
0
0
0
0
0
0
0
0
0
0
0
0
0
0
0
0
0
0
0
0
0
0
0
0
0
0
0
0
0
0
0
0
0
0
0
0
0
0
0
0
0
0
0
0
0
0
0
0
0
0
0
0
0
0
0
0
0
0
0
0
0
0
0
0
0
0
0
0
0
0
0
0
0
0
0
0
0
0
0
0
0
0
0
0
0
0
0
0
0
0
0
0
0
0
0
0
0
0
0
0
0
0
0
0
0
0
0
0
0
0
0
0
0
0
0
0
0
0
0
0
0
0
0
0
0
0
0
0
0
0
0
0
0
0
0
0
0
0
0
0
0
0
0
0
0
0
0
0
0
0
0
0
0
0
0
0
0
0
0
0
0
0
0
0
0
0
0
0
0
0
0
0
0
0
0
0
0
0
0
0
0
0
0
0
0
0
0
0
0
0
0
0
0
0
0
0
0
0
0
0
0
0
0
0
0
0
0
0
0
0
0
0
0
0
0
0
0
0
0
0
0
0
0
0
0
0
0
0
0
0
0
0
0
0
0
0
0
0
0
0
0
0
0
0
0
0
0
0
0
0
0
0
0
0
0
0
0
0
0
0
0
0
0
0
0
0
0
0
0
0
0
0
0
0
0
0
0
0
0
0
0
0
0
0
0
0
0
0
0
0
0
0
0
0
0
0
0
0
0
0
0
0
0
0
0
0
0
0
0
0
0
0
0
0
0
0
0
0
0
0
0
0
0
0
0
0
0
0
0
0
0
0
0
0
0
0
0
0
0
0
0
0
0
0
0
0
0
0
0
0
0
0
0
0
0
0
0
0
0
0
0
0
0
0
0
0
0
0
0
0
0
0
0
0
0
0
0
0
0
0
0
0
0
0
0
0
0
0
0
0
0
0
0
0
0
0
0
0
0
0
0
0
0
0
0
0
0
0
0
0
0
0
0
0
0
0
0
0
0
0
0
0
0
0
0
0
0
0
0
0
0
0
0
0
0
0
0
0
0
0
0
0
0
0
0
0
0
0
0
0
0
0
0
0
0
0
0
0
0
0
0
0
0
0
0
0
0
0
0
0
0
0
0
0
0
0
0
0
0
0
0
0
0
0
0
0
0
0
0
0
0
0
0
0
0
0
0
0
0
0
0
0
0
0
0
0
0
0
0
0
0
0
0
0
0
0
0
0
0
0
0
0
0
0
0
0
0
0
0
0
0
0
0
0
0
0
0
0
0
0
0
0
0
0
0
0
0
0
0
0
0
0
0
0
0
0
0
0
0
0
0
0
0
0
0
0
0
0
0
0
0
0
0
0
0
0
0
0
0
0
0
0
0
0
0
0
0
0
0
0
0
0
0
0
0
0
0
0
0
0
0
0
0
0
0
0
0
0
0
0
0
0
0
0
0
0
0
0
0
0
0
0
0
0
0
0
0
0
0
0
0
0
0
0
0
0
0
0
0
0
0
0
0
0
0
0
0
0
0
0
0
0
0
0
0
0
0
0
0
0
0
0
0
0
0
0
0
0
0
0
0
0
0
0
0
0
0
0
0
0
0
0
0
0
0
0
0
0
0
0
0
0
0
0
0
0
0
0
0
0
0
0
0
0
0
0
0
0
0
0
0
0
0
0
0
0
0
0
0
0
0
0
0
0
0
0
0
0
0
0
0
0
0
0
0
0
0
0
0
0
0
0
0
0
0
0
0
0
0
0
0
0
0
0
0
0
0
0
0
0
0
0
0
0
0
0
0
0
0
0
0
0
0
0
0
0
0
0
0
0
0
0
0
0
0
0
0
0
0
0
0
0
0
0
0
0
0
0
0
0
0
0
0
0
0
0
0
0
0
0
0
0
0
0
0
0
0
0
0
0
0
0
0
0
0
0
0
0
0
0
0
0
0
0
0
0
0
0
0
0
0
0
0
0
0
0
0
0
0
0
0
0
0
0
0
0
0
0
0
0
0
0
0
0
0
0
0
0
0
0
0
0
0
0
0
0
0
0
0
0
0
0
0
0
0
0
0
0
0
0
0
0
0
0
0
0
0
0
0
0
0
0
0
0
0
0
0
0
0
0
0
0
0
0
0
0
0
0
0
0
0
0
0
0
0
0
0
0
0
0
0
0
0
0
0
0
0
0
0
0
0
0
0
0
0
0
0
0
0
0
0
0
0
0
0
0
0
0
0
0
0
0
0
0
0
0
0
0
0
0
0
0
0
0
0
0
0
0
0
0
0
0
0
0
0
0
0
0
0
0
0
0
0
0
0
0
0
0
0
0
0
0
0
0
0
0
0
0
0
0
0
0
0
0
0
0
0
0
0
0
0
0
0
0
0
0
0
0
0
0
0
0
0
0
0
0
0
0
0
0
0
0
0
0
0
0
0
0
0
0
0
0
0
0
0
0
0
0
0
0
0
0
0
0
0
0
0
0
0
0
0
0
0
0
0
0
0
0
0
0
0
0
0
0
0
0
0
0
0
0
0
0
0
0
0
0
0
0
0
0
0
0
0
0
0
0
0
0
0
0
0
0
0
0
0
0
0
0
0
0
0
0
0
0
0
0
0
0
0
0
0
0
0
0
0
0
0
0
0
0
0
0
0
0
0
0
0
0
0
0
0
0
0
0
0
0
0
0
0
0
0
0
0
0
0
0
0
0
0
0
0
0
0
0
0
0
0
0
0
0
0
0
0
0
0
0
0
0
0
0
0
0
0
0
0
0
0
0
0
0
0
0
0
0
0
0
0
0
0
0
0
0
0
0
0
0
0
0
0
0
0
0
0
0
0
0
0
0
0
0
0
0
0
0
0
0
0
0
0
0
0
0
0
0
0
0
0
0
0
0
0
0
0
0
0
0
0
0
0
0
0
0
0
0
0
0
0
0
0
0
0
0
0
0
0
0
0
0
0
0
0
0
0
0
0
0
0
0
0
0
0
0
0
0
0
0
0
0
0
0
0
0
0
0
0
0
0
0
0
0
0
0
0
0
0
0
0
0
0
0
0
0
0
0
0
0
0
0
0
0
0
0
0
0
0
0
0
0
0
0
0
0
0
0
0
0
0
0
0
0
0
0
0
0
0
0
0
0
0
0
0
0
0
0
0
0
0
0
0
0
0
0
0
0
0
0
0
0
0
0
0
0
0
0
0
0
0
0
0
0
0
0
0
0
0
0
0
0
0
0
0
0
0
0
0
0
0
0
0
0
0
0
0
0
0
0
0
0
0
0
0
0
0
0
0
0
0
0
0
0
0
0
0
0
0
0
0
0
0
0
0
0
0
0
0
0
0
0
0
0
0
0
0
0
0
0
0
0
0
0
0
0
0
0
0
0
0
0
0
0
0
0
0
0
0
0
0
0
0
0
0
0
0
0
0
0
0
0
0
0
0
0
0
0
0
0
0
0
0
0
0
0
0
0
0
0
0
0
0
0
0
0
0
0
0
0
0
0
0
0
0
0
0
0
0
0
0
0
0
0
0
0
0
0
0
0
0
0
0
0
0
0
0
0
0
0
0
0
0
0
0
0
0
0
0
0
0
0
0
0
0
0
0
0
0
0
0
0
0
0
0
0
0
0
0
0
0
0
0
0
0
0
0
0
0
0
0
0
0
0
0
0
0
0
0
0
0
0
0
0
0
0
0
0
0
0
0
0
0
0
0
0
0
0
0
0
0
0
0
0
0
0
0
0
0
0
0
0
0
0
0
0
0
0
0
0
0
0
0
0
0
0
0
0
0
0
0
0
0
0
0
0
0
0
0
0
0
0
0
0
0
0
0
0
0
0
0
0
0
0
0
0
0
0
0
0
0
0
0
0
0
0
0
0
0
0
0
0
0
0
0
0
0
0
0
0
0
0
0
0
0
0
0
0
0
0
0
0
0
0
0
0
0
0
0
0
0
0
0
0
0
0
0
0
0
0
0
0
0
0
0
0
0
0
0
0
0
0
0
0
0
0
0
0
0
0
0
0
0
0
0
0
0
0
0
0
0
0
0
0
0
0
0
0
0
0
0
0
0
0
0
0
0
0
0
0
0
0
0
0
0
0
0
0
0
0
0
0
0
0
0
0
0
0
0
0
0
0
0
0
0
0
0
0
0
0
0
0
0
0
0
0
0
0
0
0
0
0
0
0
0
0
0
0
0
0
0
0
0
0
0
0
0
0
0
0
0
0
0
0
0
0
0
0
0
0
0
0
0
0
0
0
0
0
0
0
0
0
0
0
0
0
0
0
0
0
0
0
0
0
0
0
0
0
0
0
0
0
0
0
0
0
0
0
0
0
0
0
0
0
0
0
0
0
0
0
0
0
0
0
0
0
0
0
0
0
0
0
0
0
0
0
0
0
0
0
0
0
0
0
0
0
0
0
0
0
0
0
0
0
0
0
0
0
0
0
0
0
0
0
0
0
0
0
0
0
0
0
0
0
0
0
0
0
0
0
0
0
0
0
0
0
0
0
0
0
0
0
0
0
0
0
0
0
0
0
0
0
0
0
0
0
0
0
0
0
0
0
0
0
0
0
0
0
0
0
0
0
0
0
0
0
0
0
0
0
0
0
0
0
0
0
0
0
0
0
0
0
0
0
0
0
0
0
0
0
0
0
0
0
0
0
0
0
0
0
0
0
0
0
0
0
0
0
0
0
0
0
0
0
0
0
0
0
0
0
0
0
0
0
0
0
0
0
0
0
0
0
0
0
0
0
0
0
0
0
0
0
0
0
0
0
0
0
0
0
0
0
0
0
0
0
0
0
0
0
0
0
0
0
0
0
0
0
0
0
0
0
0
0
0
0
0
0
0
0
0
0
0
0
0
0
0
0
0
0
0
0
0
0
0
0
0
0
0
0
0
0
0
0
0
0
0
0
0
0
0
0
0
0
0
0
0
0
0
0
0
0
0
0
0
0
0
0
0
0
0
0
0
0
0
0
0
0
0
0
0
0
0
0
0
0
0
0
0
0
0
0
0
0
0
0
0
0
0
0
0
0
0
0
0
0
0
0
0
0
0
0
0
0
0
0
0
0
0
0
0
0
0
0
0
0
0
0
0
0
0
0
0
0
0
0
0
0
0
0
0
0
0
0
0
0
0
0
0
0
0
0
0
0
0
0
0
0
0
0
0
0
0
0
0
0
0
0
0
0
0
0
0
0
0
0
0
0
0
0
0
0
0
0
0
0
0
0
0
0
0
0
0
0
0
0
0
0
0
0
0
0
0
0
0
0
0
0
0
0
0
0
0
0
0
0
0
0
0
0
0
0
0
0
0
0
0
0
0
0
0
0
0
0
0
0
0
0
0
0
0
0
0
0
0
0
0
0
0
0
0
0
0
0
0
0
0
0
0
0
0
0
0
0
0
0
0
0
0
0
0
0
0
0
0
0
0
0
0
0
0
0
0
0
0
0
0
0
0
0
0
0
0
0
0
0
0
0
0
0
0
0
0
0
0
0
0
0
0
0
0
0
0
0
0
0
0
0
0
0
0
0
0
0
0
0
0
0
0
0
0
0
0
0
0
0
0
0
0
0
0
0
0
0
0
0
0
0
0
0
0
0
0
0
0
0
0
0
0
0
0
0
0
0
0
0
0
0
0
0
0
0
0
0
0
0
0
0
0
0
0
0
0
0
0
0
0
0
0
0
0
0
0
0
0
0
0
0
0
0
0
0
0
0
0
0
0
0
0
0
0
0
0
0
0
0
0
0
0
0
0
0
0
0
0
0
0
0
0
0
0
0
0
0
0
0
0
0
0
0
0
0
0
0
0
0
0
0
0
0
0
0
0
0
0
0
0
0
0
0
0
0
0
0
0
0
0
0
0
0
0
0
0
0
0
0
0
0
0
0
0
0
0
0
0
0
0
0
0
0
0
0
0
0
0
0
0
0
0
0
0
0
0
0
0
0
0
0
0
0
0
0
0
0
0
0
0
0
0
0
0
0
0
0
0
0
0
0
0
0
0
0
0
0
0
0
0
0
0
0
0
0
0
0
0
0
0
0
0
0
0
0
0
0
0
0
0
0
0
0
0
0
0
0
0
0
0
0
0
0
0
0
0
0
0
0
0
0
0
0
0
0
0
0
0
0
0
0
0
0
0
0
0
0
0
0
0
0
0
0
0
0
0
0
0
0
0
0
0
0
0
0
0
0
0
0
0
0
0
0
0
0
0
0
0
0
0
0
0
0
0
0
0
0
0
0
0
0
0
0
0
0
0
0
0
0
0
0
0
0
0
0
0
0
0
0
0
0
0
0
0
0
0
0
0
0
0
0
0
0
0
0
0
0
0
0
0
0
0
0
0
0
0
0
0
0
0
0
0
0
0
0
0
0
0
0
0
0
0
0
0
0
0
0
0
0
0
0
0
0
0
0
0
0
0
0
0
0
0
0
0
0
0
0
0
0
0
0
0
0
0
0
0
0
0
0
0
0
0
0
0
0
0
0
0
0
0
0
0
0
0
0
0
0
0
0
0
0
0
0
0
0
0
0
0
0
0
0
0
0
0
0
0
0
0
0
0
0
0
0
0
0
0
0
0
0
0
0
0
0
0
0
0
0
0
0
0
0
0
0
0
0
0
0
0
0
0
0
0
0
0
0
0
0
0
0
0
0
0
0
0
0
0
0
0
0
0
0
0
0
0
0
0
0
0
0
0
0
0
0
0
0
0
0
0
0
0
0
0
0
0
0
0
0
0
0
0
0
0
0
0
0
0
0
0
0
0
0
0
0
0
0
0
0
0
0
0
0
0
0
0
0
0
0
0
0
0
0
0
0
0
0
0
0
0
0
0
0
0
0
0
0
0
0
0
0
0
0
0
0
0
0
0
0
0
0
0
0
0
0
0
0
0
0
0
0
0
0
0
0
0
0
0
0
0
0
0
0
0
0
0
0
0
0
0
0
0
0
0
0
0
0
0
0
0
0
0
0
0
0
0
0
0
0
0
0
0
0
0
0
0
0
0
0
0
0
0
0
0
0
0
0
0
0
0
0
0
0
0
0
0
0
0
0
0
0
0
0
0
0
0
0
0
0
0
0
0
0
0
0
0
0
0
0
0
0
0
0
0
0
0
0
0
0
0
0
0
0
0
0
0
0
0
0
0
0
0
0
0
0
0
0
0
0
0
0
0
0
0
0
0
0
0
0
0
0
0
0
0
0
0
0
0
0
0
0
0
0
0
0
0
0
0
0
0
0
0
0
0
0
0
0
0
0
0
0
0
0
0
0
0
0
0
0
0
0
0
0
0
0
0
0
0
0
0
0
0
0
0
0
0
0
0
0
0
0
0
0
0
0
0
0
0
0
0
0
0
0
0
0
0
0
0
0
0
0
0
0
0
0
0
0
0
0
0
0
0
0
0
0
0
0
0
0
0
0
0
0
0
0
0
0
0
0
0
0
0
0
0
0
0
0
0
0
0
0
0
0
0
0
0
0
0
0
0
0
0
0
0
0
0
0
0
0
0
0
0
0
0
0
0
0
0
0
0
0
0
0
0
0
0
0
0
0
0
0
0
0
0
0
0
0
0
0
0
0
0
0
0
0
0
0
0
0
0
0
0
0
0
0
0
0
0
0
0
0
0
0
0
0
0
0
0
0
0
0
0
0
0
0
0
0
0
0
0
0
0
0
0
0
0
0
0
0
0
0
0
0
0
0
0
0
0
0
0
0
0
0
0
0
0
0
0
0
0
0
0
0
0
0
0
0
0
0
0
0
0
0
0
0
0
0
0
0
0
0
0
0
0
0
0
0
0
0
0
0
0
0
0
0
0
0
0
0
0
0
0
0
0
0
0
0
0
0
0
0
0
0
0
0
0
0
0
0
0
0
0
0
0
0
0
0
0
0
0
0
0
0
0
0
0
0
0
0
0
0
0
0
0
0
0
0
0
0
0
0
0
0
0
0
0
0
0
0
0
0
0
0
0
0
0
0
0
0
0
0
0
0
0
0
0
0
0
0
0
0
0
0
0
0
0
0
0
0
0
0
0
0
0
0
0
0
0
0
0
0
0
0
0
0
0
0
0
0
0
0
0
0
0
0
0
0
0
0
0
0
0
0
0
0
0
0
0
0
0
0
0
0
0
0
0
0
0
0
0
0
0
0
0
0
0
0
0
0
0
0
0
0
0
0
0
0
0
0
0
0
0
0
0
0
0
0
0
0
0
0
0
0
0
0
0
0
0
0
0
0
0
0
0
0
0
0
0
0
0
0
0
0
0
0
0
0
0
0
0
0
0
0
0
0
0
0
0
0
0
0
0
0
0
0
0
0
0
0
0
0
0
0
0
0
0
0
0
0
0
0
0
0
0
0
0
0
0
0
0
0
0
0
0
0
0
0
0
0
0
0
0
0
0
0
0
0
0
0
0
0
0
0
0
0
0
0
0
0
0
0
0
0
0
0
0
0
0
0
0
0
0
0
0
0
0
0
0
0
0
0
0
0
0
0
0
0
0
0
0
0
0
0
0
0
0
0
0
0
0
0
0
0
0
0
0
0
0
0
0
0
0
0
0
0
0
0
0
0
0
0
0
0
0
0
0
0
0
0
0
0
0
0
0
0
0
0
0
0
0
0
0
0
0
0
0
0
0
0
0
0
0
0
0
0
0
0
0
0
0
0
0
0
0
0
0
0
0
0
0
0
0
0
0
0
0
0
0
0
0
0
0
0
0
0
0
0
0
0
0
0
0
0
0
0
0
0
0
0
0
0
0
0
0
0
0
0
0
0
0
0
0
0
0
0
0
0
0
0
0
0
0
0
0
0
0
0
0
0
0
0
0
0
0
0
0
0
0
0
0
0
0
0
0
0
0
0
0
0
0
0
0
0
0
0
0
0
0
0
0
0
0
0
0
0
0
0
0
0
0
0
0
0
0
0
0
0
0
0
0
0
0
0
0
0
0
0
0
0
0
0
0
0
0
0
0
0
0
0
0
0
0
0
0
0
0
0
0
0
0
0
0
0
0
0
0
0
0
0
0
0
0
0
0
0
0
0
0
0
0
0
0
0
0
0
0
0
0
0
0
0
0
0
0
0
0
0
0
0
0
0
0
0
0
0
0
0
0
0
0
0
0
0
0
0
0
0
0
0
0
0
0
0
0
0
0
0
0
0
0
0
0
0
0
0
0
0
0
0
0
0
0
0
0
0
0
0
0
0
0
0
0
0
0
0
0
0
0
0
0
0
0
0
0
0
0
0
0
0
0
0
0
0
0
0
0
0
0
0
0
0
0
0
0
0
0
0
0
0
0
0
0
0
0
0
0
0
0
0
0
0
0
0
0
0
0
0
0
0
0
0
0
0
0
0
0
0
0
0
0
0
0
0
0
0
0
0
0
0
0
0
0
0
0
0
0
0
0
0
0
0
0
0
0
0
0
0
0
0
0
0
0
0
0
0
0
0
0
0
0
0
0
0
0
0
0
0
0
0
0
0
0
0
0
0
0
0
0
0
0
0
0
0
0
0
0
0
0
0
0
0
0
0
0
0
0
0
0
0
0
0
0
0
0
0
0
0
0
0
0
0
0
0
0
0
0
0
0
0
0
0
0
0
0
0
0
0
0
0
0
0
0
0
0
0
0
0
0
0
0
0
0
0
0
0
0
0
0
0
0
0
0
0
0
0
0
0
0
0
0
0
0
0
0
0
0
0
0
0
0
0
0
0
0
0
0
0
0
0
0
0
0
0
0
0
0
0
0
0
0
0
0
0
0
0
0
0
0
0
0
0
0
0
0
0
0
0
0
0
0
0
0
0
0
0
0
0
0
0
0
0
0
0
0
0
0
0
0
0
0
0
0
0
0
0
0
0
0
0
0
0
0
0
0
0
0
0
0
0
0
0
0
0
0
0
0
0
0
0
0
0
0
0
0
0
0
0
0
0
0
0
0
0
0
0
0
0
0
0
0
0
0
0
0
0
0
0
0
0
0
0
0
0
0
0
0
0
0
0
0
0
0
0
0
0
0
0
0
0
0
0
0
0
0
0
0
0
0
0
0
0
0
0
0
0
0
0
0
0
0
0
0
0
0
0
0
0
0
0
0
0
0
0
0
0
0
0
0
0
0
0
0
0
0
0
0
0
0
0
0
0
0
0
0
0
0
0
0
0
0
0
0
0
0
0
0
0
0
0
0
0
0
0
0
0
0
0
0
0
0
0
0
0
0
0
0
0
0
0
0
0
0
0
0
0
0
0
0
0
0
0
0
0
0
0
0
0
0
0
0
0
0
0
0
0
0
0
0
0
0
0
0
0
0
0
0
0
0
0
0
0
0
0
0
0
0
0
0
0
0
0
0
0
0
0
0
0
0
0
0
0
0
0
0
0
0
0
0
0
0
0
0
0
0
0
0
0
0
0
0
0
0
0
0
0
0
0
0
0
0
0
0
0
0
0
0
0
0
0
0
0
0
0
0
0
0
0
0
0
0
0
0
0
0
0
0
0
0
0
0
0
0
0
0
0
0
0
0
0
0
0
0
0
0
0
0
0
0
0
0
0
0
0
0
0
0
0
0
0
0
0
0
0
0
0
0
0
0
0
0
0
0
0
0
0
0
0
0
0
0
0
0
0
0
0
0
0
0
0
0
0
0
0
0
0
0
0
0
0
0
0
0
0
0
0
0
0
0
0
0
0
0
0
0
0
0
0
0
0
0
0
0
0
0
0
0
0
0
0
0
0
0
0
0
0
0
0
0
0
0
0
0
0
0
0
0
0
0
0
0
0
0
0
0
0
0
0
0
0
0
0
0
0
0
0
0
0
0
0
0
0
0
0
0
0
0
0
0
0
0
0
0
0
0
0
0
0
0
0
0
0
0
0
0
0
0
0
0
0
0
0
0
0
0
0
0
0
0
0
0
0
0
0
0
0
0
0
0
0
0
0
0
0
0
0
0
0
0
0
0
0
0
0
0
0
0
0
0
0
0
0
0
0
0
0
0
0
0
0
0
0
0
0
0
0
0
0
0
0
0
0
0
0
0
0
0
0
0
0
0
0
0
0
0
0
0
0
0
0
0
0
0
0
0
0
0
0
0
0
0
0
0
0
0
0
0
0
0
0
0
0
0
0
0
0
0
0
0
0
0
0
0
0
0
0
0
0
0
0
0
0
0
0
0
0
0
0
0
0
0
0
0
0
0
0
0
0
0
0
0
0
0
0
0
0
0
0
0
0
0
0
0
0
0
0
0
0
0
0
0
0
0
0
0
0
0
0
0
0
0
0
0
0
0
0
0
0
0
0
0
0
0
0
0
0
0
0
0
0
0
0
0
0
0
0
0
0
0
0
0
0
0
0
0
0
0
0
0
0
0
0
0
0
0
0
0
0
0
0
0
0
0
0
0
0
0
0
0
0
0
0
0
0
0
0
0
0
0
0
0
0
0
0
0
0
0
0
0
0
0
0
0
0
0
0
0
0
0
0
0
0
0
0
0
0
0
0
0
0
0
0
0
0
0
0
0
0
0
0
0
0
0
0
0
0
0
0
0
0
0
0
0
0
0
0
0
0
0
0
0
0
0
0
0
0
0
0
0
0
0
0
0
0
0
0
0
0
0
0
0
0
0
0
0
0
0
0
0
0
0
0
0
0
0
0
0
0
0
0
0
0
0
0
0
0
0
0
0
0
0
0
0
0
0
0
0
0
0
0
0
0
0
0
0
0
0
0
0
0
0
0
0
0
0
0
0
0
0
0
0
0
0
0
0
0
0
0
0
0
0
0
0
0
0
0
0
0
0
0
0
0
0
0
0
0
0
0
0
0
0
0
0
0
0
0
0
0
0
0
0
0
0
0
0
0
0
0
0
0
0
0
0
0
0
0
0
0
0
0
0
0
0
0
0
0
0
0
0
0
0
0
0
0
0
0
0
0
0
0
0
0
0
0
0
0
0
0
0
0
0
0
0
0
0
0
0
0
0
0
0
0
0
0
0
0
0
0
0
0
0
0
0
0
0
0
0
0
0
0
0
0
0
0
0
0
0
0
0
0
0
0
0
0
0
0
0
0
0
0
0
0
0
0
0
0
0
0
0
0
0
0
0
0
0
0
0
0
0
0
0
0
0
0
0
0
0
0
0
0
0
0
0
0
0
0
0
0
0
0
0
0
0
0
0
0
0
0
0
0
0
0
0
0
0
0
0
0
0
0
0
0
0
0
0
0
0
0
0
0
0
0
0
0
0
0
0
0
0
0
0
0
0
0
0
0
0
0
0
0
0
0
0
0
0
0
0
0
0
0
0
0
0
0
0
0
0
0
0
0
0
0
0
0
0
0
0
0
0
0
0
0
0
0
0
0
0
0
0
0
0
0
0
0
0
0
0
0
0
0
0
0
0
0
0
0
0
0
0
0
0
0
0
0
0
0
0
0
0
0
0
0
0
0
0
0
0
0
0
0
0
0
0
0
0
0
0
0
0
0
0
0
0
0
0
0
0
0
0
0
0
0
0
0
0
0
0
0
0
0
0
0
0
0
0
0
0
0
0
0
0
0
0
0
0
0
0
0
0
0
0
0
0
0
0
0
0
0
0
0
0
0
0
0
0
0
0
0
0
0
0
0
0
0
0
0
0
0
0
0
0
0
0
0
0
0
0
0
0
0
0
0
0
0
0
0
0
0
0
0
0
0
0
0
0
0
0
0
0
0
0
0
0
0
0
0
0
0
0
0
0
0
0
0
0
0
0
0
0
0
0
0
0
0
0
0
0
0
0
0
0
0
0
0
0
0
0
0
0
0
0
0
0
0
0
0
0
0
0
0
0
0
0
0
0
0
0
0
0
0
0
0
0
0
0
0
0
0
0
0
0
0
0
0
0
0
0
0
0
0
0
0
0
0
0
0
0
0
0
0
0
0
0
0
0
0
0
0
0
0
0
0
0
0
0
0
0
0
0
0
0
0
0
0
0
0
0
0
0
0
0
0
0
0
0
0
0
0
0
0
0
0
0
0
0
0
0
0
0
0
0
0
0
0
0
0
0
0
0
0
0
0
0
0
0
0
0
0
0
0
0
0
0
0
0
0
0
0
0
0
0
0
0
0
0
0
0
0
0
0
0
0
0
0
0
0
0
0
0
0
0
0
0
0
0
0
0
0
0
0
0
0
0
0
0
0
0
0
0
0
0
0
0
0
0
0
0
0
0
0
0
0
0
0
0
0
0
0
0
0
0
0
0
0
0
0
0
0
0
0
0
0
0
0
0
0
0
0
0
0
0
0
0
0
0
0
0
0
0
0
0
0
0
0
0
0
0
0
0
0
0
0
0
0
0
0
0
0
0
0
0
0
0
0
0
0
0
0
0
0
0
0
0
0
0
0
0
0
0
0
0
0
0
0
0
0
0
0
0
0
0
0
0
0
0
0
0
0
0
0
0
0
0
0
0
0
0
0
0
0
0
0
0
0
0
0
0
0
0
0
0
0
0
0
0
0
0
0
0
0
0
0
0
0
0
0
0
0
0
0
0
0
0
0
0
0
0
0
0
0
0
0
0
0
0
0
0
0
0
0
0
0
0
0
0
0
0
0
0
0
0
0
0
0
0
0
0
0
0
0
0
0
0
0
0
0
0
0
0
0
0
0
0
0
0
0
0
0
0
0
0
0
0
0
0
0
0
0
0
0
0
0
0
0
0
0
0
0
0
0
0
0
0
0
0
0
0
0
0
0
0
0
0
0
0
0
0
0
0
0
0
0
0
0
0
0
0
0
0
0
0
0
0
0
0
0
0
0
0
0
0
0
0
0
0
0
0
0
0
0
0
0
0
0
0
0
0
0
0
0
0
0
0
0
0
0
0
0
0
0
0
0
0
0
0
0
0
0
0
0
0
0
0
0
0
0
0
0
0
0
0
0
0
0
0
0
0
0
0
0
0
0
0
0
0
0
0
0
0
0
0
0
0
0
0
0
0
0
0
0
0
0
0
0
0
0
0
0
0
0
0
0
0
0
0
0
0
0
0
0
0
0
0
0
0
0
0
0
0
0
0
0
0
0
0
0
0
0
0
0
0
0
0
0
0
0
0
0
0
0
0
0
0
0
0
0
0
0
0
0
0
0
0
0
0
0
0
0
0
0
0
0
0
0
0
0
0
0
0
0
0
0
0
0
0
0
0
0
0
0
0
0
0
0
0
0
0
0
0
0
0
0
0
0
0
0
0
0
0
0
0
0
0
0
0
0
0
0
0
0
0
0
0
0
0
0
0
0
0
0
0
0
0
0
0
0
0
0
0
0
0
0
0
0
0
0
0
0
0
0
0
0
0
0
0
0
0
0
0
0
0
0
0
0
0
0
0
0
0
0
0
0
0
0
0
0
0
0
0
0
0
0
0
0
0
0
0
0
0
0
0
0
0
0
0
0
0
0
0
0
0
0
0
0
0
0
0
0
0
0
0
0
0
0
0
0
0
0
0
0
0
0
0
0
0
0
0
0
0
0
0
0
0
0
0
0
0
0
0
0
0
0
0
0
0
0
0
0
0
0
0
0
0
0
0
0
0
0
0
0
0
0
0
0
0
0
0
0
0
0
0
0
0
0
0
0
0
0
0
0
0
0
0
0
0
0
0
0
0
0
0
0
0
0
0
0
0
0
0
0
0
0
0
0
0
0
0
0
0
0
0
0
0
0
0
0
0
0
0
0
0
0
0
0
0
0
0
0
0
0
0
0
0
0
0
0
0
0
0
0
0
0
0
0
0
0
0
0
0
0
0
0
0
0
0
0
0
0
0
0
0
0
0
0
0
0
0
0
0
0
0
0
0
0
0
0
0
0
0
0
0
0
0
0
0
0
0
0
0
0
0
0
0
0
0
0
0
0
0
0
0
0
0
0
0
0
0
0
0
0
0
0
0
0
0
0
0
0
0
0
0
0
0
0
0
0
0
0
0
0
0
0
0
0
0
0
0
0
0
0
0
0
0
0
0
0
0
0
0
0
0
0
0
0
0
0
0
0
0
0
0
0
0
0
0
0
0
0
0
0
0
0
0
0
0
0
0
0
0
0
0
0
0
0
0
0
0
0
0
0
0
0
0
0
0
0
0
0
0
0
0
0
0
0
0
0
0
0
0
0
0
0
0
0
0
0
0
0
0
0
0
0
0
0
0
0
0
0
0
0
0
0
0
0
0
0
0
0
0
0
0
0
0
0
0
0
0
0
0
0
0
0
0
0
0
0
0
0
0
0
0
0
0
0
0
0
0
0
0
0
0
0
0
0
0
0
0
0
0
0
0
0
0
0
0
0
0
0
0
0
0
0
0
0
0
0
0
0
0
0
0
0
0
0
0
0
0
0
0
0
0
0
0
0
0
0
0
0
0
0
0
0
0
0
0
0
0
0
0
0
0
0
0
0
0
0
0
0
0
0
0
0
0
0
0
0
0
0
0
0
0
0
0
0
0
0
0
0
0
0
0
0
0
0
0
0
0
0
0
0
0
0
0
0
0
0
0
0
0
0
0
0
0
0
0
0
0
0
0
0
0
0
0
0
0
0
0
0
0
0
0
0
0
0
0
0
0
0
0
0
0
0
0
0
0
0
0
0
0
0
0
0
0
0
0
0
0
0
0
0
0
0
0
0
0
0
0
0
0
0
0
0
0
0
0
0
0
0
0
0
0
0
0
0
0
0
0
0
0
0
0
0
0
0
0
0
0
0
0
0
0
0
0
0
0
0
0
0
0
0
0
0
0
0
0
0
0
0
0
0
0
0
0
0
0
0
0
0
0
0
0
0
0
0
0
0
0
0
0
0
0
0
0
0
0
0
0
0
0
0
0
0
0
0
0
0
0
0
0
0
0
0
0
0
0
0
0
0
0
0
0
0
0
0
0
0
0
0
0
0
0
0
0
0
0
0
0
0
0
0
0
0
0
0
0
0
0
0
0
0
0
0
0
0
0
0
0
0
0
0
0
0
0
0
0
0
0
0
0
0
0
0
0
0
0
0
0
0
0
0
0
0
0
0
0
0
0
0
0
0
0
0
0
0
0
0
0
0
0
0
0
0
0
0
0
0
0
0
0
0
0
0
0
0
0
0
0
0
0
0
0
0
0
0
0
0
0
0
0
0
0
0
0
0
0
0
0
0
0
0
0
0
0
0
0
0
0
0
0
0
0
0
0
0
0
0
0
0
0
0
0
0
0
0
0
0
0
0
0
0
0
0
0
0
0
0
0
0
0
0
0
0
0
0
0
0
0
0
0
0
0
0
0
0
0
0
0
0
0
0
0
0
0
0
0
0
0
0
0
0
0
0
0
0
0
0
0
0
0
0
0
0
0
0
0
0
0
0
0
0
0
0
0
0
0
0
0
0
0
0
0
0
0
0
0
0
0
0
0
0
0
0
0
0
0
0
0
0
0
0
0
0
0
0
0
0
0
0
0
0
0
0
0
0
0
0
0
0
0
0
0
0
0
0
0
0
0
0
0
0
0
0
0
0
0
0
0
0
0
0
0
0
0
0
0
0
0
0
0
0
0
0
0
0
0
0
0
0
0
0
0
0
0
0
0
0
0
0
0
0
0
0
0
0
0
0
0
0
0
0
0
0
0
0
0
0
0
0
0
0
0
0
0
0
0
0
0
0
0
0
0
0
0
0
0
0
0
0
0
0
0
0
0
0
0
0
0
0
0
0
0
0
0
0
0
0
0
0
0
0
0
0
0
0
0
0
0
0
0
0
0
0
0
0
0
0
0
0
0
0
0
0
0
0
0
0
0
0
0
0
0
0
0
0
0
0
0
0
0
0
0
0
0
0
0
0
0
0
0
0
0
0
0
0
0
0
0
0
0
0
0
0
0
0
0
0
0
0
0
0
0
0
0
0
0
0
0
0
0
0
0
0
0
0
0
0
0
0
0
0
0
0
0
0
0
0
0
0
0
0
0
0
0
0
0
0
0
0
0
0
0
0
0
0
0
0
0
0
0
0
0
0
0
0
0
0
0
0
0
0
0
0
0
0
0
0
0
0
0
0
0
0
0
0
0
0
0
0
0
0
0
0
0
0
0
0
0
0
0
0
0
0
0
0
0
0
0
0
0
0
0
0
0
0
0
0
0
0
0
0
0
0
0
0
0
0
0
0
0
0
0
0
0
0
0
0
0
0
0
0
0
0
0
0
0
0
0
0
0
0
0
0
0
0
0
0
0
0
0
0
0
0
0
0
0
0
0
0
0
0
0
0
0
0
0
0
0
0
0
0
0
0
0
0
0
0
0
0
0
0
0
0
0
0
0
0
0
0
0
0
0
0
0
0
0
0
0
0
0
0
0
0
0
0
0
0
0
0
0
0
0
0
0
0
0
0
0
0
0
0
0
0
0
0
0
0
0
0
0
0
0
0
0
0
0
0
0
0
0
0
0
0
0
0
0
0
0
0
0
0
0
0
0
0
0
0
0
0
0
0
0
0
0
0
0
0
0
0
0
0
0
0
0
0
0
0
0
0
0
0
0
0
0
0
0
0
0
0
0
0
0
0
0
0
0
0
0
0
0
0
0
0
0
0
0
0
0
0
0
0
0
0
0
0
0
0
0
0
0
0
0
0
0
0
0
0
0
0
0
0
0
0
0
0
0
0
0
0
0
0
0
0
0
0
0
0
0
0
0
0
0
0
0
0
0
0
0
0
0
0
0
0
0
0
0
0
0
0
0
0
0
0
0
0
0
0
0
0
0
0
0
0
0
0
0
0
0
0
0
0
0
0
0
0
0
0
0
0
0
0
0
0
0
0
0
0
0
0
0
0
0
0
0
0
0
0
0
0
0
0
0
0
0
0
0
0
0
0
0
0
0
0
0
0
0
0
0
0
0
0
0
0
0
0
0
0
0
0
0
0
0
0
0
0
0
0
0
0
0
0
0
0
0
0
0
0
0
0
0
0
0
0
0
0
0
0
0
0
0
0
0
0
0
0
0
0
0
0
0
0
0
0
0
0
0
0
0
0
0
0
0
0
0
0
0
0
0
0
0
0
0
0
0
0
0
0
0
0
0
0
0
0
0
0
0
0
0
0
0
0
0
0
0
0
0
0
0
0
0
0
0
0
0
0
0
0
0
0
0
0
0
0
0
0
0
0
0
0
0
0
0
0
0
0
0
0
0
0
0
0
0
0
0
0
0
0
0
0
0
0
0
0
0
0
0
0
0
0
0
0
0
0
0
0
0
0
0
0
0
0
0
0
0
0
0
0
0
0
0
0
0
0
0
0
0
0
0
0
0
0
0
0
0
0
0
0
0
0
0
0
0
0
0
0
0
0
0
0
0
0
0
0
0
0
0
0
0
0
0
0
0
0
0
0
0
0
0
0
0
0
0
0
0
0
0
0
0
0
0
0
0
0
0
0
0
0
0
0
0
0
0
0
0
0
0
0
0
0
0
0
0
0
0
0
0
0
0
0
0
0
0
0
0
0
0
0
0
0
0
0
0
0
0
0
0
0
0
0
0
0
0
0
0
0
0
0
0
0
0
0
0
0
0
0
0
0
0
0
0
0
0
0
0
0
0
0
0
0
0
0
0
0
0
0
0
0
0
0
0
0
0
0
0
0
0
0
0
0
0
0
0
0
0
0
0
0
0
0
0
0
0
0
0
0
0
0
0
0
0
0
0
0
0
0
0
0
0
0
0
0
0
0
0
0
0
0
0
0
0
0
0
0
0
0
0
0
0
0
0
0
0
0
0
0
0
0
0
0
0
0
0
0
0
0
0
0
0
0
0
0
0
0
0
0
0
0
0
0
0
0
0
0
0
0
0
0
0
0
0
0
0
0
0
0
0
0
0
0
0
0
0
0
0
0
0
0
0
0
0
0
0
0
0
0
0
0
0
0
0
0
0
0
0
0
0
0
0
0
0
0
0
0
0
0
0
0
0
0
0
0
0
0
0
0
0
0
0
0
0
0
0
0
0
0
0
0
0
0
0
0
0
0
0
0
0
0
0
0
0
0
0
0
0
0
0
0
0
0
0
0
0
0
0
0
0
0
0
0
0
0
0
0
0
0
0
0
0
0
0
0
0
0
0
0
0
0
0
0
0
0
0
0
0
0
0
0
0
0
0
0
0
0
0
0
0
0
0
0
0
0
0
0
0
0
0
0
0
0
0
0
0
0
0
0
0
0
0
0
0
0
0
0
0
0
0
0
0
0
0
0
0
0
0
0
0
0
0
0
0
0
0
0
0
0
0
0
0
0
0
0
0
0
0
0
0
0
0
0
0
0
0
0
0
0
0
0
0
0
0
0
0
0
0
0
0
0
0
0
0
0
0
0
0
0
0
0
0
0
0
0
0
0
0
0
0
0
0
0
0
0
0
0
0
0
0
0
0
0
0
0
0
0
0
0
0
0
0
0
0
0
0
0
0
0
0
0
0
0
0
0
0
0
0
0
0
0
0
0
0
0
0
0
0
0
0
0
0
0
0
0
0
0
0
0
0
0
0
0
0
0
0
0
0
0
0
0
0
0
0
0
0
0
0
0
0
0
0
0
0
0
0
0
0
0
0
0
0
0
0
0
0
0
0
0
0
0
0
0
0
0
0
0
0
0
0
0
0
0
0
0
0
0
0
0
0
0
0
0
0
0
0
0
0
0
0
0
0
0
0
0
0
0
0
0
0
0
0
0
0
0
0
0
0
0
0
0
0
0
0
0
0
0
0
0
0
0
0
0
0
0
0
0
0
0
0
0
0
0
0
0
0
0
0
0
0
0
0
0
0
0
0
0
0
0
0
0
0
0
0
0
0
0
0
0
0
0
0
0
0
0
0
0
0
0
0
0
0
0
0
0
0
0
0
0
0
0
0
0
0
0
0
0
0
0
0
0
0
0
0
0
0
0
0
0
0
0
0
0
0
0
0
0
0
0
0
0
0
0
0
0
0
0
0
0
0
0
0
0
0
0
0
0
0
0
0
0
0
0
0
0
0
0
0
0
0
0
0
0
0
0
0
0
0
0
0
0
0
0
0
0
0
0
0
0
0
0
0
0
0
0
0
0
0
0
0
0
0
0
0
0
0
0
0
0
0
0
0
0
0
0
0
0
0
0
0
0
0
0
0
0
0
0
0
0
0
0
0
0
0
0
0
0
0
0
0
0
0
0
0
0
0
0
0
0
0
0
0
0
0
0
0
0
0
0
0
0
0
0
0
0
0
0
0
0
0
0
0
0
0
0
0
0
0
0
0
0
0
0
0
0
0
0
0
0
0
0
0
0
0
0
0
0
0
0
0
0
0
0
0
0
0
0
0
0
0
0
0
0
0
0
0
0
0
0
0
0
0
0
0
0
0
0
0
0
0
0
0
0
0
0
0
0
0
0
0
0
0
0
0
0
0
0
0
0
0
0
0
0
0
0
0
0
0
0
0
0
0
0
0
0
0
0
0
0
0
0
0
0
0
0
0
0
0
0
0
0
0
0
0
0
0
0
0
0
0
0
0
0
0
0
0
0
0
0
0
0
0
0
0
0
0
0
0
0
0
0
0
0
0
0
0
0
0
0
0
0
0
0
0
0
0
0
0
0
0
0
0
0
0
0
0
0
0
0
0
0
0
0
0
0
0
0
0
0
0
0
0
0
0
0
0
0
0
0
0
0
0
0
0
0
0
0
0
0
0
0
0
0
0
0
0
0
0
0
0
0
0
0
0
0
0
0
0
0
0
0
0
0
0
0
0
0
0
0
0
0
0
0
0
0
0
0
0
0
0
0
0
0
0
0
0
0
0
0
0
0
0
0
0
0
0
0
0
0
0
0
0
0
0
0
0
0
0
0
0
0
0
0
0
0
0
0
0
0
0
0
0
0
0
0
0
0
0
0
0
0
0
0
0
0
0
0
0
0
0
0
0
0
0
0
0
0
0
0
0
0
0
0
0
0
0
0
0
0
0
0
0
0
0
0
0
0
0
0
0
0
0
0
0
0
0
0
0
0
0
0
0
0
0
0
0
0
0
0
0
0
0
0
0
0
0
0
0
0
0
0
0
0
0
0
0
0
0
0
0
0
0
0
0
0
0
0
0
0
0
0
0
0
0
0
0
0
0
0
0
0
0
0
0
0
0
0
0
0
0
0
0
0
0
0
0
0
0
0
0
0
0
0
0
0
0
0
0
0
0
0
0
0
0
0
0
0
0
0
0
0
0
0
0
0
0
0
0
0
0
0
0
0
0
0
0
0
0
0
0
0
0
0
0
0
0
0
0
0
0
0
0
0
0
0
0
0
0
0
0
0
0
0
0
0
0
0
0
0
0
0
0
0
0
0
0
0
0
0
0
0
0
0
0
0
0
0
0
0
0
0
0
0
0
0
0
0
0
0
0
0
0
0
0
0
0
0
0
0
0
0
0
0
0
0
0
0
0
0
0
0
0
0
0
0
0
0
0
0
0
0
0
0
0
0
0
0
0
0
0
0
0
0
0
0
0
0
0
0
0
0
0
0
0
0
0
0
0
0
0
0
0
0
0
0
0
0
0
0
0
0
0
0
0
0
0
0
0
0
0
0
0
0
0
0
0
0
0
0
0
0
0
0
0
0
0
0
0
0
0
0
0
0
0
0
0
0
0
0
0
0
0
0
0
0
0
0
0
0
0
0
0
0
0
0
0
0
0
0
0
0
0
0
0
0
0
0
0
0
0
0
0
0
0
0
0
0
0
0
0
0
0
0
0
0
0
0
0
0
0
0
0
0
0
0
0
0
0
0
0
0
0
0
0
0
0
0
0
0
0
0
0
0
0
0
0
0
0
0
0
0
0
0
0
0
0
0
0
0
0
0
0
0
0
0
0
0
0
0
0
0
0
0
0
0
0
0
0
0
0
0
0
0
0
0
0
0
0
0
0
0
0
0
0
0
0
0
0
0
0
0
0
0
0
0
0
0
0
0
0
0
0
0
0
0
0
0
0
0
0
0
0
0
0
0
0
0
0
0
0
0
0
0
0
0
0
0
0
0
0
0
0
0
0
0
0
0
0
0
0
0
0
0
0
0
0
0
0
0
0
0
0
0
0
0
0
0
0
0
0
0
0
0
0
0
0
0
0
0
0
0
0
0
0
0
0
0
0
0
0
0
0
0
0
0
0
0
0
0
0
0
0
0
0
0
0
0
0
0
0
0
0
0
0
0
0
0
0
0
0
0
0
0
0
0
0
0
0
0
0
0
0
0
0
0
0
0
0
0
0
0
0
0
0
0
0
0
0
0
0
0
0
0
0
0
0
0
0
0
0
0
0
0
0
0
0
0
0
0
0
0
0
0
0
0
0
0
0
0
0
0
0
0
0
0
0
0
0
0
0
0
0
0
0
0
0
0
0
0
0
0
0
0
0
0
0
0
0
0
0
0
0
0
0
0
0
0
0
0
0
0
0
0
0
0
0
0
0
0
0
0
0
0
0
0
0
0
0
0
0
0
0
0
0
0
0
0
0
0
0
0
0
0
0
0
0
0
0
0
0
0
0
0
0
0
0
0
0
0
0
0
0
0
0
0
0
0
0
0
0
0
0
0
0
0
0
0
0
0
0
0
0
0
0
0
0
0
0
0
0
0
0
0
0
0
0
0
0
0
0
0
0
0
0
0
0
0
0
0
0
0
0
0
0
0
0
0
0
0
0
0
0
0
0
0
0
0
0
0
0
0
0
0
0
0
0
0
0
0
0
0
0
0
0
0
0
0
0
0
0
0
0
0
0
0
0
0
0
0
0
0
0
0
0
0
0
0
0
0
0
0
0
0
0
0
0
0
0
0
0
0
0
0
0
0
0
0
0
0
0
0
0
0
0
0
0
0
0
0
0
0
0
0
0
0
0
0
0
0
0
0
0
0
0
0
0
0
0
0
0
0
0
0
0
0
0
0
0
0
0
0
0
0
0
0
0
0
0
0
0
0
0
0
0
0
0
0
0
0
0
0
0
0
0
0
0
0
0
0
0
0
0
0
0
0
0
0
0
0
0
0
0
0
0
0
0
0
0
0
0
0
0
0
0
0
0
0
0
0
0
0
0
0
0
0
0
0
0
0
0
0
0
0
0
0
0
0
0
0
0
0
0
0
0
0
0
0
0
0
0
0
0
0
0
0
0
0
0
0
0
0
0
0
0
0
0
0
0
0
0
0
0
0
0
0
0
0
0
0
0
0
0
0
0
0
0
0
0
0
0
0
0
0
0
0
0
0
0
0
0
0
0
0
0
0
0
0
0
0
0
0
0
0
0
0
0
0
0
0
0
0
0
0
0
0
0
0
0
0
0
0
0
0
0
0
0
0
0
0
0
0
0
0
0
0
0
0
0
0
0
0
0
0
0
0
0
0
0
0
0
0
0
0
0
0
0
0
0
0
0
0
0
0
0
0
0
0
0
0
0
0
0
0
0
0
0
0
0
0
0
0
0
0
0
0
0
0
0
0
0
0
0
0
0
0
0
0
0
0
0
0
0
0
0
0
0
0
0
0
0
0
0
0
0
0
0
0
0
0
0
0
0
0
0
0
0
0
0
0
0
0
0
0
0
0
0
0
0
0
0
0
0
0
0
0
0
0
0
0
0
0
0
0
0
0
0
0
0
0
0
0
0
0
0
0
0
0
0
0
0
0
0
0
0
0
0
0
0
0
0
0
0
0
0
0
0
0
0
0
0
0
0
0
0
0
0
0
0
0
0
0
0
0
0
0
0
0
0
0
0
0
0
0
0
0
0
0
0
0
0
0
0
0
0
0
0
0
0
0
0
0
0
0
0
0
0
0
0
0
0
0
0
0
0
0
0
0
0
0
0
0
0
0
0
0
0
0
0
0
0
0
0
0
0
0
0
0
0
0
0
0
0
0
0
0
0
0
0
0
0
0
0
0
0
0
0
0
0
0
0
0
0
0
0
0
0
0
0
0
0
0
0
0
0
0
0
0
0
0
0
0
0
0
0
0
0
0
0
0
0
0
0
0
0
0
0
0
0
0
0
0
0
0
0
0
0
0
0
0
0
0
0
0
0
0
0
0
0
0
0
0
0
0
0
0
0
0
0
0
0
0
0
0
0
0
0
0
0
0
0
0
0
0
0
0
0
0
0
0
0
0
0
0
0
0
0
0
0
0
0
0
0
0
0
0
0
0
0
0
0
0
0
0
0
0
0
0
0
0
0
0
0
0
0
0
0
0
0
0
0
0
0
0
0
0
0
0
0
0
0
0
0
0
0
0
0
0
0
0
0
0
0
0
0
0
0
0
0
0
0
0
0
0
0
0
0
0
0
0
0
0
0
0
0
0
0
0
0
0
0
0
0
0
0
0
0
0
0
0
0
0
0
0
0
0
0
0
0
0
0
0
0
0
0
0
0
0
0
0
0
0
0
0
0
0
0
0
0
0
0
0
0
0
0
0
0
0
0
0
0
0
0
0
0
0
0
0
0
0
0
0
0
0
0
0
0
0
0
0
0
0
0
0
0
0
0
0
0
0
0
0
0
0
0
0
0
0
0
0
0
0
0
0
0
0
0
0
0
0
0
0
0
0
0
0
0
0
0
0
0
0
0
0
0
0
0
0
0
0
0
0
0
0
0
0
0
0
0
0
0
0
0
0
0
0
0
0
0
0
0
0
0
0
0
0
0
0
0
0
0
0
0
0
0
0
0
0
0
0
0
0
0
0
0
0
0
0
0
0
0
0
0
0
0
0
0
0
0
0
0
0
0
0
0
0
0
0
0
0
0
0
0
0
0
0
0
0
0
0
0
0
0
0
0
0
0
0
0
0
0
0
0
0
0
0
0
0
0
0
0
0
0
0
0
0
0
0
0
0
0
0
0
0
0
0
0
0
0
0
0
0
0
0
0
0
0
0
0
0
0
0
0
0
0
0
0
0
0
0
0
0
0
0
0
0
0
0
0
0
0
0
0
0
0
0
0
0
0
0
0
0
0
0
0
0
0
0
0
0
0
0
0
0
0
0
0
0
0
0
0
0
0
0
0
0
0
0
0
0
0
0
0
0
0
0
0
0
0
0
0
0
0
0
0
0
0
0
0
0
0
0
0
0
0
0
0
0
0
0
0
0
0
0
0
0
0
0
0
0
0
0
0
0
0
0
0
0
0
0
0
0
0
0
0
0
0
0
0
0
0
0
0
0
0
0
0
0
0
0
0
0
0
0
0
0
0
0
0
0
0
0
0
0
0
0
0
0
0
0
0
0
0
0
0
0
0
0
0
0
0
0
0
0
0
0
0
0
0
0
0
0
0
0
0
0
0
0
0
0
0
0
0
0
0
0
0
0
0
0
0
0
0
0
0
0
0
0
0
0
0
0
0
0
0
0
0
0
0
0
0
0
0
0
0
0
0
0
0
0
0
0
0
0
0
0
0
0
0
0
0
0
0
0
0
0
0
0
0
0
0
0
0
0
0
0
0
0
0
0
0
0
0
0
0
0
0
0
0
0
0
0
0
0
0
0
0
0
0
0
0
0
0
0
0
0
0
0
0
0
0
0
0
0
0
0
0
0
0
0
0
0
0
0
0
0
0
0
0
0
0
0
0
0
0
0
0
0
0
0
0
0
0
0
0
0
0
0
0
0
0
0
0
0
0
0
0
0
0
0
0
0
0
0
0
0
0
0
0
0
0
0
0
0
0
0
0
0
0
0
0
0
0
0
0
0
0
0
0
0
0
0
0
0
0
0
0
0
0
0
0
0
0
0
0
0
0
0
0
0
0
0
0
0
0
0
0
0
0
0
0
0
0
0
0
0
0
0
0
0
0
0
0
0
0
0
0
0
0
0
0
0
0
0
0
0
0
0
0
0
0
0
0
0
0
0
0
0
0
0
0
0
0
0
0
0
0
0
0
0
0
0
0
0
0
0
0
0
0
0
0
0
0
0
0
0
0
0
0
0
0
0
0
0
0
0
0
0
0
0
0
0
0
0
0
0
0
0
0
0
0
0
0
0
0
0
0
0
0
0
0
0
0
0
0
0
0
0
0
0
0
0
0
0
0
0
0
0
0
0
0
0
0
0
0
0
0
0
0
0
0
0
0
0
0
0
0
0
0
0
0
0
0
0
0
0
0
0
0
0
0
0
0
0
0
0
0
0
0
0
0
0
0
0
0
0
0
0
0
0
0
0
0
0
0
0
0
0
0
0
0
0
0
0
0
0
0
0
0
0
0
0
0
0
0
0
0
0
0
0
0
0
0
0
0
0
0
0
0
0
0
0
0
0
0
0
0
0
0
0
0
0
0
0
0
0
0
0
0
0
0
0
0
0
0
0
0
0
0
0
0
0
0
0
0
0
0
0
0
0
0
0
0
0
0
0
0
0
0
0
0
0
0
0
0
0
0
0
0
0
0
0
0
0
0
0
0
0
0
0
0
0
0
0
0
0
0
0
0
0
0
0
0
0
0
0
0
0
0
0
0
0
0
0
0
0
0
0
0
0
0
0
0
0
0
0
0
0
0
0
0
0
0
0
0
0
0
0
0
0
0
0
0
0
0
0
0
0
0
0
0
0
0
0
0
0
0
0
0
0
0
0
0
0
0
0
0
0
0
0
0
0
0
0
0
0
0
0
0
0
0
0
0
0
0
0
0
0
0
0
0
0
0
0
0
0
0
0
0
0
0
0
0
0
0
0
0
0
0
0
0
0
0
0
0
0
0
0
0
0
0
0
0
0
0
0
0
0
0
0
0
0
0
0
0
0
0
0
0
0
0
0
0
0
0
0
0
0
0
0
0
0
0
0
0
0
0
0
0
0
0
0
0
0
0
0
0
0
0
0
0
0
0
0
0
0
0
0
0
0
0
0
0
0
0
0
0
0
0
0
0
0
0
0
0
0
0
0
0
0
0
0
0
0
0
0
0
0
0
0
0
0
0
0
0
0
0
0
0
0
0
0
0
0
0
0
0
0
0
0
0
0
0
0
0
0
0
0
0
0
0
0
0
0
0
0
0
0
0
0
0
0
0
0
0
0
0
0
0
0
0
0
0
0
0
0
0
0
0
0
0
0
0
0
0
0
0
0
0
0
0
0
0
0
0
0
0
0
0
0
0
0
0
0
0
0
0
0
0
0
0
0
0
0
0
0
0
0
0
0
0
0
0
0
0
0
0
0
0
0
0
0
0
0
0
0
0
0
0
0
0
0
0
0
0
0
0
0
0
0
0
0
0
0
0
0
0
0
0
0
0
0
0
0
0
0
0
0
0
0
0
0
0
0
0
0
0
0
0
0
0
0
0
0
0
0
0
0
0
0
0
0
0
0
0
0
0
0
0
0
0
0
0
0
0
0
0
0
0
0
0
0
0
0
0
0
0
0
0
0
0
0
0
0
0
0
0
0
0
0
0
0
0
0
0
0
0
0
0
0
0
0
0
0
0
0
0
0
0
0
0
0
0
0
0
0
0
0
0
0
0
0
0
0
0
0
0
0
0
0
0
0
0
0
0
0
0
0
0
0
0
0
0
0
0
0
0
0
0
0
0
0
0
0
0
0
0
0
0
0
0
0
0
0
0
0
0
0
0
0
0
0
0
0
0
0
0
0
0
0
0
0
0
0
0
0
0
0
0
0
0
0
0
0
0
0
0
0
0
0
0
0
0
0
0
0
0
0
0
0
0
0
0
0
0
0
0
0
0
0
0
0
0
0
0
0
0
0
0
0
0
0
0
0
0
0
0
0
0
0
0
0
0
0
0
0
0
0
0
0
0
0
0
0
0
0
0
0
0
0
0
0
0
0
0
0
0
0
0
0
0
0
0
0
0
0
0
0
0
0
0
0
0
0
0
0
0
0
0
0
0
0
0
0
0
0
0
0
0
0
0
0
0
0
0
0
0
0
0
0
0
0
0
0
0
0
0
0
0
0
0
0
0
0
0
0
0
0
0
0
0
0
0
0
0
0
0
0
0
0
0
0
0
0
0
0
0
0
0
0
0
0
0
0
0
0
0
0
0
0
0
0
0
0
0
0
0
0
0
0
0
0
0
0
0
0
0
0
0
0
0
0
0
0
0
0
0
0
0
0
0
0
0
0
0
0
0
0
0
0
0
0
0
0
0
0
0
0
0
0
0
0
0
0
0
0
0
0
0
0
0
0
0
0
0
0
0
0
0
0
0
0
0
0
0
0
0
0
0
0
0
0
0
0
0
0
0
0
0
0
0
0
0
0
0
0
0
0
0
0
0
0
0
0
0
0
0
0
0
0
0
0
0
0
0
0
0
0
0
0
0
0
0
0
0
0
0
0
0
0
0
0
0
0
0
0
0
0
0
0
0
0
0
0
0
0
0
0
0
0
0
0
0
0
0
0
0
0
0
0
0
0
0
0
0
0
0
0
0
0
0
0
0
0
0
0
0
0
0
0
0
0
0
0
0
0
0
0
0
0
0
0
0
0
0
0
0
0
0
0
0
0
0
0
0
0
0
0
0
0
0
0
0
0
0
0
0
0
0
0
0
0
0
0
0
0
0
0
0
0
0
0
0
0
0
0
0
0
0
0
0
0
0
0
0
0
0
0
0
0
0
0
0
0
0
0
0
0
0
0
0
0
0
0
0
0
0
0
0
0
0
0
0
0
0
0
0
0
0
0
0
0
0
0
0
0
0
0
0
0
0
0
0
0
0
0
0
0
0
0
0
0
0
0
0
0
0
0
0
0
0
0
0
0
0
0
0
0
0
0
0
0
0
0
0
0
0
0
0
0
0
0
0
0
0
0
0
0
0
0
0
0
0
0
0
0
0
0
0
0
0
0
0
0
0
0
0
0
0
0
0
0
0
0
0
0
0
0
0
0
0
0
0
0
0
0
0
0
0
0
0
0
0
0
0
0
0
0
0
0
0
0
0
0
0
0
0
0
0
0
0
0
0
0
0
0
0
0
0
0
0
0
0
0
0
0
0
0
0
0
0
0
0
0
0
0
0
0
0
0
0
0
0
0
0
0
0
0
0
0
0
0
0
0
0
0
0
0
0
0
0
0
0
0
0
0
0
0
0
0
0
0
0
0
0
0
0
0
0
0
0
0
0
0
0
0
0
0
0
0
0
0
0
0
0
0
0
0
0
0
0
0
0
0
0
0
0
0
0
0
0
0
0
0
0
0
0
0
0
0
0
0
0
0
0
0
0
0
0
0
0
0
0
0
0
0
0
0
0
0
0
0
0
0
0
0
0
0
0
0
0
0
0
0
0
0
0
0
0
0
0
0
0
0
0
0
0
0
0
0
0
0
0
0
0
0
0
0
0
0
0
0
0
0
0
0
0
0
0
0
0
0
0
0
0
0
0
0
0
0
0
0
0
0
0
0
0
0
0
0
0
0
0
0
0
0
0
0
0
0
0
0
0
0
0
0
0
0
0
0
0
0
0
0
0
0
0
0
0
0
0
0
0
0
0
0
0
0
0
0
0
0
0
0
0
0
0
0
0
0
0
0
0
0
0
0
0
0
0
0
0
0
0
0
0
0
0
0
0
0
0
0
0
0
0
0
0
0
0
0
0
0
0
0
0
0
0
0
0
0
0
0
0
0
0
0
0
0
0
0
0
0
0
0
0
0
0
0
0
0
0
0
0
0
0
0
0
0
0
0
0
0
0
0
0
0
0
0
0
0
0
0
0
0
0
0
0
0
0
0
0
0
0
0
0
0
0
0
0
0
0
0
0
0
0
0
0
0
0
0
0
0
0
0
0
0
0
0
0
0
0
0
0
0
0
0
0
0
0
0
0
0
0
0
0
0
0
0
0
0
0
0
0
0
0
0
0
0
0
0
0
0
0
0
0
0
0
0
0
0
0
0
0
0
0
0
0
0
0
0
0
0
0
0
0
0
0
0
0
0
0
0
0
0
0
0
0
0
0
0
0
0
0
0
0
0
0
0
0
0
0
0
0
0
0
0
0
0
0
0
0
0
0
0
0
0
0
0
0
0
0
0
0
0
0
0
0
0
0
0
0
0
0
0
0
0
0
0
0
0
0
0
0
0
0
0
0
0
0
0
0
0
0
0
0
0
0
0
0
0
0
0
0
0
0
0
0
0
0
0
0
0
0
0
0
0
0
0
0
0
0
0
0
0
0
0
0
0
0
0
0
0
0
0
0
0
0
0
0
0
0
0
0
0
0
0
0
0
0
0
0
0
0
0
0
0
0
0
0
0
0
0
0
0
0
0
0
0
0
0
0
0
0
0
0
0
0
0
0
0
0
0
0
0
0
0
0
0
0
0
0
0
0
0
0
0
0
0
0
0
0
0
0
0
0
0
0
0
0
0
0
0
0
0
0
0
0
0
0
0
0
0
0
0
0
0
0
0
0
0
0
0
0
0
0
0
0
0
0
0
0
0
0
0
0
0
0
0
0
0
0
0
0
0
0
0
0
0
0
0
0
0
0
0
0
0
0
0
0
0
0
0
0
0
0
0
0
0
0
0
0
0
0
0
0
0
0
0
0
0
0
0
0
0
0
0
0
0
0
0
0
0
0
0
0
0
0
0
0
0
0
0
0
0
0
0
0
0
0
0
0
0
0
0
0
0
0
0
0
0
0
0
0
0
0
0
0
0
0
0
0
0
0
0
0
0
0
0
0
0
0
0
0
0
0
0
0
0
0
0
0
0
0
0
0
0
0
0
0
0
0
0
0
0
0
0
0
0
0
0
0
0
0
0
0
0
0
0
0
0
0
0
0
0
0
0
0
0
0
0
0
0
0
0
0
0
0
0
0
0
0
0
0
0
0
0
0
0
0
0
0
0
0
0
0
0
0
0
0
0
0
0
0
0
0
0
0
0
0
0
0
0
0
0
0
0
0
0
0
0
0
0
0
0
0
0
0
0
0
0
0
0
0
0
0
0
0
0
0
0
0
0
0
0
0
0
0
0
0
0
0
0
0
0
0
0
0
0
0
0
0
0
0
0
0
0
0
0
0
0
0
0
0
0
0
0
0
0
0
0
0
0
0
0
0
0
0
0
0
0
0
0
0
0
0
0
0
0
0
0
0
0
0
0
0
0
0
0
0
0
0
0
0
0
0
0
0
0
0
0
0
0
0
0
0
0
0
0
0
0
0
0
0
0
0
0
0
0
0
0
0
0
0
0
0
0
0
0
0
0
0
0
0
0
0
0
0
0
0
0
0
0
0
0
0
0
0
0
0
0
0
0
0
0
0
0
0
0
0
0
0
0
0
0
0
0
0
0
0
0
0
0
0
0
0
0
0
0
0
0
0
0
0
0
0
0
0
0
0
0
0
0
0
0
0
0
0
0
0
0
0
0
0
0
0
0
0
0
0
0
0
0
0
0
0
0
0
0
0
0
0
0
0
0
0
0
0
0
0
0
0
0
0
0
0
0
0
0
0
0
0
0
0
0
0
0
0
0
0
0
0
0
0
0
0
0
0
0
0
0
0
0
0
0
0
0
0
0
0
0
0
0
0
0
0
0
0
0
0
0
0
0
0
0
0
0
0
0
0
0
0
0
0
0
0
0
0
0
0
0
0
0
0
0
0
0
0
0
0
0
0
0
0
0
0
0
0
0
0
0
0
0
0
0
0
0
0
0
0
0
0
0
0
0
0
0
0
0
0
0
0
0
0
0
0
0
0
0
0
0
0
0
0
0
0
0
0
0
0
0
0
0
0
0
0
0
0
0
0
0
0
0
0
0
0
0
0
0
0
0
0
0
0
0
0
0
0
0
0
0
0
0
0
0
0
0
0
0
0
0
0
0
0
0
0
0
0
0
0
0
0
0
0
0
0
0
0
0
0
0
0
0
0
0
0
0
0
0
0
0
0
0
0
0
0
0
0
0
0
0
0
0
0
0
0
0
0
0
0
0
0
0
0
0
0
0
0
0
0
0
0
0
0
0
0
0
0
0
0
0
0
0
0
0
0
0
0
0
0
0
0
0
0
0
0
0
0
0
0
0
0
0
0
0
0
0
0
0
0
0
0
0
0
0
0
0
0
0
0
0
0
0
0
0
0
0
0
0
0
0
0
0
0
0
0
0
0
0
0
0
0
0
0
0
0
0
0
0
0
0
0
0
0
0
0
0
0
0
0
0
0
0
0
0
0
0
0
0
0
0
0
0
0
0
0
0
0
0
0
0
0
0
0
0
0
0
0
0
0
0
0
0
0
0
0
0
0
0
0
0
0
0
0
0
0
0
0
0
0
0
0
0
0
0
0
0
0
0
0
0
0
0
0
0
0
0
0
0
0
0
0
0
0
0
0
0
0
0
0
0
0
0
0
0
0
0
0
0
0
0
0
0
0
0
0
0
0
0
0
0
0
0
0
0
0
0
0
0
0
0
0
0
0
0
0
0
0
0
0
0
0
0
0
0
0
0
0
0
0
0
0
0
0
0
0
0
0
0
0
0
0
0
0
0
0
0
0
0
0
0
0
0
0
0
0
0
0
0
0
0
0
0
0
0
0
0
0
0
0
0
0
0
0
0
0
0
0
0
0
0
0
0
0
0
0
0
0
0
0
0
0
0
0
0
0
0
0
0
0
0
0
0
0
0
0
0
0
0
0
0
0
0
0
0
0
0
0
0
0
0
0
0
0
0
0
0
0
0
0
0
0
0
0
0
0
0
0
0
0
0
0
0
0
0
0
0
0
0
0
0
0
0
0
0
0
0
0
0
0
0
0
0
0
0
0
0
0
0
0
0
0
0
0
0
0
0
0
0
0
0
0
0
0
0
0
0
0
0
0
0
0
0
0
0
0
0
0
0
0
0
0
0
0
0
0
0
0
0
0
0
0
0
0
0
0
0
0
0
0
0
0
0
0
0
0
0
0
0
0
0
0
0
0
0
0
0
0
0
0
0
0
0
0
0
0
0
0
0
0
0
0
0
0
0
0
0
0
0
0
0
0
0
0
0
0
0
0
0
0
0
0
0
0
0
0
0
0
0
0
0
0
0
0
0
0
0
0
0
0
0
0
0
0
0
0
0
0
0
0
0
0
0
0
0
0
0
0
0
0
0
0
0
0
0
0
0
0
0
0
0
0
0
0
0
0
0
0
0
0
0
0
0
0
0
0
0
0
0
0
0
0
0
0
0
0
0
0
0
0
0
0
0
0
0
0
0
0
0
0
0
0
0
0
0
0
0
0
0
0
0
0
0
0
0
0
0
0
0
0
0
0
0
0
0
0
0
0
0
0
0
0
0
0
0
0
0
0
0
0
0
0
0
0
0
0
0
0
0
0
0
0
0
0
0
0
0
0
0
0
0
0
0
0
0
0
0
0
0
0
0
0
0
0
0
0
0
0
0
0
0
0
0
0
0
0
0
0
0
0
0
0
0
0
0
0
0
0
0
0
0
0
0
0
0
0
0
0
0
0
0
0
0
0
0
0
0
0
0
0
0
0
0
0
0
0
0
0
0
0
0
0
0
0
0
0
0
0
0
0
0
0
0
0
0
0
0
0
0
0
0
0
0
0
0
0
0
0
0
0
0
0
0
0
0
0
0
0
0
0
0
0
0
0
0
0
0
0
0
0
0
0
0
0
0
0
0
0
0
0
0
0
0
0
0
0
0
0
0
0
0
0
0
0
0
0
0
0
0
0
0
0
0
0
0
0
0
0
0
0
0
0
0
0
0
0
0
0
0
0
0
0
0
0
0
0
0
0
0
0
0
0
0
0
0
0
0
0
0
0
0
0
0
0
0
0
0
0
0
0
0
0
0
0
0
0
0
0
0
0
0
0
0
0
0
0
0
0
0
0
0
0
0
0
0
0
0
0
0
0
0
0
0
0
0
0
0
0
0
0
0
0
0
0
0
0
0
0
0
0
0
0
0
0
0
0
0
0
0
0
0
0
0
0
0
0
0
0
0
0
0
0
0
0
0
0
0
0
0
0
0
0
0
0
0
0
0
0
0
0
0
0
0
0
0
0
0
0
0
0
0
0
0
0
0
0
0
0
0
0
0
0
0
0
0
0
0
0
0
0
0
0
0
0
0
0
0
0
0
0
0
0
0
0
0
0
0
0
0
0
0
0
0
0
0
0
0
0
0
0
0
0
0
0
0
0
0
0
0
0
0
0
0
0
0
0
0
0
0
0
0
0
0
0
0
0
0
0
0
0
0
0
0
0
0
0
0
0
0
0
0
0
0
0
0
0
0
0
0
0
0
0
0
0
0
0
0
0
0
0
0
0
0
0
0
0
0
0
0
0
0
0
0
0
0
0
0
0
0
0
0
0
0
0
0
0
0
0
0
0
0
0
0
0
0
0
0
0
0
0
0
0
0
0
0
0
0
0
0
0
0
0
0
0
0
0
0
0
0
0
0
0
0
0
0
0
0
0
0
0
0
0
0
0
0
0
0
0
0
0
0
0
0
0
0
0
0
0
0
0
0
0
0
0
0
0
0
0
0
0
0
0
0
0
0
0
0
0
0
0
0
0
0
0
0
0
0
0
0
0
0
0
0
0
0
0
0
0
0
0
0
0
0
0
0
0
0
0
0
0
0
0
0
0
0
0
0
0
0
0
0
0
0
0
0
0
0
0
0
0
0
0
0
0
0
0
0
0
0
0
0
0
0
0
0
0
0
0
0
0
0
0
0
0
0
0
0
0
0
0
0
0
0
0
0
0
0
0
0
0
0
0
0
0
0
0
0
0
0
0
0
0
0
0
0
0
0
0
0
0
0
0
0
0
0
0
0
0
0
0
0
0
0
0
0
0
0
0
0
0
0
0
0
0
0
0
0
0
0
0
0
0
0
0
0
0
0
0
0
0
0
0
0
0
0
0
0
0
0
0
0
0
0
0
0
0
0
0
0
0
0
0
0
0
0
0
0
0
0
0
0
0
0
0
0
0
0
0
0
0
0
0
0
0
0
0
0
0
0
0
0
0
0
0
0
0
0
0
0
0
0
0
0
0
0
0
0
0
0
0
0
0
0
0
0
0
0
0
0
0
0
0
0
0
0
0
0
0
0
0
0
0
0
0
0
0
0
0
0
0
0
0
0
0
0
0
0
0
0
0
0
0
0
0
0
0
0
0
0
0
0
0
0
0
0
0
0
0
0
0
0
0
0
0
0
0
0
0
0
0
0
0
0
0
0
0
0
0
0
0
0
0
0
0
0
0
0
0
0
0
0
0
0
0
0
0
0
0
0
0
0
0
0
0
0
0
0
0
0
0
0
0
0
0
0
0
0
0
0
0
0
0
0
0
0
0
0
0
0
0
0
0
0
0
0
0
0
0
0
0
0
0
0
0
0
0
0
0
0
0
0
0
0
0
0
0
0
0
0
0
0
0
0
0
0
0
0
0
0
0
0
0
0
0
0
0
0
0
0
0
0
0
0
0
0
0
0
0
0
0
0
0
0
0
0
0
0
0
0
0
0
0
0
0
0
0
0
0
0
0
0
0
0
0
0
0
0
0
0
0
0
0
0
0
0
0
0
0
0
0
0
0
0
0
0
0
0
0
0
0
0
0
0
0
0
0
0
0
0
0
0
0
0
0
0
0
0
0
0
0
0
0
0
0
0
0
0
0
0
0
0
0
0
0
0
0
0
0
0
0
0
0
0
0
0
0
0
0
0
0
0
0
0
0
0
0
0
0
0
0
0
0
0
0
0
0
0
0
0
0
0
0
0
0
0
0
0
0
0
0
0
0
0
0
0
0
0
0
0
0
0
0
0
0
0
0
0
0
0
0
0
0
0
0
0
0
0
0
0
0
0
0
0
0
0
0
0
0
0
0
0
0
0
0
0
0
0
0
0
0
0
0
0
0
0
0
0
0
0
0
0
0
0
0
0
0
0
0
0
0
0
0
0
0
0
0
0
0
0
0
0
0
0
0
0
0
0
0
0
0
0
0
0
0
0
0
0
0
0
0
0
0
0
0
0
0
0
0
0
0
0
0
0
0
0
0
0
0
0
0
0
0
0
0
0
0
0
0
0
0
0
0
0
0
0
0
0
0
0
0
0
0
0
0
0
0
0
0
0
0
0
0
0
0
0
0
0
0
0
0
0
0
0
0
0
0
0
0
0
0
0
0
0
0
0
0
0
0
0
0
0
0
0
0
0
0
0
0
0
0
0
0
0
0
0
0
0
0
0
0
0
0
0
0
0
0
0
0
0
0
0
0
0
0
0
0
0
0
0
0
0
0
0
0
0
0
0
0
0
0
0
0
0
0
0
0
0
0
0
0
0
0
0
0
0
0
0
0
0
0
0
0
0
0
0
0
0
0
0
0
0
0
0
0
0
0
0
0
0
0
0
0
0
0
0
0
0
0
0
0
0
0
0
0
0
0
0
0
0
0
0
0
0
0
0
0
0
0
0
0
0
0
0
0
0
0
0
0
0
0
0
0
0
0
0
0
0
0
0
0
0
0
0
0
0
0
0
0
0
0
0
0
0
0
0
0
0
0
0
0
0
0
0
0
0
0
0
0
0
0
0
0
0
0
0
0
0
0
0
0
0
0
0
0
0
0
0
0
0
0
0
0
0
0
0
0
0
0
0
0
0
0
0
0
0
0
0
0
0
0
0
0
0
0
0
0
0
0
0
0
0
0
0
0
0
0
0
0
0
0
0
0
0
0
0
0
0
0
0
0
0
0
0
0
0
0
0
0
0
0
0
0
0
0
0
0
0
0
0
0
0
0
0
0
0
0
0
0
0
0
0
0
0
0
0
0
0
0
0
0
0
0
0
0
0
0
0
0
0
0
0
0
0
0
0
0
0
0
0
0
0
0
0
0
0
0
0
0
0
0
0
0
0
0
0
0
0
0
0
0
0
0
0
0
0
0
0
0
0
0
0
0
0
0
0
0
0
0
0
0
0
0
0
0
0
0
0
0
0
0
0
0
0
0
0
0
0
0
0
0
0
0
0
0
0
0
0
0
0
0
0
0
0
0
0
0
0
0
0
0
0
0
0
0
0
0
0
0
0
0
0
0
0
0
0
0
0
0
0
0
0
0
0
0
0
0
0
0
0
0
0
0
0
0
0
0
0
0
0
0
0
0
0
0
0
0
0
0
0
0
0
0
0
0
0
0
0
0
0
0
0
0
0
0
0
0
0
0
0
0
0
0
0
0
0
0
0
0
0
0
0
0
0
0
0
0
0
0
0
0
0
0
0
0
0
0
0
0
0
0
0
0
0
0
0
0
0
0
0
0
0
0
0
0
0
0
0
0
0
0
0
0
0
0
0
0
0
0
0
0
0
0
0
0
0
0
0
0
0
0
0
0
0
0
0
0
0
0
0
0
0
0
0
0
0
0
0
0
0
0
0
0
0
0
0
0
0
0
0
0
0
0
0
0
0
0
0
0
0
0
0
0
0
0
0
0
0
0
0
0
0
0
0
0
0
0
0
0
0
0
0
0
0
0
0
0
0
0
0
0
0
0
0
0
0
0
0
0
0
0
0
0
0
0
0
0
0
0
0
0
0
0
0
0
0
0
0
0
0
0
0
0
0
0
0
0
0
0
0
0
0
0
0
0
0
0
0
0
0
0
0
0
0
0
0
0
0
0
0
0
0
0
0
0
0
0
0
0
0
0
0
0
0
0
0
0
0
0
0
0
0
0
0
0
0
0
0
0
0
0
0
0
0
0
0
0
0
0
0
0
0
0
0
0
0
0
0
0
0
0
0
0
0
0
0
0
0
0
0
0
0
0
0
0
0
0
0
0
0
0
0
0
0
0
0
0
0
0
0
0
0
0
0
0
0
0
0
0
0
0
0
0
0
0
0
0
0
0
0
0
0
0
0
0
0
0
0
0
0
0
0
0
0
0
0
0
0
0
0
0
0
0
0
0
0
0
0
0
0
0
0
0
0
0
0
0
0
0
0
0
0
0
0
0
0
0
0
0
0
0
0
0
0
0
0
0
0
0
0
0
0
0
0
0
0
0
0
0
0
0
0
0
0
0
0
0
0
0
0
0
0
0
0
0
0
0
0
0
0
0
0
0
0
0
0
0
0
0
0
0
0
0
0
0
0
0
0
0
0
0
0
0
0
0
0
0
0
0
0
0
0
0
0
0
0
0
0
0
0
0
0
0
0
0
0
0
0
0
0
0
0
0
0
0
0
0
0
0
0
0
0
0
0
0
0
0
0
0
0
0
0
0
0
0
0
0
0
0
0
0
0
0
0
0
0
0
0
0
0
0
0
0
0
0
0
0
0
0
0
0
0
0
0
0
0
0
0
0
0
0
0
0
0
0
0
0
0
0
0
0
0
0
0
0
0
0
0
0
0
0
0
0
0
0
0
0
0
0
0
0
0
0
0
0
0
0
0
0
0
0
0
0
0
0
0
0
0
0
0
0
0
0
0
0
0
0
0
0
0
0
0
0
0
0
0
0
0
0
0
0
0
0
0
0
0
0
0
0
0
0
0
0
0
0
0
0
0
0
0
0
0
0
0
0
0
0
0
0
0
0
0
0
0
0
0
0
0
0
0
0
0
0
0
0
0
0
0
0
0
0
0
0
0
0
0
0
0
0
0
0
0
0
0
0
0
0
0
0
0
0
0
0
0
0
0
0
0
0
0
0
0
0
0
0
0
0
0
0
0
0
0
0
0
0
0
0
0
0
0
0
0
0
0
0
0
0
0
0
0
0
0
0
0
0
0
0
0
0
0
0
0
0
0
0
0
0
0
0
0
0
0
0
0
0
0
0
0
0
0
0
0
0
0
0
0
0
0
0
0
0
0
0
0
0
0
0
0
0
0
0
0
0
0
0
0
0
0
0
0
0
0
0
0
0
0
0
0
0
0
0
0
0
0
0
0
0
0
0
0
0
0
0
0
0
0
0
0
0
0
0
0
0
0
0
0
0
0
0
0
0
0
0
0
0
0
0
0
0
0
0
0
0
0
0
0
0
0
0
0
0
0
0
0
0
0
0
0
0
0
0
0
0
0
0
0
0
0
0
0
0
0
0
0
0
0
0
0
0
0
0
0
0
0
0
0
0
0
0
0
0
0
0
0
0
0
0
0
0
0
0
0
0
0
0
0
0
0
0
0
0
0
0
0
0
0
0
0
0
0
0
0
0
0
0
0
0
0
0
0
0
0
0
0
0
0
0
0
0
0
0
0
0
0
0
0
0
0
0
0
0
0
0
0
0
0
0
0
0
0
0
0
0
0
0
0
0
0
0
0
0
0
0
0
0
0
0
0
0
0
0
0
0
0
0
0
0
0
0
0
0
0
0
0
0
0
0
0
0
0
0
0
0
0
0
0
0
0
0
0
0
0
0
0
0
0
0
0
0
0
0
0
0
0
0
0
0
0
0
0
0
0
0
0
0
0
0
0
0
0
0
0
0
0
0
0
0
0
0
0
0
0
0
0
0
0
0
0
0
0
0
0
0
0
0
0
0
0
0
0
0
0
0
0
0
0
0
0
0
0
0
0
0
0
0
0
0
0
0
0
0
0
0
0
0
0
0
0
0
0
0
0
0
0
0
0
0
0
0
0
0
0
0
0
0
0
0
0
0
0
0
0
0
0
0
0
0
0
0
0
0
0
0
0
0
0
0
0
0
0
0
0
0
0
0
0
0
0
0
0
0
0
0
0
0
0
0
0
0
0
0
0
0
0
0
0
0
0
0
0
0
0
0
0
0
0
0
0
0
0
0
0
0
0
0
0
0
0
0
0
0
0
0
0
0
0
0
0
0
0
0
0
0
0
0
0
0
0
0
0
0
0
0
0
0
0
0
0
0
0
0
0
0
0
0
0
0
0
0
0
0
0
0
0
0
0
0
0
0
0
0
0
0
0
0
0
0
0
0
0
0
0
0
0
0
0
0
0
0
0
0
0
0
0
0
0
0
0
0
0
0
0
0
0
0
0
0
0
0
0
0
0
0
0
0
0
0
0
0
0
0
0
0
0
0
0
0
0
0
0
0
0
0
0
0
0
0
0
0
0
0
0
0
0
0
0
0
0
0
0
0
0
0
0
0
0
0
0
0
0
0
0
0
0
0
0
0
0
0
0
0
0
0
0
0
0
0
0
0
0
0
0
0
0
0
0
0
0
0
0
0
0
0
0
0
0
0
0
0
0
0
0
0
0
0
0
0
0
0
0
0
0
0
0
0
0
0
0
0
0
0
0
0
0
0
0
0
0
0
0
0
0
0
0
0
0
0
0
0
0
0
0
0
0
0
0
0
0
0
0
0
0
0
0
0
0
0
0
0
0
0
0
0
0
0
0
0
0
0
0
0
0
0
0
0
0
0
0
0
0
0
0
0
0
0
0
0
0
0
0
0
0
0
0
0
0
0
0
0
0
0
0
0
0
0
0
0
0
0
0
0
0
0
0
0
0
0
0
0
0
0
0
0
0
0
0
0
0
0
0
0
0
0
0
0
0
0
0
0
0
0
0
0
0
0
0
0
0
0
0
0
0
0
0
0
0
0
0
0
0
0
0
0
0
0
0
0
0
0
0
0
0
0
0
0
0
0
0
0
0
0
0
0
0
0
0
0
0
0
0
0
0
0
0
0
0
0
0
0
0
0
0
0
0
0
0
0
0
0
0
0
0
0
0
0
0
0
0
0
0
0
0
0
0
0
0
0
0
0
0
0
0
0
0
0
0
0
0
0
0
0
0
0
0
0
0
0
0
0
0
0
0
0
0
0
0
0
0
0
0
0
0
0
0
0
0
0
0
0
0
0
0
0
0
0
0
0
0
0
0
0
0
0
0
0
0
0
0
0
0
0
0
0
0
0
0
0
0
0
0
0
0
0
0
0
0
0
0
0
0
0
0
0
0
0
0
0
0
0
0
0
0
0
0
0
0
0
0
0
0
0
0
0
0
0
0
0
0
0
0
0
0
0
0
0
0
0
0
0
0
0
0
0
0
0
0
0
0
0
0
0
0
0
0
0
0
0
0
0
0
0
0
0
0
0
0
0
0
0
0
0
0
0
0
0
0
0
0
0
0
0
0
0
0
0
0
0
0
0
0
0
0
0
0
0
0
0
0
0
0
0
0
0
0
0
0
0
0
0
0
0
0
0
0
0
0
0
0
0
0
0
0
0
0
0
0
0
0
0
0
0
0
0
0
0
0
0
0
0
0
0
0
0
0
0
0
0
0
0
0
0
0
0
0
0
0
0
0
0
0
0
0
0
0
0
0
0
0
0
0
0
0
0
0
0
0
0
0
0
0
0
0
0
0
0
0
0
0
0
0
0
0
0
0
0
0
0
0
0
0
0
0
0
0
0
0
0
0
0
0
0
0
0
0
0
0
0
0
0
0
0
0
0
0
0
0
0
0
0
0
0
0
0
0
0
0
0
0
0
0
0
0
0
0
0
0
0
0
0
0
0
0
0
0
0
0
0
0
0
0
0
0
0
0
0
0
0
0
0
0
0
0
0
0
0
0
0
0
0
0
0
0
0
0
0
0
0
0
0
0
0
0
0
0
0
0
0
0
0
0
0
0
0
0
0
0
0
0
0
0
0
0
0
0
0
0
0
0
0
0
0
0
0
0
0
0
0
0
0
0
0
0
0
0
0
0
0
0
0
0
0
0
0
0
0
0
0
0
0
0
0
0
0
0
0
0
0
0
0
0
0
0
0
0
0
0
0
0
0
0
0
0
0
0
0
0
0
0
0
0
0
0
0
0
0
0
0
0
0
0
0
0
0
0
0
0
0
0
0
0
0
0
0
0
0
0
0
0
0
0
0
0
0
0
0
0
0
0
0
0
0
0
0
0
0
0
0
0
0
0
0
0
0
0
0
0
0
0
0
0
0
0
0
0
0
0
0
0
0
0
0
0
0
0
0
0
0
0
0
0
0
0
0
0
0
0
0
0
0
0
0
0
0
0
0
0
0
0
0
0
0
0
0
0
0
0
0
0
0
0
0
0
0
0
0
0
0
0
0
0
0
0
0
0
0
0
0
0
0
0
0
0
0
0
0
0
0
0
0
0
0
0
0
0
0
0
0
0
0
0
0
0
0
0
0
0
0
0
0
0
0
0
0
0
0
0
0
0
0
0
0
0
0
0
0
0
0
0
0
0
0
0
0
0
0
0
0
0
0
0
0
0
0
0
0
0
0
0
0
0
0
0
0
0
0
0
0
0
0
0
0
0
0
0
0
0
0
0
0
0
0
0
0
0
0
0
0
0
0
0
0
0
0
0
0
0
0
0
0
0
0
0
0
0
0
0
0
0
0
0
0
0
0
0
0
0
0
0
0
0
0
0
0
0
0
0
0
0
0
0
0
0
0
0
0
0
0
0
0
0
0
0
0
0
0
0
0
0
0
0
0
0
0
0
0
0
0
0
0
0
0
0
0
0
0
0
0
0
0
0
0
0
0
0
0
0
0
0
0
0
0
0
0
0
0
0
0
0
0
0
0
0
0
0
0
0
0
0
0
0
0
0
0
0
0
0
0
0
0
0
0
0
0
0
0
0
0
0
0
0
0
0
0
0
0
0
0
0
0
0
0
0
0
0
0
0
0
0
0
0
0
0
0
0
0
0
0
0
0
0
0
0
0
0
0
0
0
0
0
0
0
0
0
0
0
0
0
0
0
0
0
0
0
0
0
0
0
0
0
0
0
0
0
0
0
0
0
0
0
0
0
0
0
0
0
0
0
0
0
0
0
0
0
0
0
0
0
0
0
0
0
0
0
0
0
0
0
0
0
0
0
0
0
0
0
0
0
0
0
0
0
0
0
0
0
0
0
0
0
0
0
0
0
0
0
0
0
0
0
0
0
0
0
0
0
0
0
0
0
0
0
0
0
0
0
0
0
0
0
0
0
0
0
0
0
0
0
0
0
0
0
0
0
0
0
0
0
0
0
0
0
0
0
0
0
0
0
0
0
0
0
0
0
0
0
0
0
0
0
0
0
0
0
0
0
0
0
0
0
0
0
0
0
0
0
0
0
0
0
0
0
0
0
0
0
0
0
0
0
0
0
0
0
0
0
0
0
0
0
0
0
0
0
0
0
0
0
0
0
0
0
0
0
0
0
0
0
0
0
0
0
0
0
0
0
0
0
0
0
0
0
0
0
0
0
0
0
0
0
0
0
0
0
0
0
0
0
0
0
0
0
0
0
0
0
0
0
0
0
0
0
0
0
0
0
0
0
0
0
0
0
0
0
0
0
0
0
0
0
0
0
0
0
0
0
0
0
0
0
0
0
0
0
0
0
0
0
0
0
0
0
0
0
0
0
0
0
0
0
0
0
0
0
0
0
0
0
0
0
0
0
0
0
0
0
0
0
0
0
0
0
0
0
0
0
0
0
0
0
0
0
0
0
0
0
0
0
0
0
0
0
0
0
0
0
0
0
0
0
0
0
0
0
0
0
0
0
0
0
0
0
0
0
0
0
0
0
0
0
0
0
0
0
0
0
0
0
0
0
0
0
0
0
0
0
0
0
0
0
0
0
0
0
0
0
0
0
0
0
0
0
0
0
0
0
0
0
0
0
0
0
0
0
0
0
0
0
0
0
0
0
0
0
0
0
0
0
0
0
0
0
0
0
0
0
0
0
0
0
0
0
0
0
0
0
0
0
0
0
0
0
0
0
0
0
0
0
0
0
0
0
0
0
0
0
0
0
0
0
0
0
0
0
0
0
0
0
0
0
0
0
0
0
0
0
0
0
0
0
0
0
0
0
0
0
0
0
0
0
0
0
0
0
0
0
0
0
0
0
0
0
0
0
0
0
0
0
0
0
0
0
0
0
0
0
0
0
0
0
0
0
0
0
0
0
0
0
0
0
0
0
0
0
0
0
0
0
0
0
0
0
0
0
0
0
0
0
0
0
0
0
0
0
0
0
0
0
0
0
0
0
0
0
0
0
0
0
0
0
0
0
0
0
0
0
0
0
0
0
0
0
0
0
0
0
0
0
0
0
0
0
0
0
0
0
0
0
0
0
0
0
0
0
0
0
0
0
0
0
0
0
0
0
0
0
0
0
0
0
0
0
0
0
0
0
0
0
0
0
0
0
0
0
0
0
0
0
0
0
0
0
0
0
0
0
0
0
0
0
0
0
0
0
0
0
0
0
0
0
0
0
0
0
0
0
0
0
0
0
0
0
0
0
0
0
0
0
0
0
0
0
0
0
0
0
0
0
0
0
0
0
0
0
0
0
0
0
0
0
0
0
0
0
0
0
0
0
0
0
0
0
0
0
0
0
0
0
0
0
0
0
0
0
0
0
0
0
0
0
0
0
0
0
0
0
0
0
0
0
0
0
0
0
0
0
0
0
0
0
0
0
0
0
0
0
0
0
0
0
0
0
0
0
0
0
0
0
0
0
0
0
0
0
0
0
0
0
0
0
0
0
0
0
0
0
0
0
0
0
0
0
0
0
0
0
0
0
0
0
0
0
0
0
0
0
0
0
0
0
0
0
0
0
0
0
0
0
0
0
0
0
0
0
0
0
0
0
0
0
0
0
0
0
0
0
0
0
0
0
0
0
0
0
0
0
0
0
0
0
0
0
0
0
0
0
0
0
0
0
0
0
0
0
0
0
0
0
0
0
0
0
0
0
0
0
0
0
0
0
0
0
0
0
0
0
0
0
0
0
0
0
0
0
0
0
0
0
0
0
0
0
0
0
0
0
0
0
0
0
0
0
0
0
0
0
0
0
0
0
0
0
0
0
0
0
0
0
0
0
0
0
0
0
0
0
0
0
0
0
0
0
0
0
0
0
0
0
0
0
0
0
0
0
0
0
0
0
0
0
0
0
0
0
0
0
0
0
0
0
0
0
0
0
0
0
0
0
0
0
0
0
0
0
0
0
0
0
0
0
0
0
0
0
0
0
0
0
0
0
0
0
0
0
0
0
0
0
0
0
0
0
0
0
0
0
0
0
0
0
0
0
0
0
0
0
0
0
0
0
0
0
0
0
0
0
0
0
0
0
0
0
0
0
0
0
0
0
0
0
0
0
0
0
0
0
0
0
0
0
0
0
0
0
0
0
0
0
0
0
0
0
0
0
0
0
0
0
0
0
0
0
0
0
0
0
0
0
0
0
0
0
0
0
0
0
0
0
0
0
0
0
0
0
0
0
0
0
0
0
0
0
0
0
0
0
0
0
0
0
0
0
0
0
0
0
0
0
0
0
0
0
0
0
0
0
0
0
0
0
0
0
0
0
0
0
0
0
0
0
0
0
0
0
0
0
0
0
0
0
0
0
0
0
0
0
0
0
0
0
0
0
0
0
0
0
0
0
0
0
0
0
0
0
0
0
0
0
0
0
0
0
0
0
0
0
0
0
0
0
0
0
0
0
0
0
0
0
0
0
0
0
0
0
0
0
0
0
0
0
0
0
0
0
0
0
0
0
0
0
0
0
0
0
0
0
0
0
0
0
0
0
0
0
0
0
0
0
0
0
0
0
0
0
0
0
0
0
0
0
0
0
0
0
0
0
0
0
0
0
0
0
0
0
0
0
0
0
0
0
0
0
0
0
0
0
0
0
0
0
0
0
0
0
0
0
0
0
0
0
0
0
0
0
0
0
0
0
0
0
0
0
0
0
0
0
0
0
0
0
0
0
0
0
0
0
0
0
0
0
0
0
0
0
0
0
0
0
0
0
0
0
0
0
0
0
0
0
0
0
0
0
0
0
0
0
0
0
0
0
0
0
0
0
0
0
0
0
0
0
0
0
0
0
0
0
0
0
0
0
0
0
0
0
0
0
0
0
0
0
0
0
0
0
0
0
0
0
0
0
0
0
0
0
0
0
0
0
0
0
0
0
0
0
0
0
0
0
0
0
0
0
0
0
0
0
0
0
0
0
0
0
0
0
0
0
0
0
0
0
0
0
0
0
0
0
0
0
0
0
0
0
0
0
0
0
0
0
0
0
0
0
0
0
0
0
0
0
0
0
0
0
0
0
0
0
0
0
0
0
0
0
0
0
0
0
0
0
0
0
0
0
0
0
0
0
0
0
0
0
0
0
0
0
0
0
0
0
0
0
0
0
0
0
0
0
0
0
0
0
0
0
0
0
0
0
0
0
0
0
0
0
0
0
0
0
0
0
0
0
0
0
0
0
0
0
0
0
0
0
0
0
0
0
0
0
0
0
0
0
0
0
0
0
0
0
0
0
0
0
0
0
0
0
0
0
0
0
0
0
0
0
0
0
0
0
0
0
0
0
0
0
0
0
0
0
0
0
0
0
0
0
0
0
0
0
0
0
0
0
0
0
0
0
0
0
0
0
0
0
0
0
0
0
0
0
0
0
0
0
0
0
0
0
0
0
0
0
0
0
0
0
0
0
0
0
0
0
0
0
0
0
0
0
0
0
0
0
0
0
0
0
0
0
0
0
0
0
0
0
0
0
0
0
0
0
0
0
0
0
0
0
0
0
0
0
0
0
0
0
0
0
0
0
0
0
0
0
0
0
0
0
0
0
0
0
0
0
0
0
0
0
0
0
0
0
0
0
0
0
0
0
0
0
0
0
0
0
0
0
0
0
0
0
0
0
0
0
0
0
0
0
0
0
0
0
0
0
0
0
0
0
0
0
0
0
0
0
0
0
0
0
0
0
0
0
0
0
0
0
0
0
0
0
0
0
0
0
0
0
0
0
0
0
0
0
0
0
0
0
0
0
0
0
0
0
0
0
0
0
0
0
0
0
0
0
0
0
0
0
0
0
0
0
0
0
0
0
0
0
0
0
0
0
0
0
0
0
0
0
0
0
0
0
0
0
0
0
0
0
0
0
0
0
0
0
0
0
0
0
0
0
0
0
0
0
0
0
0
0
0
0
0
0
0
0
0
0
0
0
0
0
0
0
0
0
0
0
0
0
0
0
0
0
0
0
0
0
0
0
0
0
0
0
0
0
0
0
0
0
0
0
0
0
0
0
0
0
0
0
0
0
0
0
0
0
0
0
0
0
0
0
0
0
0
0
0
0
0
0
0
0
0
0
0
0
0
0
0
0
0
0
0
0
0
0
0
0
0
0
0
0
0
0
0
0
0
0
0
0
0
0
0
0
0
0
0
0
0
0
0
0
0
0
0
0
0
0
0
0
0
0
0
0
0
0
0
0
0
0
0
0
0
0
0
0
0
0
0
0
0
0
0
0
0
0
0
0
0
0
0
0
0
0
0
0
0
0
0
0
0
0
0
0
0
0
0
0
0
0
0
0
0
0
0
0
0
0
0
0
0
0
0
0
0
0
0
0
0
0
0
0
0
0
0
0
0
0
0
0
0
0
0
0
0
0
0
0
0
0
0
0
0
0
0
0
0
0
0
0
0
0
0
0
0
0
0
0
0
0
0
0
0
0
0
0
0
0
0
0
0
0
0
0
0
0
0
0
0
0
0
0
0
0
0
0
0
0
0
0
0
0
0
0
0
0
0
0
0
0
0
0
0
0
0
0
0
0
0
0
0
0
0
0
0
0
0
0
0
0
0
0
0
0
0
0
0
0
0
0
0
0
0
0
0
0
0
0
0
0
0
0
0
0
0
0
0
0
0
0
0
0
0
0
0
0
0
0
0
0
0
0
0
0
0
0
0
0
0
0
0
0
0
0
0
0
0
0
0
0
0
0
0
0
0
0
0
0
0
0
0
0
0
0
0
0
0
0
0
0
0
0
0
0
0
0
0
0
0
0
0
0
0
0
0
0
0
0
0
0
0
0
0
0
0
0
0
0
0
0
0
0
0
0
0
0
0
0
0
0
0
0
0
0
0
0
0
0
0
0
0
0
0
0
0
0
0
0
0
0
0
0
0
0
0
0
0
0
0
0
0
0
0
0
0
0
0
0
0
0
0
0
0
0
0
0
0
0
0
0
0
0
0
0
0
0
0
0
0
0
0
0
0
0
0
0
0
0
0
0
0
0
0
0
0
0
0
0
0
0
0
0
0
0
0
0
0
0
0
0
0
0
0
0
0
0
0
0
0
0
0
0
0
0
0
0
0
0
0
0
0
0
0
0
0
0
0
0
0
0
0
0
0
0
0
0
0
0
0
0
0
0
0
0
0
0
0
0
0
0
0
0
0
0
0
0
0
0
0
0
0
0
0
0
0
0
0
0
0
0
0
0
0
0
0
0
0
0
0
0
0
0
0
0
0
0
0
0
0
0
0
0
0
0
0
0
0
0
0
0
0
0
0
0
0
0
0
0
0
0
0
0
0
0
0
0
0
0
0
0
0
0
0
0
0
0
0
0
0
0
0
0
0
0
0
0
0
0
0
0
0
0
0
0
0
0
0
0
0
0
0
0
0
0
0
0
0
0
0
0
0
0
0
0
0
0
0
0
0
0
0
0
0
0
0
0
0
0
0
0
0
0
0
0
0
0
0
0
0
0
0
0
0
0
0
0
0
0
0
0
0
0
0
0
0
0
0
0
0
0
0
0
0
0
0
0
0
0
0
0
0
0
0
0
0
0
0
0
0
0
0
0
0
0
0
0
0
0
0
0
0
0
0
0
0
0
0
0
0
0
0
0
0
0
0
0
0
0
0
0
0
0
0
0
0
0
0
0
0
0
0
0
0
0
0
0
0
0
0
0
0
0
0
0
0
0
0
0
0
0
0
0
0
0
0
0
0
0
0
0
0
0
0
0
0
0
0
0
0
0
0
0
0
0
0
0
0
0
0
0
0
0
0
0
0
0
0
0
0
0
0
0
0
0
0
0
0
0
0
0
0
0
0
0
0
0
0
0
0
0
0
0
0
0
0
0
0
0
0
0
0
0
0
0
0
0
0
0
0
0
0
0
0
0
0
0
0
0
0
0
0
0
0
0
0
0
0
0
0
0
0
0
0
0
0
0
0
0
0
0
0
0
0
0
0
0
0
0
0
0
0
0
0
0
0
0
0
0
0
0
0
0
0
0
0
0
0
0
0
0
0
0
0
0
0
0
0
0
0
0
0
0
0
0
0
0
0
0
0
0
0
0
0
0
0
0
0
0
0
0
0
0
0
0
0
0
0
0
0
0
0
0
0
0
0
0
0
0
0
0
0
0
0
0
0
0
0
0
0
0
0
0
0
0
0
0
0
0
0
0
0
0
0
0
0
0
0
0
0
0
0
0
0
0
0
0
0
0
0
0
0
0
0
0
0
0
0
0
0
0
0
0
0
0
0
0
0
0
0
0
0
0
0
0
0
0
0
0
0
0
0
0
0
0
0
0
0
0
0
0
0
0
0
0
0
0
0
0
0
0
0
0
0
0
0
0
0
0
0
0
0
0
0
0
0
0
0
0
0
0
0
0
0
0
0
0
0
0
0
0
0
0
0
0
0
0
0
0
0
0
0
0
0
0
0
0
0
0
0
0
0
0
0
0
0
0
0
0
0
0
0
0
0
0
0
0
0
0
0
0
0
0
0
0
0
0
0
0
0
0
0
0
0
0
0
0
0
0
0
0
0
0
0
0
0
0
0
0
0
0
0
0
0
0
0
0
0
0
0
0
0
0
0
0
0
0
0
0
0
0
0
0
0
0
0
0
0
0
0
0
0
0
0
0
0
0
0
0
0
0
0
0
0
0
0
0
0
0
0
0
0
0
0
0
0
0
0
0
0
0
0
0
0
0
0
0
0
0
0
0
0
0
0
0
0
0
0
0
0
0
0
0
0
0
0
0
0
0
0
0
0
0
0
0
0
0
0
0
0
0
0
0
0
0
0
0
0
0
0
0
0
0
0
0
0
0
0
0
0
0
0
0
0
0
0
0
0
0
0
0
0
0
0
0
0
0
0
0
0
0
0
0
0
0
0
0
0
0
0
0
0
0
0
0
0
0
0
0
0
0
0
0
0
0
0
0
0
0
0
0
0
0
0
0
0
0
0
0
0
0
0
0
0
0
0
0
0
0
0
0
0
0
0
0
0
0
0
0
0
0
0
0
0
0
0
0
0
0
0
0
0
0
0
0
0
0
0
0
0
0
0
0
0
0
0
0
0
0
0
0
0
0
0
0
0
0
0
0
0
0
0
0
0
0
0
0
0
0
0
0
0
0
0
0
0
0
0
0
0
0
0
0
0
0
0
0
0
0
0
0
0
0
0
0
0
0
0
0
0
0
0
0
0
0
0
0
0
0
0
0
0
0
0
0
0
0
0
0
0
0
0
0
0
0
0
0
0
0
0
0
0
0
0
0
0
0
0
0
0
0
0
0
0
0
0
0
0
0
0
0
0
0
0
0
0
0
0
0
0
0
0
0
0
0
0
0
0
0
0
0
0
0
0
0
0
0
0
0
0
0
0
0
0
0
0
0
0
0
0
0
0
0
0
0
0
0
0
0
0
0
0
0
0
0
0
0
0
0
0
0
0
0
0
0
0
0
0
0
0
0
0
0
0
0
0
0
0
0
0
0
0
0
0
0
0
0
0
0
0
0
0
0
0
0
0
0
0
0
0
0
0
0
0
0
0
0
0
0
0
0
0
0
0
0
0
0
0
0
0
0
0
0
0
0
0
0
0
0
0
0
0
0
0
0
0
0
0
0
0
0
0
0
0
0
0
0
0
0
0
0
0
0
0
0
0
0
0
0
0
0
0
0
0
0
0
0
0
0
0
0
0
0
0
0
0
0
0
0
0
0
0
0
0
0
0
0
0
0
0
0
0
0
0
0
0
0
0
0
0
0
0
0
0
0
0
0
0
0
0
0
0
0
0
0
0
0
0
0
0
0
0
0
0
0
0
0
0
0
0
0
0
0
0
0
0
0
0
0
0
0
0
0
0
0
0
0
0
0
0
0
0
0
0
0
0
0
0
0
0
0
0
0
0
0
0
0
0
0
0
0
0
0
0
0
0
0
0
0
0
0
0
0
0
0
0
0
0
0
0
0
0
0
0
0
0
0
0
0
0
0
0
0
0
0
0
0
0
0
0
0
0
0
0
0
0
0
0
0
0
0
0
0
0
0
0
0
0
0
0
0
0
0
0
0
0
0
0
0
0
0
0
0
0
0
0
0
0
0
0
0
0
0
0
0
0
0
0
0
0
0
0
0
0
0
0
0
0
0
0
0
0
0
0
0
0
0
0
0
0
0
0
0
0
0
0
0
0
0
0
0
0
0
0
0
0
0
0
0
0
0
0
0
0
0
0
0
0
0
0
0
0
0
0
0
0
0
0
0
0
0
0
0
0
0
0
0
0
0
0
0
0
0
0
0
0
0
0
0
0
0
0
0
0
0
0
0
0
0
0
0
0
0
0
0
0
0
0
0
0
0
0
0
0
0
0
0
0
0
0
0
0
0
0
0
0
0
0
0
0
0
0
0
0
0
0
0
0
0
0
0
0
0
0
0
0
0
0
0
0
0
0
0
0
0
0
0
0
0
0
0
0
0
0
0
0
0
0
0
0
0
0
0
0
0
0
0
0
0
0
0
0
0
0
0
0
0
0
0
0
0
0
0
0
0
0
0
0
0
0
0
0
0
0
0
0
0
0
0
0
0
0
0
0
0
0
0
0
0
0
0
0
0
0
0
0
0
0
0
0
0
0
0
0
0
0
0
0
0
0
0
0
0
0
0
0
0
0
0
0
0
0
0
0
0
0
0
0
0
0
0
0
0
0
0
0
0
0
0
0
0
0
0
0
0
0
0
0
0
0
0
0
0
0
0
0
0
0
0
0
0
0
0
0
0
0
0
0
0
0
0
0
0
0
0
0
0
0
0
0
0
0
0
0
0
0
0
0
0
0
0
0
0
0
0
0
0
0
0
0
0
0
0
0
0
0
0
0
0
0
0
0
0
0
0
0
0
0
0
0
0
0
0
0
0
0
0
0
0
0
0
0
0
0
0
0
0
0
0
0
0
0
0
0
0
0
0
0
0
0
0
0
0
0
0
0
0
0
0
0
0
0
0
0
0
0
0
0
0
0
0
0
0
0
0
0
0
0
0
0
0
0
0
0
0
0
0
0
0
0
0
0
0
0
0
0
0
0
0
0
0
0
0
0
0
0
0
0
0
0
0
0
0
0
0
0
0
0
0
0
0
0
0
0
0
0
0
0
0
0
0
0
0
0
0
0
0
0
0
0
0
0
0
0
0
0
0
0
0
0
0
0
0
0
0
0
0
0
0
0
0
0
0
0
0
0
0
0
0
0
0
0
0
0
0
0
0
0
0
0
0
0
0
0
0
0
0
0
0
0
0
0
0
0
0
0
0
0
0
0
0
0
0
0
0
0
0
0
0
0
0
0
0
0
0
0
0
0
0
0
0
0
0
0
0
0
0
0
0
0
0
0
0
0
0
0
0
0
0
0
0
0
0
0
0
0
0
0
0
0
0
0
0
0
0
0
0
0
0
0
0
0
0
0
0
0
0
0
0
0
0
0
0
0
0
0
0
0
0
0
0
0
0
0
0
0
0
0
0
0
0
0
0
0
0
0
0
0
0
0
0
0
0
0
0
0
0
0
0
0
0
0
0
0
0
0
0
0
0
0
0
0
0
0
0
0
0
0
0
0
0
0
0
0
0
0
0
0
0
0
0
0
0
0
0
0
0
0
0
0
0
0
0
0
0
0
0
0
0
0
0
0
0
0
0
0
0
0
0
0
0
0
0
0
0
0
0
0
0
0
0
0
0
0
0
0
0
0
0
0
0
0
0
0
0
0
0
0
0
0
0
0
0
0
0
0
0
0
0
0
0
0
0
0
0
0
0
0
0
0
0
0
0
0
0
0
0
0
0
0
0
0
0
0
0
0
0
0
0
0
0
0
0
0
0
0
0
0
0
0
0
0
0
0
0
0
0
0
0
0
0
0
0
0
0
0
0
0
0
0
0
0
0
0
0
0
0
0
0
0
0
0
0
0
0
0
0
0
0
0
0
0
0
0
0
0
0
0
0
0
0
0
0
0
0
0
0
0
0
0
0
0
0
0
0
0
0
0
0
0
0
0
0
0
0
0
0
0
0
0
0
0
0
0
0
0
0
0
0
0
0
0
0
0
0
0
0
0
0
0
0
0
0
0
0
0
0
0
0
0
0
0
0
0
0
0
0
0
0
0
0
0
0
0
0
0
0
0
0
0
0
0
0
0
0
0
0
0
0
0
0
0
0
0
0
0
0
0
0
0
0
0
0
0
0
0
0
0
0
0
0
0
0
0
0
0
0
0
0
0
0
0
0
0
0
0
0
0
0
0
0
0
0
0
0
0
0
0
0
0
0
0
0
0
0
0
0
0
0
0
0
0
0
0
0
0
0
0
0
0
0
0
0
0
0
0
0
0
0
0
0
0
0
0
0
0
0
0
0
0
0
0
0
0
0
0
0
0
0
0
0
0
0
0
0
0
0
0
0
0
0
0
0
0
0
0
0
0
0
0
0
0
0
0
0
0
0
0
0
0
0
0
0
0
0
0
0
0
0
0
0
0
0
0
0
0
0
0
0
0
0
0
0
0
0
0
0
0
0
0
0
0
0
0
0
0
0
0
0
0
0
0
0
0
0
0
0
0
0
0
0
0
0
0
0
0
0
0
0
0
0
0
0
0
0
0
0
0
0
0
0
0
0
0
0
0
0
0
0
0
0
0
0
0
0
0
0
0
0
0
0
0
0
0
0
0
0
0
0
0
0
0
0
0
0
0
0
0
0
0
0
0
0
0
0
0
0
0
0
0
0
0
0
0
0
0
0
0
0
0
0
0
0
0
0
0
0
0
0
0
0
0
0
0
0
0
0
0
0
0
0
0
0
0
0
0
0
0
0
0
0
0
0
0
0
0
0
0
0
0
0
0
0
0
0
0
0
0
0
0
0
0
0
0
0
0
0
0
0
0
0
0
0
0
0
0
0
0
0
0
0
0
0
0
0
0
0
0
0
0
0
0
0
0
0
0
0
0
0
0
0
0
0
0
0
0
0
0
0
0
0
0
0
0
0
0
0
0
0
0
0
0
0
0
0
0
0
0
0
0
0
0
0
0
0
0
0
0
0
0
0
0
0
0
0
0
0
0
0
0
0
0
0
0
0
0
0
0
0
0
0
0
0
0
0
0
0
0
0
0
0
0
0
0
0
0
0
0
0
0
0
0
0
0
0
0
0
0
0
0
0
0
0
0
0
0
0
0
0
0
0
0
0
0
0
0
0
0
0
0
0
0
0
0
0
0
0
0
0
0
0
0
0
0
0
0
0
0
0
0
0
0
0
0
0
0
0
0
0
0
0
0
0
0
0
0
0
0
0
0
0
0
0
0
0
0
0
0
0
0
0
0
0
0
0
0
0
0
0
0
0
0
0
0
0
0
0
0
0
0
0
0
0
0
0
0
0
0
0
0
0
0
0
0
0
0
0
0
0
0
0
0
0
0
0
0
0
0
0
0
0
0
0
0
0
0
0
0
0
0
0
0
0
0
0
0
0
0
0
0
0
0
0
0
0
0
0
0
0
0
0
0
0
0
0
0
0
0
0
0
0
0
0
0
0
0
0
0
0
0
0
0
0
0
0
0
0
0
0
0
0
0
0
0
0
0
0
0
0
0
0
0
0
0
0
0
0
0
0
0
0
0
0
0
0
0
0
0
0
0
0
0
0
0
0
0
0
0
0
0
0
0
0
0
0
0
0
0
0
0
0
0
0
0
0
0
0
0
0
0
0
0
0
0
0
0
0
0
0
0
0
0
0
0
0
0
0
0
0
0
0
0
0
0
0
0
0
0
0
0
0
0
0
0
0
0
0
0
0
0
0
0
0
0
0
0
0
0
0
0
0
0
0
0
0
0
0
0
0
0
0
0
0
0
0
0
0
0
0
0
0
0
0
0
0
0
0
0
0
0
0
0
0
0
0
0
0
0
0
0
0
0
0
0
0
0
0
0
0
0
0
0
0
0
0
0
0
0
0
0
0
0
0
0
0
0
0
0
0
0
0
0
0
0
0
0
0
0
0
0
0
0
0
0
0
0
0
0
0
0
0
0
0
0
0
0
0
0
0
0
0
0
0
0
0
0
0
0
0
0
0
0
0
0
0
0
0
0
0
0
0
0
0
0
0
0
0
0
0
0
0
0
0
0
0
0
0
0
0
0
0
0
0
0
0
0
0
0
0
0
0
0
0
0
0
0
0
0
0
0
0
0
0
0
0
0
0
0
0
0
0
0
0
0
0
0
0
0
0
0
0
0
0
0
0
0
0
0
0
0
0
0
0
0
0
0
0
0
0
0
0
0
0
0
0
0
0
0
0
0
0
0
0
0
0
0
0
0
0
0
0
0
0
0
0
0
0
0
0
0
0
0
0
0
0
0
0
0
0
0
0
0
0
0
0
0
0
0
0
0
0
0
0
0
0
0
0
0
0
0
0
0
0
0
0
0
0
0
0
0
0
0
0
0
0
0
0
0
0
0
0
0
0
0
0
0
0
0
0
0
0
0
0
0
0
0
0
0
0
0
0
0
0
0
0
0
0
0
0
0
0
0
0
0
0
0
0
0
0
0
0
0
0
0
0
0
0
0
0
0
0
0
0
0
0
0
0
0
0
0
0
0
0
0
0
0
0
0
0
0
0
0
0
0
0
0
0
0
0
0
0
0
0
0
0
0
0
0
0
0
0
0
0
0
0
0
0
0
0
0
0
0
0
0
0
0
0
0
0
0
0
0
0
0
0
0
0
0
0
0
0
0
0
0
0
0
0
0
0
0
0
0
0
0
0
0
0
0
0
0
0
0
0
0
0
0
0
0
0
0
0
0
0
0
0
0
0
0
0
0
0
0
0
0
0
0
0
0
0
0
0
0
0
0
0
0
0
0
0
0
0
0
0
0
0
0
0
0
0
0
0
0
0
0
0
0
0
0
0
0
0
0
0
0
0
0
0
0
0
0
0
0
0
0
0
0
0
0
0
0
0
0
0
0
0
0
0
0
0
0
0
0
0
0
0
0
0
0
0
0
0
0
0
0
0
0
0
0
0
0
0
0
0
0
0
0
0
0
0
0
0
0
0
0
0
0
0
0
0
0
0
0
0
0
0
0
0
0
0
0
0
0
0
0
0
0
0
0
0
0
0
0
0
0
0
0
0
0
0
0
0
0
0
0
0
0
0
0
0
0
0
0
0
0
0
0
0
0
0
0
0
0
0
0
0
0
0
0
0
0
0
0
0
0
0
0
0
0
0
0
0
0
0
0
0
0
0
0
0
0
0
0
0
0
0
0
0
0
0
0
0
0
0
0
0
0
0
0
0
0
0
0
0
0
0
0
0
0
0
0
0
0
0
0
0
0
0
0
0
0
0
0
0
0
0
0
0
0
0
0
0
0
0
0
0
0
0
0
0
0
0
0
0
0
0
0
0
0
0
0
0
0
0
0
0
0
0
0
0
0
0
0
0
0
0
0
0
0
0
0
0
0
0
0
0
0
0
0
0
0
0
0
0
0
0
0
0
0
0
0
0
0
0
0
0
0
0
0
0
0
0
0
0
0
0
0
0
0
0
0
0
0
0
0
0
0
0
0
0
0
0
0
0
0
0
0
0
0
0
0
0
0
0
0
0
0
0
0
0
0
0
0
0
0
0
0
0
0
0
0
0
0
0
0
0
0
0
0
0
0
0
0
0
0
0
0
0
0
0
0
0
0
0
0
0
0
0
0
0
0
0
0
0
0
0
0
0
0
0
0
0
0
0
0
0
0
0
0
0
0
0
0
0
0
0
0
0
0
0
0
0
0
0
0
0
0
0
0
0
0
0
0
0
0
0
0
0
0
0
0
0
0
0
0
0
0
0
0
0
0
0
0
0
0
0
0
0
0
0
0
0
0
0
0
0
0
0
0
0
0
0
0
0
0
0
0
0
0
0
0
0
0
0
0
0
0
0
0
0
0
0
0
0
0
0
0
0
0
0
0
0
0
0
0
0
0
0
0
0
0
0
0
0
0
0
0
0
0
0
0
0
0
0
0
0
0
0
0
0
0
0
0
0
0
0
0
0
0
0
0
0
0
0
0
0
0
0
0
0
0
0
0
0
0
0
0
0
0
0
0
0
0
0
0
0
0
0
0
0
0
0
0
0
0
0
0
0
0
0
0
0
0
0
0
0
0
0
0
0
0
0
0
0
0
0
0
0
0
0
0
0
0
0
0
0
0
0
0
0
0
0
0
0
0
0
0
0
0
0
0
0
0
0
0
0
0
0
0
0
0
0
0
0
0
0
0
0
0
0
0
0
0
0
0
0
0
0
0
0
0
0
0
0
0
0
0
0
0
0
0
0
0
0
0
0
0
0
0
0
0
0
0
0
0
0
0
0
0
0
0
0
0
0
0
0
0
0
0
0
0
0
0
0
0
0
0
0
0
0
0
0
0
0
0
0
0
0
0
0
0
0
0
0
0
0
0
0
0
0
0
0
0
0
0
0
0
0
0
0
0
0
0
0
0
0
0
0
0
0
0
0
0
0
0
0
0
0
0
0
0
0
0
0
0
0
0
0
0
0
0
0
0
0
0
0
0
0
0
0
0
0
0
0
0
0
0
0
0
0
0
0
0
0
0
0
0
0
0
0
0
0
0
0
0
0
0
0
0
0
0
0
0
0
0
0
0
0
0
0
0
0
0
0
0
0
0
0
0
0
0
0
0
0
0
0
0
0
0
0
0
0
0
0
0
0
0
0
0
0
0
0
0
0
0
0
0
0
0
0
0
0
0
0
0
0
0
0
0
0
0
0
0
0
0
0
0
0
0
0
0
0
0
0
0
0
0
0
0
0
0
0
0
0
0
0
0
0
0
0
0
0
0
0
0
0
0
0
0
0
0
0
0
0
0
0
0
0
0
0
0
0
0
0
0
0
0
0
0
0
0
0
0
0
0
0
0
0
0
0
0
0
0
0
0
0
0
0
0
0
0
0
0
0
0
0
0
0
0
0
0
0
0
0
0
0
0
0
0
0
0
0
0
0
0
0
0
0
0
0
0
0
0
0
0
0
0
0
0
0
0
0
0
0
0
0
0
0
0
0
0
0
0
0
0
0
0
0
0
0
0
0
0
0
0
0
0
0
0
0
0
0
0
0
0
0
0
0
0
0
0
0
0
0
0
0
0
0
0
0
0
0
0
0
0
0
0
0
0
0
0
0
0
0
0
0
0
0
0
0
0
0
0
0
0
0
0
0
0
0
0
0
0
0
0
0
0
0
0
0
0
0
0
0
0
0
0
0
0
0
0
0
0
0
0
0
0
0
0
0
0
0
0
0
0
0
0
0
0
0
0
0
0
0
0
0
0
0
0
0
0
0
0
0
0
0
0
0
0
0
0
0
0
0
0
0
0
0
0
0
0
0
0
0
0
0
0
0
0
0
0
0
0
0
0
0
0
0
0
0
0
0
0
0
0
0
0
0
0
0
0
0
0
0
0
0
0
0
0
0
0
0
0
0
0
0
0
0
0
0
0
0
0
0
0
0
0
0
0
0
0
0
0
0
0
0
0
0
0
0
0
0
0
0
0
0
0
0
0
0
0
0
0
0
0
0
0
0
0
0
0
0
0
0
0
0
0
0
0
0
0
0
0
0
0
0
0
0
0
0
0
0
0
0
0
0
0
0
0
0
0
0
0
0
0
0
0
0
0
0
0
0
0
0
0
0
0
0
0
0
0
0
0
0
0
0
0
0
0
0
0
0
0
0
0
0
0
0
0
0
0
0
0
0
0
0
0
0
0
0
0
0
0
0
0
0
0
0
0
0
0
0
0
0
0
0
0
0
0
0
0
0
0
0
0
0
0
0
0
0
0
0
0
0
0
0
0
0
0
0
0
0
0
0
0
0
0
0
0
0
0
0
0
0
0
0
0
0
0
0
0
0
0
0
0
0
0
0
0
0
0
0
0
0
0
0
0
0
0
0
0
0
0
0
0
0
0
0
0
0
0
0
0
0
0
0
0
0
0
0
0
0
0
0
0
0
0
0
0
0
0
0
0
0
0
0
0
0
0
0
0
0
0
0
0
0
0
0
0
0
0
0
0
0
0
0
0
0
0
0
0
0
0
0
0
0
0
0
0
0
0
0
0
0
0
0
0
0
0
0
0
0
0
0
0
0
0
0
0
0
0
0
0
0
0
0
0
0
0
0
0
0
0
0
0
0
0
0
0
0
0
0
0
0
0
0
0
0
0
0
0
0
0
0
0
0
0
0
0
0
0
0
0
0
0
0
0
0
0
0
0
0
0
0
0
0
0
0
0
0
0
0
0
0
0
0
0
0
0
0
0
0
0
0
0
0
0
0
0
0
0
0
0
0
0
0
0
0
0
0
0
0
0
0
0
0
0
0
0
0
0
0
0
0
0
0
0
0
0
0
0
0
0
0
0
0
0
0
0
0
0
0
0
0
0
0
0
0
0
0
0
0
0
0
0
0
0
0
0
0
0
0
0
0
0
0
0
0
0
0
0
0
0
0
0
0
0
0
0
0
0
0
0
0
0
0
0
0
0
0
0
0
0
0
0
0
0
0
0
0
0
0
0
0
0
0
0
0
0
0
0
0
0
0
0
0
0
0
0
0
0
0
0
0
0
0
0
0
0
0
0
0
0
0
0
0
0
0
0
0
0
0
0
0
0
0
0
0
0
0
0
0
0
0
0
0
0
0
0
0
0
0
0
0
0
0
0
0
0
0
0
0
0
0
0
0
0
0
0
0
0
0
0
0
0
0
0
0
0
0
0
0
0
0
0
0
0
0
0
0
0
0
0
0
0
0
0
0
0
0
0
0
0
0
0
0
0
0
0
0
0
0
0
0
0
0
0
0
0
0
0
0
0
0
0
0
0
0
0
0
0
0
0
0
0
0
0
0
0
0
0
0
0
0
0
0
0
0
0
0
0
0
0
0
0
0
0
0
0
0
0
0
0
0
0
0
0
0
0
0
0
0
0
0
0
0
0
0
0
0
0
0
0
0
0
0
0
0
0
0
0
0
0
0
0
0
0
0
0
0
0
0
0
0
0
0
0
0
0
0
0
0
0
0
0
0
0
0
0
0
0
0
0
0
0
0
0
0
0
0
0
0
0
0
0
0
0
0
0
0
0
0
0
0
0
0
0
0
0
0
0
0
0
0
0
0
0
0
0
0
0
0
0
0
0
0
0
0
0
0
0
0
0
0
0
0
0
0
0
0
0
0
0
0
0
0
0
0
0
0
0
0
0
0
0
0
0
0
0
0
0
0
0
0
0
0
0
0
0
0
0
0
0
0
0
0
0
0
0
0
0
0
0
0
0
0
0
0
0
0
0
0
0
0
0
0
0
0
0
0
0
0
0
0
0
0
0
0
0
0
0
0
0
0
0
0
0
0
0
0
0
0
0
0
0
0
0
0
0
0
0
0
0
0
0
0
0
0
0
0
0
0
0
0
0
0
0
0
0
0
0
0
0
0
0
0
0
0
0
0
0
0
0
0
0
0
0
0
0
0
0
0
0
0
0
0
0
0
0
0
0
0
0
0
0
0
0
0
0
0
0
0
0
0
0
0
0
0
0
0
0
0
0
0
0
0
0
0
0
0
0
0
0
0
0
0
0
0
0
0
0
0
0
0
0
0
0
0
0
0
0
0
0
0
0
0
0
0
0
0
0
0
0
0
0
0
0
0
0
0
0
0
0
0
0
0
0
0
0
0
0
0
0
0
0
0
0
0
0
0
0
0
0
0
0
0
0
0
0
0
0
0
0
0
0
0
0
0
0
0
0
0
0
0
0
0
0
0
0
0
0
0
0
0
0
0
0
0
0
0
0
0
0
0
0
0
0
0
0
0
0
0
0
0
0
0
0
0
0
0
0
0
0
0
0
0
0
0
0
0
0
0
0
0
0
0
0
0
0
0
0
0
0
0
0
0
0
0
0
0
0
0
0
0
0
0
0
0
0
0
0
0
0
0
0
0
0
0
0
0
0
0
0
0
0
0
0
0
0
0
0
0
0
0
0
0
0
0
0
0
0
0
0
0
0
0
0
0
0
0
0
0
0
0
0
0
0
0
0
0
0
0
0
0
0
0
0
0
0
0
0
0
0
0
0
0
0
0
0
0
0
0
0
0
0
0
0
0
0
0
0
0
0
0
0
0
0
0
0
0
0
0
0
0
0
0
0
0
0
0
0
0
0
0
0
0
0
0
0
0
0
0
0
0
0
0
0
0
0
0
0
0
0
0
0
0
0
0
0
0
0
0
0
0
0
0
0
0
0
0
0
0
0
0
0
0
0
0
0
0
0
0
0
0
0
0
0
0
0
0
0
0
0
0
0
0
0
0
0
0
0
0
0
0
0
0
0
0
0
0
0
0
0
0
0
0
0
0
0
0
0
0
0
0
0
0
0
0
0
0
0
0
0
0
0
0
0
0
0
0
0
0
0
0
0
0
0
0
0
0
0
0
0
0
0
0
0
0
0
0
0
0
0
0
0
0
0
0
0
0
0
0
0
0
0
0
0
0
0
0
0
0
0
0
0
0
0
0
0
0
0
0
0
0
0
0
0
0
0
0
0
0
0
0
0
0
0
0
0
0
0
0
0
0
0
0
0
0
0
0
0
0
0
0
0
0
0
0
0
0
0
0
0
0
0
0
0
0
0
0
0
0
0
0
0
0
0
0
0
0
0
0
0
0
0
0
0
0
0
0
0
0
0
0
0
0
0
0
0
0
0
0
0
0
0
0
0
0
0
0
0
0
0
0
0
0
0
0
0
0
0
0
0
0
0
0
0
0
0
0
0
0
0
0
0
0
0
0
0
0
0
0
0
0
0
0
0
0
0
0
0
0
0
0
0
0
0
0
0
0
0
0
0
0
0
0
0
0
0
0
0
0
0
0
0
0
0
0
0
0
0
0
0
0
0
0
0
0
0
0
0
0
0
0
0
0
0
0
0
0
0
0
0
0
0
0
0
0
0
0
0
0
0
0
0
0
0
0
0
0
0
0
0
0
0
0
0
0
0
0
0
0
0
0
0
0
0
0
0
0
0
0
0
0
0
0
0
0
0
0
0
0
0
0
0
0
0
0
0
0
0
0
0
0
0
0
0
0
0
0
0
0
0
0
0
0
0
0
0
0
0
0
0
0
0
0
0
0
0
0
0
0
0
0
0
0
0
0
0
0
0
0
0
0
0
0
0
0
0
0
0
0
0
0
0
0
0
0
0
0
0
0
0
0
0
0
0
0
0
0
0
0
0
0
0
0
0
0
0
0
0
0
0
0
0
0
0
0
0
0
0
0
0
0
0
0
0
0
0
0
0
0
0
0
0
0
0
0
0
0
0
0
0
0
0
0
0
0
0
0
0
0
0
0
0
0
0
0
0
0
0
0
0
0
0
0
0
0
0
0
0
0
0
0
0
0
0
0
0
0
0
0
0
0
0
0
0
0
0
0
0
0
0
0
0
0
0
0
0
0
0
0
0
0
0
0
0
0
0
0
0
0
0
0
0
0
0
0
0
0
0
0
0
0
0
0
0
0
0
0
0
0
0
0
0
0
0
0
0
0
0
0
0
0
0
0
0
0
0
0
0
0
0
0
0
0
0
0
0
0
0
0
0
0
0
0
0
0
0
0
0
0
0
0
0
0
0
0
0
0
0
0
0
0
0
0
0
0
0
0
0
0
0
0
0
0
0
0
0
0
0
0
0
0
0
0
0
0
0
0
0
0
0
0
0
0
0
0
0
0
0
0
0
0
0
0
0
0
0
0
0
0
0
0
0
0
0
0
0
0
0
0
0
0
0
0
0
0
0
0
0
0
0
0
0
0
0
0
0
0
0
0
0
0
0
0
0
0
0
0
0
0
0
0
0
0
0
0
0
0
0
0
0
0
0
0
0
0
0
0
0
0
0
0
0
0
0
0
0
0
0
0
0
0
0
0
0
0
0
0
0
0
0
0
0
0
0
0
0
0
0
0
0
0
0
0
0
0
0
0
0
0
0
0
0
0
0
0
0
0
0
0
0
0
0
0
0
0
0
0
0
0
0
0
0
0
0
0
0
0
0
0
0
0
0
0
0
0
0
0
0
0
0
0
0
0
0
0
0
0
0
0
0
0
0
0
0
0
0
0
0
0
0
0
0
0
0
0
0
0
0
0
0
0
0
0
0
0
0
0
0
0
0
0
0
0
0
0
0
0
0
0
0
0
0
0
0
0
0
0
0
0
0
0
0
0
0
0
0
0
0
0
0
0
0
0
0
0
0
0
0
0
0
0
0
0
0
0
0
0
0
0
0
0
0
0
0
0
0
0
0
0
0
0
0
0
0
0
0
0
0
0
0
0
0
0
0
0
0
0
0
0
0
0
0
0
0
0
0
0
0
0
0
0
0
0
0
0
0
0
0
0
0
0
0
0
0
0
0
0
0
0
0
0
0
0
0
0
0
0
0
0
0
0
0
0
0
0
0
0
0
0
0
0
0
0
0
0
0
0
0
0
0
0
0
0
0
0
0
0
0
0
0
0
0
0
0
0
0
0
0
0
0
0
0
0
0
0
0
0
0
0
0
0
0
0
0
0
0
0
0
0
0
0
0
0
0
0
0
0
0
0
0
0
0
0
0
0
0
0
0
0
0
0
0
0
0
0
0
0
0
0
0
0
0
0
0
0
0
0
0
0
0
0
0
0
0
0
0
0
0
0
0
0
0
0
0
0
0
0
0
0
0
0
0
0
0
0
0
0
0
0
0
0
0
0
0
0
0
0
0
0
0
0
0
0
0
0
0
0
0
0
0
0
0
0
0
0
0
0
0
0
0
0
0
0
0
0
0
0
0
0
0
0
0
0
0
0
0
0
0
0
0
0
0
0
0
0
0
0
0
0
0
0
0
0
0
0
0
0
0
0
0
0
0
0
0
0
0
0
0
0
0
0
0
0
0
0
0
0
0
0
0
0
0
0
0
0
0
0
0
0
0
0
0
0
0
0
0
0
0
0
0
0
0
0
0
0
0
0
0
0
0
0
0
0
0
0
0
0
0
0
0
0
0
0
0
0
0
0
0
0
0
0
0
0
0
0
0
0
0
0
0
0
0
0
0
0
0
0
0
0
0
0
0
0
0
0
0
0
0
0
0
0
0
0
0
0
0
0
0
0
0
0
0
0
0
0
0
0
0
0
0
0
0
0
0
0
0
0
0
0
0
0
0
0
0
0
0
0
0
0
0
0
0
0
0
0
0
0
0
0
0
0
0
0
0
0
0
0
0
0
0
0
0
0
0
0
0
0
0
0
0
0
0
0
0
0
0
0
0
0
0
0
0
0
0
0
0
0
0
0
0
0
0
0
0
0
0
0
0
0
0
0
0
0
0
0
0
0
0
0
0
0
0
0
0
0
0
0
0
0
0
0
0
0
0
0
0
0
0
0
0
0
0
0
0
0
0
0
0
0
0
0
0
0
0
0
0
0
0
0
0
0
0
0
0
0
0
0
0
0
0
0
0
0
0
0
0
0
0
0
0
0
0
0
0
0
0
0
0
0
0
0
0
0
0
0
0
0
0
0
0
0
0
0
0
0
0
0
0
0
0
0
0
0
0
0
0
0
0
0
0
0
0
0
0
0
0
0
0
0
0
0
0
0
0
0
0
0
0
0
0
0
0
0
0
0
0
0
0
0
0
0
0
0
0
0
0
0
0
0
0
0
0
0
0
0
0
0
0
0
0
0
0
0
0
0
0
0
0
0
0
0
0
0
0
0
0
0
0
0
0
0
0
0
0
0
0
0
0
0
0
0
0
0
0
0
0
0
0
0
0
0
0
0
0
0
0
0
0
0
0
0
0
0
0
0
0
0
0
0
0
0
0
0
0
0
0
0
0
0
0
0
0
0
0
0
0
0
0
0
0
0
0
0
0
0
0
0
0
0
0
0
0
0
0
0
0
0
0
0
0
0
0
0
0
0
0
0
0
0
0
0
0
0
0
0
0
0
0
0
0
0
0
0
0
0
0
0
0
0
0
0
0
0
0
0
0
0
0
0
0
0
0
0
0
0
0
0
0
0
0
0
0
0
0
0
0
0
0
0
0
0
0
0
0
0
0
0
0
0
0
0
0
0
0
0
0
0
0
0
0
0
0
0
0
0
0
0
0
0
0
0
0
0
0
0
0
0
0
0
0
0
0
0
0
0
0
0
0
0
0
0
0
0
0
0
0
0
0
0
0
0
0
0
0
0
0
0
0
0
0
0
0
0
0
0
0
0
0
0
0
0
0
0
0
0
0
0
0
0
0
0
0
0
0
0
0
0
0
0
0
0
0
0
0
0
0
0
0
0
0
0
0
0
0
0
0
0
0
0
0
0
0
0
0
0
0
0
0
0
0
0
0
0
0
0
0
0
0
0
0
0
0
0
0
0
0
0
0
0
0
0
0
0
0
0
0
0
0
0
0
0
0
0
0
0
0
0
0
0
0
0
0
0
0
0
0
0
0
0
0
0
0
0
0
0
0
0
0
0
0
0
0
0
0
0
0
0
0
0
0
0
0
0
0
0
0
0
0
0
0
0
0
0
0
0
0
0
0
0
0
0
0
0
0
0
0
0
0
0
0
0
0
0
0
0
0
0
0
0
0
0
0
0
0
0
0
0
0
0
0
0
0
0
0
0
0
0
0
0
0
0
0
0
0
0
0
0
0
0
0
0
0
0
0
0
0
0
0
0
0
0
0
0
0
0
0
0
0
0
0
0
0
0
0
0
0
0
0
0
0
0
0
0
0
0
0
0
0
0
0
0
0
0
0
0
0
0
0
0
0
0
0
0
0
0
0
0
0
0
0
0
0
0
0
0
0
0
0
0
0
0
0
0
0
0
0
0
0
0
0
0
0
0
0
0
0
0
0
0
0
0
0
0
0
0
0
0
0
0
0
0
0
0
0
0
0
0
0
0
0
0
0
0
0
0
0
0
0
0
0
0
0
0
0
0
0
0
0
0
0
0
0
0
0
0
0
0
0
0
0
0
0
0
0
0
0
0
0
0
0
0
0
0
0
0
0
0
0
0
0
0
0
0
0
0
0
0
0
0
0
0
0
0
0
0
0
0
0
0
0
0
0
0
0
0
0
0
0
0
0
0
0
0
0
0
0
0
0
0
0
0
0
0
0
0
0
0
0
0
0
0
0
0
0
0
0
0
0
0
0
0
0
0
0
0
0
0
0
0
0
0
0
0
0
0
0
0
0
0
0
0
0
0
0
0
0
0
0
0
0
0
0
0
0
0
0
0
0
0
0
0
0
0
0
0
0
0
0
0
0
0
0
0
0
0
0
0
0
0
0
0
0
0
0
0
0
0
0
0
0
0
0
0
0
0
0
0
0
0
0
0
0
0
0
0
0
0
0
0
0
0
0
0
0
0
0
0
0
0
0
0
0
0
0
0
0
0
0
0
0
0
0
0
0
0
0
0
0
0
0
0
0
0
0
0
0
0
0
0
0
0
0
0
0
0
0
0
0
0
0
0
0
0
0
0
0
0
0
0
0
0
0
0
0
0
0
0
0
0
0
0
0
0
0
0
0
0
0
0
0
0
0
0
0
0
0
0
0
0
0
0
0
0
0
0
0
0
0
0
0
0
0
0
0
0
0
0
0
0
0
0
0
0
0
0
0
0
0
0
0
0
0
0
0
0
0
0
0
0
0
0
0
0
0
0
0
0
0
0
0
0
0
0
0
0
0
0
0
0
0
0
0
0
0
0
0
0
0
0
0
0
0
0
0
0
0
0
0
0
0
0
0
0
0
0
0
0
0
0
0
0
0
0
0
0
0
0
0
0
0
0
0
0
0
0
0
0
0
0
0
0
0
0
0
0
0
0
0
0
0
0
0
0
0
0
0
0
0
0
0
0
0
0
0
0
0
0
0
0
0
0
0
0
0
0
0
0
0
0
0
0
0
0
0
0
0
0
0
0
0
0
0
0
0
0
0
0
0
0
0
0
0
0
0
0
0
0
0
0
0
0
0
0
0
0
0
0
0
0
0
0
0
0
0
0
0
0
0
0
0
0
0
0
0
0
0
0
0
0
0
0
0
0
0
0
0
0
0
0
0
0
0
0
0
0
0
0
0
0
0
0
0
0
0
0
0
0
0
0
0
0
0
0
0
0
0
0
0
0
0
0
0
0
0
0
0
0
0
0
0
0
0
0
0
0
0
0
0
0
0
0
0
0
0
0
0
0
0
0
0
0
0
0
0
0
0
0
0
0
0
0
0
0
0
0
0
0
0
0
0
0
0
0
0
0
0
0
0
0
0
0
0
0
0
0
0
0
0
0
0
0
0
0
0
0
0
0
0
0
0
0
0
0
0
0
0
0
0
0
0
0
0
0
0
0
0
0
0
0
0
0
0
0
0
0
0
0
0
0
0
0
0
0
0
0
0
0
0
0
0
0
0
0
0
0
0
0
0
0
0
0
0
0
0
0
0
0
0
0
0
0
0
0
0
0
0
0
0
0
0
0
0
0
0
0
0
0
0
0
0
0
0
0
0
0
0
0
0
0
0
0
0
0
0
0
0
0
0
0
0
0
0
0
0
0
0
0
0
0
0
0
0
0
0
0
0
0
0
0
0
0
0
0
0
0
0
0
0
0
0
0
0
0
0
0
0
0
0
0
0
0
0
0
0
0
0
0
0
0
0
0
0
0
0
0
0
0
0
0
0
0
0
0
0
0
0
0
0
0
0
0
0
0
0
0
0
0
0
0
0
0
0
0
0
0
0
0
0
0
0
0
0
0
0
0
0
0
0
0
0
0
0
0
0
0
0
0
0
0
0
0
0
0
0
0
0
0
0
0
0
0
0
0
0
0
0
0
0
0
0
0
0
0
0
0
0
0
0
0
0
0
0
0
0
0
0
0
0
0
0
0
0
0
0
0
0
0
0
0
0
0
0
0
0
0
0
0
0
0
0
0
0
0
0
0
0
0
0
0
0
0
0
0
0
0
0
0
0
0
0
0
0
0
0
0
0
0
0
0
0
0
0
0
0
0
0
0
0
0
0
0
0
0
0
0
0
0
0
0
0
0
0
0
0
0
0
0
0
0
0
0
0
0
0
0
0
0
0
0
0
0
0
0
0
0
0
0
0
0
0
0
0
0
0
0
0
0
0
0
0
0
0
0
0
0
0
0
0
0
0
0
0
0
0
0
0
0
0
0
0
0
0
0
0
0
0
0
0
0
0
0
0
0
0
0
0
0
0
0
0
0
0
0
0
0
0
0
0
0
0
0
0
0
0
0
0
0
0
0
0
0
0
0
0
0
0
0
0
0
0
0
0
0
0
0
0
0
0
0
0
0
0
0
0
0
0
0
0
0
0
0
0
0
0
0
0
0
0
0
0
0
0
0
0
0
0
0
0
0
0
0
0
0
0
0
0
0
0
0
0
0
0
0
0
0
0
0
0
0
0
0
0
0
0
0
0
0
0
0
0
0
0
0
0
0
0
0
0
0
0
0
0
0
0
0
0
0
0
0
0
0
0
0
0
0
0
0
0
0
0
0
0
0
0
0
0
0
0
0
0
0
0
0
0
0
0
0
0
0
0
0
0
0
0
0
0
0
0
0
0
0
0
0
0
0
0
0
0
0
0
0
0
0
0
0
0
0
0
0
0
0
0
0
0
0
0
0
0
0
0
0
0
0
0
0
0
0
0
0
0
0
0
0
0
0
0
0
0
0
0
0
0
0
0
0
0
0
0
0
0
0
0
0
0
0
0
0
0
0
0
0
0
0
0
0
0
0
0
0
0
0
0
0
0
0
0
0
0
0
0
0
0
0
0
0
0
0
0
0
0
0
0
0
0
0
0
0
0
0
0
0
0
0
0
0
0
0
0
0
0
0
0
0
0
0
0
0
0
0
0
0
0
0
0
0
0
0
0
0
0
0
0
0
0
0
0
0
0
0
0
0
0
0
0
0
0
0
0
0
0
0
0
0
0
0
0
0
0
0
0
0
0
0
0
0
0
0
0
0
0
0
0
0
0
0
0
0
0
0
0
0
0
0
0
0
0
0
0
0
0
0
0
0
0
0
0
0
0
0
0
0
0
0
0
0
0
0
0
0
0
0
0
0
0
0
0
0
0
0
0
0
0
0
0
0
0
0
0
0
0
0
0
0
0
0
0
0
0
0
0
0
0
0
0
0
0
0
0
0
0
0
0
0
0
0
0
0
0
0
0
0
0
0
0
0
0
0
0
0
0
0
0
0
0
0
0
0
0
0
0
0
0
0
0
0
0
0
0
0
0
0
0
0
0
0
0
0
0
0
0
0
0
0
0
0
0
0
0
0
0
0
0
0
0
0
0
0
0
0
0
0
0
0
0
0
0
0
0
0
0
0
0
0
0
0
0
0
0
0
0
0
0
0
0
0
0
0
0
0
0
0
0
0
0
0
0
0
0
0
0
0
0
0
0
0
0
0
0
0
0
0
0
0
0
0
0
0
0
0
0
0
0
0
0
0
0
0
0
0
0
0
0
0
0
0
0
0
0
0
0
0
0
0
0
0
0
0
0
0
0
0
0
0
0
0
0
0
0
0
0
0
0
0
0
0
0
0
0
0
0
0
0
0
0
0
0
0
0
0
0
0
0
0
0
0
0
0
0
0
0
0
0
0
0
0
0
0
0
0
0
0
0
0
0
0
0
0
0
0
0
0
0
0
0
0
0
0
0
0
0
0
0
0
0
0
0
0
0
0
0
0
0
0
0
0
0
0
0
0
0
0
0
0
0
0
0
0
0
0
0
0
0
0
0
0
0
0
0
0
0
0
0
0
0
0
0
0
0
0
0
0
0
0
0
0
0
0
0
0
0
0
0
0
0
0
0
0
0
0
0
0
0
0
0
0
0
0
0
0
0
0
0
0
0
0
0
0
0
0
0
0
0
0
0
0
0
0
0
0
0
0
0
0
0
0
0
0
0
0
0
0
0
0
0
0
0
0
0
0
0
0
0
0
0
0
0
0
0
0
0
0
0
0
0
0
0
0
0
0
0
0
0
0
0
0
0
0
0
0
0
0
0
0
0
0
0
0
0
0
0
0
0
0
0
0
0
0
0
0
0
0
0
0
0
0
0
0
0
0
0
0
0
0
0
0
0
0
0
0
0
0
0
0
0
0
0
0
0
0
0
0
0
0
0
0
0
0
0
0
0
0
0
0
0
0
0
0
0
0
0
0
0
0
0
0
0
0
0
0
0
0
0
0
0
0
0
0
0
0
0
0
0
0
0
0
0
0
0
0
0
0
0
0
0
0
0
0
0
0
0
0
0
0
0
0
0
0
0
0
0
0
0
0
0
0
0
0
0
0
0
0
0
0
0
0
0
0
0
0
0
0
0
0
0
0
0
0
0
0
0
0
0
0
0
0
0
0
0
0
0
0
0
0
0
0
0
0
0
0
0
0
0
0
0
0
0
0
0
0
0
0
0
0
0
0
0
0
0
0
0
0
0
0
0
0
0
0
0
0
0
0
0
0
0
0
0
0
0
0
0
0
0
0
0
0
0
0
0
0
0
0
0
0
0
0
0
0
0
0
0
0
0
0
0
0
0
0
0
0
0
0
0
0
0
0
0
0
0
0
0
0
0
0
0
0
0
0
0
0
0
0
0
0
0
0
0
0
0
0
0
0
0
0
0
0
0
0
0
0
0
0
0
0
0
0
0
0
0
0
0
0
0
0
0
0
0
0
0
0
0
0
0
0
0
0
0
0
0
0
0
0
0
0
0
0
0
0
0
0
0
0
0
0
0
0
0
0
0
0
0
0
0
0
0
0
0
0
0
0
0
0
0
0
0
0
0
0
0
0
0
0
0
0
0
0
0
0
0
0
0
0
0
0
0
0
0
0
0
0
0
0
0
0
0
0
0
0
0
0
0
0
0
0
0
0
0
0
0
0
0
0
0
0
0
0
0
0
0
0
0
0
0
0
0
0
0
0
0
0
0
0
0
0
0
0
0
0
0
0
0
0
0
0
0
0
0
0
0
0
0
0
0
0
0
0
0
0
0
0
0
0
0
0
0
0
0
0
0
0
0
0
0
0
0
0
0
0
0
0
0
0
0
0
0
0
0
0
0
0
0
0
0
0
0
0
0
0
0
0
0
0
0
0
0
0
0
0
0
0
0
0
0
0
0
0
0
0
0
0
0
0
0
0
0
0
0
0
0
0
0
0
0
0
0
0
0
0
0
0
0
0
0
0
0
0
0
0
0
0
0
0
0
0
0
0
0
0
0
0
0
0
0
0
0
0
0
0
0
0
0
0
0
0
0
0
0
0
0
0
0
0
0
0
0
0
0
0
0
0
0
0
0
0
0
0
0
0
0
0
0
0
0
0
0
0
0
0
0
0
0
0
0
0
0
0
0
0
0
0
0
0
0
0
0
0
0
0
0
0
0
0
0
0
0
0
0
0
0
0
0
0
0
0
0
0
0
0
0
0
0
0
0
0
0
0
0
0
0
0
0
0
0
0
0
0
0
0
0
0
0
0
0
0
0
0
0
0
0
0
0
0
0
0
0
0
0
0
0
0
0
0
0
0
0
0
0
0
0
0
0
0
0
0
0
0
0
0
0
0
0
0
0
0
0
0
0
0
0
0
0
0
0
0
0
0
0
0
0
0
0
0
0
0
0
0
0
0
0
0
0
0
0
0
0
0
0
0
0
0
0
0
0
0
0
0
0
0
0
0
0
0
0
0
0
0
0
0
0
0
0
0
0
0
0
0
0
0
0
0
0
0
0
0
0
0
0
0
0
0
0
0
0
0
0
0
0
0
0
0
0
0
0
0
0
0
0
0
0
0
0
0
0
0
0
0
0
0
0
0
0
0
0
0
0
0
0
0
0
0
0
0
0
0
0
0
0
0
0
0
0
0
0
0
0
0
0
0
0
0
0
0
0
0
0
0
0
0
0
0
0
0
0
0
0
0
0
0
0
0
0
0
0
0
0
0
0
0
0
0
0
0
0
0
0
0
0
0
0
0
0
0
0
0
0
0
0
0
0
0
0
0
0
0
0
0
0
0
0
0
0
0
0
0
0
0
0
0
0
0
0
0
0
0
0
0
0
0
0
0
0
0
0
0
0
0
0
0
0
0
0
0
0
0
0
0
0
0
0
0
0
0
0
0
0
0
0
0
0
0
0
0
0
0
0
0
0
0
0
0
0
0
0
0
0
0
0
0
0
0
0
0
0
0
0
0
0
0
0
0
0
0
0
0
0
0
0
0
0
0
0
0
0
0
0
0
0
0
0
0
0
0
0
0
0
0
0
0
0
0
0
0
0
0
0
0
0
0
0
0
0
0
0
0
0
0
0
0
0
0
0
0
0
0
0
0
0
0
0
0
0
0
0
0
0
0
0
0
0
0
0
0
0
0
0
0
0
0
0
0
0
0
0
0
0
0
0
0
0
0
0
0
0
0
0
0
0
0
0
0
0
0
0
0
0
0
0
0
0
0
0
0
0
0
0
0
0
0
0
0
0
0
0
0
0
0
0
0
0
0
0
0
0
0
0
0
0
0
0
0
0
0
0
0
0
0
0
0
0
0
0
0
0
0
0
0
0
0
0
0
0
0
0
0
0
0
0
0
0
0
0
0
0
0
0
0
0
0
0
0
0
0
0
0
0
0
0
0
0
0
0
0
0
0
0
0
0
0
0
0
0
0
0
0
0
0
0
0
0
0
0
0
0
0
0
0
0
0
0
0
0
0
0
0
0
0
0
0
0
0
0
0
0
0
0
0
0
0
0
0
0
0
0
0
0
0
0
0
0
0
0
0
0
0
0
0
0
0
0
0
0
0
0
0
0
0
0
0
0
0
0
0
0
0
0
0
0
0
0
0
0
0
0
0
0
0
0
0
0
0
0
0
0
0
0
0
0
0
0
0
0
0
0
0
0
0
0
0
0
0
0
0
0
0
0
0
0
0
0
0
0
0
0
0
0
0
0
0
0
0
0
0
0
0
0
0
0
0
0
0
0
0
0
0
0
0
0
0
0
0
0
0
0
0
0
0
0
0
0
0
0
0
0
0
0
0
0
0
0
0
0
0
0
0
0
0
0
0
0
0
0
0
0
0
0
0
0
0
0
0
0
0
0
0
0
0
0
0
0
0
0
0
0
0
0
0
0
0
0
0
0
0
0
0
0
0
0
0
0
0
0
0
0
0
0
0
0
0
0
0
0
0
0
0
0
0
0
0
0
0
0
0
0
0
0
0
0
0
0
0
0
0
0
0
0
0
0
0
0
0
0
0
0
0
0
0
0
0
0
0
0
0
0
0
0
0
0
0
0
0
0
0
0
0
0
0
0
0
0
0
0
0
0
0
0
0
0
0
0
0
0
0
0
0
0
0
0
0
0
0
0
0
0
0
0
0
0
0
0
0
0
0
0
0
0
0
0
0
0
0
0
0
0
0
0
0
0
0
0
0
0
0
0
0
0
0
0
0
0
0
0
0
0
0
0
0
0
0
0
0
0
0
0
0
0
0
0
0
0
0
0
0
0
0
0
0
0
0
0
0
0
0
0
0
0
0
0
0
0
0
0
0
0
0
0
0
0
0
0
0
0
0
0
0
0
0
0
0
0
0
0
0
0
0
0
0
0
0
0
0
0
0
0
0
0
0
0
0
0
0
0
0
0
0
0
0
0
0
0
0
0
0
0
0
0
0
0
0
0
0
0
0
0
0
0
0
0
0
0
0
0
0
0
0
0
0
0
0
0
0
0
0
0
0
0
0
0
0
0
0
0
0
0
0
0
0
0
0
0
0
0
0
0
0
0
0
0
0
0
0
0
0
0
0
0
0
0
0
0
0
0
0
0
0
0
0
0
0
0
0
0
0
0
0
0
0
0
0
0
0
0
0
0
0
0
0
0
0
0
0
0
0
0
0
0
0
0
0
0
0
0
0
0
0
0
0
0
0
0
0
0
0
0
0
0
0
0
0
0
0
0
0
0
0
0
0
0
0
0
0
0
0
0
0
0
0
0
0
0
0
0
0
0
0
0
0
0
0
0
0
0
0
0
0
0
0
0
0
0
0
0
0
0
0
0
0
0
0
0
0
0
0
0
0
0
0
0
0
0
0
0
0
0
0
0
0
0
0
0
0
0
0
0
0
0
0
0
0
0
0
0
0
0
0
0
0
0
0
0
0
0
0
0
0
0
0
0
0
0
0
0
0
0
0
0
0
0
0
0
0
0
0
0
0
0
0
0
0
0
0
0
0
0
0
0
0
0
0
0
0
0
0
0
0
0
0
0
0
0
0
0
0
0
0
0
0
0
0
0
0
0
0
0
0
0
0
0
0
0
0
0
0
0
0
0
0
0
0
0
0
0
0
0
0
0
0
0
0
0
0
0
0
0
0
0
0
0
0
0
0
0
0
0
0
0
0
0
0
0
0
0
0
0
0
0
0
0
0
0
0
0
0
0
0
0
0
0
0
0
0
0
0
0
0
0
0
0
0
0
0
0
0
0
0
0
0
0
0
0
0
0
0
0
0
0
0
0
0
0
0
0
0
0
0
0
0
0
0
0
0
0
0
0
0
0
0
0
0
0
0
0
0
0
0
0
0
0
0
0
0
0
0
0
0
0
0
0
0
0
0
0
0
0
0
0
0
0
0
0
0
0
0
0
0
0
0
0
0
0
0
0
0
0
0
0
0
0
0
0
0
0
0
0
0
0
0
0
0
0
0
0
0
0
0
0
0
0
0
0
0
0
0
0
0
0
0
0
0
0
0
0
0
0
0
0
0
0
0
0
0
0
0
0
0
0
0
0
0
0
0
0
0
0
0
0
0
0
0
0
0
0
0
0
0
0
0
0
0
0
0
0
0
0
0
0
0
0
0
0
0
0
0
0
0
0
0
0
0
0
0
0
0
0
0
0
0
0
0
0
0
0
0
0
0
0
0
0
0
0
0
0
0
0
0
0
0
0
0
0
0
0
0
0
0
0
0
0
0
0
0
0
0
0
0
0
0
0
0
0
0
0
0
0
0
0
0
0
0
0
0
0
0
0
0
0
0
0
0
0
0
0
0
0
0
0
0
0
0
0
0
0
0
0
0
0
0
0
0
0
0
0
0
0
0
0
0
0
0
0
0
0
0
0
0
0
0
0
0
0
0
0
0
0
0
0
0
0
0
0
0
0
0
0
0
0
0
0
0
0
0
0
0
0
0
0
0
0
0
0
0
0
0
0
0
0
0
0
0
0
0
0
0
0
0
0
0
0
0
0
0
0
0
0
0
0
0
0
0
0
0
0
0
0
0
0
0
0
0
0
0
0
0
0
0
0
0
0
0
0
0
0
0
0
0
0
0
0
0
0
0
0
0
0
0
0
0
0
0
0
0
0
0
0
0
0
0
0
0
0
0
0
0
0
0
0
0
0
0
0
0
0
0
0
0
0
0
0
0
0
0
0
0
0
0
0
0
0
0
0
0
0
0
0
0
0
0
0
0
0
0
0
0
0
0
0
0
0
0
0
0
0
0
0
0
0
0
0
0
0
0
0
0
0
0
0
0
0
0
0
0
0
0
0
0
0
0
0
0
0
0
0
0
0
0
0
0
0
0
0
0
0
0
0
0
0
0
0
0
0
0
0
0
0
0
0
0
0
0
0
0
0
0
0
0
0
0
0
0
0
0
0
0
0
0
0
0
0
0
0
0
0
0
0
0
0
0
0
0
0
0
0
0
0
0
0
0
0
0
0
0
0
0
0
0
0
0
0
0
0
0
0
0
0
0
0
0
0
0
0
0
0
0
0
0
0
0
0
0
0
0
0
0
0
0
0
0
0
0
0
0
0
0
0
0
0
0
0
0
0
0
0
0
0
0
0
0
0
0
0
0
0
0
0
0
0
0
0
0
0
0
0
0
0
0
0
0
0
0
0
0
0
0
0
0
0
0
0
0
0
0
0
0
0
0
0
0
0
0
0
0
0
0
0
0
0
0
0
0
0
0
0
0
0
0
0
0
0
0
0
0
0
0
0
0
0
0
0
0
0
0
0
0
0
0
0
0
0
0
0
0
0
0
0
0
0
0
0
0
0
0
0
0
0
0
0
0
0
0
0
0
0
0
0
0
0
0
0
0
0
0
0
0
0
0
0
0
0
0
0
0
0
0
0
0
0
0
0
0
0
0
0
0
0
0
0
0
0
0
0
0
0
0
0
0
0
0
0
0
0
0
0
0
0
0
0
0
0
0
0
0
0
0
0
0
0
0
0
0
0
0
0
0
0
0
0
0
0
0
0
0
0
0
0
0
0
0
0
0
0
0
0
0
0
0
0
0
0
0
0
0
0
0
0
0
0
0
0
0
0
0
0
0
0
0
0
0
0
0
0
0
0
0
0
0
0
0
0
0
0
0
0
0
0
0
0
0
0
0
0
0
0
0
0
0
0
0
0
0
0
0
0
0
0
0
0
0
0
0
0
0
0
0
0
0
0
0
0
0
0
0
0
0
0
0
0
0
0
0
0
0
0
0
0
0
0
0
0
0
0
0
0
0
0
0
0
0
0
0
0
0
0
0
0
0
0
0
0
0
0
0
0
0
0
0
0
0
0
0
0
0
0
0
0
0
0
0
0
0
0
0
0
0
0
0
0
0
0
0
0
0
0
0
0
0
0
0
0
0
0
0
0
0
0
0
0
0
0
0
0
0
0
0
0
0
0
0
0
0
0
0
0
0
0
0
0
0
0
0
0
0
0
0
0
0
0
0
0
0
0
0
0
0
0
0
0
0
0
0
0
0
0
0
0
0
0
0
0
0
0
0
0
0
0
0
0
0
0
0
0
0
0
0
0
0
0
0
0
0
0
0
0
0
0
0
0
0
0
0
0
0
0
0
0
0
0
0
0
0
0
0
0
0
0
0
0
0
0
0
0
0
0
0
0
0
0
0
0
0
0
0
0
0
0
0
0
0
0
0
0
0
0
0
0
0
0
0
0
0
0
0
0
0
0
0
0
0
0
0
0
0
0
0
0
0
0
0
0
0
0
0
0
0
0
0
0
0
0
0
0
0
0
0
0
0
0
0
0
0
0
0
0
0
0
0
0
0
0
0
0
0
0
0
0
0
0
0
0
0
0
0
0
0
0
0
0
0
0
0
0
0
0
0
0
0
0
0
0
0
0
0
0
0
0
0
0
0
0
0
0
0
0
0
0
0
0
0
0
0
0
0
0
0
0
0
0
0
0
0
0
0
0
0
0
0
0
0
0
0
0
0
0
0
0
0
0
0
0
0
0
0
0
0
0
0
0
0
0
0
0
0
0
0
0
0
0
0
0
0
0
0
0
0
0
0
0
0
0
0
0
0
0
0
0
0
0
0
0
0
0
0
0
0
0
0
0
0
0
0
0
0
0
0
0
0
0
0
0
0
0
0
0
0
0
0
0
0
0
0
0
0
0
0
0
0
0
0
0
0
0
0
0
0
0
0
0
0
0
0
0
0
0
0
0
0
0
0
0
0
0
0
0
0
0
0
0
0
0
0
0
0
0
0
0
0
0
0
0
0
0
0
0
0
0
0
0
0
0
0
0
0
0
0
0
0
0
0
0
0
0
0
0
0
0
0
0
0
0
0
0
0
0
0
0
0
0
0
0
0
0
0
0
0
0
0
0
0
0
0
0
0
0
0
0
0
0
0
0
0
0
0
0
0
0
0
0
0
0
0
0
0
0
0
0
0
0
0
0
0
0
0
0
0
0
0
0
0
0
0
0
0
0
0
0
0
0
0
0
0
0
0
0
0
0
0
0
0
0
0
0
0
0
0
0
0
0
0
0
0
0
0
0
0
0
0
0
0
0
0
0
0
0
0
0
0
0
0
0
0
0
0
0
0
0
0
0
0
0
0
0
0
0
0
0
0
0
0
0
0
0
0
0
0
0
0
0
0
0
0
0
0
0
0
0
0
0
0
0
0
0
0
0
0
0
0
0
0
0
0
0
0
0
0
0
0
0
0
0
0
0
0
0
0
0
0
0
0
0
0
0
0
0
0
0
0
0
0
0
0
0
0
0
0
0
0
0
0
0
0
0
0
0
0
0
0
0
0
0
0
0
0
0
0
0
0
0
0
0
0
0
0
0
0
0
0
0
0
0
0
0
0
0
0
0
0
0
0
0
0
0
0
0
0
0
0
0
0
0
0
0
0
0
0
0
0
0
0
0
0
0
0
0
0
0
0
0
0
0
0
0
0
0
0
0
0
0
0
0
0
0
0
0
0
0
0
0
0
0
0
0
0
0
0
0
0
0
0
0
0
0
0
0
0
0
0
0
0
0
0
0
0
0
0
0
0
0
0
0
0
0
0
0
0
0
0
0
0
0
0
0
0
0
0
0
0
0
0
0
0
0
0
0
0
0
0
0
0
0
0
0
0
0
0
0
0
0
0
0
0
0
0
0
0
0
0
0
0
0
0
0
0
0
0
0
0
0
0
0
0
0
0
0
0
0
0
0
0
0
0
0
0
0
0
0
0
0
0
0
0
0
0
0
0
0
0
0
0
0
0
0
0
0
0
0
0
0
0
0
0
0
0
0
0
0
0
0
0
0
0
0
0
0
0
0
0
0
0
0
0
0
0
0
0
0
0
0
0
0
0
0
0
0
0
0
0
0
0
0
0
0
0
0
0
0
0
0
0
0
0
0
0
0
0
0
0
0
0
0
0
0
0
0
0
0
0
0
0
0
0
0
0
0
0
0
0
0
0
0
0
0
0
0
0
0
0
0
0
0
0
0
0
0
0
0
0
0
0
0
0
0
0
0
0
0
0
0
0
0
0
0
0
0
0
0
0
0
0
0
0
0
0
0
0
0
0
0
0
0
0
0
0
0
0
0
0
0
0
0
0
0
0
0
0
0
0
0
0
0
0
0
0
0
0
0
0
0
0
0
0
0
0
0
0
0
0
0
0
0
0
0
0
0
0
0
0
0
0
0
0
0
0
0
0
0
0
0
0
0
0
0
0
0
0
0
0
0
0
0
0
0
0
0
0
0
0
0
0
0
0
0
0
0
0
0
0
0
0
0
0
0
0
0
0
0
0
0
0
0
0
0
0
0
0
0
0
0
0
0
0
0
0
0
0
0
0
0
0
0
0
0
0
0
0
0
0
0
0
0
0
0
0
0
0
0
0
0
0
0
0
0
0
0
0
0
0
0
0
0
0
0
0
0
0
0
0
0
0
0
0
0
0
0
0
0
0
0
0
0
0
0
0
0
0
0
0
0
0
0
0
0
0
0
0
0
0
0
0
0
0
0
0
0
0
0
0
0
0
0
0
0
0
0
0
0
0
0
0
0
0
0
0
0
0
0
0
0
0
0
0
0
0
0
0
0
0
0
0
0
0
0
0
0
0
0
0
0
0
0
0
0
0
0
0
0
0
0
0
0
0
0
0
0
0
0
0
0
0
0
0
0
0
0
0
0
0
0
0
0
0
0
0
0
0
0
0
0
0
0
0
0
0
0
0
0
0
0
0
0
0
0
0
0
0
0
0
0
0
0
0
0
0
0
0
0
0
0
0
0
0
0
0
0
0
0
0
0
0
0
0
0
0
0
0
0
0
0
0
0
0
0
0
0
0
0
0
0
0
0
0
0
0
0
0
0
0
0
0
0
0
0
0
0
0
0
0
0
0
0
0
0
0
0
0
0
0
0
0
0
0
0
0
0
0
0
0
0
0
0
0
0
0
0
0
0
0
0
0
0
0
0
0
0
0
0
0
0
0
0
0
0
0
0
0
0
0
0
0
0
0
0
0
0
0
0
0
0
0
0
0
0
0
0
0
0
0
0
0
0
0
0
0
0
0
0
0
0
0
0
0
0
0
0
0
0
0
0
0
0
0
0
0
0
0
0
0
0
0
0
0
0
0
0
0
0
0
0
0
0
0
0
0
0
0
0
0
0
0
0
0
0
0
0
0
0
0
0
0
0
0
0
0
0
0
0
0
0
0
0
0
0
0
0
0
0
0
0
0
0
0
0
0
0
0
0
0
0
0
0
0
0
0
0
0
0
0
0
0
0
0
0
0
0
0
0
0
0
0
0
0
0
0
0
0
0
0
0
0
0
0
0
0
0
0
0
0
0
0
0
0
0
0
0
0
0
0
0
0
0
0
0
0
0
0
0
0
0
0
0
0
0
0
0
0
0
0
0
0
0
0
0
0
0
0
0
0
0
0
0
0
0
0
0
0
0
0
0
0
0
0
0
0
0
0
0
0
0
0
0
0
0
0
0
0
0
0
0
0
0
0
0
0
0
0
0
0
0
0
0
0
0
0
0
0
0
0
0
0
0
0
0
0
0
0
0
0
0
0
0
0
0
0
0
0
0
0
0
0
0
0
0
0
0
0
0
0
0
0
0
0
0
0
0
0
0
0
0
0
0
0
0
0
0
0
0
0
0
0
0
0
0
0
0
0
0
0
0
0
0
0
0
0
0
0
0
0
0
0
0
0
0
0
0
0
0
0
0
0
0
0
0
0
0
0
0
0
0
0
0
0
0
0
0
0
0
0
0
0
0
0
0
0
0
0
0
0
0
0
0
0
0
0
0
0
0
0
0
0
0
0
0
0
0
0
0
0
0
0
0
0
0
0
0
0
0
0
0
0
0
0
0
0
0
0
0
0
0
0
0
0
0
0
0
0
0
0
0
0
0
0
0
0
0
0
0
0
0
0
0
0
0
0
0
0
0
0
0
0
0
0
0
0
0
0
0
0
0
0
0
0
0
0
0
0
0
0
0
0
0
0
0
0
0
0
0
0
0
0
0
0
0
0
0
0
0
0
0
0
0
0
0
0
0
0
0
0
0
0
0
0
0
0
0
0
0
0
0
0
0
0
0
0
0
0
0
0
0
0
0
0
0
0
0
0
0
0
0
0
0
0
0
0
0
0
0
0
0
0
0
0
0
0
0
0
0
0
0
0
0
0
0
0
0
0
0
0
0
0
0
0
0
0
0
0
0
0
0
0
0
0
0
0
0
0
0
0
0
0
0
0
0
0
0
0
0
0
0
0
0
0
0
0
0
0
0
0
0
0
0
0
0
0
0
0
0
0
0
0
0
0
0
0
0
0
0
0
0
0
0
0
0
0
0
0
0
0
0
0
0
0
0
0
0
0
0
0
0
0
0
0
0
0
0
0
0
0
0
0
0
0
0
0
0
0
0
0
0
0
0
0
0
0
0
0
0
0
0
0
0
0
0
0
0
0
0
0
0
0
0
0
0
0
0
0
0
0
0
0
0
0
0
0
0
0
0
0
0
0
0
0
0
0
0
0
0
0
0
0
0
0
0
0
0
0
0
0
0
0
0
0
0
0
0
0
0
0
0
0
0
0
0
0
0
0
0
0
0
0
0
0
0
0
0
0
0
0
0
0
0
0
0
0
0
0
0
0
0
0
0
0
0
0
0
0
0
0
0
0
0
0
0
0
0
0
0
0
0
0
0
0
0
0
0
0
0
0
0
0
0
0
0
0
0
0
0
0
0
0
0
0
0
0
0
0
0
0
0
0
0
0
0
0
0
0
0
0
0
0
0
0
0
0
0
0
0
0
0
0
0
0
0
0
0
0
0
0
0
0
0
0
0
0
0
0
0
0
0
0
0
0
0
0
0
0
0
0
0
0
0
0
0
0
0
0
0
0
0
0
0
0
0
0
0
0
0
0
0
0
0
0
0
0
0
0
0
0
0
0
0
0
0
0
0
0
0
0
0
0
0
0
0
0
0
0
0
0
0
0
0
0
0
0
0
0
0
0
0
0
0
0
0
0
0
0
0
0
0
0
0
0
0
0
0
0
0
0
0
0
0
0
0
0
0
0
0
0
0
0
0
0
0
0
0
0
0
0
0
0
0
0
0
0
0
0
0
0
0
0
0
0
0
0
0
0
0
0
0
0
0
0
0
0
0
0
0
0
0
0
0
0
0
0
0
0
0
0
0
0
0
0
0
0
0
0
0
0
0
0
0
0
0
0
0
0
0
0
0
0
0
0
0
0
0
0
0
0
0
0
0
0
0
0
0
0
0
0
0
0
0
0
0
0
0
0
0
0
0
0
0
0
0
0
0
0
0
0
0
0
0
0
0
0
0
0
0
0
0
0
0
0
0
0
0
0
0
0
0
0
0
0
0
0
0
0
0
0
0
0
0
0
0
0
0
0
0
0
0
0
0
0
0
0
0
0
0
0
0
0
0
0
0
0
0
0
0
0
0
0
0
0
0
0
0
0
0
0
0
0
0
0
0
0
0
0
0
0
0
0
0
0
0
0
0
0
0
0
0
0
0
0
0
0
0
0
0
0
0
0
0
0
0
0
0
0
0
0
0
0
0
0
0
0
0
0
0
0
0
0
0
0
0
0
0
0
0
0
0
0
0
0
0
0
0
0
0
0
0
0
0
0
0
0
0
0
0
0
0
0
0
0
0
0
0
0
0
0
0
0
0
0
0
0
0
0
0
0
0
0
0
0
0
0
0
0
0
0
0
0
0
0
0
0
0
0
0
0
0
0
0
0
0
0
0
0
0
0
0
0
0
0
0
0
0
0
0
0
0
0
0
0
0
0
0
0
0
0
0
0
0
0
0
0
0
0
0
0
0
0
0
0
0
0
0
0
0
0
0
0
0
0
0
0
0
0
0
0
0
0
0
0
0
0
0
0
0
0
0
0
0
0
0
0
0
0
0
0
0
0
0
0
0
0
0
0
0
0
0
0
0
0
0
0
0
0
0
0
0
0
0
0
0
0
0
0
0
0
0
0
0
0
0
0
0
0
0
0
0
0
0
0
0
0
0
0
0
0
0
0
0
0
0
0
0
0
0
0
0
0
0
0
0
0
0
0
0
0
0
0
0
0
0
0
0
0
0
0
0
0
0
0
0
0
0
0
0
0
0
0
0
0
0
0
0
0
0
0
0
0
0
0
0
0
0
0
0
0
0
0
0
0
0
0
0
0
0
0
0
0
0
0
0
0
0
0
0
0
0
0
0
0
0
0
0
0
0
0
0
0
0
0
0
0
0
0
0
0
0
0
0
0
0
0
0
0
0
0
0
0
0
0
0
0
0
0
0
0
0
0
0
0
0
0
0
0
0
0
0
0
0
0
0
0
0
0
0
0
0
0
0
0
0
0
0
0
0
0
0
0
0
0
0
0
0
0
0
0
0
0
0
0
0
0
0
0
0
0
0
0
0
0
0
0
0
0
0
0
0
0
0
0
0
0
0
0
0
0
0
0
0
0
0
0
0
0
0
0
0
0
0
0
0
0
0
0
0
0
0
0
0
0
0
0
0
0
0
0
0
0
0
0
0
0
0
0
0
0
0
0
0
0
0
0
0
0
0
0
0
0
0
0
0
0
0
0
0
0
0
0
0
0
0
0
0
0
0
0
0
0
0
0
0
0
0
0
0
0
0
0
0
0
0
0
0
0
0
0
0
0
0
0
0
0
0
0
0
0
0
0
0
0
0
0
0
0
0
0
0
0
0
0
0
0
0
0
0
0
0
0
0
0
0
0
0
0
0
0
0
0
0
0
0
0
0
0
0
0
0
0
0
0
0
0
0
0
0
0
0
0
0
0
0
0
0
0
0
0
0
0
0
0
0
0
0
0
0
0
0
0
0
0
0
0
0
0
0
0
0
0
0
0
0
0
0
0
0
0
0
0
0
0
0
0
0
0
0
0
0
0
0
0
0
0
0
0
0
0
0
0
0
0
0
0
0
0
0
0
0
0
0
0
0
0
0
0
0
0
0
0
0
0
0
0
0
0
0
0
0
0
0
0
0
0
0
0
0
0
0
0
0
0
0
0
0
0
0
0
0
0
0
0
0
0
0
0
0
0
0
0
0
0
0
0
0
0
0
0
0
0
0
0
0
0
0
0
0
0
0
0
0
0
0
0
0
0
0
0
0
0
0
0
0
0
0
0
0
0
0
0
0
0
0
0
0
0
0
0
0
0
0
0
0
0
0
0
0
0
0
0
0
0
0
0
0
0
0
0
0
0
0
0
0
0
0
0
0
0
0
0
0
0
0
0
0
0
0
0
0
0
0
0
0
0
0
0
0
0
0
0
0
0
0
0
0
0
0
0
0
0
0
0
0
0
0
0
0
0
0
0
0
0
0
0
0
0
0
0
0
0
0
0
0
0
0
0
0
0
0
0
0
0
0
0
0
0
0
0
0
0
0
0
0
0
0
0
0
0
0
0
0
0
0
0
0
0
0
0
0
0
0
0
0
0
0
0
0
0
0
0
0
0
0
0
0
0
0
0
0
0
0
0
0
0
0
0
0
0
0
0
0
0
0
0
0
0
0
0
0
0
0
0
0
0
0
0
0
0
0
0
0
0
0
0
0
0
0
0
0
0
0
0
0
0
0
0
0
0
0
0
0
0
0
0
0
0
0
0
0
0
0
0
0
0
0
0
0
0
0
0
0
0
0
0
0
0
0
0
0
0
0
0
0
0
0
0
0
0
0
0
0
0
0
0
0
0
0
0
0
0
0
0
0
0
0
0
0
0
0
0
0
0
0
0
0
0
0
0
0
0
0
0
0
0
0
0
0
0
0
0
0
0
0
0
0
0
0
0
0
0
0
0
0
0
0
0
0
0
0
0
0
0
0
0
0
0
0
0
0
0
0
0
0
0
0
0
0
0
0
0
0
0
0
0
0
0
0
0
0
0
0
0
0
0
0
0
0
0
0
0
0
0
0
0
0
0
0
0
0
0
0
0
0
0
0
0
0
0
0
0
0
0
0
0
0
0
0
0
0
0
0
0
0
0
0
0
0
0
0
0
0
0
0
0
0
0
0
0
0
0
0
0
0
0
0
0
0
0
0
0
0
0
0
0
0
0
0
0
0
0
0
0
0
0
0
0
0
0
0
0
0
0
0
0
0
0
0
0
0
0
0
0
0
0
0
0
0
0
0
0
0
0
0
0
0
0
0
0
0
0
0
0
0
0
0
0
0
0
0
0
0
0
0
0
0
0
0
0
0
0
0
0
0
0
0
0
0
0
0
0
0
0
0
0
0
0
0
0
0
0
0
0
0
0
0
0
0
0
0
0
0
0
0
0
0
0
0
0
0
0
0
0
0
0
0
0
0
0
0
0
0
0
0
0
0
0
0
0
0
0
0
0
0
0
0
0
0
0
0
0
0
0
0
0
0
0
0
0
0
0
0
0
0
0
0
0
0
0
0
0
0
0
0
0
0
0
0
0
0
0
0
0
0
0
0
0
0
0
0
0
0
0
0
0
0
0
0
0
0
0
0
0
0
0
0
0
0
0
0
0
0
0
0
0
0
0
0
0
0
0
0
0
0
0
0
0
0
0
0
0
0
0
0
0
0
0
0
0
0
0
0
0
0
0
0
0
0
0
0
0
0
0
0
0
0
0
0
0
0
0
0
0
0
0
0
0
0
0
0
0
0
0
0
0
0
0
0
0
0
0
0
0
0
0
0
0
0
0
0
0
0
0
0
0
0
0
0
0
0
0
0
0
0
0
0
0
0
0
0
0
0
0
0
0
0
0
0
0
0
0
0
0
0
0
0
0
0
0
0
0
0
0
0
0
0
0
0
0
0
0
0
0
0
0
0
0
0
0
0
0
0
0
0
0
0
0
0
0
0
0
0
0
0
0
0
0
0
0
0
0
0
0
0
0
0
0
0
0
0
0
0
0
0
0
0
0
0
0
0
0
0
0
0
0
0
0
0
0
0
0
0
0
0
0
0
0
0
0
0
0
0
0
0
0
0
0
0
0
0
0
0
0
0
0
0
0
0
0
0
0
0
0
0
0
0
0
0
0
0
0
0
0
0
0
0
0
0
0
0
0
0
0
0
0
0
0
0
0
0
0
0
0
0
0
0
0
0
0
0
0
0
0
0
0
0
0
0
0
0
0
0
0
0
0
0
0
0
0
0
0
0
0
0
0
0
0
0
0
0
0
0
0
0
0
0
0
0
0
0
0
0
0
0
0
0
0
0
0
0
0
0
0
0
0
0
0
0
0
0
0
0
0
0
0
0
0
0
0
0
0
0
0
0
0
0
0
0
0
0
0
0
0
0
0
0
0
0
0
0
0
0
0
0
0
0
0
0
0
0
0
0
0
0
0
0
0
0
0
0
0
0
0
0
0
0
0
0
0
0
0
0
0
0
0
0
0
0
0
0
0
0
0
0
0
0
0
0
0
0
0
0
0
0
0
0
0
0
0
0
0
0
0
0
0
0
0
0
0
0
0
0
0
0
0
0
0
0
0
0
0
0
0
0
0
0
0
0
0
0
0
0
0
0
0
0
0
0
0
0
0
0
0
0
0
0
0
0
0
0
0
0
0
0
0
0
0
0
0
0
0
0
0
0
0
0
0
0
0
0
0
0
0
0
0
0
0
0
0
0
0
0
0
0
0
0
0
0
0
0
0
0
0
0
0
0
0
0
0
0
0
0
0
0
0
0
0
0
0
0
0
0
0
0
0
0
0
0
0
0
0
0
0
0
0
0
0
0
0
0
0
0
0
0
0
0
0
0
0
0
0
0
0
0
0
0
0
0
0
0
0
0
0
0
0
0
0
0
0
0
0
0
0
0
0
0
0
0
0
0
0
0
0
0
0
0
0
0
0
0
0
0
0
0
0
0
0
0
0
0
0
0
0
0
0
0
0
0
0
0
0
0
0
0
0
0
0
0
0
0
0
0
0
0
0
0
0
0
0
0
0
0
0
0
0
0
0
0
0
0
0
0
0
0
0
0
0
0
0
0
0
0
0
0
0
0
0
0
0
0
0
0
0
0
0
0
0
0
0
0
0
0
0
0
0
0
0
0
0
0
0
0
0
0
0
0
0
0
0
0
0
0
0
0
0
0
0
0
0
0
0
0
0
0
0
0
0
0
0
0
0
0
0
0
0
0
0
0
0
0
0
0
0
0
0
0
0
0
0
0
0
0
0
0
0
0
0
0
0
0
0
0
0
0
0
0
0
0
0
0
0
0
0
0
0
0
0
0
0
0
0
0
0
0
0
0
0
0
0
0
0
0
0
0
0
0
0
0
0
0
0
0
0
0
0
0
0
0
0
0
0
0
0
0
0
0
0
0
0
0
0
0
0
0
0
0
0
0
0
0
0
0
0
0
0
0
0
0
0
0
0
0
0
0
0
0
0
0
0
0
0
0
0
0
0
0
0
0
0
0
0
0
0
0
0
0
0
0
0
0
0
0
0
0
0
0
0
0
0
0
0
0
0
0
0
0
0
0
0
0
0
0
0
0
0
0
0
0
0
0
0
0
0
0
0
0
0
0
0
0
0
0
0
0
0
0
0
0
0
0
0
0
0
0
0
0
0
0
0
0
0
0
0
0
0
0
0
0
0
0
0
0
0
0
0
0
0
0
0
0
0
0
0
0
0
0
0
0
0
0
0
0
0
0
0
0
0
0
0
0
0
0
0
0
0
0
0
0
0
0
0
0
0
0
0
0
0
0
0
0
0
0
0
0
0
0
0
0
0
0
0
0
0
0
0
0
0
0
0
0
0
0
0
0
0
0
0
0
0
0
0
0
0
0
0
0
0
0
0
0
0
0
0
0
0
0
0
0
0
0
0
0
0
0
0
0
0
0
0
0
0
0
0
0
0
0
0
0
0
0
0
0
0
0
0
0
0
0
0
0
0
0
0
0
0
0
0
0
0
0
0
0
0
0
0
0
0
0
0
0
0
0
0
0
0
0
0
0
0
0
0
0
0
0
0
0
0
0
0
0
0
0
0
0
0
0
0
0
0
0
0
0
0
0
0
0
0
0
0
0
0
0
0
0
0
0
0
0
0
0
0
0
0
0
0
0
0
0
0
0
0
0
0
0
0
0
0
0
0
0
0
0
0
0
0
0
0
0
0
0
0
0
0
0
0
0
0
0
0
0
0
0
0
0
0
0
0
0
0
0
0
0
0
0
0
0
0
0
0
0
0
0
0
0
0
0
0
0
0
0
0
0
0
0
0
0
0
0
0
0
0
0
0
0
0
0
0
0
0
0
0
0
0
0
0
0
0
0
0
0
0
0
0
0
0
0
0
0
0
0
0
0
0
0
0
0
0
0
0
0
0
0
0
0
0
0
0
0
0
0
0
0
0
0
0
0
0
0
0
0
0
0
0
0
0
0
0
0
0
0
0
0
0
0
0
0
0
0
0
0
0
0
0
0
0
0
0
0
0
0
0
0
0
0
0
0
0
0
0
0
0
0
0
0
0
0
0
0
0
0
0
0
0
0
0
0
0
0
0
0
0
0
0
0
0
0
0
0
0
0
0
0
0
0
0
0
0
0
0
0
0
0
0
0
0
0
0
0
0
0
0
0
0
0
0
0
0
0
0
0
0
0
0
0
0
0
0
0
0
0
0
0
0
0
0
0
0
0
0
0
0
0
0
0
0
0
0
0
0
0
0
0
0
0
0
0
0
0
0
0
0
0
0
0
0
0
0
0
0
0
0
0
0
0
0
0
0
0
0
0
0
0
0
0
0
0
0
0
0
0
0
0
0
0
0
0
0
0
0
0
0
0
0
0
0
0
0
0
0
0
0
0
0
0
0
0
0
0
0
0
0
0
0
0
0
0
0
0
0
0
0
0
0
0
0
0
0
0
0
0
0
0
0
0
0
0
0
0
0
0
0
0
0
0
0
0
0
0
0
0
0
0
0
0
0
0
0
0
0
0
0
0
0
0
0
0
0
0
0
0
0
0
0
0
0
0
0
0
0
0
0
0
0
0
0
0
0
0
0
0
0
0
0
0
0
0
0
0
0
0
0
0
0
0
0
0
0
0
0
0
0
0
0
0
0
0
0
0
0
0
0
0
0
0
0
0
0
0
0
0
0
0
0
0
0
0
0
0
0
0
0
0
0
0
0
0
0
0
0
0
0
0
0
0
0
0
0
0
0
0
0
0
0
0
0
0
0
0
0
0
0
0
0
0
0
0
0
0
0
0
0
0
0
0
0
0
0
0
0
0
0
0
0
0
0
0
0
0
0
0
0
0
0
0
0
0
0
0
0
0
0
0
0
0
0
0
0
0
0
0
0
0
0
0
0
0
0
0
0
0
0
0
0
0
0
0
0
0
0
0
0
0
0
0
0
0
0
0
0
0
0
0
0
0
0
0
0
0
0
0
0
0
0
0
0
0
0
0
0
0
0
0
0
0
0
0
0
0
0
0
0
0
0
0
0
0
0
0
0
0
0
0
0
0
0
0
0
0
0
0
0
0
0
0
0
0
0
0
0
0
0
0
0
0
0
0
0
0
0
0
0
0
0
0
0
0
0
0
0
0
0
0
0
0
0
0
0
0
0
0
0
0
0
0
0
0
0
0
0
0
0
0
0
0
0
0
0
0
0
0
0
0
0
0
0
0
0
0
0
0
0
0
0
0
0
0
0
0
0
0
0
0
0
0
0
0
0
0
0
0
0
0
0
0
0
0
0
0
0
0
0
0
0
0
0
0
0
0
0
0
0
0
0
0
0
0
0
0
0
0
0
0
0
0
0
0
0
0
0
0
0
0
0
0
0
0
0
0
0
0
0
0
0
0
0
0
0
0
0
0
0
0
0
0
0
0
0
0
0
0
0
0
0
0
0
0
0
0
0
0
0
0
0
0
0
0
0
0
0
0
0
0
0
0
0
0
0
0
0
0
0
0
0
0
0
0
0
0
0
0
0
0
0
0
0
0
0
0
0
0
0
0
0
0
0
0
0
0
0
0
0
0
0
0
0
0
0
0
0
0
0
0
0
0
0
0
0
0
0
0
0
0
0
0
0
0
0
0
0
0
0
0
0
0
0
0
0
0
0
0
0
0
0
0
0
0
0
0
0
0
0
0
0
0
0
0
0
0
0
0
0
0
0
0
0
0
0
0
0
0
0
0
0
0
0
0
0
0
0
0
0
0
0
0
0
0
0
0
0
0
0
0
0
0
0
0
0
0
0
0
0
0
0
0
0
0
0
0
0
0
0
0
0
0
0
0
0
0
0
0
0
0
0
0
0
0
0
0
0
0
0
0
0
0
0
0
0
0
0
0
0
0
0
0
0
0
0
0
0
0
0
0
0
0
0
0
0
0
0
0
0
0
0
0
0
0
0
0
0
0
0
0
0
0
0
0
0
0
0
0
0
0
0
0
0
0
0
0
0
0
0
0
0
0
0
0
0
0
0
0
0
0
0
0
0
0
0
0
0
0
0
0
0
0
0
0
0
0
0
0
0
0
0
0
0
0
0
0
0
0
0
0
0
0
0
0
0
0
0
0
0
0
0
0
0
0
0
0
0
0
0
0
0
0
0
0
0
0
0
0
0
0
0
0
0
0
0
0
0
0
0
0
0
0
0
0
0
0
0
0
0
0
0
0
0
0
0
0
0
0
0
0
0
0
0
0
0
0
0
0
0
0
0
0
0
0
0
0
0
0
0
0
0
0
0
0
0
0
0
0
0
0
0
0
0
0
0
0
0
0
0
0
0
0
0
0
0
0
0
0
0
0
0
0
0
0
0
0
0
0
0
0
0
0
0
0
0
0
0
0
0
0
0
0
0
0
0
0
0
0
0
0
0
0
0
0
0
0
0
0
0
0
0
0
0
0
0
0
0
0
0
0
0
0
0
0
0
0
0
0
0
0
0
0
0
0
0
0
0
0
0
0
0
0
0
0
0
0
0
0
0
0
0
0
0
0
0
0
0
0
0
0
0
0
0
0
0
0
0
0
0
0
0
0
0
0
0
0
0
0
0
0
0
0
0
0
0
0
0
0
0
0
0
0
0
0
0
0
0
0
0
0
0
0
0
0
0
0
0
0
0
0
0
0
0
0
0
0
0
0
0
0
0
0
0
0
0
0
0
0
0
0
0
0
0
0
0
0
0
0
0
0
0
0
0
0
0
0
0
0
0
0
0
0
0
0
0
0
0
0
0
0
0
0
0
0
0
0
0
0
0
0
0
0
0
0
0
0
0
0
0
0
0
0
0
0
0
0
0
0
0
0
0
0
0
0
0
0
0
0
0
0
0
0
0
0
0
0
0
0
0
0
0
0
0
0
0
0
0
0
0
0
0
0
0
0
0
0
0
0
0
0
0
0
0
0
0
0
0
0
0
0
0
0
0
0
0
0
0
0
0
0
0
0
0
0
0
0
0
0
0
0
0
0
0
0
0
0
0
0
0
0
0
0
0
0
0
0
0
0
0
0
0
0
0
0
0
0
0
0
0
0
0
0
0
0
0
0
0
0
0
0
0
0
0
0
0
0
0
0
0
0
0
0
0
0
0
0
0
0
0
0
0
0
0
0
0
0
0
0
0
0
0
0
0
0
0
0
0
0
0
0
0
0
0
0
0
0
0
0
0
0
0
0
0
0
0
0
0
0
0
0
0
0
0
0
0
0
0
0
0
0
0
0
0
0
0
0
0
0
0
0
0
0
0
0
0
0
0
0
0
0
0
0
0
0
0
0
0
0
0
0
0
0
0
0
0
0
0
0
0
0
0
0
0
0
0
0
0
0
0
0
0
0
0
0
0
0
0
0
0
0
0
0
0
0
0
0
0
0
0
0
0
0
0
0
0
0
0
0
0
0
0
0
0
0
0
0
0
0
0
0
0
0
0
0
0
0
0
0
0
0
0
0
0
0
0
0
0
0
0
0
0
0
0
0
0
0
0
0
0
0
0
0
0
0
0
0
0
0
0
0
0
0
0
0
0
0
0
0
0
0
0
0
0
0
0
0
0
0
0
0
0
0
0
0
0
0
0
0
0
0
0
0
0
0
0
0
0
0
0
0
0
0
0
0
0
0
0
0
0
0
0
0
0
0
0
0
0
0
0
0
0
0
0
0
0
0
0
0
0
0
0
0
0
0
0
0
0
0
0
0
0
0
0
0
0
0
0
0
0
0
0
0
0
0
0
0
0
0
0
0
0
0
0
0
0
0
0
0
0
0
0
0
0
0
0
0
0
0
0
0
0
0
0
0
0
0
0
0
0
0
0
0
0
0
0
0
0
0
0
0
0
0
0
0
0
0
0
0
0
0
0
0
0
0
0
0
0
0
0
0
0
0
0
0
0
0
0
0
0
0
0
0
0
0
0
0
0
0
0
0
0
0
0
0
0
0
0
0
0
0
0
0
0
0
0
0
0
0
0
0
0
0
0
0
0
0
0
0
0
0
0
0
0
0
0
0
0
0
0
0
0
0
0
0
0
0
0
0
0
0
0
0
0
0
0
0
0
0
0
0
0
0
0
0
0
0
0
0
0
0
0
0
0
0
0
0
0
0
0
0
0
0
0
0
0
0
0
0
0
0
0
0
0
0
0
0
0
0
0
0
0
0
0
0
0
0
0
0
0
0
0
0
0
0
0
0
0
0
0
0
0
0
0
0
0
0
0
0
0
0
0
0
0
0
0
0
0
0
0
0
0
0
0
0
0
0
0
0
0
0
0
0
0
0
0
0
0
0
0
0
0
0
0
0
0
0
0
0
0
0
0
0
0
0
0
0
0
0
0
0
0
0
0
0
0
0
0
0
0
0
0
0
0
0
0
0
0
0
0
0
0
0
0
0
0
0
0
0
0
0
0
0
0
0
0
0
0
0
0
0
0
0
0
0
0
0
0
0
0
0
0
0
0
0
0
0
0
0
0
0
0
0
0
0
0
0
0
0
0
0
0
0
0
0
0
0
0
0
0
0
0
0
0
0
0
0
0
0
0
0
0
0
0
0
0
0
0
0
0
0
0
0
0
0
0
0
0
0
0
0
0
0
0
0
0
0
0
0
0
0
0
0
0
0
0
0
0
0
0
0
0
0
0
0
0
0
0
0
0
0
0
0
0
0
0
0
0
0
0
0
0
0
0
0
0
0
0
0
0
0
0
0
0
0
0
0
0
0
0
0
0
0
0
0
0
0
0
0
0
0
0
0
0
0
0
0
0
0
0
0
0
0
0
0
0
0
0
0
0
0
0
0
0
0
0
0
0
0
0
0
0
0
0
0
0
0
0
0
0
0
0
0
0
0
0
0
0
0
0
0
0
0
0
0
0
0
0
0
0
0
0
0
0
0
0
0
0
0
0
0
0
0
0
0
0
0
0
0
0
0
0
0
0
0
0
0
0
0
0
0
0
0
0
0
0
0
0
0
0
0
0
0
0
0
0
0
0
0
0
0
0
0
0
0
0
0
0
0
0
0
0
0
0
0
0
0
0
0
0
0
0
0
0
0
0
0
0
0
0
0
0
0
0
0
0
0
0
0
0
0
0
0
0
0
0
0
0
0
0
0
0
0
0
0
0
0
0
0
0
0
0
0
0
0
0
0
0
0
0
0
0
0
0
0
0
0
0
0
0
0
0
0
0
0
0
0
0
0
0
0
0
0
0
0
0
0
0
0
0
0
0
0
0
0
0
0
0
0
0
0
0
0
0
0
0
0
0
0
0
0
0
0
0
0
0
0
0
0
0
0
0
0
0
0
0
0
0
0
0
0
0
0
0
0
0
0
0
0
0
0
0
0
0
0
0
0
0
0
0
0
0
0
0
0
0
0
0
0
0
0
0
0
0
0
0
0
0
0
0
0
0
0
0
0
0
0
0
0
0
0
0
0
0
0
0
0
0
0
0
0
0
0
0
0
0
0
0
0
0
0
0
0
0
0
0
0
0
0
0
0
0
0
0
0
0
0
0
0
0
0
0
0
0
0
0
0
0
0
0
0
0
0
0
0
0
0
0
0
0
0
0
0
0
0
0
0
0
0
0
0
0
0
0
0
0
0
0
0
0
0
0
0
0
0
0
0
0
0
0
0
0
0
0
0
0
0
0
0
0
0
0
0
0
0
0
0
0
0
0
0
0
0
0
0
0
0
0
0
0
0
0
0
0
0
0
0
0
0
0
0
0
0
0
0
0
0
0
0
0
0
0
0
0
0
0
0
0
0
0
0
0
0
0
0
0
0
0
0
0
0
0
0
0
0
0
0
0
0
0
0
0
0
0
0
0
0
0
0
0
0
0
0
0
0
0
0
0
0
0
0
0
0
0
0
0
0
0
0
0
0
0
0
0
0
0
0
0
0
0
0
0
0
0
0
0
0
0
0
0
0
0
0
0
0
0
0
0
0
0
0
0
0
0
0
0
0
0
0
0
0
0
0
0
0
0
0
0
0
0
0
0
0
0
0
0
0
0
0
0
0
0
0
0
0
0
0
0
0
0
0
0
0
0
0
0
0
0
0
0
0
0
0
0
0
0
0
0
0
0
0
0
0
0
0
0
0
0
0
0
0
0
0
0
0
0
0
0
0
0
0
0
0
0
0
0
0
0
0
0
0
0
0
0
0
0
0
0
0
0
0
0
0
0
0
0
0
0
0
0
0
0
0
0
0
0
0
0
0
0
0
0
0
0
0
0
0
0
0
0
0
0
0
0
0
0
0
0
0
0
0
0
0
0
0
0
0
0
0
0
0
0
0
0
0
0
0
0
0
0
0
0
0
0
0
0
0
0
0
0
0
0
0
0
0
0
0
0
0
0
0
0
0
0
0
0
0
0
0
0
0
0
0
0
0
0
0
0
0
0
0
0
0
0
0
0
0
0
0
0
0
0
0
0
0
0
0
0
0
0
0
0
0
0
0
0
0
0
0
0
0
0
0
0
0
0
0
0
0
0
0
0
0
0
0
0
0
0
0
0
0
0
0
0
0
0
0
0
0
0
0
0
0
0
0
0
0
0
0
0
0
0
0
0
0
0
0
0
0
0
0
0
0
0
0
0
0
0
0
0
0
0
0
0
0
0
0
0
0
0
0
0
0
0
0
0
0
0
0
0
0
0
0
0
0
0
0
0
0
0
0
0
0
0
0
0
0
0
0
0
0
0
0
0
0
0
0
0
0
0
0
0
0
0
0
0
0
0
0
0
0
0
0
0
0
0
0
0
0
0
0
0
0
0
0
0
0
0
0
0
0
0
0
0
0
0
0
0
0
0
0
0
0
0
0
0
0
0
0
0
0
0
0
0
0
0
0
0
0
0
0
0
0
0
0
0
0
0
0
0
0
0
0
0
0
0
0
0
0
0
0
0
0
0
0
0
0
0
0
0
0
0
0
0
0
0
0
0
0
0
0
0
0
0
0
0
0
0
0
0
0
0
0
0
0
0
0
0
0
0
0
0
0
0
0
0
0
0
0
0
0
0
0
0
0
0
0
0
0
0
0
0
0
0
0
0
0
0
0
0
0
0
0
0
0
0
0
0
0
0
0
0
0
0
0
0
0
0
0
0
0
0
0
0
0
0
0
0
0
0
0
0
0
0
0
0
0
0
0
0
0
0
0
0
0
0
0
0
0
0
0
0
0
0
0
0
0
0
0
0
0
0
0
0
0
0
0
0
0
0
0
0
0
0
0
0
0
0
0
0
0
0
0
0
0
0
0
0
0
0
0
0
0
0
0
0
0
0
0
0
0
0
0
0
0
0
0
0
0
0
0
0
0
0
0
0
0
0
0
0
0
0
0
0
0
0
0
0
0
0
0
0
0
0
0
0
0
0
0
0
0
0
0
0
0
0
0
0
0
0
0
0
0
0
0
0
0
0
0
0
0
0
0
0
0
0
0
0
0
0
0
0
0
0
0
0
0
0
0
0
0
0
0
0
0
0
0
0
0
0
0
0
0
0
0
0
0
0
0
0
0
0
0
0
0
0
0
0
0
0
0
0
0
0
0
0
0
0
0
0
0
0
0
0
0
0
0
0
0
0
0
0
0
0
0
0
0
0
0
0
0
0
0
0
0
0
0
0
0
0
0
0
0
0
0
0
0
0
0
0
0
0
0
0
0
0
0
0
0
0
0
0
0
0
0
0
0
0
0
0
0
0
0
0
0
0
0
0
0
0
0
0
0
0
0
0
0
0
0
0
0
0
0
0
0
0
0
0
0
0
0
0
0
0
0
0
0
0
0
0
0
0
0
0
0
0
0
0
0
0
0
0
0
0
0
0
0
0
0
0
0
0
0
0
0
0
0
0
0
0
0
0
0
0
0
0
0
0
0
0
0
0
0
0
0
0
0
0
0
0
0
0
0
0
0
0
0
0
0
0
0
0
0
0
0
0
0
0
0
0
0
0
0
0
0
0
0
0
0
0
0
0
0
0
0
0
0
0
0
0
0
0
0
0
0
0
0
0
0
0
0
0
0
0
0
0
0
0
0
0
0
0
0
0
0
0
0
0
0
0
0
0
0
0
0
0
0
0
0
0
0
0
0
0
0
0
0
0
0
0
0
0
0
0
0
0
0
0
0
0
0
0
0
0
0
0
0
0
0
0
0
0
0
0
0
0
0
0
0
0
0
0
0
0
0
0
0
0
0
0
0
0
0
0
0
0
0
0
0
0
0
0
0
0
0
0
0
0
0
0
0
0
0
0
0
0
0
0
0
0
0
0
0
0
0
0
0
0
0
0
0
0
0
0
0
0
0
0
0
0
0
0
0
0
0
0
0
0
0
0
0
0
0
0
0
0
0
0
0
0
0
0
0
0
0
0
0
0
0
0
0
0
0
0
0
0
0
0
0
0
0
0
0
0
0
0
0
0
0
0
0
0
0
0
0
0
0
0
0
0
0
0
0
0
0
0
0
0
0
0
0
0
0
0
0
0
0
0
0
0
0
0
0
0
0
0
0
0
0
0
0
0
0
0
0
0
0
0
0
0
0
0
0
0
0
0
0
0
0
0
0
0
0
0
0
0
0
0
0
0
0
0
0
0
0
0
0
0
0
0
0
0
0
0
0
0
0
0
0
0
0
0
0
0
0
0
0
0
0
0
0
0
0
0
0
0
0
0
0
0
0
0
0
0
0
0
0
0
0
0
0
0
0
0
0
0
0
0
0
0
0
0
0
0
0
0
0
0
0
0
0
0
0
0
0
0
0
0
0
0
0
0
0
0
0
0
0
0
0
0
0
0
0
0
0
0
0
0
0
0
0
0
0
0
0
0
0
0
0
0
0
0
0
0
0
0
0
0
0
0
0
0
0
0
0
0
0
0
0
0
0
0
0
0
0
0
0
0
0
0
0
0
0
0
0
0
0
0
0
0
0
0
0
0
0
0
0
0
0
0
0
0
0
0
0
0
0
0
0
0
0
0
0
0
0
0
0
0
0
0
0
0
0
0
0
0
0
0
0
0
0
0
0
0
0
0
0
0
0
0
0
0
0
0
0
0
0
0
0
0
0
0
0
0
0
0
0
0
0
0
0
0
0
0
0
0
0
0
0
0
0
0
0
0
0
0
0
0
0
0
0
0
0
0
0
0
0
0
0
0
0
0
0
0
0
0
0
0
0
0
0
0
0
0
0
0
0
0
0
0
0
0
0
0
0
0
0
0
0
0
0
0
0
0
0
0
0
0
0
0
0
0
0
0
0
0
0
0
0
0
0
0
0
0
0
0
0
0
0
0
0
0
0
0
0
0
0
0
0
0
0
0
0
0
0
0
0
0
0
0
0
0
0
0
0
0
0
0
0
0
0
0
0
0
0
0
0
0
0
0
0
0
0
0
0
0
0
0
0
0
0
0
0
0
0
0
0
0
0
0
0
0
0
0
0
0
0
0
0
0
0
0
0
0
0
0
0
0
0
0
0
0
0
0
0
0
0
0
0
0
0
0
0
0
0
0
0
0
0
0
0
0
0
0
0
0
0
0
0
0
0
0
0
0
0
0
0
0
0
0
0
0
0
0
0
0
0
0
0
0
0
0
0
0
0
0
0
0
0
0
0
0
0
0
0
0
0
0
0
0
0
0
0
0
0
0
0
0
0
0
0
0
0
0
0
0
0
0
0
0
0
0
0
0
0
0
0
0
0
0
0
0
0
0
0
0
0
0
0
0
0
0
0
0
0
0
0
0
0
0
0
0
0
0
0
0
0
0
0
0
0
0
0
0
0
0
0
0
0
0
0
0
0
0
0
0
0
0
0
0
0
0
0
0
0
0
0
0
0
0
0
0
0
0
0
0
0
0
0
0
0
0
0
0
0
0
0
0
0
0
0
0
0
0
0
0
0
0
0
0
0
0
0
0
0
0
0
0
0
0
0
0
0
0
0
0
0
0
0
0
0
0
0
0
0
0
0
0
0
0
0
0
0
0
0
0
0
0
0
0
0
0
0
0
0
0
0
0
0
0
0
0
0
0
0
0
0
0
0
0
0
0
0
0
0
0
0
0
0
0
0
0
0
0
0
0
0
0
0
0
0
0
0
0
0
0
0
0
0
0
0
0
0
0
0
0
0
0
0
0
0
0
0
0
0
0
0
0
0
0
0
0
0
0
0
0
0
0
0
0
0
0
0
0
0
0
0
0
0
0
0
0
0
0
0
0
0
0
0
0
0
0
0
0
0
0
0
0
0
0
0
0
0
0
0
0
0
0
0
0
0
0
0
0
0
0
0
0
0
0
0
0
0
0
0
0
0
0
0
0
0
0
0
0
0
0
0
0
0
0
0
0
0
0
0
0
0
0
0
0
0
0
0
0
0
0
0
0
0
0
0
0
0
0
0
0
0
0
0
0
0
0
0
0
0
0
0
0
0
0
0
0
0
0
0
0
0
0
0
0
0
0
0
0
0
0
0
0
0
0
0
0
0
0
0
0
0
0
0
0
0
0
0
0
0
0
0
0
0
0
0
0
0
0
0
0
0
0
0
0
0
0
0
0
0
0
0
0
0
0
0
0
0
0
0
0
0
0
0
0
0
0
0
0
0
0
0
0
0
0
0
0
0
0
0
0
0
0
0
0
0
0
0
0
0
0
0
0
0
0
0
0
0
0
0
0
0
0
0
0
0
0
0
0
0
0
0
0
0
0
0
0
0
0
0
0
0
0
0
0
0
0
0
0
0
0
0
0
0
0
0
0
0
0
0
0
0
0
0
0
0
0
0
0
0
0
0
0
0
0
0
0
0
0
0
0
0
0
0
0
0
0
0
0
0
0
0
0
0
0
0
0
0
0
0
0
0
0
0
0
0
0
0
0
0
0
0
0
0
0
0
0
0
0
0
0
0
0
0
0
0
0
0
0
0
0
0
0
0
0
0
0
0
0
0
0
0
0
0
0
0
0
0
0
0
0
0
0
0
0
0
0
0
0
0
0
0
0
0
0
0
0
0
0
0
0
0
0
0
0
0
0
0
0
0
0
0
0
0
0
0
0
0
0
0
0
0
0
0
0
0
0
0
0
0
0
0
0
0
0
0
0
0
0
0
0
0
0
0
0
0
0
0
0
0
0
0
0
0
0
0
0
0
0
0
0
0
0
0
0
0
0
0
0
0
0
0
0
0
0
0
0
0
0
0
0
0
0
0
0
0
0
0
0
0
0
0
0
0
0
0
0
0
0
0
0
0
0
0
0
0
0
0
0
0
0
0
0
0
0
0
0
0
0
0
0
0
0
0
0
0
0
0
0
0
0
0
0
0
0
0
0
0
0
0
0
0
0
0
0
0
0
0
0
0
0
0
0
0
0
0
0
0
0
0
0
0
0
0
0
0
0
0
0
0
0
0
0
0
0
0
0
0
0
0
0
0
0
0
0
0
0
0
0
0
0
0
0
0
0
0
0
0
0
0
0
0
0
0
0
0
0
0
0
0
0
0
0
0
0
0
0
0
0
0
0
0
0
0
0
0
0
0
0
0
0
0
0
0
0
0
0
0
0
0
0
0
0
0
0
0
0
0
0
0
0
0
0
0
0
0
0
0
0
0
0
0
0
0
0
0
0
0
0
0
0
0
0
0
0
0
0
0
0
0
0
0
0
0
0
0
0
0
0
0
0
0
0
0
0
0
0
0
0
0
0
0
0
0
0
0
0
0
0
0
0
0
0
0
0
0
0
0
0
0
0
0
0
0
0
0
0
0
0
0
0
0
0
0
0
0
0
0
0
0
0
0
0
0
0
0
0
0
0
0
0
0
0
0
0
0
0
0
0
0
0
0
0
0
0
0
0
0
0
0
0
0
0
0
0
0
0
0
0
0
0
0
0
0
0
0
0
0
0
0
0
0
0
0
0
0
0
0
0
0
0
0
0
0
0
0
0
0
0
0
0
0
0
0
0
0
0
0
0
0
0
0
0
0
0
0
0
0
0
0
0
0
0
0
0
0
0
0
0
0
0
0
0
0
0
0
0
0
0
0
0
0
0
0
0
0
0
0
0
0
0
0
0
0
0
0
0
0
0
0
0
0
0
0
0
0
0
0
0
0
0
0
0
0
0
0
0
0
0
0
0
0
0
0
0
0
0
0
0
0
0
0
0
0
0
0
0
0
0
0
0
0
0
0
0
0
0
0
0
0
0
0
0
0
0
0
0
0
0
0
0
0
0
0
0
0
0
0
0
0
0
0
0
0
0
0
0
0
0
0
0
0
0
0
0
0
0
0
0
0
0
0
0
0
0
0
0
0
0
0
0
0
0
0
0
0
0
0
0
0
0
0
0
0
0
0
0
0
0
0
0
0
0
0
0
0
0
0
0
0
0
0
0
0
0
0
0
0
0
0
0
0
0
0
0
0
0
0
0
0
0
0
0
0
0
0
0
0
0
0
0
0
0
0
0
0
0
0
0
0
0
0
0
0
0
0
0
0
0
0
0
0
0
0
0
0
0
0
0
0
0
0
0
0
0
0
0
0
0
0
0
0
0
0
0
0
0
0
0
0
0
0
0
0
0
0
0
0
0
0
0
0
0
0
0
0
0
0
0
0
0
0
0
0
0
0
0
0
0
0
0
0
0
0
0
0
0
0
0
0
0
0
0
0
0
0
0
0
0
0
0
0
0
0
0
0
0
0
0
0
0
0
0
0
0
0
0
0
0
0
0
0
0
0
0
0
0
0
0
0
0
0
0
0
0
0
0
0
0
0
0
0
0
0
0
0
0
0
0
0
0
0
0
0
0
0
0
0
0
0
0
0
0
0
0
0
0
0
0
0
0
0
0
0
0
0
0
0
0
0
0
0
0
0
0
0
0
0
0
0
0
0
0
0
0
0
0
0
0
0
0
0
0
0
0
0
0
0
0
0
0
0
0
0
0
0
0
0
0
0
0
0
0
0
0
0
0
0
0
0
0
0
0
0
0
0
0
0
0
0
0
0
0
0
0
0
0
0
0
0
0
0
0
0
0
0
0
0
0
0
0
0
0
0
0
0
0
0
0
0
0
0
0
0
0
0
0
0
0
0
0
0
0
0
0
0
0
0
0
0
0
0
0
0
0
0
0
0
0
0
0
0
0
0
0
0
0
0
0
0
0
0
0
0
0
0
0
0
0
0
0
0
0
0
0
0
0
0
0
0
0
0
0
0
0
0
0
0
0
0
0
0
0
0
0
0
0
0
0
0
0
0
0
0
0
0
0
0
0
0
0
0
0
0
0
0
0
0
0
0
0
0
0
0
0
0
0
0
0
0
0
0
0
0
0
0
0
0
0
0
0
0
0
0
0
0
0
0
0
0
0
0
0
0
0
0
0
0
0
0
0
0
0
0
0
0
0
0
0
0
0
0
0
0
0
0
0
0
0
0
0
0
0
0
0
0
0
0
0
0
0
0
0
0
0
0
0
0
0
0
0
0
0
0
0
0
0
0
0
0
0
0
0
0
0
0
0
0
0
0
0
0
0
0
0
0
0
0
0
0
0
0
0
0
0
0
0
0
0
0
0
0
0
0
0
0
0
0
0
0
0
0
0
0
0
0
0
0
0
0
0
0
0
0
0
0
0
0
0
0
0
0
0
0
0
0
0
0
0
0
0
0
0
0
0
0
0
0
0
0
0
0
0
0
0
0
0
0
0
0
0
0
0
0
0
0
0
0
0
0
0
0
0
0
0
0
0
0
0
0
0
0
0
0
0
0
0
0
0
0
0
0
0
0
0
0
0
0
0
0
0
0
0
0
0
0
0
0
0
0
0
0
0
0
0
0
0
0
0
0
0
0
0
0
0
0
0
0
0
0
0
0
0
0
0
0
0
0
0
0
0
0
0
0
0
0
0
0
0
0
0
0
0
0
0
0
0
0
0
0
0
0
0
0
0
0
0
0
0
0
0
0
0
0
0
0
0
0
0
0
0
0
0
0
0
0
0
0
0
0
0
0
0
0
0
0
0
0
0
0
0
0
0
0
0
0
0
0
0
0
0
0
0
0
0
0
0
0
0
0
0
0
0
0
0
0
0
0
0
0
0
0
0
0
0
0
0
0
0
0
0
0
0
0
0
0
0
0
0
0
0
0
0
0
0
0
0
0
0
0
0
0
0
0
0
0
0
0
0
0
0
0
0
0
0
0
0
0
0
0
0
0
0
0
0
0
0
0
0
0
0
0
0
0
0
0
0
0
0
0
0
0
0
0
0
0
0
0
0
0
0
0
0
0
0
0
0
0
0
0
0
0
0
0
0
0
0
0
0
0
0
0
0
0
0
0
0
0
0
0
0
0
0
0
0
0
0
0
0
0
0
0
0
0
0
0
0
0
0
0
0
0
0
0
0
0
0
0
0
0
0
0
0
0
0
0
0
0
0
0
0
0
0
0
0
0
0
0
0
0
0
0
0
0
0
0
0
0
0
0
0
0
0
0
0
0
0
0
0
0
0
0
0
0
0
0
0
0
0
0
0
0
0
0
0
0
0
0
0
0
0
0
0
0
0
0
0
0
0
0
0
0
0
0
0
0
0
0
0
0
0
0
0
0
0
0
0
0
0
0
0
0
0
0
0
0
0
0
0
0
0
0
0
0
0
0
0
0
0
0
0
0
0
0
0
0
0
0
0
0
0
0
0
0
0
0
0
0
0
0
0
0
0
0
0
0
0
0
0
0
0
0
0
0
0
0
0
0
0
0
0
0
0
0
0
0
0
0
0
0
0
0
0
0
0
0
0
0
0
0
0
0
0
0
0
0
0
0
0
0
0
0
0
0
0
0
0
0
0
0
0
0
0
0
0
0
0
0
0
0
0
0
0
0
0
0
0
0
0
0
0
0
0
0
0
0
0
0
0
0
0
0
0
0
0
0
0
0
0
0
0
0
0
0
0
0
0
0
0
0
0
0
0
0
0
0
0
0
0
0
0
0
0
0
0
0
0
0
0
0
0
0
0
0
0
0
0
0
0
0
0
0
0
0
0
0
0
0
0
0
0
0
0
0
0
0
0
0
0
0
0
0
0
0
0
0
0
0
0
0
0
0
0
0
0
0
0
0
0
0
0
0
0
0
0
0
0
0
0
0
0
0
0
0
0
0
0
0
0
0
0
0
0
0
0
0
0
0
0
0
0
0
0
0
0
0
0
0
0
0
0
0
0
0
0
0
0
0
0
0
0
0
0
0
0
0
0
0
0
0
0
0
0
0
0
0
0
0
0
0
0
0
0
0
0
0
0
0
0
0
0
0
0
0
0
0
0
0
0
0
0
0
0
0
0
0
0
0
0
0
0
0
0
0
0
0
0
0
0
0
0
0
0
0
0
0
0
0
0
0
0
0
0
0
0
0
0
0
0
0
0
0
0
0
0
0
0
0
0
0
0
0
0
0
0
0
0
0
0
0
0
0
0
0
0
0
0
0
0
0
0
0
0
0
0
0
0
0
0
0
0
0
0
0
0
0
0
0
0
0
0
0
0
0
0
0
0
0
0
0
0
0
0
0
0
0
0
0
0
0
0
0
0
0
0
0
0
0
0
0
0
0
0
0
0
0
0
0
0
0
0
0
0
0
0
0
0
0
0
0
0
0
0
0
0
0
0
0
0
0
0
0
0
0
0
0
0
0
0
0
0
0
0
0
0
0
0
0
0
0
0
0
0
0
0
0
0
0
0
0
0
0
0
0
0
0
0
0
0
0
0
0
0
0
0
0
0
0
0
0
0
0
0
0
0
0
0
0
0
0
0
0
0
0
0
0
0
0
0
0
0
0
0
0
0
0
0
0
0
0
0
0
0
0
0
0
0
0
0
0
0
0
0
0
0
0
0
0
0
0
0
0
0
0
0
0
0
0
0
0
0
0
0
0
0
0
0
0
0
0
0
0
0
0
0
0
0
0
0
0
0
0
0
0
0
0
0
0
0
0
0
0
0
0
0
0
0
0
0
0
0
0
0
0
0
0
0
0
0
0
0
0
0
0
0
0
0
0
0
0
0
0
0
0
0
0
0
0
0
0
0
0
0
0
0
0
0
0
0
0
0
0
0
0
0
0
0
0
0
0
0
0
0
0
0
0
0
0
0
0
0
0
0
0
0
0
0
0
0
0
0
0
0
0
0
0
0
0
0
0
0
0
0
0
0
0
0
0
0
0
0
0
0
0
0
0
0
0
0
0
0
0
0
0
0
0
0
0
0
0
0
0
0
0
0
0
0
0
0
0
0
0
0
0
0
0
0
0
0
0
0
0
0
0
0
0
0
0
0
0
0
0
0
0
0
0
0
0
0
0
0
0
0
0
0
0
0
0
0
0
0
0
0
0
0
0
0
0
0
0
0
0
0
0
0
0
0
0
0
0
0
0
0
0
0
0
0
0
0
0
0
0
0
0
0
0
0
0
0
0
0
0
0
0
0
0
0
0
0
0
0
0
0
0
0
0
0
0
0
0
0
0
0
0
0
0
0
0
0
0
0
0
0
0
0
0
0
0
0
0
0
0
0
0
0
0
0
0
0
0
0
0
0
0
0
0
0
0
0
0
0
0
0
0
0
0
0
0
0
0
0
0
0
0
0
0
0
0
0
0
0
0
0
0
0
0
0
0
0
0
0
0
0
0
0
0
0
0
0
0
0
0
0
0
0
0
0
0
0
0
0
0
0
0
0
0
0
0
0
0
0
0
0
0
0
0
0
0
0
0
0
0
0
0
0
0
0
0
0
0
0
0
0
0
0
0
0
0
0
0
0
0
0
0
0
0
0
0
0
0
0
0
0
0
0
0
0
0
0
0
0
0
0
0
0
0
0
0
0
0
0
0
0
0
0
0
0
0
0
0
0
0
0
0
0
0
0
0
0
0
0
0
0
0
0
0
0
0
0
0
0
0
0
0
0
0
0
0
0
0
0
0
0
0
0
0
0
0
0
0
0
0
0
0
0
0
0
0
0
0
0
0
0
0
0
0
0
0
0
0
0
0
0
0
0
0
0
0
0
0
0
0
0
0
0
0
0
0
0
0
0
0
0
0
0
0
0
0
0
0
0
0
0
0
0
0
0
0
0
0
0
0
0
0
0
0
0
0
0
0
0
0
0
0
0
0
0
0
0
0
0
0
0
0
0
0
0
0
0
0
0
0
0
0
0
0
0
0
0
0
0
0
0
0
0
0
0
0
0
0
0
0
0
0
0
0
0
0
0
0
0
0
0
0
0
0
0
0
0
0
0
0
0
0
0
0
0
0
0
0
0
0
0
0
0
0
0
0
0
0
0
0
0
0
0
0
0
0
0
0
0
0
0
0
0
0
0
0
0
0
0
0
0
0
0
0
0
0
0
0
0
0
0
0
0
0
0
0
0
0
0
0
0
0
0
0
0
0
0
0
0
0
0
0
0
0
0
0
0
0
0
0
0
0
0
0
0
0
0
0
0
0
0
0
0
0
0
0
0
0
0
0
0
0
0
0
0
0
0
0
0
0
0
0
0
0
0
0
0
0
0
0
0
0
0
0
0
0
0
0
0
0
0
0
0
0
0
0
0
0
0
0
0
0
0
0
0
0
0
0
0
0
0
0
0
0
0
0
0
0
0
0
0
0
0
0
0
0
0
0
0
0
0
0
0
0
0
0
0
0
0
0
0
0
0
0
0
0
0
0
0
0
0
0
0
0
0
0
0
0
0
0
0
0
0
0
0
0
0
0
0
0
0
0
0
0
0
0
0
0
0
0
0
0
0
0
0
0
0
0
0
0
0
0
0
0
0
0
0
0
0
0
0
0
0
0
0
0
0
0
0
0
0
0
0
0
0
0
0
0
0
0
0
0
0
0
0
0
0
0
0
0
0
0
0
0
0
0
0
0
0
0
0
0
0
0
0
0
0
0
0
0
0
0
0
0
0
0
0
0
0
0
0
0
0
0
0
0
0
0
0
0
0
0
0
0
0
0
0
0
0
0
0
0
0
0
0
0
0
0
0
0
0
0
0
0
0
0
0
0
0
0
0
0
0
0
0
0
0
0
0
0
0
0
0
0
0
0
0
0
0
0
0
0
0
0
0
0
0
0
0
0
0
0
0
0
0
0
0
0
0
0
0
0
0
0
0
0
0
0
0
0
0
0
0
0
0
0
0
0
0
0
0
0
0
0
0
0
0
0
0
0
0
0
0
0
0
0
0
0
0
0
0
0
0
0
0
0
0
0
0
0
0
0
0
0
0
0
0
0
0
0
0
0
0
0
0
0
0
0
0
0
0
0
0
0
0
0
0
0
0
0
0
0
0
0
0
0
0
0
0
0
0
0
0
0
0
0
0
0
0
0
0
0
0
0
0
0
0
0
0
0
0
0
0
0
0
0
0
0
0
0
0
0
0
0
0
0
0
0
0
0
0
0
0
0
0
0
0
0
0
0
0
0
0
0
0
0
0
0
0
0
0
0
0
0
0
0
0
0
0
0
0
0
0
0
0
0
0
0
0
0
0
0
0
0
0
0
0
0
0
0
0
0
0
0
0
0
0
0
0
0
0
0
0
0
0
0
0
0
0
0
0
0
0
0
0
0
0
0
0
0
0
0
0
0
0
0
0
0
0
0
0
0
0
0
0
0
0
0
0
0
0
0
0
0
0
0
0
0
0
0
0
0
0
0
0
0
0
0
0
0
0
0
0
0
0
0
0
0
0
0
0
0
0
0
0
0
0
0
0
0
0
0
0
0
0
0
0
0
0
0
0
0
0
0
0
0
0
0
0
0
0
0
0
0
0
0
0
0
0
0
0
0
0
0
0
0
0
0
0
0
0
0
0
0
0
0
0
0
0
0
0
0
0
0
0
0
0
0
0
0
0
0
0
0
0
0
0
0
0
0
0
0
0
0
0
0
0
0
0
0
0
0
0
0
0
0
0
0
0
0
0
0
0
0
0
0
0
0
0
0
0
0
0
0
0
0
0
0
0
0
0
0
0
0
0
0
0
0
0
0
0
0
0
0
0
0
0
0
0
0
0
0
0
0
0
0
0
0
0
0
0
0
0
0
0
0
0
0
0
0
0
0
0
0
0
0
0
0
0
0
0
0
0
0
0
0
0
0
0
0
0
0
0
0
0
0
0
0
0
0
0
0
0
0
0
0
0
0
0
0
0
0
0
0
0
0
0
0
0
0
0
0
0
0
0
0
0
0
0
0
0
0
0
0
0
0
0
0
0
0
0
0
0
0
0
0
0
0
0
0
0
0
0
0
0
0
0
0
0
0
0
0
0
0
0
0
0
0
0
0
0
0
0
0
0
0
0
0
0
0
0
0
0
0
0
0
0
0
0
0
0
0
0
0
0
0
0
0
0
0
0
0
0
0
0
0
0
0
0
0
0
0
0
0
0
0
0
0
0
0
0
0
0
0
0
0
0
0
0
0
0
0
0
0
0
0
0
0
0
0
0
0
0
0
0
0
0
0
0
0
0
0
0
0
0
0
0
0
0
0
0
0
0
0
0
0
0
0
0
0
0
0
0
0
0
0
0
0
0
0
0
0
0
0
0
0
0
0
0
0
0
0
0
0
0
0
0
0
0
0
0
0
0
0
0
0
0
0
0
0
0
0
0
0
0
0
0
0
0
0
0
0
0
0
0
0
0
0
0
0
0
0
0
0
0
0
0
0
0
0
0
0
0
0
0
0
0
0
0
0
0
0
0
0
0
0
0
0
0
0
0
0
0
0
0
0
0
0
0
0
0
0
0
0
0
0
0
0
0
0
0
0
0
0
0
0
0
0
0
0
0
0
0
0
0
0
0
0
0
0
0
0
0
0
0
0
0
0
0
0
0
0
0
0
0
0
0
0
0
0
0
0
0
0
0
0
0
0
0
0
0
0
0
0
0
0
0
0
0
0
0
0
0
0
0
0
0
0
0
0
0
0
0
0
0
0
0
0
0
0
0
0
0
0
0
0
0
0
0
0
0
0
0
0
0
0
0
0
0
0
0
0
0
0
0
0
0
0
0
0
0
0
0
0
0
0
0
0
0
0
0
0
0
0
0
0
0
0
0
0
0
0
0
0
0
0
0
0
0
0
0
0
0
0
0
0
0
0
0
0
0
0
0
0
0
0
0
0
0
0
0
0
0
0
0
0
0
0
0
0
0
0
0
0
0
0
0
0
0
0
0
0
0
0
0
0
0
0
0
0
0
0
0
0
0
0
0
0
0
0
0
0
0
0
0
0
0
0
0
0
0
0
0
0
0
0
0
0
0
0
0
0
0
0
0
0
0
0
0
0
0
0
0
0
0
0
0
0
0
0
0
0
0
0
0
0
0
0
0
0
0
0
0
0
0
0
0
0
0
0
0
0
0
0
0
0
0
0
0
0
0
0
0
0
0
0
0
0
0
0
0
0
0
0
0
0
0
0
0
0
0
0
0
0
0
0
0
0
0
0
0
0
0
0
0
0
0
0
0
0
0
0
0
0
0
0
0
0
0
0
0
0
0
0
0
0
0
0
0
0
0
0
0
0
0
0
0
0
0
0
0
0
0
0
0
0
0
0
0
0
0
0
0
0
0
0
0
0
0
0
0
0
0
0
0
0
0
0
0
0
0
0
0
0
0
0
0
0
0
0
0
0
0
0
0
0
0
0
0
0
0
0
0
0
0
0
0
0
0
0
0
0
0
0
0
0
0
0
0
0
0
0
0
0
0
0
0
0
0
0
0
0
0
0
0
0
0
0
0
0
0
0
0
0
0
0
0
0
0
0
0
0
0
0
0
0
0
0
0
0
0
0
0
0
0
0
0
0
0
0
0
0
0
0
0
0
0
0
0
0
0
0
0
0
0
0
0
0
0
0
0
0
0
0
0
0
0
0
0
0
0
0
0
0
0
0
0
0
0
0
0
0
0
0
0
0
0
0
0
0
0
0
0
0
0
0
0
0
0
0
0
0
0
0
0
0
0
0
0
0
0
0
0
0
0
0
0
0
0
0
0
0
0
0
0
0
0
0
0
0
0
0
0
0
0
0
0
0
0
0
0
0
0
0
0
0
0
0
0
0
0
0
0
0
0
0
0
0
0
0
0
0
0
0
0
0
0
0
0
0
0
0
0
0
0
0
0
0
0
0
0
0
0
0
0
0
0
0
0
0
0
0
0
0
0
0
0
0
0
0
0
0
0
0
0
0
0
0
0
0
0
0
0
0
0
0
0
0
0
0
0
0
0
0
0
0
0
0
0
0
0
0
0
0
0
0
0
0
0
0
0
0
0
0
0
0
0
0
0
0
0
0
0
0
0
0
0
0
0
0
0
0
0
0
0
0
0
0
0
0
0
0
0
0
0
0
0
0
0
0
0
0
0
0
0
0
0
0
0
0
0
0
0
0
0
0
0
0
0
0
0
0
0
0
0
0
0
0
0
0
0
0
0
0
0
0
0
0
0
0
0
0
0
0
0
0
0
0
0
0
0
0
0
0
0
0
0
0
0
0
0
0
0
0
0
0
0
0
0
0
0
0
0
0
0
0
0
0
0
0
0
0
0
0
0
0
0
0
0
0
0
0
0
0
0
0
0
0
0
0
0
0
0
0
0
0
0
0
0
0
0
0
0
0
0
0
0
0
0
0
0
0
0
0
0
0
0
0
0
0
0
0
0
0
0
0
0
0
0
0
0
0
0
0
0
0
0
0
0
0
0
0
0
0
0
0
0
0
0
0
0
0
0
0
0
0
0
0
0
0
0
0
0
0
0
0
0
0
0
0
0
0
0
0
0
0
0
0
0
0
0
0
0
0
0
0
0
0
0
0
0
0
0
0
0
0
0
0
0
0
0
0
0
0
0
0
0
0
0
0
0
0
0
0
0
0
0
0
0
0
0
0
0
0
0
0
0
0
0
0
0
0
0
0
0
0
0
0
0
0
0
0
0
0
0
0
0
0
0
0
0
0
0
0
0
0
0
0
0
0
0
0
0
0
0
0
0
0
0
0
0
0
0
0
0
0
0
0
0
0
0
0
0
0
0
0
0
0
0
0
0
0
0
0
0
0
0
0
0
0
0
0
0
0
0
0
0
0
0
0
0
0
0
0
0
0
0
0
0
0
0
0
0
0
0
0
0
0
0
0
0
0
0
0
0
0
0
0
0
0
0
0
0
0
0
0
0
0
0
0
0
0
0
0
0
0
0
0
0
0
0
0
0
0
0
0
0
0
0
0
0
0
0
0
0
0
0
0
0
0
0
0
0
0
0
0
0
0
0
0
0
0
0
0
0
0
0
0
0
0
0
0
0
0
0
0
0
0
0
0
0
0
0
0
0
0
0
0
0
0
0
0
0
0
0
0
0
0
0
0
0
0
0
0
0
0
0
0
0
0
0
0
0
0
0
0
0
0
0
0
0
0
0
0
0
0
0
0
0
0
0
0
0
0
0
0
0
0
0
0
0
0
0
0
0
0
0
0
0
0
0
0
0
0
0
0
0
0
0
0
0
0
0
0
0
0
0
0
0
0
0
0
0
0
0
0
0
0
0
0
0
0
0
0
0
0
0
0
0
0
0
0
0
0
0
0
0
0
0
0
0
0
0
0
0
0
0
0
0
0
0
0
0
0
0
0
0
0
0
0
0
0
0
0
0
0
0
0
0
0
0
0
0
0
0
0
0
0
0
0
0
0
0
0
0
0
0
0
0
0
0
0
0
0
0
0
0
0
0
0
0
0
0
0
0
0
0
0
0
0
0
0
0
0
0
0
0
0
0
0
0
0
0
0
0
0
0
0
0
0
0
0
0
0
0
0
0
0
0
0
0
0
0
0
0
0
0
0
0
0
0
0
0
0
0
0
0
0
0
0
0
0
0
0
0
0
0
0
0
0
0
0
0
0
0
0
0
0
0
0
0
0
0
0
0
0
0
0
0
0
0
0
0
0
0
0
0
0
0
0
0
0
0
0
0
0
0
0
0
0
0
0
0
0
0
0
0
0
0
0
0
0
0
0
0
0
0
0
0
0
0
0
0
0
0
0
0
0
0
0
0
0
0
0
0
0
0
0
0
0
0
0
0
0
0
0
0
0
0
0
0
0
0
0
0
0
0
0
0
0
0
0
0
0
0
0
0
0
0
0
0
0
0
0
0
0
0
0
0
0
0
0
0
0
0
0
0
0
0
0
0
0
0
0
0
0
0
0
0
0
0
0
0
0
0
0
0
0
0
0
0
0
0
0
0
0
0
0
0
0
0
0
0
0
0
0
0
0
0
0
0
0
0
0
0
0
0
0
0
0
0
0
0
0
0
0
0
0
0
0
0
0
0
0
0
0
0
0
0
0
0
0
0
0
0
0
0
0
0
0
0
0
0
0
0
0
0
0
0
0
0
0
0
0
0
0
0
0
0
0
0
0
0
0
0
0
0
0
0
0
0
0
0
0
0
0
0
0
0
0
0
0
0
0
0
0
0
0
0
0
0
0
0
0
0
0
0
0
0
0
0
0
0
0
0
0
0
0
0
0
0
0
0
0
0
0
0
0
0
0
0
0
0
0
0
0
0
0
0
0
0
0
0
0
0
0
0
0
0
0
0
0
0
0
0
0
0
0
0
0
0
0
0
0
0
0
0
0
0
0
0
0
0
0
0
0
0
0
0
0
0
0
0
0
0
0
0
0
0
0
0
0
0
0
0
0
0
0
0
0
0
0
0
0
0
0
0
0
0
0
0
0
0
0
0
0
0
0
0
0
0
0
0
0
0
0
0
0
0
0
0
0
0
0
0
0
0
0
0
0
0
0
0
0
0
0
0
0
0
0
0
0
0
0
0
0
0
0
0
0
0
0
0
0
0
0
0
0
0
0
0
0
0
0
0
0
0
0
0
0
0
0
0
0
0
0
0
0
0
0
0
0
0
0
0
0
0
0
0
0
0
0
0
0
0
0
0
0
0
0
0
0
0
0
0
0
0
0
0
0
0
0
0
0
0
0
0
0
0
0
0
0
0
0
0
0
0
0
0
0
0
0
0
0
0
0
0
0
0
0
0
0
0
0
0
0
0
0
0
0
0
0
0
0
0
0
0
0
0
0
0
0
0
0
0
0
0
0
0
0
0
0
0
0
0
0
0
0
0
0
0
0
0
0
0
0
0
0
0
0
0
0
0
0
0
0
0
0
0
0
0
0
0
0
0
0
0
0
0
0
0
0
0
0
0
0
0
0
0
0
0
0
0
0
0
0
0
0
0
0
0
0
0
0
0
0
0
0
0
0
0
0
0
0
0
0
0
0
0
0
0
0
0
0
0
0
0
0
0
0
0
0
0
0
0
0
0
0
0
0
0
0
0
0
0
0
0
0
0
0
0
0
0
0
0
0
0
0
0
0
0
0
0
0
0
0
0
0
0
0
0
0
0
0
0
0
0
0
0
0
0
0
0
0
0
0
0
0
0
0
0
0
0
0
0
0
0
0
0
0
0
0
0
0
0
0
0
0
0
0
0
0
0
0
0
0
0
0
0
0
0
0
0
0
0
0
0
0
0
0
0
0
0
0
0
0
0
0
0
0
0
0
0
0
0
0
0
0
0
0
0
0
0
0
0
0
0
0
0
0
0
0
0
0
0
0
0
0
0
0
0
0
0
0
0
0
0
0
0
0
0
0
0
0
0
0
0
0
0
0
0
0
0
0
0
0
0
0
0
0
0
0
0
0
0
0
0
0
0
0
0
0
0
0
0
0
0
0
0
0
0
0
0
0
0
0
0
0
0
0
0
0
0
0
0
0
0
0
0
0
0
0
0
0
0
0
0
0
0
0
0
0
0
0
0
0
0
0
0
0
0
0
0
0
0
0
0
0
0
0
0
0
0
0
0
0
0
0
0
0
0
0
0
0
0
0
0
0
0
0
0
0
0
0
0
0
0
0
0
0
0
0
0
0
0
0
0
0
0
0
0
0
0
0
0
0
0
0
0
0
0
0
0
0
0
0
0
0
0
0
0
0
0
0
0
0
0
0
0
0
0
0
0
0
0
0
0
0
0
0
0
0
0
0
0
0
0
0
0
0
0
0
0
0
0
0
0
0
0
0
0
0
0
0
0
0
0
0
0
0
0
0
0
0
0
0
0
0
0
0
0
0
0
0
0
0
0
0
0
0
0
0
0
0
0
0
0
0
0
0
0
0
0
0
0
0
0
0
0
0
0
0
0
0
0
0
0
0
0
0
0
0
0
0
0
0
0
0
0
0
0
0
0
0
0
0
0
0
0
0
0
0
0
0
0
0
0
0
0
0
0
0
0
0
0
0
0
0
0
0
0
0
0
0
0
0
0
0
0
0
0
0
0
0
0
0
0
0
0
0
0
0
0
0
0
0
0
0
0
0
0
0
0
0
0
0
0
0
0
0
0
0
0
0
0
0
0
0
0
0
0
0
0
0
0
0
0
0
0
0
0
0
0
0
0
0
0
0
0
0
0
0
0
0
0
0
0
0
0
0
0
0
0
0
0
0
0
0
0
0
0
0
0
0
0
0
0
0
0
0
0
0
0
0
0
0
0
0
0
0
0
0
0
0
0
0
0
0
0
0
0
0
0
0
0
0
0
0
0
0
0
0
0
0
0
0
0
0
0
0
0
0
0
0
0
0
0
0
0
0
0
0
0
0
0
0
0
0
0
0
0
0
0
0
0
0
0
0
0
0
0
0
0
0
0
0
0
0
0
0
0
0
0
0
0
0
0
0
0
0
0
0
0
0
0
0
0
0
0
0
0
0
0
0
0
0
0
0
0
0
0
0
0
0
0
0
0
0
0
0
0
0
0
0
0
0
0
0
0
0
0
0
0
0
0
0
0
0
0
0
0
0
0
0
0
0
0
0
0
0
0
0
0
0
0
0
0
0
0
0
0
0
0
0
0
0
0
0
0
0
0
0
0
0
0
0
0
0
0
0
0
0
0
0
0
0
0
0
0
0
0
0
0
0
0
0
0
0
0
0
0
0
0
0
0
0
0
0
0
0
0
0
0
0
0
0
0
0
0
0
0
0
0
0
0
0
0
0
0
0
0
0
0
0
0
0
0
0
0
0
0
0
0
0
0
0
0
0
0
0
0
0
0
0
0
0
0
0
0
0
0
0
0
0
0
0
0
0
0
0
0
0
0
0
0
0
0
0
0
0
0
0
0
0
0
0
0
0
0
0
0
0
0
0
0
0
0
0
0
0
0
0
0
0
0
0
0
0
0
0
0
0
0
0
0
0
0
0
0
0
0
0
0
0
0
0
0
0
0
0
0
0
0
0
0
0
0
0
0
0
0
0
0
0
0
0
0
0
0
0
0
0
0
0
0
0
0
0
0
0
0
0
0
0
0
0
0
0
0
0
0
0
0
0
0
0
0
0
0
0
0
0
0
0
0
0
0
0
0
0
0
0
0
0
0
0
0
0
0
0
0
0
0
0
0
0
0
0
0
0
0
0
0
0
0
0
0
0
0
0
0
0
0
0
0
0
0
0
0
0
0
0
0
0
0
0
0
0
0
0
0
0
0
0
0
0
0
0
0
0
0
0
0
0
0
0
0
0
0
0
0
0
0
0
0
0
0
0
0
0
0
0
0
0
0
0
0
0
0
0
0
0
0
0
0
0
0
0
0
0
0
0
0
0
0
0
0
0
0
0
0
0
0
0
0
0
0
0
0
0
0
0
0
0
0
0
0
0
0
0
0
0
0
0
0
0
0
0
0
0
0
0
0
0
0
0
0
0
0
0
0
0
0
0
0
0
0
0
0
0
0
0
0
0
0
0
0
0
0
0
0
0
0
0
0
0
0
0
0
0
0
0
0
0
0
0
0
0
0
0
0
0
0
0
0
0
0
0
0
0
0
0
0
0
0
0
0
0
0
0
0
0
0
0
0
0
0
0
0
0
0
0
0
0
0
0
0
0
0
0
0
0
0
0
0
0
0
0
0
0
0
0
0
0
0
0
0
0
0
0
0
0
0
0
0
0
0
0
0
0
0
0
0
0
0
0
0
0
0
0
0
0
0
0
0
0
0
0
0
0
0
0
0
0
0
0
0
0
0
0
0
0
0
0
0
0
0
0
0
0
0
0
0
0
0
0
0
0
0
0
0
0
0
0
0
0
0
0
0
0
0
0
0
0
0
0
0
0
0
0
0
0
0
0
0
0
0
0
0
0
0
0
0
0
0
0
0
0
0
0
0
0
0
0
0
0
0
0
0
0
0
0
0
0
0
0
0
0
0
0
0
0
0
0
0
0
0
0
0
0
0
0
0
0
0
0
0
0
0
0
0
0
0
0
0
0
0
0
0
0
0
0
0
0
0
0
0
0
0
0
0
0
0
0
0
0
0
0
0
0
0
0
0
0
0
0
0
0
0
0
0
0
0
0
0
0
0
0
0
0
0
0
0
0
0
0
0
0
0
0
0
0
0
0
0
0
0
0
0
0
0
0
0
0
0
0
0
0
0
0
0
0
0
0
0
0
0
0
0
0
0
0
0
0
0
0
0
0
0
0
0
0
0
0
0
0
0
0
0
0
0
0
0
0
0
0
0
0
0
0
0
0
0
0
0
0
0
0
0
0
0
0
0
0
0
0
0
0
0
0
0
0
0
0
0
0
0
0
0
0
0
0
0
0
0
0
0
0
0
0
0
0
0
0
0
0
0
0
0
0
0
0
0
0
0
0
0
0
0
0
0
0
0
0
0
0
0
0
0
0
0
0
0
0
0
0
0
0
0
0
0
0
0
0
0
0
0
0
0
0
0
0
0
0
0
0
0
0
0
0
0
0
0
0
0
0
0
0
0
0
0
0
0
0
0
0
0
0
0
0
0
0
0
0
0
0
0
0
0
0
0
0
0
0
0
0
0
0
0
0
0
0
0
0
0
0
0
0
0
0
0
0
0
0
0
0
0
0
0
0
0
0
0
0
0
0
0
0
0
0
0
0
0
0
0
0
0
0
0
0
0
0
0
0
0
0
0
0
0
0
0
0
0
0
0
0
0
0
0
0
0
0
0
0
0
0
0
0
0
0
0
0
0
0
0
0
0
0
0
0
0
0
0
0
0
0
0
0
0
0
0
0
0
0
0
0
0
0
0
0
0
0
0
0
0
0
0
0
0
0
0
0
0
0
0
0
0
0
0
0
0
0
0
0
0
0
0
0
0
0
0
0
0
0
0
0
0
0
0
0
0
0
0
0
0
0
0
0
0
0
0
0
0
0
0
0
0
0
0
0
0
0
0
0
0
0
0
0
0
0
0
0
0
0
0
0
0
0
0
0
0
0
0
0
0
0
0
0
0
0
0
0
0
0
0
0
0
0
0
0
0
0
0
0
0
0
0
0
0
0
0
0
0
0
0
0
0
0
0
0
0
0
0
0
0
0
0
0
0
0
0
0
0
0
0
0
0
0
0
0
0
0
0
0
0
0
0
0
0
0
0
0
0
0
0
0
0
0
0
0
0
0
0
0
0
0
0
0
0
0
0
0
0
0
0
0
0
0
0
0
0
0
0
0
0
0
0
0
0
0
0
0
0
0
0
0
0
0
0
0
0
0
0
0
0
0
0
0
0
0
0
0
0
0
0
0
0
0
0
0
0
0
0
0
0
0
0
0
0
0
0
0
0
0
0
0
0
0
0
0
0
0
0
0
0
0
0
0
0
0
0
0
0
0
0
0
0
0
0
0
0
0
0
0
0
0
0
0
0
0
0
0
0
0
0
0
0
0
0
0
0
0
0
0
0
0
0
0
0
0
0
0
0
0
0
0
0
0
0
0
0
0
0
0
0
0
0
0
0
0
0
0
0
0
0
0
0
0
0
0
0
0
0
0
0
0
0
0
0
0
0
0
0
0
0
0
0
0
0
0
0
0
0
0
0
0
0
0
0
0
0
0
0
0
0
0
0
0
0
0
0
0
0
0
0
0
0
0
0
0
0
0
0
0
0
0
0
0
0
0
0
0
0
0
0
0
0
0
0
0
0
0
0
0
0
0
0
0
0
0
0
0
0
0
0
0
0
0
0
0
0
0
0
0
0
0
0
0
0
0
0
0
0
0
0
0
0
0
0
0
0
0
0
0
0
0
0
0
0
0
0
0
0
0
0
0
0
0
0
0
0
0
0
0
0
0
0
0
0
0
0
0
0
0
0
0
0
0
0
0
0
0
0
0
0
0
0
0
0
0
0
0
0
0
0
0
0
0
0
0
0
0
0
0
0
0
0
0
0
0
0
0
0
0
0
0
0
0
0
0
0
0
0
0
0
0
0
0
0
0
0
0
0
0
0
0
0
0.010392823
0.019069966
0.019917829
0.00024197293
0
0
0
0
0
0
0
0
0
0
0
0
0
0
0
0
0
0
0
0
0
0
0
0
0
0
0
0
0
0
0
0
0
0
0
0
0
0
0
0
0
0
0
0
0
0
0
0
0
0
0
0
0
0
0
0
0
0
0
0
0
0
0
0
0
0
0
0
0
0
0
0
0
0
0
0
0
0
0
0
0
0
0
0
0
0
0
0
0
0
0
0
0
0
0
0
0
0
0
0
0
0
0
0
0
0
0
0
0
0
0
0
0
0
0
0
0
0
0
0
0
0
0
0
0
0
0
0
0
0
0
0
0
0
0
0
0
0
0
0
0
0
0
0
0
0
0
0
0
0
0
0
0
0
0
0
0
0
0
0
0
0
0
0
0
0
0
0
0
0
0
0
0
0
0
0
0
0
0
0
0
0
0
0
0
0
0
0
0
0
0
0
0
0
0
0
0
0
0
0
0
0
0
0
0
0
0
0
0
0
0
0
0
0
0
0
0
0
0
0
0
0
0
0
0
0
0
0
0
0
0
0
0
0
0
0
0
0
0
0
0
0
0
0
0
0
0
0
0
0
0
0
0
0
0
0
0
0
0
0
0
0
0
0
0
0
0
0
0
0
0
0
0
0
0
0
0
0
0
0
0
0
0
0
0
0
0
0
0
0
0
0
0
0
0
0
0
0
0
0
0
0
0
0
0
0
0
0
0
0
0
0
0
0
0
0
0
0
0
0
0
0
0
0
0
0
0
0
0
0
0
0
0
0
0
0
0
0
0
0
0
0
0
0
0
0
0
0
0
0
0
0
0
0
0
0
0
0
0
0
0
0
0
0
0
0
0
0
0
0
0
0
0
0
0
0
0
0
0
0
0
0
0
0
0
0
0
0
0
0
0
0
0
0
0
0
0
0
0
0
0
0
0
0
0
0
0
0
0
0
0
0
0
0
0
0
0
0
0
0
0
0
0
0
0
0
0
0
0
0
0
0
0
0
0
0
0
0
0
0
0
0
0
0
0
0
0
0
0
0
0
0
0
0
0
0
0
0
0
0
0
0
0
0
0
0
0
0
0
0
0
0
0
0
0
0
0
0
0
0
0
0
0
0
0
0
0
0
0
0
0
0
0
0
0
0
0
0
0
0
0
0
0
0
0
0
0
0
0
0
0
0
0
0
0
0
0
0
0
0
0
0
0
0
0
0
0
0
0
0
0
0
0
0
0
0
0
0
0
0
0
0
0
0
0
0
0
0
0
0
0
0
0
0
0
0
0
0
0
0
0
0
0
0
0
0
0
0
0
0
0
0
0
0
0
0
0
0
0
0
0
0
0
0
0
0
0
0
0
0
0
0
0
0
0
0
0
0
0
0
0
0
0
0
0
0
0
0
0
0
0
0
0
0
0
0
0
0
0
0
0
0
0
0
0
0
0
0
0
0
0
0
0
0
0
0
0
0
0
0
0
0
0
0
0
0
0
0
0
0
0
0
0
0
0
0
0
0
0
0
0
0
0
0
0
0
0
0
0
0
0
0
0
0
0
0
0
0
0
0
0
0
0
0
0
0
0
0
0
0
0
0
0
0
0
0
0
0
0
0
0
0
0
0
0
0
0
0
0
0
0
0
0
0
0
0
0
0
0
0
0
0
0
0
0
0
0
0
0
0
0
0
0
0
0
0
0
0
0
0
0
0
0
0
0
0
0
0
0
0
0
0
0
0
0
0
0
0
0
0
0
0
0
0
0
0
0
0
0
0
0
0
0
0
0
0
0
0
0
0
0
0
0
0
0
0
0
0
0
0
0
0
0
0
0
0
0
0
0
0
0
0
0
0
0
0
0
0
0
0
0
0
0
0
0
0
0
0
0
0
0
0
0
0
0
0
0
0
0
0
0
0
0
0
0
0
0
0
0
0
0
0
0
0
0
0
0
0
0
0
0
0
0
0
0
0
0
0
0
0
0
0
0
0
0
0
0
0
0
0
0
0
0
0
0
0
0
0
0
0
0
0
0
0
0
0
0
0
0
0
0
0
0
0
0
0
0
0
0
0
0
0
0
0
0
0
0
0
0
0
0
0
0
0
0
0
0
0
0
0
0
0
0
0
0
0
0
0
0
0
0
0
0
0
0
0
0
0
0
0
0
0
0
0
0
0
0
0
0
0
0
0
0
0
0
0
0
0
0
0
0
0
0
0
0
0
0
0
0
0
0
0
0
0
0
0
0
0
0
0
0
0
0
0
0
0
0
0
0
0
0
0
0
0
0
0
0
0
0
0
0
0
0
0
0
0
0
0
0
0
0
0
0
0
0
0
0
0
0
0
0
0
0
0
0
0
0
0
0
0
0
0
0
0
0
0
0
0
0
0
0
0
0
0
0
0
0
0
0
0
0
0
0
0
0
0
0
0
0
0
0
0
0
0
0
0
0
0
0
0
0
0
0
0
0
0
0
0
0
0
0
0
0
0
0
0
0
0
0
0
0
0
0
0
0
0
0
0
0
0
0
0
0
0
0
0
0
0
0
0
0
0
0
0
0
0
0
0
0
0
0
0
0
0
0
0
0
0
0
0
0
0
0
0
0
0
0
0
0
0
0
0
0
0
0
0
0
0
0
0
0
0
0
0
0
0
0
0
0
0
0
0
0
0
0
0
0
0
0
0
0
0
0
0
0
0
0
0
0
0
0
0
0
0
0
0
0
0
0
0
0
0
0
0
0
0
0
0
0
0
0
0
0
0
0
0
0
0
0
0
0
0
0
0
0
0
0
0
0
0
0
0
0
0
0
0
0
0
0
0
0
0
0
0
0
0
0
0
0
0
0
0
0
0
0
0
0
0
0
0
0
0
0
0
0
0
0
0
0
0
0
0
0
0
0
0
0
0
0
0
0
0
0
0
0
0
0
0
0
0
0
0
0
0
0
0
0
0
0
0
0
0
0
0
0
0
0
0
0
0
0
0
0
0
0
0
0
0
0
0
0
0
0
0
0
0
0
0
0
0
0
0
0
0
0
0
0
0
0
0
0
0
0
0
0
0
0
0
0
0
0
0
0
0
0
0
0
0
0
0
0
0
0
0
0
0
0
0
0
0
0
0
0
0
0
0
0
0
0
0
0
0
0
0
0
0
0
0
0
0
0
0
0
0
0
0
0
0
0
0
0
0
0
0
0
0
0
0
0
0
0
0
0
0
0
0
0
0
0
0
0
0
0
0
0
0
0
0
0
0
0
0
0
0
0
0
0
0
0
0
0
0
0
0
0
0
0
0
0
0
0
0
0
0
0
0
0
0
0
0
0
0
0
0
0
0
0
0
0
0
0
0
0
0
0
0
0
0
0
0
0
0
0
0
0
0
0
0
0
0
0
0
0
0
0
0
0
0
0
0
0
0
0
0
0
0
0
0
0
0
0
0
0
0
0
0
0
0
0
0
0
0
0
0
0
0
0
0
0
0
0
0
0
0
0
0
0
0
0
0
0
0
0
0
0
0
0
0
0
0
0
0
0
0
0
0
0
0
0
0
0
0
0
0
0
0
0
0
0
0
0
0
0
0
0
0
0
0
0
0
0
0
0
0
0
0
0
0
0
0
0
0
0
0
0
0
0
0
0
0
0
0
0
0
0
0
0
0
0
0
0
0
0
0
0
0
0
0
0
0
0
0
0
0
0
0
0
0
0
0
0
0
0
0
0
0
0
0
0
0
0
0
0
0
0
0
0
0
0
0
0
0
0
0
0
0
0
0
0
0
0
0
0
0
0
0
0
0
0
0
0
0
0
0
0
0
0
0
0
0
0
0
0
0
0
0
0
0
0
0
0
0
0
0
0
0
0
0
0
0
0
0
0
0
0
0
0
0
0
0
0
0
0
0
0
0
0
0
0
0
0
0
0
0
0
0
0
0
0
0
0
0
0
0
0
0
0
0
0
0
0
0
0
0
0
0
0
0
0
0
0
0
0
0
0
0
0
0
0
0
0
0
0
0
0
0
0
0
0
0
0
0
0
0
0
0
0
0
0
0
0
0
0
0
0
0
0
0
0
0
0
0
0
0
0
0
0
0
0
0
0
0
0
0
0
0
0
0
0
0
0
0
0
0
0
0
0
0
0
0
0
0
0
0
0
0
0
0
0
0
0
0
0
0
0
0
0
0
0
0
0
0
0
0
0
0
0
0
0
0
0
0
0
0
0
0
0
0
0
0
0
0
0
0
0
0
0
0
0
0
0
0
0
0
0
0
0
0
0
0
0
0
0
0
0
0
0
0
0
0
0
0
0
0
0
0
0
0
0
0
0
0
0
0
0
0
0
0
0
0
0
0
0
0
0
0
0
0
0
0
0
0
0
0
0
0
0
0
0
0
0
0
0
0
0
0
0
0
0
0
0
0
0
0
0
0
0
0
0
0
0
0
0
0
0
0
0
0
0
0
0
0
0
0
0
0
0
0
0
0
0
0
0
0
0
0
0
0
0
0
0
0
0.019211198
0
0
0
0
0
0
0
0
0
0
0
0
0
0
0
0
0
0
0
0
0
0
0
0
0
0
0
0
0
0
0
0
0
0
0
0
0
0
0
0
0
0
0
0
0
0
0
0
0
0
0
0
0
0
0
0
0
0
0
0
0
0
0
0
0
0
0
0
0
0
0
0
0
0
0
0
0
0
0
0
0
0
0
0
0
0
0
0
0
0
0
0
0
0
0
0
0
0
0
0
0
0
0
0
0
0
0
0
0
0
0
0
0
0
0
0
0
0
0
0
0
0
0
0
0
0
0
0
0
0
0
0
0
0
0
0
0
0
0
0
0
0
0
0
0
0
0
0
0
0
0
0
0
0
0
0
0
0
0
0
0
0
0
0
0
0
0
0
0
0
0
0
0
0
0
0
0
0
0
0
0
0
0
0
0
0
0
0
0
0
0
0
0
0
0
0
0
0
0
0
0
0
0
0
0
0
0
0
0
0
0
0
0
0
0
0
0
0
0
0
0
0
0
0
0
0
0
0
0
0
0
0
0
0
0
0
0
0
0
0
0
0
0
0
0
0
0
0
0
0
0
0
0
0
0
0
0
0
0
0
0
0
0
0
0
0
0
0
0
0
0
0
0
0
0
0
0
0
0
0
0
0
0
0
0
0
0
0
0
0
0
0
0
0
0
0
0
0
0
0
0
0
0
0
0
0
0
0
0
0
0
0
0
0
0
0
0
0
0
0
0
0
0
0
0
0
0
0
0
0
0
0
0
0
0
0
0
0
0
0
0
0
0
0
0
0
0
0
0
0
0
0
0
0
0
0
0
0
0
0
0
0
0
0
0
0
0
0
0
0
0
0
0
0
0
0
0
0
0
0
0
0
0
0
0
0
0
0
0
0
0
0
0
0
0
0
0
0
0
0
0
0
0
0
0
0
0
0
0
0
0
0
0
0
0
0
0
0
0
0
0
0
0
0
0
0
0
0
0
0
0
0
0
0
0
0
0
0
0
0
0
0
0
0
0
0
0
0
0
0
0
0
0
0
0
0
0
0
0
0
0
0
0
0
0
0
0
0
0
0
0
0
0
0
0
0
0
0
0
0
0
0
0
0
0
0
0
0
0
0
0
0
0
0
0
0
0
0
0
0
0
0
0
0
0
0
0
0
0
0
0
0
0
0
0
0
0
0
0
0
0
0
0
0
0
0
0
0
0
0
0
0
0
0
0
0
0
0
0
0
0
0
0
0
0
0
0
0
0
0
0
0
0
0
0
0
0
0
0
0
0
0
0
0
0
0
0
0
0
0
0
0
0
0
0
0
0
0
0.013562047
0.021310926
0.019594553
0
0
0
0
0
0
0
0
0
0
0
0
0
0
0
0
0
0
0
0
0
0
0
0.04947992
0.068199791
0.082842576
0.049995513
0
0
0
0
0
0
0
0
0
0
0
0
0
0
0
0
0
0
0
0
0
0
0
0
0
0
0
0
0
0
0
0
0
0
0
0
0
0
0
0
0
0
0
0
0
0
0
0
0
0
0
0
0
0
0
0
0
0
0
0
0
0
0
0
0
0
0
0
0
0
0
0
0
0
0
0
0
0
0
0
0
0
0
0
0
0
0
0
0
0
0
0
0
0
0
0
0
0
0
0
0
0
0
0
0
0
0
0
0
0
0
0
0
0
0
0
0
0
0
0
0
0
0
0
0
0
0
0
0
0
0
0
0
0
0
0
0
0
0
0
0
0
0
0
0
0
0
0
0
0
0
0
0
0
0
0
0
0
0
0
0
0
0
0
0
0
0
0
0
0
0
0
0
0
0
0
0
0
0
0
0
0
0
0
0
0
0
0
0
0
0
0
0
0
0
0
0
0
0
0
0
0
0
0
0
0
0
0
0
0
0
0
0
0
0
0
0
0
0
0
0
0
0
0
0
0
0
0
0
0
0
0
0
0
0
0
0
0
0
0
0
0
0
0
0
0
0
0
0
0
0
0
0
0
0
0
0
0
0
0
0
0
0
0
0
0
0
0
0
0
0
0
0
0
0
0
0
0
0
0
0
0
0
0
0
0
0
0
0
0
0
0
0
0
0
0
0
0
0
0
0
0
0
0
0
0
0
0
0
0
0
0
0
0
0
0
0
0
0
0
0
0
0
0
0
0
0
0
0
0
0
0
0
0
0
0
0
0
0
0
0
0
0
0
0
0
0
0
0
0
0
0
0
0
0
0
0
0
0
0
0
0
0
0
0
0
0
0
0
0
0
0
0
0
0
0
0
0
0
0
0
0
0
0
0
0
0
0
0
0
0
0
0
0
0
0
0
0
0
0
0
0
0
0
0
0
0
0
0
0
0
0
0
0
0
0
0
0
0
0
0
0
0
0
0
0
0
0
0
0
0
0
0
0
0
0
0
0
0
0
0
0
0
0
0
0
0
0
0
0
0
0
0
0
0
0
0
0
0
0
0
0
0
0
0
0
0
0
0
0
0
0
0
0
0
0
0
0
0
0
0
0
0
0
0
0
0
0
0
0
0
0
0
0
0
0
0
0
0
0
0
0
0
0
0
0
0
0
0
0
0
0
0
0
0
0
0
0
0
0
0
0
0
0
0
0
0
0
0
0
0
0
0
0
0
0
0
0
0
0
0
0
0
0
0
0
0
0
0
0
0
0
0
0
0
0
0
0
0
0
0
0
0
0
0
0
0
0
0
0
0
0
0
0
0
0
0
0
0
0
0
0
0
0
0
0
0
0
0
0
0
0
0
0
0
0
0
0
0
0
0
0
0
0
0
0
0
0
0
0
0
0
0
0
0
0
0
0
0
0
0
0
0
0
0
0
0
0
0
0
0
0
0
0
0
0
0
0
0
0
0
0
0
0
0
0
0
0
0
0
0
0
0
0
0
0
0
0
0
0
0
0
0
0
0
0
0
0
0
0
0
0
0
0
0
0
0
0
0
0
0
0
0
0
0
0
0
0
0
0
0
0
0
0
0
0
0
0
0
0
0
0
0
0
0
0
0
0
0
0
0
0
0
0
0
0
0
0
0
0
0
0
0
0
0
0
0
0
0
0
0
0
0
0
0
0
0
0
0
0
0
0
0
0
0
0
0
0
0
0
0
0
0
0
0
0
0
0
0
0
0
0
0
0
0
0
0
0
0
0
0
0
0
0
0
0
0
0
0
0
0
0
0
0
0
0
0
0
0
0
0
0
0
0
0
0
0
0
0
0
0
0
0
0
0
0
0
0
0
0
0
0
0
0
0
0
0
0
0
0
0
0
0
0
0
0
0
0
0
0
0
0
0
0
0
0
0
0
0
0
0
0
0
0
0
0
0
0
0
0
0
0
0
0
0
0
0
0
0
0
0
0
0
0
0
0
0
0
0
0
0
0
0
0
0
0
0
0
0
0
0
0
0
0
0
0
0
0
0
0
0
0
0
0
0
0
0
0
0
0
0
0
0
0
0
0
0
0
0
0
0
0
0
0
0
0
0
0
0
0
0
0
0
0
0
0
0
0
0
0
0
0
0
0
0
0
0
0
0
0
0
0
0
0
0
0
0
0
0
0
0
0
0
0
0
0
0
0
0
0
0
0
0
0
0
0
0
0
0
0
0
0
0
0
0
0
0
0
0
0
0
0
0
0
0
0
0
0
0
0
0
0
0
0
0
0
0
0
0
0
0
0
0
0
0
0
0
0
0
0
0
0
0
0
0
0
0
0
0
0
0
0
0
0
0
0
0
0
0
0
0
0
0
0
0
0
0
0
0
0
0
0
0
0
0
0
0
0
0
0
0
0
0
0
0
0
0
0
0
0
0
0
0
0
0
0
0
0
0
0
0
0
0
0
0
0
0
0
0
0
0
0
0
0
0
0
0
0
0
0
0
0
0
0
0
0
0
0
0
0
0
0
0
0
0
0
0
0
0
0
0
0
0
0
0
0
0
0
0
0
0
0
0
0
0
0
0
0
0
0
0
0
0
0
0
0
0
0
0
0
0
0
0
0
0
0
0
0
0
0
0
0
0
0
0
0
0
0
0
0
0
0
0
0
0
0
0
0
0
0
0
0
0
0
0
0
0
0
0
0
0
0
0
0
0
0
0
0
0
0
0
0
0
0
0
0
0
0
0
0
0
0
0
0
0
0
0
0
0
0
0
0
0
0
0
0
0
0
0
0
0
0
0
0
0
0
0
0
0
0
0
0
0
0
0
0
0
0
0
0
0
0
0
0
0
0
0
0
0
0
0
0
0
0
0
0
0
0
0
0
0
0
0
0
0
0
0
0
0
0
0
0
0
0
0
0
0
0
0
0
0
0
0
0
0
0
0
0
0
0
0
0
0
0
0
0
0
0
0
0
0
0
0
0
0
0
0
0
0
0
0
0
0
0
0
0
0
0
0
0
0
0
0
0
0
0
0
0
0
0
0
0
0
0
0
0
0
0
0
0
0
0
0
0
0
0
0
0
0
0
0
0
0
0
0
0
0
0
0
0
0
0
0
0
0
0
0
0
0
0
0
0
0
0
0
0
0
0
0
0
0
0
0
0
0
0
0
0
0
0
0
0
0
0
0
0
0
0
0
0
0
0
0
0
0
0
0
0
0
0
0
0
0
0
0
0
0
0
0
0
0
0
0
0
0
0
0
0
0
0
0
0
0
0
0
0.015847022
0
0
0
0
0
0
0
0
0
0
0
0
0
0
0
0
0
0
0
0
0
0
0
0
0
0
0
0
0
0
0
0
0
0
0
0
0
0
0
0
0
0
0
0
0
0
0
0
0
0
0
0
0
0
0
0
0
0
0
0
0
0
0
0
0
0
0
0
0
0
0
0
0
0
0
0
0
0
0
0
0
0
0
0
0
0
0
0
0
0
0
0
0
0
0
0
0
0
0
0
0
0
0
0
0
0
0
0
0
0
0
0
0
0
0
0
0
0
0
0
0
0
0
0
0
0
0
0
0
0
0
0
0
0
0
0
0
0
0
0
0
0
0
0
0
0
0
0
0
0
0
0
0
0
0
0
0
0
0
0
0
0
0
0
0
0
0
0
0
0
0
0
0
0
0
0
0
0
0
0
0
0
0
0
0
0
0
0
0
0
0
0
0
0
0
0
0
0
0
0
0
0
0
0
0
0
0
0
0
0
0
0
0
0
0
0
0
0
0
0
0
0
0
0
0
0
0
0
0
0
0
0
0
0
0
0
0
0
0
0
0
0
0
0
0
0
0
0
0
0
0
0
0
0
0
0
0
0
0
0
0
0
0
0
0
0
0
0
0
0
0
0
0
0
0
0
0
0
0
0
0
0
0
0
0
0
0
0
0
0
0
0
0
0
0
0
0.0053465256
0
0.014352924
0
0
0
0
0
0
0
0
0
0
0
0
0
0
0
0
0
0
0
0
0
0
0
0
0
0
0
0
0
0
0
0
0
0
0
0
0
0
0
0
0
0
0
0
0
0
0
0
0
0
0
0
0
0
0
0
0
0
0
0
0
0
0
0
0
0
0
0
0
0
0
0
0
0
0
0
0
0
0
0
0
0
0
0
0
0
0
0
0
0
0
0
0
0
0
0
0
0
0
0
0
0
0
0
0
0
0
0
0
0
0
0
0
0
0
0
0
0
0
0
0
0
0
0
0
0
0
0
0
0
0
0
0
0
0
0
0
0
0
0
0
0
0
0
0
0
0
0
0
0
0
0
0
0
0
0
0
0
0
0
0
0
0
0
0
0
0
0
0
0
0
0
0
0
0
0
0
0
0
0
0
0
0
0
0
0
0
0
0
0
0
0
0
0
0
0
0
0
0
0
0
0
0
0
0
0
0
0
0
0
0
0
0
0
0
0
0
0
0
0
0
0
0
0
0.020303784
0
0
0
0
0
0
0
0
0
0
0
0
0
0
0
0
0.0055915565
0.042827437
0
0
0
0
0
0
0
0
0
0
0.0056365304
0.032116742
0
0
0
0
0
0
0
0
0
0
0
0
0
0
0
0
0
0
0
0
0
0
0
0
0
0
0
0
0
0
0
0
0
0
0
0
0
0
0
0
0
0
0
0
0
0
0
0
0
0
0
0
0
0
0
0
0
0
0
0
0
0
0
0
0
0
0
0
0
0
0
0
0
0
0
0
0
0
0
0
0
0
0
0
0
0
0
0
0
0
0
0
0
0
0
0
0
0
0
0
0
0
0
0
0
0
0
0
0
0
0
0
0
0.017518538
0
0
0
0
0
0
0
0
0
0
0
0
0
0
0
0
0
0
0
0
0
0
0
0
0
0
0
0
0
0
0
0
0
0
0
0
0
0
0
0
0
0
0
0
0
0
0
0
0
0
0
0
0
0
0
0
0
0
0
0
0
0
0
0
0
0
0
0
0
0
0
0
0
0
0
0
0
0
0
0
0
0
0
0
0
0
0
0
0
0
0
0
0
0
0
0
0
0
0
0
0
0
0
0
0
0
0
0
0
0
0
0
0
0
0
0
0
0
0
0
0
0
0
0
0
0
0
0
0
0
0
0
0
0
0
0
0
0
0
0
0
0
0
0
0
0
0
0
0
0
0
0
0
0
0
0
0
0
0
0
0
0
0
0
0
0
0
0
0
0
0
0
0
0
0
0
0
0
0
0
0
0
0
0
0
0
0
0
0
0
0
0
0
0
0
0
0
0
0
0
0
0
0
0
0
0
0
0
0
0
0
0
0
0
0
0
0
0
0
0
0
0
0
0
0
0
0
0
0
0
0
0
0
0
0
0
0
0
0
0
0
0
0
0
0
0
0
0
0
0
0
0
0
0
0
0
0
0
0
0
0
0
0
0
0
0
0
0
0
0
0
0
0
0
0
0
0
0
0
0
0
0
0
0
0
0
0
0
0
0
0
0
0
0
0
0
0
0
0
0
0
0
0
0
0
0
0
0
0
0
0
0
0
0
0
0
0
0
0
0
0
0
0
0
0
0
0
0
0
0
0
0
0
0
0
0
0
0
0
0
0
0
0
0
0
0
0
0
0
0
0
0
0
0
0
0
0
0
0
0
0
0
0
0
0
0
0
0
0
0
0
0
0
0
0
0
0
0
0
0
0
0
0
0
0
0
0
0
0
0
0
0
0
0
0
0
0
0
0
0
0
0
0
0
0
0
0
0
0
0
0
0
0
0
0
0
0
0
0
0
0
0
0
0
0
0
0
0
0
0
0
0
0
0
0
0
0
0
0
0
0
0
0
0
0
0
0
0
0
0
0
0
0
0
0
0
0
0
0
0
0
0
0
0
0.014202585
0.021995756
0.016653189
0
0
0
0
0
0
0
0.053040324
0.071037847
0.083474618
0.050752465
0
0
0
0
0
0
0
0
0
0
0
0
0
0
0
0
0
0
0
0
0
0
0.034214834
0.06563847
0.10424307
0.11301124
0.087971506
0.037219269
0.00095407153
0
0
0
0
0.014771235
0
0
0
0
0
0
0
0
0
0
0
0
0
0
0
0
0
0
0
0
0
0
0
0
0
0
0
0
0
0
0
0
0
0
0
0
0
0
0.028315786
0
0.015179622
0
0
0
0
0
0
0
0
0
0
0
0
0
0
0
0
0
0
0
0
0
0
0
0
0
0
0
0
0
0
0
0
0
0
0
0
0
0
0
0
0
0
0
0
0
0
0
0
0
0
0
0
0
0
0
0.027271647
0
0
0
0
0
0
0
0
0
0
0
0
0
0
0
0
0
0
0
0
0
0
0
0
0
0
0
0
0
0
0
0
0
0
0
0
0
0
0
0
0
0
0
0
0
0
0
0
0
0
0
0
0
0
0
0
0
0
0
0
0
0
0
0
0
0
0
0
0
0
0
0
0
0
0
0
0
0
0
0
0
0
0
0
0
0
0
0
0
0
0
0
0
0
0
0
0
0
0
0
0
0
0
0
0
0
0
0
0
0
0
0
0
0
0
0
0
0
0
0
0
0
0
0
0
0
0
0
0
0
0
0
0
0
0
0
0
0
0
0
0
0
0
0
0
0
0
0
0
0
0
0
0
0
0
0
0
0
0
0
0
0
0
0
0
0
0
0
0
0
0
0
0
0
0
0
0
0
0
0
0
0
0
0
0
0
0
0
0
0
0
0
0
0
0
0
0
0
0
0
0
0
0
0
0
0
0
0
0
0
0
0
0
0
0
0
0
0
0
0
0
0
0
0
0
0
0
0
0
0
0
0
0
0
0
0
0
0
0
0
0
0
0
0
0
0
0
0
0
0
0
0
0
0
0
0
0
0
0
0
0
0
0
0
0
0
0
0
0
0
0
0
0
0
0
0
0
0
0
0
0
0
0
0
0
0
0
0
0
0
0
0
0
0
0
0
0
0
0
0
0
0
0
0
0
0
0
0
0
0
0
0
0
0
0
0
0
0
0
0
0
0
0
0
0
0
0
0
0
0
0
0
0
0
0
0
0
0
0
0
0
0
0
0
0
0
0
0
0
0
0
0
0
0
0
0
0
0
0
0
0
0
0
0
0
0
0
0
0
0
0
0
0
0
0
0
0
0
0
0
0
0
0
0
0
0
0
0
0
0
0
0
0
0
0
0
0
0
0
0
0
0
0
0
0
0
0
0
0
0
0
0
0
0
0
0
0
0
0
0
0
0
0
0
0
0
0
0
0
0
0
0
0
0
0
0
0
0
0
0
0
0
0
0
0
0
0
0
0
0
0
0
0
0
0
0
0
0
0
0
0
0
0
0
0
0
0
0
0
0
0
0
0
0
0
0
0
0
0
0
0
0
0
0
0
0
0
0
0
0
0
0
0
0
0
0
0
0
0
0
0
0
0
0
0
0
0
0
0
0
0
0
0
0
0
0
0
0
0
0
0
0
0
0
0
0
0
0
0
0
0
0
0
0
0
0
0
0
0
0
0
0
0
0
0
0
0
0
0
0
0
0
0
0
0
0
0
0
0
0
0
0
0
0
0
0
0
0
0
0
0
0
0
0
0
0
0
0
0
0
0
0
0
0
0
0
0
0
0
0
0
0
0
0
0
0
0
0
0
0
0
0
0
0
0
0
0
0
0
0
0
0
0
0
0
0
0
0
0
0
0
0
0
0
0
0
0
0
0
0
0
0
0
0
0
0
0
0
0
0
0
0
0
0
0
0
0
0
0
0
0
0
0
0
0
0
0
0
0
0
0
0
0
0
0
0
0
0
0
0
0
0
0
0
0
0
0
0
0
0
0
0
0
0
0
0
0
0
0
0
0
0
0
0
0
0
0
0
0
0
0
0
0
0
0
0
0
0
0
0
0
0
0
0
0
0
0
0
0
0
0
0
0
0
0
0
0
0
0
0
0
0
0
0
0
0
0
0
0
0
0
0
0
0
0
0
0
0
0
0
0
0
0
0
0
0
0
0
0
0
0
0
0
0
0
0
0
0
0
0
0
0
0
0
0
0
0
0
0
0
0
0
0
0
0
0
0
0
0
0
0
0
0
0
0
0
0
0
0
0
0
0
0
0
0
0
0
0
0
0
0
0
0
0
0
0
0
0
0
0
0
0
0
0
0
0
0
0
0
0
0
0
0
0
0
0
0
0
0
0
0
0
0
0
0
0
0
0
0
0
0
0
0
0
0
0
0
0
0
0
0
0
0
0
0
0
0
0
0
0
0
0
0
0
0
0
0
0
0
0
0
0
0
0
0
0
0
0
0
0
0
0
0
0
0
0
0
0
0
0
0
0
0
0
0
0
0
0
0
0
0
0
0
0
0
0
0
0
0
0
0
0
0
0
0
0
0
0
0
0
0
0
0
0
0
0
0
0
0
0
0
0
0
0
0
0
0
0
0
0
0
0
0
0
0
0
0
0
0
0
0
0
0
0
0
0
0
0
0
0
0
0
0
0
0
0
0
0
0
0
0
0
0
0
0
0
0
0
0
0
0
0
0
0
0
0
0
0
0
0
0
0
0
0
0
0
0
0
0
0
0
0
0
0
0
0
0
0
0
0
0
0
0
0
0
0
0
0
0
0
0
0
0
0
0
0
0
0
0
0
0
0
0
0
0
0
0
0
0
0
0
0
0
0
0
0
0
0
0
0
0
0
0
0
0
0
0
0
0
0
0
0
0
0
0
0
0
0
0
0
0
0
0
0
0
0
0
0
0
0
0
0
0
0
0
0
0
0
0
0
0
0
0
0
0
0
0
0
0
0
0
0
0
0
0
0
0
0
0
0
0
0
0
0
0
0
0
0
0
0
0
0
0
0
0
0
0
0
0
0
0
0
0
0
0
0
0
0
0
0
0
0
0
0
0
0
0
0
0
0
0
0
0
0
0
0
0
0
0
0
0
0
0
0
0
0
0
0
0
0
0
0
0
0
0
0
0
0
0
0
0
0
0
0
0
0
0
0
0
0
0
0
0
0
0
0
0
0
0
0
0
0
0
0
0
0
0
0
0
0
0
0
0
0
0
0
0
0
0
0
0
0
0
0
0
0
0
0
0
0
0
0
0
0
0
0
0
0
0
0
0
0
0
0
0
0
0
0
0
0
0
0
0
0
0
0
0
0
0
0
0
0
0
0
0
0
0
0
0
0
0
0
0
0
0
0
0
0
0
0
0
0
0
0
0
0
0
0
0
0
0
0
0
0
0
0
0
0
0
0
0
0
0
0
0
0
0
0
0
0
0
0
0
0
0
0
0
0
0
0
0
0
0
0
0
0
0
0
0
0
0
0
0
0
0
0
0
0
0
0
0
0
0
0
0
0
0
0
0
0
0
0
0.01548634
0.024274796
0.05924091
0
0
0
0
0
0
0
0
0
0
0
0
0
0
0
0
0
0
0
0
0
0
0
0
0
0
0
0
0
0
0
0
0
0
0
0
0
0
0
0
0
0
0
0
0
0
0
0
0
0
0
0
0
0
0
0
0
0
0
0
0
0
0
0
0
0
0
0
0
0
0
0
0
0
0
0
0
0
0
0
0
0
0
0
0
0
0
0
0
0
0
0
0
0
0
0
0
0
0
0
0
0
0
0
0
0
0
0
0
0
0
0
0
0
0
0
0
0
0
0
0
0
0
0
0
0
0
0
0
0
0
0
0
0
0
0
0
0
0
0
0
0
0
0
0
0
0
0
0
0
0
0
0
0
0
0
0
0
0
0
0
0
0
0
0
0
0
0
0
0
0
0
0
0
0
0
0
0
0
0
0
0
0
0
0
0
0
0
0
0
0
0
0
0
0
0
0
0
0
0
0
0
0
0
0
0
0
0
0
0
0
0
0
0
0
0
0
0
0
0
0
0
0
0
0
0
0
0
0
0
0
0
0
0
0
0
0
0
0
0
0
0
0
0
0
0
0
0
0
0
0
0
0
0
0
0
0
0
0
0
0
0
0
0
0
0
0
0
0
0
0
0
0
0
0
0
0
0
0
0
0.010055579
0
0.0088411854
0
0.02109639
0.032481357
0.060319032
0
0
0
0
0
0
0
0
0
0
0
0
0
0
0
0
0
0
0
0
0
0
0
0
0
0
0
0
0
0
0
0
0
0
0
0
0
0
0
0
0
0
0
0
0
0
0
0
0
0
0
0
0
0
0
0
0
0
0
0
0
0
0
0
0
0
0
0
0
0
0
0
0
0
0
0
0
0
0
0
0
0
0
0
0
0
0
0
0
0
0
0
0
0
0
0
0
0
0
0
0
0
0
0
0
0
0
0
0
0
0
0
0
0
0
0
0
0
0
0
0
0
0
0
0
0
0
0
0
0
0
0
0
0
0
0
0
0
0
0
0
0
0
0
0
0
0
0
0
0
0
0
0
0
0
0
0
0
0
0
0
0
0
0
0
0
0
0
0
0
0
0
0
0
0
0
0
0
0
0
0
0
0
0
0
0
0
0
0
0
0
0
0
0
0
0
0
0
0
0
0
0.020553201
0
0
0
0
0
0
0
0
0
0
0
0
0
0
0
0
0.0054481311
0.043281619
0.0081893321
0.0333124
0
0
0
0
0
0
0
0
0
0
0
0
0
0
0
0.044121529
0.052721149
0
0
0
0
0
0
0.0082184549
0
0
0.022285185
0.038332815
0
0
0
0
0
0
0
0
0
0
0
0
0
0.019785578
0.049407569
0.0079520341
0.04685627
0.0057627923
0
0
0
0
0
0
0
0
0
0
0
0
0
0
0
0
0
0
0
0
0
0
0
0
0
0
0
0
0
0
0
0
0
0
0
0
0
0
0
0
0
0
0
0
0
0
0
0
0
0
0
0
0
0
0
0
0
0
0
0
0
0
0
0
0
0
0
0
0
0
0
0
0
0
0
0
0
0
0
0
0
0
0
0
0
0.019606939
0.011242689
0
0
0.01387849
0.00081202641
0.025747071
0.061384938
0
0
0
0
0
0
0
0
0
0
0
0
0
0
0
0
0
0
0
0
0
0
0
0
0
0
0
0
0
0
0
0
0
0
0
0
0
0
0
0
0
0
0
0
0
0
0
0
0
0
0
0
0
0
0
0
0
0
0
0
0
0
0
0
0
0
0
0
0
0
0
0
0
0
0
0
0
0
0
0
0
0
0
0
0
0
0
0
0
0
0
0
0
0
0
0
0
0
0
0
0
0
0
0
0
0
0
0
0
0
0
0
0
0
0
0
0
0
0
0
0
0
0
0
0
0
0
0
0
0
0
0
0
0
0
0
0
0
0
0
0
0
0
0
0
0
0
0
0
0
0
0
0
0
0
0
0
0
0
0
0
0
0
0
0
0
0
0
0
0
0
0
0
0
0
0
0
0
0
0
0
0
0
0
0
0
0
0
0
0
0
0
0
0
0
0
0
0
0
0
0
0
0
0
0
0
0
0
0
0
0
0
0
0
0
0
0
0
0
0
0
0
0
0
0
0
0
0
0
0
0
0
0
0
0
0
0
0
0
0
0
0
0
0
0
0
0
0
0
0
0
0
0
0
0
0
0
0
0
0
0
0
0
0
0
0
0
0
0
0
0
0
0
0
0
0
0
0
0
0
0
0
0
0
0
0
0
0
0
0
0
0
0
0
0
0
0
0
0
0
0
0
0
0
0
0
0
0
0
0
0
0
0
0
0
0
0
0
0
0
0
0
0
0
0
0
0
0
0
0
0
0
0
0
0
0
0
0
0
0
0
0
0
0
0
0
0
0
0
0
0
0
0
0
0
0
0
0
0
0
0
0
0
0
0
0
0
0
0
0
0
0
0
0
0
0
0
0
0
0
0
0
0
0
0
0
0
0
0
0
0
0
0
0
0
0
0
0
0
0
0
0
0
0
0
0
0
0
0
0
0
0
0
0
0
0
0
0
0
0
0
0
0
0
0
0
0
0
0
0
0
0
0
0
0
0
0
0
0
0
0
0
0
0
0
0
0
0
0
0
0
0
0
0
0
0
0
0
0
0
0
0
0
0
0
0
0
0
0
0
0
0
0
0.010425492
0.019822913
0.015376199
0
0
0
0
0.0013319279
0
0
0.052961923
0.072175171
0.083088234
0.049550835
0
0
0
0
0.018918281
0.037249648
0.06668991
0.10591544
0.11328601
0.088092759
0.037696647
0.0012759678
0
0
0
0
0
0
0
0
0
0
0
0
0
0
0
0
0
0
0
0
0
0.043102839
0.074722103
0.11426584
0.1183306
0.090295428
0.036438986
0
0
0
0
0
0.031037681
0
0
0
0
0
0
0
0
0
0
0.015499499
0
0
0
0
0
0
0
0
0
0
0
0
0
0
0
0
0
0
0
0
0
0
0
0.041858659
0.022208562
0.039827661
0.011233827
0.064382076
0.061406165
0.053806093
0.073967755
0
0
0
0
0
0
0
0
0
0
0
0
0
0
0
0
0
0
0
0
0
0
0
0
0
0
0
0
0
0
0
0
0
0
0
0
0
0
0
0
0
0
0
0
0
0
0.02451553
0
0.041956045
0.022300141
0.039897459
0.011185383
0.064372256
0.06123946
0
0
0
0
0
0
0
0
0
0
0
0
0
0
0
0
0
0
0
0
0
0
0
0
0
0
0
0
0
0
0
0
0
0
0
0
0
0
0
0
0
0
0
0
0
0
0
0
0
0
0
0
0
0
0
0
0
0
0
0
0
0
0
0
0
0
0
0
0
0
0
0
0
0
0
0
0
0
0
0
0
0
0
0
0
0
0
0
0
0
0
0
0
0
0
0
0
0
0
0
0
0
0
0
0
0
0
0
0
0
0
0
0
0
0
0
0
0
0
0
0
0
0
0
0
0
0
0
0
0
0
0
0
0
0
0
0
0
0
0
0
0
0
0
0
0
0
0
0
0
0
0
0
0
0
0
0
0
0
0
0
0
0
0
0
0
0
0
0
0
0
0
0
0
0
0
0
0
0
0
0
0
0
0
0
0
0
0
0
0
0
0
0
0
0
0
0
0
0
0
0
0
0
0
0
0
0
0
0
0
0
0
0
0
0
0
0
0
0
0
0
0
0
0
0
0
0
0
0
0
0
0
0
0
0
0
0
0
0
0
0
0
0
0
0
0
0
0
0
0
0
0
0
0
0
0
0
0
0
0
0
0
0
0
0
0
0
0
0
0
0
0
0
0
0
0
0
0
0
0
0
0
0
0
0
0
0
0
0
0
0
0
0
0
0
0
0
0
0
0
0
0
0
0
0
0
0
0
0
0
0
0
0
0
0
0
0
0
0
0
0
0
0
0
0
0
0
0
0
0
0
0
0
0
0
0
0
0
0
0
0
0
0
0
0
0
0
0
0
0
0
0
0
0
0
0
0
0
0
0
0
0
0
0
0
0
0
0
0
0
0
0
0
0
0
0
0
0
0
0
0
0
0
0
0
0
0
0
0
0
0
0
0
0
0
0
0
0
0
0
0
0
0
0
0
0
0
0
0
0
0
0
0
0
0
0
0
0
0
0
0
0
0
0
0
0
0
0
0
0
0
0
0
0
0
0
0
0
0
0
0
0
0
0
0
0
0
0
0
0
0
0
0
0
0
0
0
0
0
0
0
0
0
0
0
0
0
0
0
0
0
0
0
0
0
0
0
0
0
0
0
0
0
0
0
0
0
0
0
0
0
0
0
0
0
0
0
0
0
0
0
0
0
0
0
0
0
0
0
0
0
0
0
0
0
0
0
0
0
0
0
0
0
0
0
0
0
0
0
0
0
0
0
0
0
0
0
0
0
0
0
0
0
0
0
0
0
0
0
0
0
0
0
0
0
0
0
0
0
0
0
0
0
0
0
0
0
0
0
0
0
0
0
0
0
0
0
0
0
0
0
0
0
0
0
0
0
0
0
0
0
0
0
0
0
0
0
0
0
0
0
0
0
0
0
0
0
0
0
0
0
0
0
0
0
0
0
0
0
0
0
0
0
0
0
0
0
0
0
0
0
0
0
0
0
0
0
0
0
0
0
0
0
0
0
0
0
0
0
0
0
0
0
0
0
0
0
0
0
0
0
0
0
0
0
0
0
0
0
0
0
0
0
0
0
0
0
0
0
0
0
0
0
0
0
0
0
0
0
0
0
0
0
0
0
0
0
0
0
0
0
0
0
0
0
0
0
0
0
0
0
0
0
0
0
0
0
0
0
0
0
0
0
0
0
0
0
0
0
0
0
0
0
0
0
0
0
0
0
0
0
0
0
0
0
0
0
0
0
0
0
0
0
0
0
0
0
0
0
0
0
0
0
0
0
0
0
0
0
0
0
0
0
0
0
0
0
0
0
0
0
0
0
0
0
0
0
0
0
0
0
0
0
0
0
0
0
0
0
0
0
0
0
0
0
0
0
0
0
0
0
0
0
0
0
0
0
0
0
0
0
0
0
0
0
0
0
0
0
0
0
0
0
0
0
0
0
0
0
0
0
0
0
0
0
0
0
0
0
0
0
0
0
0
0
0
0
0
0
0
0
0
0
0
0
0
0
0
0
0
0
0
0
0
0
0
0
0
0
0
0
0
0
0
0
0
0
0
0
0
0
0
0
0
0
0
0
0
0
0
0
0
0
0
0
0
0
0
0
0
0
0
0
0
0
0
0
0
0
0
0
0
0
0
0
0
0
0
0
0
0
0
0
0
0
0
0
0
0
0
0
0
0
0
0
0
0
0
0
0
0
0
0
0
0
0
0
0
0
0
0
0
0
0
0
0
0
0
0
0
0
0
0
0
0
0
0
0
0
0
0
0
0
0
0
0
0
0
0
0
0
0
0
0
0
0
0
0
0
0
0
0
0
0
0
0.012147348
0
0
0
0
0
0
0
0
0
0
0
0
0
0
0
0
0
0
0
0
0
0
0
0
0
0
0
0
0
0
0
0
0
0
0
0
0
0
0
0
0
0
0
0
0
0
0
0
0
0
0
0
0
0
0
0
0
0
0
0
0
0
0
0
0
0
0
0
0
0
0
0
0
0
0
0
0
0
0
0
0
0
0
0
0
0
0
0
0
0
0
0
0
0
0
0
0
0
0
0
0
0
0
0
0
0
0
0
0
0
0
0
0
0
0
0
0
0
0
0
0
0
0
0
0
0
0
0
0
0
0
0
0
0
0
0
0
0
0
0
0
0
0
0
0
0
0
0
0
0
0
0
0
0
0
0
0
0
0
0
0
0
0
0
0
0
0
0
0
0
0
0
0
0
0
0
0
0
0
0
0
0
0
0
0
0
0
0
0
0
0
0
0
0
0
0
0
0
0
0
0
0
0
0
0
0
0
0
0
0
0
0
0
0
0
0
0
0
0
0
0
0
0
0
0
0
0
0
0
0
0
0
0
0
0
0
0
0
0
0
0
0
0
0
0
0
0
0
0
0
0
0
0
0
0
0
0
0
0
0
0
0
0
0
0
0
0
0
0
0
0
0
0
0
0
0
0
0
0
0
0
0
0
0
0
0
0
0
0
0
0
0
0
0
0
0
0
0
0
0
0
0
0
0
0
0
0
0
0
0
0
0
0
0
0
0
0
0
0
0
0
0
0
0
0
0
0
0
0
0
0
0
0
0
0
0
0
0
0
0
0
0
0
0
0
0
0
0
0
0
0
0
0
0
0
0
0
0
0
0
0
0
0
0
0
0
0
0.017852195
0.03162606
0.044234117
0.067948753
0.083968018
0
0
0
0
0
0
0
0
0
0
0
0
0
0
0
0
0
0
0
0
0
0
0
0
0
0
0
0
0
0
0
0
0
0
0
0
0
0
0
0
0
0
0
0
0
0
0
0
0
0
0
0
0
0
0
0
0
0
0
0
0
0
0
0
0
0
0
0
0
0
0
0
0
0
0
0
0
0
0
0
0
0
0
0
0
0
0
0
0
0
0
0
0
0
0
0
0
0
0
0
0
0
0
0
0
0
0
0
0
0
0
0
0
0
0
0
0
0
0
0
0
0
0
0
0
0
0
0
0
0
0
0
0
0
0
0
0
0
0
0
0
0
0
0
0
0
0
0
0
0
0
0
0
0
0
0
0
0
0
0
0
0
0
0
0
0
0
0
0
0
0
0
0
0
0
0
0
0
0
0
0
0
0
0
0
0
0
0
0
0
0
0
0
0
0
0
0
0
0
0
0
0
0
0
0
0
0
0
0
0
0
0
0
0
0
0
0
0
0
0
0
0
0
0
0
0
0
0
0
0
0
0
0
0
0
0
0
0
0
0
0
0
0
0
0
0
0
0
0
0
0
0
0
0
0
0
0
0
0
0
0
0
0
0
0
0
0
0
0
0
0
0
0
0
0
0
0
0
0
0
0
0
0
0
0
0
0
0
0.008817939
0
0
0.00023231353
0.025450328
0.035230446
0.060735594
0.01850403
0.035965358
0.049695139
0.069996023
0.083768685
0
0
0
0
0
0
0
0
0
0
0
0
0
0
0
0
0
0
0
0
0
0
0
0
0
0
0
0
0
0
0
0
0
0
0
0
0
0
0
0
0
0
0
0
0
0
0
0
0
0
0
0
0
0
0
0
0
0
0
0
0
0
0
0
0
0
0
0
0
0
0
0
0
0
0
0
0
0
0
0
0
0
0
0
0
0
0
0
0
0
0
0
0
0
0
0
0
0
0
0
0
0
0
0
0
0
0
0
0
0
0
0
0
0
0
0
0
0
0
0
0
0
0
0
0
0
0
0
0
0
0
0
0
0
0
0
0
0
0
0
0
0
0
0
0
0
0
0
0
0
0
0
0
0
0
0
0
0
0
0
0
0
0
0
0
0
0
0
0
0
0
0
0
0
0
0
0
0
0
0
0
0
0
0
0.019780572
0
0
0
0
0
0
0
0
0
0
0
0
0
0
0
0
0.0046425241
0.042927308
0.010339072
0.034201694
0
0
0
0
0
0
0
0
0
0
0
0
0
0
0
0.044578603
0.05310816
0.02564528
0.040451618
0
0
0
0
0
0
0.0081455599
0
0
0
0
0
0.00078705153
0.038602793
0.067436389
0.060494942
0
0
0
0
0
0.0020340438
0.0039817518
0.026423374
0.0060545957
0
0.041144794
0
0
0
0
0
0
0.049383012
0.0075610226
0.015304036
0.0036687164
0.029042923
0.064180781
0.077081891
0.031451102
0.075370012
0.030777216
0
0
0
0
0
0
0
0
0
0
0
0
0
0
0
0
0
0
0
0
0
0
0
0
0
0
0
0
0
0
0
0
0
0
0
0
0
0
0
0
0
0
0
0
0
0
0
0
0
0
0
0
0
0
0
0
0
0
0
0
0
0
0
0
0
0
0
0
0
0
0
0
0
0.015144181
0
0.011570638
0
0
0.014199893
0.0035630633
0.02804613
0.061972746
0.033879576
0.032284533
0
0.050313616
0.039301897
0.067125934
0.096760347
0
0
0
0
0
0
0
0
0
0
0
0
0
0
0
0
0
0
0
0
0
0
0
0
0
0
0
0
0
0
0
0
0
0
0
0
0
0
0
0
0
0
0
0
0
0
0
0
0
0
0
0
0
0
0
0
0
0
0
0
0
0
0
0
0
0
0
0
0
0
0
0
0
0
0
0
0
0
0
0
0
0
0
0
0
0
0
0
0
0
0
0
0
0
0
0
0
0
0
0
0
0
0
0
0
0
0
0
0
0
0
0
0
0
0
0
0
0
0
0
0
0
0
0
0
0
0
0
0
0
0
0
0
0
0
0
0
0
0
0
0
0
0
0
0
0
0
0
0
0
0
0
0
0
0
0
0
0
0
0
0
0
0
0
0
0
0
0
0
0
0
0
0
0
0
0
0
0
0
0
0
0
0
0
0
0
0
0
0
0
0
0
0
0
0
0
0
0
0
0
0
0
0
0
0
0
0
0
0
0
0
0
0
0
0
0
0
0
0
0
0
0
0
0
0
0
0
0
0
0
0
0
0
0
0
0
0
0
0
0
0
0
0
0
0
0
0
0
0
0
0
0
0
0
0
0
0
0
0
0
0
0
0
0
0
0
0
0
0
0
0
0
0
0
0
0
0
0
0
0
0
0
0
0
0
0
0
0
0
0
0
0
0
0
0
0
0
0
0
0
0
0
0
0
0
0
0
0
0
0
0
0
0
0
0
0
0
0
0
0
0
0
0
0
0
0
0
0
0
0
0
0
0
0
0
0
0
0
0
0
0
0
0
0
0
0
0
0
0
0
0
0
0
0
0
0
0
0
0
0
0
0
0
0
0
0
0
0
0
0
0
0
0
0
0
0
0
0
0
0
0
0
0
0
0
0
0
0
0
0
0
0
0
0
0
0
0
0
0
0
0
0
0
0
0
0
0
0
0
0
0
0
0
0
0
0
0
0
0
0
0
0
0
0
0
0
0
0
0
0
0
0
0
0
0
0
0
0
0
0
0
0
0
0
0
0
0
0
0
0
0
0
0
0
0
0
0
0
0
0
0
0
0
0
0
0
0
0
0
0
0
0
0
0
0
0
0
0
0
0
0
0
0
0
0
0
0
0
0
0.011685325
0.012324065
0
0
0
0
0.0007419288
0
0
0.045581644
0.06789682
0.08120483
0.04839701
0
0
0
0
0.020807837
0.037914921
0.065302631
0.10464305
0.11273116
0.087776845
0.037466505
0.0013672789
0
0
0
0.045249023
0.03549653
0.074948083
0.11570745
0.1184782
0.090148344
0.036753293
0
0
0
0
0
0
0
0
0
0
0
0
0
0
0
0
0
0
0
0
0.056730813
0.073090756
0.10596108
0.12384576
0.082836759
0.039140552
0
0
0
0
0
0.041401073
0
0
0
0
0
0
0
0
0
0.015825904
0.05338444
0.073763554
0
0
0
0
0
0
0
0
0.0011336895
0
0
0
0
0
0
0
0
0
0
0
0
0.065617193
0.060647533
0.071668648
0.056400838
0.076765061
0.091712668
0.056361436
0.087341864
0
0
0
0
0
0
0
0
0
0
0
0
0
0
0
0
0
0
0
0
0
0
0
0
0
0
0
0
0
0
0
0
0
0
0
0
0
0
0
0
0
0
0
0
0
0
0.022187694
0
0.041075967
0.020782126
0.039846499
0.011534616
0.064198836
0.059888825
0.065500128
0.06057586
0.071503861
0.056330896
0.076754123
0.090331111
0
0
0
0
0
0
0
0
0
0
0
0
0
0
0
0
0
0
0
0
0
0
0
0
0
0
0
0
0
0
0
0
0
0
0
0
0
0
0
0
0
0
0
0
0
0
0
0
0
0
0
0
0
0
0
0
0
0
0
0
0
0
0
0
0
0
0
0
0
0
0
0
0
0
0
0
0
0
0
0
0
0
0
0
0
0
0
0
0
0
0
0
0
0
0
0
0
0
0
0
0
0
0
0
0
0
0
0
0
0
0
0
0
0
0
0
0
0
0
0
0
0
0
0
0
0
0
0
0
0
0
0
0
0
0
0
0
0
0
0
0
0
0
0
0
0
0
0
0
0
0
0
0
0
0
0
0
0
0
0
0
0
0
0
0
0
0
0
0
0
0
0
0
0
0
0
0
0
0
0
0
0
0
0
0
0
0
0
0
0
0
0
0
0
0
0
0
0
0
0
0
0
0
0
0
0
0
0
0
0
0
0
0
0
0
0
0
0
0
0
0
0
0
0
0
0
0
0
0
0
0
0
0
0
0
0
0
0
0
0
0
0
0
0
0
0
0
0
0
0
0
0
0
0
0
0
0
0
0
0
0
0
0
0
0
0
0
0
0
0
0
0
0
0
0
0
0
0
0
0
0
0
0
0
0
0
0
0
0
0
0
0
0
0
0
0
0
0
0
0
0
0
0
0
0
0
0
0
0
0
0
0
0
0
0
0
0
0
0
0
0
0
0
0
0
0
0
0
0
0
0
0
0
0
0
0
0
0
0
0
0
0
0
0
0
0
0
0
0
0
0
0
0
0
0
0
0
0
0
0
0
0
0
0
0
0
0
0
0
0
0
0
0
0
0
0
0
0
0
0
0
0
0
0
0
0
0
0
0
0
0
0
0
0
0
0
0
0
0
0
0
0
0
0
0
0
0
0
0
0
0
0
0
0
0
0
0
0
0
0
0
0
0
0
0
0
0
0
0
0
0
0
0
0
0
0
0
0
0
0
0
0
0
0
0
0
0
0
0
0
0
0
0
0
0
0
0
0
0
0
0
0
0
0
0
0
0
0
0
0
0
0
0
0
0
0
0
0
0
0
0
0
0
0
0
0
0
0
0
0
0
0
0
0
0
0
0
0
0
0
0
0
0
0
0
0
0
0
0
0
0
0
0
0
0
0
0
0
0
0
0
0
0
0
0
0
0
0
0
0
0
0
0
0
0
0
0
0
0
0
0
0
0
0
0
0
0
0
0
0
0
0
0
0
0
0
0
0
0
0
0
0
0
0
0
0
0
0
0
0
0
0
0
0
0
0
0
0
0
0
0
0
0
0
0
0
0
0
0
0
0
0
0
0
0
0
0
0
0
0
0
0
0
0
0
0
0
0
0
0
0
0
0
0
0
0
0
0
0
0
0
0
0
0
0
0
0
0
0
0
0
0
0
0
0
0
0
0
0
0
0
0
0
0
0
0
0
0
0
0
0
0
0
0
0
0
0
0
0
0
0
0
0
0
0
0
0
0
0
0
0
0
0
0
0
0
0
0
0
0
0
0
0
0
0
0
0
0
0
0
0
0
0
0
0
0
0
0
0
0
0
0
0
0
0
0
0
0
0
0
0
0
0
0
0
0
0
0
0
0
0
0
0
0
0
0
0
0
0
0
0
0
0
0
0
0
0
0
0
0
0
0
0
0
0
0
0
0
0
0
0
0
0
0
0
0
0
0
0
0
0
0
0
0
0
0
0
0
0
0
0
0
0
0
0
0
0
0
0
0
0
0
0
0
0
0
0
0
0
0
0
0
0
0
0
0
0
0
0
0
0
0
0
0
0
0
0
0
0
0
0
0
0
0
0
0
0
0
0
0
0
0
0
0
0
0
0
0
0
0
0
0
0
0
0
0
0
0
0
0
0
0
0
0
0
0
0
0
0
0
0
0
0
0
0
0
0
0
0
0
0
0
0
0
0
0
0
0
0
0
0
0
0
0
0
0
0
0
0
0
0
0
0
0
0
0
0
0
0
0
0
0
0
0
0
0
0
0
0
0
0
0
0
0
0
0
0
0
0
0
0
0
0
0
0
0
0
0
0
0
0
0
0
0
0
0
0
0
0
0
0
0
0
0
0
0
0
0
0
0
0
0
0
0
0
0
0
0
0
0
0
0
0
0
0
0
0
0
0
0
0
0
0
0
0
0
0
0
0
0
0
0
0
0
0
0
0
0
0
0
0
0
0
0
0
0
0
0
0
0
0
0
0
0
0
0
0
0
0
0
0
0
0
0
0
0
0
0
0
0
0
0
0
0
0
0
0
0
0
0
0
0
0
0
0
0
0
0
0
0.03507746
0.033417584
0
0
0
0
0
0
0
0
0
0
0
0
0
0
0
0
0
0
0
0
0
0
0
0
0
0
0
0
0
0
0
0
0
0
0
0
0
0
0
0
0
0
0
0
0
0
0
0
0
0
0
0
0
0
0
0
0
0
0
0
0
0
0
0
0
0
0
0
0
0
0
0
0
0
0
0
0
0
0
0
0
0
0
0
0
0
0
0
0
0
0
0
0
0
0
0
0
0
0
0
0
0
0
0
0
0
0
0
0
0
0
0
0
0
0
0
0
0
0
0
0
0
0
0
0
0
0
0
0
0
0
0
0
0
0
0
0
0
0
0
0
0
0
0
0
0
0
0
0
0
0
0
0
0
0
0
0
0
0
0
0
0
0
0
0
0
0
0
0
0
0
0
0
0
0
0
0
0
0
0
0
0
0
0
0
0
0
0
0
0
0
0
0
0
0
0
0
0
0
0
0
0
0
0
0
0
0
0
0
0
0
0
0
0
0
0
0
0
0
0
0
0
0
0
0
0
0
0
0
0
0
0
0
0
0
0
0
0
0
0
0
0
0
0
0
0
0
0
0
0
0
0
0
0
0
0
0
0
0
0
0
0
0
0
0
0
0
0
0
0
0
0
0
0
0
0
0
0
0
0
0
0
0
0
0
0
0
0
0
0
0
0
0
0
0
0
0
0
0
0
0
0
0
0
0
0
0
0
0
0
0
0
0
0
0
0
0
0
0
0
0
0
0
0
0
0
0
0
0
0
0
0
0
0
0
0
0
0
0
0
0
0
0
0
0
0
0
0
0
0
0
0
0
0
0
0
0
0
0
0
0
0
0
0
0
0
0
0
0
0
0
0.034499601
0.037399844
0.042828817
0.071029484
0.085145022
0
0
0
0
0
0
0
0
0
0
0
0
0
0
0
0
0
0
0
0
0
0
0
0
0
0
0
0
0
0
0
0
0
0
0
0
0
0
0
0
0
0
0
0
0
0
0
0
0
0
0
0
0
0
0
0
0
0
0
0
0
0
0
0
0
0
0
0
0
0
0
0
0
0
0
0
0
0
0
0
0
0
0
0
0
0
0
0
0
0
0
0
0
0
0
0
0
0
0
0
0
0
0
0
0
0
0
0
0
0
0
0
0
0
0
0
0
0
0
0
0
0
0
0
0
0
0
0
0
0
0
0
0
0
0
0
0
0
0
0
0
0
0
0
0
0
0
0
0
0
0
0
0
0
0
0
0
0
0
0
0
0
0
0
0
0
0
0
0
0
0
0
0
0
0
0
0
0
0
0
0
0
0
0
0
0
0
0
0
0
0
0
0
0
0
0
0
0
0
0
0
0
0
0
0
0
0
0
0
0
0
0
0
0
0
0
0
0
0
0
0
0
0
0
0
0
0
0
0
0
0
0
0
0
0
0
0
0
0
0
0
0
0
0
0
0
0
0
0
0
0
0
0
0
0
0
0
0
0
0
0
0
0
0
0
0
0
0
0
0
0
0
0
0
0
0
0
0
0.028053993
0.030425397
0.059162074
0.018437299
0.039121503
0.052618873
0.071335461
0.08330263
0.034763592
0.037973722
0.048171133
0.072097805
0.085063413
0
0
0
0
0
0
0
0
0
0
0
0
0
0
0
0
0
0
0
0
0
0
0
0
0
0
0
0
0
0
0
0
0
0
0
0
0
0
0
0
0
0
0
0
0
0
0
0
0
0
0
0
0
0
0
0
0
0
0
0
0
0
0
0
0
0
0
0
0
0
0
0
0
0
0
0
0
0
0
0
0
0
0
0
0
0
0
0
0
0
0
0
0
0
0
0
0
0
0
0
0
0
0
0
0
0
0
0
0
0
0
0
0
0
0
0
0
0
0
0
0
0
0
0
0
0
0
0
0
0
0
0
0
0
0
0
0
0
0
0
0
0
0
0
0
0
0
0
0
0
0
0
0
0
0
0
0
0
0
0
0
0
0
0
0
0
0
0
0
0
0
0
0
0.018478604
0
0
0
0
0
0.0036333443
0.041947417
0.012163095
0.034627535
0
0
0
0
0
0
0
0
0
0
0
0
0
0
0
0.044743286
0.053132077
0.028283843
0.041863104
0
0
0
0
0
0
0.0070727814
0
0
0
0
0
0.0018425595
0.038890468
0.06733473
0.061097008
0.044109044
0
0
0
0
0
0.0029836648
0.004353383
0.026415145
0.0061953991
0
0.0090022727
0.012653499
0.018280032
0.026535084
0.044134126
0.066194417
0.063805044
0.012386739
0
0
0
0.0300349
0.022111423
0.03606124
0.048071712
0.01902968
0
0.043056257
0
0
0
0
0.045031046
0.0029042305
0.075377173
0.029420382
0.052297028
0.042610335
0.071121676
0.09872158
0.11791868
0.078445076
0.11764373
0.079270575
0
0
0
0
0
0
0
0
0
0
0
0
0
0
0
0
0
0
0
0
0
0
0
0
0
0
0
0
0
0
0
0
0
0
0
0
0
0
0
0
0
0
0
0
0
0
0
0
0
0
0
0
0
0
0
0
0
0
0
0
0
0
0
0
0
0
0
0
0.0037434507
0
0.010223282
0
0
0.010279869
0.001405479
0.021066502
0.052015483
0
0.034538656
0.032764451
0
0.052572209
0.043011012
0.070934149
0.095815814
0.074139525
0.055459502
0
0.072873158
0.099382422
0.12849366
0
0
0
0
0
0
0
0
0
0
0
0
0
0
0
0
0
0
0
0
0
0
0
0
0
0
0
0
0
0
0
0
0
0
0
0
0
0
0
0
0
0
0
0
0
0
0
0
0
0
0
0
0
0
0
0
0
0
0
0
0
0
0
0
0
0
0
0
0
0
0
0
0
0
0
0
0
0
0
0
0
0
0
0
0
0
0
0
0
0
0
0
0
0
0
0
0
0
0
0
0
0
0
0
0
0
0
0
0
0
0
0
0
0
0
0
0
0
0
0
0
0
0
0
0
0
0
0
0
0
0
0
0
0
0
0
0
0
0
0
0
0
0
0
0
0
0
0
0
0
0
0
0
0
0
0
0
0
0
0
0
0
0
0
0
0
0
0
0
0
0
0
0
0
0
0
0
0
0
0
0
0
0
0
0
0
0
0
0
0
0
0
0
0
0
0
0
0
0
0
0
0
0
0
0
0
0
0
0
0
0
0
0
0
0
0
0
0
0
0
0
0
0
0
0
0
0
0
0
0
0
0
0
0
0
0
0
0
0
0
0
0
0
0
0
0
0
0
0
0
0
0
0
0
0
0
0
0
0
0
0
0
0
0
0
0
0
0
0
0
0
0
0
0
0
0
0
0
0
0
0
0
0
0
0
0
0
0
0
0
0
0
0
0
0
0
0
0
0
0
0
0
0
0
0
0
0
0
0
0
0
0
0
0
0
0
0
0
0
0
0
0
0
0
0
0
0
0
0
0
0
0
0
0
0
0
0
0
0
0
0
0
0
0
0
0
0
0
0
0
0
0
0
0
0
0
0
0
0
0
0
0
0
0
0
0
0
0
0
0
0
0
0
0
0
0
0
0
0
0
0
0
0
0
0
0
0
0
0
0
0
0
0
0
0
0
0
0
0
0
0
0
0
0
0
0
0
0
0
0
0
0
0
0
0
0
0
0
0
0
0
0
0
0
0
0
0
0
0
0
0
0
0
0
0
0
0
0
0
0
0
0
0
0
0
0
0
0
0
0
0
0
0
0
0
0
0
0
0
0
0
0
0
0
0
0
0
0
0
0
0
0
0
0
0
0
0
0
0
0.0065437949
0
0
0
0
0
0
0
0.02801345
0.057602096
0.07732563
0.046239224
0
0
0
0
0.019415828
0.033928724
0.058560098
0.095654445
0.11006292
0.086790358
0.037310643
0.0014740579
0
0
0
0.044678016
0.038079422
0.072342594
0.11541839
0.11716445
0.089726697
0.036773324
0
0
0
0
0.056534884
0.043015275
0.071562314
0.10448967
0.12217041
0.082658769
0.039332856
0
0
0
0
0
0
0
0
0
0
0
0
0
0
0
0
0
0
0
0.052909135
0.084766713
0.094067574
0.10335059
0.077609804
0.025662123
0
0
0
0
0.048841068
0
0
0
0
0
0
0
0.012949713
0.053006755
0.072784925
0.055502607
0.08657998
0
0
0
0
0
0
0
0
0.0054927984
0.0067857806
0
0
0
0
0
0
0.0043810041
0
0
0
0
0
0.07714615
0.078659004
0.080781899
0.089262117
0.092927943
0.046565471
0.090129322
0
0
0
0
0
0
0
0
0
0
0
0
0
0
0
0
0
0
0
0
0
0
0
0
0
0
0
0
0
0
0
0
0
0
0
0
0
0
0
0.017909791
0
0.038615118
0.018791179
0.038751234
0.010831069
0.062804826
0.055285289
0.064305822
0.060149458
0.071059016
0.055974871
0.076727668
0.087971756
0.077024024
0.07861696
0.081000436
0.089090323
0.091383218
0
0
0
0
0
0
0
0
0
0
0
0
0
0
0
0
0
0
0
0
0
0
0
0
0
0
0
0
0
0
0
0
0
0
0
0
0
0
0
0
0
0
0
0
0
0
0
0
0
0
0
0
0
0
0
0
0
0
0
0
0
0
0
0
0
0
0
0
0
0
0
0
0
0
0
0
0
0
0
0
0
0
0
0
0
0
0
0
0
0
0
0
0
0
0
0
0
0
0
0
0
0
0
0
0
0
0
0
0
0
0
0
0
0
0
0
0
0
0
0
0
0
0
0
0
0
0
0
0
0
0
0
0
0
0
0
0
0
0
0
0
0
0
0
0
0
0
0
0
0
0
0
0
0
0
0
0
0
0
0
0
0
0
0
0
0
0
0
0
0
0
0
0
0
0
0
0
0
0
0
0
0
0
0
0
0
0
0
0
0
0
0
0
0
0
0
0
0
0
0
0
0
0
0
0
0
0
0
0
0
0
0
0
0
0
0
0
0
0
0
0
0
0
0
0
0
0
0
0
0
0
0
0
0
0
0
0
0
0
0
0
0
0
0
0
0
0
0
0
0
0
0
0
0
0
0
0
0
0
0
0
0
0
0
0
0
0
0
0
0
0
0
0
0
0
0
0
0
0
0
0
0
0
0
0
0
0
0
0
0
0
0
0
0
0
0
0
0
0
0
0
0
0
0
0
0
0
0
0
0
0
0
0
0
0
0
0
0
0
0
0
0
0
0
0
0
0
0
0
0
0
0
0
0
0
0
0
0
0
0
0
0
0
0
0
0
0
0
0
0
0
0
0
0
0
0
0
0
0
0
0
0
0
0
0
0
0
0
0
0
0
0
0
0
0
0
0
0
0
0
0
0
0
0
0
0
0
0
0
0
0
0
0
0
0
0
0
0
0
0
0
0
0
0
0
0
0
0
0
0
0
0
0
0
0
0
0
0
0
0
0
0
0
0
0
0
0
0
0
0
0
0
0
0
0
0
0
0
0
0
0
0
0
0
0
0
0
0
0
0
0
0
0
0
0
0
0
0
0
0
0
0
0
0
0
0
0
0
0
0
0
0
0
0
0
0
0
0
0
0
0
0
0
0
0
0
0
0
0
0
0
0
0
0
0
0
0
0
0
0
0
0
0
0
0
0
0
0
0
0
0
0
0
0
0
0
0
0
0
0
0
0
0
0
0
0
0
0
0
0
0
0
0
0
0
0
0
0
0
0
0
0.0014233686
0
0
0
0
0
0
0
0
0
0
0
0
0
0
0
0
0
0
0
0
0
0
0
0
0
0
0
0
0
0
0
0
0
0
0
0
0
0
0
0
0
0
0
0
0
0
0
0
0
0
0
0
0
0
0
0
0
0
0
0
0
0
0
0
0
0
0
0
0
0
0
0
0
0
0
0
0
0
0
0
0
0
0
0
0
0
0
0
0
0
0
0
0
0
0
0
0
0
0
0
0
0
0
0
0
0
0
0
0
0
0
0
0
0
0
0
0
0
0
0
0
0
0
0
0
0
0
0
0
0
0
0
0
0
0
0
0
0
0
0
0
0
0
0
0
0
0
0
0
0
0
0
0
0
0
0
0
0
0
0
0
0
0
0
0
0
0
0
0
0
0
0
0
0
0
0
0
0
0
0
0
0
0
0
0
0
0
0
0
0
0
0
0
0
0
0
0
0
0
0
0
0
0
0
0
0
0
0
0
0
0
0
0
0
0
0
0
0
0
0
0
0
0
0
0
0
0
0
0
0
0
0
0
0
0
0
0
0
0
0
0
0
0
0
0
0
0
0
0
0
0
0
0
0
0
0
0
0
0
0
0
0
0
0
0
0
0
0
0
0
0
0
0
0
0
0
0
0
0
0
0
0
0
0
0
0
0
0
0
0
0
0
0
0
0
0
0
0
0
0
0
0
0
0
0
0
0
0
0
0
0
0
0
0
0
0
0
0
0
0
0
0
0
0
0
0
0
0
0
0
0
0
0
0
0
0
0
0
0
0
0
0
0
0
0
0
0
0
0
0
0
0
0
0
0
0
0
0
0
0
0
0
0
0
0
0
0
0
0
0
0
0
0
0
0
0
0
0
0
0
0
0
0
0
0
0
0
0
0
0
0
0
0
0
0
0
0
0
0
0
0
0
0
0
0
0
0
0
0
0
0
0
0
0
0
0
0
0
0
0
0
0
0
0
0
0
0
0
0
0
0
0
0
0
0
0
0
0
0
0
0
0
0
0
0
0
0
0
0
0
0
0
0
0
0
0
0
0
0
0
0
0
0
0
0
0
0
0
0
0
0
0
0
0
0
0
0
0
0
0
0
0
0
0
0
0
0
0
0
0
0
0
0
0
0
0
0
0
0
0
0
0
0
0
0
0
0
0
0
0
0
0
0
0
0
0
0
0
0
0
0
0
0
0.075574301
0.056493809
0
0
0
0
0
0
0
0
0
0
0
0
0
0
0
0
0
0
0
0
0
0
0
0
0
0
0
0
0
0
0
0
0
0
0
0
0
0
0
0
0
0
0
0
0
0
0
0
0
0
0
0
0
0
0
0
0
0
0
0
0
0
0
0
0
0
0
0
0
0
0
0
0
0
0
0
0
0
0
0
0
0
0
0
0
0
0
0
0
0
0
0
0
0
0
0
0
0
0
0
0
0
0
0
0
0
0
0
0
0
0
0
0
0
0
0
0
0
0
0
0
0
0
0
0
0
0
0
0
0
0
0
0
0
0
0
0
0
0
0
0
0
0
0
0
0
0
0
0
0
0
0
0
0
0
0
0
0
0
0
0
0
0
0
0
0
0
0
0
0
0
0
0
0
0
0
0
0
0
0
0
0
0
0
0
0
0
0
0
0
0
0
0
0
0
0
0
0
0
0
0
0
0
0
0
0
0
0
0
0
0
0
0
0
0
0
0
0
0
0
0
0
0
0
0
0
0
0
0
0
0
0
0
0
0
0
0
0
0
0
0
0
0
0
0
0
0
0
0
0
0
0
0
0
0
0
0
0
0
0
0
0
0
0
0
0
0
0
0
0
0
0
0
0
0
0
0
0
0
0
0
0
0
0
0
0
0
0
0
0
0
0
0
0
0
0
0
0
0
0
0
0
0
0
0
0
0
0
0
0
0
0
0
0
0
0
0
0
0
0
0
0
0
0
0
0
0
0
0
0
0
0
0
0
0
0
0
0
0
0
0
0
0
0
0
0
0
0
0
0
0
0
0
0
0
0
0
0
0
0
0
0
0
0
0
0
0
0.053413887
0.038574725
0.047736952
0.066420005
0.088472817
0
0
0
0
0
0
0
0
0
0
0
0
0
0
0
0
0
0
0
0
0
0
0
0
0
0
0
0
0
0
0
0
0
0
0
0
0
0
0
0
0
0
0
0
0
0
0
0
0
0
0
0
0
0
0
0
0
0
0
0
0
0
0
0
0
0
0
0
0
0
0
0
0
0
0
0
0
0
0
0
0
0
0
0
0
0
0
0
0
0
0
0
0
0
0
0
0
0
0
0
0
0
0
0
0
0
0
0
0
0
0
0
0
0
0
0
0
0
0
0
0
0
0
0
0
0
0
0
0
0
0
0
0
0
0
0
0
0
0
0
0
0
0
0
0
0
0
0
0
0
0
0
0
0
0
0
0
0
0
0
0
0
0
0
0
0
0
0
0
0
0
0
0
0
0
0
0
0
0
0
0
0
0
0
0
0
0
0
0
0
0
0
0
0
0
0
0
0
0
0
0
0
0
0
0
0
0
0
0
0
0
0
0
0
0
0
0
0
0
0
0
0
0
0
0
0
0
0
0
0
0
0
0
0
0
0
0
0
0
0
0
0
0
0
0
0
0
0
0
0
0
0
0
0
0
0
0
0
0
0
0
0
0
0
0
0
0
0
0
0
0
0
0
0
0.02496976
0.01721311
0.05375269
0.015530022
0.039895774
0.051499972
0.071410037
0.082210387
0.034637907
0.038292727
0.051832255
0.072733983
0.084779804
0.053267734
0.038828965
0.049971926
0.067803954
0.088577085
0
0
0
0
0
0
0
0
0
0
0
0
0
0
0
0
0
0
0
0
0
0
0
0
0
0
0
0
0
0
0
0
0
0
0
0
0
0
0
0
0
0
0
0
0
0
0
0
0
0
0
0
0
0
0
0
0
0
0
0
0
0
0
0
0
0
0
0
0
0
0
0
0
0
0
0
0
0
0
0
0
0
0
0
0
0
0
0
0
0
0
0
0
0
0
0
0
0
0
0
0
0
0
0
0
0
0
0
0
0
0
0
0
0
0
0
0
0
0
0
0
0
0
0
0
0
0
0
0.0013398619
0.040081413
0
0
0
0
0
0
0
0
0
0
0
0
0
0
0
0
0
0
0
0
0
0
0
0
0
0
0
0
0
0
0
0
0
0
0
0
0.015341538
0.012029857
0.034473274
0
0
0
0
0
0.043280878
0.052658485
0.029878491
0.043100297
0
0
0
0
0
0
0.0055881728
0
0
0
0
0
0.0034313543
0.038964432
0.066903763
0.061410717
0.046312579
0
0
0
0
0
0.0021399837
0.0033666506
0.025740603
0.005722713
0
0.010260038
0.012970508
0.018872428
0.027197073
0.044140631
0.065879589
0.064334662
0.045979814
0.01365894
0
0
0
0.031083975
0.023044366
0.036435866
0.048235169
0.018989222
0
0.045205488
0.038867063
0.040698161
0.045607278
0.05282939
0.0756927
0.067241304
0.029654236
0.013530753
0.019383692
0.012490432
0.02043765
0.046552002
0.053186205
0.050930465
0.061193913
0.041056532
0.010904881
0
0
0.035862073
0
0.067006725
0.020073137
0.11354516
0.074281052
0.076188264
0.10353007
0.1308235
0.12721174
0.085391482
0.12903011
0.088271665
0
0
0
0
0
0
0
0
0
0
0
0
0
0
0
0
0
0
0
0
0
0
0
0
0
0
0
0
0
0
0
0
0
0
0
0
0
0
0
0
0
0
0
0
0
0
0
0
0
0
0
0
0
0
0
0
0
0
0.0067081878
0
0
0.0012958239
0
0.004138176
0.031593142
0
0.033189322
0.030972429
0
0.050644091
0.040404203
0.06624391
0.084915722
0
0.075958141
0.056306927
0
0.077132471
0.10333156
0.12903659
0.093624364
0.097813305
0.051318754
0.099043024
0.11911186
0.14520566
0
0
0
0
0
0
0
0
0
0
0
0
0
0
0
0
0
0
0
0
0
0
0
0
0
0
0
0
0
0
0
0
0
0
0
0
0
0
0
0
0
0
0
0
0
0
0
0
0
0
0
0
0
0
0
0
0
0
0
0
0
0
0
0
0
0
0
0
0
0
0
0
0
0
0
0
0
0
0
0
0
0
0
0
0
0
0
0
0
0
0
0
0
0
0
0
0
0
0
0
0
0
0
0
0
0
0
0
0
0
0
0
0
0
0
0
0
0
0
0
0
0
0
0
0
0
0
0
0
0
0
0
0
0
0
0
0
0
0
0
0
0
0
0
0
0
0
0
0
0
0
0
0
0
0
0
0
0
0
0
0
0
0
0
0
0
0
0
0
0
0
0
0
0
0
0
0
0
0
0
0
0
0
0
0
0
0
0
0
0
0
0
0
0
0
0
0
0
0
0
0
0
0
0
0
0
0
0
0
0
0
0
0
0
0
0
0
0
0
0
0
0
0
0
0
0
0
0
0
0
0
0
0
0
0
0
0
0
0
0
0
0
0
0
0
0
0
0
0
0
0
0
0
0
0
0
0
0
0
0
0
0
0
0
0
0
0
0
0
0
0
0
0
0
0
0
0
0
0
0
0
0
0
0
0
0
0
0
0
0
0
0
0
0
0
0
0
0
0
0
0
0
0
0
0
0
0
0
0
0
0
0
0
0
0
0
0
0
0
0
0
0
0
0
0
0
0
0
0
0
0
0
0
0
0
0
0
0
0
0
0
0
0
0
0
0
0
0
0
0
0
0
0
0
0
0
0
0
0
0
0
0
0
0
0
0
0
0
0
0
0
0
0
0
0
0
0
0
0
0
0
0
0
0
0
0
0
0
0
0
0
0
0
0
0
0
0
0
0
0
0
0
0
0
0
0
0
0
0
0
0
0
0
0
0
0
0
0
0
0
0
0
0
0
0
0
0
0
0
0
0
0
0
0
0
0
0
0
0
0
0
0
0
0
0
0
0
0
0
0
0
0
0
0
0
0
0
0
0
0
0
0
0
0
0
0
0
0
0
0
0
0
0
0
0
0
0
0
0
0
0
0.008104248
0.042536503
0.070270204
0.042470047
0
0
0
0
0.011164008
0.023559217
0.045516258
0.079794822
0.10385782
0.084570038
0.037048873
0.001165703
0
0
0
0.039510764
0.038225595
0.064209701
0.11043663
0.11215764
0.088655299
0.036963975
0
0
0
0
0.053472804
0.04388695
0.067274834
0.10200156
0.11924264
0.081999698
0.038615773
0
0
0
0
0
0.052859914
0.051495843
0.083200229
0.092040106
0.10200965
0.076328112
0.027581112
0
0
0
0
0
0
0
0
0
0
0
0
0
0
0
0
0
0.058797403
0.067167305
0.0870075
0.092375753
0.057414842
0.025917251
0.0014876362
0
0
0
0
0.055177403
0
0
0
0
0
0
0.0059346513
0.050891585
0.069606596
0.054433226
0.085229108
0.045937276
0.089269078
0
0
0
0
0
0
0
0
0.010316162
0.010313916
0
0
0
0
0
0
0
0
0
0
0
0
0
0.077467539
0.085257836
0.080958305
0.090877709
0.091507285
0.084301132
0.036160589
0.067141692
0
0
0
0
0
0
0
0
0
0
0
0
0
0
0
0
0
0
0
0
0
0
0
0
0
0
0
0
0
0
0
0
0
0
0
0
0.010569784
0
0.032798429
0.013184776
0.036557376
0.0091128213
0.059631089
0.044404946
0.06165003
0.058853454
0.070337345
0.05570904
0.076100034
0.082772783
0.076667677
0.078417409
0.081029366
0.088750398
0.088965929
0.077250959
0.085166238
0.08091234
0.090730719
0.091359795
0.083181499
0
0
0
0
0
0
0
0
0
0
0
0
0
0
0
0
0
0
0
0
0
0
0
0
0
0
0
0
0
0
0
0
0
0
0
0
0
0
0
0
0
0
0
0
0
0
0
0
0
0
0
0
0
0
0
0
0
0
0
0
0
0
0
0
0
0
0
0
0
0
0
0
0
0
0
0
0
0
0
0
0
0
0
0
0
0
0
0
0
0
0
0
0
0
0
0
0
0
0
0
0
0
0
0
0
0
0
0
0
0
0
0
0
0
0
0
0
0
0
0
0
0
0
0
0
0
0
0
0
0
0
0
0
0
0
0
0
0
0
0
0
0
0
0
0
0
0
0
0
0
0
0
0
0
0
0
0
0
0
0
0
0
0
0
0
0
0
0
0
0
0
0
0
0
0
0
0
0
0
0
0
0
0
0
0
0
0
0
0
0
0
0
0
0
0
0
0
0
0
0
0
0
0
0
0
0
0
0
0
0
0
0
0
0
0
0
0
0
0
0
0
0
0
0
0
0
0
0
0
0
0
0
0
0
0
0
0
0
0
0
0
0
0
0
0
0
0
0
0
0
0
0
0
0
0
0
0
0
0
0
0
0
0
0
0
0
0
0
0
0
0
0
0
0
0
0
0
0
0
0
0
0
0
0
0
0
0
0
0
0
0
0
0
0
0
0
0
0
0
0
0
0
0
0
0
0
0
0
0
0
0
0
0
0
0
0
0
0
0
0
0
0
0
0
0
0
0
0
0
0
0
0
0
0
0
0
0
0
0
0
0
0
0
0
0
0
0
0
0
0
0
0
0
0
0
0
0
0
0
0
0
0
0
0
0
0
0
0
0
0
0
0
0
0
0
0
0
0
0
0
0
0
0
0
0
0
0
0
0
0
0
0
0
0
0
0
0
0
0
0
0
0
0
0
0
0
0
0
0
0
0
0
0
0
0
0
0
0
0
0
0
0
0
0
0
0
0
0
0
0
0
0
0
0
0
0
0
0
0
0
0
0
0
0
0
0
0
0
0
0
0
0
0
0
0
0
0
0
0
0
0
0
0
0
0
0
0
0
0
0
0
0
0
0
0
0
0
0
0
0
0
0
0
0
0
0
0
0
0
0
0
0
0
0
0
0
0
0
0
0
0
0
0
0
0
0
0
0
0
0
0
0
0
0
0
0
0
0
0
0
0
0
0
0
0
0
0
0
0
0
0
0
0
0
0
0
0
0
0
0
0
0
0
0
0
0
0
0.0043096965
0
0
0.0094684199
0.023317915
0
0
0
0
0
0
0
0
0
0
0
0
0
0
0
0
0
0
0
0
0
0
0
0
0
0
0
0
0
0
0
0
0
0
0
0
0
0
0
0
0
0
0
0
0
0
0
0
0
0
0
0
0
0
0
0
0
0
0
0
0
0
0
0
0
0
0
0
0
0
0
0
0
0
0
0
0
0
0
0
0
0
0
0
0
0
0
0
0
0
0
0
0
0
0
0
0
0
0
0
0
0
0
0
0
0
0
0
0
0
0
0
0
0
0
0
0
0
0
0
0
0
0
0
0
0
0
0
0
0
0
0
0
0
0
0
0
0
0
0
0
0
0
0
0
0
0
0
0
0
0
0
0
0
0
0
0
0
0
0
0
0
0
0
0
0
0
0
0
0
0
0
0
0
0
0
0
0
0
0
0
0
0
0
0
0
0
0
0
0
0
0
0
0
0
0
0
0
0
0
0
0
0
0
0
0
0
0
0
0
0
0
0
0
0
0
0
0
0
0
0
0
0
0
0
0
0
0
0
0
0
0
0
0
0
0
0
0
0
0
0
0
0
0
0
0
0
0
0
0
0
0
0
0
0
0
0
0
0
0
0
0
0
0
0
0
0
0
0
0
0
0
0
0
0
0
0
0
0
0
0
0
0
0
0
0
0
0
0
0
0
0
0
0
0
0
0
0
0
0
0
0
0
0
0
0
0
0
0
0
0
0
0
0
0
0
0
0
0
0
0
0
0
0
0
0
0
0
0
0
0
0
0
0
0
0
0
0
0
0
0
0
0
0
0
0
0
0
0
0
0
0
0
0
0
0
0
0
0
0
0
0
0
0
0
0
0
0
0
0
0
0
0
0
0
0
0
0
0
0
0
0
0
0
0
0
0
0
0
0
0
0
0
0
0
0
0
0
0
0
0
0
0
0
0
0
0
0
0
0
0
0
0
0
0
0
0
0
0
0
0
0
0
0
0
0
0
0
0
0
0
0
0
0
0
0
0
0
0
0
0
0
0
0
0
0
0
0
0
0
0
0
0
0
0
0
0
0
0
0
0
0
0
0
0
0
0
0
0
0
0
0
0
0
0
0
0
0
0
0
0
0
0
0
0
0
0
0
0
0
0
0
0
0
0
0
0
0
0
0
0
0
0
0
0
0
0
0
0
0
0
0
0
0
0
0
0
0
0
0
0
0
0
0
0
0
0
0
0
0.095223772
0.099172525
0.052197178
0
0
0
0
0
0
0
0
0
0
0
0
0
0
0
0
0
0
0
0
0
0
0
0
0
0
0
0
0
0
0
0
0
0
0
0
0
0
0
0
0
0
0
0
0
0
0
0
0
0
0
0
0
0
0
0
0
0
0
0
0
0
0
0
0
0
0
0
0
0
0
0
0
0
0
0
0
0
0
0
0
0
0
0
0
0
0
0
0
0
0
0
0
0
0
0
0
0
0
0
0
0
0
0
0
0
0
0
0
0
0
0
0
0
0
0
0
0
0
0
0
0
0
0
0
0
0
0
0
0
0
0
0
0
0
0
0
0
0
0
0
0
0
0
0
0
0
0
0
0
0
0
0
0
0
0
0
0
0
0
0
0
0
0
0
0
0
0
0
0
0
0
0
0
0
0
0
0
0
0
0
0
0
0
0
0
0
0
0
0
0
0
0
0
0
0
0
0
0
0
0
0
0
0
0
0
0
0
0
0
0
0
0
0
0
0
0
0
0
0
0
0
0
0
0
0
0
0
0
0
0
0
0
0
0
0
0
0
0
0
0
0
0
0
0
0
0
0
0
0
0
0
0
0
0
0
0
0
0
0
0
0
0
0
0
0
0
0
0
0
0
0
0
0
0
0
0
0
0
0
0
0
0
0
0
0
0
0
0
0
0
0
0
0
0
0
0
0
0
0
0
0
0
0
0
0
0
0
0
0
0
0
0
0
0
0
0
0
0
0
0
0
0
0
0
0
0
0
0
0
0
0
0
0
0
0
0
0
0
0
0
0
0
0
0
0
0
0
0
0
0
0
0
0
0
0
0
0
0
0
0
0
0
0
0
0
0
0
0
0
0
0
0
0
0
0
0
0
0.074841719
0.04800824
0.045596944
0.072803783
0.090424381
0
0
0
0
0
0
0
0
0
0
0
0
0
0
0
0
0
0
0
0
0
0
0
0
0
0
0
0
0
0
0
0
0
0
0
0
0
0
0
0
0
0
0
0
0
0
0
0
0
0
0
0
0
0
0
0
0
0
0
0
0
0
0
0
0
0
0
0
0
0
0
0
0
0
0
0
0
0
0
0
0
0
0
0
0
0
0
0
0
0
0
0
0
0
0
0
0
0
0
0
0
0
0
0
0
0
0
0
0
0
0
0
0
0
0
0
0
0
0
0
0
0
0
0
0
0
0
0
0
0
0
0
0
0
0
0
0
0
0
0
0
0
0
0
0
0
0
0
0
0
0
0
0
0
0
0
0
0
0
0
0
0
0
0
0
0
0
0
0
0
0
0
0
0
0
0
0
0
0
0
0
0
0
0
0
0
0
0
0
0
0
0
0
0
0
0
0
0
0
0
0
0
0
0
0
0
0
0
0
0
0
0
0
0
0
0
0
0
0
0
0
0
0
0
0
0
0
0
0
0
0
0
0
0
0
0
0
0
0
0
0
0
0
0
0
0
0
0
0
0
0
0
0
0
0
0
0
0
0
0
0
0
0
0
0
0
0
0
0
0
0.015821531
0.0019578801
0.041795543
0.011393299
0.036576628
0.043553359
0.067262946
0.079705754
0.03097274
0.037723124
0.051745439
0.07262659
0.083885866
0.052452122
0.038722374
0.051172172
0.068628278
0.088628929
0.074141085
0.04781126
0.04585796
0.072982144
0.090511063
0
0
0
0
0
0
0
0
0
0
0
0
0
0
0
0
0
0
0
0
0
0
0
0
0
0
0
0
0
0
0
0
0
0
0
0
0
0
0
0
0
0
0
0
0
0
0
0
0
0
0
0
0
0
0
0
0
0
0
0
0
0
0
0
0
0
0
0
0
0
0
0
0
0
0
0
0
0
0
0
0
0
0
0
0
0
0
0
0
0
0
0
0
0
0
0
0
0
0
0
0
0
0
0
0
0
0.035973541
0
0
0
0
0
0
0
0
0
0
0
0
0
0
0
0
0
0
0
0
0
0
0
0
0.041313507
0.051103311
0
0
0
0
0
0
0.0026073131
0
0
0
0
0
0
0
0
0
0
0
0
0
0
0
0
0
0
0
0
0
0
0
0
0
0.0065845041
0
0
0
0
0
0
0
0.0096044289
0.0078971931
0.032276653
0.028660237
0.043543522
0
0
0
0.0038240469
0.038099438
0.065992837
0.061306832
0.04812852
0
0
0
0
0
0
0.0010705248
0.024555014
0.0038566929
0
0.011504231
0.013240158
0.019775451
0.028184188
0.044000498
0.065172412
0.064730047
0.048775569
0.014727501
0
0
0
0.032130546
0.022560648
0.035980461
0.047783073
0.018176043
0
0.045582867
0.038980052
0.041364968
0.045568768
0.052733713
0.075312409
0.068499008
0.030786436
0.014844289
0.020845455
0.013765443
0.021624536
0.047416873
0.053761123
0.051282689
0.061341949
0.04089246
0.011598627
0.063139227
0.063808405
0.060416647
0.046703115
0.053024494
0.077364724
0.0736673
0.036005
0.052268389
0.040700715
0.032482173
0.035347821
0.064998799
0.065991365
0.071551362
0.06865363
0.054436132
0.025891999
0.022686073
0
0.053698873
0.0091095827
0.10181612
0.06295571
0.12084908
0.078100271
0.10274194
0.12351501
0.14624556
0.15365596
0.11779835
0.15434551
0.12202144
0
0
0
0
0
0
0
0
0
0
0
0
0
0
0
0
0
0
0
0
0
0
0
0
0
0
0
0
0
0
0
0
0
0
0
0
0
0
0
0
0
0
0
0
0
0
0
0
0
0
0
0
0
0
0
0
0.0088013452
0
0.029412765
0.02618211
0
0.04512615
0.03255916
0.053644017
0.065587556
0
0.07488669
0.054967551
0
0.07505563
0.097215155
0.12098473
0
0.095765057
0.099788444
0.052382219
0.10378887
0.12442711
0.14396563
0.11707594
0.11638197
0.079995817
0.13786702
0.15345016
0
0
0
0
0
0
0
0
0
0
0
0
0
0
0
0
0
0
0
0
0
0
0
0
0
0
0
0
0
0
0
0
0
0
0
0
0
0
0
0
0
0
0
0
0
0
0
0
0
0
0
0
0
0
0
0
0
0
0
0
0
0
0
0
0
0
0
0
0
0
0
0
0
0
0
0
0
0
0
0
0
0
0
0
0
0
0
0
0
0
0
0
0
0
0
0
0
0
0
0
0
0
0
0
0
0
0
0
0
0
0
0
0
0
0
0
0
0
0
0
0
0
0
0
0
0
0
0
0
0
0
0
0
0
0
0
0
0
0
0
0
0
0
0
0
0
0
0
0
0
0
0
0
0
0
0
0
0
0
0
0
0
0
0
0
0
0
0
0
0
0
0
0
0
0
0
0
0
0
0
0
0
0
0
0
0
0
0
0
0
0
0
0
0
0
0
0
0
0
0
0
0
0
0
0
0
0
0
0
0
0
0
0
0
0
0
0
0
0
0
0
0
0
0
0
0
0
0
0
0
0
0
0
0
0
0
0
0
0
0
0
0
0
0
0
0
0
0
0
0
0
0
0
0
0
0
0
0
0
0
0
0
0
0
0
0
0
0
0
0
0
0
0
0
0
0
0
0
0
0
0
0
0
0
0
0
0
0
0
0
0
0
0
0
0
0
0
0
0
0
0
0
0
0
0
0
0
0
0
0
0
0
0
0
0
0
0
0
0
0
0
0
0
0
0
0
0
0
0
0
0
0
0
0
0
0
0
0
0
0
0
0
0
0
0
0
0
0
0
0
0
0
0
0
0
0
0
0
0
0
0
0
0
0
0
0
0
0
0
0
0
0
0
0
0
0
0
0
0
0
0
0
0
0
0
0
0
0
0
0
0
0
0
0
0
0
0
0
0
0
0
0
0
0
0
0
0
0
0
0
0
0
0
0
0
0
0
0
0
0
0
0
0
0
0
0
0
0
0
0
0
0
0
0
0
0
0
0
0
0
0
0
0
0
0
0
0
0
0
0
0
0
0
0
0
0
0
0
0
0
0
0
0
0
0
0
0
0
0
0
0
0
0
0
0
0
0
0
0
0
0
0
0
0
0
0.025332175
0.059095337
0.036159438
0
0
0
0
0
0.0085987547
0.031468597
0.063112403
0.093952679
0.080013913
0.036328285
7.0513445e-05
0
0
0
0.027944225
0.032891491
0.051615631
0.09927671
0.10240913
0.086118869
0.036957095
0
0
0
0
0.045335073
0.043312704
0.058768252
0.095973095
0.11198848
0.0799595
0.038075017
0
0
0
0
0
0.051667045
0.052944386
0.0802973
0.088179142
0.098896935
0.074141687
0.029587507
0
0
0
0
0.058184758
0.055512154
0.066685379
0.085630592
0.088478446
0.057819623
0.02627136
0.0029057569
0
0
0
0
0
0
0
0
0
0
0
0
0
0
0
0
0
0.057140728
0.068884131
0.080803814
0.067057149
0.051873604
0.017197807
0
0.0024228856
0
0
0.074987344
0
0
0
0
0
0
0
0.046594658
0.062183217
0.052326446
0.081877747
0.045385751
0.088042411
0.035795011
0.066470721
0
0
0
0
0
0
0.01292289
0.016177664
0.0029288935
0.01148234
0
0
0
0
0
0
0.011600328
0
0
0
0
0
0.076109459
0.08565081
0.078398726
0.091698214
0.095162081
0.072828793
0.032933131
0.051484147
0
0
0
0
0
0
0
0
0
0
0
0
0
0
0
0
0
0
0
0
0
0
0
0
0
0.00069070065
0
0
0
0
0
0.01962942
0.0052993166
0.032666105
0.0064484734
0.053682842
0.026661083
0.055563746
0.055973321
0.068888866
0.054409347
0.074415371
0.071992985
0.075855085
0.077929817
0.080375799
0.088004852
0.084258727
0.076825657
0.084968576
0.080834236
0.090476299
0.091070381
0.081523244
0.07550778
0.08545033
0.07838246
0.091440752
0.094974418
0.071982357
0
0
0
0
0
0
0
0
0
0
0
0
0
0
0
0
0
0
0
0
0
0
0
0
0
0
0
0
0
0
0
0
0
0
0
0
0
0
0
0
0
0
0
0
0
0
0
0
0
0
0
0
0
0
0
0
0
0
0
0
0
0
0
0
0
0
0
0
0
0
0
0
0
0
0
0
0
0
0
0
0
0
0
0
0
0
0
0
0
0
0
0
0
0
0
0
0
0
0
0
0
0
0
0
0
0
0
0
0
0
0
0
0
0
0
0
0
0
0
0
0
0
0
0
0
0
0
0
0
0
0
0
0
0
0
0
0
0
0
0
0
0
0
0
0
0
0
0
0
0
0
0
0
0
0
0
0
0
0
0
0
0
0
0
0
0
0
0
0
0
0
0
0
0
0
0
0
0
0
0
0
0
0
0
0
0
0
0
0
0
0
0
0
0
0
0
0
0
0
0
0
0
0
0
0
0
0
0
0
0
0
0
0
0
0
0
0
0
0
0
0
0
0
0
0
0
0
0
0
0
0
0
0
0
0
0
0
0
0
0
0
0
0
0
0
0
0
0
0
0
0
0
0
0
0
0
0
0
0
0
0
0
0
0
0
0
0
0
0
0
0
0
0
0
0
0
0
0
0
0
0
0
0
0
0
0
0
0
0
0
0
0
0
0
0
0
0
0
0
0
0
0
0
0
0
0
0
0
0
0
0
0
0
0
0
0
0
0
0
0
0
0
0
0
0
0
0
0
0
0
0
0
0
0
0
0
0
0
0
0
0
0
0
0
0
0
0
0
0
0
0
0
0
0
0
0.010405354
0
0
0
0
0
0
0
0
0
0
0
0
0
0
0
0
0
0
0
0
0
0
0
0
0
0
0
0
0
0
0
0
0
0
0
0
0
0
0
0
0
0
0
0
0
0
0
0
0
0
0
0
0
0
0
0
0
0
0
0
0
0
0
0
0
0
0
0
0
0
0
0
0
0
0
0
0
0
0
0
0
0
0
0
0
0
0
0
0
0
0
0
0
0
0
0
0
0
0
0
0
0
0
0
0
0
0
0
0
0
0
0
0
0
0
0
0
0
0
0
0
0
0
0
0
0
0
0
0
0
0
0
0
0
0
0
0
0
0
0
0
0
0
5.8420915e-05
0
0
0
0
0
0
0
0
0
0
0
0
0
0
0
0
0
0
0
0
0
0
0
0
0
0
0
0
0
0
0
0
0
0
0
0
0
0
0
0
0
0
0.0026021054
0
0.0016017614
0
0.075850638
0
0
0
0
0
0
0
0
0
0
0
0
0.0080138082
0.023528389
0
0.0039353763
0.029155005
0.048625345
0
0
0
0
0
0
0
0
0
0
0
0
0
0
0
0
0
0
0
0
0
0
0
0
0
0
0
0
0
0
0
0
0
0
0
0
0
0
0
0
0
0
0
0
0
0
0
0
0
0
0
0
0
0
0
0
0
0
0
0
0
0
0
0
0
0
0
0
0
0
0
0
0
0
0
0
0
0
0
0
0
0
0
0
0
0
0
0
0
0
0
0
0
0
0
0
0
0
0
0
0
0
0
0
0
0
0
0
0
0
0
0
0
0
0
0
0
0
0
0
0
0
0
0
0
0
0
0
0
0
0
0
0
0
0
0
0
0
0
0
0
0
0
0
0
0
0
0
0
0
0
0
0
0
0
0
0
0
0
0
0
0
0
0
0
0
0
0
0
0
0
0
0
0
0
0
0
0
0
0
0
0
0
0
0
0
0
0
0
0
0
0
0
0
0
0
0
0
0
0
0
0
0
0
0
0
0
0
0
0
0
0
0
0
0
0
0
0
0
0
0
0
0
0
0
0
0
0
0
0
0
0
0
0
0
0
0
0
0
0
0
0
0
0
0
0
0
0
0
0
0
0
0
0
0
0
0
0
0
0
0
0
0
0
0
0
0
0
0
0
0
0
0
0
0
0
0
0
0
0
0
0
0
0
0
0
0
0
0
0
0
0
0
0
0
0
0
0
0
0
0
0
0
0
0
0
0
0
0
0
0
0
0
0
0
0
0
0
0
0
0
0
0
0
0
0
0
0
0
0
0
0
0
0
0
0
0
0
0
0
0
0
0
0
0
0
0
0
0
0
0
0
0
0
0
0
0
0
0
0
0
0
0
0
0
0
0
0
0
0
0
0
0
0
0
0
0
0
0
0
0
0
0
0
0
0
0
0
0
0
0
0
0
0
0
0
0
0
0
0
0
0
0
0
0
0
0
0
0
0
0
0
0
0
0
0
0
0
0
0
0
0
0
0
0
0
0
0
0
0
0
0
0
0
0
0
0
0
0
0
0
0
0
0
0
0
0
0
0
0
0
0
0
0
0
0
0
0
0
0
0
0
0
0
0
0
0
0
0
0
0
0
0
0
0
0
0
0
0
0
0
0
0
0
0
0
0
0
0
0
0
0
0
0
0
0
0
0
0
0
0
0
0
0
0
0
0
0
0
0
0
0
0
0
0
0
0
0
0
0
0
0
0
0
0
0
0
0
0
0
0
0
0.1196771
0.11796073
0.081227843
0
0
0
0
0
0
0
0
0
0
0
0
0
0
0
0
0
0
0
0
0
0
0
0
0
0
0
0
0
0
0
0
0
0
0
0
0
0
0
0
0
0
0
0
0
0
0
0
0
0
0
0
0
0
0
0
0
0
0
0
0
0
0
0
0
0
0
0
0
0
0
0
0
0
0
0
0
0
0
0
0
0
0
0
0
0
0
0
0
0
0
0
0
0
0
0
0
0
0
0
0
0
0
0
0
0
0
0
0
0
0
0
0
0
0
0
0
0
0
0
0
0
0
0
0
0
0
0
0
0
0
0
0
0
0
0
0
0
0
0
0
0
0
0
0
0
0
0
0
0
0
0
0
0
0
0
0
0
0
0
0
0
0
0
0
0
0
0
0
0
0
0
0
0
0
0
0
0
0
0
0
0
0
0
0
0
0
0
0
0
0
0
0
0
0
0
0
0
0
0
0
0
0
0
0
0
0
0
0
0
0
0
0
0
0
0
0
0
0
0
0
0
0
0
0
0
0
0
0
0
0
0
0
0
0
0
0
0
0
0
0
0
0
0
0
0
0
0
0
0
0
0
0
0
0
0
0
0
0
0
0
0
0
0
0
0
0
0
0
0
0
0
0
0
0
0
0
0
0
0
0
0
0
0
0
0
0
0
0
0
0
0
0
0
0
0
0
0
0
0
0
0
0
0
0
0
0
0
0
0
0
0
0
0
0
0
0
0
0
0
0
0
0
0
0
0
0
0
0
0
0
0
0
0
0
0
0
0
0
0
0
0
0
0
0
0
0
0
0
0
0
0
0
0
0
0
0
0
0
0
0
0
0
0
0
0
0
0
0
0
0
0
0
0
0
0
0
0
0
0
0
0
0
0
0
0
0
0
0
0
0
0
0
0
0
0
0
0
0.078211224
0.052344481
0.052815902
0.069061728
0.08841926
0
0
0
0
0
0
0
0
0
0
0
0
0
0
0
0
0
0
0
0
0
0
0
0
0
0
0
0
0
0
0
0
0
0
0
0
0
0
0
0
0
0
0
0
0
0
0
0
0
0
0
0
0
0
0
0
0
0
0
0
0
0
0
0
0
0
0
0
0
0
0
0
0
0
0
0
0
0
0
0
0
0
0
0
0
0
0
0
0
0
0
0
0
0
0
0
0
0
0
0
0
0
0
0
0
0
0
0
0
0
0
0
0
0
0
0
0
0
0
0
0
0
0
0
0
0
0
0
0
0
0
0
0
0
0
0
0
0
0
0
0
0
0
0
0
0
0
0
0
0
0
0
0
0
0
0
0
0
0
0
0
0
0
0
0
0
0
0
0
0
0
0
0
0
0
0
0
0
0
0
0
0
0
0
0
0
0
0
0
0
0
0
0
0
0
0
0
0
0
0
0
0
0
0
0
0
0
0
0
0
0
0
0
0
0
0
0
0
0
0
0
0
0
0
0
0
0
0
0
0
0
0
0
0
0
0
0
0
0
0
0
0
0
0
0
0
0
0
0
0
0
0
0
0
0
0
0
0
0
0
0
0
0
0
0
0
0
0
0
0
0
0
0
0
0
0
0
0
0
0.026247116
0.0076812204
0.029253099
0.030289905
0.056307149
0.073727203
0.02588697
0.035417076
0.045994899
0.069914568
0.081665772
0.050247238
0.037307965
0.050599397
0.068455911
0.088273811
0.072667436
0.047292256
0.045737782
0.07271744
0.090495145
0.077534708
0.052079874
0.052741119
0.068726602
0.088599444
0
0
0
0
0
0
0
0
0
0
0
0
0
0
0
0
0
0
0
0
0
0
0
0
0
0
0
0
0
0
0
0
0
0
0
0
0
0
0
0
0
0
0
0
0
0
0
0
0
0
0
0.028448171
0
0
0
0
0
0
0
0
0
0
0
0
0
0
0
0
0
0
0
0
0
0
0
0
0
0
0
0
0
0
0
0
0
0
0
0
0
0
0
0
0
0
0
0
0
0.037957664
0.047243226
0
0
0
0
0
0
0
0
0
0
0
0
0
0
0
0
0
0
0
0
0.0033415355
0.036810534
0.064496735
0.060025165
0
0
0
0
0
0
0
0.021861547
0
0
0
0
0
0
0
0
0
0
0
0
0
0
0
0
0
0
0
0
0
0.0085773788
0
0.0064540533
0.021305411
0.017548771
0
0
0
0
0
0
0.00053409631
0.02679731
0.023765539
0.041048366
0.047967061
0.011042991
0.014416971
0.020946584
0.028424957
0.043389975
0.064242528
0.064331981
0.05050214
0.015510027
0
0
0
0.032242044
0.019476943
0.034524419
0.046980409
0.015403383
0
0.045743017
0.039706363
0.042827883
0.045451077
0.052617088
0.074792668
0.069162927
0.031889952
0.015656939
0.021260056
0.014499502
0.022390595
0.048442736
0.053331985
0.051041836
0.061234437
0.040129499
0.011181848
0.063270974
0.063951356
0.060185149
0.046746109
0.053018335
0.076858109
0.073277385
0.037289852
0.052952695
0.042379661
0.03408213
0.036597772
0.065432256
0.066997692
0.071828124
0.068489359
0.054021266
0.025769261
0.0856079
0.069805822
0.057555996
0.049266086
0.065335284
0.085082811
0.048423085
0.062938886
0.06768307
0.047929284
0.047344248
0.052060483
0.076545898
0.076621164
0.07382943
0.071676323
0.063648645
0.033974362
0.037605436
0.0012264876
0.085648905
0.049078941
0.10728467
0.066241749
0.15111034
0.10968886
0.14124943
0.15495465
0.14846727
0.12484446
0.15007237
0.12736474
0
0
0
0
0
0
0
0
0
0
0
0
0
0
0
0
0
0
0
0
0
0
0
0
0
0
0
0
0
0
0
0
0
0
0
0
0
0
0
0
0
0
0
0
0
0
0
0.019968238
0.017015919
0
0.033762685
0.019645468
0.036601636
0.045321635
0
0.07165574
0.050230269
0
0.067629629
0.082396603
0.1051514
0
0.094710979
0.098979766
0.051049434
0.10116905
0.12001614
0.13513352
0
0.12112145
0.11887503
0.081821497
0.14160576
0.15385676
0.13184804
0.14164795
0.11414052
0.14527874
0.15693035
0
0
0
0
0
0
0
0
0
0
0
0
0
0
0
0
0
0
0
0
0
0
0
0
0
0
0
0
0
0
0
0
0
0
0
0
0
0
0
0
0
0
0
0
0
0
0
0
0
0
0
0
0
0
0
0
0
0
0
0
0
0
0
0
0
0
0
0
0
0
0
0
0
0
0
0
0
0
0
0
0
0
0
0
0
0
0
0
0
0
0
0
0
0
0
0
0
0
0
0
0
0
0
0
0
0
0
0
0
0
0
0
0
0
0
0
0
0
0
0
0
0
0
0
0
0
0
0
0
0
0
0
0
0
0
0
0
0
0
0
0
0
0
0
0
0
0
0
0
0
0
0
0
0
0
0
0
0
0
0
0
0
0
0
0
0
0
0
0
0
0
0
0
0
0
0
0
0
0
0
0
0
0
0
0
0
0
0
0
0
0
0
0
0
0
0
0
0
0
0
0
0
0
0
0
0
0
0
0
0
0
0
0
0
0
0
0
0
0
0
0
0
0
0
0
0
0
0
0
0
0
0
0
0
0
0
0
0
0
0
0
0
0
0
0
0
0
0
0
0
0
0
0
0
0
0
0
0
0
0
0
0
0
0
0
0
0
0
0
0
0
0
0
0
0
0
0
0
0
0
0
0
0
0
0
0
0
0
0
0
0
0
0
0
0
0
0
0
0
0
0
0
0
0
0
0
0
0
0
0
0
0
0
0
0
0
0
0
0
0
0
0
0
0
0
0
0
0
0
0
0
0
0
0
0
0
0
0
0
0
0
0
0
0
0
0
0
0
0
0
0
0
0
0
0
0
0
0
0
0
0
0
0
0
0
0
0
0
0
0
0
0
0
0
0
0
0
0
0
0
0
0
0
0
0
0
0
0
0
0
0
0
0
0
0
0
0
0
0
0
0
0
0
0
0
0
0
0
0
0
0
0
0
0
0
0
0
0
0
0
0
0
0
0
0
0
0
0
0
0
0
0
0
0
0
0
0
0
0
0
0
0
0
0
0
0
0
0
0
0
0
0
0
0
0
0
0
0
0
0
0
0.0086891809
0.044474256
0.027061558
0
0
0
0
0
0
0.020106181
0.048036074
0.081439826
0.072118876
0.034546238
0
0
0
0
0.013717317
0.023245978
0.040040496
0.085596164
0.090399859
0.081100257
0.036399433
0
0
0
0
0.032095491
0.037971451
0.047014456
0.086353799
0.10089175
0.075363056
0.037465962
0
0
0
0
0
0.047899889
0.052501598
0.074310451
0.079883481
0.092221246
0.06984158
0.031990116
0
0
0
0
0.056599038
0.055304086
0.065755707
0.083325797
0.083790642
0.056445736
0.027648805
0.004153074
0
0
0
0
0.056342248
0.074145002
0.068712302
0.079942171
0.066080272
0.051583392
0.020196621
0.002818323
0.0039403157
0
0
0
0
0
0
0
0
0
0
0
0
0
0
0.061866171
0.064741839
0.069380091
0.070099022
0.04127418
0.033735586
0.012868429
0.019496577
0.022190594
0.0079288179
0.031856475
0.076108831
0.004501596
0
0
0
0
0
0.038736475
0.048641514
0.048406202
0.075262154
0.044398967
0.08583559
0.03536648
0.065633399
0.032779214
0.051250472
0
0
0
0
0
0.014731343
0.02083066
0.011060232
0.011593826
0.032181943
0
0
0
0
0
0.0014132464
0.032015532
0
0
0
0.002509461
0.0087391727
0.071401454
0.081921703
0.086654465
0.076590225
0.095502571
0.09538838
0.063503764
0.044270202
0.061903945
0
0
0
0
0
0
0
0
0
0
0
0
0
0
0
0
0
0
0
0
0
0.00018724591
0
0.026414822
0.0031470614
0.043688335
0
0
0
0
0.0086999067
0.043458887
0.049629383
0.065975939
0.052108144
0.071249566
0.057059472
0.073743324
0.076878217
0.079290581
0.086697043
0.075909617
0.075948308
0.084523782
0.080632034
0.089965431
0.090400959
0.078328651
0.07463981
0.085197082
0.078348818
0.091069893
0.094649652
0.070764552
0.070866115
0.081580896
0.086442173
0.076428064
0.094966239
0.095161108
0.062841739
0
0
0
0
0
0
0
0
0
0
0
0
0
0
0
0
0
0
0
0
0
0
0
0
0
0
0
0
0
0
0
0
0
0
0
0
0
0
0
0
0
0
0
0
0
0
0
0
0
0
0
0
0
0
0
0
0
0
0
0
0
0
0
0
0
0
0
0
0
0
0
0
0
0
0
0
0
0
0
0
0
0
0
0
0
0
0
0
0
0
0
0
0
0
0
0
0
0
0
0
0
0
0
0
0
0
0
0
0
0
0
0
0
0
0
0
0
0
0
0
0
0
0
0
0
0
0
0
0
0
0
0
0
0
0
0
0
0
0
0
0
0
0
0
0
0
0
0
0
0
0
0
0
0
0
0
0
0
0
0
0
0
0
0
0
0
0
0
0
0
0
0
0
0
0
0
0
0
0
0
0
0
0
0
0
0
0
0
0
0
0
0
0
0
0
0
0
0
0
0
0
0
0
0
0
0
0
0
0
0
0
0
0
0
0
0
0
0
0
0
0
0
0
0
0
0
0
0
0
0
0
0
0
0
0
0
0
0
0
0
0
0
0
0
0
0
0
0
0
0
0
0
0
0
0
0
0
0
0
0
0
0
0
0
0
0
0
0
0
0
0
0
0
0
0
0
0
0
0
0
0
0
0
0
0
0
0
0
0
0
0
0
0
0
0
0
0
0
0
0
0
0
0
0
0.0074080173
0
0
0
0
0
0
0
0
0
0
0
0
0
0
0
0
0
0
0
0
0
0
0
0
0
0
0
0
0
0
0
0
0
0.0049170996
0
0
0
0
0
0
0
0
0.0010793326
0.011705051
0.029397967
0
0
0
0
0
0
0
0
0
0
0
0
0
0
0
0
0
0
0
0
0
0
0
0
0
0
0
0
0
0
0
0
0
0
0
0
0
0
0
0
0
0
0
0
0
0
0
0
0
0
0
0
0
0
0
0
0
0
0
0
0
0
0
0
0
0
0
0
0
0
0
0
0
0
0
0
0
0
0
0
0
0
0
0
0
0
0
0
0
0
0
0
0
0
0
0
0
0
0
0
0
0
0
0
0
0
0
0
0
0
0
0
0
0
0
0
0
0
0
0
0
0
0
0
0
0
0
0
0
0
0
0
0
0.020611662
0.013942439
0
0
0
0
0
0
0
0
0
0.0003616778
0.021159566
0
0
0
0
0
0
0
0
0
0
0
0
0
0
0
0
0
0
0.014396727
0
0
0
0
0
0
0
0
0
0
0
0
0
0
0
0
0
0
0
0.0030341182
0.011905342
0.025420038
0.026318076
0.011531826
0.024468287
0.025258258
0.076645545
0.096125666
0
0
0
0
0
0
0
0
0
0
0.012595825
0.024215118
0.049087525
0
0.0013803914
0.034375153
0.065289376
0
0
0
0
0
0
0
0
0
0
0
0
0
0
0
0
0
0
0
0
0
0
0
0
0
0
0
0
0
0
0
0
0
0
0
0
0
0
0
0
0
0
0
0
0
0
0
0
0
0
0
0
0
0
0
0
0
0
0
0
0
0
0
0
0
0
0
0
0
0
0
0
0
0
0
0
0
0
0
0
0
0
0
0
0
0
0
0
0
0
0
0
0
0
0
0
0
0
0
0
0
0
0
0
0
0
0
0
0
0
0
0
0
0
0
0
0
0
0
0
0
0
0
0
0
0
0
0
0
0
0
0
0
0
0
0
0
0
0
0
0
0
0
0
0
0
0
0
0
0
0
0
0
0
0
0
0
0
0
0
0
0
0
0
0
0
0
0
0
0
0
0
0
0
0
0
0
0
0
0
0
0
0
0
0
0
0
0
0
0
0
0
0
0
0
0
0
0
0
0
0
0
0
0
0
0
0
0
0
0
0
0
0
0
0
0
0
0
0
0
0
0
0
0
0
0
0
0
0
0
0
0
0
0
0
0
0
0
0
0
0
0
0
0
0
0
0
0
0
0
0
0
0
0
0
0
0
0
0
0
0
0
0
0
0
0
0
0
0
0
0
0
0
0
0
0
0
0
0
0
0
0
0
0
0
0
0
0
0
0
0
0
0
0
0
0
0
0
0
0
0
0
0
0
0
0
0
0
0
0
0
0
0
0
0
0
0
0
0
0
0
0
0
0
0
0
0
0
0
0
0
0
0
0
0
0
0
0
0
0
0
0
0
0
0
0
0
0
0
0
0
0
0
0
0
0
0
0
0
0
0
0
0
0
0
0
0
0
0
0
0
0
0
0
0
0
0
0
0
0
0
0
0
0
0
0
0
0
0
0
0
0
0
0
0
0
0
0
0
0
0
0
0
0
0
0
0
0
0
0
0
0
0
0
0
0
0
0
0
0
0
0
0
0
0
0
0
0
0
0
0
0
0
0
0
0
0
0
0
0
0
0
0
0
0
0
0
0
0
0
0
0
0
0
0
0
0
0
0
0
0
0
0
0
0
0
0
0
0
0
0
0
0
0
0
0
0
0
0
0
0
0
0
0
0
0
0
0
0
0
0
0
0
0
0
0
0
0
0
0
0
0
0
0
0
0
0
0
0
0
0
0
0
0
0
0
0
0
0
0
0
0
0
0
0
0
0
0
0
0
0
0
0
0
0
0
0
0
0
0
0
0
0
0
0
0
0
0
0
0
0
0
0
0
0
0
0
0
0
0.13487393
0.14400895
0.11538088
0
0
0
0
0
0
0
0
0
0
0
0
0
0
0
0
0
0
0
0
0
0
0
0
0
0
0
0
0
0
0
0
0
0
0
0
0
0
0
0
0
0
0
0
0
0
0
0
0
0
0
0
0
0
0
0
0
0
0
0
0
0
0
0
0
0
0
0
0
0
0
0
0
0
0
0
0
0
0
0
0
0
0
0
0
0
0
0
0
0
0
0
0
0
0
0
0
0
0
0
0
0
0
0
0
0
0
0
0
0
0
0
0
0
0
0
0
0
0
0
0
0
0
0
0
0
0
0
0
0
0
0
0
0
0
0
0
0
0
0
0
0
0
0
0
0
0
0
0
0
0
0
0
0
0
0
0
0
0
0
0
0
0
0
0
0
0
0
0
0
0
0
0
0
0
0
0
0
0
0
0
0
0
0
0
0
0
0
0
0
0
0
0
0
0
0
0
0
0
0
0
0
0
0
0
0
0
0
0
0
0
0
0
0
0
0
0
0
0
0
0
0
0
0
0
0
0
0
0
0
0
0
0
0
0
0
0
0
0
0
0
0
0
0
0
0
0
0
0
0
0
0
0
0
0
0
0
0
0
0
0
0
0
0
0
0
0
0
0
0
0
0
0
0
0
0
0
0
0
0
0
0
0
0
0
0
0
0
0
0
0
0
0
0
0
0
0
0
0
0
0
0
0
0
0
0
0
0
0
0
0
0
0
0
0
0
0
0
0
0
0
0
0
0
0
0
0
0
0
0
0
0
0
0
0
0
0
0
0
0
0
0
0
0
0
0
0
0
0
0
0
0
0
0
0
0
0
0
0
0
0
0
0
0
0
0
0
0
0
0
0
0
0
0
0
0
0
0
0
0
0
0
0
0
0
0
0
0
0
0
0
0
0
0
0
0
0
0.1115012
0.070329655
0.053760054
0.073924516
0.090300131
0
0
0
0
0
0
0
0
0
0
0
0
0
0
0
0
0
0
0
0
0
0
0
0
0
0
0
0
0
0
0
0
0
0
0
0
0
0
0
0
0
0
0
0
0
0
0
0
0
0
0
0
0
0
0
0
0
0
0
0
0
0
0
0
0
0
0
0
0
0
0
0
0
0
0
0
0
0
0
0
0
0
0
0
0
0
0
0
0
0
0
0
0
0
0
0
0
0
0
0
0
0
0
0
0
0
0
0
0
0
0
0
0
0
0
0
0
0
0
0
0
0
0
0
0
0
0
0
0
0
0
0
0
0
0
0
0
0
0
0
0
0
0
0
0
0
0
0
0
0
0
0
0
0
0
0
0
0
0
0
0
0
0
0
0
0
0
0
0
0
0
0
0
0
0
0
0
0
0
0
0
0
0
0
0
0
0
0
0
0
0
0
0
0
0
0
0
0
0
0
0
0
0
0
0
0
0
0
0
0
0
0
0
0
0
0
0
0
0
0
0
0
0
0
0
0
0
0
0
0
0
0
0
0
0
0
0
0
0
0
0
0
0
0
0
0
0
0
0
0
0
0
0
0
0
0
0
0
0
0
0
0
0
0
0
0
0
0
0
0
0
0
0
0
0
0
0
0
0
0
0.0098707453
0.043242688
0.062840455
0.020705295
0.030676733
0.036938132
0.06255147
0.076512474
0.045433623
0.034174354
0.045771511
0.065436322
0.086976357
0.068937196
0.046168551
0.044604325
0.071938171
0.090223722
0.075930432
0.051309082
0.052344511
0.067882237
0.088477171
0.11023953
0.069756234
0.053594788
0.073154509
0.090048739
0
0
0
0
0
0
0
0
0
0
0
0
0
0
0
0
0
0
0
0
0
0
0
0
0
0
0
0
0
0
0
0
0
0
0
0
0
0
0
0
0.015943549
0
0
0
0
0
0.032309088
0.039226487
0
0
0
0
0
0
0
0
0
0
0
0
0
0
0
0
0
0
0
0
0
0
0
0
0
0
0
0
0
0
0
0
0
0
0
0
0
0
0
0
0
0
0
0
0
0
0
0
0.0013279722
0.034439609
0.061699798
0.055662135
0
0
0
0
8.7662073e-05
0
0
0.015197354
0
0
0
0
0
0
0
0
0
0.010411813
0.014850826
0.021290489
0.027996681
0.042452019
0.062659184
0.062494245
0.016489794
0
0
0
0.03237594
0.0097252256
0.030898993
0.044881158
0.0079536801
0
0
0
0
0
0
0
0
0
0
0
0
0
0
0
0
0
0
0
0
0.0074622959
0.014095463
0.0068518821
0.022793713
0
0.018508985
0.025664388
0.028478867
0
0
0
0
0
0
0.017184538
0.016941262
0.034571385
0.044051896
0.048605933
0.046107015
0.041317191
0.043628001
0.044987655
0.052302287
0.07364422
0.068387842
0.032825997
0.016395355
0.019889072
0.014857054
0.023119282
0.049264726
0.050734808
0.049300097
0.060645972
0.038086338
0.0097612084
0.063825095
0.064042263
0.060063632
0.046705627
0.05297629
0.075836183
0.072600362
0.038553077
0.053782672
0.043331609
0.035102591
0.03777591
0.066209643
0.067693826
0.071979173
0.068106855
0.05307626
0.024852739
0.085548814
0.069760199
0.05739208
0.049264645
0.065232525
0.084602301
0.049614061
0.063584197
0.069003558
0.049933313
0.048708999
0.053407715
0.076701969
0.077647934
0.074221468
0.071489028
0.06307554
0.033644673
0.087444673
0.066704962
0.054522405
0.051417186
0.064346085
0.084587487
0.067733674
0.075508003
0.074477172
0.06143219
0.059483693
0.064748079
0.084568487
0.081594012
0.078170336
0.075040966
0.068004786
0.067857456
0.036882822
0.092153108
0.054477682
0.14315171
0.096363708
0.14477704
0.11980175
0.14874972
0.15784507
0.16044759
0.14365422
0.16097177
0.14564364
0
0
0
0
0
0
0
0
0
0
0
0
0
0
0
0
0
0
0
0
0
0
0
0
0
0
0
0
0
0
0
0
0
0
0
0
0
0
0
0
0
0.01149684
0.010184377
0
0.021944118
0.0044512609
0.019030045
0.028714419
0
0.063143428
0.04311219
0
0.055335134
0.064761168
0.087113166
0
0.091280377
0.096841096
0.047076768
0.092016631
0.10730031
0.11996372
0
0.12122853
0.11902639
0.080841759
0.13714484
0.14766311
0.077152398
0.13665854
0.14577326
0.11606873
0.1508722
0.15672939
0.15163236
0.1281591
0.1542478
0.16351397
0
0
0
0
0
0
0
0
0
0
0
0
0
0
0
0
0
0
0
0
0
0
0
0
0
0
0
0
0
0
0
0
0
0
0
0
0
0
0
0
0
0
0
0
0
0
0
0
0
0
0
0
0
0
0
0
0
0
0
0
0
0
0
0
0
0
0
0
0
0
0
0
0
0
0
0
0
0
0
0
0
0
0
0
0
0
0
0
0
0
0
0
0
0
0
0
0
0
0
0
0
0
0
0
0
0
0
0
0
0
0
0
0
0
0
0
0
0
0
0
0
0
0
0
0
0
0
0
0
0
0
0
0
0
0
0
0
0
0
0
0
0
0
0
0
0
0
0
0
0
0
0
0
0
0
0
0
0
0
0
0
0
0
0
0
0
0
0
0
0
0
0
0
0
0
0
0
0
0
0
0
0
0
0
0
0
0
0
0
0
0
0
0
0
0
0
0
0
0
0
0
0
0
0
0
0
0
0
0
0
0
0
0
0
0
0
0
0
0
0
0
0
0
0
0
0
0
0
0
0
0
0
0
0
0
0
0
0
0
0
0
0
0
0
0
0
0
0
0
0
0
0
0
0
0
0
0
0
0
0
0
0
0
0
0
0
0
0
0
0
0
0
0
0
0
0
0
0
0
0
0
0
0
0
0
0
0
0
0
0
0
0
0
0
0
0
0
0
0
0
0
0
0
0
0
0
0
0
0
0
0
0
0
0
0
0
0
0
0
0
0
0
0
0
0
0
0
0
0
0
0
0
0
0
0
0
0
0
0
0
0
0
0
0
0
0
0
0
0
0
0
0
0
0
0
0
0
0
0
0
0
0
0
0
0
0
0
0
0
0
0
0
0
0
0
0
0
0
0
0
0
0
0
0
0
0
0
0
0
0
0
0
0
0
0
0
0
0
0
0
0
0
0
0
0
0
0
0
0
0
0
0
0
0
0
0
0
0
0
0
0
0
0
0
0
0
0
0
0
0
0
0
0
0
0
0
0
0
0
0
0
0
0
0
0
0
0
0
0
0
0
0
0
0
0
0
0.027598217
0.015622834
0
0
0
0
0
0
0.011592179
0.035626341
0.067201823
0.061534244
0.031395731
0
0
0
0
0.0024002309
0.014884034
0.03113989
0.07394032
0.078353326
0.07338578
0.035033142
0
0
0
0
0.019359743
0.029198077
0.035791987
0.075745448
0.090803366
0.06805676
0.036812885
0
0
0
0
0
0.039489359
0.048101902
0.062362458
0.069840064
0.084130305
0.063651798
0.033670949
0
0
0
0
0.052725616
0.053375582
0.063686052
0.078646007
0.075929096
0.053345192
0.03080436
0.0064081296
0
0
0
0
0.054576935
0.072751113
0.068324971
0.078588939
0.063877735
0.050104754
0.024243525
0.0069214883
0.0056057159
0
0
0.061330162
0.075269202
0.064505538
0.069032144
0.068942173
0.043170838
0.035880955
0.016563514
0.02144625
0.02267828
0.0083179896
0.031554014
0
0
0
0
0
0
0
0
0
0
0
0.075994925
0.065848283
0.065946883
0.062491395
0.056451678
0.04097875
0.032065075
0.037123553
0.054610096
0.04855828
0.041940427
0.087377058
0.023608547
0
0
0
0
0.028415913
0.033640662
0.041885408
0.065041861
0.04271822
0.081765425
0.034670215
0.064155601
0.032590141
0.050225631
0.044457598
0.06139754
0
0
0
0
0.017629849
0.024210121
0.017097838
0.011904066
0.032133814
0.041203488
0
0
0
0
0.0047541923
0.023428795
0.04072569
0
0
0.01030949
0.015469025
0.02354364
0.077104099
0.0831865
0.07494565
0.094194233
0.094834043
0.061973547
0.064881055
0.056136281
0.065229874
0
0
0
0
0
0
0
0
0
0
0
0
0
0
0
0
0
0
0
0
0.016865965
0
0.030395305
0.027819837
0.038304439
0.060367792
0.048572241
0.065565963
0
0
0
0
0.043117937
0.068307242
0.074538726
0.077343516
0.084039662
0.065373512
0.073915024
0.083673497
0.079982636
0.08895694
0.089105447
0.072414923
0.073121839
0.084778737
0.078144956
0.090483413
0.094068358
0.068441294
0.070279462
0.081217587
0.086230565
0.076094589
0.094210868
0.094763057
0.061836328
0.076733069
0.082948718
0.074506356
0.093442742
0.094488618
0.061392776
0
0
0
0
0
0
0
0
0
0
0
0
0
0
0
0
0
0
0
0
0
0
0
0
0
0
0
0
0
0
0
0
0
0
0
0
0
0
0
0
0
0
0
0
0
0
0
0
0
0
0
0
0
0
0
0
0
0
0
0
0
0
0
0
0
0
0
0
0
0
0
0
0
0
0
0
0
0
0
0
0
0
0
0
0
0
0
0
0
0
0
0
0
0
0
0
0
0
0
0
0
0
0
0
0
0
0
0
0
0
0
0
0
0
0
0
0
0
0
0
0
0
0
0
0
0
0
0
0
0
0
0
0
0
0
0
0
0
0
0
0
0
0
0
0
0
0
0
0
0
0
0
0
0
0
0
0
0
0
0
0
0
0
0
0
0
0
0
0
0
0
0
0
0
0
0
0
0
0
0
0
0
0
0
0
0
0
0
0
0
0
0
0
0
0
0
0
0
0
0
0
0
0
0
0
0
0
0
0
0
0
0
0
0
0
0
0
0
0
0
0
0
0
0
0
0
0
0
0
0
0
0
0
0
0
0
0
0
0
0
0
0
0
0
0
0
0
0
0
0
0
0
0
0
0
0
0
0
0
0
0
0
0
0
0
0
0
0
0
0
0
0
0
0
0
0
0
0
0
0
0
0
0
0
0
0
0
0
0
0
0
0
0
0
0
0
0
0
0
0
0
0
0.0089013954
0
0
0
0.016459227
0
0
0
0
0
0
0
0
0
0
0
0
0
0
0
0
0
0
0
0
0
0
0
0
0
0
0
0
0
0
0
0.0062368557
0
0.002524627
0
0
0
0
0
0
0
0
0
0.0022425507
0.013096558
0.029959615
0.034578798
0
0
0
0
0
0
0
0
0
0
0
0
0
0
0
0
0
0
0
0
0
0
0
0
0
0
0
0
0
0
0
0
0
0
0
0
0
0
0
0
0
0
0
0
0
0
0
0
0
0
0
0
0
0
0
0
0
0
0
0
0
0
0
0
0
0
0
0
0
0
0
0
0
0
0
0
0
0
0
0
0
0
0
0
0
0
0
0
0
0
0
0
0
0
0
0
0
0
0
0
0
0
0
0
0
0
0
0
0
0
0
0
0
0
0
0
0
0
0
0
0
0
0
0
0
0
0
0
0
0
0
0
0
0
0.039286775
0.034068168
0
0
0
0
0
0
0
0.00019499874
0.021294807
0.0396445
0
0
0
0
0
0
0
0
0
0
0
0
0.014587084
0.034458611
0
0
0
0
0
0
0
0
0
0
0
0
0
0
0
0
0.0039885229
0.01087312
0.025543722
0.02693928
0.10021317
0.054767027
0.059354412
0.098763853
0.054437135
0.058905663
0.097080781
0.12531594
0
0
0
0
0
0
0
0
0.016392626
0.024892648
0.049064512
0.065822043
0
0.024283183
0.07761151
0.085429921
0
0
0
0
0
0
0
0
0
0
0
0
0
0
0
0
0
0
0
0
0
0
0
0
0
0
0
0
0
0
0
0
0
0
0
0
0
0
0
0
0
0
0
0
0
0
0
0
0
0
0
0
0
0
0
0
0
0
0
0
0
0
0
0
0
0
0
0
0
0
0
0
0
0
0
0
0
0
0
0
0
0
0
0
0
0
0
0
0
0
0
0
0
0
0
0
0
0
0
0
0
0
0
0
0
0
0
0
0
0
0
0
0
0
0
0
0
0
0
0
0
0
0
0
0
0
0
0
0
0
0
0
0
0
0
0
0
0
0
0
0
0
0
0
0
0
0
0
0
0
0
0
0
0
0
0
0
0
0
0
0
0
0
0
0
0
0
0
0
0
0
0
0
0
0
0
0
0
0
0
0
0
0
0
0
0
0
0
0
0
0
0
0
0
0
0
0
0
0
0
0
0
0
0
0
0
0
0
0
0
0
0
0
0
0
0
0
0
0
0
0
0
0
0
0
0
0
0
0
0
0
0
0
0
0
0
0
0
0
0
0
0
0
0
0
0
0
0
0
0
0
0
0
0
0
0
0
0
0
0
0
0
0
0
0
0
0
0
0
0
0
0
0
0
0
0
0
0
0
0
0
0
0
0
0
0
0
0
0
0
0
0
0
0
0
0
0
0
0
0
0
0
0
0
0
0
0
0
0
0
0
0
0
0
0
0
0
0
0
0
0
0
0
0
0
0
0
0
0
0
0
0
0
0
0
0
0
0
0
0
0
0
0
0
0
0
0
0
0
0
0
0
0
0
0
0
0
0
0
0
0
0
0
0
0
0
0
0
0
0
0
0
0
0
0
0
0
0
0
0
0
0
0
0
0
0
0
0
0
0
0
0
0
0
0
0
0
0
0
0
0
0
0
0
0
0
0
0
0
0
0
0
0
0
0
0
0
0
0
0
0
0
0
0
0
0
0
0
0
0
0
0
0
0
0
0
0
0
0
0
0
0
0
0
0
0
0
0
0
0
0
0
0
0
0
0
0
0
0
0
0
0
0
0
0
0
0
0
0
0
0
0
0
0
0
0
0
0
0
0
0
0
0
0
0
0
0
0
0
0
0
0
0
0
0
0
0
0
0
0
0
0
0
0
0
0
0
0
0
0
0
0
0
0
0
0
0
0
0
0
0
0
0
0
0
0
0
0
0
0
0
0
0
0
0
0
0
0
0
0
0
0
0
0
0
0
0
0
0
0
0
0
0
0
0
0
0
0
0
0
0
0
0
0.15446847
0.1295312
0
0
0
0
0
0
0
0
0
0
0
0
0
0
0
0
0
0
0
0
0
0
0
0
0
0
0
0
0
0
0
0
0
0
0
0
0
0
0
0
0
0
0
0
0
0
0
0
0
0
0
0
0
0
0
0
0
0
0
0
0
0
0
0
0
0
0
0
0
0
0
0
0
0
0
0
0
0
0
0
0
0
0
0
0
0
0
0
0
0
0
0
0
0
0
0
0
0
0
0
0
0
0
0
0
0
0
0
0
0
0
0
0
0
0
0
0
0
0
0
0
0
0
0
0
0
0
0
0
0
0
0
0
0
0
0
0
0
0
0
0
0
0
0
0
0
0
0
0
0
0
0
0
0
0
0
0
0
0
0
0
0
0
0
0
0
0
0
0
0
0
0
0
0
0
0
0
0
0
0
0
0
0
0
0
0
0
0
0
0
0
0
0
0
0
0
0
0
0
0
0
0
0
0
0
0
0
0
0
0
0
0
0
0
0
0
0
0
0
0
0
0
0
0
0
0
0
0
0
0
0
0
0
0
0
0
0
0
0
0
0
0
0
0
0
0
0
0
0
0
0
0
0
0
0
0
0
0
0
0
0
0
0
0
0
0
0
0
0
0
0
0
0
0
0
0
0
0
0
0
0
0
0
0
0
0
0
0
0
0
0
0
0
0
0
0
0
0
0
0
0
0
0
0
0
0
0
0
0
0
0
0
0
0
0
0
0
0
0
0
0
0
0
0
0
0
0
0
0
0
0
0
0
0
0
0
0
0
0
0
0
0
0
0
0
0
0
0
0
0
0
0
0
0
0
0
0
0
0
0
0
0
0
0
0
0
0
0
0
0
0
0
0
0
0
0
0
0
0
0
0
0
0
0
0
0
0
0
0
0
0
0
0
0
0
0
0
0
0
0
0
0
0
0
0
0
0
0
0
0
0
0
0
0.1069262
0.075063285
0.061854138
0.071476275
0.087291221
0
0
0
0
0
0
0
0
0
0
0
0
0
0
0
0
0
0
0
0
0
0
0
0
0
0
0
0
0
0
0
0
0
0
0
0
0
0
0
0
0
0
0
0
0
0
0
0
0
0
0
0
0
0
0
0
0
0
0
0
0
0
0
0
0
0
0
0
0
0
0
0
0
0
0
0
0
0
0
0
0
0
0
0
0
0
0
0
0
0
0
0
0
0
0
0
0
0
0
0
0
0
0
0
0
0
0
0
0
0
0
0
0
0
0
0
0
0
0
0
0
0
0
0
0
0
0
0
0
0
0
0
0
0
0
0
0
0
0
0
0
0
0
0
0
0
0
0
0
0
0
0
0
0
0
0
0
0
0
0
0
0
0
0
0
0
0
0
0
0
0
0
0
0
0
0
0
0
0
0
0
0
0
0
0
0
0
0
0
0
0
0
0
0
0
0
0
0
0
0
0
0
0
0
0
0
0
0
0
0
0
0
0
0
0
0
0
0
0
0
0
0
0
0
0
0
0
0
0
0
0
0
0
0
0
0
0
0
0
0
0
0
0
0
0
0
0
0
0
0
0
0
0
0
0
0
0
0
0
0
0
0
0
0
0
0
0
0
0
0
0
0
0
0
0
0
0
0
0
0
0
0
0.030740002
0.047224765
0.052529161
0.067634608
0.037046061
0.02954918
0.038206541
0.059149757
0.083019657
0.06154517
0.043864233
0.041700423
0.069961851
0.089138078
0.072071647
0.04973304
0.051541853
0.066075279
0.087942222
0.108165
0.068709867
0.053157404
0.071662441
0.089478366
0.10614583
0.074447268
0.061374794
0.071147756
0.086770243
0
0
0
0
0
0
0
0
0
0
0
0
0
0
0
0
0
0
0
0
0
0
0
0
0
0
0
0
0
0
0
0
0
0
0
0
0
0
0
0.023034926
0.026786981
0
0
0
0
0.030289718
0.056463439
0.046201091
0
0
0
0
0
0
0
0
0
0
0
0
0
0
0
0
0
0
0
0
0
0
0
0
0
0
0
0
0
0
0
0
0
0
0
0
0
0
0.0030482843
0
0
0.00067414814
0
0.0090810132
0.015172991
0.021169714
0.026301027
0.040575672
0.059689068
0.057425229
0.018522881
0
0
0
0.032532468
0
0.023435715
0.039097071
0
0
0
0
0
0
0
0
0.045875744
0.042060875
0.043779521
0.044305787
0.051670291
0.071743371
0.065491615
0.034009299
0.017224923
0.012989528
0.014259303
0.023897027
0.050089253
0.045236511
0.045784685
0.058561406
0.032738767
0.0049858924
0
0
0
0
0
0
0
0
0
0
0
0
0
0
0
0
0.0094990794
0.0080444978
0.00069934107
0.012110346
0.0014591711
0.019542891
0.022887014
0.021582906
0.052860278
0.028930054
0.029042892
0.02580918
0.031278942
0
0
0
0
0
0.0045530295
0.0098917795
0.024864721
0.037389521
0.042416369
0.064887314
0.063726617
0.060190928
0.046634581
0.052731704
0.074391397
0.07075104
0.039816447
0.054520223
0.042996293
0.035866267
0.038933959
0.067430013
0.067789602
0.071844841
0.06717332
0.050806061
0.023161912
0.085653175
0.069735679
0.057301692
0.049233794
0.065157681
0.083934466
0.050882036
0.064390712
0.070025584
0.051296993
0.049843067
0.05490721
0.077102065
0.078505754
0.074485553
0.071068892
0.062038432
0.032723688
0.087285662
0.066654376
0.054279802
0.051448543
0.064316038
0.084231486
0.068430042
0.075805345
0.07597049
0.063238261
0.061005329
0.065929696
0.084570262
0.082738932
0.078355337
0.074671962
0.067148115
0.08271562
0.06308996
0.050192472
0.057674963
0.048403862
0.077407461
0.074381868
0.0810552
0.081782494
0.079242168
0.068965745
0.072304006
0.078435514
0.092020339
0.088189535
0.080478271
0.076770611
0.071673763
0.078026993
0.045688863
0.12939038
0.083971064
0.13675811
0.11094872
0.15901924
0.14036823
0.15742584
0.1653352
0.15661041
0.1355613
0.15696707
0.13642682
0
0
0
0
0
0
0
0
0
0
0
0
0
0
0
0
0
0
0
0
0
0
0
0
0
0
0
0
0
0
0.006116331
0.0063287348
0
0.012487359
0
0.0036587602
0.01698719
0
0.054737594
0.037742541
0
0.042368016
0.048703663
0.071013945
0
0.083200305
0.091059836
0.041145253
0.079134767
0.092043336
0.10351421
0
0.11817934
0.1182393
0.077670362
0.12511511
0.13482977
0.075702563
0.13696678
0.14693233
0.11589336
0.15106561
0.15156673
0.097465216
0.15632951
0.12981
0.15925593
0.16596148
0.16315174
0.15530817
0.16598946
0
0
0
0
0
0
0
0
0
0
0
0
0
0
0
0
0
0
0
0
0
0
0
0
0
0
0
0
0
0
0
0
0
0
0
0
0
0
0
0
0
0
0
0
0
0
0
0
0
0
0
0
0
0
0
0
0
0
0
0
0
0
0
0
0
0
0
0
0
0
0
0
0
0
0
0
0
0
0
0
0
0
0
0
0
0
0
0
0
0
0
0
0
0
0
0
0
0
0
0
0
0
0
0
0
0
0
0
0
0
0
0
0
0
0
0
0
0
0
0
0
0
0
0
0
0
0
0
0
0
0
0
0
0
0
0
0
0
0
0
0
0
0
0
0
0
0
0
0
0
0
0
0
0
0
0
0
0
0
0
0
0
0
0
0
0
0
0
0
0
0
0
0
0
0
0
0
0
0
0
0
0
0
0
0
0
0
0
0
0
0
0
0
0
0
0
0
0
0
0
0
0
0
0
0
0
0
0
0
0
0
0
0
0
0
0
0
0
0
0
0
0
0
0
0
0
0
0
0
0
0
0
0
0
0
0
0
0
0
0
0
0
0
0
0
0
0
0
0
0
0
0
0
0
0
0
0
0
0
0
0
0
0
0
0
0
0
0
0
0
0
0
0
0
0
0
0
0
0
0
0
0
0
0
0
0
0
0
0
0
0
0
0
0
0
0
0
0
0
0
0
0
0
0
0
0
0
0
0
0
0
0
0
0
0
0
0
0
0
0
0
0
0
0
0
0
0
0
0
0
0
0
0
0
0
0
0
0
0
0
0
0
0
0
0
0
0
0
0
0
0
0
0
0
0
0
0
0
0
0
0
0
0
0
0
0
0
0
0
0
0
0
0
0
0
0
0
0
0
0
0
0
0
0
0
0
0
0
0
0
0
0
0
0
0
0
0
0
0
0
0
0
0
0
0
0
0
0
0
0
0.0093637005
0
0
0
0
0
0
0
0
0
0.00262661
0
0
0
0
0
0
0
0
0
0
0
0
0
0.0054763407
0.02312114
0.051918322
0.049215867
0.026439887
0
0
0
0
0
0.0090426508
0.024744452
0.063608972
0.066746637
0.06438166
0.03301916
0
0
0
0
0.010241518
0.021645754
0.027443576
0.06682928
0.082640866
0.059418627
0.035819803
0.0022029648
0
0
0
0
0.029293521
0.04062937
0.048701293
0.061244253
0.07688183
0.058114429
0.033993654
0.0023521485
0
0
0
0.044814269
0.048585835
0.057799533
0.069260847
0.069166818
0.049352266
0.033684645
0.010116695
0
0
0
0
0.050816297
0.069624944
0.067313945
0.075628382
0.059378089
0.047330091
0.029816478
0.012382676
0.0083866359
0
0
0.060339745
0.073893698
0.064054014
0.068477499
0.067020962
0.044733045
0.038414344
0.021499788
0.023630602
0.023497593
0.0085870622
0.030839166
0.074885359
0.086890902
0.065393027
0.065679085
0.062302976
0.055886305
0.042196884
0.034314126
0.039412351
0.054711704
0.048393824
0.04197497
0
0
0
0
0
0
0
0
0
0
0.078476021
0.066184589
0.074337933
0.063740679
0.049999356
0.054761107
0.047110391
0.043936893
0.06351305
0.084113502
0.062975208
0.076091801
0.086028499
0.035078069
0
0
0
0.019773246
0.021020195
0.033890652
0.054230121
0.039854394
0.07449358
0.033437334
0.061400432
0.032064823
0.048622128
0.044432131
0.060625691
0.064774288
0.056182751
0.064987986
0
0
0
0.021251793
0.027537734
0.021355148
0.011533561
0.032521172
0.041200878
0.050305877
0
0
0
0.0089747221
0.016285487
0.034910407
0.049648831
0.0034744645
0.010761703
0.021681561
0.023976198
0.035172972
0.074271194
0.07338322
0.088115622
0.074172835
0.093927472
0.094080097
0.06569633
0.062513141
0.070616507
0
0
0
0
0
0
0
0
0
0
0
0
0
0.0071756329
0
0.018165034
0.0123242
0.025020471
0.051317869
0.043348365
0.056288694
0.058074194
0.069731479
0.073958074
0.078898684
0
0
0
0.031102168
0.055496255
0.069272176
0.081938453
0.077855656
0.086941633
0.086446188
0.063916112
0.070079075
0.083931267
0.077403317
0.089322563
0.09278344
0.064208585
0.069433783
0.08058602
0.085849692
0.07542999
0.092891567
0.093947946
0.060103046
0.07630575
0.082699983
0.073747259
0.092373626
0.093901704
0.060260248
0.073792428
0.073312106
0.087612759
0.073263202
0.093101763
0.093473816
0
0
0
0
0
0
0
0
0
0
0
0
0
0
0
0
0
0
0
0
0
0
0
0
0
0
0
0
0
0
0
0
0
0
0
0
0
0
0
0
0
0
0
0
0
0
0
0
0
0
0
0
0
0
0
0
0
0
0
0
0
0
0
0
0
0
0
0
0
0
0
0
0
0
0
0
0
0
0
0
0
0
0
0
0
0
0
0
0
0
0
0
0
0
0
0
0
0
0
0
0
0
0
0
0
0
0
0
0
0
0
0
0
0
0
0
0
0
0
0
0
0
0
0
0
0
0
0
0
0
0
0
0
0
0
0
0
0
0
0
0
0
0
0
0
0
0
0
0
0
0
0
0
0
0
0
0
0
0
0
0
0
0
0
0
0
0
0
0
0
0
0
0
0
0
0
0
0
0
0
0
0
0
0
0
0
0
0
0
0
0
0
0
0
0
0
0
0
0
0
0
0
0
0
0
0
0
0
0
0
0
0
0
0
0
0
0
0
0
0
0
0
0
0
0
0
0
0
0
0
0
0
0
0
0
0
0
0
0
0
0
0
0
0
0
0
0
0
0
0
0
0
0
0
0
0
0
0
0
0
0
0
0
0
0
0
0
0
0
0
0
0
0
0
0
0
0
0
0
0
0
0
0
0
0
0
0
0
0
0
0
0
0
0
0
0
0
0
0
0
0
0
0
0
0
0
0.017643055
0.0019731942
0
0.015520643
0
0
0
0
0
0
0
0
0
0
0
0
0
0
0
0
0
0
0
0
0
0
0
0
0
0
0
0
0
0.0077386904
0.0040248918
0
0.02452937
0
0
0
0
0
0
0
0.0017337491
0.014756873
0.030717454
0.035358659
0.078169958
0
0
0
0
0
0
0
0
0
0
0
0
0
0
0
0
0
0
0
0
0
0
0
0
0
0
0
0
0
0
0
0
0
0
0
0
0
0
0
0
0
0
0
0
0
0
0
0
0
0
0
0
0
0
0
0
0
0
0
0
0
0
0
0
0
0
0
0
0
0
0
0
0
0
0
0
0
0
0
0
0
0
0
0
0
0
0
0
0
0
0
0
0
0
0
0
0
0
0
0
0
0
0
0
0
0
0
0
0
0
0
0
0
0
0
0
0
0
0
0
0
0
0
0
0
0
0
0
0
0
0
0
0
0
0
0
0
0
0
0
0
0
0
0
0.059371955
0.051950441
0
0
0
0
0
0
0
0
0.021160919
0.039783024
0.059816648
0
0
0
0
0
0
0
0
0
0
0
0.014571565
0.034694303
0.052442337
0
0
0
0
0
0
0
0
0
0
0
0
0
0
0
0.0044709124
0.012424247
0.026877249
0.027826151
0.10087964
0.05414889
0.059291266
0.1184623
0.12558656
0.07438955
0.11718822
0.12484995
0.074306564
0.12618487
0.14290696
0
0
0
0
0
0
0
0.020236085
0.025740614
0.04891111
0.066035011
0.085737787
0
0.030730234
0.08915787
0.10192633
0
0
0
0
0
0
0
0
0
0
0
0
0
0
0
0
0
0
0
0
0
0
0
0
0
0
0
0
0
0
0
0
0
0
0
0
0
0
0
0
0
0
0
0
0
0
0
0
0
0
0
0
0
0
0
0
0
0
0
0
0
0
0
0
0
0
0
0
0
0
0
0
0
0
0
0
0
0
0
0
0
0
0
0
0
0
0
0
0
0
0
0
0
0
0
0
0
0
0
0
0
0
0
0
0
0
0
0
0
0
0
0
0
0
0
0
0
0
0
0
0
0
0
0
0
0
0
0
0
0
0
0
0
0
0
0
0
0
0
0
0
0
0
0
0
0
0
0
0
0
0
0
0
0
0
0
0
0
0
0
0
0
0
0
0
0
0
0
0
0
0
0
0
0
0
0
0
0
0
0
0
0
0
0
0
0
0
0
0
0
0
0
0
0
0
0
0
0
0
0
0
0
0
0
0
0
0
0
0
0
0
0
0
0
0
0
0
0
0
0
0
0
0
0
0
0
0
0
0
0
0
0
0
0
0
0
0
0
0
0
0
0
0
0
0
0
0
0
0
0
0
0
0
0
0
0
0
0
0
0
0
0
0
0
0
0
0
0
0
0
0
0
0
0
0
0
0
0
0
0
0
0
0
0
0
0
0
0
0
0
0
0
0
0
0
0
0
0
0
0
0
0
0
0
0
0
0
0
0
0
0
0
0
0
0
0
0
0
0
0
0
0
0
0
0
0
0
0
0
0
0
0
0
0
0
0
0
0
0
0
0
0
0
0
0
0
0
0
0
0
0
0
0
0
0
0
0
0
0
0
0
0
0
0
0
0
0
0
0
0
0
0
0
0
0
0
0
0
0
0
0
0
0
0
0
0
0
0
0
0
0
0
0
0
0
0
0
0
0
0
0
0
0
0
0
0
0
0
0
0
0
0
0
0
0
0
0
0
0
0
0
0
0
0
0
0
0
0
0
0
0
0
0
0
0
0
0
0
0
0
0
0
0
0
0
0
0
0
0
0
0
0
0
0
0
0
0
0
0
0
0
0
0
0
0
0
0
0
0
0
0
0
0
0
0
0
0
0
0
0
0
0
0
0
0
0
0
0
0
0
0
0
0
0
0
0
0
0
0
0
0
0
0
0
0
0
0
0
0
0
0
0
0
0
0
0
0
0
0
0
0
0
0
0
0
0
0
0
0
0
0
0
0
0
0
0
0
0
0
0
0
0
0
0
0
0
0
0
0
0
0
0
0
0
0
0
0
0
0
0
0
0
0
0
0
0
0
0
0
0
0
0
0
0.16663246
0.15755764
0
0
0
0
0
0
0
0
0
0
0
0
0
0
0
0
0
0
0
0
0
0
0
0
0
0
0
0
0
0
0
0
0
0
0
0
0
0
0
0
0
0
0
0
0
0
0
0
0
0
0
0
0
0
0
0
0
0
0
0
0
0
0
0
0
0
0
0
0
0
0
0
0
0
0
0
0
0
0
0
0
0
0
0
0
0
0
0
0
0
0
0
0
0
0
0
0
0
0
0
0
0
0
0
0
0
0
0
0
0
0
0
0
0
0
0
0
0
0
0
0
0
0
0
0
0
0
0
0
0
0
0
0
0
0
0
0
0
0
0
0
0
0
0
0
0
0
0
0
0
0
0
0
0
0
0
0
0
0
0
0
0
0
0
0
0
0
0
0
0
0
0
0
0
0
0
0
0
0
0
0
0
0
0
0
0
0
0
0
0
0
0
0
0
0
0
0
0
0
0
0
0
0
0
0
0
0
0
0
0
0
0
0
0
0
0
0
0
0
0
0
0
0
0
0
0
0
0
0
0
0
0
0
0
0
0
0
0
0
0
0
0
0
0
0
0
0
0
0
0
0
0
0
0
0
0
0
0
0
0
0
0
0
0
0
0
0
0
0
0
0
0
0
0
0
0
0
0
0
0
0
0
0
0
0
0
0
0
0
0
0
0
0
0
0
0
0
0
0
0
0
0
0
0
0
0
0
0
0
0
0
0
0
0
0
0
0
0
0
0
0
0
0
0
0
0
0
0
0
0
0
0
0
0
0
0
0
0
0
0
0
0
0
0
0
0
0
0
0
0
0
0
0
0
0
0
0
0
0
0
0
0
0
0
0
0
0
0
0
0
0
0
0
0
0
0
0
0
0
0
0
0
0
0
0
0
0
0
0
0
0
0
0
0
0
0
0
0
0
0
0
0
0
0.1014807
0.084964488
0.070028788
0.077317313
0.08777635
0
0
0
0
0
0
0
0
0
0
0
0
0
0
0
0
0
0
0
0
0
0
0
0
0
0
0
0
0
0
0
0
0
0
0
0
0
0
0
0
0
0
0
0
0
0
0
0
0
0
0
0
0
0
0
0
0
0
0
0
0
0
0
0
0
0
0
0
0
0
0
0
0
0
0
0
0
0
0
0
0
0
0
0
0
0
0
0
0
0
0
0
0
0
0
0
0
0
0
0
0
0
0
0
0
0
0
0
0
0
0
0
0
0
0
0
0
0
0
0
0
0
0
0
0
0
0
0
0
0
0
0
0
0
0
0
0
0
0
0
0
0
0
0
0
0
0
0
0
0
0
0
0
0
0
0
0
0
0
0
0
0
0
0
0
0
0
0
0
0
0
0
0
0
0
0
0
0
0
0
0
0
0
0
0
0
0
0
0
0
0
0
0
0
0
0
0
0
0
0
0
0
0
0
0
0
0
0
0
0
0
0
0
0
0
0
0
0
0
0
0
0
0
0
0
0
0
0
0
0
0
0
0
0
0
0
0
0
0
0
0
0
0
0
0
0
0
0
0
0
0
0
0
0
0
0
0
0
0
0
0
0
0
0
0
0
0
0
0
0
0
0
0
0
0
0
0
0
0
0
0
0
0
0
0.021257346
0.030477514
0.042069907
0.056220464
0.051409591
0.075617762
0.051710877
0.039828116
0.037426558
0.065927568
0.086156147
0.064512168
0.0465799
0.049647628
0.063128695
0.085855704
0.10352824
0.066717231
0.052372605
0.069122376
0.088310042
0.10503082
0.073395357
0.060459169
0.070543837
0.085865849
0.10099696
0.084729453
0.06969141
0.077162644
0.08736337
0
0
0
0
0
0
0
0
0
0
0
0
0
0
0
0
0
0
0
0
0
0
0
0
0
0
0.008987011
0.012719936
0
0
0
0
0.022540592
0.047279037
0.033979182
0.0081337226
0.016053523
0.021009643
0.023249092
0.036934641
0.053965591
0.048157466
0
0
0
0
0
0
0
0
0
0
0
0
0
0
0
0
0
0
0
0
0
0
0
0
0
0
0
0
0
0
0
0
0
0
0
0.010142744
0
0
0
0
0.023513214
0.0012132691
0
0
0.034274539
0
0.011556091
0.02518484
0
0.045207372
0.042281167
0.04314438
0.042797313
0.050221177
0.068081841
0.058934095
0.036047609
0.018406496
0.00016693979
0.010945708
0.02463952
0.051382978
0.036265129
0.038494762
0.053244537
0.01971965
0
0
0
0
0
0
0.065388618
0.063126595
0.059909646
0.046218267
0.052219323
0.072012645
0.066871091
0.041563458
0.055484859
0.039358786
0.035682243
0.040298817
0.068473151
0.066551965
0.070801311
0.064456353
0.045131789
0.018779496
0
0
0
0
0
0
0
0
0
0.012608986
0
0.0040465048
0
0
0
0.0026973259
0.0065337778
0.0078879493
0.022966806
0.021299157
0.017641437
0.042451811
0.026054998
0.025296323
0.024257263
0.026124581
0.06744521
0.040530446
0.043722024
0.035123985
0.033625199
0
0
0
0
0.0030496241
0.01448011
0.029795809
0.034950981
0.085236727
0.069649621
0.057315562
0.049062282
0.065072158
0.082654354
0.05217033
0.065167975
0.070485419
0.05198498
0.051026954
0.056516497
0.077334258
0.079266667
0.074498859
0.070182995
0.060025124
0.030678956
0.087075333
0.066653458
0.05417881
0.051507119
0.064369959
0.083634272
0.069331163
0.076334912
0.077221837
0.064803553
0.062412961
0.067342122
0.084415385
0.083705136
0.078420593
0.074072084
0.065761178
0.082561193
0.063139152
0.050187014
0.057734658
0.048489233
0.077292313
0.075149697
0.081234324
0.083766027
0.080428114
0.070898564
0.073550112
0.079564474
0.091933768
0.089217961
0.080884329
0.0766142
0.071294335
0.078800836
0.053945634
0.045273224
0.059101956
0.048257819
0.076716177
0.083661225
0.087583647
0.084004857
0.07992699
0.081681647
0.084816863
0.092489996
0.093071142
0.083121675
0.080795775
0.1132325
0.073813244
0.12446482
0.099890646
0.15488754
0.13417014
0.15556536
0.13373127
0.16750037
0.16663677
0.14707067
0.13337732
0.16629206
0.14775658
0.13430106
0
0
0
0
0
0
0
0
0
0
0
0
0
0
0.0017978565
0.0027749765
0
0.0045206806
0
0
0
0
0
0
0
0
0
0.010030655
0
0.048679
0.034311278
0
0.031143524
0.035595738
0.058034091
0
0.075342854
0.085751892
0.035610719
0.066889807
0.079183298
0.089302312
0
0.11038881
0.11290408
0.070972083
0.11113264
0.12031723
0.0715057
0.13339923
0.14684196
0.11458267
0.14531271
0.14060622
0.096912513
0.15795892
0.12974032
0.15902598
0.16408004
0.12612185
0.16932825
0.15899282
0.16820235
0.16971988
0.16310961
0.17543408
0
0
0
0
0
0
0
0
0
0
0
0
0
0
0
0
0
0
0
0
0
0
0
0
0
0
0
0
0
0
0
0
0
0
0
0
0
0
0
0
0
0
0
0
0
0
0
0
0
0
0
0
0
0
0
0
0
0
0
0
0
0
0
0
0
0
0
0
0
0
0
0
0
0
0
0
0
0
0
0
0
0
0
0
0
0
0
0
0
0
0
0
0
0
0
0
0
0
0
0
0
0
0
0
0
0
0
0
0
0
0
0
0
0
0
0
0
0
0
0
0
0
0
0
0
0
0
0
0
0
0
0
0
0
0
0
0
0
0
0
0
0
0
0
0
0
0
0
0
0
0
0
0
0
0
0
0
0
0
0
0
0
0
0
0
0
0
0
0
0
0
0
0
0
0
0
0
0
0
0
0
0
0
0
0
0
0
0
0
0
0
0
0
0
0
0
0
0
0
0
0
0
0
0
0
0
0
0
0
0
0
0
0
0
0
0
0
0
0
0
0
0
0
0
0
0
0
0
0
0
0
0
0
0
0
0
0
0
0
0
0
0
0
0
0
0
0
0
0
0
0
0
0
0
0
0
0
0
0
0
0
0
0
0
0
0
0
0
0
0
0
0
0
0
0
0
0
0
0
0
0
0
0
0
0
0
0
0
0
0
0
0
0
0
0
0
0
0
0
0
0
0
0
0
0
0
0
0
0
0
0
0
0
0
0
0
0
0
0
0
0
0
0
0
0
0
0
0
0
0
0
0
0
0
0
0
0
0
0
0
0
0
0
0
0
0
0
0
0
0
0
0
0
0
0
0
0
0
0
0
0
0
0
0
0
0
0
0
0
0
0
0
0
0
0
0
0
0
0
0
0
0
0
0
0
0
0
0
0
0
0
0
0
0
0
0
0
0
0
0
0
0.0095911491
0.0032507796
0
0.03546872
0
0
0.035629094
0
0
0
0
0
0
0
0
0.019638768
0
0
0
0
0
0
0
0
0
0
0
0
0
0.005070108
0.020979369
0.054304764
0.055350002
0.054583646
0.03018792
0
0
0
0
0.0046325337
0.016615556
0.021972423
0.059381375
0.075469872
0.051583639
0.034753937
0.0063473487
0
0
0
0
0.021943586
0.033929807
0.037897147
0.05438225
0.070772174
0.053638306
0.033795702
0.0073458675
0
0
0
0.034895072
0.041583064
0.046158775
0.058174877
0.064314354
0.04579843
0.035305819
0.015104304
0
0
0
0
0.044652525
0.063779775
0.063830947
0.06883415
0.05381535
0.043832815
0.034337916
0.018677024
0.012195419
0
0
0.058122188
0.071190951
0.063030992
0.067332998
0.063155692
0.045627518
0.041175625
0.028082133
0.026767791
0.025448792
0.0093064525
0.029241225
0.073028112
0.086147145
0.06467779
0.065224116
0.061800813
0.055069429
0.043530487
0.036834913
0.042151705
0.054573562
0.047978451
0.041857881
0.078037436
0.085681454
0.065560589
0.073851448
0.063479911
0.05066112
0.055145867
0.047577589
0.047274223
0.063828591
0.08417306
0.062526138
0.07574323
0
0
0
0.0034503726
0.0093131534
0
0
0
0.086563042
0.066651262
0.074061128
0.061726206
0.06009431
0.061655458
0.060457039
0.061043693
0.07902575
0.093277548
0.088620869
0.082114476
0.082730665
0.038571195
0
0.016550553
0.012884056
0.027371463
0.045473616
0.035228836
0.064742106
0.031307618
0.056241162
0.031177106
0.045852949
0.044171275
0.059294079
0.064465077
0.056056275
0.064478979
0.065590177
0.062594546
0.070359628
0
0
0.025047436
0.031385203
0.024928613
0.010417613
0.032620466
0.041941089
0.050715574
0.049603404
0
0
0.013031376
0.021620024
0.026828968
0.037896745
0.04841048
0.013288237
0.019317782
0.024352749
0.036025931
0.039066399
0.069564532
0.071087505
0.084897693
0.073301223
0.090485542
0.090439271
0.062199857
0.067616247
0.059683141
0.064729878
0
0
0
0
0
0
7.9343491e-05
0
0.0022475983
0
0
0.014948732
0.0119889
0
0.013639959
0.041473043
0.037183917
0.043839805
0.045616451
0.061677978
0.068479678
0.071005114
0.060974673
0.078383036
0.072344276
0.083031858
0.081503681
0
0
0.022411244
0.047388185
0.055013903
0.064331557
0.082003046
0.074893334
0.086976998
0.090033222
0.057732177
0.067750955
0.079349561
0.085029498
0.073834132
0.090451005
0.092121771
0.056965718
0.075551916
0.082299512
0.072289434
0.090365963
0.092668676
0.058064252
0.073146182
0.073181374
0.087022911
0.071745619
0.091953862
0.09260966
0.069222142
0.071099156
0.084233724
0.07290061
0.08973099
0.089869991
0
0
0
0
0
0
0
0
0
0
0
0
0
0
0
0
0
0
0
0
0
0
0
0
0
0
0
0
0
0
0
0
0
0
0
0
0
0
0
0
0
0
0
0
0
0
0
0
0
0
0
0
0
0
0
0
0
0
0
0
0
0
0
0
0
0
0
0
0
0
0
0
0
0
0
0
0
0
0
0
0
0
0
0
0
0
0
0
0
0
0
0
0
0
0
0
0
0
0
0
0
0
0
0
0
0
0
0
0
0
0
0
0
0
0
0
0
0
0
0
0
0
0
0
0
0
0
0
0
0
0
0
0
0
0
0
0
0
0
0
0
0
0
0
0
0
0
0
0
0
0
0
0
0
0
0
0
0
0
0
0
0
0
0
0
0
0
0
0
0
0
0
0
0
0
0
0
0
0
0
0
0
0
0
0
0
0
0
0
0
0
0
0
0
0
0
0
0
0
0
0
0
0
0
0
0
0
0
0
0
0
0
0
0
0
0
0
0
0
0
0
0
0
0
0
0
0
0
0
0
0
0
0
0
0
0
0
0
0
0
0
0
0
0
0
0
0
0
0
0
0
0
0
0
0
0
0
0
0
0
0
0
0
0
0
0
0
0
0
0
0
0
0
0
0
0
0
0
0
0
0
0
0
0
0
0
0
0
0
0
0
0
0
0.0016094166
0.0042746336
0
0
0
0
0
0
0
0
0
0.017219237
0
0
0.018126138
0
0
0
0
0
0
0
0
0
0
0
0
0
0
0
0
0
0
0
0
0
0
0
0
0
0
0
0
0
0
0
0.0097221599
0.0056577928
0.024916707
0
0.031098642
0
0
0
0
0
0
0
0.015716337
0.031774461
0.036387699
0.078246391
0.089633537
0
0
0
0
0
0
0
0
0
0
0
0
0
0
0
0
0
0
0
0
0
0
0
0
0
0
0
0
0
0
0
0
0
0
0
0
0
0
0
0
0
0
0
0
0
0
0
0
0
0
0
0
0
0
0
0
0
0
0
0
0
0
0
0
0
0
0
0
0
0
0
0
0
0
0
0
0
0
0
0
0
0
0
0
0
0
0
0
0
0
0
0
0
0
0
0
0
0
0
0
0
0
0
0
0
0
0
0
0
0
0
0
0
0
0
0
0
0
0
0
0
0
0
0
0
0
0
0
0
0
0
0
0
0
0
0
0
0
0
0
0
0
0
0
0
0
0.078436638
0.065814157
0
0
0
0
0
0
0.02062857
0.039692854
0.060040511
0.078868363
0
0
0
0
0
0
0
0
0.014257496
0.034809965
0.052758514
0.066324555
0
0
0
0
0
0
0
0
0
0
0
0
0
0.0045695899
0.013483785
0.027940706
0.028458442
0.10131541
0.055417826
0.060502159
0.11893292
0.12584176
0.074393169
0.14110552
0.13928103
0.12442986
0.068053127
0.14014601
0.13839175
0.12403704
0.067240625
0.14416444
0.16374247
0
0
0
0
0
0.024228449
0.026619406
0.048339634
0.06594507
0.085920135
0.10221592
0.020284747
0.068886757
0.10761906
0.11876483
0
0
0
0
0
0
0
0
0
0
0
0
0
0
0
0
0
0
0
0
0
0
0
0
0
0
0
0
0
0
0
0
0
0
0
0
0
0
0
0
0
0
0
0
0
0
0
0
0
0
0
0
0
0
0
0
0
0
0
0
0
0
0
0
0
0
0
0
0
0
0
0
0
0
0
0
0
0
0
0
0
0
0
0
0
0
0
0
0
0
0
0
0
0
0
0
0
0
0
0
0
0
0
0
0
0
0
0
0
0
0
0
0
0
0
0
0
0
0
0
0
0
0
0
0
0
0
0
0
0
0
0
0
0
0
0
0
0
0
0
0
0
0
0
0
0
0
0
0
0
0
0
0
0
0
0
0
0
0
0
0
0
0
0
0
0
0
0
0
0
0
0
0
0
0
0
0
0
0
0
0
0
0
0
0
0
0
0
0
0
0
0
0
0
0
0
0
0
0
0
0
0
0
0
0
0
0
0
0
0
0
0
0
0
0
0
0
0
0
0
0
0
0
0
0
0
0
0
0
0
0
0
0
0
0
0
0
0
0
0
0
0
0
0
0
0
0
0
0
0
0
0
0
0
0
0
0
0
0
0
0
0
0
0
0
0
0
0
0
0
0
0
0
0
0
0
0
0
0
0
0
0
0
0
0
0
0
0
0
0
0
0
0
0
0
0
0
0
0
0
0
0
0
0
0
0
0
0
0
0
0
0
0
0
0
0
0
0
0
0
0
0
0
0
0
0
0
0
0
0
0
0
0
0
0
0
0
0
0
0
0
0
0
0
0
0
0
0
0
0
0
0
0
0
0
0
0
0
0
0
0
0
0
0
0
0
0
0
0
0
0
0
0
0
0
0
0
0
0
0
0
0
0
0
0
0
0
0
0
0
0
0
0
0
0
0
0
0
0
0
0
0
0
0
0
0
0
0
0
0
0
0
0
0
0
0
0
0
0
0
0
0
0
0
0
0
0
0
0
0
0
0
0
0
0
0
0
0
0
0
0
0
0
0
0
0
0
0
0
0
0
0
0
0
0
0
0
0
0
0
0
0
0
0
0
0
0
0
0
0
0
0
0
0
0
0
0
0
0
0
0
0
0
0
0
0
0
0
0
0
0
0
0
0
0
0
0
0
0
0
0
0
0
0
0
0
0
0
0
0
0
0
0
0
0
0
0
0
0
0
0
0
0
0
0
0
0
0
0
0
0
0
0
0
0
0
0
0
0
0
0
0
0
0
0
0
0
0
0
0
0
0
0
0
0
0
0
0
0
0
0
0
0
0
0
0
0
0
0
0
0
0
0
0
0
0
0
0
0
0
0
0
0
0
0
0
0
0
0
0
0
0
0
0
0
0
0
0.17291895
0.16587873
0
0
0
0
0
0
0
0
0
0
0
0
0
0
0
0
0
0
0
0
0
0
0
0
0
0
0
0
0
0
0
0
0
0
0
0
0
0
0
0
0
0
0
0
0
0
0
0
0
0
0
0
0
0
0
0
0
0
0
0
0
0
0
0
0
0
0
0
0
0
0
0
0
0
0
0
0
0
0
0
0
0
0
0
0
0
0
0
0
0
0
0
0
0
0
0
0
0
0
0
0
0
0
0
0
0
0
0
0
0
0
0
0
0
0
0
0
0
0
0
0
0
0
0
0
0
0
0
0
0
0
0
0
0
0
0
0
0
0
0
0
0
0
0
0
0
0
0
0
0
0
0
0
0
0
0
0
0
0
0
0
0
0
0
0
0
0
0
0
0
0
0
0
0
0
0
0
0
0
0
0
0
0
0
0
0
0
0
0
0
0
0
0
0
0
0
0
0
0
0
0
0
0
0
0
0
0
0
0
0
0
0
0
0
0
0
0
0
0
0
0
0
0
0
0
0
0
0
0
0
0
0
0
0
0
0
0
0
0
0
0
0
0
0
0
0
0
0
0
0
0
0
0
0
0
0
0
0
0
0
0
0
0
0
0
0
0
0
0
0
0
0
0
0
0
0
0
0
0
0
0
0
0
0
0
0
0
0
0
0
0
0
0
0
0
0
0
0
0
0
0
0
0
0
0
0
0
0
0
0
0
0
0
0
0
0
0
0
0
0
0
0
0
0
0
0
0
0
0
0
0
0
0
0
0
0
0
0
0
0
0
0
0
0
0
0
0
0
0
0
0
0
0
0
0
0
0
0
0
0
0
0
0
0
0
0
0
0
0
0
0
0
0
0
0
0
0
0
0
0
0
0
0
0
0
0
0
0
0
0
0
0
0
0
0
0
0
0
0
0
0
0
0
0
0
0
0
0
0
0
0
0
0
0
0.10416098
0.086147195
0.076292565
0.083052978
0.075080397
0
0
0
0
0
0
0
0
0
0
0
0
0
0
0
0
0
0
0
0
0
0
0
0
0
0
0
0
0
0
0
0
0
0
0
0
0
0
0
0
0
0
0
0
0
0
0
0
0
0
0
0
0
0
0
0
0
0
0
0
0
0
0
0
0
0
0
0
0
0
0
0
0
0
0
0
0
0
0
0
0
0
0
0
0
0
0
0
0
0
0
0
0
0
0
0
0
0
0
0
0
0
0
0
0
0
0
0
0
0
0
0
0
0
0
0
0
0
0
0
0
0
0
0
0
0
0
0
0
0
0
0
0
0
0
0
0
0
0
0
0
0
0
0
0
0
0
0
0
0
0
0
0
0
0
0
0
0
0
0
0
0
0
0
0
0
0
0
0
0
0
0
0
0
0
0
0
0
0
0
0
0
0
0
0
0
0
0
0
0
0
0
0
0
0
0
0
0
0
0
0
0
0
0
0
0
0
0
0
0
0
0
0
0
0
0
0
0
0
0
0
0
0
0
0
0
0
0
0
0
0
0
0
0
0
0
0
0
0
0
0
0
0
0
0
0
0
0
0
0
0
0
0
0
0
0
0
0
0
0
0
0
0
0
0
0
0
0
0
0
0
0
0
0
0
0
0
0
0
0
0
0
0
0
0
0
0.011994206
0.019685346
0.017314356
0.032725637
0.04470538
0.043734888
0.066295649
0.060192956
0.081125565
0.055691502
0.042128502
0.046789675
0.05952346
0.080989761
0.096040866
0.062570222
0.050664357
0.065909508
0.085617074
0.10237475
0.071508276
0.059123899
0.069308987
0.084013879
0.10030094
0.084357641
0.069129017
0.07691955
0.086673536
0.10393112
0.086038751
0.076213869
0.0829728
0.075039069
0
0
0
0
0
0
0
0
0
0
0
0
0
0
0
0
0
0
0
0
0.00057906768
0
0
0
0
0.010095267
0.034682885
0.0235088
0.0088608186
0.017872008
0.02098184
0.019324432
0.029906887
0.044443855
0.037620767
0.044657472
0.042295698
0.041793363
0.039586596
0.046788432
0.061642933
0.049632923
0
0
0
0
0
0
0
0
0
0
0
0
0
0
0
0
0
0
0.0053334849
0.005984947
0
0
0
0.021305051
0
0
0
0
0.031945394
0.0028001415
0
0
0.039404507
0
0
0.0057171174
0
0.040379648
0.02001124
0
0.0045901326
0.024921707
0.054534476
0.025632866
0.027620137
0.041230262
0.00034267341
0.065442254
0.062081085
0.059160666
0.045126096
0.050952305
0.067869429
0.060113904
0.044339872
0.057138722
0.030293496
0.033057175
0.041812268
0.069872509
0.061506624
0.067551607
0.057617147
0.032053492
0
0
0
0
0
0.0076890497
0.084486404
0.06948256
0.057178774
0.048743399
0.064702164
0.080335988
0.053861776
0.066137571
0.069557597
0.051016641
0.052298805
0.058720098
0.077425651
0.079020607
0.073684198
0.067910145
0.055446624
0.025818178
0
0
0
0.0059424636
0.016218812
0
0.0063721712
0
0.017554347
0.027411886
0.020745776
0.0054832409
0.013677421
0.018336755
0
0.015720377
0.020865698
0.036927734
0.027594307
0.025947717
0.024504487
0.023436932
0.060100225
0.0388783
0.03975476
0.032161682
0.031106419
0.098453759
0.066866338
0.048084567
0.0381857
0.043111304
0
0
0
0.0056673968
0.02352882
0.028535345
0.086784966
0.066609564
0.054390903
0.051463433
0.064521202
0.082673565
0.070356774
0.076839588
0.078281822
0.065834436
0.063664547
0.06847163
0.084256097
0.084495102
0.078162935
0.072957138
0.063187056
0.082606618
0.063338917
0.050228814
0.057844921
0.048618856
0.076949234
0.076107203
0.08170356
0.085425621
0.081539358
0.072824343
0.07494892
0.081100728
0.091758812
0.090055717
0.081181627
0.076216663
0.070709467
0.078838975
0.054069156
0.045466076
0.059181872
0.048424773
0.076549093
0.084048239
0.089453343
0.085483589
0.081485396
0.083037584
0.086030838
0.092607112
0.094067604
0.083402005
0.080561315
0.093781831
0.066187765
0.050200627
0.044556105
0.070488194
0.057448818
0.05091812
0.08879064
0.097767047
0.090553727
0.089434401
0.090698276
0.08996298
0.09483644
0.10097185
0.097223633
0.088191258
0.086792966
0.11020815
0.08847141
0.14548407
0.12507383
0.15273865
0.13067295
0.16660728
0.14596023
0.13197428
0.17772917
0.1647544
0.14168988
0.1211307
0.16475796
0.1428094
0.12170234
0
0
0
0
0
0
0
0
0
0
0
0
0
0
0.043243939
0.030086077
0
0.021783662
0
0
0
0
0
0
0.0077645272
0.025370571
0.048377616
0
0.06954449
0.082386389
0.03190235
0.056689479
0.068582809
0.077803102
0
0.10060333
0.10734049
0.064981122
0.099002444
0.10794947
0.063514688
0.12509484
0.14267783
0.10989133
0.13472044
0.12703495
0.094292984
0.15768219
0.12814873
0.15351729
0.1570292
0.12586885
0.17139133
0.16053646
0.16733145
0.14482224
0.1752992
0.16773369
0.17941986
0.17515911
0.17829912
0
0
0
0
0
0
0
0
0
0
0
0
0
0
0
0
0
0
0
0
0
0
0
0
0
0
0
0
0
0
0
0
0
0
0
0
0
0
0
0
0
0
0
0
0
0
0
0
0
0
0
0
0
0
0
0
0
0
0
0
0
0
0
0
0
0
0
0
0
0
0
0
0
0
0
0
0
0
0
0
0
0
0
0
0
0
0
0
0
0
0
0
0
0
0
0
0
0
0
0
0
0
0
0
0
0
0
0
0
0
0
0
0
0
0
0
0
0
0
0
0
0
0
0
0
0
0
0
0
0
0
0
0
0
0
0
0
0
0
0
0
0
0
0
0
0
0
0
0
0
0
0
0
0
0
0
0
0
0
0
0
0
0
0
0
0
0
0
0
0
0
0
0
0
0
0
0
0
0
0
0
0
0
0
0
0
0
0
0
0
0
0
0
0
0
0
0
0
0
0
0
0
0
0
0
0
0
0
0
0
0
0
0
0
0
0
0
0
0
0
0
0
0
0
0
0
0
0
0
0
0
0
0
0
0
0
0
0
0
0
0
0
0
0
0
0
0
0
0
0
0
0
0
0
0
0
0
0
0
0
0
0
0
0
0
0
0
0
0
0
0
0
0
0
0
0
0
0
0
0
0
0
0
0
0
0
0
0
0
0
0
0
0
0
0
0
0
0
0
0
0
0
0
0
0
0
0
0
0
0
0
0
0
0
0
0
0
0
0
0
0
0
0
0
0
0
0
0
0
0
0
0
0
0
0
0
0
0
0
0
0
0
0
0
0
0
0
0
0
0
0
0
0
0
0
0
0
0
0
0
0
0
0
0
0
0
0
0
0
0
0
0
0
0
0
0
0
0
0
0
0
0
0
0
0
0
0
0.045015243
0.0063139719
0.022558186
0
0.044015537
0
0.0082697086
0.044434677
0
0
0.0041712489
0
0
0.0026844789
0.015195209
0.026248472
0
0
0
0
0
0
0
0
0
0
0
0
0
0.0029841131
0.014676456
0.020314212
0.052832344
0.069083803
0.044180145
0.033558042
0.0095233021
0
0
0
0
0.018123595
0.030264473
0.029191872
0.0487192
0.065585584
0.050015595
0.033928073
0.012201089
0
0
0
0.027242363
0.035549792
0.0347648
0.04894128
0.060781989
0.042810652
0.036458271
0.02076894
0.0047292598
0
0
0
0.038020878
0.055852557
0.053162628
0.058911454
0.049349689
0.040726557
0.037104464
0.024631191
0.016994276
0
0
0.053341411
0.066341416
0.060205561
0.063737594
0.0560597
0.044305124
0.042099702
0.034917855
0.030702403
0.02693552
0.0094960539
0.025642874
0.069926241
0.084888469
0.063319193
0.064110014
0.06015834
0.053821675
0.045194781
0.040565167
0.046181749
0.054099137
0.046790246
0.041207431
0.077519825
0.085218089
0.064564627
0.073184368
0.062950978
0.051555644
0.055480189
0.048142719
0.051434444
0.063970031
0.084096845
0.061651073
0.075126285
0.086138551
0.082446938
0.066074305
0.07348584
0.061769487
0.060455429
0.061684976
0.060353195
0.061391235
0.079286378
0.093349644
0.088118447
0.08181243
0
0
0.0085047872
0.014706998
0.015681318
0
0
0.0847439
0.066850861
0.071147527
0.08263522
0.06407211
0.067591102
0.067331146
0.077254537
0.089578426
0.09922379
0.10339401
0.098338269
0.093504389
0.081072855
0.032606463
0
0.013362297
0.021907717
0.025744508
0.040505203
0.029533701
0.055836141
0.027107984
0.048054613
0.029529798
0.041032573
0.043597402
0.056886661
0.064172919
0.055901753
0.06370205
0.065449957
0.062672207
0.070014771
0.062046813
0.067592562
0.060050066
0.064496583
0.0058031026
0.028861936
0.036075895
0.028263921
0.0086397321
0.032042871
0.042125072
0.051755681
0.050623444
0.04377339
0
0.016997975
0.026250595
0.031694229
0.024591335
0.030808839
0.040909609
0.021636893
0.019525332
0.03706735
0.040458676
0.034406673
0.067379822
0.066437587
0.077585327
0.084351348
0.087856506
0.088341864
0.060449217
0.06615694
0.060012435
0.059791798
0
0
0.0061112075
0
0
0.0023641199
0.033146601
0.014417026
0.017386932
0.031220222
0.028305927
0.036809743
0.029262157
0.033691982
0.051771503
0.061401333
0.060797586
0.050467144
0.072040363
0.063089185
0.076790918
0.074441393
0.056035199
0.077729934
0.068620335
0.082611949
0.08565933
0.016027246
0.020738336
0.041841849
0.047824324
0.050270672
0.064177952
0.076660219
0.083053978
0.069935851
0.086619719
0.08865055
0.051990137
0.074022337
0.081392062
0.069301291
0.086556378
0.089652936
0.054244994
0.07199947
0.072750295
0.086149947
0.069225086
0.089810804
0.090953955
0.068666473
0.071005762
0.083433864
0.072330295
0.088810077
0.089055209
0.067277275
0.066184739
0.076889896
0.083646561
0.087127802
0.087810727
0
0
0
0
0
0
0
0
0
0
0
0
0
0
0
0
0
0
0
0
0
0
0
0
0
0
0
0
0
0
0
0
0
0
0
0
0
0
0
0
0
0
0
0
0
0
0
0
0
0
0
0
0
0
0
0
0
0
0
0
0
0
0
0
0
0
0
0
0
0
0
0
0
0
0
0
0
0
0
0
0
0
0
0
0
0
0
0
0
0
0
0
0
0
0
0
0
0
0
0
0
0
0
0
0
0
0
0
0
0
0
0
0
0
0
0
0
0
0
0
0
0
0
0
0
0
0
0
0
0
0
0
0
0
0
0
0
0
0
0
0
0
0
0
0
0
0
0
0
0
0
0
0
0
0
0
0
0
0
0
0
0
0
0
0
0
0
0
0
0
0
0
0
0
0
0
0
0
0
0
0
0
0
0
0
0
0
0
0
0
0
0
0
0
0
0
0
0
0
0
0
0
0
0
0
0
0
0
0
0
0
0
0
0
0
0
0
0
0
0
0
0
0
0
0
0
0
0
0
0
0
0
0
0
0
0
0
0
0
0
0
0
0
0
0
0
0
0
0
0
0
0
0
0
0
0
0
0
0
0
0
0
0
0
0
0
0
0
0
0
0
0
0
0
0
0
0
0
0
0
0
0
0
0
0
0
0
0
0
0
0
0
0
0
0
0
0.0031686934
0.0068744862
0
0
0
0
0
0
0
0
0
0
0.019466281
0
0
0.0057098031
0
0
0
0
0
0
0
0
0
0
0
0
0
0
0
0
0
0
0
0
0
0
0
0
0
0
0
0
0.010527153
0.0078643006
0.02545869
0.031564594
0.020833686
0.068849072
0
0
0
0
0
0.015290249
0.032851634
0.0378606
0.078007403
0.089864936
0.1078167
0
0
0
0
0
0
0
0
0
0
0
0
0
0
0
0
0
0
0
0
0
0
0
0
0
0
0
0
0
0
0
0
0
0
0
0
0
0
0
0
0
0
0
0
0
0
0
0
0
0
0
0
0
0
0
0
0
0
0
0
0
0
0
0
0
0
0
0
0
0
0
0
0
0
0
0
0
0
0
0
0
0
0
0
0
0
0
0
0
0
0
0
0
0
0
0
0
0
0
0
0
0
0
0
0
0
0
0
0
0
0
0
0
0
0
0
0
0
0
0
0
0
0
0
0
0
0
0
0
0
0
0
0
0
0
0
0
0
0
0
0
0
0.091717185
0.091009747
0
0
0
0
0
0
0
0.019734727
0.039279586
0.060061819
0.079146501
0.092139271
0
0
0
0
0
0
0.013666822
0.034757776
0.052948308
0.066744323
0.091501523
0
0
0
0
0
0
0
0
0
0
0.004285676
0.014294442
0.028773872
0.028899004
0.10048957
0.056394773
0.061523058
0.11926642
0.12578826
0.075671575
0.14141959
0.13958867
0.12424982
0.068705209
0.15220994
0.14815147
0.13333712
0.087576292
0.15108792
0.14722551
0.13268869
0.086637165
0.16547366
0.16993697
0
0
0
0
0.028597391
0.028093854
0.04737756
0.065433992
0.085926802
0.10238893
0.11895888
0.032438581
0.0756844
0.11725409
0.12803691
0
0
0
0
0
0
0
0
0
0
0
0
0
0
0
0
0
0
0
0
0
0
0
0
0
0
0
0
0
0
0
0
0
0
0
0
0
0
0
0
0
0
0
0
0
0
0
0
0
0
0
0
0
0
0
0
0
0
0
0
0
0
0
0
0
0
0
0
0
0
0
0
0
0
0
0
0
0
0
0
0
0
0
0
0
0
0
0
0
0
0
0
0
0
0
0
0
0
0
0
0
0
0
0
0
0
0
0
0
0
0
0
0
0
0
0
0
0
0
0
0
0
0
0
0
0
0
0
0
0
0
0
0
0
0
0
0
0
0
0
0
0
0
0
0
0
0
0
0
0
0
0
0
0
0
0
0
0
0
0
0
0
0
0
0
0
0
0
0
0
0
0
0
0
0
0
0
0
0
0
0
0
0
0
0
0
0
0
0
0
0
0
0
0
0
0
0
0
0
0
0
0
0
0
0
0
0
0
0
0
0
0
0
0
0
0
0
0
0
0
0
0
0
0
0
0
0
0
0
0
0
0
0
0
0
0
0
0
0
0
0
0
0
0
0
0
0
0
0
0
0
0
0
0
0
0
0
0
0
0
0
0
0
0
0
0
0
0
0
0
0
0
0
0
0
0
0
0
0
0
0
0
0
0
0
0
0
0
0
0
0
0
0
0
0
0
0
0
0
0
0
0
0
0
0
0
0
0
0
0
0
0
0
0
0
0
0
0
0
0
0
0
0
0
0
0
0
0
0
0
0
0
0
0
0
0
0
0
0
0
0
0
0
0
0
0
0
0
0
0
0
0
0
0
0
0
0
0
0
0
0
0
0
0
0
0
0
0
0
0
0
0
0
0
0
0
0
0
0
0
0
0
0
0
0
0
0
0
0
0
0
0
0
0
0
0
0
0
0
0
0
0
0
0
0
0
0
0
0
0
0
0
0
0
0
0
0
0
0
0
0
0
0
0
0
0
0
0
0
0
0
0
0
0
0
0
0
0
0
0
0
0
0
0
0
0
0
0
0
0
0
0
0
0
0
0
0
0
0
0
0
0
0
0
0
0
0
0
0
0
0
0
0
0
0
0
0
0
0
0
0
0
0
0
0
0
0
0
0
0
0
0
0
0
0
0
0
0
0
0
0
0
0
0
0
0
0
0
0
0
0
0
0
0
0
0
0
0
0
0
0
0
0
0
0
0
0
0
0
0
0
0
0
0
0
0
0
0
0
0
0
0
0
0
0
0
0
0
0
0
0
0
0
0
0
0
0
0
0
0
0
0
0
0
0
0
0
0
0
0
0
0
0
0
0
0
0
0
0
0
0
0
0
0
0
0
0
0
0
0
0
0
0
0
0
0
0
0
0
0.17817389
0
0
0
0
0
0
0
0
0
0
0
0
0
0
0
0
0
0
0
0
0
0
0
0
0
0
0
0
0
0
0
0
0
0
0
0
0
0
0
0
0
0
0
0
0
0
0
0
0
0
0
0
0
0
0
0
0
0
0
0
0
0
0
0
0
0
0
0
0
0
0
0
0
0
0
0
0
0
0
0
0
0
0
0
0
0
0
0
0
0
0
0
0
0
0
0
0
0
0
0
0
0
0
0
0
0
0
0
0
0
0
0
0
0
0
0
0
0
0
0
0
0
0
0
0
0
0
0
0
0
0
0
0
0
0
0
0
0
0
0
0
0
0
0
0
0
0
0
0
0
0
0
0
0
0
0
0
0
0
0
0
0
0
0
0
0
0
0
0
0
0
0
0
0
0
0
0
0
0
0
0
0
0
0
0
0
0
0
0
0
0
0
0
0
0
0
0
0
0
0
0
0
0
0
0
0
0
0
0
0
0
0
0
0
0
0
0
0
0
0
0
0
0
0
0
0
0
0
0
0
0
0
0
0
0
0
0
0
0
0
0
0
0
0
0
0
0
0
0
0
0
0
0
0
0
0
0
0
0
0
0
0
0
0
0
0
0
0
0
0
0
0
0
0
0
0
0
0
0
0
0
0
0
0
0
0
0
0
0
0
0
0
0
0
0
0
0
0
0
0
0
0
0
0
0
0
0
0
0
0
0
0
0
0
0
0
0
0
0
0
0
0
0
0
0
0
0
0
0
0
0
0
0
0
0
0
0
0
0
0
0
0
0
0
0
0
0
0
0
0
0
0
0
0
0
0
0
0
0
0
0
0
0
0
0
0
0
0
0
0
0
0
0
0
0
0
0
0
0
0
0
0
0
0
0
0
0
0
0
0
0
0
0
0
0
0
0
0
0
0
0
0
0
0
0
0
0
0
0
0
0
0
0
0
0
0
0
0
0
0
0
0
0
0
0.10374353
0.095235928
0.079591478
0.082350381
0.076091142
0
0
0
0
0
0
0
0
0
0
0
0
0
0
0
0
0
0
0
0
0
0
0
0
0
0
0
0
0
0
0
0
0
0
0
0
0
0
0
0
0
0
0
0
0
0
0
0
0
0
0
0
0
0
0
0
0
0
0
0
0
0
0
0
0
0
0
0
0
0
0
0
0
0
0
0
0
0
0
0
0
0
0
0
0
0
0
0
0
0
0
0
0
0
0
0
0
0
0
0
0
0
0
0
0
0
0
0
0
0
0
0
0
0
0
0
0
0
0
0
0
0
0
0
0
0
0
0
0
0
0
0
0
0
0
0
0
0
0
0
0
0
0
0
0
0
0
0
0
0
0
0
0
0
0
0
0
0
0
0
0
0
0
0
0
0
0
0
0
0
0
0
0
0
0
0
0
0
0
0
0
0
0
0
0
0
0
0
0
0
0
0
0
0
0
0
0
0
0
0
0
0
0
0
0
0
0
0
0
0
0
0
0
0
0
0
0
0
0
0
0
0
0
0
0
0
0
0
0
0
0
0
0
0
0
0
0
0
0
0
0
0
0
0
0
0
0
0
0
0
0
0
0
0
0
0
0
0
0
0
0
0
0
0
0
0
0
0
0
0
0
0
0
0
0
0
0
0
0
0
0
0
0
0
0
0
0
0
0
0
0
0
0
0
0.029350839
0.029115226
0.03647222
0.028125704
0.042148536
0.037376809
0.037136962
0.056692366
0.053983438
0.074586335
0.056014766
0.074448684
0.086078991
0.056849428
0.048224888
0.062587742
0.08056561
0.09799189
0.067961021
0.056917681
0.067500169
0.080974054
0.098472861
0.082963154
0.068514896
0.076349268
0.085418985
0.103469
0.085899853
0.076179257
0.08284728
0.074976
0.10354547
0.095360136
0.079554016
0.082227611
0.076041008
0
0
0
0
0
0
0
0
0
0
0
0
0
0
0
0
0.022846935
0.0054485996
0.017171767
0.012362722
0.020843817
0.021030185
0.015699557
0.019444213
0.033576891
0.029752405
0.044739912
0.042351387
0.039879431
0.033442369
0.039919481
0.052848403
0.041106506
0.065104254
0.060333659
0.057572919
0.042647007
0.047938387
0.061608548
0.051980048
0
0
0.022358954
0.013833477
0
0
0
0
0
0
0
0
0
0
0
0
0
0
0
0.010626378
0.0094579407
0.026912462
0.03390858
0.043231181
0.0045667652
0
0
0.048537943
0
0
0
0
0.047590797
0.021885763
0
0
0.025018786
0.060516695
0.01480086
0.014724587
0.025146954
0
0.048928487
0.060745787
0.01978447
0.02886597
0.043309432
0.072202184
0.052367718
0.059789391
0.043420538
0.013256138
0.083168983
0.069124153
0.056762727
0.047962094
0.063786064
0.076334023
0.056329225
0.067602399
0.064898035
0.046758297
0.053141142
0.061920604
0.077376556
0.07617831
0.070525589
0.062193225
0.045119595
0
0
0
0
0
0.015993742
0.086282584
0.066550998
0.054516754
0.051474057
0.064470239
0.081043483
0.071791603
0.077443678
0.078763567
0.066034358
0.065068331
0.070332424
0.083899136
0.084567721
0.077046157
0.070308509
0.057828764
0.00045470892
0.003209763
0.010509511
0.035411909
0.032377136
0.024036922
0.016698917
0.026691109
0.025970297
0.032238259
0.030254213
0.026362036
0.0096957779
0.020017128
0.027627111
0.02477392
0.022025145
0.031848325
0.055558452
0.040208387
0.039586762
0.031949142
0.030027853
0.086230762
0.062466407
0.043627584
0.036297179
0.039690434
0.097460578
0.078456138
0.075758159
0.050662747
0.045575628
0
0.020242978
0.011032452
0.025531512
0.082368165
0.06338549
0.050389008
0.05802243
0.048835486
0.076793962
0.077280447
0.08215255
0.086931333
0.082693493
0.074593429
0.076343045
0.083006526
0.091662495
0.090746437
0.081239891
0.075270416
0.069584134
0.079150807
0.054359718
0.04565492
0.059337918
0.04864485
0.076230235
0.084697544
0.091078603
0.086926748
0.083309275
0.08475188
0.087763649
0.092704427
0.094862096
0.08351044
0.080075427
0.093776475
0.066102496
0.050682969
0.044905563
0.070467832
0.057600281
0.05112423
0.089329529
0.099105821
0.092347668
0.090518999
0.092296156
0.091189072
0.09550644
0.10122391
0.097994101
0.088611022
0.086692177
0.09343882
0.063437165
0.051852313
0.045507393
0.071586703
0.060907298
0.053187771
0.10404195
0.097246913
0.095132089
0.099034627
0.099137253
0.10434391
0.10723672
0.10339192
0.092172077
0.1323735
0.11349244
0.14565293
0.12520501
0.16556514
0.14357413
0.12981261
0.16454781
0.14027075
0.12024552
0.17988334
0.17733336
0.15278399
0.12358612
0.17682977
0.15308047
0.12436815
0.035762708
0
0
0
0
0
0.022325341
0
0.016130628
0
0
0
0.064018474
0.078189482
0.027943586
0.048342807
0
0
0
0.019818392
0
0.0008256717
0.04287155
0.060179843
0.069085161
0
0.092219745
0.10348632
0.061010931
0.088948538
0.097769082
0.057046619
0.11562695
0.13667728
0.10592067
0.12418814
0.11501292
0.089773323
0.15315815
0.12379543
0.14371635
0.1460735
0.12384189
0.17019547
0.16119686
0.16234042
0.14501535
0.17688957
0.16920664
0.18041928
0.16665434
0.18048769
0.18100355
0.17912887
0.18672534
0
0
0
0
0
0
0
0
0
0
0
0
0
0
0
0
0
0
0
0
0
0
0
0
0
0
0
0
0
0
0
0
0
0
0
0
0
0
0
0
0
0
0
0
0
0
0
0
0
0
0
0
0
0
0
0
0
0
0
0
0
0
0
0
0
0
0
0
0
0
0
0
0
0
0
0
0
0
0
0
0
0
0
0
0
0
0
0
0
0
0
0
0
0
0
0
0
0
0
0
0
0
0
0
0
0
0
0
0
0
0
0
0
0
0
0
0
0
0
0
0
0
0
0
0
0
0
0
0
0
0
0
0
0
0
0
0
0
0
0
0
0
0
0
0
0
0
0
0
0
0
0
0
0
0
0
0
0
0
0
0
0
0
0
0
0
0
0
0
0
0
0
0
0
0
0
0
0
0
0
0
0
0
0
0
0
0
0
0
0
0
0
0
0
0
0
0
0
0
0
0
0
0
0
0
0
0
0
0
0
0
0
0
0
0
0
0
0
0
0
0
0
0
0
0
0
0
0
0
0
0
0
0
0
0
0
0
0
0
0
0
0
0
0
0
0
0
0
0
0
0
0
0
0
0
0
0
0
0
0
0
0
0
0
0
0
0
0
0
0
0
0
0
0
0
0
0
0
0
0
0
0
0
0
0
0
0
0
0
0
0
0
0
0
0
0
0
0
0
0
0
0
0
0
0
0
0
0
0
0
0
0
0
0
0
0
0
0
0
0
0
0
0
0
0
0
0
0
0
0
0
0
0
0
0
0
0
0
0
0
0
0
0
0
0
0
0
0
0
0
0
0
0
0
0
0
0
0
0
0
0
0
0
0
0
0
0
0
0
0
0
0.0059857625
0.0071700568
0.03314766
0.05184061
0.047325557
0.063393746
0.023914882
0.036540535
0.024055109
0.023462231
0.033523155
0.027357098
0.02878391
0.037232853
0.010943675
0
0.016545404
0
0.01373482
0.024898556
0.0059599867
0.029120343
0.031741369
0.011637649
0
0
0
0
0
0
0
0
0
0
0
0
0.018098754
0.031333502
0.024102606
0.044448964
0.061418625
0.047440723
0.034449711
0.016648673
0
0
0
0.023352942
0.033319346
0.02660878
0.041530175
0.058832484
0.040786208
0.038106344
0.026568919
0.01127572
0
0
0
0.033498092
0.048353307
0.040293141
0.049300372
0.045839385
0.03832154
0.039599541
0.03058191
0.022981288
0
0
0.045007308
0.059520644
0.052497401
0.05398669
0.048822604
0.042057857
0.041755851
0.040853813
0.034621937
0.027850252
0.0084024017
0.018645909
0.065074516
0.082467737
0.060261527
0.06039502
0.055310078
0.051363066
0.046217263
0.045202568
0.050340927
0.053135009
0.043974674
0.039062269
0.076655578
0.084522707
0.062632009
0.072167312
0.061519816
0.052765695
0.055384459
0.048961887
0.055894747
0.063942564
0.083571522
0.060165206
0.073988489
0.08561387
0.08203957
0.065269823
0.072755275
0.061714779
0.060576826
0.06164392
0.06010812
0.061502146
0.07928647
0.093340872
0.087274063
0.0812928
0.084249069
0.080731258
0.066272461
0.070537481
0.081988653
0.063738071
0.067134035
0.067075518
0.077384211
0.089743006
0.09926848
0.10343855
0.098371975
0.093328015
0
0.01381113
0.020289452
0.018042054
0.024211496
0
0.084682572
0.067712294
0.072503104
0.081753252
0.069688675
0.072573318
0.073861942
0.084182146
0.096340493
0.10483513
0.10813604
0.1059711
0.099733176
0.077209683
0.034611154
0.042484286
0.036835572
0.041219459
0.031694355
0.026328478
0.050666491
0.019420121
0.039116702
0.026136876
0.033781982
0.042388651
0.052736828
0.063606312
0.055544243
0.062259599
0.065241263
0.062719045
0.069460654
0.061870217
0.067552051
0.06050861
0.064224467
0.060299005
0.066194686
0.060891664
0.059758003
0.034448317
0.041382281
0.031858315
0.0064852399
0.030622169
0.04172156
0.05282448
0.052094453
0.047039089
0.050447271
0.019846725
0.029860974
0.036500406
0.02522082
0.038311765
0.031363386
0.046287952
0.022923274
0.021406934
0.042211549
0.037165685
0.03787902
0.065248993
0.061995268
0.07409628
0.080360458
0.083497851
0.083792667
0.057641348
0.063467634
0.069308367
0.055612458
0.05804466
0.0072588302
0.021582876
0.007656504
0.020635366
0.023194718
0.042289433
0.03266156
0.032286272
0.053869862
0.042430516
0.050208653
0.039954577
0.063715724
0.05209848
0.069558626
0.065959116
0.047128894
0.070438448
0.059287412
0.076219403
0.080256183
0.057800113
0.071313573
0.078619586
0.062551973
0.08192947
0.084127687
0.035457091
0.040096728
0.043591993
0.044172521
0.045708766
0.070569303
0.079005703
0.063241241
0.081239927
0.084334395
0.048759269
0.069473298
0.071360199
0.084492656
0.065065692
0.085903606
0.087570572
0.067617321
0.070547026
0.082273809
0.071388422
0.087224203
0.087540758
0.066963807
0.06578658
0.075999622
0.082784707
0.086235643
0.087124315
0.065069719
0.061952231
0.073290748
0.079583267
0.082972199
0.083567687
0
0
0
0
0
0
0
0
0
0
0
0
0
0
0
0
0
0
0
0
0
0
0
0
0
0
0
0
0
0
0
0
0
0
0
0
0
0
0
0
0
0
0
0
0
0
0
0
0
0
0
0
0
0
0
0
0
0
0
0
0
0
0
0
0
0
0
0
0
0
0
0
0
0
0
0
0
0
0
0
0
0
0
0
0
0
0
0
0
0
0
0
0
0
0
0
0
0
0
0
0
0
0
0
0
0
0
0
0
0
0
0
0
0
0
0
0
0
0
0
0
0
0
0
0
0
0
0
0
0
0
0
0
0
0
0
0
0
0
0
0
0
0
0
0
0
0
0
0
0
0
0
0
0
0
0
0
0
0
0
0
0
0
0
0
0
0
0
0
0
0
0
0
0
0
0
0
0
0
0
0
0
0
0
0
0
0
0
0
0
0
0
0
0
0
0
0
0
0
0
0
0
0
0
0
0
0
0
0
0
0
0
0
0
0
0
0
0
0
0
0
0
0
0
0
0
0
0
0
0
0
0
0
0
0
0
0
0
0
0
0
0
0
0
0
0
0
0
0
0
0
0
0
0
0
0
0
0
0
0
0
0
0
0
0
0
0
0
0
0
0
0
0
0
0
0
0
0
0
0
0
0
0
0
0
0
0
0
0
0
0
0
0
0
0
0
0
0
0
0
0
0
0
0
0
0
0
0
0
0
0
0
0
0.0017646159
0.0097802349
0
0
0
0
0
0
0
0
0
0
0
0.010566704
0
0
0.014080242
0.0043877559
0.012851874
0.027699681
0
0
0
0
0
0
0
0
0
0.021354192
0
0
0
0
0
0
0
0
0
0.028458936
0
0
0
0
0.0092115159
0.009482636
0.026131726
0.032476637
0.0693429
0.033099653
0.076027395
0
0
0
0
0.014196396
0.03416311
0.039398255
0.07730905
0.089697811
0.10794925
0.11757766
0
0
0
0
0
0
0
0
0
0
0
0
0
0
0
0
0
0
0
0
0
0
0
0
0
0
0
0
0
0
0
0
0
0
0
0
0
0
0
0
0
0
0
0
0
0
0
0
0
0
0
0
0
0
0
0
0
0
0
0
0
0
0
0
0
0
0
0
0
0
0
0
0
0
0
0
0
0
0
0
0
0
0
0
0
0
0
0
0
0
0
0
0
0
0
0
0
0
0
0
0
0
0
0
0
0
0
0
0
0
0
0
0
0
0
0
0
0
0
0
0
0
0
0
0
0
0
0
0
0
0
0
0
0
0
0
0
0
0.1023748
0
0
0
0.0019782733
0
0.018708373
0.038546368
0.059790197
0.07927397
0.09247809
0
0
0
0
0
0.01282312
0.034584661
0.053022078
0.067096798
0.091938838
0.10274597
0
0
0
0
0
0
0
0
0
0.0024435577
0.014617869
0.029296679
0.029124519
0.098449228
0.057068691
0.062332881
0.11870062
0.12490947
0.076744833
0.14154256
0.1394709
0.1238372
0.069941364
0.1527939
0.14855588
0.13345036
0.088340268
0.16706179
0.16763287
0.162876
0.1143235
0.098787397
0.16581511
0.16699365
0.16239989
0.11355507
0.097878423
0.17204596
0.18228305
0
0
0
0.033673534
0.030675913
0.046217114
0.064588577
0.085626911
0.10243049
0.11917002
0.12824178
0.059993365
0.10315159
0.12739253
0.13220108
0.1383786
0
0
0
0
0
0
0
0
0
0
0
0
0
0
0
0
0
0
0
0
0
0
0
0
0
0
0
0
0
0
0
0
0
0
0
0
0
0
0
0
0
0
0
0
0
0
0
0
0
0
0
0
0
0
0
0
0
0
0
0
0
0
0
0
0
0
0
0
0
0
0
0
0
0
0
0
0
0
0
0
0
0
0
0
0
0
0
0
0
0
0
0
0
0
0
0
0
0
0
0
0
0
0
0
0
0
0
0
0
0
0
0
0
0
0
0
0
0
0
0
0
0
0
0
0
0
0
0
0
0
0
0
0
0
0
0
0
0
0
0
0
0
0
0
0
0
0
0
0
0
0
0
0
0
0
0
0
0
0
0
0
0
0
0
0
0
0
0
0
0
0
0
0
0
0
0
0
0
0
0
0
0
0
0
0
0
0
0
0
0
0
0
0
0
0
0
0
0
0
0
0
0
0
0
0
0
0
0
0
0
0
0
0
0
0
0
0
0
0
0
0
0
0
0
0
0
0
0
0
0
0
0
0
0
0
0
0
0
0
0
0
0
0
0
0
0
0
0
0
0
0
0
0
0
0
0
0
0
0
0
0
0
0
0
0
0
0
0
0
0
0
0
0
0
0
0
0
0
0
0
0
0
0
0
0
0
0
0
0
0
0
0
0
0
0
0
0
0
0
0
0
0
0
0
0
0
0
0
0
0
0
0
0
0
0
0
0
0
0
0
0
0
0
0
0
0
0
0
0
0
0
0
0
0
0
0
0
0
0
0
0
0
0
0
0
0
0
0
0
0
0
0
0
0
0
0
0
0
0
0
0
0
0
0
0
0
0
0
0
0
0
0
0
0
0
0
0
0
0
0
0
0
0
0
0
0
0
0
0
0
0
0
0
0
0
0
0
0
0
0
0
0
0
0
0
0
0
0
0
0
0
0
0
0
0
0
0
0
0
0
0
0
0
0
0
0
0
0
0
0
0
0
0
0
0
0
0
0
0
0
0
0
0
0
0
0
0
0
0
0
0
0
0
0
0
0
0
0
0
0
0
0
0
0
0
0
0
0
0
0
0
0
0
0
0
0
0
0
0
0
0
0
0
0
0
0
0
0
0
0
0
0
0
0
0
0
0
0
0
0
0
0
0
0
0
0
0
0
0
0
0
0
0
0
0
0
0
0
0
0
0
0
0
0
0
0
0
0
0
0
0
0
0
0
0
0
0
0
0
0
0
0
0
0
0
0
0
0
0
0
0
0
0
0
0
0
0
0
0
0
0
0
0
0
0
0
0
0
0
0
0
0
0
0
0
0
0
0
0
0
0
0
0
0
0
0
0
0
0
0
0.18195183
0
0
0
0
0
0
0
0
0
0
0
0
0
0
0
0
0
0
0
0
0
0
0
0
0
0
0
0
0
0
0
0
0
0
0
0
0
0
0
0
0
0
0
0
0
0
0
0
0
0
0
0
0
0
0
0
0
0
0
0
0
0
0
0
0
0
0
0
0
0
0
0
0
0
0
0
0
0
0
0
0
0
0
0
0
0
0
0
0
0
0
0
0
0
0
0
0
0
0
0
0
0
0
0
0
0
0
0
0
0
0
0
0
0
0
0
0
0
0
0
0
0
0
0
0
0
0
0
0
0
0
0
0
0
0
0
0
0
0
0
0
0
0
0
0
0
0
0
0
0
0
0
0
0
0
0
0
0
0
0
0
0
0
0
0
0
0
0
0
0
0
0
0
0
0
0
0
0
0
0
0
0
0
0
0
0
0
0
0
0
0
0
0
0
0
0
0
0
0
0
0
0
0
0
0
0
0
0
0
0
0
0
0
0
0
0
0
0
0
0
0
0
0
0
0
0
0
0
0
0
0
0
0
0
0
0
0
0
0
0
0
0
0
0
0
0
0
0
0
0
0
0
0
0
0
0
0
0
0
0
0
0
0
0
0
0
0
0
0
0
0
0
0
0
0
0
0
0
0
0
0
0
0
0
0
0
0
0
0
0
0
0
0
0
0
0
0
0
0
0
0
0
0
0
0
0
0
0
0
0
0
0
0
0
0
0
0
0
0
0
0
0
0
0
0
0
0
0
0
0
0
0
0
0
0
0
0
0
0
0
0
0
0
0
0
0
0
0
0
0
0
0
0
0
0
0
0
0
0
0
0
0
0
0
0
0
0
0
0
0
0
0
0
0
0
0
0
0
0
0
0
0
0
0
0
0
0
0
0
0
0
0
0
0
0
0
0
0
0
0
0
0
0
0
0
0
0
0
0
0
0
0
0
0
0
0
0
0
0
0
0
0
0
0
0
0
0
0
0
0
0
0
0
0
0.11104741
0.097340522
0.081572269
0.07784484
0.07542618
0
0
0
0
0
0
0
0
0
0
0
0
0
0
0
0
0
0
0
0
0
0
0
0
0
0
0
0
0
0
0
0
0
0
0
0
0
0
0
0
0
0
0
0
0
0
0
0
0
0
0
0
0
0
0
0
0
0
0
0
0
0
0
0
0
0
0
0
0
0
0
0
0
0
0
0
0
0
0
0
0
0
0
0
0
0
0
0
0
0
0
0
0
0
0
0
0
0
0
0
0
0
0
0
0
0
0
0
0
0
0
0
0
0
0
0
0
0
0
0
0
0
0
0
0
0
0
0
0
0
0
0
0
0
0
0
0
0
0
0
0
0
0
0
0
0
0
0
0
0
0
0
0
0
0
0
0
0
0
0
0
0
0
0
0
0
0
0
0
0
0
0
0
0
0
0
0
0
0
0
0
0
0
0
0
0
0
0
0
0
0
0
0
0
0
0
0
0
0
0
0
0
0
0
0
0
0
0
0
0
0
0
0
0
0
0
0
0
0
0
0
0
0
0
0
0
0
0
0
0
0
0
0
0
0
0
0
0
0
0
0
0
0
0
0
0
0
0
0
0
0
0
0
0
0
0
0
0
0
0
0
0
0
0
0
0
0
0
0
0
0
0
0
0
0
0
0
0
0
0
0
0
0
0
0
0
0
0
0.037929773
0.039804656
0.034343773
0.049379109
0.047502068
0.047864969
0.066728419
0.053014598
0.067707156
0.059951729
0.074744134
0.090700925
0.063073152
0.054355695
0.065416985
0.076872069
0.095317418
0.080403114
0.067219084
0.075363328
0.083280271
0.10257744
0.085090547
0.075986717
0.082588204
0.074887931
0.10308233
0.095393076
0.079401346
0.082096181
0.075974805
0.11093223
0.097611531
0.081543718
0.077814253
0.075411993
0
0
0
0
0
0
0
0.018044638
0.025023539
0.020962938
0.014777207
0.0092981871
0.025088431
0.02678786
0.045833526
0.043070051
0.037735251
0.025013963
0.030962549
0.044788651
0.037035294
0.0644165
0.057089426
0.054749654
0.037970466
0.042377371
0.054286839
0.045439735
0.080761185
0.068310919
0.055668347
0.046217659
0.061797745
0.070345214
0.038412469
0.055727944
0.010109552
0
0
0
0
0
0
0
0
0
0
0
0
0
0.032629576
0.046243827
0
0.059088882
0.057341992
0.024618275
0
0
0.025980421
0.069074837
0.0049521811
0.0014768619
0.0077884359
0
0.055163885
0.067392213
0.0095699144
0.023834218
0.045024273
0.075997042
0.04243056
0.048799237
0.026845939
0
0.060214755
0.070417665
0.056913601
0.041425374
0.053393942
0.066577972
0.077293225
0.070753347
0.063499453
0.050049459
0.029086311
0.085375469
0.066392585
0.054608946
0.051411924
0.064144536
0.07832133
0.073904897
0.078307531
0.077417805
0.064873423
0.066635039
0.073051703
0.083205348
0.082749612
0.073142973
0.064090066
0.047435756
0
0
0
0
0.0026102367
0.082045586
0.063482604
0.050686313
0.058163639
0.049139824
0.076254929
0.078906063
0.082585922
0.087578918
0.083828916
0.076395189
0.078317129
0.085772399
0.091451096
0.090518673
0.080566563
0.07321571
0.066833885
0.022756882
0.032870611
0.03657472
0.053127806
0.044855071
0.043670066
0.034677323
0.028292658
0.027735431
0.035752567
0.037805511
0.033558612
0.042471734
0.029222505
0.031047154
0.02091945
0.029043134
0.030363181
0.033830878
0.076703352
0.060119424
0.042482063
0.036618776
0.036325316
0.086673818
0.070339934
0.066870629
0.045867594
0.043661067
0.11997742
0.10191956
0.081159932
0.057412985
0.052134347
0.027042023
0.079161075
0.054885829
0.046094266
0.059626163
0.048912141
0.075956425
0.085523578
0.092798331
0.088596292
0.085406768
0.08692904
0.090306878
0.092750888
0.095508267
0.083251371
0.078923508
0.093845314
0.066246415
0.05129162
0.0453669
0.070223711
0.057792241
0.051391389
0.090196668
0.10020893
0.094129371
0.091765961
0.094552041
0.092911596
0.096781502
0.10137265
0.098472772
0.088846437
0.086435075
0.093597442
0.063716122
0.052585727
0.04606495
0.071495515
0.061039414
0.053477399
0.10501799
0.098802802
0.096279373
0.10058359
0.1005697
0.10486039
0.107477
0.10391505
0.092397214
0.10910442
0.084512874
0.058588868
0.051332858
0.067218642
0.058421234
0.11239104
0.10638721
0.10041875
0.10478001
0.10412182
0.11215439
0.11620649
0.10849767
0.099594022
0.13465238
0.11611909
0.1614627
0.1383712
0.12634534
0.16413015
0.13764209
0.11812338
0.17762011
0.15225842
0.12251687
0.18829927
0.17887653
0.15198632
0.12220251
0.17891103
0.15242387
0.12274568
0.05663728
0
0
0.021191824
0
0
0.014359504
0.068435395
0.010966691
0.043642531
0
0.085179901
0.099189845
0.057031166
0.0037631633
0.055947465
0.020259986
0.028238837
0.063378149
0.080799893
0.08965786
0.052627793
0.10759703
0.13139527
0.10313108
0.11529835
0.10500856
0.085536848
0.1471408
0.12065153
0.13392708
0.13537329
0.11986252
0.16435176
0.15894409
0.15315305
0.14440392
0.17553422
0.16968257
0.17892562
0.16761558
0.1823599
0.18167842
0.17349315
0.18396324
0.18949042
0.18945142
0
0
0
0
0
0
0
0
0
0
0
0
0
0
0
0
0
0
0
0
0
0
0
0
0
0
0
0
0
0
0
0
0
0
0
0
0
0
0
0
0
0
0
0
0
0
0
0
0
0
0
0
0
0
0
0
0
0
0
0
0
0
0
0
0
0
0
0
0
0
0
0
0
0
0
0
0
0
0
0
0
0
0
0
0
0
0
0
0
0
0
0
0
0
0
0
0
0
0
0
0
0
0
0
0
0
0
0
0
0
0
0
0
0
0
0
0
0
0
0
0
0
0
0
0
0
0
0
0
0
0
0
0
0
0
0
0
0
0
0
0
0
0
0
0
0
0
0
0
0
0
0
0
0
0
0
0
0
0
0
0
0
0
0
0
0
0
0
0
0
0
0
0
0
0
0
0
0
0
0
0
0
0
0
0
0
0
0
0
0
0
0
0
0
0
0
0
0
0
0
0
0
0
0
0
0
0
0
0
0
0
0
0
0
0
0
0
0
0
0
0
0
0
0
0
0
0
0
0
0
0
0
0
0
0
0
0
0
0
0
0
0
0
0
0
0
0
0
0
0
0
0
0
0
0
0
0
0
0
0
0
0
0
0
0
0
0
0
0
0
0
0
0
0
0
0
0
0
0
0
0
0
0
0
0
0
0
0
0
0
0
0
0
0
0
0
0
0
0
0
0
0
0
0
0
0
0
0
0
0
0
0
0
0
0
0
0
0
0
0
0
0
0
0
0
0
0
0
0
0
0
0
0
0
0
0
0
0
0
0
0
0
0
0
0
0
0
0
0
0
0
0
0.016707232
0.021782909
0.022774239
0.06367203
0.063078034
0.052706783
0.042933604
0.05902751
0.049612488
0.034415134
0.02476995
0.052689528
0.043484338
0.029757912
0.046747487
0.025835551
0.036897729
0.029780332
0.01374285
0.03857729
0.032115552
0.039309771
0.034924695
0.032529122
0.020496799
0
0
0.0080090703
0.012389386
0
0
0
0
0
0
0
0
0
0.02388769
0.036279711
0.023159636
0.036447317
0.058893769
0.040216565
0.040521007
0.032237869
0.018791704
0
0
0
0.033520816
0.044402165
0.031147713
0.041894885
0.043705641
0.037500948
0.043044196
0.03672788
0.029619684
0
0
0.036139955
0.052298022
0.039330307
0.041992046
0.042734815
0.039975508
0.042064028
0.046820682
0.039399714
0.029137155
0.0070899087
0.008509019
0.058500359
0.078291911
0.052661487
0.051085458
0.048722868
0.047532816
0.046005353
0.050402585
0.0539679
0.05100087
0.039251568
0.034617467
0.074858437
0.083274639
0.058159908
0.070028411
0.057203065
0.052983289
0.054244145
0.050257366
0.059343319
0.063745106
0.083099376
0.058139432
0.071370704
0.084788576
0.08141856
0.063893091
0.07168093
0.061359807
0.060403681
0.061194095
0.06008348
0.061650847
0.079271002
0.093247639
0.085180034
0.079826192
0.083627772
0.080242942
0.06544124
0.069712213
0.081157517
0.063220749
0.066406319
0.066641595
0.077416317
0.089898549
0.099282312
0.10338553
0.098283532
0.092974552
0.084206263
0.076991263
0.067063243
0.07185127
0.081082306
0.068993386
0.072281468
0.073680789
0.084187103
0.096384169
0.10492611
0.10818338
0.1059093
0.09961492
0.017849666
0.025948632
0.020879559
0.026538518
0.027261153
0.083008511
0.071550338
0.078909834
0.083479251
0.073646959
0.075740074
0.074514296
0.079628616
0.092454864
0.10560656
0.11007997
0.11478877
0.11107742
0.10532507
0.076369686
0.038258896
0.051163593
0.052657756
0.044977779
0.031118116
0.011098914
0.032199583
0.019374091
0.025742224
0.039850414
0.046530947
0.062486387
0.054795068
0.059577358
0.064864583
0.062755986
0.068510236
0.061612891
0.067549478
0.061243673
0.063814096
0.060111706
0.066249831
0.061859482
0.059716099
0.057558226
0.063557018
0.069604618
0.05775505
0.058027142
0.046278286
0.036121921
0.0066068491
0.028038696
0.040596525
0.054093841
0.053946388
0.051405481
0.054847925
0.064046464
0.032106021
0.041207417
0.027237964
0.039727282
0.044538243
0.031544428
0.060572924
0.024884509
0.016438956
0.040865564
0.042223345
0.044710836
0.068430132
0.062604361
0.075044111
0.078684396
0.080048914
0.081634081
0.057585007
0.063756996
0.070205188
0.064806485
0.058703488
0.024881084
0.030523334
0.029709536
0.034054351
0.0416966
0.05539518
0.039160241
0.041955875
0.043667379
0.062515983
0.050724988
0.057951515
0.039254123
0.061572853
0.049331211
0.069364729
0.074143828
0.049686756
0.063344488
0.07148776
0.053105299
0.077062442
0.079318207
0.064749253
0.074062289
0.054296818
0.075994237
0.079135486
0.045001171
0.044157806
0.041004996
0.039959933
0.042544509
0.063444454
0.067185918
0.081051275
0.059156629
0.081300847
0.082662138
0.064900674
0.068464684
0.080031783
0.069561301
0.084452883
0.084818486
0.066111106
0.065042032
0.074545686
0.08156371
0.084784412
0.086002809
0.064729129
0.061838084
0.072241408
0.078594122
0.082421483
0.083339174
0.067808087
0.062346315
0.074338047
0.078210875
0.079719967
0.081382496
0
0
0
0
0
0
0
0
0
0
0
0
0
0
0
0
0
0
0
0
0
0
0
0
0
0
0
0
0
0
0
0
0
0
0
0
0
0
0
0
0
0
0
0
0
0
0
0
0
0
0
0
0
0
0
0
0
0
0
0
0
0
0
0
0
0
0
0
0
0
0
0
0
0
0
0
0
0
0
0
0
0
0
0
0
0
0
0
0
0
0
0
0
0
0
0
0
0
0
0
0
0
0
0
0
0
0
0
0
0
0
0
0
0
0
0
0
0
0
0
0
0
0
0
0
0
0
0
0
0
0
0
0
0
0
0
0
0
0
0
0
0
0
0
0
0
0
0
0
0
0
0
0
0
0
0
0
0
0
0
0
0
0
0
0
0
0
0
0
0
0
0
0
0
0
0
0
0
0
0
0
0
0
0
0
0
0
0
0
0
0
0
0
0
0
0
0
0
0
0
0
0
0
0
0
0
0
0
0
0
0
0
0
0
0
0
0
0
0
0
0
0
0
0
0
0
0
0
0
0
0
0
0
0
0
0
0
0
0
0
0
0
0
0
0
0
0
0
0
0
0
0
0
0
0
0
0
0
0
0
0
0
0
0
0
0
0
0
0
0
0
0
0
0
0
0
0
0
0
0
0
0
0
0
0
0
0
0
0
0
0
0
0
0
0
0
0
0
0
0
0
0
0
0
0
0
0
0
0
0
0
0
0
0
0
0
0
0
0
0.011505423
0.0050481287
0.0018140203
0
0
0
0
0
0
0
0
0
0.00017494731
0.021163237
0.0079751554
0.014532231
0.032114082
0.028056186
0.031866707
0.03895809
0
0
0
0
0
0.00082630205
0.0016782948
0.021982027
0.033738667
0
0
0
0
0
0
0
0
0.029041091
0.039801977
0
0
0
0
0.0074021087
0.0099378313
0.026584822
0.033618205
0.069746196
0.076673409
0.060204311
0.10330678
0
0
0
0.013526062
0.036133494
0.041760925
0.076203287
0.089205287
0.10800998
0.1176028
0.12762037
0
0
0
0
0
0
0
0
0
0
0
0
0
0
0
0
0
0
0
0
0
0
0
0
0
0
0
0
0
0
0
0
0
0
0
0
0
0
0
0
0
0
0
0
0
0
0
0
0
0
0
0
0
0
0
0
0
0
0
0
0
0
0
0
0
0
0
0
0
0
0
0
0
0
0
0
0
0
0
0
0
0
0
0
0
0
0
0
0
0
0
0
0
0
0
0
0
0
0
0
0
0
0
0
0
0
0
0
0
0
0
0
0
0
0
0
0
0
0
0
0
0
0
0
0
0
0
0
0
0
0
0
0
0
0
0
0
0.0067060948
0
0.017261701
0.037455568
0.059313203
0.079251129
0.092690345
0
0
0
0
0.010574064
0.034363474
0.053037812
0.06739568
0.092293954
0.1031118
0.13251544
0
0
0
0
0
0
0
0
0
0.014476093
0.028947183
0.028318966
0.095085202
0.057098375
0.062807453
0.11672104
0.12319833
0.077635157
0.14098799
0.13886139
0.12311788
0.071081492
0.15301678
0.14839635
0.13339407
0.089572734
0.16790164
0.16779845
0.16312718
0.11452635
0.099531522
0.17376217
0.17300629
0.16749712
0.12277607
0.11645198
0.17232678
0.17216515
0.16701576
0.12181181
0.11614465
0.18428592
0.18668224
0
0
0.039364704
0.035381785
0.044675991
0.063455309
0.08508857
0.10224943
0.11930982
0.12808116
0.1386471
0.071761399
0.11026441
0.12989636
0.14080546
0.14502761
0
0
0
0
0
0
0
0
0
0
0
0
0
0
0
0
0
0
0
0
0
0
0
0
0
0
0
0
0
0
0
0
0
0
0
0
0
0
0
0
0
0
0
0
0
0
0
0
0
0
0
0
0
0
0
0
0
0
0
0
0
0
0
0
0
0
0
0
0
0
0
0
0
0
0
0
0
0
0
0
0
0
0
0
0
0
0
0
0
0
0
0
0
0
0
0
0
0
0
0
0
0
0
0
0
0
0
0
0
0
0
0
0
0
0
0
0
0
0
0
0
0
0
0
0
0
0
0
0
0
0
0
0
0
0
0
0
0
0
0
0
0
0
0
0
0
0
0
0
0
0
0
0
0
0
0
0
0
0
0
0
0
0
0
0
0
0
0
0
0
0
0
0
0
0
0
0
0
0
0
0
0
0
0
0
0
0
0
0
0
0
0
0
0
0
0
0
0
0
0
0
0
0
0
0
0
0
0
0
0
0
0
0
0
0
0
0
0
0
0
0
0
0
0
0
0
0
0
0
0
0
0
0
0
0
0
0
0
0
0
0
0
0
0
0
0
0
0
0
0
0
0
0
0
0
0
0
0
0
0
0
0
0
0
0
0
0
0
0
0
0
0
0
0
0
0
0
0
0
0
0
0
0
0
0
0
0
0
0
0
0
0
0
0
0
0
0
0
0
0
0
0
0
0
0
0
0
0
0
0
0
0
0
0
0
0
0
0
0
0
0
0
0
0
0
0
0
0
0
0
0
0
0
0
0
0
0
0
0
0
0
0
0
0
0
0
0
0
0
0
0
0
0
0
0
0
0
0
0
0
0
0
0
0
0
0
0
0
0
0
0
0
0
0
0
0
0
0
0
0
0
0
0
0
0
0
0
0
0
0
0
0
0
0
0
0
0
0
0
0
0
0
0
0
0
0
0
0
0
0
0
0
0
0
0
0
0
0
0
0
0
0
0
0
0
0
0
0
0
0
0
0
0
0
0
0
0
0
0
0
0
0
0
0
0
0
0
0
0
0
0
0
0
0
0
0
0
0
0
0
0
0
0
0
0
0
0
0
0
0
0
0
0
0
0
0
0
0
0
0
0
0
0
0
0
0
0
0
0
0
0
0
0
0
0
0
0
0
0
0
0
0
0
0
0
0
0
0
0
0
0
0
0
0
0
0
0
0
0
0
0
0
0
0
0
0
0
0
0
0
0
0
0
0
0
0
0
0
0
0
0
0
0
0
0
0
0
0
0
0
0
0
0
0
0
0
0
0
0
0
0
0
0
0
0
0
0
0
0
0
0
0
0
0
0
0
0
0
0
0
0
0
0
0
0
0
0
0
0
0
0
0
0
0
0
0
0
0
0
0
0
0
0
0
0
0
0
0
0
0
0
0
0
0
0
0
0
0
0
0
0
0
0
0
0
0
0
0
0
0
0
0
0
0
0
0
0
0
0
0
0
0
0
0
0
0
0
0
0
0
0
0
0
0
0
0
0
0
0
0
0
0
0
0
0
0
0
0
0
0
0
0
0
0
0
0
0
0
0
0
0
0
0
0
0
0
0
0
0
0
0
0
0
0
0
0
0
0
0
0
0
0
0
0
0
0
0
0
0
0
0
0
0
0
0
0
0
0
0
0
0
0
0
0
0
0
0
0
0
0
0
0
0
0
0
0
0
0
0
0
0
0
0
0
0
0
0
0
0
0
0
0
0
0
0
0
0
0
0
0
0
0
0
0
0
0
0
0
0
0
0
0
0
0
0
0
0
0
0
0
0
0
0
0
0
0
0
0
0
0
0
0
0
0
0
0
0
0
0
0
0
0
0
0
0
0
0
0
0
0
0
0
0
0
0
0
0
0
0
0
0
0
0
0
0
0
0
0
0
0
0
0
0
0
0
0
0
0
0
0
0
0
0
0
0
0
0
0
0
0
0
0
0
0
0
0
0
0
0
0
0
0
0
0
0
0
0
0
0
0
0
0
0
0
0
0
0
0
0
0
0
0
0
0
0
0
0
0
0
0
0
0
0
0
0
0
0
0
0
0
0
0
0
0
0
0
0
0
0
0
0
0
0
0
0
0
0
0
0
0
0
0
0
0
0
0
0
0
0
0
0
0
0
0
0
0
0
0
0
0
0
0
0
0
0
0
0
0
0
0
0
0
0
0
0
0
0
0
0
0
0
0
0
0
0
0
0
0
0
0
0
0
0
0
0
0
0
0
0
0
0
0
0
0
0
0
0
0
0
0
0
0
0
0
0
0
0
0
0
0
0
0
0
0
0
0
0
0
0
0
0
0
0
0
0
0
0
0
0
0
0
0
0
0
0
0
0
0
0
0
0
0
0
0
0
0
0
0
0
0
0
0
0
0
0
0
0
0
0
0
0
0
0
0
0
0
0
0
0
0.11313506
0.1089766
0.093779268
0.077069357
0.077528072
0.074531738
0
0
0
0
0
0
0
0
0
0
0
0
0
0
0
0
0
0
0
0
0
0
0
0
0
0
0
0
0
0
0
0
0
0
0
0
0
0
0
0
0
0
0
0
0
0
0
0
0
0
0
0
0
0
0
0
0
0
0
0
0
0
0
0
0
0
0
0
0
0
0
0
0
0
0
0
0
0
0
0
0
0
0
0
0
0
0
0
0
0
0
0
0
0
0
0
0
0
0
0
0
0
0
0
0
0
0
0
0
0
0
0
0
0
0
0
0
0
0
0
0
0
0
0
0
0
0
0
0
0
0
0
0
0
0
0
0
0
0
0
0
0
0
0
0
0
0
0
0
0
0
0
0
0
0
0
0
0
0
0
0
0
0
0
0
0
0
0
0
0
0
0
0
0
0
0
0
0
0
0
0
0
0
0
0
0
0
0
0
0
0
0
0
0
0
0
0
0
0
0
0
0
0
0
0
0
0
0
0
0
0
0
0
0
0
0
0
0
0
0
0
0
0
0
0
0
0
0
0
0
0
0
0
0
0
0
0
0
0
0
0
0
0
0
0
0
0
0
0
0
0
0
0
0
0
0
0
0
0
0
0
0
0
0
0
0
0
0
0
0
0
0
0
0
0
0
0
0
0
0
0
0
0
0
0
0
0
0
0
0
0
0.043821616
0.044682649
0.048794105
0.042209761
0.042465271
0.056482845
0.058812936
0.053559659
0.050625022
0.061214109
0.058273937
0.069496387
0.063698228
0.072708127
0.089885742
0.076310858
0.06516128
0.073779484
0.080220122
0.10097654
0.083567729
0.075575014
0.082096271
0.07470534
0.10219952
0.095355635
0.079294527
0.081885067
0.075902345
0.11063685
0.09788656
0.081400548
0.077760343
0.07539399
0.11343582
0.1093823
0.094010547
0.077047803
0.077473515
0.074566778
0
0
0
0
0
0.01293128
0.031232423
0.047956504
0.033598875
0.045780073
0.036205522
0.017572314
0.022884911
0.041124976
0.039203212
0.06381997
0.051863571
0.050551506
0.03186585
0.03545069
0.048753932
0.043683449
0.07589797
0.066404994
0.053444422
0.04325102
0.058193877
0.0631608
0.083566057
0.065928656
0.054512092
0.051048583
0.063288629
0.073820476
0.058547904
0.040960046
0.073113137
0.067766378
0.041292678
0.029804973
0.014334803
0
0
0
0
0
0.030060567
0
0
0
0
0
0
0
0.047726582
0.061701648
0.060821416
0.073954966
0.07796441
0.063205002
0.07704184
0
0.018512318
0.047737638
0.081816753
0.03231108
0.036524297
0.01061523
0
0.065948079
0.075594771
0.048514807
0.036010888
0.053332677
0.072760247
0.077574898
0.064440986
0.054395429
0.035399831
0.012576419
0.077324695
0.079776705
0.073702249
0.062431453
0.068015302
0.077163272
0.08188148
0.079149882
0.064998228
0.051736165
0.0323844
0.081470827
0.06359017
0.051203362
0.05829811
0.049609285
0.07551461
0.081299723
0.083004931
0.086553231
0.083719243
0.077873234
0.081148341
0.089896726
0.091022094
0.088115041
0.077327652
0.068208457
0.060350657
0
0
0
0
0.079245409
0.055637244
0.04673818
0.059837454
0.049332473
0.0753744
0.086608621
0.093788563
0.090414449
0.088223761
0.089699438
0.093814859
0.092736749
0.095447284
0.082209856
0.076315415
0.048204679
0.052233721
0.052480481
0.070093006
0.059317336
0.048357194
0.038339434
0.029968502
0.036713983
0.043189935
0.038792527
0.046119359
0.044303265
0.034490937
0.03229377
0.034357744
0.030819017
0.035125644
0.077873315
0.064456177
0.060253337
0.043580357
0.042165336
0.1092695
0.090838307
0.071373126
0.052166008
0.050477229
0.123315
0.10548109
0.082349979
0.070671551
0.061983616
0.047148044
0.09387319
0.06674815
0.052173108
0.04609358
0.070227904
0.058127067
0.051763753
0.091188076
0.10141276
0.096484417
0.093337835
0.097436624
0.095538029
0.098388565
0.1016129
0.098613731
0.088681351
0.085589713
0.09391992
0.064162847
0.053462056
0.046637814
0.071254761
0.061118006
0.0537396
0.1059467
0.10045702
0.097748974
0.10276421
0.10256081
0.10513729
0.10766739
0.10419264
0.092389562
0.10927427
0.084776895
0.059078841
0.051940657
0.067292502
0.058955737
0.11296507
0.10770975
0.10182127
0.1056109
0.10605927
0.11276073
0.11651908
0.10875534
0.099723756
0.11360357
0.088889382
0.061496947
0.055743169
0.068499834
0.061023322
0.11911913
0.11244326
0.10632457
0.11056931
0.11238837
0.12342313
0.12355483
0.11622334
0.15311333
0.13011837
0.1203287
0.16201641
0.13240789
0.11440876
0.17752919
0.15134365
0.12018958
0.17878605
0.15130595
0.12123871
0.19066585
0.19057203
0.16758044
0.13751414
0.19008353
0.16743141
0.13742254
0.079610689
0.013225514
0.047823046
0
0
0.063882912
0.088528153
0.034119141
0.04658705
0.10072547
0.12592906
0.099517326
0.04672981
0.076003978
0.048350757
0.058921698
0.084299406
0.10789125
0.096990505
0.081616956
0.14178538
0.11801619
0.12545567
0.12602818
0.11687779
0.15698734
0.15516013
0.14330464
0.14151788
0.17034553
0.16734337
0.17411198
0.16781462
0.18260772
0.18079027
0.1745075
0.18543294
0.19040896
0.18577353
0.19156473
0.19527736
0
0
0
0
0
0
0
0
0
0
0
0
0
0
0
0
0
0
0
0
0
0
0
0
0
0
0
0
0
0
0
0
0
0
0
0
0
0
0
0
0
0
0
0
0
0
0
0
0
0
0
0
0
0
0
0
0
0
0
0
0
0
0
0
0
0
0
0
0
0
0
0
0
0
0
0
0
0
0
0
0
0
0
0
0
0
0
0
0
0
0
0
0
0
0
0
0
0
0
0
0
0
0
0
0
0
0
0
0
0
0
0
0
0
0
0
0
0
0
0
0
0
0
0
0
0
0
0
0
0
0
0
0
0
0
0
0
0
0
0
0
0
0
0
0
0
0
0
0
0
0
0
0
0
0
0
0
0
0
0
0
0
0
0
0
0
0
0
0
0
0
0
0
0
0
0
0
0
0
0
0
0
0
0
0
0
0
0
0
0
0
0
0
0
0
0
0
0
0
0
0
0
0
0
0
0
0
0
0
0
0
0
0
0
0
0
0
0
0
0
0
0
0
0
0
0
0
0
0
0
0
0
0
0
0
0
0
0
0
0
0
0
0
0
0
0
0
0
0
0
0
0
0
0
0
0
0
0
0
0
0
0
0
0
0
0
0
0
0
0
0
0
0
0
0
0
0
0
0
0
0
0
0
0
0
0
0
0
0
0
0
0
0
0
0
0
0
0
0
0
0
0
0
0
0
0
0
0
0
0
0
0
0
0
0
0
0
0
0
0
0
0
0
0
0
0
0
0
0
0
0
0
0
0
0
0
0
0
0
0
0
0
0.021256002
0.033182512
0.029722053
0.029579356
0.067824069
0.063193892
0.049970267
0.035153607
0.06187247
0.062554603
0.051121211
0.034751093
0.035043096
0.026882394
0.043566862
0.033627375
0.044960731
0.041869031
0.049196676
0.043546636
0.032621846
0.026165017
0.048961768
0.0369156
0.045240352
0.043194606
0.037092338
0.039119218
0.043545773
0.027079626
0
0.002062316
0
0
0
0
0
0
0
0
0
0
0.038173109
0.046529347
0.02654689
0.036830693
0.044031918
0.03952895
0.047487723
0.042992688
0.037591726
0
0
0.032009921
0.047047766
0.029337386
0.034363422
0.038671936
0.039488765
0.04453337
0.053417861
0.04481787
0.031349925
0.007297626
0
0.051232969
0.071638679
0.040099972
0.039652838
0.042628701
0.043382724
0.046234229
0.055940041
0.057535043
0.047570001
0.032877765
0.026604833
0.070617205
0.080681025
0.048694388
0.064584574
0.04889351
0.050158246
0.051578138
0.052220635
0.062503672
0.063126234
0.081689269
0.054767204
0.065894724
0.083209847
0.080369009
0.060875919
0.069491737
0.059705232
0.059192506
0.060089491
0.060138367
0.061602786
0.079234309
0.093044302
0.082321856
0.077290168
0.082687656
0.079520583
0.063989289
0.068416887
0.079942414
0.062266508
0.065011953
0.065901226
0.077472417
0.090025422
0.09922589
0.10309819
0.09795289
0.092000103
0.083590666
0.076664539
0.066149527
0.071010149
0.080267915
0.067980998
0.071772264
0.073355507
0.084142971
0.096435393
0.10499908
0.10816012
0.10557961
0.099225462
0.08246353
0.076117586
0.070874981
0.078226053
0.082768657
0.07311177
0.075261621
0.074164053
0.079448946
0.092455408
0.10571183
0.11019268
0.11483868
0.1110757
0.10531374
0.030870664
0.024410411
0.028827813
0.031823138
0.030165258
0.079750899
0.074621201
0.079045705
0.081198844
0.076821319
0.076962373
0.076719293
0.081492121
0.094465645
0.10711577
0.11269245
0.11892214
0.11835814
0.11208181
0.073539002
0.05095042
0.030322509
0.048152511
0.011011836
0.010380855
0.020154667
0.034691525
0.03896388
0.060285996
0.053303972
0.054988537
0.064135774
0.062735699
0.066649031
0.061186773
0.067547386
0.062284782
0.063081567
0.059862362
0.066357011
0.063237011
0.059418388
0.057436076
0.063666545
0.069964144
0.060143217
0.057934683
0.057600583
0.063917708
0.070664183
0.066450783
0.058525518
0.04069078
0.01484512
0.024410232
0.03864697
0.055467511
0.056177866
0.056493101
0.061105555
0.068686128
0.073877547
0.04555129
0.03170808
0.041445006
0.047292718
0.045561051
0.043958316
0.07026141
0.024860133
0.028166944
0.047700593
0.052464548
0.058258485
0.065936122
0.060873428
0.071724034
0.074803661
0.07629418
0.077519409
0.058080512
0.060792665
0.071113251
0.072861546
0.071210893
0.058134902
0.03005398
0.034583529
0.036481985
0.048025716
0.036643989
0.040725559
0.053282728
0.051973187
0.057868895
0.063324604
0.055226666
0.057217072
0.068292432
0.041918087
0.054157659
0.063531945
0.043678883
0.072914688
0.074490383
0.057228993
0.0670644
0.045293321
0.071594253
0.075102993
0.054439658
0.059848482
0.075383088
0.052043538
0.077492877
0.078602527
0.042700049
0.036635031
0.037373452
0.057910624
0.061861936
0.075534892
0.065719783
0.080892435
0.08151991
0.062978925
0.063176488
0.0716658
0.079472288
0.082581076
0.084087074
0.063967702
0.06142278
0.070497714
0.077121192
0.081582953
0.08302807
0.06700507
0.061951841
0.073439169
0.077677272
0.079421026
0.08116581
0.065296551
0.06052803
0.071239803
0.074441092
0.076048841
0.077436887
0
0
0
0
0
0
0
0
0
0
0
0
0
0
0
0
0
0
0
0
0
0
0
0
0
0
0
0
0
0
0
0
0
0
0
0
0
0
0
0
0
0
0
0
0
0
0
0
0
0
0
0
0
0
0
0
0
0
0
0
0
0
0
0
0
0
0
0
0
0
0
0
0
0
0
0
0
0
0
0
0
0
0
0
0
0
0
0
0
0
0
0
0
0
0
0
0
0
0
0
0
0
0
0
0
0
0
0
0
0
0
0
0
0
0
0
0
0
0
0
0
0
0
0
0
0
0
0
0
0
0
0
0
0
0
0
0
0
0
0
0
0
0
0
0
0
0
0
0
0
0
0
0
0
0
0
0
0
0
0
0
0
0
0
0
0
0
0
0
0
0
0
0
0
0
0
0
0
0
0
0
0
0
0
0
0
0
0
0
0
0
0
0
0
0
0
0
0
0
0
0
0
0
0
0
0
0
0
0
0
0
0
0
0
0
0
0
0
0
0
0
0
0
0
0
0
0
0
0
0
0
0
0
0
0
0
0
0
0
0
0
0
0
0
0
0
0
0
0
0
0
0
0
0
0
0
0
0
0
0
0
0
0
0
0
0
0
0
0
0
0
0
0
0
0
0
0
0
0
0
0
0
0
0
0
0
0
0
0
0
0
0
0
0
0
0
0
0
0
0
0
0
0
0
0
0
0
0
0
0
0
0
0
0
0
0
0
0
0
0
0
0
0
0
0
0
0
0
0
0.012174896
0.010918745
0.0095221219
0
0.012126238
0
0
0
0
0
0
0.0022332194
0.016585057
0.037911193
0.030414644
0.033253344
0.053772234
0.045599167
0.047221647
0.064731157
0
0
0
0
0.0016051609
0.0040766374
0.022762904
0.034324059
0.060380246
0
0
0
0
0
0
0.0029319207
0.029746484
0.040690046
0.065209241
0
0
0
0.0061308751
0.010283879
0.027455418
0.034489964
0.069671393
0.077556916
0.10367759
0.072142272
0.11051071
0
0
0.013766162
0.039976815
0.044933336
0.07460883
0.088384543
0.10788041
0.11757033
0.12747068
0.13014597
0
0
0
0
0
0
0
0
0
0
0
0
0
0
0
0
0
0
0
0
0
0
0
0
0
0
0
0
0
0
0
0
0
0
0
0
0
0
0
0
0
0
0
0
0
0
0
0
0
0
0
0
0
0
0
0
0
0
0
0
0
0
0
0
0
0
0
0
0
0
0
0
0
0
0
0
0
0
0
0
0
0
0
0
0
0
0
0
0
0
0
0
0
0
0
0
0
0
0
0
0
0
0
0
0
0
0
0
0
0
0
0
0
0
0
0
0
0
0
0
0
0
0
0
0
0.013544249
0
0.013918731
0.034811209
0.05863253
0.079136704
0.092813209
0
0
0
0
0.0059690155
0.033535359
0.053185979
0.067683121
0.092604537
0.10344465
0.13233127
0.14118379
0
0
0
0
0
0
0
0.011617296
0.024128557
0.025871677
0.09121117
0.055999734
0.062467818
0.11370718
0.12039084
0.078151234
0.13886762
0.13720618
0.12241541
0.072146432
0.15254662
0.14750002
0.13306022
0.090686315
0.16847135
0.16771403
0.16317151
0.11515032
0.1007871
0.1745113
0.17344712
0.16789742
0.12345079
0.11675201
0.18645918
0.18526266
0.18252549
0.1357647
0.14486725
0.11846342
0.18514499
0.1845412
0.1822787
0.135814
0.14418372
0.11847186
0.18846969
0.025191789
0.044721478
0.04343397
0.042597332
0.061621769
0.084245186
0.10195308
0.11938706
0.12808566
0.13860753
0.1455347
0.092983961
0.13424714
0.15225369
0.15068237
0
0
0
0
0
0
0
0
0
0
0
0
0
0
0
0
0
0
0
0
0
0
0
0
0
0
0
0
0
0
0
0
0
0
0
0
0
0
0
0
0
0
0
0
0
0
0
0
0
0
0
0
0
0
0
0
0
0
0
0
0
0
0
0
0
0
0
0
0
0
0
0
0
0
0
0
0
0
0
0
0
0
0
0
0
0
0
0
0
0
0
0
0
0
0
0
0
0
0
0
0
0
0
0
0
0
0
0
0
0
0
0
0
0
0
0
0
0
0
0
0
0
0
0
0
0
0
0
0
0
0
0
0
0
0
0
0
0
0
0
0
0
0
0
0
0
0
0
0
0
0
0
0
0
0
0
0
0
0
0
0
0
0
0
0
0
0
0
0
0
0
0
0
0
0
0
0
0
0
0
0
0
0
0
0
0
0
0
0
0
0
0
0
0
0
0
0
0
0
0
0
0
0
0
0
0
0
0
0
0
0
0
0
0
0
0
0
0
0
0
0
0
0
0
0
0
0
0
0
0
0
0
0
0
0
0
0
0
0
0
0
0
0
0
0
0
0
0
0
0
0
0
0
0
0
0
0
0
0
0
0
0
0
0
0
0
0
0
0
0
0
0
0
0
0
0
0
0
0
0
0
0
0
0
0
0
0
0
0
0
0
0
0
0
0
0
0
0
0
0
0
0
0
0
0
0
0
0
0
0
0
0
0
0
0
0
0
0
0
0
0
0
0
0
0
0
0
0
0
0
0
0
0
0
0
0
0
0
0
0
0
0
0
0
0
0
0
0
0
0
0
0
0
0
0
0
0
0
0
0
0
0
0
0
0
0
0
0
0
0
0
0
0
0
0
0
0
0
0
0
0
0
0
0
0
0
0
0
0
0
0
0
0
0
0
0
0
0
0
0
0
0
0
0
0
0
0
0
0
0
0
0
0
0
0
0
0
0
0
0
0
0
0
0
0
0
0
0
0
0
0
0
0
0
0
0
0
0
0
0
0
0
0
0
0
0
0
0
0
0
0
0
0
0
0
0
0
0
0
0
0
0
0
0
0
0
0
0
0
0
0
0
0
0
0
0
0
0
0
0
0
0
0
0
0
0
0
0
0
0
0
0
0
0
0
0
0
0
0
0
0
0
0
0
0
0
0
0
0
0
0
0
0
0
0
0
0
0
0
0
0
0
0
0
0
0
0
0
0
0
0
0
0
0
0
0
0
0
0
0
0
0
0
0
0
0
0
0
0
0
0
0
0
0
0
0
0
0
0
0
0
0
0
0
0
0
0
0
0
0
0
0
0
0
0
0
0
0
0
0
0
0
0
0
0
0
0
0
0
0
0
0
0
0
0
0
0
0
0
0
0
0
0
0
0
0
0
0
0
0
0
0
0
0
0
0
0
0
0
0
0
0
0
0
0
0
0
0
0
0
0
0
0
0
0
0
0
0
0
0
0
0
0
0
0
0
0
0
0
0
0
0
0
0
0
0
0
0
0
0
0
0
0
0
0
0
0
0
0
0
0
0
0
0
0
0
0
0
0
0
0
0
0
0
0
0
0
0
0
0
0
0
0
0
0
0
0
0
0
0
0
0
0
0
0
0
0
0
0
0
0
0
0
0
0
0
0
0
0
0
0
0
0
0
0
0
0
0
0
0
0
0
0
0
0
0
0
0
0
0
0
0
0
0
0
0
0
0
0
0
0
0
0
0
0
0
0
0
0
0
0
0
0
0
0
0
0
0
0
0
0
0
0
0
0
0
0
0
0
0
0
0
0
0
0
0
0
0
0
0
0
0
0
0
0
0
0
0
0
0
0
0
0
0
0
0
0
0
0
0
0
0
0
0
0
0
0
0
0
0
0
0
0
0
0
0
0
0
0
0
0
0
0
0
0
0
0
0
0
0
0
0
0
0
0
0
0
0
0
0
0
0
0
0
0
0
0
0
0
0
0
0
0
0
0
0
0
0
0
0
0
0
0
0
0
0
0
0
0
0
0
0
0
0
0
0
0
0
0
0
0
0
0
0
0
0
0
0
0
0
0
0
0
0
0
0
0
0
0
0
0
0
0
0
0
0
0
0
0
0
0
0
0
0
0
0
0
0
0
0
0
0
0
0
0
0
0
0
0
0
0
0
0
0
0
0
0
0
0
0
0
0
0
0
0
0
0
0
0
0
0
0
0
0
0
0
0
0
0
0
0
0
0
0
0
0
0
0
0
0
0
0
0
0
0
0
0
0
0
0
0
0
0
0
0
0
0
0
0
0
0
0
0
0
0
0
0
0
0
0
0
0
0
0
0
0
0
0
0
0
0
0
0
0
0
0
0
0
0
0
0
0
0
0
0
0
0
0
0
0
0
0
0
0
0
0
0
0
0
0
0
0
0
0
0
0
0
0
0
0
0
0
0
0.12963677
0.11268537
0.097027696
0.078326441
0.074384667
0
0
0
0
0
0
0
0
0
0
0
0
0
0
0
0
0
0
0
0
0
0
0
0
0
0
0
0
0
0
0
0
0
0
0
0
0
0
0
0
0
0
0
0
0
0
0
0
0
0
0
0
0
0
0
0
0
0
0
0
0
0
0
0
0
0
0
0
0
0
0
0
0
0
0
0
0
0
0
0
0
0
0
0
0
0
0
0
0
0
0
0
0
0
0
0
0
0
0
0
0
0
0
0
0
0
0
0
0
0
0
0
0
0
0
0
0
0
0
0
0
0
0
0
0
0
0
0
0
0
0
0
0
0
0
0
0
0
0
0
0
0
0
0
0
0
0
0
0
0
0
0
0
0
0
0
0
0
0
0
0
0
0
0
0
0
0
0
0
0
0
0
0
0
0
0
0
0
0
0
0
0
0
0
0
0
0
0
0
0
0
0
0
0
0
0
0
0
0
0
0
0
0
0
0
0
0
0
0
0
0
0
0
0
0
0
0
0
0
0
0
0
0
0
0
0
0
0
0
0
0
0
0
0
0
0
0
0
0
0
0
0
0
0
0
0
0
0
0
0
0
0
0
0
0
0
0
0
0
0
0
0
0
0
0
0
0
0
0
0
0
0
0
0
0
0
0
0
0
0
0
0
0
0
0
0
0
0
0
0
0
0
0.052843774
0.046825142
0.048973978
0.056247678
0.06063731
0.058332909
0.057477436
0.065132515
0.062482072
0.069366246
0.071794064
0.077156927
0.098106695
0.081105869
0.074756783
0.081099588
0.074334373
0.10063499
0.095200445
0.079046901
0.081515939
0.075797145
0.11019512
0.098142826
0.081339433
0.077687681
0.075395198
0.11366215
0.10974245
0.094131269
0.077029978
0.077436089
0.074616539
0.13024387
0.1133218
0.097402587
0.07833895
0.074464947
0
0
0
0
0
0.064014449
0.052522486
0.065559727
0.048573094
0.045205954
0.026418318
0.029456435
0.048136767
0.048200699
0.067334952
0.062647922
0.049877056
0.039622073
0.053115601
0.057619463
0.079756178
0.064604398
0.053912769
0.050007964
0.06155465
0.067494629
0.080355667
0.063608233
0.051791885
0.058380936
0.050230865
0.074253774
0.082993865
0.074519656
0.088155141
0.054102132
0
0
0.013175799
0
0.026579168
0.053842999
0.053326209
0.024853586
0.0039467412
0.022438661
0.0055929808
0
0
0
0.073685815
0.08530392
0.090111512
0.073908996
0.08370004
0.039687956
0.030966129
0.053604953
0.080624238
0.079675765
0.05800502
0.044834825
0.021846925
0
0.08308689
0.08263317
0.068258415
0.05955344
0.0696341
0.083091899
0.079448067
0.074978671
0.056237648
0.037105209
0.016840512
0.08486333
0.083542634
0.084319157
0.081527905
0.078608538
0.084938277
0.095841456
0.090180161
0.084869971
0.070750132
0.057777737
0.04736065
0.079326396
0.056617741
0.047639424
0.060122442
0.049971705
0.074529708
0.088060909
0.093650543
0.091571437
0.091037425
0.093535399
0.098999305
0.092607328
0.093997188
0.078526122
0.069822845
0
0
0
0.093954729
0.067489912
0.053476031
0.047250139
0.070086624
0.058497413
0.052338465
0.092425646
0.10205416
0.098967844
0.095569186
0.10123112
0.098996754
0.1005483
0.10186767
0.097777959
0.0876066
0.083476801
0.057406798
0.064560922
0.071278993
0.059162307
0.061308522
0.047087207
0.041526257
0.039575857
0.042687751
0.042380527
0.042102354
0.044341959
0.046068211
0.048449264
0.056968509
0.037153003
0.033147316
0.041429828
0.037080968
0.10036952
0.080590661
0.062846704
0.048590647
0.049435399
0.11311476
0.094438047
0.074108672
0.064479202
0.057597843
0.14333949
0.1206729
0.1122941
0.093671979
0.077492145
0.073264281
0.094103442
0.064954792
0.05468495
0.047650695
0.071138771
0.061435718
0.054226312
0.10725035
0.10284256
0.099833994
0.10625907
0.10564426
0.10583946
0.1079875
0.10433566
0.09184642
0.1094584
0.085021194
0.059686323
0.052500471
0.067360562
0.059525421
0.11342821
0.10922434
0.10350828
0.10673596
0.10889482
0.11314111
0.11660948
0.10868446
0.099531041
0.11385996
0.089211178
0.062076146
0.056522266
0.068583293
0.061691572
0.11957045
0.11339224
0.10747318
0.11165502
0.11294173
0.12402948
0.12394174
0.11630404
0.12714837
0.10997025
0.081924479
0.059586603
0.060630367
0.06626816
0.12606902
0.12300343
0.11228072
0.11170114
0.12314141
0.13314523
0.13281427
0.12193126
0.15665852
0.12446438
0.10858963
0.17607333
0.14901775
0.11602571
0.17850008
0.15049271
0.11956946
0.19095104
0.16774787
0.13750439
0.19626827
0.19288078
0.16958999
0.13791061
0.19252953
0.16943015
0.13753815
0.094821766
0.028503129
0.090797278
0.035323343
0
0.075331258
0.1163314
0.075797002
0.13610993
0.11365861
0.075768962
0.103224
0.064598245
0.082905895
0.09185729
0.11830541
0.11863889
0.11461579
0.14991573
0.15171707
0.13411536
0.13806928
0.16380155
0.1636949
0.16758758
0.16570988
0.18006556
0.17759514
0.17446242
0.18540661
0.19007871
0.18693816
0.19234672
0.18963983
0.19721607
0.19770334
0
0
0
0
0
0
0
0
0
0
0
0
0
0
0
0
0
0
0
0
0
0
0
0
0
0
0
0
0
0
0
0
0
0
0
0
0
0
0
0
0
0
0
0
0
0
0
0
0
0
0
0
0
0
0
0
0
0
0
0
0
0
0
0
0
0
0
0
0
0
0
0
0
0
0
0
0
0
0
0
0
0
0
0
0
0
0
0
0
0
0
0
0
0
0
0
0
0
0
0
0
0
0
0
0
0
0
0
0
0
0
0
0
0
0
0
0
0
0
0
0
0
0
0
0
0
0
0
0
0
0
0
0
0
0
0
0
0
0
0
0
0
0
0
0
0
0
0
0
0
0
0
0
0
0
0
0
0
0
0
0
0
0
0
0
0
0
0
0
0
0
0
0
0
0
0
0
0
0
0
0
0
0
0
0
0
0
0
0
0
0
0
0
0
0
0
0
0
0
0
0
0
0
0
0
0
0
0
0
0
0
0
0
0
0
0
0
0
0
0
0
0
0
0
0
0
0
0
0
0
0
0
0
0
0
0
0
0
0
0
0
0
0
0
0
0
0
0
0
0
0
0
0
0
0
0
0
0
0
0
0
0
0
0
0
0
0
0
0
0
0
0
0
0
0
0
0
0
0
0
0
0
0
0
0
0
0
0
0
0
0
0
0
0
0
0
0
0
0
0
0
0
0
0
0
0
0
0
0
0
0
0
0
0
0
0
0
0
0
0
0
0
0
0
0
0
0
0
0.034504849
0.039932114
0.045460038
0.061690464
0.050583063
0.041233729
0.034992222
0.0646338
0.047774879
0.042246622
0.036753001
0.039573288
0.039187989
0.029283991
0.04011599
0.046705304
0.045186114
0.052432984
0.054661075
0.051820008
0.050777709
0.051128567
0.052098547
0.054615346
0.048680203
0.03940683
0.045083227
0.044629129
0.0471053
0
0.012214529
0.0098457451
0.02392191
0
0
0
0
0
0
0.034662749
0.04732216
0.027447142
0.031773312
0.037303997
0.041750453
0.0494779
0.059619778
0.051111516
0.036007536
0.011133573
0
0.045229246
0.063434143
0.030964032
0.033476673
0.039435378
0.04159408
0.04874539
0.061660076
0.061548456
0.042298148
0.027160445
0.016702628
0.061448163
0.075495011
0.036854708
0.05219264
0.039979337
0.045391054
0.04895261
0.055315253
0.06580941
0.062160647
0.078742695
0.050939324
0.056157836
0.07988204
0.078421151
0.053141679
0.064069223
0.053281782
0.05460802
0.057336474
0.060157857
0.061349276
0.078945341
0.092363212
0.077933928
0.072359299
0.080898832
0.078322034
0.060725335
0.065762822
0.077558471
0.060050735
0.062402457
0.064763105
0.077306678
0.090100307
0.099188448
0.10245253
0.097233626
0.090091205
0.082681596
0.076281076
0.064661803
0.06973273
0.07911086
0.066262129
0.071063773
0.07298577
0.084109489
0.096462257
0.10495622
0.10795241
0.10503877
0.098492586
0.081778208
0.075748188
0.069931098
0.077346387
0.081943294
0.072364848
0.074593423
0.073572145
0.079154641
0.092440034
0.10581256
0.11029858
0.11467364
0.11083613
0.10496543
0.079275347
0.073258349
0.073964706
0.078347479
0.080527404
0.076205139
0.076428785
0.076246367
0.081227328
0.094418476
0.10719671
0.11280596
0.11908725
0.11841258
0.11206776
0.028930342
0.031343198
0.0356707
0.036683454
0.034399397
0.07802475
0.07828547
0.079823655
0.079263183
0.078336218
0.078549194
0.077422699
0.079807062
0.089141312
0.099743844
0.11205306
0.11933534
0.12504841
0.12338905
0.073255682
0.059430622
0.052974932
0.021198175
0.031039291
0.0044896523
0.026498993
0.032723342
0.056021778
0.050396694
0.048056707
0.062734181
0.062477746
0.063137637
0.060378341
0.067539355
0.063704376
0.06162725
0.059414103
0.066544659
0.065128047
0.058529286
0.057150827
0.063881133
0.070444814
0.063550176
0.057636651
0.057588608
0.064114041
0.071147505
0.068122944
0.058258976
0.058185664
0.061083983
0.07166053
0.073668768
0.072740462
0.058043842
0.042121055
0.020896874
0.035935727
0.056715486
0.058687458
0.061651387
0.067661573
0.074639047
0.078436733
0.078404048
0.0396756
0.043830232
0.050017929
0.051030186
0.053913149
0.074114697
0.036290135
0.044397609
0.060874937
0.06715469
0.066662983
0.067620169
0.061747057
0.070056521
0.072835545
0.073406183
0.075650522
0.059886534
0.063163747
0.072044555
0.074951497
0.076172543
0.059491844
0.036783191
0.051277832
0.039503947
0.041824877
0.036703421
0.045874971
0.052999617
0.05654834
0.060827313
0.060409143
0.070105052
0.065012649
0.069045258
0.070392422
0.049103664
0.059745395
0.037545632
0.06917935
0.072071222
0.045269427
0.05131749
0.068797808
0.045183511
0.075214867
0.075790053
0.048609211
0.052049381
0.069254597
0.059050062
0.077749652
0.078990001
0.049987498
0.037711746
0.035005334
0.055019313
0.058159688
0.06610819
0.076165612
0.080293464
0.081678948
0.061550377
0.059788842
0.066961608
0.074588888
0.080284981
0.082452449
0.065675077
0.0610926
0.072048688
0.076965726
0.079006263
0.080891487
0.064500284
0.060044381
0.070688706
0.074064944
0.07581461
0.077414593
0.067166044
0.061229416
0.069712336
0.072590346
0.07333018
0.075605835
0
0
0
0
0
0
0
0
0
0
0
0
0
0
0
0
0
0
0
0
0
0
0
0
0
0
0
0
0
0
0
0
0
0
0
0
0
0
0
0
0
0
0
0
0
0
0
0
0
0
0
0
0
0
0
0
0
0
0
0
0
0
0
0
0
0
0
0
0
0
0
0
0
0
0
0
0
0
0
0
0
0
0
0
0
0
0
0
0
0
0
0
0
0
0
0
0
0
0
0
0
0
0
0
0
0
0
0
0
0
0
0
0
0
0
0
0
0
0
0
0
0
0
0
0
0
0
0
0
0
0
0
0
0
0
0
0
0
0
0
0
0
0
0
0
0
0
0
0
0
0
0
0
0
0
0
0
0
0
0
0
0
0
0
0
0
0
0
0
0
0
0
0
0
0
0
0
0
0
0
0
0
0
0
0
0
0
0
0
0
0
0
0
0
0
0
0
0
0
0
0
0
0
0
0
0
0
0
0
0
0
0
0
0
0
0
0
0
0
0
0
0
0
0
0
0
0
0
0
0
0
0
0
0
0
0
0
0
0
0
0
0
0
0
0
0
0
0
0
0
0
0
0
0
0
0
0
0
0
0
0
0
0
0
0
0
0
0
0
0
0
0
0
0
0
0
0
0
0
0
0
0
0
0
0
0
0
0
0
0
0
0
0
0
0
0
0
0
0
0
0
0
0
0
0
0
0
0
0
0
0
0
0
0
0
0
0
0
0
0
0
0
0
0
0
0
0
0
0
0
0
0
0
0
0
0
0
0
0
0
0
0
0
0
0
0
0
0
0
0
0
0
0.012038348
0.015754251
0.018332404
0.0088170429
0.017838533
0.033689313
0
0
0
0
0.0037745203
0.0054591195
0.01900589
0.034956333
0.048411578
0.048173395
0.065681966
0.060749641
0.052991842
0.074424855
0.076530974
0
0
0
0.0027833107
0.0059378581
0.023292222
0.03495976
0.060681115
0.072471661
0
0
0
0
0
0.0033427273
0.0079089535
0.030676253
0.04175928
0.065426956
0.077039599
0
0
0.0058563933
0.011482648
0.029657737
0.035698189
0.069202482
0.077833311
0.10374961
0.11087121
0.093219172
0.013828704
0.019301116
0.046041647
0.049380525
0.072040805
0.087169875
0.10763848
0.11746101
0.12744957
0.1301258
0.13469228
0
0
0
0
0
0
0
0
0
0
0
0
0
0
0
0
0
0
0
0
0
0
0
0
0
0
0
0
0
0
0
0
0
0
0
0
0
0
0
0
0
0
0
0
0
0
0
0
0
0
0
0
0
0
0
0
0
0
0
0
0
0
0
0
0
0
0
0
0
0
0
0
0
0
0
0
0
0
0
0
0
0
0
0
0
0
0
0
0
0
0
0
0
0
0
0
0
0
0
0
0
0
0
0
0
0
0.029731134
0.02634211
0.04510728
0.011423396
0.029807489
0.056864728
0.079022745
0.092895829
0.021414183
0.0062257141
0.0013692066
0.032035828
0.053120386
0.068162754
0.092967614
0.10380114
0.13243612
0.14134526
0.15291088
0
0
0.0021321774
0
0.013840028
0.035152606
0.022933548
0.016743856
0.086381291
0.051503278
0.061217095
0.11023523
0.11618374
0.077963962
0.13607101
0.13449838
0.12129382
0.073271817
0.15070299
0.14552583
0.13266028
0.091684916
0.1684185
0.16707875
0.16276055
0.1157914
0.10189584
0.17501015
0.17366648
0.16793295
0.12499783
0.11756698
0.18734747
0.18578237
0.18271541
0.13552197
0.14504589
0.11871713
0.18952726
0.18905572
0.18980966
0.15613027
0.15309563
0.13443354
0.18817346
0.18827666
0.18953847
0.15551708
0.15250358
0.13458808
0.029150555
0.054446619
0.048804166
0.058152239
0.082331788
0.10147702
0.11949731
0.12814132
0.13873751
0.14578439
0.15135956
0.10263381
0.133117
0.15967472
0.15581635
0
0
0
0
0
0
0
0
0
0
0
0
0
0
0
0
0
0
0
0
0
0
0
0
0
0
0
0
0
0
0
0
0
0
0
0
0
0
0
0
0
0
0
0
0
0
0
0
0
0
0
0
0
0
0
0
0
0
0
0
0
0
0
0
0
0
0
0
0
0
0
0
0
0
0
0
0
0
0
0
0
0
0
0
0
0
0
0
0
0
0
0
0
0
0
0
0
0
0
0
0
0
0
0
0
0
0
0
0
0
0
0
0
0
0
0
0
0
0
0
0
0
0
0
0
0
0
0
0
0
0
0
0
0
0
0
0
0
0
0
0
0
0
0
0
0
0
0
0
0
0
0
0
0
0
0
0
0
0
0
0
0
0
0
0
0
0
0
0
0
0
0
0
0
0
0
0
0
0
0
0
0
0
0
0
0
0
0
0
0
0
0
0
0
0
0
0
0
0
0
0
0
0
0
0
0
0
0
0
0
0
0
0
0
0
0
0
0
0
0
0
0
0
0
0
0
0
0
0
0
0
0
0
0
0
0
0
0
0
0
0
0
0
0
0
0
0
0
0
0
0
0
0
0
0
0
0
0
0
0
0
0
0
0
0
0
0
0
0
0
0
0
0
0
0
0
0
0
0
0
0
0
0
0
0
0
0
0
0
0
0
0
0
0
0
0
0
0
0
0
0
0
0
0
0
0
0
0
0
0
0
0
0
0
0
0
0
0
0
0
0
0
0
0
0
0
0
0
0
0
0
0
0
0
0
0
0
0
0
0
0
0
0
0
0
0
0
0
0
0
0
0
0
0
0
0
0
0
0
0
0
0
0
0
0
0
0
0
0
0
0
0
0
0
0
0
0
0
0
0
0
0
0
0
0
0
0
0
0
0
0
0
0
0
0
0
0
0
0
0
0
0
0
0
0
0
0
0
0
0
0
0
0
0
0
0
0
0
0
0
0
0
0
0
0
0
0
0
0
0
0
0
0
0
0
0
0
0
0
0
0
0
0
0
0
0
0
0
0
0
0
0
0
0
0
0
0
0
0
0
0
0
0
0
0
0
0
0
0
0
0
0
0
0
0
0
0
0
0
0
0
0
0
0
0
0
0
0
0
0
0
0
0
0
0
0
0
0
0
0
0
0
0
0
0
0
0
0
0
0
0
0
0
0
0
0
0
0
0
0
0
0
0
0
0
0
0
0
0
0
0
0
0
0
0
0
0
0
0
0
0
0
0
0
0
0
0
0
0
0
0
0
0
0
0
0
0
0
0
0
0
0
0
0
0
0
0
0
0
0
0
0
0
0
0
0
0
0
0
0
0
0
0
0
0
0
0
0
0
0
0
0
0
0
0
0
0
0
0
0
0
0
0
0
0
0
0
0
0
0
0
0
0
0
0
0
0
0
0
0
0
0
0
0
0
0
0
0
0
0
0
0
0
0
0
0
0
0
0
0
0
0
0
0
0
0
0
0
0
0
0
0
0
0
0
0
0
0
0
0
0
0
0
0
0
0
0
0
0
0
0
0
0
0
0
0
0
0
0
0
0
0
0
0
0
0
0
0
0
0
0
0
0
0
0
0
0
0
0
0
0
0
0
0
0
0
0
0
0
0
0
0
0
0
0
0
0
0
0
0
0
0
0
0
0
0
0
0
0
0
0
0
0
0
0
0
0
0
0
0
0
0
0
0
0
0
0
0
0
0
0
0
0
0
0
0
0
0
0
0
0
0
0
0
0
0
0
0
0
0
0
0
0
0
0
0
0
0
0
0
0
0
0
0
0
0
0
0
0
0
0
0
0
0
0
0
0
0
0
0
0
0
0
0
0
0
0
0
0
0
0
0
0
0
0
0
0
0
0
0
0
0
0
0
0
0
0
0
0
0
0
0
0
0
0
0
0
0
0
0
0
0
0
0
0
0
0
0
0
0
0
0
0
0
0
0
0
0
0
0
0
0
0
0
0
0
0
0
0
0
0
0
0
0
0
0
0
0
0
0
0
0
0
0
0
0
0
0
0
0
0
0
0
0
0
0
0
0
0
0
0
0
0
0
0
0
0
0
0
0
0
0
0
0
0
0
0
0
0
0
0
0
0
0
0
0
0
0
0
0
0
0
0
0
0
0
0
0
0
0
0
0
0
0
0
0
0
0
0
0
0
0
0
0
0
0
0
0
0
0
0
0
0
0
0
0
0
0
0
0
0
0
0
0
0
0
0
0
0
0
0
0
0
0
0
0
0
0
0
0
0
0
0
0
0
0
0
0
0
0
0
0
0
0
0
0
0
0
0
0
0
0
0
0
0
0
0
0
0
0
0
0
0
0
0
0
0
0
0
0
0
0
0
0
0
0
0
0
0
0
0
0
0
0
0
0
0
0
0
0
0
0
0
0
0
0
0
0
0
0
0
0
0
0
0
0
0
0
0
0
0
0
0
0
0
0
0
0.13132571
0.12674898
0.1100547
0.087489374
0.074491488
0.073274587
0
0
0
0
0
0
0
0
0
0
0
0
0
0
0
0
0
0
0
0
0
0
0
0
0
0
0
0
0
0
0
0
0
0
0
0
0
0
0
0
0
0
0
0
0
0
0
0
0
0
0
0
0
0
0
0
0
0
0
0
0
0
0
0
0
0
0
0
0
0
0
0
0
0
0
0
0
0
0
0
0
0
0
0
0
0
0
0
0
0
0
0
0
0
0
0
0
0
0
0
0
0
0
0
0
0
0
0
0
0
0
0
0
0
0
0
0
0
0
0
0
0
0
0
0
0
0
0
0
0
0
0
0
0
0
0
0
0
0
0
0
0
0
0
0
0
0
0
0
0
0
0
0
0
0
0
0
0
0
0
0
0
0
0
0
0
0
0
0
0
0
0
0
0
0
0
0
0
0
0
0
0
0
0
0
0
0
0
0
0
0
0
0
0
0
0
0
0
0
0
0
0
0
0
0
0
0
0
0
0
0
0
0
0
0
0
0
0
0
0
0
0
0
0
0
0
0
0
0
0
0
0
0
0
0
0
0
0
0
0
0
0
0
0
0
0
0
0
0
0
0
0
0
0
0
0
0
0
0
0
0
0
0
0
0
0
0
0
0
0
0
0
0
0
0
0
0
0
0
0
0
0
0
0
0
0
0
0
0
0
0
0
0
0
0
0
0
0
0
0
0
0.05608366
0.054980554
0.050137396
0.052763448
0.057397379
0.062011651
0.062692589
0.063151031
0.066355512
0.062135915
0.061733218
0.067348728
0.069524114
0.074586241
0.079458888
0.073606061
0.097857614
0.094669793
0.078523517
0.080840545
0.075588075
0.10963698
0.098503028
0.081212317
0.077608611
0.075386566
0.11409878
0.11029645
0.094194213
0.077136866
0.077417485
0.074743003
0.13095695
0.11408724
0.097596313
0.078387014
0.074621259
0.1322667
0.12759178
0.11075952
0.087830426
0.074616198
0.073452851
0
0
0.071739841
0.060739653
0.057336932
0.057486257
0.046013705
0.036715907
0.048978036
0.0580374
0.072590371
0.061751473
0.052454441
0.048153687
0.058924045
0.060991592
0.077941536
0.06312822
0.052167212
0.058344848
0.050697075
0.072092908
0.079372127
0.057743319
0.048614513
0.060490513
0.05076418
0.073232811
0.090352562
0.09506335
0.095190898
0.084961671
0.10286097
0.094886859
0.079660345
0.055672261
0.031019236
0.026429323
0.0024999957
0.055560282
0.0312261
0.068716893
0.091367997
0.039667967
0.036184322
0.032953019
0.052277995
0.011508894
0
0
0.084328868
0.094293501
0.093444545
0.10121484
0.087208518
0.092174747
0.088471667
0.0616556
0.057014568
0.072316002
0.090597541
0.076158785
0.070997059
0.048604688
0.023994143
0.0037725588
0.090506815
0.084600736
0.081544034
0.077780436
0.07917902
0.08949905
0.10419237
0.088653089
0.082722562
0.063822318
0.044902782
0.031640302
0.090205749
0.093000149
0.091386744
0.092877297
0.098192951
0.10620793
0.09226406
0.092262405
0.071509663
0.056695707
0.094075399
0.068502674
0.055090399
0.048673586
0.069953425
0.059037186
0.053183439
0.09401492
0.10234252
0.10069149
0.098138831
0.10560139
0.10419569
0.10354204
0.10215428
0.095026181
0.083801157
0.077978828
0
0
0
0.094428543
0.066204457
0.056579912
0.049282311
0.070951527
0.061900165
0.055018741
0.10852046
0.1057977
0.10267289
0.1107627
0.10955539
0.10684565
0.10841678
0.10336144
0.089944982
0.070159765
0.071364645
0.094045542
0.072379491
0.059084979
0.060647042
0.05215768
0.044198527
0.044082406
0.046106768
0.049632403
0.048036385
0.047819655
0.052044449
0.056563245
0.057753568
0.038697202
0.043511134
0.10461779
0.083752999
0.066426295
0.059247642
0.052302905
0.13405986
0.11197287
0.10335463
0.087804345
0.072928644
0.070247705
0.14912447
0.11634943
0.10164323
0.093541906
0.092839059
0.077375123
0.10974762
0.085493249
0.060607595
0.053394
0.067517093
0.060439744
0.11416927
0.11148469
0.10592219
0.10877367
0.1130554
0.11393051
0.11712656
0.10833657
0.099026421
0.11422988
0.089413086
0.0626217
0.057519934
0.06870928
0.062605122
0.12001858
0.1145255
0.10902417
0.11317809
0.11332245
0.12435871
0.12419693
0.11616694
0.12759497
0.11045492
0.082583689
0.060429419
0.061752174
0.066578708
0.12631304
0.12381583
0.11339055
0.11300972
0.12367426
0.13371234
0.13321712
0.12198239
0.13232926
0.11728288
0.088630243
0.065101127
0.064159599
0.067911667
0.13344561
0.12900149
0.11911956
0.11634375
0.13081431
0.14370587
0.1421704
0.12953033
0.17256494
0.14429613
0.10987553
0.17695696
0.14839211
0.11698488
0.19150255
0.16786067
0.13759732
0.19324468
0.16991021
0.13831221
0.19871295
0.20184528
0.18630256
0.1540872
0.20103497
0.18590546
0.15335532
0.084555957
0.10500801
0.063573955
0.10419816
0.12725728
0.11093536
0.14247402
0.14760913
0.10104297
0.11355111
0.091758831
0.093376305
0.11552567
0.12615396
0.1359274
0.15733723
0.16028674
0.16063152
0.16276443
0.17646261
0.17272755
0.17196668
0.18312774
0.18831463
0.18712171
0.19186966
0.19066715
0.19833799
0.19986129
0.19869559
0
0
0
0
0
0
0
0
0
0
0
0
0
0
0
0
0
0
0
0
0
0
0
0
0
0
0
0
0
0
0
0
0
0
0
0
0
0
0
0
0
0
0
0
0
0
0
0
0
0
0
0
0
0
0
0
0
0
0
0
0
0
0
0
0
0
0
0
0
0
0
0
0
0
0
0
0
0
0
0
0
0
0
0
0
0
0
0
0
0
0
0
0
0
0
0
0
0
0
0
0
0
0
0
0
0
0
0
0
0
0
0
0
0
0
0
0
0
0
0
0
0
0
0
0
0
0
0
0
0
0
0
0
0
0
0
0
0
0
0
0
0
0
0
0
0
0
0
0
0
0
0
0
0
0
0
0
0
0
0
0
0
0
0
0
0
0
0
0
0
0
0
0
0
0
0
0
0
0
0
0
0
0
0
0
0
0
0
0
0
0
0
0
0
0
0
0
0
0
0
0
0
0
0
0
0
0
0
0
0
0
0
0
0
0
0
0
0
0
0
0
0
0
0
0
0
0
0
0
0
0
0
0
0
0
0
0
0
0
0
0
0
0
0
0
0
0
0
0
0
0
0
0
0
0
0
0
0
0
0
0
0
0
0
0
0
0
0
0
0
0
0
0
0
0
0
0
0
0
0
0
0
0
0
0
0
0
0
0
0
0
0
0
0
0
0
0
0.03431601
0.051360744
0.044053825
0.042173808
0.042044462
0.035060263
0.039010695
0.04933527
0.054353964
0.041746579
0.039293009
0.043760823
0.036644833
0.045653537
0.05200984
0.046602512
0.06597967
0.05461928
0.05546818
0.055944045
0.057240068
0.055237452
0.064464271
0.060974934
0.06177992
0.058299732
0.051794161
0.053814531
0.060525578
0.044432999
0
0.012087221
0.009781672
0.019449694
0
0
0
0
0.044202537
0.05738986
0.028949102
0.033210625
0.039914711
0.043657154
0.053694648
0.066948062
0.06665442
0.038795944
0.024086553
0.0071214216
0.048584731
0.067203561
0.03062518
0.037967641
0.03547371
0.042896049
0.049057208
0.060019886
0.069498396
0.060567559
0.073385746
0.047192947
0.043666297
0.073366949
0.075182834
0.0403322
0.052447915
0.042453774
0.046078207
0.053382871
0.060831444
0.061138741
0.0784211
0.090863593
0.072666574
0.064697499
0.077106864
0.076091706
0.052621255
0.059310523
0.07221756
0.054631524
0.057861437
0.063065367
0.076872352
0.090057689
0.099030227
0.10111448
0.095635396
0.085384655
0.081027785
0.075602557
0.061641497
0.067196376
0.076946996
0.062912668
0.06964981
0.07213395
0.083926632
0.096579822
0.10491271
0.10747375
0.10388437
0.096892348
0.080786456
0.075279903
0.0684308
0.076035676
0.080787284
0.071276312
0.073600919
0.072647386
0.078769077
0.092404691
0.10585303
0.11037399
0.11443771
0.11043499
0.10424904
0.078717744
0.072889846
0.073089416
0.077475649
0.079753505
0.075386525
0.075680525
0.075536121
0.080858554
0.094384607
0.10730965
0.11289124
0.11915953
0.11824902
0.11176944
0.077513763
0.073040489
0.077599228
0.079077062
0.078597318
0.077747316
0.077990133
0.07687463
0.079505677
0.089092037
0.099808461
0.11221713
0.11964765
0.12529961
0.12352969
0.035174283
0.038771757
0.043217711
0.043353432
0.045387563
0.075152275
0.078901809
0.078128312
0.077182038
0.079346007
0.078900086
0.078886924
0.081274897
0.089582538
0.10009424
0.11347968
0.12148542
0.12800799
0.13226197
0.071103237
0.070631499
0.041282374
0.032932609
0.033195248
0.01984105
0.049252207
0.045235136
0.039959524
0.060262944
0.061688436
0.057741931
0.058916496
0.067460884
0.06538699
0.058955693
0.058524516
0.066863888
0.067509658
0.05608069
0.056544297
0.064236573
0.071183558
0.067686916
0.056544806
0.057521757
0.064593718
0.071960207
0.070496606
0.057771898
0.058245752
0.061401368
0.072320211
0.074650842
0.074677141
0.057868751
0.060119538
0.063507832
0.0729312
0.076045648
0.077481245
0.059404419
0.033953827
0.057576637
0.061382726
0.066679713
0.073519552
0.081694947
0.084668926
0.083231851
0.067775557
0.0482061
0.052164193
0.056553863
0.060317761
0.068970373
0.066930435
0.052630513
0.076219558
0.075853532
0.077024075
0.064934676
0.060642152
0.06767202
0.069709965
0.070060757
0.061233222
0.063095938
0.070174325
0.075971086
0.074967769
0.084081419
0.060224382
0.048799088
0.042378032
0.033124685
0.041978829
0.058981605
0.052282587
0.053949212
0.06723731
0.072056297
0.068757884
0.071580192
0.070586494
0.037035084
0.043736636
0.063026224
0.039850551
0.074886402
0.074371334
0.039902052
0.043221894
0.063358651
0.050714385
0.075720729
0.077507916
0.045004612
0.050415308
0.058845605
0.072476811
0.078610082
0.079737217
0.047163448
0.037599926
0.055034976
0.055024509
0.061102005
0.071503873
0.078680302
0.081257423
0.062855469
0.058704949
0.069446342
0.075690667
0.078458116
0.0804727
0.06323105
0.059168698
0.069914438
0.073612663
0.075598364
0.077465152
0.066643438
0.060554185
0.069339713
0.072354309
0.073297519
0.07563318
0.064610333
0.060237594
0.067354986
0.06957624
0.070093648
0
0
0
0
0
0
0
0
0
0
0
0
0
0
0
0
0
0
0
0
0
0
0
0
0
0
0
0
0
0
0
0
0
0
0
0
0
0
0
0
0
0
0
0
0
0
0
0
0
0
0
0
0
0
0
0
0
0
0
0
0
0
0
0
0
0
0
0
0
0
0
0
0
0
0
0
0
0
0
0
0
0
0
0
0
0
0
0
0
0
0
0
0
0
0
0
0
0
0
0
0
0
0
0
0
0
0
0
0
0
0
0
0
0
0
0
0
0
0
0
0
0
0
0
0
0
0
0
0
0
0
0
0
0
0
0
0
0
0
0
0
0
0
0
0
0
0
0
0
0
0
0
0
0
0
0
0
0
0
0
0
0
0
0
0
0
0
0
0
0
0
0
0
0
0
0
0
0
0
0
0
0
0
0
0
0
0
0
0
0
0
0
0
0
0
0
0
0
0
0
0
0
0
0
0
0
0
0
0
0
0
0
0
0
0
0
0
0
0
0
0
0
0
0
0
0
0
0
0
0
0
0
0
0
0
0
0
0
0
0
0
0
0
0
0
0
0
0
0
0
0
0
0
0
0
0
0
0
0
0
0
0
0
0
0
0
0
0
0
0
0
0
0
0
0
0
0
0
0
0
0
0
0
0
0
0
0
0
0
0
0
0
0
0
0
0
0
0
0
0
0
0
0
0
0
0
0
0
0
0
0
0
0
0
0
0
0
0
0
0
0
0
0
0
0
0
0
0
0
0
0
0
0
0
0
0
0
0
0
0
0
0
0
0
0
0
0
0
0
0
0
0
0
0
0.011727311
0.019366394
0.026412184
0.020896331
0.025620457
0.038030417
0.05207997
0
0
0.0011524684
0.011391482
0.011008988
0.022478924
0.037127691
0.04963412
0.06435302
0.054237888
0.075128595
0.066523667
0.072050242
0.086778017
0
0
0.0048577983
0.0089558727
0.023761791
0.035646833
0.06054725
0.072903257
0.093410812
0
0
0
0.0081782954
0.013053552
0.03214899
0.043112223
0.065814867
0.077240441
0.10300042
0.0062216614
0.016552014
0.013979989
0.033998117
0.03739514
0.068053068
0.077697295
0.103693
0.11104417
0.037233435
0.053675105
0.05566012
0.068426931
0.084987222
0.107181
0.11734235
0.12745985
0.13020757
0.13485308
0.13365761
0
0
0
0
0
0
0
0
0
0
0
0
0
0
0
0
0
0
0
0
0
0
0
0
0
0
0
0
0
0
0
0
0
0
0
0
0
0
0
0
0
0
0
0
0
0
0
0
0
0
0
0
0
0
0
0
0
0
0
0
0
0
0
0
0
0
0
0
0
0
0
0
0
0
0
0
0
0
0
0
0
0
0
0
0
0
0
0
0
0
0
0
0
0
0
0
0
0
0
0.056764709
0.065935143
0.025718355
0.053824429
0.0784603
0.093076524
0.030296603
0.049968979
0.03082009
0.053031474
0.068625496
0.093573247
0.1042652
0.13262542
0.14164675
0.15340446
0.16051554
0.0060869064
0.032003045
0.076015683
0.010435673
0.029502318
0.053501743
0.0348138
0.060770839
0.060036134
0.051116961
0.045813609
0.10501536
0.10867497
0.07712867
0.13373609
0.13087482
0.11936642
0.074359473
0.14815912
0.14247523
0.13198812
0.092741167
0.1669539
0.16559817
0.1617143
0.11666166
0.10292293
0.17473576
0.17325432
0.167472
0.12667201
0.11830524
0.18828279
0.18611856
0.18268503
0.13676184
0.14578061
0.11973008
0.19056228
0.18961169
0.19021715
0.15640151
0.15362722
0.13468114
0.19964269
0.19953612
0.18625436
0.19865961
0.16140207
0.16980733
0.15196166
0.15288396
0.19845402
0.18584124
0.1980101
0.16111676
0.16901785
0.15142189
0.15286118
0.069327433
0.085000323
0.05910915
0.079179316
0.10031632
0.11969544
0.12833321
0.13898315
0.14619552
0.15183066
0.15685318
0.11046063
0.13963256
0.16640917
0.16052615
0
0
0
0
0
0
0
0
0
0
0
0
0
0
0
0
0
0
0
0
0
0
0
0
0
0
0
0
0
0
0
0
0
0
0
0
0
0
0
0
0
0
0
0
0
0
0
0
0
0
0
0
0
0
0
0
0
0
0
0
0
0
0
0
0
0
0
0
0
0
0
0
0
0
0
0
0
0
0
0
0
0
0
0
0
0
0
0
0
0
0
0
0
0
0
0
0
0
0
0
0
0
0
0
0
0
0
0
0
0
0
0
0
0
0
0
0
0
0
0
0
0
0
0
0
0
0
0
0
0
0
0
0
0
0
0
0
0
0
0
0
0
0
0
0
0
0
0
0
0
0
0
0
0
0
0
0
0
0
0
0
0
0
0
0
0
0
0
0
0
0
0
0
0
0
0
0
0
0
0
0
0
0
0
0
0
0
0
0
0
0
0
0
0
0
0
0
0
0
0
0
0
0
0
0
0
0
0
0
0
0
0
0
0
0
0
0
0
0
0
0
0
0
0
0
0
0
0
0
0
0
0
0
0
0
0
0
0
0
0
0
0
0
0
0
0
0
0
0
0
0
0
0
0
0
0
0
0
0
0
0
0
0
0
0
0
0
0
0
0
0
0
0
0
0
0
0
0
0
0
0
0
0
0
0
0
0
0
0
0
0
0
0
0
0
0
0
0
0
0
0
0
0
0
0
0
0
0
0
0
0
0
0
0
0
0
0
0
0
0
0
0
0
0
0
0
0
0
0
0
0
0
0
0
0
0
0
0
0
0
0
0
0
0
0
0
0
0
0
0
0
0
0
0
0
0
0
0
0
0
0
0
0
0
0
0
0
0
0
0
0
0
0
0
0
0
0
0
0
0
0
0
0
0
0
0
0
0
0
0
0
0
0
0
0
0
0
0
0
0
0
0
0
0
0
0
0
0
0
0
0
0
0
0
0
0
0
0
0
0
0
0
0
0
0
0
0
0
0
0
0
0
0
0
0
0
0
0
0
0
0
0
0
0
0
0
0
0
0
0
0
0
0
0
0
0
0
0
0
0
0
0
0
0
0
0
0
0
0
0
0
0
0
0
0
0
0
0
0
0
0
0
0
0
0
0
0
0
0
0
0
0
0
0
0
0
0
0
0
0
0
0
0
0
0
0
0
0
0
0
0
0
0
0
0
0
0
0
0
0
0
0
0
0
0
0
0
0
0
0
0
0
0
0
0
0
0
0
0
0
0
0
0
0
0
0
0
0
0
0
0
0
0
0
0
0
0
0
0
0
0
0
0
0
0
0
0
0
0
0
0
0
0
0
0
0
0
0
0
0
0
0
0
0
0
0
0
0
0
0
0
0
0
0
0
0
0
0
0
0
0
0
0
0
0
0
0
0
0
0
0
0
0
0
0
0
0
0
0
0
0
0
0
0
0
0
0
0
0
0
0
0
0
0
0
0
0
0
0
0
0
0
0
0
0
0
0
0
0
0
0
0
0
0
0
0
0
0
0
0
0
0
0
0
0
0
0
0
0
0
0
0
0
0
0
0
0
0
0
0
0
0
0
0
0
0
0
0
0
0
0
0
0
0
0
0
0
0
0
0
0
0
0
0
0
0
0
0
0
0
0
0
0
0
0
0
0
0
0
0
0
0
0
0
0
0
0
0
0
0
0
0
0
0
0
0
0
0
0
0
0
0
0
0
0
0
0
0
0
0
0
0
0
0
0
0
0
0
0
0
0
0
0
0
0
0
0
0
0
0
0
0
0
0
0
0
0
0
0
0
0
0
0
0
0
0
0
0
0
0
0
0
0
0
0
0
0
0
0
0
0
0
0
0
0
0
0
0
0
0
0
0
0
0
0
0
0
0
0
0
0
0
0
0
0
0
0
0
0
0
0
0
0
0
0
0
0
0
0
0
0
0
0
0
0
0
0
0
0
0
0
0
0
0
0
0
0
0
0
0
0
0
0
0
0
0
0
0
0
0
0
0
0
0
0
0
0
0
0
0
0
0
0
0
0
0
0
0
0
0
0
0
0
0
0
0
0
0
0
0
0
0
0
0
0
0
0
0
0
0
0
0
0
0
0
0
0
0
0
0
0
0
0
0
0
0
0
0
0
0
0
0
0
0
0
0
0
0
0
0
0
0
0
0
0
0
0
0
0
0
0
0
0
0
0
0
0
0
0
0
0
0
0
0
0
0
0
0
0
0
0
0
0
0
0
0
0
0
0
0
0
0
0
0
0
0
0
0
0
0
0
0
0
0
0
0
0
0
0
0
0
0
0
0
0
0
0
0
0
0
0
0
0
0
0
0
0
0
0
0
0
0
0
0
0
0
0
0
0
0
0
0
0
0
0
0
0
0
0
0
0
0
0
0
0
0
0
0
0
0
0
0
0
0
0
0.14932627
0.13013622
0.11373765
0.090618776
0.074655076
0.071582393
0
0
0
0
0
0
0
0
0
0
0
0
0
0
0
0
0
0
0
0
0
0
0
0
0
0
0
0
0
0
0
0
0
0
0
0
0
0
0
0
0
0
0
0
0
0
0
0
0
0
0
0
0
0
0
0
0
0
0
0
0
0
0
0
0
0
0
0
0
0
0
0
0
0
0
0
0
0
0
0
0
0
0
0
0
0
0
0
0
0
0
0
0
0
0
0
0
0
0
0
0
0
0
0
0
0
0
0
0
0
0
0
0
0
0
0
0
0
0
0
0
0
0
0
0
0
0
0
0
0
0
0
0
0
0
0
0
0
0
0
0
0
0
0
0
0
0
0
0
0
0
0
0
0
0
0
0
0
0
0
0
0
0
0
0
0
0
0
0
0
0
0
0
0
0
0
0
0
0
0
0
0
0
0
0
0
0
0
0
0
0
0
0
0
0
0
0
0
0
0
0
0
0
0
0
0
0
0
0
0
0
0
0
0
0
0
0
0
0
0
0
0
0
0
0
0
0
0
0
0
0
0
0
0
0
0
0
0
0
0
0
0
0
0
0
0
0
0
0
0
0
0
0
0
0
0
0
0
0
0
0
0
0
0
0
0
0
0
0
0
0
0
0
0
0
0
0
0
0
0
0
0
0
0
0
0
0
0
0
0
0
0
0
0
0
0
0
0
0
0
0
0
0
0
0.056279495
0.057365476
0.061699942
0.067462849
0.066479846
0.069257403
0.067264108
0.07255335
0.077449069
0.072092692
0.079838464
0.075155684
0.10846258
0.098884414
0.080985487
0.077481863
0.075351143
0.11551583
0.11163861
0.094268075
0.077200149
0.077409662
0.074951034
0.13210461
0.1151122
0.097925384
0.078704384
0.074914648
0.13347689
0.12868379
0.11164096
0.088255698
0.074801788
0.073766406
0.15034897
0.13122742
0.11479058
0.091124284
0.074904366
0.071864577
0
0.067239499
0.064787362
0.057966227
0.050242812
0.046229472
0.056856388
0.058463152
0.073585008
0.061669564
0.051991943
0.058288506
0.050590693
0.068774341
0.078994753
0.058825311
0.049484462
0.060902472
0.051624127
0.071386555
0.094214415
0.069792086
0.056702066
0.049928593
0.06969409
0.05971971
0.054177201
0.10529774
0.10488074
0.10983045
0.099437307
0.054959426
0.055850328
0.050256787
0.075852566
0.077781585
0.045149314
0.094286277
0.071685906
0.1130427
0.099104971
0.051141654
0.043158199
0.061940048
0.067864467
0.031451113
0.014880943
0.0050844353
0
0.10536289
0.077705099
0.09939451
0.087598198
0.078550706
0.072894753
0.080609987
0.094601482
0.11541771
0.086887882
0.082200053
0.058434771
0.033335551
0.016385146
0.093824858
0.092301272
0.089885777
0.093253448
0.10353957
0.11538354
0.091491469
0.091822482
0.064256585
0.042710651
0.0962184
0.10348739
0.10140268
0.10013355
0.10954123
0.11158112
0.10772032
0.10250135
0.092559911
0.077661001
0.067440755
0.094934985
0.068019619
0.058834368
0.051071513
0.070727491
0.062568208
0.056120155
0.10999127
0.10857301
0.10587179
0.11575442
0.11455674
0.10839037
0.1090112
0.10113535
0.084289233
0
0.11019591
0.0860712
0.062148475
0.054750973
0.067739623
0.061629181
0.11504647
0.11442274
0.10917957
0.11209456
0.11758981
0.11514551
0.1178582
0.10649501
0.097276042
0.092055694
0.06763409
0.099930257
0.066561812
0.075395687
0.055286623
0.047421837
0.047051401
0.051471908
0.048673231
0.049502393
0.049347058
0.057317234
0.057048787
0.05814015
0.061110612
0.04714612
0.12635268
0.10499935
0.094055139
0.081196369
0.068442989
0.064288176
0.14133792
0.1098764
0.094388535
0.088355966
0.089176363
0.07492783
0.16768793
0.13793131
0.10364453
0.10631136
0.098519987
0.080377215
0.11456006
0.089995105
0.063559559
0.058866672
0.068966087
0.063948878
0.12076504
0.11648217
0.1113053
0.11591301
0.11398142
0.12497101
0.12469159
0.11588886
0.12801252
0.11110161
0.083164472
0.061332983
0.06328381
0.067005109
0.12644947
0.12485434
0.11473483
0.11485646
0.12417157
0.13424751
0.13363763
0.12181352
0.13304032
0.11811365
0.089647204
0.066201276
0.065064067
0.068030589
0.13365124
0.12955149
0.11998498
0.11731273
0.13145147
0.14431101
0.14287112
0.12969443
0.14684852
0.13438588
0.11268558
0.079140014
0.063582936
0.06684643
0.139326
0.13723632
0.12681709
0.12084838
0.1250932
0.14615076
0.15344267
0.17385819
0.14462084
0.11338411
0.19140775
0.16737829
0.13718532
0.1938755
0.17035846
0.13923061
0.2028978
0.1867463
0.15501384
0.20424192
0.18944601
0.15602652
0.20334325
0.18885309
0.1552864
0.093918744
0.13908536
0.1036865
0.11149118
0.13483306
0.13257666
0.15019788
0.15590889
0.10734923
0.10772678
0.11827687
0.12254348
0.15317452
0.16036962
0.17296587
0.16727195
0.16930932
0.18015464
0.1859452
0.18563792
0.19043898
0.19096207
0.19905673
0.20132979
0.20083076
0.20120186
0
0
0
0
0
0
0
0
0
0
0
0
0
0
0
0
0
0
0
0
0
0
0
0
0
0
0
0
0
0
0
0
0
0
0
0
0
0
0
0
0
0
0
0
0
0
0
0
0
0
0
0
0
0
0
0
0
0
0
0
0
0
0
0
0
0
0
0
0
0
0
0
0
0
0
0
0
0
0
0
0
0
0
0
0
0
0
0
0
0
0
0
0
0
0
0
0
0
0
0
0
0
0
0
0
0
0
0
0
0
0
0
0
0
0
0
0
0
0
0
0
0
0
0
0
0
0
0
0
0
0
0
0
0
0
0
0
0
0
0
0
0
0
0
0
0
0
0
0
0
0
0
0
0
0
0
0
0
0
0
0
0
0
0
0
0
0
0
0
0
0
0
0
0
0
0
0
0
0
0
0
0
0
0
0
0
0
0
0
0
0
0
0
0
0
0
0
0
0
0
0
0
0
0
0
0
0
0
0
0
0
0
0
0
0
0
0
0
0
0
0
0
0
0
0
0
0
0
0
0
0
0
0
0
0
0
0
0
0
0
0
0
0
0
0
0
0
0
0
0
0
0
0
0
0
0
0
0
0
0
0
0
0
0
0
0
0
0
0
0
0
0
0
0
0
0
0
0
0.041447776
0.055515105
0.05079929
0.044259486
0.046965537
0.03883287
0.045797108
0.044072832
0.05214939
0.044298448
0.050368367
0.054149619
0.036700722
0.049712302
0.05497655
0.049064731
0.067642134
0.059196851
0.060266048
0.058946475
0.064887605
0.061016009
0.059037033
0.069675768
0.070952489
0.065053536
0.06651762
0.069424923
0.073476645
0.07383361
0.053085256
0.062355019
0.05732866
0.045030137
0.024747625
0.022831938
0
0.034364642
0.026122203
0
0
0.00074537092
0.037994856
0.057881947
0.031811848
0.030087768
0.03649034
0.044906741
0.052513983
0.065856604
0.073830281
0.058785173
0.067342594
0.045118662
0.030226726
0.063275145
0.070902492
0.030782886
0.039413293
0.034901228
0.039912929
0.051253933
0.062907181
0.061255121
0.077328918
0.08803214
0.066578841
0.055229963
0.069864804
0.072437301
0.040208106
0.046680093
0.061733191
0.046250154
0.052310569
0.061434172
0.076135667
0.089879852
0.098785649
0.098959199
0.092580756
0.07640779
0.077694389
0.074422261
0.054509697
0.061244599
0.072287513
0.056151378
0.066582315
0.070503985
0.083537748
0.096713403
0.10494313
0.10644905
0.10133871
0.092925661
0.079028273
0.074524598
0.065368214
0.073541597
0.078663493
0.069212561
0.071834841
0.070860738
0.078199066
0.09240488
0.10595431
0.11051319
0.11378664
0.1094378
0.1023088
0.077917691
0.072378763
0.071740701
0.076197803
0.078680383
0.074161993
0.074599236
0.074380108
0.080342822
0.094348778
0.1074354
0.11308402
0.11935629
0.11802194
0.11127994
0.076886217
0.072772564
0.076696226
0.078199786
0.077869767
0.076982899
0.077252493
0.076040529
0.079039384
0.089025581
0.099899607
0.11237445
0.11999989
0.12548766
0.12350793
0.074615738
0.071102866
0.078240256
0.077431698
0.076575549
0.078728506
0.078363406
0.078437414
0.080996595
0.089486572
0.10013332
0.11363465
0.12189577
0.128394
0.13243411
0.041861734
0.048970346
0.051914194
0.054440151
0.06185054
0.074427615
0.077915313
0.07625791
0.073879442
0.079156482
0.079574826
0.079238069
0.080540597
0.086397832
0.095064928
0.10622583
0.11854218
0.12705732
0.1372742
0.13612805
0.071048571
0.052147882
0.035089639
0.043328125
0.040249418
0.056343439
0.059940594
0.050673621
0.056854161
0.067198138
0.067148222
0.055206705
0.057016038
0.067310625
0.070117963
0.05170802
0.055085761
0.064778204
0.07230105
0.072111644
0.053638549
0.05736928
0.065401925
0.073241566
0.073767588
0.056628627
0.058328542
0.062020909
0.073366099
0.076244204
0.077737512
0.05755751
0.060345985
0.063874666
0.07416293
0.077542135
0.079136547
0.059256901
0.061516716
0.063651648
0.070676744
0.077284003
0.076218294
0.084555273
0.060281375
0.057561619
0.064048465
0.071637916
0.079033526
0.088833021
0.091427835
0.088596199
0.068337029
0.067398441
0.053086897
0.061535335
0.066362641
0.076644016
0.084504043
0.085035813
0.084923888
0.068847791
0.061873113
0.064529109
0.067093057
0.066982906
0.067536834
0.062940393
0.06566052
0.072461052
0.0755251
0.075403566
0.091166279
0.061582329
0.045191286
0.031374029
0.038615588
0.049572686
0.039329216
0.059969368
0.058573147
0.059585887
0.065352269
0.073080186
0.072576748
0.076010059
0.07529693
0.076804505
0.074658675
0.032589121
0.03729591
0.059177886
0.041654113
0.075219007
0.076925921
0.036523199
0.042312919
0.051953049
0.069673275
0.077787153
0.078594177
0.045894785
0.047441353
0.054724104
0.068944753
0.077374143
0.079945521
0.046979808
0.057130403
0.052778702
0.065437611
0.073940462
0.077813803
0.079765662
0.060656777
0.057075676
0.068416897
0.072837914
0.075448314
0.077613694
0.065871342
0.059472176
0.068858631
0.072136847
0.073427477
0.075843963
0.064247092
0.059689129
0.067024415
0.069469111
0.070196906
0.061699098
0.064324664
0.066934871
0.067099571
0.067866941
0
0
0
0
0
0
0
0
0
0
0
0
0
0
0
0
0
0
0
0
0
0
0
0
0
0
0
0
0
0
0
0
0
0
0
0
0
0
0
0
0
0
0
0
0
0
0
0
0
0
0
0
0
0
0
0
0
0
0
0
0
0
0
0
0
0
0
0
0
0
0
0
0
0
0
0
0
0
0
0
0
0
0
0
0
0
0
0
0
0
0
0
0
0
0
0
0
0
0
0
0
0
0
0
0
0
0
0
0
0
0
0
0
0
0
0
0
0
0
0
0
0
0
0
0
0
0
0
0
0
0
0
0
0
0
0
0
0
0
0
0
0
0
0
0
0
0
0
0
0
0
0
0
0
0
0
0
0
0
0
0
0
0
0
0
0
0
0
0
0
0
0
0
0
0
0
0
0
0
0
0
0
0
0
0
0
0
0
0
0
0
0
0
0
0
0
0
0
0
0
0
0
0
0
0
0
0
0
0
0
0
0
0
0
0
0
0
0
0
0
0
0
0
0
0
0
0
0
0
0
0
0
0
0
0
0
0
0
0
0
0
0
0
0
0
0
0
0
0
0
0
0
0
0
0
0
0
0
0
0
0
0
0
0
0
0
0
0
0
0
0
0
0
0
0
0
0
0
0
0
0
0
0
0
0
0
0
0
0
0
0
0
0
0
0
0
0
0
0
0
0
0
0
0
0
0
0
0
0
0
0
0
0
0
0
0
0
0
0
0
0
0
0
0
0
0
0
0
0
0
0
0
0
0
0
0
0
0
0
0
0
0
0
0
0
0
0
0
0
0
0
0
0
0
0
0
0
0
0
0
0
0.013019814
0.021818303
0.033454073
0.031831072
0.034791361
0.043786228
0.057596046
0.055905734
0
0
0.0046528756
0.017880802
0.018620645
0.028431029
0.039940701
0.051652916
0.075619542
0.072924006
0.087509595
0.084420239
0.096635532
0.11066409
0
0
0.0077974612
0.013295133
0.024705849
0.035505145
0.059957334
0.072953696
0.093376717
0.10347149
0
0
0.0012215662
0.014002373
0.018155548
0.034144713
0.045149624
0.065957544
0.077388551
0.11083812
0.020903866
0.021932491
0.040488522
0.040445956
0.065759091
0.076844055
0.10349996
0.11117595
0.060281811
0.063661129
0.070084233
0.08092869
0.10601078
0.11723972
0.12759503
0.13041182
0.1351726
0.13379867
0.14050883
0
0
0
0
0
0
0
0
0
0
0
0
0
0
0
0
0
0
0
0
0
0
0
0
0
0
0
0
0
0
0
0
0
0
0
0
0
0
0
0
0
0
0
0
0
0
0
0
0
0
0
0
0
0
0
0
0
0
0
0
0
0
0
0
0
0
0
0
0
0
0
0
0
0
0
0
0
0
0
0
0
0
0
0
0
0
0
0
0
0
0
0.07304849
0.068797172
0.053017075
0.077478654
0.093047379
0.067284661
0.072902129
0.053485301
0.069453187
0.094284662
0.10502547
0.13302424
0.14194694
0.15403335
0.16153708
0.16743058
0.058280302
0.095856186
0.044778661
0.069038383
0.056585552
0.079762522
0.083861703
0.076702648
0.070668873
0.070870584
0.099822652
0.13011031
0.12497052
0.11666539
0.075996067
0.14560952
0.13872318
0.13075343
0.093775282
0.1647918
0.16368578
0.16050242
0.11755008
0.10409404
0.17335098
0.17210392
0.16671667
0.12819908
0.11903861
0.18869709
0.18607835
0.18260242
0.13821977
0.14647031
0.12066813
0.19161916
0.190131
0.19066175
0.15740222
0.15490195
0.13559038
0.20085594
0.18662642
0.19930213
0.16153012
0.17068894
0.1525768
0.15272999
0.20230164
0.20153332
0.19064773
0.20251003
0.17896996
0.17786525
0.16500991
0.16671753
0.200832
0.19010536
0.20148263
0.17804372
0.17728562
0.16443768
0.16619517
0.068443861
0.09248326
0.097651006
0.07828965
0.098422382
0.11978733
0.1287718
0.13949676
0.14679679
0.15251095
0.15792399
0.16159315
0.1405256
0.17563849
0.16821559
0
0
0
0
0
0
0
0
0
0
0
0
0
0
0
0
0
0
0
0
0
0
0
0
0
0
0
0
0
0
0
0
0
0
0
0
0
0
0
0
0
0
0
0
0
0
0
0
0
0
0
0
0
0
0
0
0
0
0
0
0
0
0
0
0
0
0
0
0
0
0
0
0
0
0
0
0
0
0
0
0
0
0
0
0
0
0
0
0
0
0
0
0
0
0
0
0
0
0
0
0
0
0
0
0
0
0
0
0
0
0
0
0
0
0
0
0
0
0
0
0
0
0
0
0
0
0
0
0
0
0
0
0
0
0
0
0
0
0
0
0
0
0
0
0
0
0
0
0
0
0
0
0
0
0
0
0
0
0
0
0
0
0
0
0
0
0
0
0
0
0
0
0
0
0
0
0
0
0
0
0
0
0
0
0
0
0
0
0
0
0
0
0
0
0
0
0
0
0
0
0
0
0
0
0
0
0
0
0
0
0
0
0
0
0
0
0
0
0
0
0
0
0
0
0
0
0
0
0
0
0
0
0
0
0
0
0
0
0
0
0
0
0
0
0
0
0
0
0
0
0
0
0
0
0
0
0
0
0
0
0
0
0
0
0
0
0
0
0
0
0
0
0
0
0
0
0
0
0
0
0
0
0
0
0
0
0
0
0
0
0
0
0
0
0
0
0
0
0
0
0
0
0
0
0
0
0
0
0
0
0
0
0
0
0
0
0
0
0
0
0
0
0
0
0
0
0
0
0
0
0
0
0
0
0
0
0
0
0
0
0
0
0
0
0
0
0
0
0
0
0
0
0
0
0
0
0
0
0
0
0
0
0
0
0
0
0
0
0
0
0
0
0
0
0
0
0
0
0
0
0
0
0
0
0
0
0
0
0
0
0
0
0
0
0
0
0
0
0
0
0
0
0
0
0
0
0
0
0
0
0
0
0
0
0
0
0
0
0
0
0
0
0
0
0
0
0
0
0
0
0
0
0
0
0
0
0
0
0
0
0
0
0
0
0
0
0
0
0
0
0
0
0
0
0
0
0
0
0
0
0
0
0
0
0
0
0
0
0
0
0
0
0
0
0
0
0
0
0
0
0
0
0
0
0
0
0
0
0
0
0
0
0
0
0
0
0
0
0
0
0
0
0
0
0
0
0
0
0
0
0
0
0
0
0
0
0
0
0
0
0
0
0
0
0
0
0
0
0
0
0
0
0
0
0
0
0
0
0
0
0
0
0
0
0
0
0
0
0
0
0
0
0
0
0
0
0
0
0
0
0
0
0
0
0
0
0
0
0
0
0
0
0
0
0
0
0
0
0
0
0
0
0
0
0
0
0
0
0
0
0
0
0
0
0
0
0
0
0
0
0
0
0
0
0
0
0
0
0
0
0
0
0
0
0
0
0
0
0
0
0
0
0
0
0
0
0
0
0
0
0
0
0
0
0
0
0
0
0
0
0
0
0
0
0
0
0
0
0
0
0
0
0
0
0
0
0
0
0
0
0
0
0
0
0
0
0
0
0
0
0
0
0
0
0
0
0
0
0
0
0
0
0
0
0
0
0
0
0
0
0
0
0
0
0
0
0
0
0
0
0
0
0
0
0
0
0
0
0
0
0
0
0
0
0
0
0
0
0
0
0
0
0
0
0
0
0
0
0
0
0
0
0
0
0
0
0
0
0
0
0
0
0
0
0
0
0
0
0
0
0
0
0
0
0
0
0
0
0
0
0
0
0
0
0
0
0
0
0
0
0
0
0
0
0
0
0
0
0
0
0
0
0
0
0
0
0
0
0
0
0
0
0
0
0
0
0
0
0
0
0
0
0
0
0
0
0
0
0
0
0
0
0
0
0
0
0
0
0
0
0
0
0
0
0
0
0
0
0
0
0
0
0
0
0
0
0
0
0
0
0
0
0
0
0
0
0
0
0
0
0
0
0
0
0
0
0
0
0
0
0
0
0
0
0
0
0
0
0
0
0
0
0
0
0
0
0
0
0
0
0
0
0
0
0
0
0
0
0
0
0
0
0
0
0
0
0
0
0
0
0
0
0
0
0
0
0
0
0
0
0
0
0
0
0
0
0
0
0
0
0
0
0
0
0
0
0
0
0
0
0
0
0
0
0
0
0
0
0
0
0
0
0
0
0
0
0
0
0
0
0
0
0
0
0
0
0
0
0
0
0
0
0
0
0
0
0
0
0
0
0
0
0
0
0
0
0
0
0
0
0
0
0
0
0
0
0
0
0
0
0
0
0
0
0
0
0
0
0
0
0
0
0
0
0
0
0
0
0
0
0
0
0
0
0
0
0
0
0
0
0
0
0
0
0
0
0
0
0
0
0
0
0
0
0
0
0
0
0
0
0
0.15344665
0.15180316
0.12992685
0.10850916
0.082699484
0.07116097
0
0
0
0
0
0
0
0
0
0
0
0
0
0
0
0
0
0
0
0
0
0
0
0
0
0
0
0
0
0
0
0
0
0
0
0
0
0
0
0
0
0
0
0
0
0
0
0
0
0
0
0
0
0
0
0
0
0
0
0
0
0
0
0
0
0
0
0
0
0
0
0
0
0
0
0
0
0
0
0
0
0
0
0
0
0
0
0
0
0
0
0
0
0
0
0
0
0
0
0
0
0
0
0
0
0
0
0
0
0
0
0
0
0
0
0
0
0
0
0
0
0
0
0
0
0
0
0
0
0
0
0
0
0
0
0
0
0
0
0
0
0
0
0
0
0
0
0
0
0
0
0
0
0
0
0
0
0
0
0
0
0
0
0
0
0
0
0
0
0
0
0
0
0
0
0
0
0
0
0
0
0
0
0
0
0
0
0
0
0
0
0
0
0
0
0
0
0
0
0
0
0
0
0
0
0
0
0
0
0
0
0
0
0
0
0
0
0
0
0
0
0
0
0
0
0
0
0
0
0
0
0
0
0
0
0
0
0
0
0
0
0
0
0
0
0
0
0
0
0
0
0
0
0
0
0
0
0
0
0
0
0
0
0
0
0
0
0
0
0
0
0
0
0
0
0
0
0
0
0
0
0
0
0
0
0
0
0
0
0
0
0
0
0
0
0
0
0
0
0
0
0
0
0
0
0
0
0
0
0
0.060761502
0.062153341
0.059213643
0.062348508
0.066223315
0.070129469
0.071998473
0.072263151
0.06840017
0.071510374
0.075303098
0.069185134
0.078655213
0.074264965
0.077259762
0.075203666
0.11739947
0.11342335
0.094335775
0.077254268
0.077380989
0.075285166
0.13403928
0.11705462
0.098419566
0.078999571
0.075400267
0.13536477
0.13046662
0.11274887
0.088555612
0.075172074
0.074408129
0.1515009
0.13264714
0.11592465
0.091783676
0.075250483
0.072385406
0.15459846
0.15290214
0.1311537
0.10922279
0.083172281
0.071522848
0.070959904
0.068701255
0.059563508
0.051316164
0.058739896
0.049953348
0.065647149
0.07736106
0.059651857
0.050076702
0.061333546
0.05228101
0.06920212
0.094269142
0.071190426
0.057966489
0.050837961
0.069431097
0.060519895
0.055207366
0.095768815
0.070351573
0.060954741
0.052563409
0.070393301
0.063448062
0.057378143
0.11897777
0.11159612
0.12646171
0.11199538
0.11563738
0.11958875
0.11766868
0.096172171
0.07615782
0.068127713
0.08436148
0.090307548
0.095651009
0.10001917
0.097304901
0.12344259
0.12833834
0.055220281
0.085225765
0.083392256
0.027806748
0.024814182
0.0068087896
0.0039890772
0.11305564
0.10718013
0.089109659
0.10056908
0.091812225
0.087375531
0.092687979
0.10961144
0.12669018
0.0898411
0.093230945
0.059109052
0.031106997
0.099642671
0.10577243
0.10127463
0.10088463
0.11273186
0.12093016
0.1138859
0.10300384
0.092843088
0.072374128
0.055904775
0.1124514
0.11070668
0.10851269
0.12038799
0.12096096
0.11079587
0.10989884
0.10025748
0.076116843
0.11091817
0.087069838
0.064617368
0.056607468
0.068164614
0.063064571
0.11683506
0.11769882
0.11287551
0.11647937
0.12262723
0.11709971
0.1189632
0.10331465
0.092756933
0.11525127
0.090858729
0.065168176
0.060643853
0.069317567
0.065599783
0.12195747
0.11932531
0.11455871
0.12001194
0.11504065
0.12600176
0.12543822
0.11472536
0.096438931
0.10019052
0.12328158
0.10074331
0.066366843
0.071502105
0.085527084
0.054029925
0.047446534
0.050940211
0.049286029
0.057550453
0.052419343
0.05570644
0.05941974
0.0665766
0.056448253
0.059788208
0.060147955
0.075094833
0.13453997
0.10616616
0.087870865
0.083631616
0.084286227
0.070757802
0.16257486
0.13147
0.098771508
0.1038749
0.096883519
0.079053079
0.17019678
0.13974331
0.10948007
0.11765518
0.11425261
0.094105021
0.077199646
0.1286694
0.1115943
0.084093036
0.062689187
0.065326186
0.067730605
0.12675251
0.12647193
0.11675818
0.11788156
0.12471068
0.13495414
0.13419575
0.12153944
0.13384226
0.11908465
0.090850147
0.067482185
0.06627843
0.068163699
0.13379145
0.130151
0.12092311
0.11849334
0.13208613
0.1449278
0.143527
0.129761
0.14785234
0.13573601
0.11412696
0.080618603
0.065052439
0.067143792
0.13962322
0.13765847
0.12790726
0.12225141
0.12594208
0.14677405
0.15453913
0.15614791
0.14171955
0.11910596
0.084402714
0.06457265
0.068130566
0.14433027
0.14305261
0.13225273
0.12759273
0.1294428
0.1515328
0.15934012
0.19089138
0.16566064
0.13584826
0.19448143
0.17080482
0.14041162
0.20462667
0.18745188
0.15647096
0.20545598
0.19015757
0.15697831
0.21033042
0.20315255
0.17796667
0.20947603
0.20243212
0.17721583
0.12879005
0.14798022
0.12416015
0.1263176
0.1420644
0.15676868
0.16787212
0.12206991
0.13112991
0.14596399
0.16130644
0.1674146
0.17733269
0.18322086
0.18398651
0.18900301
0.19008321
0.19945185
0.20284124
0.20262875
0.20374722
0
0
0
0
0
0
0
0
0
0
0
0
0
0
0
0
0
0
0
0
0
0
0
0
0
0
0
0
0
0
0
0
0
0
0
0
0
0
0
0
0
0
0
0
0
0
0
0
0
0
0
0
0
0
0
0
0
0
0
0
0
0
0
0
0
0
0
0
0
0
0
0
0
0
0
0
0
0
0
0
0
0
0
0
0
0
0
0
0
0
0
0
0
0
0
0
0
0
0
0
0
0
0
0
0
0
0
0
0
0
0
0
0
0
0
0
0
0
0
0
0
0
0
0
0
0
0
0
0
0
0
0
0
0
0
0
0
0
0
0
0
0
0
0
0
0
0
0
0
0
0
0
0
0
0
0
0
0
0
0
0
0
0
0
0
0
0
0
0
0
0
0
0
0
0
0
0
0
0
0
0
0
0
0
0
0
0
0
0
0
0
0
0
0
0
0
0
0
0
0
0
0
0
0
0
0
0
0
0
0
0
0
0
0
0
0
0
0
0
0
0
0
0
0
0
0
0
0
0
0
0
0
0
0
0
0
0
0
0
0
0
0.045595325
0.036929536
0.04603469
0.046555332
0.040002017
0.04215587
0.049868768
0.050236094
0.05376393
0.052886163
0.034939988
0.058915281
0.055547757
0.050460838
0.076417969
0.053307713
0.066334193
0.063613081
0.057690477
0.071513386
0.073577319
0.079090231
0.072455613
0.072590068
0.079037526
0.084810724
0.061068161
0.07323736
0.068822202
0.0742506
0.064461532
0.025138714
0.039114874
0.034844752
0.047450215
0
0.018607769
0.052425323
0.067178259
0.028787349
0.03114182
0.034324817
0.040385286
0.05281073
0.066978408
0.062769547
0.07585489
0.084437316
0.060619752
0.045121515
0.059690864
0.068300102
0.032003488
0.034129264
0.048895815
0.041260899
0.048286904
0.061012804
0.074913485
0.089472948
0.098498199
0.095916672
0.087933551
0.065715499
0.071479052
0.072545769
0.042865867
0.049738168
0.06313478
0.046767404
0.060793545
0.067949546
0.082908497
0.096940156
0.10514396
0.10517634
0.097041166
0.086025828
0.075557249
0.073277779
0.058178887
0.068108057
0.074224246
0.06433514
0.068222446
0.067297237
0.077279528
0.092389778
0.10628025
0.11085015
0.11256204
0.10721724
0.097540036
0.076597971
0.071606299
0.069080098
0.073841263
0.076793484
0.071846332
0.072739091
0.072305172
0.079579789
0.094366204
0.10771825
0.11351791
0.11955151
0.11711378
0.10954422
0.075993735
0.072405738
0.075327565
0.076973871
0.076887324
0.075869283
0.076193646
0.074766504
0.078241494
0.088838962
0.10012042
0.11273374
0.12065522
0.12584487
0.12354215
0.073928635
0.071085954
0.077388579
0.076587362
0.075871077
0.077930959
0.077621605
0.077791381
0.080628553
0.089377768
0.10024794
0.1138367
0.12252167
0.1287904
0.13254084
0.073991849
0.071086805
0.077227414
0.075564594
0.073274674
0.078563365
0.078992772
0.078741496
0.080271658
0.086359583
0.095241256
0.10649975
0.11906342
0.12768355
0.13753064
0.13643683
0.053980531
0.059825828
0.063366355
0.071062604
0.072937343
0.077487229
0.075187883
0.07299119
0.078696051
0.079795364
0.080245008
0.081689324
0.087190489
0.095629375
0.10695715
0.11969533
0.12887752
0.14029509
0.1475775
0.069746415
0.053339337
0.05300594
0.043950086
0.059146244
0.052454455
0.057715644
0.054164577
0.066571133
0.068705515
0.050385755
0.055246867
0.067833665
0.072785653
0.046079119
0.052856536
0.065382384
0.073748762
0.076752407
0.049021936
0.056834737
0.066584224
0.075103261
0.077947508
0.054021422
0.058441009
0.06304907
0.074937995
0.078676444
0.082258026
0.056851727
0.060669463
0.064508484
0.075881502
0.079824817
0.081642968
0.058983051
0.061813325
0.064296969
0.071304522
0.079031349
0.077826545
0.085017141
0.060308016
0.063355909
0.066368693
0.073149321
0.076214939
0.076073939
0.09174188
0.061698927
0.066190409
0.076391413
0.084563307
0.095514595
0.097833059
0.093481716
0.069208991
0.068202105
0.085275278
0.065386416
0.071793498
0.083934236
0.091898094
0.093267908
0.092570572
0.074802279
0.061333435
0.062887464
0.06456657
0.064461793
0.06403871
0.066447229
0.064229913
0.074233834
0.078088303
0.076209015
0.084605351
0.10820988
0.062286727
0.047835972
0.028678346
0.04695937
0.034146113
0.054573982
0.036520834
0.062319708
0.065764362
0.058315396
0.065450983
0.07005683
0.07645725
0.079202647
0.07608797
0.078870151
0.07802284
0.030846786
0.034898938
0.047112946
0.068449874
0.077912144
0.078157124
0.037745029
0.039641299
0.049676953
0.067601517
0.076634805
0.079133142
0.049688958
0.044190248
0.061361469
0.072325797
0.07744702
0.079113555
0.055569158
0.051978449
0.065524211
0.071731519
0.07547818
0.077897062
0.064275558
0.057270194
0.067996605
0.071862209
0.073861608
0.076333405
0.063727465
0.058805467
0.06662645
0.069436502
0.070536993
0.061484529
0.064107021
0.066812348
0.067319799
0.068313107
0.061293079
0.062785641
0.064527776
0.064764198
0.064613105
0
0
0
0
0
0
0
0
0
0
0
0
0
0
0
0
0
0
0
0
0
0
0
0
0
0
0
0
0
0
0
0
0
0
0
0
0
0
0
0
0
0
0
0
0
0
0
0
0
0
0
0
0
0
0
0
0
0
0
0
0
0
0
0
0
0
0
0
0
0
0
0
0
0
0
0
0
0
0
0
0
0
0
0
0
0
0
0
0
0
0
0
0
0
0
0
0
0
0
0
0
0
0
0
0
0
0
0
0
0
0
0
0
0
0
0
0
0
0
0
0
0
0
0
0
0
0
0
0
0
0
0
0
0
0
0
0
0
0
0
0
0
0
0
0
0
0
0
0
0
0
0
0
0
0
0
0
0
0
0
0
0
0
0
0
0
0
0
0
0
0
0
0
0
0
0
0
0
0
0
0
0
0
0
0
0
0
0
0
0
0
0
0
0
0
0
0
0
0
0
0
0
0
0
0
0
0
0
0
0
0
0
0
0
0
0
0
0
0
0
0
0
0
0
0
0
0
0
0
0
0
0
0
0
0
0
0
0
0
0
0
0
0
0
0
0
0
0
0
0
0
0
0
0
0
0
0
0
0
0
0
0
0
0
0
0
0
0
0
0
0
0
0
0
0
0
0
0
0
0
0
0
0
0
0
0
0
0
0
0
0
0
0
0
0
0
0
0
0
0
0
0
0
0
0
0
0
0
0
0
0
0
0
0
0
0
0
0
0
0
0
0
0
0
0
0
0
0
0
0
0
0
0
0
0
0
0
0
0
0
0
0
0
0
0
0
0
0
0
0
0
0
0.022769542
0.039400853
0.041517611
0.045254759
0.051521941
0.064916213
0.058343837
0.074016446
0.006406694
0.0074806412
0.024029321
0.027095408
0.037075035
0.044378108
0.054161439
0.076105146
0.088216029
0.097333694
0.11117248
0.099215345
0.10792368
0.12062915
0.010127953
0.016646622
0.018597064
0.02720814
0.034165938
0.058141146
0.072670241
0.09326393
0.10368163
0.11109006
0.0033267742
0.01022406
0.020653229
0.024127418
0.036911577
0.048015991
0.066041178
0.077618555
0.035150678
0.049146077
0.045880395
0.06282182
0.075056766
0.10305835
0.11129992
0.079215879
0.054227855
0.099308159
0.076653711
0.10356472
0.11687603
0.12796456
0.1308743
0.13572392
0.13430306
0.14106104
0.14136082
0
0
0
0
0
0
0
0
0
0
0
0
0
0
0
0
0
0
0
0
0
0
0
0
0
0
0
0
0
0
0
0
0
0
0
0
0
0
0
0
0
0
0
0
0
0
0
0
0
0
0
0
0
0
0
0
0
0
0
0
0
0
0
0
0
0
0
0
0
0
0
0
0
0
0
0.084580686
0.097834318
0.077056487
0.093030435
0.083768607
0.085709432
0.071223534
0.095473105
0.10594912
0.13376013
0.14257662
0.15478371
0.16254018
0.16862328
0.176701
0.074013732
0.12277553
0.086718232
0.093790734
0.098754993
0.11388024
0.079323808
0.081182605
0.089475853
0.11829811
0.14134294
0.13312102
0.12916905
0.095355013
0.16287918
0.16179656
0.1590102
0.11815644
0.1053366
0.17164775
0.1708776
0.16613423
0.12951992
0.12002444
0.18821768
0.18575364
0.18263477
0.13968138
0.14753809
0.12153936
0.19230945
0.19061009
0.19116353
0.15841366
0.15628309
0.13656001
0.20274396
0.1870019
0.20037097
0.16239232
0.17206546
0.15382358
0.15356509
0.20222603
0.19109616
0.20353968
0.1796264
0.17851429
0.16538078
0.16672289
0.21057275
0.20111566
0.21409548
0.18562109
0.18692761
0.17299978
0.17243695
0.18156129
0.20965344
0.20018987
0.21249285
0.18473682
0.185639
0.1724738
0.17185058
0.18062862
0.075878813
0.1014035
0.10908124
0.1110583
0.09822488
0.11980586
0.12932674
0.14046605
0.14779495
0.15353997
0.15908095
0.1627266
0.16945885
0.1465295
0.18456331
0.17159168
0
0
0
0
0
0
0
0
0
0
0
0
0
0
0
0
0
0
0
0
0
0
0
0
0
0
0
0
0
0
0
0
0
0
0
0
0
0
0
0
0
0
0
0
0
0
0
0
0
0
0
0
0
0
0
0
0
0
0
0
0
0
0
0
0
0
0
0
0
0
0
0
0
0
0
0
0
0
0
0
0
0
0
0
0
0
0
0
0
0
0
0
0
0
0
0
0
0
0
0
0
0
0
0
0
0
0
0
0
0
0
0
0
0
0
0
0
0
0
0
0
0
0
0
0
0
0
0
0
0
0
0
0
0
0
0
0
0
0
0
0
0
0
0
0
0
0
0
0
0
0
0
0
0
0
0
0
0
0
0
0
0
0
0
0
0
0
0
0
0
0
0
0
0
0
0
0
0
0
0
0
0
0
0
0
0
0
0
0
0
0
0
0
0
0
0
0
0
0
0
0
0
0
0
0
0
0
0
0
0
0
0
0
0
0
0
0
0
0
0
0
0
0
0
0
0
0
0
0
0
0
0
0
0
0
0
0
0
0
0
0
0
0
0
0
0
0
0
0
0
0
0
0
0
0
0
0
0
0
0
0
0
0
0
0
0
0
0
0
0
0
0
0
0
0
0
0
0
0
0
0
0
0
0
0
0
0
0
0
0
0
0
0
0
0
0
0
0
0
0
0
0
0
0
0
0
0
0
0
0
0
0
0
0
0
0
0
0
0
0
0
0
0
0
0
0
0
0
0
0
0
0
0
0
0
0
0
0
0
0
0
0
0
0
0
0
0
0
0
0
0
0
0
0
0
0
0
0
0
0
0
0
0
0
0
0
0
0
0
0
0
0
0
0
0
0
0
0
0
0
0
0
0
0
0
0
0
0
0
0
0
0
0
0
0
0
0
0
0
0
0
0
0
0
0
0
0
0
0
0
0
0
0
0
0
0
0
0
0
0
0
0
0
0
0
0
0
0
0
0
0
0
0
0
0
0
0
0
0
0
0
0
0
0
0
0
0
0
0
0
0
0
0
0
0
0
0
0
0
0
0
0
0
0
0
0
0
0
0
0
0
0
0
0
0
0
0
0
0
0
0
0
0
0
0
0
0
0
0
0
0
0
0
0
0
0
0
0
0
0
0
0
0
0
0
0
0
0
0
0
0
0
0
0
0
0
0
0
0
0
0
0
0
0
0
0
0
0
0
0
0
0
0
0
0
0
0
0
0
0
0
0
0
0
0
0
0
0
0
0
0
0
0
0
0
0
0
0
0
0
0
0
0
0
0
0
0
0
0
0
0
0
0
0
0
0
0
0
0
0
0
0
0
0
0
0
0
0
0
0
0
0
0
0
0
0
0
0
0
0
0
0
0
0
0
0
0
0
0
0
0
0
0
0
0
0
0
0
0
0
0
0
0
0
0
0
0
0
0
0
0
0
0
0
0
0
0
0
0
0
0
0
0
0
0
0
0
0
0
0
0
0
0
0
0
0
0
0
0
0
0
0
0
0
0
0
0
0
0
0
0
0
0
0
0
0
0
0
0
0
0
0
0
0
0
0
0
0
0
0
0
0
0
0
0
0
0
0
0
0
0
0
0
0
0
0
0
0
0
0
0
0
0
0
0
0
0
0
0
0
0
0
0
0
0
0
0
0
0
0
0
0
0
0
0
0
0
0
0
0
0
0
0
0
0
0
0
0
0
0
0
0
0
0
0
0
0
0
0
0
0
0
0
0
0
0
0
0
0
0
0
0
0
0
0
0
0
0
0
0
0
0
0
0
0
0
0
0
0
0
0
0
0
0
0
0
0
0
0
0
0
0
0
0
0
0
0
0
0
0
0
0
0
0
0
0
0
0
0
0
0
0
0
0
0
0
0
0
0
0
0
0
0
0
0
0
0
0
0
0
0
0
0
0
0
0
0
0
0
0
0
0
0
0
0
0
0
0
0
0
0
0
0
0
0
0
0
0
0
0
0
0
0
0
0
0
0
0
0
0
0
0
0
0
0
0
0
0
0
0
0
0
0
0
0
0
0
0
0
0
0
0
0
0
0
0
0
0
0
0
0
0
0
0
0
0
0
0
0
0
0
0
0
0
0
0
0
0
0
0
0
0
0
0
0
0
0
0
0
0
0
0
0
0
0
0
0
0
0
0
0
0
0
0
0
0
0
0
0
0
0
0
0
0
0
0
0
0
0
0
0
0
0
0
0
0
0
0
0
0
0
0
0
0
0
0
0
0
0
0
0
0
0
0
0
0
0
0
0
0
0
0
0
0
0
0
0
0
0
0
0.17816862
0.15729461
0.13617319
0.11664433
0.087855656
0.069372095
0
0
0
0
0
0
0
0
0
0
0
0
0
0
0
0
0
0
0
0
0
0
0
0
0
0
0
0
0
0
0
0
0
0
0
0
0
0
0
0
0
0
0
0
0
0
0
0
0
0
0
0
0
0
0
0
0
0
0
0
0
0
0
0
0
0
0
0
0
0
0
0
0
0
0
0
0
0
0
0
0
0
0
0
0
0
0
0
0
0
0
0
0
0
0
0
0
0
0
0
0
0
0
0
0
0
0
0
0
0
0
0
0
0
0
0
0
0
0
0
0
0
0
0
0
0
0
0
0
0
0
0
0
0
0
0
0
0
0
0
0
0
0
0
0
0
0
0
0
0
0
0
0
0
0
0
0
0
0
0
0
0
0
0
0
0
0
0
0
0
0
0
0
0
0
0
0
0
0
0
0
0
0
0
0
0
0
0
0
0
0
0
0
0
0
0
0
0
0
0
0
0
0
0
0
0
0
0
0
0
0
0
0
0
0
0
0
0
0
0
0
0
0
0
0
0
0
0
0
0
0
0
0
0
0
0
0
0
0
0
0
0
0
0
0
0
0
0
0
0
0
0
0
0
0
0
0
0
0
0
0
0
0
0
0
0
0
0
0
0
0
0
0
0
0
0
0
0
0
0
0
0
0
0
0
0
0
0
0
0
0
0
0
0
0
0
0
0
0
0
0
0
0
0
0
0.062645447
0.065618082
0.068386628
0.073817126
0.065997701
0.07323466
0.073279338
0.077358984
0.072729139
0.076896496
0.074781796
0.077350546
0.075717118
0.13719247
0.11968228
0.099006274
0.079371211
0.076142955
0.13836849
0.13328172
0.11436109
0.088925566
0.075731419
0.075493557
0.15316102
0.13499724
0.11764142
0.092403007
0.07597656
0.073291539
0.15591095
0.15423372
0.13268588
0.11015649
0.083714828
0.072041054
0.17922151
0.15868533
0.1371302
0.11739973
0.088681975
0.070016627
0.069918237
0.07473727
0.060117379
0.050308247
0.061706759
0.052551285
0.067765981
0.093875837
0.07217797
0.058902524
0.051341945
0.069428334
0.061420316
0.056063098
0.097029582
0.072881427
0.06270572
0.053662666
0.070219148
0.064585893
0.058682961
0.11209352
0.088832372
0.067763162
0.058726826
0.069008111
0.064680372
0.13393516
0.11291259
0.12227594
0.092066192
0.084778372
0.092978773
0.092719541
0.10725813
0.11642507
0.12511413
0.11651595
0.10760236
0.12621643
0.14009594
0.14988852
0.14019127
0.056763897
0.096383265
0.034020113
0.023153391
0.0093823681
0.11257069
0.087605576
0.10550539
0.1091833
0.10074981
0.10027546
0.1157793
0.13199293
0.12332583
0.10362768
0.09614014
0.069746589
0.046036888
0.11609508
0.1121381
0.11023792
0.12464221
0.1290435
0.11449172
0.1113612
0.10262734
0.069846262
0.12050853
0.12105232
0.1159555
0.12063136
0.12855317
0.12027208
0.12073551
0.10174547
0.086648412
0.11643315
0.092448852
0.067797726
0.062915651
0.070007467
0.067468689
0.12419232
0.12314398
0.11868534
0.12484742
0.11701477
0.12776878
0.12663934
0.11293553
0.12968504
0.11258001
0.085518276
0.064790959
0.067641392
0.068682923
0.12711211
0.12904218
0.11975404
0.12214479
0.12561509
0.13607381
0.13505466
0.12057736
0.11554397
0.099626893
0.13265024
0.13088067
0.10602031
0.075728003
0.083089893
0.055027908
0.05414409
0.057988906
0.066587649
0.057465675
0.065127099
0.071463884
0.080345306
0.06296872
0.068030318
0.071836603
0.080922076
0.15799088
0.12688587
0.096477377
0.10257556
0.094154924
0.076725512
0.16674612
0.13524537
0.10608077
0.11570136
0.11364247
0.093329937
0.076777503
0.18980282
0.16295958
0.132798
0.13920714
0.12150219
0.099063678
0.079850563
0.13487148
0.12002054
0.092380411
0.069418751
0.067905037
0.068393641
0.13392027
0.13127098
0.12258955
0.12037418
0.13308852
0.14578542
0.14415463
0.12971664
0.14886392
0.13728359
0.11570776
0.0824121
0.067120065
0.067541965
0.1398587
0.13806549
0.12912303
0.12376464
0.12698392
0.14743704
0.15571213
0.15749549
0.14365661
0.12113374
0.086169154
0.065871411
0.068396788
0.14468415
0.14346288
0.13341898
0.12904144
0.13066187
0.15265395
0.16088452
0.16975629
0.1628994
0.1356412
0.098386294
0.081917424
0.061380334
0.067125576
0.14962444
0.14181462
0.13420191
0.13100039
0.15004248
0.16868332
0.19530204
0.17077175
0.14162907
0.20685177
0.18826367
0.15862364
0.2073648
0.19114746
0.15847275
0.21145591
0.20406351
0.17875977
0.21241395
0.20727081
0.18246414
0.21155909
0.20688317
0.18149358
0.13569499
0.149887
0.16004641
0.13084801
0.1633687
0.17282467
0.139938
0.15543283
0.17926887
0.18284229
0.18741937
0.1892693
0.20003014
0.20428036
0.2047739
0.20597421
0
0
0
0
0
0
0
0
0
0
0
0
0
0
0
0
0
0
0
0
0
0
0
0
0
0
0
0
0
0
0
0
0
0
0
0
0
0
0
0
0
0
0
0
0
0
0
0
0
0
0
0
0
0
0
0
0
0
0
0
0
0
0
0
0
0
0
0
0
0
0
0
0
0
0
0
0
0
0
0
0
0
0
0
0
0
0
0
0
0
0
0
0
0
0
0
0
0
0
0
0
0
0
0
0
0
0
0
0
0
0
0
0
0
0
0
0
0
0
0
0
0
0
0
0
0
0
0
0
0
0
0
0
0
0
0
0
0
0
0
0
0
0
0
0
0
0
0
0
0
0
0
0
0
0
0
0
0
0
0
0
0
0
0
0
0
0
0
0
0
0
0
0
0
0
0
0
0
0
0
0
0
0
0
0
0
0
0
0
0
0
0
0
0
0
0
0
0
0
0
0
0
0
0
0
0
0
0
0
0
0
0
0
0
0
0
0
0
0
0.057285605
0.04744281
0.048485703
0.047141844
0.050592583
0.035881233
0.04883967
0.040635333
0.055598024
0.05831555
0.033408582
0.056658351
0.056760891
0.047039643
0.077185743
0.066583613
0.069837343
0.062792716
0.058211865
0.076451339
0.073476336
0.077992394
0.085480517
0.068426932
0.080037722
0.085947854
0.093662207
0.074493562
0.082375739
0.056069118
0.082514797
0.090383573
0.081405444
0.049107857
0.016653442
0.058947109
0.056676309
0.013909629
0.036398646
0.050446869
0.065965135
0.031672809
0.02774872
0.039150471
0.042218764
0.048054632
0.062721343
0.073426356
0.089017991
0.098230779
0.092296275
0.081772727
0.055173107
0.063020259
0.07090303
0.03380204
0.037130172
0.051192518
0.039712601
0.053509288
0.064802237
0.081986771
0.097360004
0.10556899
0.10364816
0.091532619
0.077953948
0.069126496
0.071494212
0.045713526
0.057664133
0.065841353
0.055169443
0.061644243
0.061886233
0.075878731
0.092442723
0.10708041
0.11158202
0.11148675
0.10395313
0.091094566
0.073952115
0.070872095
0.062947568
0.068948343
0.072964198
0.066801863
0.069145485
0.068343401
0.078397746
0.094486048
0.1084798
0.11444857
0.11971324
0.11495354
0.10598245
0.07443413
0.071703615
0.072728641
0.074806802
0.075194095
0.073843356
0.074326251
0.072585734
0.076830392
0.088749608
0.10055985
0.11354247
0.12168861
0.12612576
0.1230565
0.073000565
0.071112353
0.076133675
0.075390484
0.074904898
0.076776185
0.076540367
0.076851363
0.080042718
0.089230776
0.10060605
0.11438136
0.12372665
0.12958595
0.13258801
0.073447325
0.071121314
0.076340159
0.074732498
0.072499913
0.077759131
0.078181147
0.078029898
0.079852572
0.086270743
0.095514762
0.10691064
0.11985362
0.12852888
0.13778233
0.13674135
0.072647904
0.069991943
0.076811393
0.074533899
0.07242113
0.078045624
0.079217659
0.079769738
0.081459049
0.087142196
0.095840278
0.10724918
0.12004182
0.12947742
0.14069439
0.14800786
0.067259109
0.072092798
0.080001441
0.072395471
0.075530129
0.072849923
0.071956437
0.078831201
0.08006719
0.080645943
0.081611496
0.084239282
0.092016474
0.1023105
0.11473879
0.12592427
0.13875566
0.15203253
0.15072846
0.06889181
0.051830393
0.045275834
0.059863933
0.059460011
0.051503168
0.065489014
0.069531117
0.069682213
0.053316958
0.068316679
0.075321204
0.039933071
0.050683448
0.065950206
0.075447527
0.081757974
0.043761477
0.055940018
0.067845308
0.077487725
0.082829315
0.04963012
0.058223796
0.064629065
0.077085168
0.082096157
0.08837848
0.055111324
0.061247235
0.06568234
0.078288885
0.083134726
0.085256176
0.058352669
0.062230059
0.065306494
0.072195608
0.081492276
0.080257157
0.085665883
0.060305338
0.063829257
0.067320538
0.07397785
0.077017024
0.076842195
0.092641756
0.061810038
0.067265592
0.06474692
0.075047347
0.078972875
0.077198828
0.085344041
0.10909212
0.062532848
0.078909744
0.080190479
0.089797665
0.10165279
0.10370752
0.098239015
0.070391065
0.0689659
0.086322319
0.10021456
0.076160453
0.090331277
0.098398979
0.10055191
0.099599502
0.081434254
0.061575977
0.062529368
0.062300999
0.062734346
0.063280233
0.069225788
0.065827927
0.077754758
0.081182441
0.081037775
0.087756943
0.11896487
0.063169878
0.047208465
0.029884378
0.030704953
0.046325826
0.0538661
0.046972872
0.066056694
0.069244332
0.074043681
0.079677056
0.079145824
0.079031983
0.080195546
0.081283772
0.078995218
0.032059657
0.033165263
0.047235164
0.067764724
0.076719396
0.078635932
0.042915989
0.036429524
0.05865182
0.071388282
0.077466676
0.078857166
0.049296711
0.04490661
0.062125945
0.070770757
0.075894676
0.078414674
0.060797373
0.052732215
0.06664818
0.071743889
0.07476879
0.077212713
0.062673627
0.0570796
0.065989756
0.069504064
0.071204993
0.061155584
0.063817571
0.066732152
0.067826626
0.069172232
0.06122779
0.062690183
0.064582623
0.065308332
0.0654487
0.061600152
0.062548834
0.062660972
0.063776675
0.064268055
0
0
0
0
0
0
0
0
0
0
0
0
0
0
0
0
0
0
0
0
0
0
0
0
0
0
0
0
0
0
0
0
0
0
0
0
0
0
0
0
0
0
0
0
0
0
0
0
0
0
0
0
0
0
0
0
0
0
0
0
0
0
0
0
0
0
0
0
0
0
0
0
0
0
0
0
0
0
0
0
0
0
0
0
0
0
0
0
0
0
0
0
0
0
0
0
0
0
0
0
0
0
0
0
0
0
0
0
0
0
0
0
0
0
0
0
0
0
0
0
0
0
0
0
0
0
0
0
0
0
0
0
0
0
0
0
0
0
0
0
0
0
0
0
0
0
0
0
0
0
0
0
0
0
0
0
0
0
0
0
0
0
0
0
0
0
0
0
0
0
0
0
0
0
0
0
0
0
0
0
0
0
0
0
0
0
0
0
0
0
0
0
0
0
0
0
0
0
0
0
0
0
0
0
0
0
0
0
0
0
0
0
0
0
0
0
0
0
0
0
0
0
0
0
0
0
0
0
0
0
0
0
0
0
0
0
0
0
0
0
0
0
0
0
0
0
0
0
0
0
0
0
0
0
0
0
0
0
0
0
0
0
0
0
0
0
0
0
0
0
0
0
0
0
0
0
0
0
0
0
0
0
0
0
0
0
0
0
0
0
0
0
0
0
0
0
0
0
0
0
0
0
0
0
0
0
0
0
0
0
0
0
0
0
0
0
0
0
0
0
0
0
0
0
0
0
0
0
0
0
0
0
0
0
0
0
0
0
0
0
0
0
0
0
0
0
0
0.044078404
0.049734232
0.056313706
0.06128356
0.073788703
0.061370164
0.074441382
0.097898222
0.020233954
0.029477548
0.03627765
0.046486819
0.051032928
0.057909244
0.076751594
0.088845993
0.11156192
0.1086149
0.12122974
0.11530076
0.12356356
0.11567554
0.022096591
0.025001313
0.031346576
0.034395272
0.054539587
0.071657046
0.093014901
0.1039274
0.11134667
0.023709461
0.027932878
0.031635373
0.04109518
0.051941588
0.066197945
0.078089789
0.031877596
0.055163033
0.062862169
0.073653855
0.10207608
0.1113896
0.07189784
0.10643826
0.1079582
0.10073586
0.11596905
0.12847441
0.13178359
0.13674724
0.1352023
0.14198446
0.14197601
0.14769203
0
0
0
0
0
0
0
0
0
0
0
0
0
0
0
0
0
0
0
0
0
0
0
0
0
0
0
0
0
0
0
0
0
0
0
0
0
0
0
0
0
0
0
0
0
0
0
0
0
0
0
0
0
0
0
0
0
0
0
0
0
0
0
0
0
0
0.10997776
0.11232811
0.094008261
0.094205221
0.096400379
0.096937313
0.10101901
0.097610556
0.10740165
0.13470362
0.14366836
0.15595109
0.16368414
0.16974514
0.17799148
0.18583273
0.13491212
0.10445532
0.11217751
0.10694872
0.12094048
0.12766928
0.12789874
0.099013708
0.10308863
0.11298125
0.15988952
0.15873539
0.15757187
0.1187866
0.10714301
0.17021626
0.16985979
0.16572495
0.13059695
0.12109482
0.18777167
0.18611778
0.18303417
0.1409552
0.14905483
0.12250577
0.19240469
0.19144684
0.19187848
0.15943148
0.15801751
0.13757936
0.20511941
0.18728682
0.20196849
0.16335112
0.17383116
0.15516582
0.15450639
0.20336185
0.19169071
0.2050908
0.18048665
0.17991262
0.16663596
0.16769368
0.21164187
0.20210355
0.21590667
0.1863651
0.18835778
0.17307038
0.1725616
0.18236178
0.21354731
0.20520716
0.21836287
0.20406304
0.19567439
0.19189968
0.18466165
0.1907028
0.21247294
0.20381145
0.21625244
0.20270273
0.19406254
0.19086415
0.18388016
0.1896342
0.11346751
0.12169932
0.1289244
0.12040929
0.12999105
0.14185041
0.14954973
0.15526731
0.16071446
0.16395999
0.17069044
0.17277826
0.1423643
0.19287668
0.18154994
0
0
0
0
0
0
0
0
0
0
0
0
0
0
0
0
0
0
0
0
0
0
0
0
0
0
0
0
0
0
0
0
0
0
0
0
0
0
0
0
0
0
0
0
0
0
0
0
0
0
0
0
0
0
0
0
0
0
0
0
0
0
0
0
0
0
0
0
0
0
0
0
0
0
0
0
0
0
0
0
0
0
0
0
0
0
0
0
0
0
0
0
0
0
0
0
0
0
0
0
0
0
0
0
0
0
0
0
0
0
0
0
0
0
0
0
0
0
0
0
0
0
0
0
0
0
0
0
0
0
0
0
0
0
0
0
0
0
0
0
0
0
0
0
0
0
0
0
0
0
0
0
0
0
0
0
0
0
0
0
0
0
0
0
0
0
0
0
0
0
0
0
0
0
0
0
0
0
0
0
0
0
0
0
0
0
0
0
0
0
0
0
0
0
0
0
0
0
0
0
0
0
0
0
0
0
0
0
0
0
0
0
0
0
0
0
0
0
0
0
0
0
0
0
0
0
0
0
0
0
0
0
0
0
0
0
0
0
0
0
0
0
0
0
0
0
0
0
0
0
0
0
0
0
0
0
0
0
0
0
0
0
0
0
0
0
0
0
0
0
0
0
0
0
0
0
0
0
0
0
0
0
0
0
0
0
0
0
0
0
0
0
0
0
0
0
0
0
0
0
0
0
0
0
0
0
0
0
0
0
0
0
0
0
0
0
0
0
0
0
0
0
0
0
0
0
0
0
0
0
0
0
0
0
0
0
0
0
0
0
0
0
0
0
0
0
0
0
0
0
0
0
0
0
0
0
0
0
0
0
0
0
0
0
0
0
0
0
0
0
0
0
0
0
0
0
0
0
0
0
0
0
0
0
0
0
0
0
0
0
0
0
0
0
0
0
0
0
0
0
0
0
0
0
0
0
0
0
0
0
0
0
0
0
0
0
0
0
0
0
0
0
0
0
0
0
0
0
0
0
0
0
0
0
0
0
0
0
0
0
0
0
0
0
0
0
0
0
0
0
0
0
0
0
0
0
0
0
0
0
0
0
0
0
0
0
0
0
0
0
0
0
0
0
0
0
0
0
0
0
0
0
0
0
0
0
0
0
0
0
0
0
0
0
0
0
0
0
0
0
0
0
0
0
0
0
0
0
0
0
0
0
0
0
0
0
0
0
0
0
0
0
0
0
0
0
0
0
0
0
0
0
0
0
0
0
0
0
0
0
0
0
0
0
0
0
0
0
0
0
0
0
0
0
0
0
0
0
0
0
0
0
0
0
0
0
0
0
0
0
0
0
0
0
0
0
0
0
0
0
0
0
0
0
0
0
0
0
0
0
0
0
0
0
0
0
0
0
0
0
0
0
0
0
0
0
0
0
0
0
0
0
0
0
0
0
0
0
0
0
0
0
0
0
0
0
0
0
0
0
0
0
0
0
0
0
0
0
0
0
0
0
0
0
0
0
0
0
0
0
0
0
0
0
0
0
0
0
0
0
0
0
0
0
0
0
0
0
0
0
0
0
0
0
0
0
0
0
0
0
0
0
0
0
0
0
0
0
0
0
0
0
0
0
0
0
0
0
0
0
0
0
0
0
0
0
0
0
0
0
0
0
0
0
0
0
0
0
0
0
0
0
0
0
0
0
0
0
0
0
0
0
0
0
0
0
0
0
0
0
0
0
0
0
0
0
0
0
0
0
0
0
0
0
0
0
0
0
0
0
0
0
0
0
0
0
0
0
0
0
0
0
0
0
0
0
0
0
0
0
0
0
0
0
0
0
0
0
0
0
0
0
0
0
0
0
0
0
0
0
0
0
0
0
0
0
0
0
0
0
0
0
0
0
0
0
0
0
0
0
0
0
0
0
0
0
0
0
0
0
0
0
0
0
0
0
0
0
0
0
0
0
0
0
0
0
0
0
0
0
0
0
0
0
0
0
0
0
0
0
0
0
0
0
0
0
0
0
0
0
0
0
0
0
0
0
0
0
0
0
0
0
0
0
0
0
0
0
0
0
0
0
0
0
0
0
0
0
0
0
0
0
0
0
0
0
0
0
0
0
0
0
0
0
0
0
0
0
0
0
0
0
0
0
0
0
0
0
0
0
0
0
0
0
0
0
0
0
0
0
0
0
0
0
0
0
0
0
0
0
0
0
0
0
0
0
0
0
0
0
0
0
0
0
0
0
0
0
0
0
0
0
0
0
0
0
0
0
0
0
0
0
0.18407077
0.178491
0.15413827
0.13978615
0.11833274
0.08431387
0
0
0
0
0
0
0
0
0
0
0
0
0
0
0
0
0
0
0
0
0
0
0
0
0
0
0
0
0
0
0
0
0
0
0
0
0
0
0
0
0
0
0
0
0
0
0
0
0
0
0
0
0
0
0
0
0
0
0
0
0
0
0
0
0
0
0
0
0
0
0
0
0
0
0
0
0
0
0
0
0
0
0
0
0
0
0
0
0
0
0
0
0
0
0
0
0
0
0
0
0
0
0
0
0
0
0
0
0
0
0
0
0
0
0
0
0
0
0
0
0
0
0
0
0
0
0
0
0
0
0
0
0
0
0
0
0
0
0
0
0
0
0
0
0
0
0
0
0
0
0
0
0
0
0
0
0
0
0
0
0
0
0
0
0
0
0
0
0
0
0
0
0
0
0
0
0
0
0
0
0
0
0
0
0
0
0
0
0
0
0
0
0
0
0
0
0
0
0
0
0
0
0
0
0
0
0
0
0
0
0
0
0
0
0
0
0
0
0
0
0
0
0
0
0
0
0
0
0
0
0
0
0
0
0
0
0
0
0
0
0
0
0
0
0
0
0
0
0
0
0
0
0
0
0
0
0
0
0
0
0
0
0
0
0
0
0
0
0
0
0
0
0
0
0
0
0
0
0
0
0
0
0
0
0
0
0
0
0
0
0
0
0
0
0
0
0
0
0
0.066163465
0.06554529
0.075717348
0.068621899
0.076189321
0.067622429
0.071120404
0.076894828
0.074312971
0.076056684
0.076427074
0.073923745
0.077324113
0.076216828
0.077098419
0.14269961
0.13755152
0.11598842
0.089550153
0.076529387
0.07717238
0.15589241
0.13843847
0.11976757
0.093222171
0.077005814
0.074689816
0.15800943
0.15659544
0.13509421
0.11116712
0.084403475
0.072920061
0.18046215
0.16011674
0.13801562
0.11828492
0.089523051
0.070724127
0.18539073
0.17980088
0.15549415
0.14057143
0.11909031
0.085147885
0.078016604
0.082023511
0.092861603
0.072375926
0.059835326
0.051577765
0.06993532
0.062305677
0.056616793
0.098608777
0.075133245
0.064464707
0.05444386
0.070671608
0.065925482
0.059876857
0.11398678
0.091607205
0.071088561
0.060855182
0.070455374
0.066351247
0.11843636
0.0952506
0.071423539
0.065511883
0.071320264
0.069477695
0.14472248
0.13882157
0.13984921
0.11615751
0.13491633
0.11355549
0.10081223
0.098627091
0.10347973
0.11932396
0.1185366
0.13474046
0.14536503
0.14632695
0.1573097
0.13824238
0.069971262
0.10169754
0.038952634
0.11718343
0.10429724
0.1208238
0.11311234
0.11101411
0.12893475
0.13896166
0.11960502
0.1134788
0.1078977
0.06679399
0.12626366
0.12436229
0.1178815
0.12406302
0.13566425
0.1255557
0.12370639
0.10390823
0.082330251
0.12832668
0.12739289
0.12268088
0.12930912
0.12037604
0.13072717
0.12873989
0.11263546
0.13141546
0.11436782
0.088265515
0.067905785
0.070178982
0.069953813
0.12834132
0.13289092
0.12419476
0.12739046
0.12745884
0.13790996
0.13646094
0.11951435
0.13643656
0.12162397
0.094572447
0.072018161
0.069902295
0.068740463
0.13422973
0.13316498
0.12545971
0.12348185
0.13426591
0.14715288
0.14506573
0.12957708
0.10526466
0.13652545
0.13692116
0.15497612
0.12636276
0.10633382
0.097458363
0.077526201
0.085547509
0.058982844
0.061622992
0.065605045
0.06797126
0.074382938
0.061047563
0.072625722
0.086220128
0.071633532
0.091315279
0.073548359
0.080138661
0.078672876
0.10400346
0.16406524
0.13300862
0.10444059
0.11334177
0.11234391
0.092029037
0.075483145
0.18857989
0.16009883
0.1290957
0.13901107
0.12206686
0.098510055
0.080197558
0.19577094
0.1700323
0.14107314
0.14604902
0.14097452
0.11678723
0.090118843
0.077727407
0.15005726
0.13911777
0.11749508
0.084717576
0.070048068
0.068108737
0.1401507
0.13859423
0.13099217
0.12637101
0.12855445
0.14832945
0.15732665
0.15875115
0.14634675
0.12355826
0.088440007
0.067260147
0.068755174
0.14505861
0.14392732
0.13474599
0.13075602
0.13221342
0.15403399
0.16278019
0.17205252
0.16429429
0.13848169
0.10049486
0.084266461
0.061754911
0.067382341
0.15017364
0.14270874
0.13606224
0.13257482
0.15161618
0.17041782
0.18075246
0.1735978
0.14134707
0.10213557
0.085061219
0.062052107
0.067247481
0.15360644
0.14705255
0.1406294
0.13744389
0.15457443
0.17528847
0.20946333
0.18923055
0.16140546
0.21002206
0.19249717
0.16083323
0.21328332
0.20543021
0.18001803
0.21353818
0.20760392
0.18355821
0.21916429
0.20608575
0.21851659
0.20562659
0.15678971
0.15206288
0.16603187
0.1801632
0.1445275
0.15185371
0.17379506
0.1846859
0.18887187
0.20079836
0.20594776
0.2069392
0.20873967
0
0
0
0
0
0
0
0
0
0
0
0
0
0
0
0
0
0
0
0
0
0
0
0
0
0
0
0
0
0
0
0
0
0
0
0
0
0
0
0
0
0
0
0
0
0
0
0
0
0
0
0
0
0
0
0
0
0
0
0
0
0
0
0
0
0
0
0
0
0
0
0
0
0
0
0
0
0
0
0
0
0
0
0
0
0
0
0
0
0
0
0
0
0
0
0
0
0
0
0
0
0
0
0
0
0
0
0
0
0
0
0
0
0
0
0
0
0
0
0
0
0
0
0
0
0
0
0
0
0
0
0
0
0
0
0
0
0
0
0
0
0
0
0
0
0
0
0
0
0
0
0
0
0
0
0
0
0
0
0
0
0
0
0
0
0
0
0
0
0
0
0
0
0
0
0
0
0
0
0
0
0
0
0
0
0
0
0
0.072850415
0.047772945
0.049685227
0.049036218
0.032642412
0.03897317
0.049193052
0.048869
0.057553218
0.056166964
0.039260437
0.055833782
0.04875643
0.080657947
0.067510993
0.064678259
0.065907765
0.067230026
0.053638556
0.079470536
0.084818471
0.072846441
0.089445476
0.091636437
0.089871231
0.10106832
0.10603131
0.088304616
0.067067009
0.078547646
0.094149741
0.097660555
0.10370146
0.088792052
0.098923483
0.034902584
0.059728421
0.075084119
0.031510718
0.046253121
0.056572615
0.070880421
0.031950499
0.028783647
0.040757622
0.038793439
0.047043233
0.062144008
0.081159783
0.098103802
0.10621065
0.10219573
0.085405193
0.070038333
0.061156549
0.070151433
0.03383453
0.044868685
0.055387993
0.044713971
0.053398163
0.056805766
0.074281195
0.092708318
0.10852137
0.11280719
0.11036529
0.10036861
0.085891602
0.068980752
0.070799006
0.051707066
0.059825886
0.065588276
0.057346276
0.063088537
0.063281617
0.076882169
0.094854222
0.11012193
0.11618588
0.12005626
0.11211507
0.10190304
0.071278868
0.07045463
0.067146309
0.070501777
0.071778747
0.069625078
0.070681098
0.068737609
0.074474018
0.088698021
0.10153456
0.11549688
0.1233078
0.12631375
0.12194104
0.071371888
0.071146838
0.073849914
0.073312266
0.073278782
0.074719771
0.074656248
0.075231259
0.079050918
0.089260529
0.10137317
0.1155276
0.12564433
0.13067486
0.13265825
0.072722419
0.071202923
0.075045269
0.073589807
0.071455555
0.076589573
0.076972327
0.076968836
0.079217558
0.086215128
0.096007037
0.10753441
0.1213866
0.13001165
0.13809112
0.13709562
0.072242974
0.070334474
0.075899401
0.073661122
0.071623837
0.077147312
0.078378758
0.079096291
0.081144081
0.087115354
0.096247456
0.10778835
0.12060528
0.13032752
0.14112926
0.14853673
0.07215861
0.069080268
0.074813965
0.072227194
0.0716313
0.078170142
0.079428437
0.080146327
0.081351341
0.084177475
0.092260644
0.10296291
0.11534078
0.12686101
0.13920344
0.15242881
0.15123073
0.080105035
0.088657654
0.076132917
0.073199853
0.07133989
0.077481892
0.080580513
0.081430704
0.082534455
0.085253304
0.093100094
0.10387468
0.11636613
0.12731836
0.14080669
0.15445523
0.15765767
0.068531709
0.052307753
0.051312213
0.034913453
0.059145347
0.052267429
0.068342027
0.068526484
0.076524181
0.077340051
0.049083283
0.066321485
0.077241571
0.08687645
0.038484317
0.055049586
0.069119669
0.080210608
0.088261559
0.044583159
0.057397179
0.066586414
0.0796138
0.086359098
0.095675932
0.051988475
0.061778869
0.06762967
0.081415792
0.087514631
0.090329975
0.056706923
0.062901025
0.067099288
0.073809434
0.08479604
0.083746671
0.086458744
0.060182668
0.064544747
0.068806577
0.075187439
0.078252375
0.077961778
0.09331508
0.061948113
0.068291835
0.065374206
0.076007457
0.079990096
0.07838739
0.086353432
0.11013305
0.062802063
0.070125228
0.066482693
0.078512099
0.082370181
0.08241345
0.089007435
0.119739
0.063498317
0.091641
0.093355094
0.10677534
0.10893194
0.10347764
0.072166839
0.069957135
0.086843895
0.10119706
0.11628517
0.09517671
0.10370368
0.10703883
0.10603457
0.088348025
0.061582589
0.061037193
0.061037445
0.062180505
0.064557078
0.079857153
0.069952132
0.067177972
0.085452388
0.086214434
0.085912505
0.11342982
0.1326637
0.064057909
0.046871153
0.029764231
0.050351743
0.031955562
0.0598039
0.049182449
0.070469815
0.073409917
0.069569257
0.073955392
0.080002845
0.076858155
0.080653477
0.07788723
0.082081307
0.078841717
0.038641406
0.031412961
0.057992634
0.071377752
0.078045449
0.079064339
0.044041901
0.038585303
0.059823509
0.070427178
0.076650879
0.079159088
0.056304767
0.046906394
0.065562611
0.072123896
0.076180486
0.078478555
0.060328871
0.053725207
0.065244919
0.070065996
0.072601175
0.06045765
0.063297153
0.066735972
0.068906969
0.070626224
0.061113581
0.062579227
0.064723004
0.066252428
0.066789912
0.061614713
0.062626202
0.06317957
0.065240091
0.065519788
0.061722242
0.061231377
0.061722082
0.063873752
0.066502233
0
0
0
0
0
0
0
0
0
0
0
0
0
0
0
0
0
0
0
0
0
0
0
0
0
0
0
0
0
0
0
0
0
0
0
0
0
0
0
0
0
0
0
0
0
0
0
0
0
0
0
0
0
0
0
0
0
0
0
0
0
0
0
0
0
0
0
0
0
0
0
0
0
0
0
0
0
0
0
0
0
0
0
0
0
0
0
0
0
0
0
0
0
0
0
0
0
0
0
0
0
0
0
0
0
0
0
0
0
0
0
0
0
0
0
0
0
0
0
0
0
0
0
0
0
0
0
0
0
0
0
0
0
0
0
0
0
0
0
0
0
0
0
0
0
0
0
0
0
0
0
0
0
0
0
0
0
0
0
0
0
0
0
0
0
0
0
0
0
0
0
0
0
0
0
0
0
0
0
0
0
0
0
0
0
0
0
0
0
0
0
0
0
0
0
0
0
0
0
0
0
0
0
0
0
0
0
0
0
0
0
0
0
0
0
0
0
0
0
0
0
0
0
0
0
0
0
0
0
0
0
0
0
0
0
0
0
0
0
0
0
0
0
0
0
0
0
0
0
0
0
0
0
0
0
0
0
0
0
0
0
0
0
0
0
0
0
0
0
0
0
0
0
0
0
0
0
0
0
0
0
0
0
0
0
0
0
0
0
0
0
0
0
0
0
0
0
0
0
0
0
0
0
0
0
0
0
0
0
0
0
0
0
0
0
0
0
0
0
0
0
0
0
0
0
0
0
0
0
0
0
0
0
0.056887259
0.066110426
0.072505647
0.083192664
0.065611868
0.075046457
0.09830894
0.10917138
0.045373663
0.056576491
0.059056894
0.06369469
0.077791711
0.089645667
0.11205409
0.12144971
0.12418001
0.11647151
0.13085441
0.1302093
0.13118543
0.036121895
0.038887644
0.052004207
0.069542744
0.092318917
0.1043251
0.11177595
0.037139697
0.047233444
0.046466011
0.05731274
0.066813729
0.079037148
0.038670705
0.073832919
0.088849454
0.076732491
0.1000237
0.11127944
0.080395287
0.11979478
0.12407136
0.11487634
0.12903371
0.13314055
0.13861075
0.13691619
0.14344332
0.14313259
0.14886945
0.14332866
0
0
0
0
0
0
0
0
0
0
0
0
0
0
0
0
0
0
0
0
0
0
0
0
0
0
0
0
0
0
0
0
0
0
0
0
0
0
0
0
0
0
0
0
0
0
0
0
0
0
0
0
0
0.12478781
0.12145212
0.10522939
0.11378474
0.12334267
0.1102155
0.13584985
0.14504651
0.15786393
0.1653925
0.17110068
0.17913357
0.18735411
0.19448802
0.15516846
0.11600082
0.11739009
0.13105414
0.12591369
0.15538648
0.13365064
0.15651158
0.12019282
0.12265588
0.1102868
0.12171963
0.16808955
0.16817684
0.16596201
0.13193057
0.12266489
0.18785739
0.18706624
0.18330736
0.14159783
0.15086257
0.12332276
0.19299063
0.19305794
0.19299164
0.16036774
0.1602116
0.13881286
0.20808468
0.18760978
0.20449972
0.16445207
0.17622781
0.1567103
0.15560869
0.20506806
0.1923826
0.20737706
0.18148454
0.18178621
0.16806841
0.16880188
0.21338421
0.20360987
0.21853328
0.18732187
0.19018704
0.17435102
0.17361562
0.18335299
0.21472512
0.20670512
0.22070356
0.2055095
0.19738523
0.19261515
0.18526737
0.19177006
0.22398427
0.21877729
0.23190733
0.2083878
0.20490115
0.20046215
0.19609278
0.19231142
0.20630168
0.22273875
0.21632706
0.22958506
0.20623666
0.20299796
0.19926693
0.19493605
0.1910456
0.20453416
0.14283111
0.12756019
0.14598342
0.13081454
0.14360247
0.15199253
0.158264
0.16335453
0.1657153
0.17201864
0.17404985
0.18287445
0.15100976
0.20250836
0.18758737
0
0
0
0
0
0
0
0
0
0
0
0
0
0
0
0
0
0
0
0
0
0
0
0
0
0
0
0
0
0
0
0
0
0
0
0
0
0
0
0
0
0
0
0
0
0
0
0
0
0
0
0
0
0
0
0
0
0
0
0
0
0
0
0
0
0
0
0
0
0
0
0
0
0
0
0
0
0
0
0
0
0
0
0
0
0
0
0
0
0
0
0
0
0
0
0
0
0
0
0
0
0
0
0
0
0
0
0
0
0
0
0
0
0
0
0
0
0
0
0
0
0
0
0
0
0
0
0
0
0
0
0
0
0
0
0
0
0
0
0
0
0
0
0
0
0
0
0
0
0
0
0
0
0
0
0
0
0
0
0
0
0
0
0
0
0
0
0
0
0
0
0
0
0
0
0
0
0
0
0
0
0
0
0
0
0
0
0
0
0
0
0
0
0
0
0
0
0
0
0
0
0
0
0
0
0
0
0
0
0
0
0
0
0
0
0
0
0
0
0
0
0
0
0
0
0
0
0
0
0
0
0
0
0
0
0
0
0
0
0
0
0
0
0
0
0
0
0
0
0
0
0
0
0
0
0
0
0
0
0
0
0
0
0
0
0
0
0
0
0
0
0
0
0
0
0
0
0
0
0
0
0
0
0
0
0
0
0
0
0
0
0
0
0
0
0
0
0
0
0
0
0
0
0
0
0
0
0
0
0
0
0
0
0
0
0
0
0
0
0
0
0
0
0
0
0
0
0
0
0
0
0
0
0
0
0
0
0
0
0
0
0
0
0
0
0
0
0
0
0
0
0
0
0
0
0
0
0
0
0
0
0
0
0
0
0
0
0
0
0
0
0
0
0
0
0
0
0
0
0
0
0
0
0
0
0
0
0
0
0
0
0
0
0
0
0
0
0
0
0
0
0
0
0
0
0
0
0
0
0
0
0
0
0
0
0
0
0
0
0
0
0
0
0
0
0
0
0
0
0
0
0
0
0
0
0
0
0
0
0
0
0
0
0
0
0
0
0
0
0
0
0
0
0
0
0
0
0
0
0
0
0
0
0
0
0
0
0
0
0
0
0
0
0
0
0
0
0
0
0
0
0
0
0
0
0
0
0
0
0
0
0
0
0
0
0
0
0
0
0
0
0
0
0
0
0
0
0
0
0
0
0
0
0
0
0
0
0
0
0
0
0
0
0
0
0
0
0
0
0
0
0
0
0
0
0
0
0
0
0
0
0
0
0
0
0
0
0
0
0
0
0
0
0
0
0
0
0
0
0
0
0
0
0
0
0
0
0
0
0
0
0
0
0
0
0
0
0
0
0
0
0
0
0
0
0
0
0
0
0
0
0
0
0
0
0
0
0
0
0
0
0
0
0
0
0
0
0
0
0
0
0
0
0
0
0
0
0
0
0
0
0
0
0
0
0
0
0
0
0
0
0
0
0
0
0
0
0
0
0
0
0
0
0
0
0
0
0
0
0
0
0
0
0
0
0
0
0
0
0
0
0
0
0
0
0
0
0
0
0
0
0
0
0
0
0
0
0
0
0
0
0
0
0
0
0
0
0
0
0
0
0
0
0
0
0
0
0
0
0
0
0
0
0
0
0
0
0
0
0
0
0
0
0
0
0
0
0
0
0
0
0
0
0
0
0
0
0
0
0
0
0
0
0
0
0
0
0
0
0
0
0
0
0
0
0
0
0
0
0
0
0
0
0
0
0
0
0
0
0
0
0
0
0
0
0
0
0
0
0
0
0
0
0
0
0
0
0
0
0
0
0
0
0
0
0
0
0
0
0
0
0
0
0
0
0
0
0
0
0
0
0
0
0
0
0
0
0
0
0
0
0
0
0
0
0
0
0
0
0
0
0
0
0
0
0
0
0
0
0
0
0
0
0
0
0
0
0
0
0
0
0
0
0
0
0
0
0
0
0
0
0
0
0
0
0
0
0
0
0
0
0
0
0
0
0
0
0
0
0
0
0
0
0
0
0
0
0
0
0
0
0
0
0
0
0
0
0
0
0
0
0
0
0
0
0
0
0
0
0
0
0
0
0
0
0
0
0
0
0.20761916
0.18523651
0.16235658
0.1498189
0.1340681
0.093711818
0
0
0
0
0
0
0
0
0
0
0
0
0
0
0
0
0
0
0
0
0
0
0
0
0
0
0
0
0
0
0
0
0
0
0
0
0
0
0
0
0
0
0
0
0
0
0
0
0
0
0
0
0
0
0
0
0
0
0
0
0
0
0
0
0
0
0
0
0
0
0
0
0
0
0
0
0
0
0
0
0
0
0
0
0
0
0
0
0
0
0
0
0
0
0
0
0
0
0
0
0
0
0
0
0
0
0
0
0
0
0
0
0
0
0
0
0
0
0
0
0
0
0
0
0
0
0
0
0
0
0
0
0
0
0
0
0
0
0
0
0
0
0
0
0
0
0
0
0
0
0
0
0
0
0
0
0
0
0
0
0
0
0
0
0
0
0
0
0
0
0
0
0
0
0
0
0
0
0
0
0
0
0
0
0
0
0
0
0
0
0
0
0
0
0
0
0
0
0
0
0
0
0
0
0
0
0
0
0
0
0
0
0
0
0
0
0
0
0
0
0
0
0
0
0
0
0
0
0
0
0
0
0
0
0
0
0
0
0
0
0
0
0
0
0
0
0
0
0
0
0
0
0
0
0
0
0
0
0
0
0
0
0
0
0
0
0
0
0
0
0
0
0
0
0
0
0
0
0
0
0
0.077780754
0.072304149
0.079454476
0.076058253
0.071746856
0.075115178
0.07307331
0.076950471
0.077367042
0.076752359
0.078158823
0.079347666
0.16106309
0.14328316
0.12176846
0.094500183
0.078422246
0.076775206
0.16117843
0.16026452
0.13831056
0.11251908
0.085357457
0.074304842
0.18238299
0.16299152
0.13974515
0.11927754
0.090494157
0.072028934
0.18673879
0.18126639
0.15704259
0.14110202
0.11991342
0.085979763
0.20832251
0.18672307
0.16409244
0.15093399
0.1346838
0.094827227
0.11356401
0.09991052
0.076990626
0.066638026
0.055105046
0.071981155
0.067267091
0.060721447
0.11663607
0.095134196
0.074359418
0.062838999
0.072521978
0.067838457
0.12155776
0.099303516
0.075778053
0.068177886
0.073344995
0.071461875
0.13436643
0.11749329
0.092747851
0.071890312
0.07280763
0.071651904
0.1455668
0.12612688
0.11387719
0.11108655
0.13124205
0.13367418
0.13342929
0.15305077
0.167085
0.15143375
0.15267112
0.16448323
0.16509289
0.16968425
0.12567274
0.06668182
0.11510826
0.046497818
0.14314693
0.11568163
0.13374649
0.12783278
0.1186353
0.1272188
0.14400825
0.13364196
0.12811852
0.10946966
0.080993246
0.13459668
0.13160539
0.1258554
0.13336278
0.12602141
0.13595518
0.13240965
0.11568886
0.13187358
0.13808389
0.12903294
0.13242085
0.1308493
0.14099724
0.13883475
0.11967175
0.13899909
0.12437962
0.098441242
0.075611976
0.072365731
0.069390699
0.1351085
0.13649813
0.13013237
0.1285434
0.13647641
0.14944049
0.14656691
0.1294242
0.15183338
0.14172829
0.12037162
0.088136849
0.073678986
0.06890455
0.14084939
0.13964837
0.1339129
0.13114529
0.1309502
0.14978254
0.15968891
0.14880538
0.13477963
0.1628251
0.13473727
0.11970473
0.099593521
0.10581149
0.064837299
0.067236582
0.074652323
0.09059132
0.074017276
0.081888734
0.092976925
0.081078645
0.10066742
0.1117528
0.092402467
0.090162797
0.10917334
0.11329109
0.18714721
0.1585156
0.12675518
0.13836212
0.12204051
0.097756416
0.080053209
0.19616158
0.16878268
0.13912623
0.14758337
0.14260861
0.11698025
0.09044565
0.079104539
0.21240298
0.18989965
0.1632764
0.16701787
0.14755242
0.12292546
0.095657031
0.080585283
0.16083259
0.14933851
0.12669835
0.091654834
0.069684864
0.069311399
0.14560336
0.14456715
0.13682496
0.13347822
0.13462597
0.15570805
0.16538735
0.17465633
0.16558116
0.14238079
0.10333587
0.087601472
0.062281322
0.067760278
0.15077734
0.14365338
0.13830709
0.13457156
0.15364606
0.17263954
0.18348363
0.17553223
0.14299658
0.10442508
0.086876337
0.062548404
0.067676442
0.15418659
0.14816873
0.14214835
0.13908143
0.15682035
0.17769823
0.19331087
0.18672701
0.17625627
0.11587135
0.084730373
0.06819233
0.06794208
0.15326422
0.14836487
0.14178062
0.14589016
0.17792855
0.21330968
0.19455734
0.16503989
0.21622261
0.20736934
0.18192972
0.2154627
0.208158
0.18519124
0.21985663
0.20650658
0.22284615
0.2104624
0.22187083
0.20978267
0.17505844
0.15672492
0.1872937
0.15025692
0.16612337
0.18039811
0.20039699
0.20760964
0.20959069
0.21197365
0
0
0
0
0
0
0
0
0
0
0
0
0
0
0
0
0
0
0
0
0
0
0
0
0
0
0
0
0
0
0
0
0
0
0
0
0
0
0
0
0
0
0
0
0
0
0
0
0
0
0
0
0
0
0
0
0
0
0
0
0
0
0
0
0
0
0
0
0
0
0
0
0
0
0
0
0
0
0
0
0
0
0
0
0
0
0
0
0
0
0
0
0
0
0
0
0
0
0
0
0
0
0
0
0
0
0
0
0
0
0
0
0
0
0
0
0
0
0
0
0
0
0
0
0
0
0
0
0
0
0
0
0
0
0
0
0
0
0
0
0
0
0
0
0
0
0
0
0
0
0
0
0
0
0
0
0
0
0
0
0
0
0
0
0
0
0
0.08615532
0.055800446
0.04998713
0.048434977
0.051485463
0.030437531
0.038791118
0.04781849
0.060331638
0.065502066
0.037506001
0.05680539
0.057270796
0.045424709
0.081166339
0.07292924
0.071316555
0.065523486
0.076666216
0.061469061
0.046550996
0.080682345
0.094936761
0.081129689
0.098622776
0.10101549
0.10636346
0.11252846
0.09868192
0.084467126
0.10672874
0.097798767
0.1190891
0.089911737
0.1011467
0.10671817
0.047550751
0.073314329
0.079738217
0.042298472
0.063450876
0.05587406
0.070435419
0.028477487
0.033833411
0.047069174
0.037934868
0.046341865
0.054842609
0.073284937
0.093456073
0.11069259
0.11440593
0.10969849
0.097122618
0.082918922
0.063624602
0.072160332
0.039226374
0.048287577
0.05617303
0.046029474
0.055956762
0.0596826
0.075908002
0.095700674
0.11273674
0.11893331
0.12055836
0.10999116
0.09933179
0.06588929
0.069106593
0.056693994
0.062631903
0.065246551
0.061892388
0.064648137
0.063692017
0.072008824
0.08884317
0.10341045
0.11918412
0.12555261
0.12687584
0.12105112
0.068544457
0.071251723
0.069134493
0.069278581
0.070183796
0.070627864
0.071187945
0.072271605
0.077603045
0.089546177
0.10318553
0.11783356
0.12840421
0.13201728
0.13298012
0.071571124
0.071302105
0.072743989
0.071681748
0.069793414
0.074569921
0.074886836
0.075093848
0.078185117
0.086153677
0.097062389
0.10881135
0.12393612
0.13237594
0.13871571
0.13780381
0.071699199
0.070873371
0.074544515
0.07240011
0.070469254
0.075802832
0.077104726
0.078101077
0.080702062
0.087195317
0.096993746
0.10869541
0.12189457
0.13181064
0.14170777
0.14938543
0.071804909
0.069289883
0.073838811
0.07133179
0.071191562
0.077217251
0.078490852
0.079407889
0.080973583
0.084069035
0.09259689
0.10387539
0.11623273
0.12821583
0.13974467
0.15289123
0.15181454
0.068846681
0.075420843
0.072633244
0.071140657
0.076766474
0.079981132
0.080978105
0.082296345
0.085137846
0.093301427
0.10446511
0.11704317
0.12836315
0.14137876
0.15494768
0.15837151
0.09668514
0.074337074
0.07241553
0.06946908
0.078371208
0.080592521
0.082323055
0.082395409
0.084429258
0.090561358
0.10104567
0.11132112
0.12442142
0.13843966
0.15425413
0.16301463
0.16014368
0.068445892
0.050474083
0.035642143
0.061684712
0.062289672
0.050211292
0.066528655
0.071167841
0.078798323
0.086042652
0.091421531
0.05488392
0.070078864
0.082929329
0.094132149
0.039665573
0.056216966
0.068570282
0.082246904
0.091168091
0.10355988
0.048395327
0.062043595
0.070211331
0.084656985
0.092676073
0.096698539
0.054026003
0.063384014
0.069581914
0.076694172
0.089063386
0.088592973
0.087821983
0.059618265
0.065715327
0.071366748
0.077404121
0.080335039
0.079656224
0.09435443
0.062097206
0.069785754
0.066286409
0.077366778
0.081428491
0.080268989
0.087667862
0.11087568
0.063182089
0.071350207
0.067345726
0.079408933
0.083696342
0.083983765
0.090638437
0.12041479
0.063886781
0.080773495
0.07095272
0.067800252
0.08679775
0.087939181
0.087421498
0.11408798
0.13350031
0.06453407
0.10135582
0.1103017
0.11328728
0.10962562
0.075160555
0.071536602
0.087575256
0.10191175
0.11710066
0.13170128
0.10754361
0.11258986
0.11202952
0.095543196
0.06091766
0.060481238
0.063306966
0.067685662
0.081565765
0.083569436
0.073809395
0.069399317
0.090016211
0.09193174
0.093070998
0.11890731
0.14607692
0.063701535
0.047965694
0.031700555
0.04917477
0.039734093
0.057326189
0.059966892
0.072940235
0.072540674
0.077840051
0.080315735
0.081873178
0.079353809
0.082705814
0.083524089
0.080037919
0.041640005
0.034771438
0.059241846
0.070896377
0.07778346
0.080264649
0.052809781
0.042049082
0.065408994
0.072942932
0.077822298
0.079976814
0.057148178
0.049647625
0.065159662
0.071311729
0.074687553
0.058711951
0.062381309
0.067268349
0.071067514
0.073000047
0.060844513
0.06241643
0.065191636
0.068285546
0.068973736
0.061621604
0.062778523
0.064018166
0.067754526
0.06735986
0.061864084
0.061492235
0.062610908
0.066169438
0.068636827
0.061093239
0.061165252
0.065178709
0.070352897
0.083396256
0
0
0
0
0
0
0
0
0
0
0
0
0
0
0
0
0
0
0
0
0
0
0
0
0
0
0
0
0
0
0
0
0
0
0
0
0
0
0
0
0
0
0
0
0
0
0
0
0
0
0
0
0
0
0
0
0
0
0
0
0
0
0
0
0
0
0
0
0
0
0
0
0
0
0
0
0
0
0
0
0
0
0
0
0
0
0
0
0
0
0
0
0
0
0
0
0
0
0
0
0
0
0
0
0
0
0
0
0
0
0
0
0
0
0
0
0
0
0
0
0
0
0
0
0
0
0
0
0
0
0
0
0
0
0
0
0
0
0
0
0
0
0
0
0
0
0
0
0
0
0
0
0
0
0
0
0
0
0
0
0
0
0
0
0
0
0
0
0
0
0
0
0
0
0
0
0
0
0
0
0
0
0
0
0
0
0
0
0
0
0
0
0
0
0
0
0
0
0
0
0
0
0
0
0
0
0
0
0
0
0
0
0
0
0
0
0
0
0
0
0
0
0
0
0
0
0
0
0
0
0
0
0
0
0
0
0
0
0
0
0
0
0
0
0
0
0
0
0
0
0
0
0
0
0
0
0
0
0
0
0
0
0
0
0
0
0
0
0
0
0
0
0
0
0
0
0
0
0
0
0
0
0
0
0
0
0
0
0
0
0
0
0
0
0
0
0
0
0
0
0
0
0
0
0
0
0
0
0
0
0
0
0
0
0.07309967
0.0833284
0.092744812
0.071736973
0.075971771
0.098808392
0.10974518
0.12453447
0.11711707
0.058182705
0.066507589
0.067973746
0.071736479
0.079821665
0.090821083
0.11280316
0.121957
0.13080263
0.13161346
0.14703526
0.13900755
0.043835868
0.053568395
0.054727956
0.06788895
0.090425255
0.1048404
0.11263381
0.057422806
0.063931532
0.069144889
0.080108966
0.069613404
0.098181463
0.097647116
0.11065547
0.13336493
0.12962942
0.13473944
0.14126326
0.14004443
0.14597658
0.14496394
0.15070274
0.1444106
0.15217258
0
0
0
0
0
0
0
0
0
0
0
0
0
0
0
0
0
0
0
0
0
0
0
0
0
0
0
0
0
0
0
0
0
0
0
0
0
0
0
0
0
0
0
0
0
0
0
0
0
0
0
0
0.13247492
0.13493523
0.12485986
0.11291249
0.13039795
0.13715628
0.14669845
0.16018186
0.16806197
0.17321734
0.18081515
0.18882802
0.1960397
0.20422468
0.15130298
0.16466086
0.11879189
0.14146359
0.1420856
0.15558157
0.16649024
0.14812354
0.13371672
0.15739214
0.16688933
0.13247169
0.13457648
0.1295563
0.13221423
0.12604162
0.18759822
0.18786666
0.18428848
0.14127239
0.15321791
0.12397236
0.19412706
0.19524014
0.19317417
0.16079369
0.16275767
0.13993396
0.21171257
0.18817587
0.20822536
0.16574233
0.17955214
0.15866616
0.15699855
0.20779214
0.19332914
0.21091212
0.1827455
0.18450346
0.16980288
0.17015627
0.21615108
0.20572231
0.2225882
0.18848813
0.19290183
0.17588393
0.17494278
0.18458324
0.21645078
0.20872603
0.22417015
0.20758977
0.19987577
0.19388418
0.18615448
0.19310208
0.22549146
0.22159149
0.23480287
0.21077747
0.20660056
0.20157294
0.19722653
0.19345404
0.20821248
0.22825872
0.2239663
0.23707234
0.22405508
0.21540948
0.22173898
0.20567454
0.20118977
0.21090637
0.22650351
0.2206159
0.23422769
0.22032067
0.21350342
0.22002602
0.20389066
0.19965012
0.20838079
0.15282389
0.13975862
0.15302479
0.14550283
0.15490702
0.16230937
0.16771994
0.16862485
0.1736698
0.17553978
0.18396913
0.18869161
0.15184169
0.21433528
0.19743521
0
0
0
0
0
0
0
0
0
0
0
0
0
0
0
0
0
0
0
0
0
0
0
0
0
0
0
0
0
0
0
0
0
0
0
0
0
0
0
0
0
0
0
0
0
0
0
0
0
0
0
0
0
0
0
0
0
0
0
0
0
0
0
0
0
0
0
0
0
0
0
0
0
0
0
0
0
0
0
0
0
0
0
0
0
0
0
0
0
0
0
0
0
0
0
0
0
0
0
0
0
0
0
0
0
0
0
0
0
0
0
0
0
0
0
0
0
0
0
0
0
0
0
0
0
0
0
0
0
0
0
0
0
0
0
0
0
0
0
0
0
0
0
0
0
0
0
0
0
0
0
0
0
0
0
0
0
0
0
0
0
0
0
0
0
0
0
0
0
0
0
0
0
0
0
0
0
0
0
0
0
0
0
0
0
0
0
0
0
0
0
0
0
0
0
0
0
0
0
0
0
0
0
0
0
0
0
0
0
0
0
0
0
0
0
0
0
0
0
0
0
0
0
0
0
0
0
0
0
0
0
0
0
0
0
0
0
0
0
0
0
0
0
0
0
0
0
0
0
0
0
0
0
0
0
0
0
0
0
0
0
0
0
0
0
0
0
0
0
0
0
0
0
0
0
0
0
0
0
0
0
0
0
0
0
0
0
0
0
0
0
0
0
0
0
0
0
0
0
0
0
0
0
0
0
0
0
0
0
0
0
0
0
0
0
0
0
0
0
0
0
0
0
0
0
0
0
0
0
0
0
0
0
0
0
0
0
0
0
0
0
0
0
0
0
0
0
0
0
0
0
0
0
0
0
0
0
0
0
0
0
0
0
0
0
0
0
0
0
0
0
0
0
0
0
0
0
0
0
0
0
0
0
0
0
0
0
0
0
0
0
0
0
0
0
0
0
0
0
0
0
0
0
0
0
0
0
0
0
0
0
0
0
0
0
0
0
0
0
0
0
0
0
0
0
0
0
0
0
0
0
0
0
0
0
0
0
0
0
0
0
0
0
0
0
0
0
0
0
0
0
0
0
0
0
0
0
0
0
0
0
0
0
0
0
0
0
0
0
0
0
0
0
0
0
0
0
0
0
0
0
0
0
0
0
0
0
0
0
0
0
0
0
0
0
0
0
0
0
0
0
0
0
0
0
0
0
0
0
0
0
0
0
0
0
0
0
0
0
0
0
0
0
0
0
0
0
0
0
0
0
0
0
0
0
0
0
0
0
0
0
0
0
0
0
0
0
0
0
0
0
0
0
0
0
0
0
0
0
0
0
0
0
0
0
0
0
0
0
0
0
0
0
0
0
0
0
0
0
0
0
0
0
0
0
0
0
0
0
0
0
0
0
0
0
0
0
0
0
0
0
0
0
0
0
0
0
0
0
0
0
0
0
0
0
0
0
0
0
0
0
0
0
0
0
0
0
0
0
0
0
0
0
0
0
0
0
0
0
0
0
0
0
0
0
0
0
0
0
0
0
0
0
0
0
0
0
0
0
0
0
0
0
0
0
0
0
0
0
0
0
0
0
0
0
0
0
0
0
0
0
0
0
0
0
0
0
0
0
0
0
0
0
0
0
0
0
0
0
0
0
0
0
0
0
0
0
0
0
0
0
0
0
0
0
0
0
0
0
0
0
0
0
0
0
0
0
0
0
0
0
0
0
0
0
0
0
0
0
0
0
0
0
0
0
0
0
0
0
0
0
0
0
0
0
0
0
0
0
0
0
0
0
0
0
0
0
0
0
0
0
0
0
0
0
0
0
0
0
0
0
0
0
0
0
0
0
0
0
0
0
0
0
0
0
0
0
0
0
0
0
0
0
0
0
0
0
0
0
0
0
0
0
0
0
0
0
0
0
0
0
0
0
0
0
0
0
0
0
0
0
0
0
0
0
0
0.21341893
0.20691524
0.18090323
0.16507284
0.15638885
0.14436755
0.12417947
0
0
0
0
0
0
0
0
0
0
0
0
0
0
0
0
0
0
0
0
0
0
0
0
0
0
0
0
0
0
0
0
0
0
0
0
0
0
0
0
0
0
0
0
0
0
0
0
0
0
0
0
0
0
0
0
0
0
0
0
0
0
0
0
0
0
0
0
0
0
0
0
0
0
0
0
0
0
0
0
0
0
0
0
0
0
0
0
0
0
0
0
0
0
0
0
0
0
0
0
0
0
0
0
0
0
0
0
0
0
0
0
0
0
0
0
0
0
0
0
0
0
0
0
0
0
0
0
0
0
0
0
0
0
0
0
0
0
0
0
0
0
0
0
0
0
0
0
0
0
0
0
0
0
0
0
0
0
0
0
0
0
0
0
0
0
0
0
0
0
0
0
0
0
0
0
0
0
0
0
0
0
0
0
0
0
0
0
0
0
0
0
0
0
0
0
0
0
0
0
0
0
0
0
0
0
0
0
0
0
0
0
0
0
0
0
0
0
0
0
0
0
0
0
0
0
0
0
0
0
0
0
0
0
0
0
0
0
0
0
0
0
0
0
0
0
0
0
0
0
0
0
0
0
0
0
0
0
0
0
0
0.078747627
0.07752259
0.079369108
0.078735012
0.07770293
0.07088557
0.077197735
0.07866536
0.077738345
0.079269422
0.081774015
0.079499268
0.16656912
0.16607535
0.14192126
0.11424929
0.0866477
0.076603788
0.18542495
0.16791117
0.14255418
0.12048636
0.091760187
0.073801159
0.18890091
0.1837341
0.15976711
0.14229464
0.12062577
0.087002488
0.2090907
0.18821484
0.16603989
0.15191934
0.13521218
0.095875093
0.21444664
0.20845088
0.18276118
0.1667488
0.15727746
0.14487012
0.1249781
0.11992826
0.1194025
0.098336224
0.077900049
0.064340375
0.074887068
0.068791819
0.12570636
0.10420172
0.080449912
0.070793798
0.075974544
0.073127976
0.13889946
0.12207031
0.098599113
0.076506182
0.0753482
0.073812709
0.14324015
0.12883212
0.10432412
0.080363315
0.075217487
0.070579456
0.16154989
0.13186638
0.14189391
0.11864996
0.13067322
0.13992924
0.15361411
0.17416071
0.14291529
0.17498758
0.17679778
0.13272329
0.082258979
0.11802508
0.15595745
0.14262767
0.13568884
0.12805147
0.13754047
0.13430671
0.14444431
0.1378708
0.12195595
0.13868258
0.14429708
0.13313582
0.13643054
0.13669511
0.14656694
0.14277022
0.12247583
0.13801593
0.14174819
0.1357003
0.13476208
0.14037461
0.15330173
0.14932403
0.13016294
0.15469433
0.14586431
0.12513647
0.093283801
0.077960237
0.070181149
0.142548
0.14197369
0.1384693
0.13901193
0.13483613
0.15240661
0.16335952
0.16390915
0.15319899
0.13132933
0.096258038
0.072556864
0.070117691
0.14671301
0.14570968
0.14021406
0.13838065
0.13843814
0.15776397
0.16924015
0.15343019
0.14033074
0.16280509
0.18525452
0.15902188
0.14141652
0.12828892
0.10529214
0.10941134
0.082940043
0.077294085
0.095033363
0.097373117
0.080949045
0.080000421
0.090109496
0.096503871
0.091005268
0.072831314
0.12217902
0.096972624
0.1224948
0.11727543
0.12045566
0.13941239
0.19640525
0.16830972
0.13798068
0.14854967
0.14332292
0.11731498
0.090556426
0.080251638
0.21578602
0.19031533
0.16286582
0.17067019
0.15025889
0.12353798
0.096507538
0.082998843
0.21717399
0.19674364
0.16971556
0.17301443
0.17229937
0.14467634
0.11580827
0.088762466
0.079992084
0.17874817
0.16740856
0.14713202
0.10722935
0.092218416
0.062836793
0.0681855
0.15164913
0.14482432
0.14171304
0.13793054
0.15653939
0.17569149
0.18693464
0.17786557
0.1453088
0.10753025
0.089247888
0.063034211
0.068247459
0.15490722
0.1494776
0.14379147
0.14102794
0.15969046
0.18085365
0.19567024
0.18998123
0.17752504
0.11743261
0.085427449
0.068997692
0.06879657
0.15440569
0.15065021
0.14402841
0.14773915
0.1803449
0.20207066
0.19733141
0.18798625
0.11853634
0.1044022
0.079563831
0.068838384
0.15678413
0.1524962
0.14781834
0.15010937
0.18318818
0.22044557
0.21001096
0.18524343
0.21846809
0.20906555
0.18755406
0.22091884
0.20709225
0.22391804
0.2110977
0.22684649
0.2196535
0.22575742
0.2186773
0.1836569
0.17127497
0.19773022
0.20825557
0.21283168
0.21577696
0
0
0
0
0
0
0
0
0
0
0
0
0
0
0
0
0
0
0
0
0
0
0
0
0
0
0
0
0
0
0
0
0
0
0
0
0
0
0
0
0
0
0
0
0
0
0
0
0
0
0
0
0
0
0
0
0
0
0
0
0
0
0
0
0
0
0
0
0
0
0
0
0
0
0
0
0
0
0
0
0
0
0
0
0
0
0
0
0
0
0
0
0
0
0
0
0
0
0
0
0
0
0
0
0
0
0
0
0
0
0
0
0
0
0
0
0
0
0
0
0
0
0
0
0
0
0
0
0
0
0
0
0
0
0
0
0
0
0
0
0
0
0
0
0
0.10167382
0.05592247
0.048856744
0.051242021
0.051327143
0.034399177
0.031853583
0.049975518
0.065425795
0.045362057
0.056516525
0.041824457
0.082448372
0.07297453
0.068172138
0.080116412
0.081508191
0.074067987
0.058396554
0.06982896
0.04697751
0.098613697
0.10346752
0.094954609
0.11164694
0.1184918
0.11483863
0.12325382
0.11291046
0.10718917
0.1261412
0.10009777
0.10831523
0.11005633
0.11574752
0.12890397
0.069860468
0.072732907
0.094597361
0.052142337
0.060923668
0.081713235
0.060835582
0.075216731
0.030789105
0.037336877
0.048234836
0.03789415
0.050711224
0.060600698
0.076611669
0.097323124
0.11625017
0.12235675
0.12160676
0.10934744
0.098779484
0.061054829
0.069230549
0.044424749
0.052802299
0.057459256
0.052182748
0.056864272
0.059357876
0.071370052
0.08951347
0.10669234
0.12429322
0.12859414
0.12797861
0.12142726
0.06489752
0.071681217
0.060485936
0.062060693
0.064577467
0.063587273
0.066062659
0.068178523
0.07614964
0.090528127
0.10669334
0.12192213
0.13197296
0.13378606
0.13442297
0.069416977
0.071463736
0.068213792
0.068188658
0.066831368
0.070873418
0.071316718
0.071775217
0.076610008
0.086218716
0.099525349
0.11148562
0.12794516
0.13535688
0.13977456
0.13917866
0.070828949
0.071681335
0.072134057
0.070265252
0.068598334
0.073461532
0.074933809
0.076423679
0.080029452
0.087378827
0.098646381
0.11057034
0.12411212
0.13442534
0.14283467
0.15121603
0.071289605
0.069632136
0.072399789
0.070017258
0.070547725
0.075762922
0.077031184
0.078279838
0.080431853
0.083956878
0.093205556
0.105282
0.11766081
0.13060196
0.1406024
0.15361356
0.15270064
0.069266949
0.074397803
0.071778102
0.070809324
0.075719882
0.079101244
0.080307085
0.081976829
0.08502886
0.093660536
0.10542049
0.11825259
0.12994531
0.14207259
0.15550446
0.15927691
0.068959679
0.073692191
0.072200839
0.069478706
0.077700417
0.080005123
0.081855589
0.082149652
0.084339055
0.090718817
0.10193755
0.11258441
0.12604227
0.13919585
0.15471413
0.16348788
0.16082301
0.075702627
0.07312065
0.070621018
0.076704595
0.081223831
0.083058892
0.083518876
0.08584897
0.092030566
0.10302633
0.11430339
0.12677247
0.14146565
0.15594161
0.16541931
0.16255248
0.05323692
0.05339773
0.036976418
0.063796652
0.056990231
0.071853968
0.071255383
0.085737697
0.085149727
0.096387552
0.099529681
0.055553545
0.070194972
0.084558465
0.096370656
0.11176743
0.04511069
0.062116503
0.072981569
0.087850438
0.098185118
0.10394236
0.051303605
0.063415166
0.072108495
0.080483781
0.093989405
0.094846323
0.090248391
0.058491585
0.066977593
0.074691216
0.081264824
0.084218321
0.08242525
0.096037845
0.062111717
0.072286377
0.067565643
0.079771989
0.083897306
0.083227983
0.089488816
0.11197812
0.063720588
0.073149263
0.068562923
0.080694021
0.085602435
0.086387025
0.09308894
0.12125102
0.06444079
0.081828947
0.072250186
0.068586878
0.088323873
0.08996142
0.089229699
0.11497788
0.1343963
0.065139178
0.084538451
0.074597287
0.070026529
0.091597444
0.094268841
0.09503113
0.11961937
0.14674068
0.064170749
0.11360778
0.11629547
0.11698131
0.080797641
0.074468792
0.088739658
0.10290223
0.11794845
0.13260558
0.1478516
0.11705472
0.11746416
0.1034956
0.06116191
0.060762567
0.066444904
0.075995998
0.091252513
0.094449075
0.084543272
0.074789645
0.070245958
0.097640045
0.093987138
0.11898672
0.15478608
0.065405361
0.048698033
0.035951514
0.052606641
0.044055743
0.061674374
0.065641185
0.060640931
0.07417395
0.069111771
0.075825299
0.071993119
0.077320502
0.078658308
0.080972136
0.081902727
0.07945193
0.084155458
0.084135001
0.082046654
0.051440741
0.040241023
0.066349531
0.07417505
0.079670689
0.081827848
0.055046099
0.04656377
0.065983719
0.072895411
0.077035609
0.055775446
0.06142627
0.06858707
0.073881354
0.076090216
0.06015105
0.062245586
0.066481631
0.071692403
0.072216232
0.061588258
0.063137442
0.065737095
0.072026189
0.0701198
0.062047049
0.061898262
0.06398004
0.069808307
0.071778781
0.061300692
0.062049372
0.067341617
0.073546889
0.085487471
0.061473678
0.061750688
0.069016361
0.079218548
0.094188441
0
0
0
0
0
0
0
0
0
0
0
0
0
0
0
0
0
0
0
0
0
0
0
0
0
0
0
0
0
0
0
0
0
0
0
0
0
0
0
0
0
0
0
0
0
0
0
0
0
0
0
0
0
0
0
0
0
0
0
0
0
0
0
0
0
0
0
0
0
0
0
0
0
0
0
0
0
0
0
0
0
0
0
0
0
0
0
0
0
0
0
0
0
0
0
0
0
0
0
0
0
0
0
0
0
0
0
0
0
0
0
0
0
0
0
0
0
0
0
0
0
0
0
0
0
0
0
0
0
0
0
0
0
0
0
0
0
0
0
0
0
0
0
0
0
0
0
0
0
0
0
0
0
0
0
0
0
0
0
0
0
0
0
0
0
0
0
0
0
0
0
0
0
0
0
0
0
0
0
0
0
0
0
0
0
0
0
0
0
0
0
0
0
0
0
0
0
0
0
0
0
0
0
0
0
0
0
0
0
0
0
0
0
0
0
0
0
0
0
0
0
0
0
0
0
0
0
0
0
0
0
0
0
0
0
0
0
0
0
0
0
0
0
0
0
0
0
0
0
0
0
0
0
0
0
0
0
0
0
0
0
0
0
0
0
0
0
0
0
0
0
0
0
0
0
0
0
0
0
0
0
0
0
0
0
0
0
0
0
0
0.091775422
0.10200462
0.080457123
0.077782503
0.099509029
0.11044734
0.12521909
0.11778378
0.1315537
0.13222897
0.081476566
0.076981649
0.080801789
0.083501667
0.092871946
0.11409691
0.12279372
0.13965349
0.15960581
0.14999225
0.069787265
0.070694423
0.087442036
0.10493059
0.1142972
0.067852505
0.073617443
0.074516196
0.082327185
0.077890535
0.11576978
0.10999304
0.1433023
0.15751749
0.13636841
0.14418603
0.1440956
0.1502783
0.14795074
0.1533816
0.14597099
0.15267672
0.15297015
0
0
0
0
0
0
0
0
0
0
0
0
0
0
0
0
0
0
0
0
0
0
0
0
0
0
0
0
0
0
0
0
0
0
0
0
0
0
0
0
0
0
0
0
0
0.13837676
0.14454631
0.15831092
0.14860294
0.16263339
0.17097305
0.17681404
0.18316682
0.19081422
0.19797782
0.20592994
0.21657395
0.15771355
0.18636926
0.1250366
0.16267313
0.15376551
0.18897234
0.1493391
0.14772213
0.16553926
0.16805884
0.18689243
0.14063844
0.14082833
0.14044704
0.15099223
0.15647015
0.12513948
0.19520192
0.1976351
0.19239638
0.16014369
0.16615834
0.14066298
0.21600207
0.18830288
0.21135267
0.1668811
0.18263184
0.16106544
0.15848344
0.21164332
0.19458875
0.2157542
0.18440072
0.18810863
0.17206817
0.17192237
0.22051754
0.20865511
0.22894255
0.19001682
0.19642971
0.17781607
0.17668946
0.18621378
0.21907266
0.21150315
0.22928684
0.21045555
0.2031906
0.1955138
0.18770203
0.19487296
0.22771421
0.22584369
0.23934145
0.21431885
0.20932554
0.20298191
0.19872095
0.19497357
0.21132078
0.23043003
0.22785177
0.24058063
0.22870797
0.21705023
0.22313357
0.20745618
0.20303943
0.2139774
0.23345542
0.24044885
0.24381866
0.22955286
0.23149819
0.23172948
0.22252763
0.20667798
0.21225291
0.22602015
0.23224717
0.23669874
0.24155296
0.224826
0.22854427
0.22941741
0.22027806
0.2044949
0.20963337
0.22226733
0.16013121
0.15660541
0.16388454
0.1734596
0.158007
0.16695853
0.17296632
0.17356445
0.17645401
0.17744334
0.18531682
0.18953331
0.19908312
0.16733377
0.22572253
0.19560511
0
0
0
0
0
0
0
0
0
0
0
0
0
0
0
0
0
0
0
0
0
0
0
0
0
0
0
0
0
0
0
0
0
0
0
0
0
0
0
0
0
0
0
0
0
0
0
0
0
0
0
0
0
0
0
0
0
0
0
0
0
0
0
0
0
0
0
0
0
0
0
0
0
0
0
0
0
0
0
0
0
0
0
0
0
0
0
0
0
0
0
0
0
0
0
0
0
0
0
0
0
0
0
0
0
0
0
0
0
0
0
0
0
0
0
0
0
0
0
0
0
0
0
0
0
0
0
0
0
0
0
0
0
0
0
0
0
0
0
0
0
0
0
0
0
0
0
0
0
0
0
0
0
0
0
0
0
0
0
0
0
0
0
0
0
0
0
0
0
0
0
0
0
0
0
0
0
0
0
0
0
0
0
0
0
0
0
0
0
0
0
0
0
0
0
0
0
0
0
0
0
0
0
0
0
0
0
0
0
0
0
0
0
0
0
0
0
0
0
0
0
0
0
0
0
0
0
0
0
0
0
0
0
0
0
0
0
0
0
0
0
0
0
0
0
0
0
0
0
0
0
0
0
0
0
0
0
0
0
0
0
0
0
0
0
0
0
0
0
0
0
0
0
0
0
0
0
0
0
0
0
0
0
0
0
0
0
0
0
0
0
0
0
0
0
0
0
0
0
0
0
0
0
0
0
0
0
0
0
0
0
0
0
0
0
0
0
0
0
0
0
0
0
0
0
0
0
0
0
0
0
0
0
0
0
0
0
0
0
0
0
0
0
0
0
0
0
0
0
0
0
0
0
0
0
0
0
0
0
0
0
0
0
0
0
0
0
0
0
0
0
0
0
0
0
0
0
0
0
0
0
0
0
0
0
0
0
0
0
0
0
0
0
0
0
0
0
0
0
0
0
0
0
0
0
0
0
0
0
0
0
0
0
0
0
0
0
0
0
0
0
0
0
0
0
0
0
0
0
0
0
0
0
0
0
0
0
0
0
0
0
0
0
0
0
0
0
0
0
0
0
0
0
0
0
0
0
0
0
0
0
0
0
0
0
0
0
0
0
0
0
0
0
0
0
0
0
0
0
0
0
0
0
0
0
0
0
0
0
0
0
0
0
0
0
0
0
0
0
0
0
0
0
0
0
0
0
0
0
0
0
0
0
0
0
0
0
0
0
0
0
0
0
0
0
0
0
0
0
0
0
0
0
0
0
0
0
0
0
0
0
0
0
0
0
0
0
0
0
0
0
0
0
0
0
0
0
0
0
0
0
0
0
0
0
0
0
0
0
0
0
0
0
0
0
0
0
0
0
0
0
0
0
0
0
0
0
0
0
0
0
0
0
0
0
0
0
0
0
0
0
0
0
0
0
0
0
0
0
0
0
0
0
0
0
0
0
0
0
0
0
0
0
0
0
0
0
0
0
0
0
0
0
0
0
0
0
0
0
0
0
0
0
0
0
0
0
0
0
0
0
0
0
0
0
0
0
0
0
0
0
0
0
0
0
0
0
0
0
0
0
0
0
0
0
0
0
0
0
0
0
0
0
0
0
0
0
0
0
0
0
0
0
0
0
0
0
0
0
0
0
0
0
0
0
0
0
0
0
0
0
0
0
0
0
0
0
0
0
0
0
0
0
0
0
0
0
0
0
0
0
0
0
0
0
0
0
0
0
0
0
0
0
0
0
0
0
0
0
0
0
0
0
0
0
0
0
0
0.22293912
0.21185521
0.18703334
0.1740918
0.16565633
0.16104506
0.13476682
0
0
0
0
0
0
0
0
0
0
0
0
0
0
0
0
0
0
0
0
0
0
0
0
0
0
0
0
0
0
0
0
0
0
0
0
0
0
0
0
0
0
0
0
0
0
0
0
0
0
0
0
0
0
0
0
0
0
0
0
0
0
0
0
0
0
0
0
0
0
0
0
0
0
0
0
0
0
0
0
0
0
0
0
0
0
0
0
0
0
0
0
0
0
0
0
0
0
0
0
0
0
0
0
0
0
0
0
0
0
0
0
0
0
0
0
0
0
0
0
0
0
0
0
0
0
0
0
0
0
0
0
0
0
0
0
0
0
0
0
0
0
0
0
0
0
0
0
0
0
0
0
0
0
0
0
0
0
0
0
0
0
0
0
0
0
0
0
0
0
0
0
0
0
0
0
0
0
0
0
0
0
0
0
0
0
0
0
0
0
0
0
0
0
0
0
0
0
0
0
0
0
0
0
0
0
0
0
0
0
0
0
0
0
0
0
0
0
0
0
0
0
0
0
0
0
0
0
0
0
0
0
0.08161204
0.080912933
0.082830249
0.074136568
0.08080496
0.082964546
0.081348164
0.08466925
0.082574555
0.19014076
0.17516481
0.14702057
0.12250064
0.093307529
0.076327794
0.1928982
0.18812915
0.16416627
0.14412372
0.12094607
0.088554272
0.20996618
0.19081793
0.16952414
0.15338185
0.13565101
0.097238156
0.2155667
0.21030136
0.18494218
0.16863878
0.15789533
0.14524516
0.12583192
0.22396174
0.21403155
0.18945372
0.17617047
0.16711772
0.16208495
0.13548947
0.11565111
0.14916303
0.13003479
0.10882269
0.084504922
0.07888685
0.074103351
0.14487728
0.12767159
0.10517679
0.081409017
0.077605991
0.076346143
0.14936241
0.13476911
0.11145708
0.085936851
0.078214188
0.07263271
0.15945826
0.1520984
0.13208572
0.10048688
0.082734886
0.072163094
0.13968988
0.15143084
0.12957151
0.14234869
0.16735205
0.14305649
0.17291164
0.18520389
0.19393348
0.15346835
0.18109661
0.18889249
0.18078077
0.18184335
0.14379102
0.089541088
0.13603902
0.13068788
0.17407502
0.14865902
0.15125605
0.13609733
0.13959893
0.14497171
0.1557525
0.14889446
0.12813611
0.1444295
0.14854696
0.14088888
0.14043406
0.14665101
0.15993482
0.15357077
0.13342578
0.14668505
0.14715003
0.14421886
0.14758077
0.1406154
0.15675795
0.16932087
0.1687991
0.15878096
0.13828302
0.10252484
0.076248669
0.071420663
0.14914875
0.14815472
0.14532646
0.14615585
0.14482697
0.16088276
0.17520928
0.18525017
0.16983645
0.15304982
0.11290782
0.098042433
0.063821308
0.068867443
0.15327633
0.14668845
0.14677388
0.14380326
0.16060475
0.18006042
0.1797722
0.15741898
0.19627343
0.15707129
0.17010773
0.13700331
0.13967416
0.12428154
0.082213468
0.10048096
0.10628741
0.11846194
0.090917265
0.08542412
0.08972788
0.081915123
0.085391255
0.079659103
0.12878462
0.10463997
0.13619734
0.14456015
0.12605217
0.13404647
0.14879238
0.15097706
0.21903335
0.19096843
0.161809
0.1725392
0.15189286
0.12430548
0.097314617
0.085312086
0.22177619
0.19876848
0.17171032
0.17800578
0.17721483
0.14612348
0.11653247
0.091454696
0.084165277
0.22547589
0.21353446
0.18920297
0.19650156
0.18206706
0.15137113
0.12433177
0.095860183
0.080344957
0.19193869
0.18083278
0.14848024
0.11209628
0.092214179
0.063528337
0.069049028
0.15597861
0.15112503
0.1460701
0.14397726
0.16434992
0.18604382
0.19838293
0.19421359
0.17897424
0.11946687
0.086274645
0.069772258
0.069971929
0.15573382
0.15329112
0.14660188
0.15008497
0.18348731
0.20427183
0.19942419
0.18978552
0.11935468
0.10527648
0.080511896
0.070177877
0.1581676
0.15535541
0.15071678
0.15238781
0.18490357
0.20929286
0.21419695
0.20327017
0.15082095
0.11550646
0.081813961
0.10671627
0.067116522
0.15810242
0.15371448
0.14276237
0.17961404
0.22296915
0.21089945
0.19138711
0.22265107
0.20803319
0.22544901
0.21199579
0.22793672
0.22057751
0.2251247
0.22388033
0.19602095
0.20684044
0.21580324
0.22005705
0
0
0
0
0
0
0
0
0
0
0
0
0
0
0
0
0
0
0
0
0
0
0
0
0
0
0
0
0
0
0
0
0
0
0
0
0
0
0
0
0
0
0
0
0
0
0
0
0
0
0
0
0
0
0
0
0
0
0
0
0
0
0
0
0
0
0
0
0
0
0
0
0
0
0
0
0
0
0
0
0
0
0
0
0
0
0
0
0
0
0
0
0
0
0
0
0
0
0
0
0
0
0
0
0
0
0
0
0
0
0
0
0
0
0
0
0
0
0
0
0
0
0
0
0
0
0.062573144
0.050308901
0.054054799
0.033604182
0.057627507
0.032358469
0.049731534
0.070540757
0.045384789
0.058448637
0.059083541
0.040018468
0.082583554
0.079911176
0.090451483
0.080446087
0.096438528
0.079872891
0.067750104
0.070607123
0.076259797
0.050845701
0.10055748
0.11236549
0.099773459
0.12110084
0.12202692
0.13463005
0.11993879
0.119643
0.11683139
0.125232
0.12953161
0.11158658
0.12108548
0.11768623
0.12290428
0.13231407
0.1253492
0.13687876
0.13534847
0.08357578
0.093860957
0.10973323
0.077531449
0.09956672
0.059402068
0.071698804
0.033952627
0.043450969
0.052290832
0.043380545
0.049819527
0.058462272
0.074781947
0.091218003
0.11152662
0.13020279
0.13226949
0.13039054
0.12372752
0.062569187
0.073138431
0.049796911
0.053125952
0.057694097
0.054491292
0.059816482
0.064248099
0.075955878
0.09283516
0.11234564
0.12784326
0.13627371
0.13623136
0.13802558
0.06566218
0.071847952
0.06052017
0.062352911
0.062136738
0.065230339
0.066580736
0.06742448
0.074746853
0.08692242
0.104074
0.11675494
0.13343783
0.13879263
0.14165453
0.14188784
0.06936735
0.073000296
0.067547443
0.066433924
0.065546864
0.06942024
0.071519915
0.07374989
0.078978784
0.087907146
0.10212831
0.11433274
0.12806299
0.13811015
0.14475601
0.15492067
0.070510872
0.07012342
0.069906047
0.067855453
0.069560283
0.073263032
0.074599819
0.076426671
0.079581577
0.083836661
0.094332313
0.10777575
0.1202252
0.13458609
0.14216625
0.15511811
0.15448771
0.06991703
0.072843724
0.070495004
0.070292346
0.074114023
0.077738978
0.079293164
0.081546983
0.084960471
0.094322601
0.10685399
0.12012342
0.1328007
0.14324419
0.15633593
0.16067208
0.069724678
0.072721442
0.071846953
0.069451063
0.076721457
0.079146588
0.081163554
0.081795969
0.084189568
0.090924844
0.10320466
0.11438849
0.12843514
0.14015798
0.15524124
0.16403187
0.16163563
0.075153797
0.072946241
0.070710513
0.076110196
0.080754162
0.082685935
0.08328091
0.085732474
0.092167665
0.10398673
0.11578074
0.12838614
0.142339
0.1565854
0.16587744
0.16379517
0.073890501
0.073048411
0.068259445
0.077914721
0.082684683
0.079198141
0.083695853
0.085586981
0.090539919
0.099512482
0.11254032
0.12539195
0.14158047
0.15360572
0.16649882
0.17036427
0.16651744
0.054280834
0.043946767
0.066468978
0.067005567
0.071998039
0.056187365
0.077981448
0.08648103
0.090445659
0.10091676
0.1064862
0.11964934
0.062391419
0.075335567
0.090696562
0.1038079
0.11220737
0.049112047
0.063266636
0.07441834
0.084460516
0.099123635
0.10217471
0.094755143
0.05729489
0.067886389
0.077553244
0.085816613
0.090177304
0.086805514
0.099016589
0.061984209
0.075497882
0.068756101
0.083676434
0.088472462
0.088164009
0.09231495
0.11370888
0.064236397
0.075967771
0.070255505
0.082838529
0.08896294
0.090093954
0.096472689
0.12239911
0.065324114
0.083310159
0.074062196
0.069664329
0.090417737
0.092790953
0.091926654
0.11597342
0.1353738
0.065959722
0.085771933
0.075683477
0.070828922
0.093504471
0.097016689
0.097440569
0.1210095
0.14747729
0.064719609
0.096078357
0.085807288
0.075577981
0.070978369
0.099742356
0.096210951
0.11983722
0.15545758
0.065921074
0.11732614
0.12516875
0.092000493
0.080517486
0.091022523
0.10444421
0.11899814
0.13357587
0.1488404
0.16029656
0.12198062
0.11245744
0.060397432
0.064318491
0.08545386
0.094838736
0.12116222
0.10024123
0.088081933
0.077155023
0.072393976
0.10645473
0.10615142
0.12861507
0.17129239
0.1587661
0.0659498
0.050908286
0.043053676
0.05331879
0.053281276
0.065913309
0.067958771
0.07567528
0.075664017
0.079702208
0.082241768
0.081972336
0.082028022
0.08516898
0.086017975
0.087437823
0.084445431
0.055012093
0.04592997
0.067658378
0.07477543
0.079510033
0.053225113
0.061286894
0.070381912
0.076745452
0.079494205
0.058963832
0.062270625
0.068631926
0.075601484
0.076132571
0.061374972
0.064071408
0.068964366
0.077361286
0.07422923
0.062337944
0.06270833
0.066393001
0.075523007
0.07644934
0.061588526
0.06334476
0.070134808
0.078426877
0.088130393
0.061834703
0.063023234
0.072144133
0.083055835
0.097653744
0.060829467
0.066243455
0.087867996
0.097990003
0.12237788
0
0
0
0
0
0
0
0
0
0
0
0
0
0
0
0
0
0
0
0
0
0
0
0
0
0
0
0
0
0
0
0
0
0
0
0
0
0
0
0
0
0
0
0
0
0
0
0
0
0
0
0
0
0
0
0
0
0
0
0
0
0
0
0
0
0
0
0
0
0
0
0
0
0
0
0
0
0
0
0
0
0
0
0
0
0
0
0
0
0
0
0
0
0
0
0
0
0
0
0
0
0
0
0
0
0
0
0
0
0
0
0
0
0
0
0
0
0
0
0
0
0
0
0
0
0
0
0
0
0
0
0
0
0
0
0
0
0
0
0
0
0
0
0
0
0
0
0
0
0
0
0
0
0
0
0
0
0
0
0
0
0
0
0
0
0
0
0
0
0
0
0
0
0
0
0
0
0
0
0
0
0
0
0
0
0
0
0
0
0
0
0
0
0
0
0
0
0
0
0
0
0
0
0
0
0
0
0
0
0
0
0
0
0
0
0
0
0
0
0
0
0
0
0
0
0
0
0
0
0
0
0
0
0
0
0
0
0
0
0
0
0
0
0
0
0
0
0
0
0
0
0
0
0
0
0
0
0
0
0
0
0.10998574
0.09230201
0.08152011
0.10085332
0.11145786
0.12627492
0.11860186
0.13270593
0.13297052
0.14035649
0.0882419
0.08999337
0.088867489
0.096396165
0.11639946
0.1242661
0.15101184
0.17332487
0.16502078
0.081144453
0.092567602
0.086062546
0.10447907
0.11612654
0.085829165
0.08732257
0.12464533
0.1302189
0.1644781
0.16873304
0.16812996
0.14709395
0.14799746
0.15577475
0.15258521
0.15735768
0.14820922
0.15376573
0.15372958
0.16899638
0
0
0
0
0
0
0
0
0
0
0
0
0
0
0
0
0
0
0
0
0
0
0
0
0
0
0
0
0
0
0
0
0
0
0
0
0
0
0
0
0
0
0
0
0.14466459
0.14419634
0.16523145
0.17267961
0.16496623
0.1739486
0.1813921
0.18688847
0.19381484
0.20079392
0.20766201
0.21851676
0.22809148
0.1883204
0.19557241
0.17863962
0.19578113
0.20059952
0.1540983
0.14274065
0.1765839
0.18129077
0.19283625
0.19139371
0.14749079
0.15866502
0.14514676
0.16696612
0.15279486
0.17430496
0.17139702
0.14097165
0.22125207
0.18815606
0.21362583
0.16734924
0.18560251
0.16401615
0.15977735
0.21561324
0.19574134
0.22019128
0.18629275
0.19177812
0.17516717
0.17438297
0.22630402
0.21226794
0.23694598
0.19199109
0.20132386
0.18036454
0.17907703
0.18837812
0.22320177
0.21515866
0.23714819
0.21398111
0.20762945
0.19776136
0.18985343
0.19726843
0.23127773
0.23189486
0.24671173
0.21911833
0.21324829
0.20483941
0.20066456
0.19702263
0.21576549
0.23377439
0.23368992
0.24578911
0.23584196
0.21920854
0.2250091
0.20952505
0.2055569
0.2188955
0.23485992
0.24533024
0.24662392
0.23575152
0.23420197
0.23399261
0.22485572
0.20957254
0.21570372
0.23081702
0.2372478
0.24574034
0.2487445
0.24906319
0.24459101
0.24987124
0.23311621
0.21397826
0.21832883
0.23228756
0.23570712
0.24134918
0.24596266
0.24355228
0.24126459
0.24632649
0.22995241
0.21066183
0.21429069
0.22784817
0.16634036
0.18232872
0.17222715
0.17851095
0.17986861
0.1811935
0.18069453
0.18696061
0.19082353
0.20044518
0.19729204
0.17810756
0.23635195
0.20678356
0
0
0
0
0
0
0
0
0
0
0
0
0
0
0
0
0
0
0
0
0
0
0
0
0
0
0
0
0
0
0
0
0
0
0
0
0
0
0
0
0
0
0
0
0
0
0
0
0
0
0
0
0
0
0
0
0
0
0
0
0
0
0
0
0
0
0
0
0
0
0
0
0
0
0
0
0
0
0
0
0
0
0
0
0
0
0
0
0
0
0
0
0
0
0
0
0
0
0
0
0
0
0
0
0
0
0
0
0
0
0
0
0
0
0
0
0
0
0
0
0
0
0
0
0
0
0
0
0
0
0
0
0
0
0
0
0
0
0
0
0
0
0
0
0
0
0
0
0
0
0
0
0
0
0
0
0
0
0
0
0
0
0
0
0
0
0
0
0
0
0
0
0
0
0
0
0
0
0
0
0
0
0
0
0
0
0
0
0
0
0
0
0
0
0
0
0
0
0
0
0
0
0
0
0
0
0
0
0
0
0
0
0
0
0
0
0
0
0
0
0
0
0
0
0
0
0
0
0
0
0
0
0
0
0
0
0
0
0
0
0
0
0
0
0
0
0
0
0
0
0
0
0
0
0
0
0
0
0
0
0
0
0
0
0
0
0
0
0
0
0
0
0
0
0
0
0
0
0
0
0
0
0
0
0
0
0
0
0
0
0
0
0
0
0
0
0
0
0
0
0
0
0
0
0
0
0
0
0
0
0
0
0
0
0
0
0
0
0
0
0
0
0
0
0
0
0
0
0
0
0
0
0
0
0
0
0
0
0
0
0
0
0
0
0
0
0
0
0
0
0
0
0
0
0
0
0
0
0
0
0
0
0
0
0
0
0
0
0
0
0
0
0
0
0
0
0
0
0
0
0
0
0
0
0
0
0
0
0
0
0
0
0
0
0
0
0
0
0
0
0
0
0
0
0
0
0
0
0
0
0
0
0
0
0
0
0
0
0
0
0
0
0
0
0
0
0
0
0
0
0
0
0
0
0
0
0
0
0
0
0
0
0
0
0
0
0
0
0
0
0
0
0
0
0
0
0
0
0
0
0
0
0
0
0
0
0
0
0
0
0
0
0
0
0
0
0
0
0
0
0
0
0
0
0
0
0
0
0
0
0
0
0
0
0
0
0
0
0
0
0
0
0
0
0
0
0
0
0
0
0
0
0
0
0
0
0
0
0
0
0
0
0
0
0
0
0
0
0
0
0
0
0
0
0
0
0
0
0
0
0
0
0
0
0
0
0
0
0
0
0
0
0
0
0
0
0
0
0
0
0
0
0
0
0
0
0
0
0
0
0
0
0
0
0
0
0
0
0
0
0
0
0
0
0
0
0
0
0
0
0
0
0
0
0
0
0
0
0
0
0
0
0
0
0
0
0
0
0
0
0
0
0
0
0
0
0
0
0
0
0
0
0
0
0
0
0
0
0
0
0
0
0
0
0
0
0
0
0
0
0
0
0
0
0
0
0
0
0
0
0
0
0
0
0
0
0
0
0
0
0
0
0
0
0
0
0
0
0
0
0.22747195
0.21722893
0.19046206
0.17567095
0.17420626
0.16560399
0
0
0
0
0
0
0
0
0
0
0
0
0
0
0
0
0
0
0
0
0
0
0
0
0
0
0
0
0
0
0
0
0
0
0
0
0
0
0
0
0
0
0
0
0
0
0
0
0
0
0
0
0
0
0
0
0
0
0
0
0
0
0
0
0
0
0
0
0
0
0
0
0
0
0
0
0
0
0
0
0
0
0
0
0
0
0
0
0
0
0
0
0
0
0
0
0
0
0
0
0
0
0
0
0
0
0
0
0
0
0
0
0
0
0
0
0
0
0
0
0
0
0
0
0
0
0
0
0
0
0
0
0
0
0
0
0
0
0
0
0
0
0
0
0
0
0
0
0
0
0
0
0
0
0
0
0
0
0
0
0
0
0
0
0
0
0
0
0
0
0
0
0
0
0
0
0
0
0
0
0
0
0
0
0
0
0
0
0
0
0
0
0
0
0
0
0
0
0
0
0
0
0
0
0
0
0
0
0
0.082956799
0.078898604
0.085986096
0.088886927
0.088305195
0.086127089
0.1987278
0.19471537
0.17019658
0.14716895
0.12166529
0.090715044
0.21138284
0.19454291
0.17493525
0.15582961
0.13589944
0.099432163
0.21691017
0.2127716
0.18841068
0.17210647
0.15861695
0.14541135
0.1269299
0.22518494
0.21676923
0.19228271
0.17860599
0.16854533
0.16263682
0.13645597
0.22877801
0.21868679
0.19238799
0.17778107
0.1762384
0.16729646
0.16341491
0.15085985
0.13296894
0.12685798
0.11095583
0.15698851
0.14151431
0.11899649
0.091796954
0.081088091
0.075769882
0.1659818
0.15969143
0.14008512
0.10874865
0.087817579
0.074891257
0.17646602
0.16623652
0.14701452
0.11042537
0.081077492
0.073480991
0.15835879
0.13835975
0.1612204
0.15298898
0.17382654
0.20051443
0.16595364
0.18988067
0.15658782
0.14552848
0.13612577
0.15432538
0.15647713
0.14499126
0.14465237
0.15491861
0.16998036
0.16000489
0.13983618
0.15411749
0.15539336
0.15007426
0.15347464
0.14805655
0.16358573
0.17777231
0.15423573
0.15350447
0.15150877
0.1550837
0.15376971
0.16594658
0.18432527
0.19561535
0.17357506
0.16025963
0.12078016
0.10443494
0.065428055
0.069957293
0.15666889
0.14998273
0.15338543
0.1535153
0.16666838
0.18651553
0.19937209
0.18480207
0.15302179
0.11849945
0.095871723
0.064249656
0.070148397
0.15788265
0.15370949
0.14951686
0.14854115
0.17130562
0.19375162
0.18577605
0.19562075
0.22064355
0.19213039
0.16251956
0.17529804
0.16357837
0.14465551
0.14681487
0.086282679
0.09884239
0.12092954
0.10340015
0.12600694
0.099162996
0.098770827
0.085501055
0.089117889
0.090511021
0.088286794
0.096646595
0.083731058
0.13513657
0.12603453
0.15289963
0.13175692
0.15359495
0.15596683
0.15736556
0.17487942
0.22726034
0.20119139
0.17157719
0.1813214
0.18067746
0.14693145
0.1167882
0.093532872
0.088765461
0.2312167
0.21787106
0.19163949
0.20271265
0.18710234
0.15393467
0.12525465
0.099138778
0.085570753
0.22880309
0.21449559
0.19638055
0.20561086
0.20229531
0.17612918
0.15038341
0.12278441
0.09428355
0.079605433
0.20284203
0.19974901
0.18067749
0.12234557
0.087053444
0.070533569
0.071697086
0.15750517
0.15649514
0.15020062
0.15381664
0.18854904
0.20683576
0.20193337
0.19178872
0.12010056
0.10609801
0.081252757
0.072174803
0.15989866
0.1589845
0.15445337
0.15507893
0.18670598
0.21110198
0.21673466
0.20563277
0.15170716
0.11655774
0.082786534
0.10783761
0.067607912
0.15997831
0.15817005
0.14547995
0.18161076
0.21761623
0.22503359
0.21498258
0.16437821
0.15194208
0.097011207
0.12781562
0.16297142
0.15590059
0.14518368
0.18364874
0.22602491
0.20986692
0.22791882
0.21336687
0.22953627
0.22193683
0.22633063
0.23201039
0.2307171
0.20204651
0.21795983
0.22451775
0
0
0
0
0
0
0
0
0
0
0
0
0
0
0
0
0
0
0
0
0
0
0
0
0
0
0
0
0
0
0
0
0
0
0
0
0
0
0
0
0
0
0
0
0
0
0
0
0
0
0
0
0
0
0
0
0
0
0
0
0
0
0
0
0
0
0
0
0
0
0
0
0
0
0
0
0
0
0
0
0
0
0
0
0
0
0
0
0
0
0
0
0
0
0
0
0
0
0
0
0
0
0
0
0
0
0
0
0.062752205
0.051662648
0.053294401
0.032195382
0.058742387
0.038447904
0.070499473
0.053202093
0.056910172
0.057152612
0.04102076
0.077251737
0.084322275
0.1008682
0.10270389
0.083643397
0.094072769
0.085280189
0.063747408
0.073157687
0.074119174
0.047656423
0.11772505
0.11966617
0.11698947
0.13290078
0.13944954
0.12694408
0.13583201
0.12165889
0.12370876
0.098988198
0.127202
0.10618081
0.1354359
0.13395367
0.13998711
0.14291942
0.14391019
0.10395512
0.11560142
0.12698163
0.08900525
0.10102592
0.063456441
0.076489237
0.04015915
0.0451582
0.052579004
0.046011375
0.054275918
0.062258653
0.078790902
0.097100538
0.11982121
0.13506368
0.14120615
0.13988494
0.1441821
0.06175741
0.073088534
0.051193936
0.055492357
0.05756612
0.057990051
0.06085908
0.062912003
0.073614398
0.089077861
0.11088532
0.1247384
0.13999643
0.14275894
0.14527327
0.14672641
0.067302711
0.074984784
0.060517913
0.060661968
0.06135104
0.063966675
0.067476081
0.07062686
0.077700656
0.089501857
0.10814263
0.12118582
0.13391117
0.14228325
0.14775614
0.16144758
0.069271971
0.070901372
0.065465501
0.064338195
0.068080932
0.069340289
0.071212148
0.07379058
0.078322903
0.083718111
0.096650674
0.11248273
0.12510945
0.14005848
0.14467201
0.15819599
0.15816733
0.070799623
0.070134047
0.068423694
0.069517507
0.071388129
0.075539948
0.077740601
0.080919496
0.084961898
0.095429218
0.10939127
0.12340992
0.13740129
0.14514743
0.15798142
0.16330807
0.07084279
0.07130023
0.071259962
0.069404435
0.075218021
0.077824513
0.080117219
0.08131867
0.083985993
0.091261271
0.10501739
0.11693283
0.1324689
0.14174141
0.15601908
0.1648359
0.16280448
0.074319597
0.072627525
0.070670002
0.07525878
0.080073368
0.082140202
0.08295913
0.085589776
0.092419624
0.10553125
0.11806888
0.13072673
0.14339664
0.1572609
0.16633488
0.16525934
0.0736736
0.073129544
0.068784097
0.077471861
0.082208762
0.078694093
0.083414115
0.085494979
0.09065528
0.10009795
0.11418774
0.12797226
0.1429306
0.15456523
0.16686503
0.17116518
0.16778748
0.07480846
0.074636872
0.073313404
0.075622256
0.082794375
0.079529158
0.085208225
0.087646913
0.092905818
0.10297588
0.11669658
0.13056555
0.1461808
0.15632817
0.16827437
0.17451203
0.17143112
0.059424264
0.049131639
0.067720709
0.07971966
0.077057191
0.063592515
0.091503118
0.093280533
0.1072546
0.10860874
0.12134616
0.063539958
0.076346587
0.087666274
0.10428379
0.11074223
0.10315793
0.056498273
0.068630068
0.079800946
0.09015259
0.097099331
0.093361273
0.1044541
0.061902803
0.078115846
0.069669322
0.087619737
0.094710748
0.095558522
0.096941362
0.11673055
0.064713212
0.079220553
0.072048117
0.086750843
0.094806743
0.096167903
0.10166523
0.12413416
0.066400003
0.085530821
0.076626939
0.071214431
0.093783888
0.097397375
0.095864574
0.11738686
0.13659876
0.067165758
0.087617412
0.077265404
0.071942855
0.096185137
0.10067635
0.10037854
0.12247868
0.1483435
0.065451968
0.097994454
0.087376888
0.076632957
0.071921314
0.10209822
0.098657081
0.12140746
0.15625763
0.066546246
0.1019826
0.089699549
0.078053676
0.073401554
0.10825592
0.10792813
0.12942454
0.17191519
0.15947301
0.066669805
0.11046696
0.092806089
0.095743053
0.10730391
0.12054903
0.13478429
0.14998962
0.16131321
0.17434574
0.062354941
0.069510592
0.098535238
0.11616078
0.13574146
0.1145183
0.10328891
0.07882668
0.076018599
0.071652531
0.11681761
0.12854777
0.18774478
0.17016778
0.06932327
0.052170557
0.048985559
0.057110154
0.061293598
0.057506896
0.06311391
0.068167294
0.07086197
0.069707557
0.077382042
0.073184851
0.079339005
0.07665125
0.079982305
0.083692832
0.084316144
0.086892802
0.081972406
0.08601621
0.088882531
0.08919092
0.052196358
0.062723938
0.072463506
0.079489078
0.083100644
0.057754856
0.062904931
0.071078446
0.079177478
0.080372554
0.061025844
0.065525739
0.072988955
0.082603356
0.062723725
0.064410521
0.07038755
0.081943185
0.082618722
0.062101184
0.065545132
0.07418483
0.085433289
0.091821671
0.062316365
0.064932811
0.075925468
0.087951798
0.10176331
0.061325699
0.068432657
0.090497812
0.10139697
0.1238299
0.062958283
0.07127733
0.10036445
0.11806092
0.13688068
0
0
0
0
0
0
0
0
0
0
0
0
0
0
0
0
0
0
0
0
0
0
0
0
0
0
0
0
0
0
0
0
0
0
0
0
0
0
0
0
0
0
0
0
0
0
0
0
0
0
0
0
0
0
0
0
0
0
0
0
0
0
0
0
0
0
0
0
0
0
0
0
0
0
0
0
0
0
0
0
0
0
0
0
0
0
0
0
0
0
0
0
0
0
0
0
0
0
0
0
0
0
0
0
0
0
0
0
0
0
0
0
0
0
0
0
0
0
0
0
0
0
0
0
0
0
0
0
0
0
0
0
0
0
0
0
0
0
0
0
0
0
0
0
0
0
0
0
0
0
0
0
0
0
0
0
0
0
0
0
0
0
0
0
0
0
0
0
0
0
0
0
0
0
0
0
0
0
0
0
0
0
0
0
0
0
0
0
0
0
0
0
0
0
0
0
0
0
0
0
0
0
0
0
0
0
0
0
0
0
0
0
0
0
0
0
0
0
0
0
0
0
0
0
0
0
0
0
0
0
0
0
0
0
0
0
0
0
0.10665133
0.089077515
0.10361008
0.11328307
0.12799137
0.11977071
0.13440435
0.13393437
0.14116106
0.15150435
0.097093098
0.10169416
0.11986635
0.12687586
0.16619957
0.18755276
0.18112995
0.10891391
0.10618304
0.11754418
0.096411591
0.14991442
0.17837329
0.1768279
0.15158882
0.16144995
0.15876799
0.16278514
0.15150413
0.15539559
0.15481858
0.17021344
0.18015044
0
0
0
0
0
0
0
0
0
0
0
0
0
0
0
0
0
0
0
0
0
0
0
0
0
0
0
0
0
0
0
0
0.15023609
0.16135858
0.17270991
0.18533167
0.17682286
0.18619659
0.1917607
0.19858698
0.20486969
0.21034628
0.22086402
0.23022324
0.23984194
0.19467364
0.20056069
0.20287383
0.22839207
0.16250233
0.14719827
0.18340023
0.18316433
0.19884073
0.20005658
0.21589592
0.18847047
0.15646191
0.14623453
0.1673277
0.16702412
0.17074711
0.16172316
0.18218966
0.1847956
0.18893057
0.16714263
0.16355443
0.16052188
0.21954795
0.19720692
0.22411248
0.18803569
0.19545579
0.1794121
0.17717239
0.23297336
0.21577666
0.24490241
0.19458904
0.20686738
0.18429697
0.18275073
0.19121712
0.22900727
0.21936737
0.24621367
0.21779679
0.21297742
0.20107081
0.19288891
0.20023447
0.23719542
0.24002121
0.25885992
0.22447641
0.2189357
0.20753025
0.20347058
0.19978882
0.22077928
0.2391161
0.24212424
0.25429075
0.24526872
0.22223028
0.22759798
0.21222282
0.20904335
0.22611194
0.23693489
0.25261814
0.25066839
0.24486203
0.23772002
0.23663164
0.22806659
0.2136801
0.221479
0.23848751
0.23916078
0.25167443
0.25232212
0.25669561
0.24797489
0.25358244
0.23655254
0.21796345
0.22360371
0.23798091
0.25407495
0.24637562
0.25279466
0.26116982
0.26232111
0.22955121
0.2599895
0.22008658
0.23195907
0.25183959
0.25107636
0.24449035
0.24770451
0.25668413
0.25789471
0.2248157
0.25505796
0.21544915
0.2267914
0.24705681
0.18453128
0.1930514
0.20304652
0.18521873
0.1866752
0.18760753
0.18583408
0.18966828
0.19235725
0.20224337
0.19889438
0.20939376
0.20250203
0.23598905
0
0
0
0
0
0
0
0
0
0
0
0
0
0
0
0
0
0
0
0
0
0
0
0
0
0
0
0
0
0
0
0
0
0
0
0
0
0
0
0
0
0
0
0
0
0
0
0
0
0
0
0
0
0
0
0
0
0
0
0
0
0
0
0
0
0
0
0
0
0
0
0
0
0
0
0
0
0
0
0
0
0
0
0
0
0
0
0
0
0
0
0
0
0
0
0
0
0
0
0
0
0
0
0
0
0
0
0
0
0
0
0
0
0
0
0
0
0
0
0
0
0
0
0
0
0
0
0
0
0
0
0
0
0
0
0
0
0
0
0
0
0
0
0
0
0
0
0
0
0
0
0
0
0
0
0
0
0
0
0
0
0
0
0
0
0
0
0
0
0
0
0
0
0
0
0
0
0
0
0
0
0
0
0
0
0
0
0
0
0
0
0
0
0
0
0
0
0
0
0
0
0
0
0
0
0
0
0
0
0
0
0
0
0
0
0
0
0
0
0
0
0
0
0
0
0
0
0
0
0
0
0
0
0
0
0
0
0
0
0
0
0
0
0
0
0
0
0
0
0
0
0
0
0
0
0
0
0
0
0
0
0
0
0
0
0
0
0
0
0
0
0
0
0
0
0
0
0
0
0
0
0
0
0
0
0
0
0
0
0
0
0
0
0
0
0
0
0
0
0
0
0
0
0
0
0
0
0
0
0
0
0
0
0
0
0
0
0
0
0
0
0
0
0
0
0
0
0
0
0
0
0
0
0
0
0
0
0
0
0
0
0
0
0
0
0
0
0
0
0
0
0
0
0
0
0
0
0
0
0
0
0
0
0
0
0
0
0
0
0
0
0
0
0
0
0
0
0
0
0
0
0
0
0
0
0
0
0
0
0
0
0
0
0
0
0
0
0
0
0
0
0
0
0
0
0
0
0
0
0
0
0
0
0
0
0
0
0
0
0
0
0
0
0
0
0
0
0
0
0
0
0
0
0
0
0
0
0
0
0
0
0
0
0
0
0
0
0
0
0
0
0
0
0
0
0
0
0
0
0
0
0
0
0
0
0
0
0
0
0
0
0
0
0
0
0
0
0
0
0
0
0
0
0
0
0
0
0
0
0
0
0
0
0
0
0
0
0
0
0
0
0
0
0
0
0
0
0
0
0
0
0
0
0
0
0
0
0
0
0
0
0
0
0
0
0
0
0
0
0
0
0
0
0
0
0
0
0
0
0
0
0
0
0
0
0
0
0
0
0
0
0
0
0
0
0
0
0
0
0
0
0
0
0
0
0
0
0
0
0
0
0
0
0
0
0
0
0
0
0
0
0
0
0
0
0
0
0
0
0
0
0
0.23588272
0.22209953
0.19804264
0.18400446
0.18064527
0.17189326
0
0
0
0
0
0
0
0
0
0
0
0
0
0
0
0
0
0
0
0
0
0
0
0
0
0
0
0
0
0
0
0
0
0
0
0
0
0
0
0
0
0
0
0
0
0
0
0
0
0
0
0
0
0
0
0
0
0
0
0
0
0
0
0
0
0
0
0
0
0
0
0
0
0
0
0
0
0
0
0
0
0
0
0
0
0
0
0
0
0
0
0
0
0
0
0
0
0
0
0
0
0
0
0
0
0
0
0
0
0
0
0
0
0
0
0
0
0
0
0
0
0
0
0
0
0
0
0
0
0
0
0
0
0
0
0
0
0
0
0
0
0
0
0
0
0
0
0
0
0
0
0
0
0
0
0
0
0
0
0
0
0
0
0
0
0
0
0
0
0.085569186
0.079992393
0.094016007
0.090347676
0.2140994
0.20026709
0.181871
0.15953479
0.13683202
0.1023005
0.21893928
0.21651989
0.19393275
0.17749394
0.15991467
0.1451099
0.12831658
0.22676276
0.22048921
0.19646867
0.18264494
0.17044471
0.1630416
0.13796883
0.2303359
0.22043899
0.19463473
0.18025804
0.17846096
0.168603
0.23719327
0.22399819
0.20014699
0.18674566
0.1839489
0.17466941
0.18016884
0.16423731
0.1530858
0.14760675
0.12519879
0.17449189
0.16761571
0.14811387
0.11701889
0.092933163
0.078325104
0.18571771
0.17450637
0.15573267
0.11911044
0.087201695
0.076441899
0.21008841
0.1796714
0.16822011
0.13030817
0.11113571
0.0681359
0.071720208
0.16467671
0.14750689
0.16681484
0.16251041
0.20744861
0.18113377
0.20478301
0.20811958
0.16812691
0.14879452
0.14834995
0.16497736
0.16613101
0.15541382
0.15603518
0.15611885
0.17335797
0.18886823
0.16254734
0.16217243
0.15806357
0.16152219
0.16370569
0.17358201
0.19590339
0.16366897
0.15591958
0.16002357
0.1649453
0.17561754
0.19598183
0.21032339
0.19038932
0.15934024
0.12617611
0.10020939
0.065321906
0.071655107
0.16167476
0.1580017
0.1549742
0.15659503
0.18163305
0.20493237
0.20958583
0.20728967
0.18285776
0.12628503
0.088195268
0.071557172
0.07408979
0.16040469
0.16097867
0.15542561
0.15948999
0.19578428
0.216581
0.18905714
0.23311003
0.18942849
0.20465149
0.17337764
0.17267929
0.16160572
0.097064515
0.12536541
0.11122999
0.12964283
0.14827879
0.11768526
0.10432317
0.095306664
0.082089891
0.092436288
0.09495761
0.097927582
0.093764936
0.12354762
0.15833004
0.14300363
0.15741114
0.18376787
0.16621624
0.1741206
0.183619
0.18451703
0.2379333
0.22327334
0.19337496
0.20854682
0.19062685
0.15478418
0.1255938
0.1022438
0.091216181
0.2355131
0.21878463
0.20075278
0.2126172
0.20942719
0.18010256
0.15241077
0.12393868
0.099564094
0.085695317
0.23224794
0.21352998
0.21938928
0.20794366
0.18794543
0.16290657
0.13783452
0.10686415
0.089663475
0.21019941
0.20560779
0.19420212
0.12098499
0.10687454
0.082136541
0.075344021
0.16228915
0.16357097
0.15938136
0.15907952
0.18898348
0.21300032
0.21985322
0.20865647
0.15239617
0.11765182
0.083499221
0.1090049
0.068145713
0.16236078
0.16409629
0.14912688
0.18389987
0.21968821
0.22735928
0.21667079
0.16522087
0.15301571
0.098112328
0.12907196
0.16464907
0.15923819
0.14862651
0.18590779
0.21766945
0.234798
0.23045439
0.20492908
0.16903839
0.10604318
0.13612958
0.16286158
0.16472044
0.14053415
0.16374746
0.23246202
0.21597515
0.23203368
0.22395821
0.22806592
0.23330036
0.2385248
0.23678079
0.21083887
0.22203061
0.22804296
0
0
0
0
0
0
0
0
0
0
0
0
0
0
0
0
0
0
0
0
0
0
0
0
0
0
0
0
0
0
0
0
0
0
0
0
0
0
0
0
0
0
0
0
0
0
0
0
0
0
0
0
0
0
0
0
0
0
0
0
0
0
0
0
0
0
0
0
0
0
0
0
0
0
0
0
0
0
0
0
0
0
0
0
0
0
0
0
0.069439364
0.054459832
0.055648942
0.036293321
0.06571467
0.041470061
0.075289611
0.052034644
0.059585466
0.063310236
0.042531367
0.082379662
0.10317348
0.11272386
0.085608151
0.11929184
0.10271702
0.082727456
0.095553003
0.081729502
0.064573157
0.070488455
0.069869372
0.052086434
0.119837
0.13324079
0.14201172
0.12743239
0.14912234
0.14150652
0.13168279
0.15641958
0.14236834
0.11215938
0.13186761
0.13698591
0.133148
0.1138688
0.14722013
0.14592882
0.14055347
0.14452055
0.14964268
0.14320129
0.12786813
0.1095441
0.15215256
0.1228165
0.060410599
0.076213144
0.043658848
0.049812165
0.056425596
0.050902236
0.055366577
0.060089946
0.074776765
0.093728573
0.1193723
0.13455535
0.14722123
0.14741985
0.15168348
0.15421127
0.065787499
0.077885831
0.052676368
0.054724805
0.057794319
0.057613229
0.063123801
0.067630356
0.076769985
0.092966674
0.11679654
0.13074359
0.14119353
0.14717702
0.15265733
0.1710257
0.067464908
0.072137751
0.059427599
0.060168947
0.066303928
0.064729648
0.067620665
0.071032602
0.076914528
0.083804401
0.10114263
0.12072874
0.13310777
0.14652557
0.14819001
0.1638783
0.16486219
0.071985151
0.065691668
0.065175585
0.068326346
0.067412609
0.072682309
0.075818363
0.080061521
0.08512374
0.09782578
0.11416638
0.12914252
0.14375807
0.14830785
0.16137368
0.16843659
0.072428996
0.069054384
0.070340649
0.069366355
0.072749843
0.075658894
0.078507769
0.080671116
0.083705092
0.091800516
0.10802035
0.121205
0.1386052
0.14434577
0.15758361
0.16632915
0.16492019
0.073130949
0.072144589
0.070693033
0.074066335
0.07902399
0.081321009
0.082552124
0.085445298
0.092914435
0.10795213
0.12159004
0.13461179
0.14508296
0.1581491
0.16691531
0.16724313
0.073308706
0.073168807
0.069245291
0.076821408
0.081553872
0.078021508
0.083026082
0.085324582
0.09075075
0.10086853
0.11648158
0.13161258
0.14460833
0.1556895
0.16720981
0.17206809
0.16927512
0.074601684
0.074820734
0.074262352
0.075382549
0.082376055
0.079089956
0.08492221
0.087544306
0.093004577
0.10336408
0.11773132
0.13282548
0.14784889
0.15775736
0.16886853
0.17534461
0.17377136
0.076332502
0.077674129
0.076537504
0.084151011
0.080767737
0.077475008
0.088906675
0.093703148
0.1030541
0.11654507
0.12975105
0.14784977
0.15775708
0.16391471
0.18027867
0.17853173
0.1759545
0.057956191
0.056918137
0.085853503
0.078142276
0.089829456
0.073021727
0.065008488
0.096284367
0.10900692
0.11171306
0.1203533
0.11591051
0.069549169
0.08159695
0.093547583
0.10409713
0.10163152
0.11390109
0.062104124
0.080146392
0.070526006
0.09072682
0.10137215
0.1053191
0.10417702
0.12238742
0.065414235
0.081989525
0.073542874
0.090973934
0.10197373
0.10493
0.11012535
0.12715735
0.067457327
0.089138168
0.079501179
0.073026556
0.099086384
0.10450544
0.10220106
0.11963161
0.13835939
0.068627055
0.090103584
0.079628451
0.073528789
0.10039239
0.10636502
0.10475289
0.12448938
0.14951752
0.066645147
0.10055948
0.089700571
0.078112689
0.073137494
0.1052177
0.10172787
0.12317738
0.15722644
0.067234352
0.10413904
0.091730946
0.079258302
0.074661848
0.11026508
0.11003769
0.13101867
0.17299529
0.16035365
0.067500821
0.11632121
0.10538199
0.079829661
0.076718562
0.072394549
0.11936942
0.12989937
0.18923173
0.17103671
0.070238202
0.10488164
0.11299521
0.12341387
0.13657024
0.15151099
0.16250219
0.17514648
0.1889636
0.066510513
0.096032506
0.12799025
0.14870322
0.15852697
0.12403892
0.11037223
0.078090958
0.070875533
0.075781112
0.12925727
0.14026219
0.20697863
0.20174612
0.17074651
0.076661286
0.056545518
0.054079662
0.062894581
0.065406222
0.07158617
0.074677447
0.079946948
0.080097969
0.081718039
0.083566003
0.087919484
0.087847345
0.087016647
0.090587241
0.092236818
0.057353754
0.064647022
0.073587688
0.082489882
0.084767109
0.060905296
0.067424006
0.076844075
0.087354535
0.063234615
0.066693176
0.075107515
0.088088915
0.063040656
0.06900093
0.07936899
0.093095239
0.097087337
0.063185521
0.068037627
0.080973903
0.094355496
0.10730386
0.062050008
0.07132294
0.093477645
0.10547063
0.12601416
0.063564075
0.073204077
0.10253169
0.12020509
0.13796691
0.067527397
0.097441219
0.12919151
0.14984489
0.15968477
0
0
0
0
0
0
0
0
0
0
0
0
0
0
0
0
0
0
0
0
0
0
0
0
0
0
0
0
0
0
0
0
0
0
0
0
0
0
0
0
0
0
0
0
0
0
0
0
0
0
0
0
0
0
0
0
0
0
0
0
0
0
0
0
0
0
0
0
0
0
0
0
0
0
0
0
0
0
0
0
0
0
0
0
0
0
0
0
0
0
0
0
0
0
0
0
0
0
0
0
0
0
0
0
0
0
0
0
0
0
0
0
0
0
0
0
0
0
0
0
0
0
0
0
0
0
0
0
0
0
0
0
0
0
0
0
0
0
0
0
0
0
0
0
0
0
0
0
0
0
0
0
0
0
0
0
0
0
0
0
0
0
0
0
0
0
0
0
0
0
0
0
0
0
0
0
0
0
0
0
0
0
0
0
0
0
0
0
0
0
0
0
0
0
0.10230087
0.10815897
0.11671853
0.13077701
0.12181497
0.13695785
0.13533784
0.14222231
0.15220525
0.16702076
0.10891098
0.12360759
0.13095535
0.1826543
0.2024631
0.12852614
0.12012862
0.18627577
0.18024566
0.19410204
0.1814004
0.16714148
0.16555883
0.16914239
0.15628585
0.1579175
0.1563471
0.17185929
0.18174784
0.20495485
0
0
0
0
0
0
0
0
0
0
0
0
0
0
0
0
0
0
0
0
0
0
0
0
0
0
0
0.15938524
0.19278491
0.20154419
0.19024585
0.19725588
0.2047621
0.21058342
0.21447812
0.22406974
0.23267686
0.24302714
0.23859457
0.21578078
0.2199643
0.23864218
0.22531556
0.16323533
0.15549482
0.19051647
0.21629701
0.22567581
0.23746766
0.22808809
0.18644623
0.20017247
0.15325552
0.17247527
0.17574453
0.18912868
0.17037679
0.16914597
0.15903618
0.18876185
0.19619234
0.18886134
0.20582733
0.19999445
0.18306965
0.17831935
0.17576504
0.17947717
0.24025605
0.21927586
0.25217876
0.197553
0.21174058
0.1899164
0.18783687
0.19443131
0.23612067
0.22368508
0.25515399
0.22172184
0.21854659
0.20638704
0.19736924
0.20369943
0.2452921
0.24815634
0.27163323
0.22939833
0.22621641
0.21150844
0.20743448
0.20320107
0.22536441
0.24795021
0.25294883
0.26708663
0.25499766
0.22675599
0.23148191
0.21584147
0.21321993
0.23336814
0.24013137
0.26359833
0.25739315
0.25645457
0.24246899
0.24046374
0.2325697
0.21965095
0.22968024
0.25004818
0.2419755
0.26027985
0.25747268
0.2675607
0.25186032
0.2580345
0.24162246
0.22439519
0.23278389
0.24669677
0.25789705
0.24835577
0.25976022
0.2661996
0.26709175
0.23510582
0.26553407
0.22617504
0.23897103
0.25830762
0.26020942
0.25209798
0.26501155
0.27144834
0.28213589
0.24174042
0.27168447
0.22775907
0.23862162
0.25755752
0.25691688
0.24995455
0.26085048
0.26613294
0.27620996
0.23520979
0.26529008
0.22149138
0.23196697
0.2518523
0.19384739
0.21094298
0.19444936
0.19476001
0.19242494
0.19394763
0.19508107
0.20454443
0.20112541
0.21180008
0.22220394
0.24939167
0
0
0
0
0
0
0
0
0
0
0
0
0
0
0
0
0
0
0
0
0
0
0
0
0
0
0
0
0
0
0
0
0
0
0
0
0
0
0
0
0
0
0
0
0
0
0
0
0
0
0
0
0
0
0
0
0
0
0
0
0
0
0
0
0
0
0
0
0
0
0
0
0
0
0
0
0
0
0
0
0
0
0
0
0
0
0
0
0
0
0
0
0
0
0
0
0
0
0
0
0
0
0
0
0
0
0
0
0
0
0
0
0
0
0
0
0
0
0
0
0
0
0
0
0
0
0
0
0
0
0
0
0
0
0
0
0
0
0
0
0
0
0
0
0
0
0
0
0
0
0
0
0
0
0
0
0
0
0
0
0
0
0
0
0
0
0
0
0
0
0
0
0
0
0
0
0
0
0
0
0
0
0
0
0
0
0
0
0
0
0
0
0
0
0
0
0
0
0
0
0
0
0
0
0
0
0
0
0
0
0
0
0
0
0
0
0
0
0
0
0
0
0
0
0
0
0
0
0
0
0
0
0
0
0
0
0
0
0
0
0
0
0
0
0
0
0
0
0
0
0
0
0
0
0
0
0
0
0
0
0
0
0
0
0
0
0
0
0
0
0
0
0
0
0
0
0
0
0
0
0
0
0
0
0
0
0
0
0
0
0
0
0
0
0
0
0
0
0
0
0
0
0
0
0
0
0
0
0
0
0
0
0
0
0
0
0
0
0
0
0
0
0
0
0
0
0
0
0
0
0
0
0
0
0
0
0
0
0
0
0
0
0
0
0
0
0
0
0
0
0
0
0
0
0
0
0
0
0
0
0
0
0
0
0
0
0
0
0
0
0
0
0
0
0
0
0
0
0
0
0
0
0
0
0
0
0
0
0
0
0
0
0
0
0
0
0
0
0
0
0
0
0
0
0
0
0
0
0
0
0
0
0
0
0
0
0
0
0
0
0
0
0
0
0
0
0
0
0
0
0
0
0
0
0
0
0
0
0
0
0
0
0
0
0
0
0
0
0
0
0
0
0
0
0
0
0
0
0
0
0
0
0
0
0
0
0
0
0
0
0
0
0
0
0
0
0
0
0
0
0
0
0
0
0
0
0
0
0
0
0
0
0
0
0
0
0
0
0
0
0
0
0
0
0
0
0
0
0
0
0
0
0
0
0
0
0
0
0
0
0
0
0
0.24068716
0.23735711
0.21625534
0.1945191
0.18867616
0.19013532
0
0
0
0
0
0
0
0
0
0
0
0
0
0
0
0
0
0
0
0
0
0
0
0
0
0
0
0
0
0
0
0
0
0
0
0
0
0
0
0
0
0
0
0
0
0
0
0
0
0
0
0
0
0
0
0
0
0
0
0
0
0
0
0
0
0
0
0
0
0
0
0
0
0
0
0
0
0
0
0
0
0
0
0
0
0
0
0
0
0
0
0
0
0
0
0
0
0
0
0
0
0
0
0
0
0
0
0
0
0
0
0
0
0
0
0
0
0
0
0
0
0
0
0
0
0
0
0
0
0
0
0
0
0
0
0
0
0
0
0
0
0
0
0
0
0
0
0.095989225
0.096380129
0.22259551
0.22225757
0.20222672
0.18456082
0.16232149
0.14544418
0.13079202
0.22923199
0.22620918
0.20334818
0.18874633
0.17309004
0.1636396
0.14035706
0.23231333
0.22261254
0.19802358
0.18427474
0.18106578
0.16980302
0.23881837
0.22622652
0.2023626
0.19015684
0.18797872
0.17746008
0.24253222
0.23920011
0.21866899
0.19684034
0.19197609
0.19477271
0.19586567
0.18364668
0.174193
0.16499911
0.15446895
0.1965728
0.18289983
0.16372351
0.12759093
0.094701005
0.080496801
0.22506372
0.18763072
0.17651516
0.14045001
0.11820888
0.073051762
0.074530767
0.22479642
0.19851051
0.16738741
0.13467829
0.10561473
0.067099166
0.073739241
0.17836115
0.17861186
0.18478691
0.21903893
0.20092377
0.21689405
0.15968927
0.17412238
0.17344058
0.16431248
0.16493501
0.1725224
0.18391593
0.20904853
0.17447284
0.16471199
0.16559674
0.17492402
0.18706508
0.20815421
0.16910864
0.16506642
0.16250713
0.16802151
0.19553083
0.21974696
0.2200341
0.21711436
0.1862246
0.13136018
0.089928525
0.072940779
0.077231615
0.16570173
0.1674664
0.16346343
0.1688385
0.20593054
0.21551347
0.21070025
0.19756351
0.12232234
0.10793077
0.083255599
0.079418151
0.16610092
0.16960395
0.16629179
0.16467784
0.19253803
0.22348666
0.23874882
0.24533775
0.23066668
0.19633747
0.20842214
0.19780744
0.18110123
0.18270839
0.1030334
0.13999978
0.11464623
0.14552964
0.12458157
0.15190754
0.15507358
0.12607161
0.10398752
0.11059349
0.10489806
0.085762673
0.096927806
0.098567809
0.10349301
0.10294573
0.096858601
0.13504693
0.17226471
0.17740573
0.19160002
0.19462455
0.17666509
0.19017674
0.19080209
0.21608426
0.24326344
0.22238751
0.20468413
0.21998179
0.21593545
0.18242498
0.15289198
0.1248192
0.1058606
0.092091413
0.23988647
0.21850436
0.22716547
0.21596701
0.19196348
0.16501791
0.13876207
0.11304401
0.097006271
0.23993448
0.2209894
0.22942251
0.23071391
0.21142055
0.19093241
0.16491106
0.14580394
0.10414126
0.13383367
0.10045468
0.21528626
0.22384638
0.2129013
0.15336527
0.11856926
0.084364386
0.10987199
0.069203296
0.16547119
0.17146095
0.15430911
0.18689202
0.22195724
0.22981217
0.21840596
0.16600321
0.15394798
0.098822087
0.1302333
0.16706238
0.16387739
0.15322836
0.188736
0.22011981
0.23726133
0.23310588
0.2063726
0.17035319
0.10703337
0.136956
0.16449468
0.16691145
0.14457801
0.16577995
0.2194076
0.24018354
0.23691478
0.21376132
0.20360501
0.13024976
0.16790112
0.18616594
0.17139148
0.13378741
0.16305408
0.23648576
0.2276231
0.23062999
0.23528309
0.24017781
0.2284613
0
0
0
0
0
0
0
0
0
0
0
0
0
0
0
0
0
0
0
0
0
0
0
0
0
0
0
0
0
0
0
0
0
0
0
0
0
0
0
0
0
0
0
0
0
0
0
0
0
0
0
0
0
0
0
0
0
0
0
0
0
0
0
0
0
0
0
0
0
0
0
0
0
0
0
0.063800886
0.057987849
0.040977349
0.066724476
0.048139866
0.075787339
0.061221209
0.061006987
0.060345466
0.046337191
0.082331231
0.10674627
0.11406626
0.10828618
0.080578023
0.10056838
0.12595888
0.12819113
0.083950138
0.087420566
0.06160198
0.072013259
0.075576381
0.05231211
0.13271572
0.14845192
0.14409959
0.1518317
0.16141963
0.15514707
0.11801752
0.14056157
0.12387082
0.15436836
0.15225198
0.14836277
0.1331067
0.16090632
0.15361476
0.1436953
0.16517603
0.16345537
0.066760962
0.082185252
0.046701273
0.05083649
0.057522115
0.05237719
0.059530397
0.065769756
0.076932105
0.098909165
0.12705589
0.14183927
0.14947192
0.15359143
0.16067493
0.18370476
0.065862308
0.074080726
0.053731269
0.057240707
0.065512527
0.059949558
0.064157047
0.068583001
0.075936572
0.084616497
0.10856865
0.13173974
0.14353932
0.15366121
0.15346261
0.17296008
0.17492165
0.073631348
0.060600409
0.061505771
0.06681213
0.063315222
0.069935673
0.074101927
0.079210467
0.085823395
0.10276303
0.12259976
0.13791556
0.15148248
0.15283087
0.16769688
0.17754079
0.074410763
0.065744378
0.069050821
0.069401409
0.069387733
0.072815236
0.076577377
0.079941659
0.083343259
0.093059356
0.11329998
0.12868038
0.14722102
0.1484768
0.16069981
0.16941458
0.16923769
0.071260652
0.071451079
0.070767343
0.072252944
0.077301469
0.08006019
0.082019988
0.085307179
0.093801941
0.11207619
0.12740006
0.14062316
0.1477143
0.15975055
0.16783499
0.17056289
0.072820739
0.073269511
0.069988896
0.075872338
0.080586509
0.077042032
0.082517657
0.085095264
0.090876435
0.10202138
0.11993164
0.13718256
0.14717694
0.15726744
0.1676576
0.1732039
0.17119557
0.074308085
0.075015059
0.07518007
0.07504366
0.081788076
0.078501278
0.084547024
0.087400309
0.093137412
0.1039738
0.11929012
0.13586365
0.14999368
0.15946659
0.16941353
0.17631873
0.17701709
0.076740783
0.079134725
0.076375522
0.083834368
0.080404017
0.077404276
0.0887798
0.09378979
0.10363455
0.1178674
0.1320057
0.15030706
0.16003362
0.16455122
0.18114327
0.17977592
0.17910743
0.078076969
0.085897841
0.078455427
0.086043563
0.080977635
0.078712695
0.091767078
0.098448002
0.10856292
0.1219818
0.13673087
0.1537383
0.16202686
0.16721217
0.18445004
0.18619651
0.17842678
0.064077835
0.062685774
0.094707046
0.081343985
0.083314572
0.095854297
0.069748748
0.071098505
0.10985069
0.11096217
0.12724441
0.081909545
0.071553542
0.092720405
0.10768403
0.11622808
0.11353907
0.13234499
0.066448675
0.084225425
0.074891287
0.094488089
0.10892643
0.11579663
0.12190134
0.13253079
0.068759998
0.092689326
0.082059031
0.07464251
0.10494683
0.11330705
0.11251507
0.12350003
0.14130886
0.070169876
0.093687241
0.082634919
0.075561296
0.10610488
0.11413902
0.11138924
0.12757504
0.15129211
0.06829173
0.10396844
0.092549638
0.080165148
0.074672175
0.11021361
0.10626002
0.12562458
0.15855689
0.0683621
0.10718437
0.094837375
0.081045216
0.076449411
0.11282554
0.11209863
0.13292438
0.17419303
0.16136953
0.068412255
0.11829811
0.10793801
0.081089258
0.077596118
0.073273521
0.12240601
0.13157424
0.18975599
0.17214862
0.07122699
0.12561659
0.11185226
0.078922693
0.070996869
0.076008896
0.13235607
0.1425387
0.20832339
0.20315327
0.17176314
0.077259243
0.12328253
0.12882366
0.13967867
0.15375223
0.16409252
0.17612999
0.19005349
0.20417078
0.07241599
0.10530787
0.1436969
0.16795785
0.17357215
0.13544535
0.12859404
0.09851857
0.07118619
0.074320975
0.088710101
0.14594674
0.22239815
0.21456692
0.18223158
0.08525898
0.059479619
0.062438565
0.058432397
0.065959065
0.061717452
0.069778988
0.067277305
0.070135038
0.074336136
0.078537755
0.075905319
0.082059476
0.083198713
0.085851981
0.085047949
0.090892002
0.092227006
0.094702
0.08895534
0.092602722
0.06185487
0.069857596
0.080439762
0.091407633
0.064132658
0.069341511
0.079425935
0.093169226
0.064458525
0.073121708
0.084819205
0.06461334
0.072077235
0.086381308
0.10130368
0.11439505
0.063404297
0.075487241
0.097352721
0.11094493
0.12908842
0.064324425
0.075611157
0.10429917
0.12219835
0.13969746
0.068694936
0.099000867
0.13056523
0.15080002
0.16069795
0.073608734
0.10649473
0.14441834
0.16917635
0.17496878
0
0
0
0
0
0
0
0
0
0
0
0
0
0
0
0
0
0
0
0
0
0
0
0
0
0
0
0
0
0
0
0
0
0
0
0
0
0
0
0
0
0
0
0
0
0
0
0
0
0
0
0
0
0
0
0
0
0
0
0
0
0
0
0
0
0
0
0
0
0
0
0
0
0
0
0
0
0
0
0
0
0
0
0
0
0
0
0
0
0
0
0
0
0
0
0
0
0
0
0
0
0
0
0
0
0
0
0
0
0
0
0
0
0
0
0
0
0
0
0
0
0
0
0
0
0
0
0
0
0
0
0
0
0
0
0
0
0
0
0
0
0
0
0
0
0
0
0
0
0
0
0
0
0
0
0
0
0
0
0.11439843
0.12174992
0.13486847
0.12533793
0.14068223
0.13752683
0.14374044
0.15311829
0.1680049
0.18367577
0.12890865
0.13542389
0.21960981
0.13837929
0.19975434
0.19182302
0.16153712
0.17302444
0.17649514
0.16256679
0.16199974
0.15868792
0.17387424
0.18381566
0.20677013
0.22493231
0
0
0
0
0
0
0
0
0
0
0
0
0
0
0
0
0
0
0
0.2004403
0.21394901
0.20207216
0.21173298
0.21751131
0.22051534
0.22937901
0.23624317
0.24656047
0.24094332
0.25274456
0.24500436
0.23232642
0.24586614
0.24953736
0.17902974
0.1652401
0.20049963
0.22360765
0.22837362
0.24445166
0.22341102
0.25912156
0.19458406
0.21233367
0.18354912
0.19128289
0.20526527
0.1999935
0.17120399
0.18458815
0.20022162
0.19930707
0.2128142
0.21517287
0.20774731
0.19456739
0.18955991
0.18903122
0.19683468
0.19301601
0.19791975
0.24339787
0.22821421
0.26357626
0.22582471
0.22351894
0.2131657
0.20274479
0.20746654
0.25462344
0.25627023
0.28287403
0.23416287
0.23421231
0.21761335
0.21312045
0.20720604
0.22965828
0.25846281
0.26232195
0.27971343
0.26295871
0.23294763
0.23707097
0.22074251
0.21757067
0.23911074
0.24541419
0.27790353
0.26875411
0.26707944
0.24993349
0.24616158
0.23855472
0.2269623
0.23761473
0.26111156
0.24637309
0.27214607
0.26618558
0.28140901
0.25718256
0.26410347
0.24864599
0.2339981
0.24589802
0.25936715
0.26314117
0.25135139
0.26973354
0.27176972
0.27334549
0.24326877
0.27323326
0.23619399
0.24996311
0.26714264
0.26441917
0.2543699
0.27048112
0.27734591
0.28908988
0.24935605
0.27917204
0.23614032
0.24763569
0.26511647
0.26288477
0.25143389
0.2695517
0.2726351
0.28966244
0.23845512
0.26733914
0.29420152
0.23066973
0.25072002
0.27420706
0.26048548
0.24891552
0.26571611
0.268791
0.28363332
0.23050097
0.25876556
0.28793178
0.22488688
0.24487198
0.26963289
0.21923843
0.21452454
0.22521309
0.20168627
0.19995384
0.20020951
0.19941079
0.20819901
0.20431108
0.21496911
0.25103798
0.24349642
0
0
0
0
0
0
0
0
0
0
0
0
0
0
0
0
0
0
0
0
0
0
0
0
0
0
0
0
0
0
0
0
0
0
0
0
0
0
0
0
0
0
0
0
0
0
0
0
0
0
0
0
0
0
0
0
0
0
0
0
0
0
0
0
0
0
0
0
0
0
0
0
0
0
0
0
0
0
0
0
0
0
0
0
0
0
0
0
0
0
0
0
0
0
0
0
0
0
0
0
0
0
0
0
0
0
0
0
0
0
0
0
0
0
0
0
0
0
0
0
0
0
0
0
0
0
0
0
0
0
0
0
0
0
0
0
0
0
0
0
0
0
0
0
0
0
0
0
0
0
0
0
0
0
0
0
0
0
0
0
0
0
0
0
0
0
0
0
0
0
0
0
0
0
0
0
0
0
0
0
0
0
0
0
0
0
0
0
0
0
0
0
0
0
0
0
0
0
0
0
0
0
0
0
0
0
0
0
0
0
0
0
0
0
0
0
0
0
0
0
0
0
0
0
0
0
0
0
0
0
0
0
0
0
0
0
0
0
0
0
0
0
0
0
0
0
0
0
0
0
0
0
0
0
0
0
0
0
0
0
0
0
0
0
0
0
0
0
0
0
0
0
0
0
0
0
0
0
0
0
0
0
0
0
0
0
0
0
0
0
0
0
0
0
0
0
0
0
0
0
0
0
0
0
0
0
0
0
0
0
0
0
0
0
0
0
0
0
0
0
0
0
0
0
0
0
0
0
0
0
0
0
0
0
0
0
0
0
0
0
0
0
0
0
0
0
0
0
0
0
0
0
0
0
0
0
0
0
0
0
0
0
0
0
0
0
0
0
0
0
0
0
0
0
0
0
0
0
0
0
0
0
0
0
0
0
0
0
0
0
0
0
0
0
0
0
0
0
0
0
0
0
0
0
0
0
0
0
0
0
0
0
0
0
0
0
0
0
0
0
0
0
0
0
0
0
0
0
0
0
0
0
0
0
0
0
0
0
0
0.24278607
0.22406959
0.20320537
0.1976932
0.20117808
0
0
0
0
0
0
0
0
0
0
0
0
0
0
0
0
0
0
0
0
0
0
0
0
0
0
0
0
0
0
0
0
0
0
0
0
0
0
0
0
0
0
0
0
0
0
0
0
0
0
0
0
0
0
0
0
0
0
0
0
0
0
0
0
0
0
0
0
0
0
0
0
0
0
0
0
0
0
0
0
0
0
0
0
0
0
0
0
0
0
0
0
0
0
0
0
0
0
0
0
0
0
0
0
0
0
0
0
0
0
0
0
0
0
0
0
0
0
0
0
0
0.10107444
0.23377345
0.23459487
0.2128586
0.1967527
0.17666175
0.16445497
0.14380241
0.23542148
0.22584666
0.20397844
0.19023416
0.18427662
0.17117958
0.24113956
0.228913
0.20540604
0.19523056
0.19309043
0.18032084
0.24474028
0.24139352
0.22149878
0.19947485
0.19631885
0.20065158
0.24525639
0.22707051
0.20573869
0.20086103
0.20622762
0.21180765
0.20693652
0.18954604
0.19047904
0.17011425
0.23942742
0.19761259
0.18481096
0.15045216
0.12554507
0.08158546
0.078795661
0.24021046
0.20795084
0.17661306
0.14415307
0.11261637
0.070340856
0.076662896
0.23504371
0.22904567
0.19176304
0.13791879
0.092553678
0.075168737
0.081256787
0.18597383
0.18775658
0.19606428
0.23919892
0.22193083
0.23766392
0.18824138
0.17499304
0.16955913
0.1809907
0.19971443
0.22238747
0.18054356
0.17495604
0.17098426
0.18037678
0.21059809
0.23605908
0.17525367
0.17579642
0.17346723
0.18292559
0.22012633
0.22428034
0.21827837
0.20214621
0.1243845
0.10945803
0.084788817
0.084341468
0.17307156
0.17760464
0.17567642
0.1739934
0.19904026
0.21877559
0.23005553
0.21816682
0.1547098
0.11970962
0.085575495
0.11091089
0.070614732
0.1700563
0.17990547
0.16193982
0.19155311
0.25227085
0.24195325
0.25312239
0.22750631
0.20927891
0.22383197
0.2104408
0.1987788
0.094778768
0.1329453
0.11614229
0.14587971
0.1291152
0.15682908
0.16391575
0.18465828
0.15272714
0.1365224
0.12576091
0.11666267
0.1210278
0.11190347
0.088568208
0.085082817
0.10772567
0.106935
0.11094953
0.09816468
0.16002328
0.17587869
0.19810789
0.20734984
0.22230722
0.20120677
0.20846825
0.22568292
0.22921598
0.24780109
0.22270248
0.23502127
0.22352376
0.19488162
0.16602518
0.13973321
0.12020244
0.10423426
0.24910684
0.22786177
0.23912151
0.24075642
0.21899371
0.19531826
0.1670125
0.14651125
0.11249213
0.13773314
0.10692901
0.24412986
0.23443827
0.24233894
0.24579755
0.22338155
0.2045401
0.18045306
0.1653963
0.12268574
0.14826321
0.1082807
0.2247652
0.23328842
0.22067923
0.16696514
0.15484562
0.099633199
0.13120319
0.17017482
0.17023429
0.15974351
0.19256748
0.22291967
0.23981514
0.23598219
0.20738917
0.17149105
0.10773166
0.13760388
0.16583683
0.1701343
0.14996217
0.16850135
0.22158785
0.24322223
0.23960192
0.21557555
0.20536388
0.13144911
0.16897165
0.18782277
0.1741633
0.13528114
0.16463133
0.23901358
0.19606769
0.25057211
0.22681477
0.21029397
0.13480412
0.18300105
0.19093459
0.20609537
0.13412962
0.13549684
0.23515141
0.23818428
0.24251798
0
0
0
0
0
0
0
0
0
0
0
0
0
0
0
0
0
0
0
0
0
0
0
0
0
0
0
0
0
0
0
0
0
0
0
0
0
0
0
0
0
0
0
0
0
0
0
0
0
0
0
0
0
0
0
0
0
0
0
0
0.072800218
0.06461413
0.04547262
0.072442295
0.051523059
0.062735706
0.062565271
0.049981653
0.11802802
0.10646085
0.10204726
0.079739969
0.12562138
0.10612757
0.14138284
0.15191097
0.13796038
0.096333821
0.083765711
0.083283334
0.066864878
0.072473808
0.069298866
0.058176396
0.13778714
0.14966308
0.15789825
0.16723929
0.15208916
0.15706953
0.16577673
0.16735758
0.17112336
0.1575107
0.137023
0.14773837
0.16600523
0.15414323
0.15690611
0.16066755
0.15246203
0.16032726
0.14556284
0.17501896
0.17177423
0.16060814
0.17344653
0.1982734
0.06615079
0.077190193
0.050234915
0.057870511
0.067632587
0.0564237
0.061752969
0.067072045
0.076342244
0.08689553
0.11840621
0.14417375
0.15533104
0.16169306
0.16167003
0.18615606
0.18852838
0.076029252
0.056412426
0.059002455
0.065872246
0.060102745
0.067691133
0.072952414
0.078767533
0.087715746
0.11089536
0.13421915
0.14923277
0.1602624
0.15921734
0.17790322
0.19057162
0.077056161
0.06227603
0.067577183
0.069748078
0.066097601
0.070251771
0.075034423
0.079518208
0.083140723
0.095797759
0.12207962
0.13994719
0.15809949
0.15424781
0.1664865
0.1757284
0.17771536
0.068441969
0.070545557
0.070967907
0.069820248
0.074947231
0.078529124
0.081454766
0.085228361
0.095712737
0.11895914
0.13685436
0.14962205
0.15218569
0.16277091
0.16972821
0.17683307
0.072184675
0.073488606
0.071031907
0.074379728
0.079104189
0.075490388
0.081877831
0.084795963
0.091134143
0.10388288
0.12556813
0.1452715
0.15104343
0.15991201
0.16836528
0.1750334
0.17411242
0.073963139
0.075362198
0.076410888
0.074633652
0.080946854
0.077640814
0.084051043
0.087238666
0.093380053
0.1050224
0.12170852
0.14053911
0.15325738
0.16184364
0.17008112
0.17758732
0.18152975
0.077269068
0.080891991
0.076178477
0.083392844
0.079936612
0.077329865
0.088570135
0.093813075
0.10431992
0.11955985
0.13490005
0.15346602
0.16296667
0.16518863
0.18211239
0.18128236
0.18368614
0.078623697
0.087751262
0.078958494
0.085716166
0.080801786
0.078916279
0.091616627
0.098488851
0.10904209
0.12340843
0.13848063
0.15658795
0.16519117
0.16824328
0.18553642
0.18727191
0.18312742
0.089941937
0.081326944
0.092623802
0.083972945
0.079575061
0.082402045
0.099423865
0.10738325
0.12171882
0.1411517
0.14953319
0.16436987
0.1683123
0.18160543
0.19769922
0.18901482
0.17034661
0.065669509
0.066871077
0.067722374
0.097693372
0.086292427
0.083573447
0.094006233
0.11236443
0.076719828
0.073074535
0.11876348
0.12601443
0.12457276
0.14608415
0.086073219
0.076168926
0.096965963
0.11539002
0.1271198
0.13485915
0.14107218
0.070148064
0.095535559
0.084254375
0.076150703
0.1101506
0.12228147
0.12628234
0.12983108
0.14630114
0.071925789
0.097290137
0.085479738
0.077546831
0.1120239
0.12289906
0.12164448
0.13267255
0.15429947
0.0703251
0.10854779
0.096045394
0.082671435
0.076596862
0.11749713
0.11324822
0.12932733
0.16061579
0.069943083
0.11130818
0.098494278
0.083418546
0.078627676
0.1169587
0.11508102
0.13543259
0.1757633
0.16283926
0.06976818
0.12074254
0.11147481
0.082861721
0.078857158
0.074502669
0.12610916
0.1335705
0.19066875
0.17321862
0.072548119
0.12734517
0.11369403
0.079831492
0.071094382
0.076030897
0.13585294
0.14503379
0.20901361
0.20388589
0.17304065
0.077823391
0.13813299
0.1303214
0.09973707
0.071375844
0.074554501
0.088673269
0.14848777
0.22411169
0.21599527
0.18319283
0.085567505
0.13687265
0.14478657
0.15720381
0.16643314
0.17731208
0.1912773
0.20561914
0.22175189
0.089125002
0.14461182
0.16602197
0.18819929
0.19478275
0.19263554
0.14374545
0.13476008
0.10829535
0.074534844
0.08035163
0.098061067
0.15665764
0.24276655
0.234872
0.22022602
0.18127961
0.098348252
0.064301689
0.064126368
0.070966397
0.07258986
0.079629103
0.07969526
0.083127777
0.082765874
0.087707172
0.088275869
0.094682679
0.091962939
0.096679379
0.09928727
0.06567177
0.072364181
0.083409126
0.097464474
0.066546704
0.077167462
0.089682943
0.066687069
0.076448656
0.091614087
0.065661679
0.080338728
0.10166566
0.11750555
0.13350079
0.065767123
0.079323586
0.10712791
0.12500132
0.14167997
0.069932188
0.10033291
0.13150717
0.15234982
0.16193684
0.075048132
0.10772228
0.14552977
0.17014428
0.17620515
0.090244038
0.14530284
0.16679938
0.18943377
0.19612874
0.19429524
0
0
0
0
0
0
0
0
0
0
0
0
0
0
0
0
0
0
0
0
0
0
0
0
0
0
0
0
0
0
0
0
0
0
0
0
0
0
0
0
0
0
0
0
0
0
0
0
0
0
0
0
0
0
0
0
0
0
0
0
0
0
0
0
0
0
0
0
0
0
0
0
0
0
0
0
0
0
0
0
0
0
0
0
0
0
0
0
0
0
0
0
0
0
0
0
0
0
0
0
0
0
0
0
0
0
0
0
0
0
0
0
0
0
0
0
0
0
0
0
0
0
0
0
0
0
0
0
0
0
0
0
0
0
0
0
0
0
0.12784398
0.13981216
0.12994802
0.14550169
0.14065228
0.14597159
0.15442393
0.16921137
0.18486841
0.13935541
0.20743783
0.19463835
0.21168375
0.195375
0.18590916
0.17019983
0.1684879
0.16270204
0.17695508
0.18689952
0.20920985
0.22676944
0.25358704
0.24592004
0
0
0
0
0
0
0
0
0
0
0
0.22162176
0.21800728
0.22496518
0.22769167
0.23659637
0.24226413
0.25170021
0.24358012
0.2560622
0.25660058
0.26657739
0.26720375
0.2504603
0.1833108
0.21156779
0.23698143
0.26819133
0.23190446
0.23299225
0.27178942
0.20898381
0.19102031
0.19406115
0.21379143
0.23010304
0.18422035
0.1967513
0.21535296
0.20395602
0.22231671
0.22764054
0.21540449
0.2191832
0.20935437
0.20830434
0.20851298
0.21716406
0.21190277
0.26406054
0.26429052
0.29371996
0.23895995
0.24172266
0.22498565
0.21968067
0.2116598
0.23383108
0.26900338
0.2714729
0.29168298
0.27111093
0.24052717
0.24450333
0.227031
0.22205007
0.24445922
0.25366614
0.29099564
0.28321593
0.27587005
0.2594081
0.25395297
0.24635828
0.23451481
0.24395975
0.26975199
0.25369166
0.28636938
0.28001012
0.29571284
0.26505979
0.27295205
0.25750123
0.24508246
0.25673535
0.27197761
0.27186176
0.25669687
0.28350756
0.27899638
0.28107786
0.25433277
0.28241042
0.25051593
0.2645657
0.28037848
0.27009929
0.25737836
0.27816463
0.28413073
0.29750343
0.26106792
0.28977149
0.24954777
0.2606699
0.27544082
0.2656251
0.25423292
0.2744203
0.27644374
0.29663982
0.24801981
0.27687916
0.30151016
0.23800726
0.25826896
0.28022897
0.26936039
0.25790736
0.27935016
0.28276624
0.29487274
0.25242481
0.28124669
0.30378073
0.23963191
0.25363624
0.28053632
0.26635057
0.25518844
0.27587503
0.27943981
0.2902345
0.24233238
0.27124848
0.29711689
0.23332584
0.24864206
0.27486842
0.22541871
0.23194061
0.20883785
0.20789691
0.20582402
0.21372417
0.20925282
0.22004042
0.27024249
0.26635385
0
0
0
0
0
0
0
0
0
0
0
0
0
0
0
0
0
0
0
0
0
0
0
0
0
0
0
0
0
0
0
0
0
0
0
0
0
0
0
0
0
0
0
0
0
0
0
0
0
0
0
0
0
0
0
0
0
0
0
0
0
0
0
0
0
0
0
0
0
0
0
0
0
0
0
0
0
0
0
0
0
0
0
0
0
0
0
0
0
0
0
0
0
0
0
0
0
0
0
0
0
0
0
0
0
0
0
0
0
0
0
0
0
0
0
0
0
0
0
0
0
0
0
0
0
0
0
0
0
0
0
0
0
0
0
0
0
0
0
0
0
0
0
0
0
0
0
0
0
0
0
0
0
0
0
0
0
0
0
0
0
0
0
0
0
0
0
0
0
0
0
0
0
0
0
0
0
0
0
0
0
0
0
0
0
0
0
0
0
0
0
0
0
0
0
0
0
0
0
0
0
0
0
0
0
0
0
0
0
0
0
0
0
0
0
0
0
0
0
0
0
0
0
0
0
0
0
0
0
0
0
0
0
0
0
0
0
0
0
0
0
0
0
0
0
0
0
0
0
0
0
0
0
0
0
0
0
0
0
0
0
0
0
0
0
0
0
0
0
0
0
0
0
0
0
0
0
0
0
0
0
0
0
0
0
0
0
0
0
0
0
0
0
0
0
0
0
0
0
0
0
0
0
0
0
0
0
0
0
0
0
0
0
0
0
0
0
0
0
0
0
0
0
0
0
0
0
0
0
0
0
0
0
0
0
0
0
0
0
0
0
0
0
0
0
0
0
0
0
0
0
0
0
0
0
0
0
0
0
0
0
0
0
0
0
0
0
0
0
0
0.25255416
0.24451446
0.2206104
0.2059192
0.2102028
0
0
0
0
0
0
0
0
0
0
0
0
0
0
0
0
0
0
0
0
0
0
0
0
0
0
0
0
0
0
0
0
0
0
0
0
0
0
0
0
0
0
0
0
0
0
0
0
0
0
0
0
0
0
0
0
0
0
0
0
0
0
0
0
0
0
0
0
0
0
0
0
0
0
0
0
0
0
0
0
0
0
0
0
0
0
0
0
0
0
0
0
0
0.10325895
0.24104008
0.23163911
0.21367095
0.19830362
0.18819856
0.17288858
0.2449743
0.23284849
0.21054892
0.20263914
0.19919111
0.18304311
0.24783132
0.24432731
0.22495332
0.20321467
0.20259438
0.20720788
0.24807196
0.23052352
0.20860209
0.20521533
0.21245546
0.25554951
0.24707412
0.22360596
0.2087082
0.21531334
0.22771323
0.25134647
0.20686014
0.20339613
0.19253967
0.25521084
0.21886404
0.18653027
0.15437063
0.12162979
0.07611188
0.08078188
0.25230493
0.24207762
0.19863366
0.14663395
0.097021427
0.079034643
0.086491731
0.23822778
0.22925113
0.20807723
0.12748723
0.11174727
0.087089782
0.090334043
0.20371019
0.23720028
0.24814907
0.19507553
0.18631838
0.17888884
0.18958705
0.22440516
0.25261975
0.18899031
0.18508238
0.183537
0.19933695
0.23727932
0.18446812
0.18701614
0.18622976
0.18833464
0.21189681
0.22499037
0.23961497
0.22484287
0.15677525
0.12121383
0.087303413
0.1122335
0.072692578
0.17723975
0.18920725
0.1732783
0.19970928
0.22891216
0.23896383
0.22395054
0.1683341
0.15589447
0.10069653
0.1323129
0.17437099
0.17859458
0.16845668
0.19864849
0.26052378
0.25079872
0.26782083
0.25691115
0.25204068
0.22599932
0.21848564
0.22178444
0.085715102
0.13274981
0.12236448
0.15068405
0.18539426
0.16187432
0.19805945
0.15513734
0.16624661
0.13735608
0.1368262
0.14078433
0.1148874
0.12977731
0.12504972
0.12096334
0.12647296
0.082331556
0.086159896
0.10647808
0.11093314
0.10981483
0.11047178
0.16493464
0.1911087
0.20969633
0.23057638
0.19740091
0.2301774
0.2345208
0.2445873
0.24211315
0.25869202
0.23441094
0.2489209
0.25061099
0.22545148
0.19823822
0.16826273
0.14803619
0.12141312
0.14273764
0.11250189
0.25436555
0.24398605
0.25460509
0.25800257
0.23246998
0.21040529
0.18344383
0.16642725
0.13128607
0.1534696
0.1146348
0.24324058
0.25112748
0.242842
0.22646515
0.20636324
0.19218255
0.17502625
0.12465679
0.13967466
0.10643218
0.22680802
0.24274571
0.24013769
0.20850433
0.17243961
0.10849781
0.13796611
0.1666923
0.17480351
0.1570704
0.17267849
0.22381109
0.24672154
0.24230258
0.2173528
0.2066357
0.13227596
0.16931042
0.18879926
0.17832704
0.13716325
0.16673521
0.24254414
0.19810004
0.25469928
0.22991748
0.21271877
0.13738551
0.18438848
0.19290599
0.2088993
0.13539274
0.1368216
0.23703754
0.1936553
0.25131962
0.23084823
0.21984387
0.15294164
0.19557879
0.20405988
0.21370087
0.14027543
0.13602819
0.24308819
0.24640032
0
0
0
0
0
0
0
0
0
0
0
0
0
0
0
0
0
0
0
0
0
0
0
0
0
0
0
0
0
0
0
0
0
0
0
0
0
0
0
0
0
0
0
0
0
0
0
0.070367468
0.066671992
0.051193426
0.073962063
0.064612225
0.075172397
0.064873816
0.067271178
0.055559402
0.11884039
0.10505682
0.080226681
0.091562243
0.13001107
0.13094192
0.13010636
0.14254955
0.15794328
0.15613995
0.096200319
0.085556867
0.088720825
0.067664758
0.071851503
0.061427782
0.15771867
0.1725416
0.16621675
0.17386459
0.17563679
0.1698306
0.14653443
0.17047227
0.16164731
0.16383473
0.17225359
0.16273427
0.15549167
0.18290539
0.17345836
0.20287582
0.2151759
0.20453959
0.079713571
0.054414137
0.059462307
0.067231229
0.058619469
0.066421401
0.07281052
0.079401835
0.091720267
0.12146841
0.14775836
0.16218545
0.17023292
0.16883325
0.19276936
0.20709309
0.080807374
0.060169726
0.066661029
0.071066569
0.063627004
0.068534924
0.074238939
0.07979578
0.083698198
0.10084327
0.13378429
0.15376043
0.1705229
0.16194321
0.17593778
0.18673661
0.19086906
0.065333892
0.069581373
0.071542252
0.067610533
0.072957808
0.077434773
0.081232234
0.085525612
0.099506004
0.12907546
0.14991709
0.16132891
0.15901187
0.16851118
0.17410898
0.18836801
0.071414582
0.074005036
0.072546814
0.072325837
0.077396254
0.073516583
0.081312484
0.084492689
0.091747479
0.10735865
0.13458353
0.15650965
0.15716503
0.16451051
0.16984581
0.17875013
0.17941696
0.073572952
0.076050648
0.07814836
0.07411065
0.079844406
0.076379922
0.083494343
0.087047916
0.093879941
0.10668584
0.12573238
0.14778116
0.15796839
0.1655809
0.17108467
0.17956323
0.18783292
0.07796321
0.083231221
0.075976587
0.082846797
0.079240884
0.077280724
0.088265043
0.093828617
0.10528526
0.12203875
0.13908404
0.15812499
0.16728209
0.16599941
0.1832236
0.18336274
0.19036723
0.079552789
0.090797059
0.079686327
0.085371115
0.080606545
0.079238848
0.091405649
0.098539939
0.10980669
0.12547719
0.14076651
0.16028839
0.16934458
0.16921958
0.18671945
0.18856258
0.18982513
0.092543833
0.082087439
0.092536535
0.084014958
0.079922761
0.083385013
0.099518239
0.10790366
0.12291086
0.14372507
0.15136804
0.16876491
0.16974923
0.18278531
0.19887824
0.19022427
0.17179717
0.09855734
0.095207615
0.097590797
0.087323783
0.081860465
0.086938713
0.10393851
0.11366813
0.12771033
0.14570159
0.15660136
0.1627806
0.17553072
0.18904288
0.20524374
0.20186053
0.15714738
0.069413279
0.071349829
0.083759296
0.087720808
0.098347745
0.11984777
0.077151735
0.076847206
0.077454476
0.13717291
0.14773484
0.15252521
0.097549843
0.086144452
0.077543105
0.11414907
0.13081466
0.14088533
0.13884101
0.15334009
0.073738725
0.10043451
0.088006303
0.079565078
0.11723977
0.13167565
0.13479251
0.14034189
0.15909689
0.072876391
0.11342524
0.099231401
0.085168335
0.078642133
0.12604523
0.12341058
0.13516395
0.16405971
0.072009919
0.11625885
0.10248831
0.086150199
0.081053752
0.12336346
0.11956962
0.13903884
0.17803617
0.16523959
0.071616852
0.12456542
0.11592606
0.085219144
0.080447452
0.075990163
0.13152755
0.13618351
0.19188804
0.17479526
0.074253856
0.12953167
0.11659834
0.080896301
0.071191038
0.07588517
0.14054838
0.14851206
0.20999977
0.20504475
0.17446531
0.078280838
0.14099086
0.13226209
0.10073944
0.071566424
0.074738214
0.088302731
0.15119132
0.22533855
0.21740117
0.1845236
0.085596225
0.14723372
0.13684134
0.10905877
0.075168814
0.080875419
0.098068647
0.15794864
0.24467793
0.23734316
0.22224622
0.18247807
0.098304471
0.15116259
0.1619402
0.16990122
0.17899486
0.19239318
0.20730947
0.2234494
0.099023147
0.15528471
0.17409256
0.20244185
0.21382591
0.21080636
0.15839079
0.14287042
0.13355748
0.088891674
0.083055452
0.093408742
0.10753645
0.25704671
0.24376713
0.22579393
0.19017454
0.10621568
0.067386005
0.070617211
0.067879403
0.07394614
0.07012789
0.078262303
0.075369541
0.08355736
0.084194362
0.086483698
0.094334862
0.085321476
0.096389256
0.10090539
0.096808925
0.069526344
0.081143782
0.094134692
0.069526903
0.080760056
0.096333364
0.068836495
0.085443983
0.068098677
0.08388654
0.1104671
0.12871908
0.14425912
0.071912045
0.10247967
0.13272775
0.15409452
0.16358583
0.076700989
0.10946758
0.14603585
0.17138126
0.1776043
0.091403374
0.14638478
0.16750211
0.19051385
0.1975378
0.19595821
0.099546774
0.1559459
0.17490439
0.20338893
0.21514622
0.21217126
0
0
0
0
0
0
0
0
0
0
0
0
0
0
0
0
0
0
0
0
0
0
0
0
0
0
0
0
0
0
0
0
0
0
0
0
0
0
0
0
0
0
0
0
0
0
0
0
0
0
0
0
0
0
0
0
0
0
0
0
0
0
0
0
0
0
0
0
0
0
0
0
0
0
0
0
0
0
0
0
0
0
0
0
0
0
0
0
0
0
0
0
0
0
0
0
0
0
0
0
0
0
0
0
0
0
0
0
0
0
0.14486159
0.13536084
0.15063864
0.14372217
0.14926659
0.15659162
0.17091559
0.18638989
0.20286077
0.17978766
0.17668574
0.16971596
0.18199199
0.19182737
0.213338
0.22893149
0.25562894
0.24767332
0.27309597
0.2692474
0
0
0
0
0
0
0.23517229
0.24512602
0.23180852
0.23556618
0.24436818
0.25025019
0.25995454
0.24786527
0.25979728
0.27387031
0.27384415
0.27322128
0.193835
0.23525283
0.24730984
0.27541645
0.23973154
0.25647595
0.27214137
0.27838409
0.3043239
0.22741407
0.20291511
0.19324375
0.23403302
0.21593185
0.25246641
0.24384337
0.20128067
0.21894009
0.22946174
0.21217315
0.23287795
0.24843188
0.23368692
0.23174318
0.22101008
0.21896756
0.2308367
0.21662944
0.22589703
0.22792482
0.23816285
0.27926855
0.2805152
0.30328645
0.27963916
0.24877571
0.25316281
0.23367313
0.22661305
0.24954328
0.26500103
0.30306712
0.29821834
0.28473967
0.26847446
0.26267117
0.25546525
0.24183261
0.24942527
0.27820891
0.26431828
0.30039092
0.29670217
0.30873725
0.27490429
0.28350619
0.26758628
0.25520436
0.26427671
0.28236785
0.2867994
0.26687743
0.29938207
0.28778886
0.29086363
0.2662154
0.29255275
0.26389296
0.27746879
0.29709802
0.27889477
0.26295212
0.2898008
0.29211128
0.30729374
0.27600973
0.30190735
0.26616768
0.27604202
0.29032802
0.26921786
0.25810498
0.28068804
0.28088575
0.30511029
0.26207519
0.28995457
0.31060859
0.24958584
0.26895966
0.28778984
0.27282226
0.26101678
0.28350573
0.28631363
0.3002818
0.2647735
0.29281103
0.31129435
0.24715545
0.25953578
0.2876146
0.27266096
0.2885459
0.29152479
0.30434364
0.25324298
0.27678549
0.30641056
0.30626401
0.25892561
0.27668709
0.29723427
0.26917087
0.28433556
0.2878289
0.29876514
0.2447002
0.26577843
0.30019374
0.30253885
0.2528859
0.27179036
0.2924876
0.23175195
0.2405955
0.23675962
0.23911051
0.21518658
0.21367638
0.22080329
0.21623669
0.22819515
0.28387686
0.28054242
0
0
0
0
0
0
0
0
0
0
0
0
0
0
0
0
0
0
0
0
0
0
0
0
0
0
0
0
0
0
0
0
0
0
0
0
0
0
0
0
0
0
0
0
0
0
0
0
0
0
0
0
0
0
0
0
0
0
0
0
0
0
0
0
0
0
0
0
0
0
0
0
0
0
0
0
0
0
0
0
0
0
0
0
0
0
0
0
0
0
0
0
0
0
0
0
0
0
0
0
0
0
0
0
0
0
0
0
0
0
0
0
0
0
0
0
0
0
0
0
0
0
0
0
0
0
0
0
0
0
0
0
0
0
0
0
0
0
0
0
0
0
0
0
0
0
0
0
0
0
0
0
0
0
0
0
0
0
0
0
0
0
0
0
0
0
0
0
0
0
0
0
0
0
0
0
0
0
0
0
0
0
0
0
0
0
0
0
0
0
0
0
0
0
0
0
0
0
0
0
0
0
0
0
0
0
0
0
0
0
0
0
0
0
0
0
0
0
0
0
0
0
0
0
0
0
0
0
0
0
0
0
0
0
0
0
0
0
0
0
0
0
0
0
0
0
0
0
0
0
0
0
0
0
0
0
0
0
0
0
0
0
0
0
0
0
0
0
0
0
0
0
0
0
0
0
0
0
0
0
0
0
0
0
0
0
0
0
0
0
0
0
0
0
0
0
0
0
0
0
0
0
0
0.25902117
0.25531333
0.23440845
0.21851061
0.22120789
0
0
0
0
0
0
0
0
0
0
0
0
0
0
0
0
0
0
0
0
0
0
0
0
0
0
0
0
0
0
0
0
0
0
0
0
0
0
0
0
0
0
0
0
0
0
0
0
0
0
0
0
0
0
0
0
0
0
0
0
0
0
0
0
0
0
0
0
0
0
0
0
0
0
0.25144599
0.23979047
0.21952152
0.21239662
0.20611492
0.18615219
0.25302855
0.24855164
0.23019791
0.20960995
0.21116417
0.21338624
0.25177447
0.2347032
0.21241924
0.21068825
0.21945218
0.25925699
0.24983622
0.22695335
0.21225144
0.22269643
0.26292853
0.25836162
0.23737508
0.22178321
0.22562277
0.22681425
0.26447468
0.26832016
0.22821516
0.19708211
0.27002543
0.25468547
0.20799567
0.15799419
0.10543477
0.084863549
0.093293827
0.2559237
0.24323478
0.21482043
0.13251385
0.11541896
0.090599332
0.097791162
0.23696255
0.25376228
0.23320201
0.15970412
0.1233973
0.089871542
0.11412154
0.076253852
0.21081259
0.26792324
0.20448633
0.19425466
0.19065642
0.21396477
0.25504875
0.1996849
0.19745095
0.19634662
0.20569906
0.23094931
0.18750969
0.19821921
0.1881043
0.21427471
0.2357217
0.24823504
0.22884845
0.17033983
0.15730349
0.10213888
0.13372884
0.18039649
0.18894782
0.1802768
0.2088056
0.23282139
0.24685469
0.24673577
0.20969855
0.17323958
0.10949319
0.13839989
0.16713859
0.18108644
0.16601938
0.1794142
0.28121138
0.26942796
0.27443622
0.25493071
0.24049162
0.23844012
0.093873246
0.11958568
0.19316501
0.18001285
0.20881166
0.23201036
0.20080145
0.16386815
0.16859317
0.14673882
0.1472143
0.15560727
0.14983485
0.10134938
0.13188217
0.12946171
0.13516423
0.12944007
0.14754554
0.085428651
0.11624965
0.11569211
0.12213767
0.11699754
0.17252637
0.2322236
0.24039262
0.23840523
0.20949992
0.24886095
0.2591154
0.24358375
0.26477477
0.25732835
0.26495456
0.25390334
0.26714224
0.26922129
0.24064297
0.21480286
0.18557711
0.16769257
0.13951311
0.15887117
0.12044576
0.25451378
0.26484553
0.25892255
0.23821621
0.21273544
0.19536988
0.17762605
0.13202354
0.14750271
0.11102155
0.25138823
0.26229342
0.25280433
0.23387829
0.2226765
0.21284363
0.18967988
0.13369659
0.14811015
0.11462977
0.2274119
0.25078277
0.24588277
0.21957706
0.20841717
0.13337922
0.16908127
0.18996288
0.18443969
0.14000999
0.17002533
0.24670181
0.20001345
0.25949647
0.23341888
0.21540782
0.13975818
0.18528605
0.19437283
0.21175267
0.13675905
0.13838928
0.24032041
0.1952165
0.25653223
0.23475814
0.22367664
0.15525632
0.19802669
0.20709176
0.217868
0.14118326
0.1369817
0.25310315
0.21595592
0.15857927
0.23777279
0.22296337
0.13654648
0.19867657
0.21894543
0.2135448
0.21817795
0.13927767
0.2531888
0
0
0
0
0
0
0
0
0
0
0
0
0
0
0
0
0
0
0
0
0
0
0
0
0
0
0
0
0
0
0
0
0
0
0
0
0
0
0.072818471
0.056842808
0.065214881
0.073417409
0.069577903
0.060760619
0.12337273
0.099071387
0.12012297
0.098209517
0.082505162
0.098642188
0.14742927
0.15746177
0.13351848
0.14827322
0.15876467
0.1681828
0.17734489
0.16116414
0.086013755
0.082538468
0.074336186
0.072238054
0.073646122
0.066734197
0.16611426
0.17555629
0.18141437
0.18619315
0.17460627
0.17995367
0.18577916
0.17808003
0.17801122
0.18068313
0.15754068
0.16982089
0.17148881
0.18407598
0.18143717
0.16986455
0.18274635
0.20246742
0.22329753
0.21147895
0.22180642
0.22617153
0.086493071
0.061036319
0.067924225
0.074572466
0.06254048
0.067932224
0.074450921
0.081281187
0.085948029
0.10908121
0.14792099
0.16902719
0.18397786
0.17238209
0.19022099
0.2036446
0.20827675
0.063220738
0.069142794
0.073028397
0.066484776
0.071961598
0.07721544
0.081759779
0.086852623
0.10593906
0.14181783
0.16502165
0.17502731
0.16857573
0.17799346
0.18317409
0.20518099
0.070792602
0.07523876
0.075015497
0.070552118
0.076417541
0.072259301
0.081220155
0.084557901
0.093261594
0.113607
0.14731001
0.17064587
0.16640749
0.17248571
0.17335697
0.1868929
0.18947692
0.073321806
0.077385314
0.080492283
0.073668841
0.078767413
0.075081292
0.083032363
0.086893529
0.094957933
0.10972202
0.13291222
0.15850548
0.16477689
0.17181774
0.17301455
0.18325652
0.19601515
0.07913951
0.086458753
0.075831076
0.082475105
0.078350959
0.077365677
0.08789542
0.093887462
0.10671217
0.125825
0.14524198
0.16470667
0.17381837
0.16726813
0.18485714
0.18673541
0.19868851
0.080805543
0.09436078
0.080610653
0.085193339
0.080374891
0.079688372
0.091054988
0.098682323
0.11110904
0.12873987
0.14401599
0.16559759
0.17533736
0.1703839
0.18800142
0.19040863
0.19842289
0.095973391
0.083379539
0.092331842
0.084069217
0.080400889
0.084704927
0.099550937
0.10843237
0.12443809
0.14706589
0.15353968
0.17473319
0.171187
0.18400272
0.20026777
0.19158176
0.17313837
0.10088162
0.09736916
0.097583739
0.087531119
0.082573082
0.088407727
0.10406978
0.1141681
0.12843858
0.1480164
0.15897435
0.16473165
0.17736701
0.19070141
0.20655275
0.20315118
0.15832058
0.10536379
0.096270731
0.10474498
0.085597742
0.086426059
0.10701939
0.11425286
0.12868615
0.14103668
0.16102772
0.16804441
0.18146803
0.19377072
0.20622043
0.21988525
0.21309258
0.17019506
0.071617678
0.073654239
0.075131311
0.090680383
0.087864532
0.098483894
0.10303374
0.11708837
0.12956205
0.13780918
0.079540192
0.078716462
0.15472458
0.14951449
0.16153006
0.10292243
0.09012103
0.081489089
0.12165748
0.13947623
0.14879279
0.15054394
0.16500105
0.075909803
0.11779335
0.10190155
0.087724205
0.0807844
0.13439702
0.13571913
0.14388412
0.16931446
0.074528586
0.12163793
0.10614109
0.089052466
0.083547796
0.13166732
0.12647935
0.14474455
0.18134889
0.16943901
0.074203099
0.12993852
0.1208031
0.088372749
0.082362056
0.077842548
0.13961988
0.14002906
0.19374048
0.17741099
0.076441809
0.13322216
0.12040732
0.082271114
0.071318584
0.07574271
0.14738405
0.15296226
0.21113599
0.20658745
0.17641648
0.078887228
0.14439743
0.1346061
0.10217381
0.071692971
0.074777345
0.087760323
0.15519179
0.22707745
0.21929325
0.18623094
0.085574722
0.15104339
0.13925318
0.10942512
0.075642575
0.081195378
0.097567495
0.15915483
0.24614419
0.23993803
0.22455332
0.18384911
0.098153779
0.15991173
0.14716829
0.13512532
0.089889172
0.083952208
0.09380748
0.1073383
0.25994417
0.2473427
0.22861185
0.19168593
0.10624831
0.16684795
0.17452983
0.18171055
0.19430418
0.20937088
0.22544252
0.12637489
0.17972775
0.21393703
0.22644367
0.22940872
0.16892859
0.14748193
0.1374204
0.10355691
0.095563713
0.10155455
0.11223017
0.26340965
0.24817339
0.21672426
0.19118976
0.11656118
0.072129662
0.073095013
0.079812061
0.080635192
0.084461425
0.086229347
0.089974645
0.097855163
0.088014057
0.099546435
0.10452285
0.10106291
0.073250547
0.084982727
0.10079161
0.072826468
0.090546726
0.071422957
0.088868951
0.074774709
0.1052831
0.13409293
0.15660713
0.16601472
0.078996382
0.11170475
0.14646367
0.17281981
0.17938356
0.093009827
0.14673334
0.1683815
0.19150491
0.19915135
0.19746742
0.10012231
0.15666786
0.1756922
0.20426643
0.21609615
0.21348573
0.1268391
0.18082945
0.21515523
0.22790031
0.23085388
0
0
0
0
0
0
0
0
0
0
0
0
0
0
0
0
0
0
0
0
0
0
0
0
0
0
0
0
0
0
0
0
0
0
0
0
0
0
0
0
0
0
0
0
0
0
0
0
0
0
0
0
0
0
0
0
0
0
0
0
0
0
0
0
0
0
0
0
0
0
0
0
0
0
0
0
0
0
0
0
0
0
0
0
0
0.15721197
0.14663868
0.15341676
0.16045657
0.17375287
0.18836312
0.22251621
0.20082411
0.18486836
0.17914874
0.18991332
0.19964764
0.22029479
0.23215272
0.25790018
0.24981139
0.27563491
0.27151697
0.28694481
0.28397855
0.23835938
0.25307354
0.24286801
0.25241099
0.25855769
0.26988031
0.25576468
0.26491877
0.28480929
0.29314754
0.28930072
0.22272163
0.27125514
0.28768246
0.25816113
0.2799629
0.28936913
0.29493466
0.31642401
0.31431699
0.23544046
0.20691641
0.23612758
0.26176386
0.28741131
0.21521017
0.2316937
0.22329946
0.24427231
0.25972367
0.25582373
0.24169422
0.25086076
0.26099712
0.22749126
0.2166591
0.23821894
0.24251183
0.23767484
0.2314796
0.24012192
0.23283526
0.24552685
0.26054934
0.25443898
0.27755344
0.31473088
0.31232765
0.29337426
0.27701504
0.27144617
0.26450494
0.24826493
0.25436458
0.28591134
0.27732929
0.31328172
0.31246866
0.32044943
0.28432231
0.29350873
0.27808786
0.26395838
0.27079115
0.29175878
0.30537064
0.28402234
0.31418553
0.29775425
0.30129128
0.27717783
0.30257633
0.27379024
0.28718798
0.31333273
0.29374734
0.27396906
0.30714746
0.30144072
0.31798353
0.28956994
0.31339885
0.27998706
0.29046952
0.30842083
0.27515478
0.2651772
0.29054078
0.28669106
0.31538932
0.2799055
0.30437232
0.32144559
0.26607451
0.28413563
0.29911819
0.27727565
0.26506842
0.28876779
0.2905239
0.30729388
0.28075259
0.30604915
0.32029379
0.25768661
0.26697367
0.29672515
0.27686694
0.29352701
0.29543594
0.31080481
0.2640306
0.28973127
0.31337834
0.3104848
0.26592048
0.28246436
0.30256812
0.28142554
0.30413341
0.30217927
0.3117088
0.2753258
0.29321846
0.31607727
0.31549211
0.27530722
0.28926037
0.30960213
0.27714238
0.29889342
0.29719446
0.30604664
0.26576062
0.28548935
0.31171737
0.31272531
0.2675883
0.28345706
0.30467399
0.24752933
0.24580492
0.22121662
0.22888381
0.2247683
0.23853453
0.29576485
0.28891608
0
0
0
0
0
0
0
0
0
0
0
0
0
0
0
0
0
0
0
0
0
0
0
0
0
0
0
0
0
0
0
0
0
0
0
0
0
0
0
0
0
0
0
0
0
0
0
0
0
0
0
0
0
0
0
0
0
0
0
0
0
0
0
0
0
0
0
0
0
0
0
0
0
0
0
0
0
0
0
0
0
0
0
0
0
0
0
0
0
0
0
0
0
0
0
0
0
0
0
0
0
0
0
0
0
0
0
0
0
0
0
0
0
0
0
0
0
0
0
0
0
0
0
0
0
0
0
0
0
0
0
0
0
0
0
0
0
0
0
0
0
0
0
0
0
0
0
0
0
0
0
0
0
0
0
0
0
0
0
0
0
0
0
0
0
0
0
0
0
0
0
0
0
0
0
0
0
0
0
0
0
0
0
0
0
0
0
0
0
0
0
0
0
0
0
0
0
0
0
0
0
0
0
0
0
0
0
0
0
0
0
0
0
0
0
0
0
0
0
0
0
0
0
0
0
0
0
0
0
0
0
0
0
0
0
0
0
0
0
0
0
0
0
0
0
0
0
0
0
0
0
0
0
0.26565541
0.2699444
0.25866644
0.236337
0.22601702
0
0
0
0
0
0
0
0
0
0
0
0
0
0
0
0
0
0
0
0
0
0
0
0
0
0
0
0
0
0
0
0
0
0
0
0
0
0
0
0
0
0
0
0
0
0
0
0
0
0
0
0
0
0
0
0
0
0.26258125
0.2557222
0.23953021
0.2207858
0.22174979
0.21969388
0.25741346
0.24113059
0.21883967
0.2185479
0.22591999
0.26417717
0.25327939
0.23116741
0.21693321
0.23317953
0.26759704
0.26186838
0.24088369
0.2260636
0.23180494
0.26986685
0.27409165
0.26311745
0.24012917
0.23021687
0.28322479
0.28629299
0.26552363
0.21741117
0.27509663
0.25790049
0.22346186
0.14156132
0.12190433
0.095478118
0.10707151
0.25531333
0.27092183
0.24289585
0.1641088
0.12673969
0.093876045
0.11698752
0.081983928
0.24754128
0.26217814
0.23575365
0.17326885
0.15940737
0.10421286
0.13573567
0.21628746
0.20741632
0.20379691
0.22218297
0.25223536
0.20102152
0.2064662
0.20394289
0.23395718
0.18915313
0.20030721
0.19496132
0.22445486
0.2426757
0.25340819
0.25655464
0.21145633
0.17476053
0.11088336
0.13899806
0.16831977
0.18958708
0.17702489
0.19036933
0.23311301
0.25635875
0.25124584
0.22241795
0.2105882
0.13501519
0.16882151
0.19123608
0.19203167
0.14474337
0.17550165
0.28972844
0.27651208
0.26543181
0.26795392
0.26420589
0.10125737
0.13396073
0.18871468
0.23353056
0.21090091
0.24975126
0.21903752
0.16509906
0.17106333
0.1866915
0.15075123
0.16363054
0.16924005
0.11844665
0.13879735
0.13890047
0.14507282
0.14731352
0.15940069
0.16422877
0.095727507
0.11287143
0.11837454
0.11860754
0.12604817
0.15763645
0.25141991
0.23338169
0.24319871
0.27037071
0.27924327
0.27510655
0.27848739
0.27851267
0.26677334
0.27903267
0.27461643
0.24804733
0.21747642
0.19807676
0.18084228
0.13923394
0.15642085
0.1159469
0.26350164
0.27693339
0.27042246
0.24898123
0.23111552
0.21760724
0.19356336
0.14004651
0.15443944
0.11884177
0.26427495
0.27840982
0.26897834
0.25534627
0.23711023
0.23265784
0.22616935
0.1696657
0.13590622
0.16045884
0.10922703
0.25195303
0.20311502
0.26494667
0.23814124
0.21897934
0.14272773
0.18580369
0.19584714
0.21529196
0.13881322
0.14083597
0.24398122
0.19625693
0.26278584
0.23961381
0.22906254
0.15772462
0.20022191
0.21025299
0.22287873
0.14214726
0.13815663
0.25769242
0.218553
0.160092
0.24258362
0.2275328
0.13918517
0.20216555
0.22397711
0.21641857
0.222506
0.14044284
0.24467365
0.21105325
0.16374295
0.23180843
0.22290669
0.15201745
0.21263546
0.22842041
0.22294875
0.2086316
0.15022419
0
0
0
0
0
0
0
0
0
0
0
0
0
0
0
0
0
0
0
0
0
0
0
0
0
0.074712322
0.067073597
0.074042097
0.082880336
0.072490595
0.075365366
0.064094358
0.12499423
0.1017085
0.10737117
0.085236089
0.091688321
0.13219964
0.12112985
0.14540626
0.16254776
0.16349714
0.17102769
0.18304978
0.18351522
0.085001179
0.07635567
0.075944803
0.069222928
0.18609966
0.19211307
0.19650008
0.19396374
0.18648517
0.18585123
0.19450939
0.18570055
0.1719155
0.17401498
0.19276363
0.20933038
0.23064196
0.22846176
0.22949158
0.063166262
0.070208811
0.076088689
0.067121639
0.072099367
0.07798795
0.083568549
0.090216426
0.11584502
0.15701987
0.18143953
0.19042422
0.18169521
0.19249963
0.19797889
0.22508626
0.071077914
0.077776671
0.079205846
0.06983341
0.07666335
0.07228498
0.081944513
0.085659671
0.096565338
0.12343454
0.16281293
0.18674739
0.17898151
0.18449752
0.1811041
0.20163755
0.20556495
0.073690596
0.080023546
0.084187115
0.073882159
0.078439443
0.074713343
0.083001456
0.087116397
0.0972734
0.11534311
0.1447259
0.17288152
0.1748818
0.1815964
0.17710948
0.19084428
0.20752028
0.081329162
0.091062062
0.076106565
0.082799755
0.077677453
0.07804032
0.087596596
0.09416236
0.10935251
0.13231978
0.15429216
0.17411294
0.1832012
0.16966734
0.1878368
0.19294889
0.20937571
0.083057718
0.098937212
0.08225121
0.085611565
0.080400549
0.080588728
0.090910141
0.098868879
0.11315689
0.13410762
0.1488517
0.17325947
0.1835539
0.17212235
0.1897316
0.19328903
0.2073776
0.10018964
0.08501292
0.092065383
0.084311143
0.081142977
0.086299768
0.099612867
0.10916097
0.12668974
0.15184974
0.15649408
0.18281502
0.17290946
0.18533415
0.20195681
0.19338126
0.17497013
0.10382915
0.10015898
0.097480497
0.087804613
0.083549427
0.090530294
0.10419167
0.11478252
0.12942016
0.1511864
0.16202547
0.16674289
0.1791848
0.19223217
0.20777442
0.20400539
0.15947867
0.10743852
0.096618736
0.10509599
0.086498071
0.088059027
0.10880733
0.11477369
0.1296427
0.1427319
0.16407494
0.1701965
0.18365631
0.19601331
0.20815564
0.22121753
0.21479586
0.1715873
0.15746829
0.10165236
0.11056398
0.090832707
0.092813605
0.11894779
0.12095226
0.13390173
0.14499418
0.16179259
0.17604103
0.19108821
0.20536791
0.21316142
0.23030517
0.2299713
0.17203017
0.075636451
0.07905342
0.091207268
0.098761524
0.090916635
0.091657099
0.10433466
0.12067242
0.12510442
0.1455152
0.085059255
0.080801769
0.080968655
0.08282933
0.1624699
0.16265635
0.17034053
0.12175986
0.10404251
0.090244778
0.082905956
0.14128057
0.14870922
0.15554078
0.17539739
0.077645815
0.12667169
0.10924491
0.092008346
0.086071463
0.14049799
0.13615388
0.15341929
0.18575441
0.17615941
0.077609002
0.13673228
0.12590763
0.092478531
0.084696929
0.080267336
0.15023542
0.14598857
0.19664149
0.18187935
0.079275092
0.138414
0.12523488
0.084704059
0.071592825
0.075592263
0.15671029
0.15923409
0.21291255
0.20889769
0.17946706
0.079647265
0.1492699
0.13840849
0.10409682
0.071844174
0.074708217
0.086859603
0.16092422
0.22922659
0.22154716
0.18857998
0.085428319
0.15573036
0.14208411
0.11026275
0.075880124
0.081278666
0.096901779
0.16063162
0.24809934
0.24336674
0.22777967
0.18550275
0.098138492
0.1612484
0.15228358
0.13694184
0.090852042
0.084681056
0.093511448
0.10688297
0.26257767
0.25112717
0.23208059
0.19336314
0.10609068
0.17006036
0.1513957
0.14001054
0.1042064
0.096422012
0.1017022
0.11215832
0.26765843
0.2526835
0.21884118
0.1930012
0.11648427
0.18025478
0.18636745
0.19741541
0.21257577
0.22832976
0.13428304
0.18769049
0.2189672
0.25503299
0.23903856
0.15128124
0.14104522
0.1097749
0.10958705
0.1049227
0.11025394
0.11837529
0.27169985
0.25335938
0.22300076
0.20003031
0.11993381
0.075565942
0.079580507
0.077300446
0.08354928
0.085643702
0.088627524
0.085773323
0.099925092
0.10480851
0.096361099
0.099664668
0.077805636
0.095586062
0.075600113
0.09421051
0.078667607
0.082055565
0.11464315
0.14680469
0.17484653
0.18191663
0.094858265
0.14696047
0.16950663
0.19269624
0.20154783
0.1992691
0.10126044
0.15681396
0.17675216
0.2053655
0.2176365
0.21492282
0.12726795
0.18199628
0.21645312
0.22903717
0.23219322
0.1345482
0.18895793
0.22074188
0.25744525
0.24090849
0
0
0
0
0
0
0
0
0
0
0
0
0
0
0
0
0
0
0
0
0
0
0
0
0
0
0
0
0
0
0
0
0
0
0
0
0
0
0
0
0
0
0
0
0
0
0
0
0
0
0
0
0
0
0
0
0
0
0
0
0
0
0
0
0.15782115
0.16599224
0.17877756
0.19159488
0.20973383
0.18780616
0.19969976
0.21033355
0.23000974
0.2381757
0.26113494
0.25293117
0.27833473
0.27406353
0.28984975
0.28736162
0.2995259
0.29391637
0.24569363
0.25880492
0.26305551
0.27072495
0.25943858
0.26682424
0.27900036
0.26618236
0.27258494
0.30294911
0.31059283
0.28967015
0.23323983
0.27084869
0.28401801
0.28896181
0.30133636
0.32551428
0.29404029
0.32326163
0.32902215
0.32578353
0.22840095
0.2438521
0.26324411
0.28643408
0.30121556
0.22953846
0.24636713
0.23872932
0.26607307
0.2832363
0.24700446
0.27089788
0.27823535
0.22788621
0.21284224
0.25477759
0.25233897
0.24874777
0.25372734
0.25920073
0.26135349
0.27192282
0.25090186
0.27155467
0.29214554
0.29060022
0.32548874
0.32689425
0.33168479
0.29306204
0.3021134
0.2872181
0.27122967
0.2766362
0.29975892
0.32281665
0.30347368
0.32719
0.30639366
0.31115542
0.28684875
0.31205122
0.28112849
0.29547634
0.32654472
0.31260083
0.29213896
0.32639551
0.31113589
0.3285478
0.30003334
0.32319999
0.28996977
0.30220311
0.32539494
0.28617018
0.27808282
0.30768716
0.2946859
0.3265763
0.29545204
0.31689909
0.33289809
0.28333744
0.30253822
0.31733445
0.28469711
0.27200542
0.29691699
0.29577139
0.31628737
0.2983042
0.31965211
0.33117184
0.2733754
0.27866058
0.30995032
0.28246756
0.30005428
0.30009332
0.31893073
0.27975607
0.30536646
0.32198948
0.31619952
0.27505626
0.28971862
0.30955448
0.28662731
0.31067569
0.30756334
0.31780194
0.28716726
0.30266524
0.32110955
0.31875015
0.28428055
0.29589251
0.31504644
0.31569963
0.30617664
0.31659198
0.29437788
0.30510772
0.32320292
0.3241584
0.32473295
0.29936617
0.31626364
0.33302027
0.30921233
0.30230923
0.31307991
0.28501264
0.29749149
0.31861771
0.32215499
0.32239489
0.29180191
0.31149698
0.32781815
0.25424249
0.25063025
0.26074186
0.25168527
0.23669632
0.23409873
0.24922322
0.30562015
0.29230186
0
0
0
0
0
0
0
0
0
0
0
0
0
0
0
0
0
0
0
0
0
0
0
0
0
0
0
0
0
0
0
0
0
0
0
0
0
0
0
0
0
0
0
0
0
0
0
0
0
0
0
0
0
0
0
0
0
0
0
0
0
0
0
0
0
0
0
0
0
0
0
0
0
0
0
0
0
0
0
0
0
0
0
0
0
0
0
0
0
0
0
0
0
0
0
0
0
0
0
0
0
0
0
0
0
0
0
0
0
0
0
0
0
0
0
0
0
0
0
0
0
0
0
0
0
0
0
0
0
0
0
0
0
0
0
0
0
0
0
0
0
0
0
0
0
0
0
0
0
0
0
0
0
0
0
0
0
0
0
0
0
0
0
0
0
0
0
0
0
0
0
0
0
0
0
0
0
0
0
0
0
0
0
0
0
0
0
0
0
0
0
0
0
0
0
0
0
0
0
0
0
0
0
0
0
0
0
0
0
0
0.28070075
0.27766553
0.26779252
0.25008561
0.24032629
0
0
0
0
0
0
0
0
0
0
0
0
0
0
0
0
0
0
0
0
0
0
0
0
0
0
0
0
0
0
0
0
0
0
0
0
0
0
0
0
0
0
0
0
0
0
0
0.26725721
0.2525831
0.23080445
0.2296563
0.23243715
0.27211157
0.25832214
0.23799801
0.22487357
0.244834
0.2739744
0.26606578
0.24498705
0.23201093
0.24135706
0.27476097
0.27907132
0.26867645
0.24499025
0.2360339
0.28482936
0.28321236
0.27412288
0.25482473
0.24361864
0.29828952
0.27789581
0.30426607
0.29282674
0.27034471
0.23430949
0.27723945
0.28900126
0.25380285
0.17138958
0.13160871
0.099984719
0.1211109
0.090693162
0.26514105
0.27956758
0.24511096
0.17783468
0.16282594
0.1074594
0.1388444
0.25798536
0.26477344
0.2699204
0.21406338
0.17714396
0.11294993
0.13992587
0.17022549
0.21613743
0.21822478
0.25503193
0.2021976
0.21183414
0.21096045
0.24396246
0.20110248
0.190669
0.20644644
0.24259647
0.26473301
0.25904682
0.22646912
0.21369096
0.13733673
0.16865453
0.19319267
0.20097687
0.15302581
0.18494718
0.25947298
0.20828589
0.27226511
0.24500285
0.22364743
0.14665442
0.18628085
0.19734775
0.21982317
0.1421498
0.14485703
0.30513879
0.28703075
0.29943651
0.28015188
0.10870175
0.12590756
0.13759278
0.19420459
0.24399301
0.22242664
0.26349056
0.25784504
0.22442097
0.22176415
0.18496299
0.18327379
0.19990776
0.16042475
0.17655862
0.18545536
0.10478717
0.14714204
0.15614108
0.16641916
0.14640155
0.16978419
0.12436637
0.12392857
0.13320764
0.12092351
0.18303578
0.25630619
0.28248453
0.2911304
0.2870404
0.28547902
0.29512282
0.3103706
0.29237023
0.27759732
0.29281187
0.2877255
0.26165529
0.23814714
0.22146467
0.19811321
0.14737818
0.16341675
0.12400285
0.27849238
0.29751723
0.28785021
0.27383552
0.25268331
0.24148619
0.23233412
0.17478751
0.13864379
0.16641102
0.11395505
0.29678365
0.28501877
0.27068786
0.24965153
0.24375648
0.23924047
0.18586842
0.14750382
0.17794175
0.11849276
0.24923718
0.1984702
0.2701586
0.24601978
0.23652781
0.16128856
0.20225592
0.21328451
0.22886106
0.14320125
0.13942522
0.26361809
0.22143545
0.16153547
0.24887598
0.23417624
0.14219645
0.20516939
0.22985349
0.21967573
0.22835171
0.14166179
0.24820924
0.21308862
0.165587
0.2348155
0.2254324
0.1537455
0.21735279
0.23531413
0.22662791
0.2099394
0.1519647
0.23495104
0.23569753
0.21482795
0.16970612
0.21778861
0.18095083
0.22239253
0.23818796
0.22567959
0.21729981
0.22457473
0.17018218
0
0
0
0
0
0
0
0
0
0
0
0
0
0
0.067057898
0.073624581
0.080956246
0.07728007
0.071206057
0.10226703
0.12350489
0.097883004
0.087785568
0.096961939
0.15132787
0.12568807
0.15959463
0.13043456
0.15002371
0.17767696
0.15997632
0.18872784
0.17442116
0.17705828
0.18799096
0.19251874
0.19884215
0.19762371
0.086324313
0.079931006
0.077057981
0.079133866
0.073611575
0.20207631
0.20943494
0.2056511
0.19538714
0.18157035
0.20447059
0.20441172
0.19774577
0.18708965
0.1931124
0.21514237
0.23197994
0.21327934
0.22957983
0.26712477
0.22054803
0.073125315
0.082015364
0.08561105
0.070511642
0.078241179
0.07390776
0.083858929
0.088864042
0.10300397
0.13752865
0.18085984
0.20412409
0.19535325
0.20051629
0.19503591
0.22257679
0.22615716
0.075349204
0.084440033
0.089603058
0.075389503
0.079443654
0.075798177
0.083775005
0.088384653
0.10174174
0.12455628
0.16037643
0.19013835
0.18849448
0.19452607
0.18541748
0.20453932
0.22358188
0.085125433
0.097756154
0.077417377
0.084373397
0.078070257
0.079853528
0.087704391
0.095157478
0.11427444
0.14259718
0.16737372
0.18751637
0.19671744
0.17468764
0.19379836
0.20429561
0.22319711
0.086769256
0.10546639
0.085187838
0.087152243
0.08110599
0.082361388
0.091141464
0.099364774
0.11674332
0.14301905
0.15576796
0.18371691
0.1944719
0.17522248
0.19257355
0.19821695
0.21746755
0.10567282
0.087923844
0.092454983
0.08503805
0.082607552
0.088765774
0.099703733
0.11025049
0.13038513
0.15925706
0.16088845
0.19298196
0.17550267
0.18720001
0.20433258
0.19595558
0.17805436
0.10828228
0.10393562
0.097264368
0.088283315
0.085088711
0.093206159
0.10450206
0.11576041
0.1309344
0.15595584
0.16626594
0.16925085
0.18133102
0.1939942
0.20924103
0.20503102
0.16083205
0.11026728
0.096928622
0.1053506
0.087633839
0.090198983
0.11096671
0.11531177
0.13078656
0.14493997
0.16813544
0.17255995
0.1859861
0.19810224
0.21012252
0.22220179
0.21560857
0.17311975
0.15914018
0.10205296
0.11097062
0.091799145
0.094501153
0.12051553
0.12132015
0.13487092
0.14698738
0.16340491
0.17852629
0.19362274
0.20802716
0.21591136
0.23227307
0.23154246
0.17407166
0.17761628
0.098463655
0.10959307
0.11926506
0.092518148
0.11333229
0.17596458
0.13018757
0.1423939
0.1628984
0.18058694
0.20148724
0.2183163
0.21250299
0.23812456
0.24896124
0.24445255
0.19890915
0.078599918
0.082709443
0.080945847
0.093830914
0.10544908
0.092216484
0.10969738
0.12453079
0.13235206
0.1469271
0.16157185
0.083995136
0.084627167
0.16879944
0.19562253
0.20833454
0.18080416
0.13113928
0.11201808
0.094910235
0.088545204
0.14866521
0.14797025
0.16473514
0.19112401
0.18428851
0.082026994
0.14419989
0.13070847
0.097469726
0.087705736
0.083639067
0.16190663
0.15479117
0.20096886
0.18895242
0.083030897
0.1455374
0.13072362
0.088679579
0.072335924
0.075695486
0.16765766
0.16826236
0.21574988
0.21238685
0.18465358
0.081017698
0.15620929
0.14339281
0.10731327
0.072081809
0.074468174
0.085386981
0.16910328
0.23208142
0.22468002
0.19242584
0.085088605
0.16184139
0.1458015
0.11137218
0.07604813
0.081187519
0.095976941
0.16286698
0.25091095
0.24772458
0.23193186
0.18792642
0.097955655
0.16284808
0.15865344
0.13912815
0.091587893
0.085083019
0.093195261
0.10625452
0.26590105
0.25635323
0.23686025
0.19543214
0.10587636
0.17128451
0.15597905
0.14292104
0.10483155
0.097130589
0.10142238
0.11184481
0.27228603
0.25779552
0.22103493
0.19503823
0.11640345
0.15294749
0.14501527
0.11048222
0.11030987
0.10522204
0.11015858
0.11842203
0.27723896
0.25827733
0.22598591
0.20203493
0.12008076
0.19299867
0.20264768
0.21777401
0.23254218
0.1526252
0.18409874
0.22510888
0.26379656
0.251056
0.22880046
0.16077899
0.13179022
0.1242055
0.11763556
0.11050999
0.11293031
0.1205684
0.26941461
0.24886458
0.22273109
0.19921499
0.1268822
0.08146723
0.082349758
0.083229873
0.087825873
0.092203029
0.099887264
0.088487357
0.10360653
0.10955702
0.10390654
0.080889364
0.099976729
0.083650231
0.08612115
0.097432686
0.14712683
0.17112243
0.19454079
0.20560132
0.20187986
0.10240509
0.15710137
0.17821417
0.20674477
0.2200882
0.21645161
0.12750651
0.18357286
0.21802487
0.2307012
0.23400091
0.13487649
0.19045242
0.22282815
0.26068092
0.24332969
0.1537442
0.18592515
0.22790136
0.26699545
0.25414571
0.23181714
0
0
0
0
0
0
0
0
0
0
0
0
0
0
0
0
0
0
0
0
0
0
0
0
0
0
0
0
0
0
0
0
0
0
0
0
0
0
0
0
0
0
0
0
0
0
0
0
0
0
0
0
0.17103105
0.18570807
0.19721036
0.22134231
0.20902581
0.22173488
0.24188111
0.24705556
0.2665189
0.25829544
0.28204782
0.27749812
0.29300289
0.29136096
0.30341981
0.29939618
0.31106132
0.29905794
0.27040786
0.28036368
0.27404423
0.28763294
0.27740444
0.28282694
0.3214811
0.32583124
0.30314864
0.27249072
0.29793797
0.29222785
0.33632078
0.33687007
0.32854985
0.33649959
0.34677371
0.34119983
0.23853351
0.28976067
0.29508704
0.30894455
0.34237361
0.23646919
0.24978858
0.28021671
0.29841687
0.29923678
0.25815014
0.2807761
0.2917665
0.30757561
0.22177883
0.23812319
0.24672258
0.26491571
0.26389538
0.26711702
0.27661963
0.27931826
0.28225574
0.28388468
0.29330962
0.26031197
0.27647729
0.29433744
0.30622971
0.33851535
0.32136721
0.33925467
0.31386645
0.31845294
0.29471983
0.31988354
0.28651455
0.30236132
0.33796985
0.33080614
0.31269879
0.34375481
0.32004271
0.33786582
0.30831468
0.33144239
0.29757992
0.31172836
0.3397192
0.30446265
0.32851597
0.30501579
0.33774794
0.30711548
0.3267321
0.34376527
0.29779798
0.31979106
0.33809702
0.29848973
0.28378295
0.31123655
0.30282099
0.32794027
0.31347086
0.33180581
0.34263255
0.29229797
0.29754053
0.32883424
0.29171885
0.30972461
0.30616878
0.32980415
0.30039108
0.3217476
0.33283345
0.3240363
0.28878836
0.30095992
0.32014887
0.29347932
0.3191823
0.31400693
0.32553901
0.30360568
0.31549139
0.32735638
0.32312858
0.29607701
0.3041276
0.32213882
0.32336939
0.31023943
0.32029145
0.30545013
0.31402197
0.32875686
0.32650388
0.32783856
0.30833152
0.32164533
0.33849523
0.30948829
0.31435853
0.32446957
0.3225087
0.34010192
0.34494646
0.33926447
0.33660598
0.3177487
0.33315315
0.3498621
0.30462269
0.30942033
0.32086754
0.31371027
0.33495604
0.34212574
0.33811949
0.3356896
0.30838071
0.32736989
0.34539989
0.26056994
0.24298419
0.25973749
0.31103846
0.29984944
0
0
0
0
0
0
0
0
0
0
0
0
0
0
0
0
0
0
0
0
0
0
0
0
0
0
0
0
0
0
0
0
0
0
0
0
0
0
0
0
0
0
0
0
0
0
0
0
0
0
0
0
0
0
0
0
0
0
0
0
0
0
0
0
0
0
0
0
0
0
0
0
0
0
0
0
0
0
0
0
0
0
0
0
0
0
0
0
0
0
0
0
0
0
0
0
0
0
0
0
0
0
0
0
0
0
0
0
0
0
0
0
0
0
0
0
0
0
0
0
0
0
0
0
0
0
0
0
0
0
0
0
0
0
0
0
0
0
0
0
0
0
0
0
0
0
0
0
0
0
0
0
0
0
0
0
0
0
0
0
0
0
0
0
0
0
0
0
0
0
0
0
0
0
0
0
0
0.29002182
0.28385538
0.26963923
0.25552188
0
0
0
0
0
0
0
0
0
0
0
0
0
0
0
0
0
0
0
0
0
0
0
0
0
0
0
0
0
0
0.28479001
0.26743367
0.25034153
0.23865953
0.25650728
0.28430085
0.27247042
0.25182858
0.24148958
0.25310999
0.28147463
0.28517482
0.27538617
0.25083505
0.24461693
0.28964905
0.29007191
0.28241676
0.26132064
0.24815144
0.29536092
0.29135086
0.27743411
0.26009286
0.31234312
0.30483792
0.28982995
0.26636097
0.28645617
0.29824503
0.25560398
0.18476323
0.16828678
0.11257072
0.14354255
0.27780418
0.282102
0.28548737
0.21853885
0.1810395
0.11618435
0.14164527
0.1735937
0.25730976
0.27789627
0.27105274
0.23210142
0.21776447
0.14030614
0.16875231
0.19587336
0.21906176
0.22646223
0.26487045
0.21619245
0.20633745
0.22668262
0.21246055
0.16645182
0.1996777
0.27100295
0.21721088
0.28266933
0.25434305
0.2298267
0.15188013
0.18695801
0.19948976
0.22589725
0.14789429
0.15185549
0.25691071
0.20236738
0.28047162
0.25488067
0.24657179
0.16617685
0.20426051
0.2170125
0.23646604
0.14475964
0.1414832
0.31763669
0.31108819
0.3133472
0.29138235
0.1188643
0.1491177
0.17589077
0.23330919
0.27495422
0.27200137
0.24713711
0.22820506
0.24542038
0.20240929
0.19390531
0.22534341
0.17214457
0.18768708
0.20139811
0.20421828
0.093751459
0.14539625
0.17711953
0.15504638
0.17624454
0.15346479
0.15620061
0.1823103
0.11863068
0.1259793
0.12464326
0.13054007
0.19299883
0.28927871
0.30337948
0.3196438
0.30196052
0.29680035
0.32208671
0.32362853
0.30809081
0.29373385
0.31541474
0.30787654
0.29104695
0.26595907
0.24807307
0.23826966
0.18129184
0.14260549
0.17463977
0.1197735
0.31750054
0.30649074
0.29036647
0.26930736
0.25760338
0.24633573
0.19169323
0.14908046
0.18278248
0.12328904
0.30220626
0.30378629
0.28407801
0.26950966
0.25850886
0.26746817
0.21268828
0.20603007
0.14781497
0.17343717
0.1975448
0.10133153
0.27107819
0.22584775
0.1635529
0.25731974
0.243903
0.14569613
0.20824257
0.2360917
0.22333616
0.23644404
0.14300692
0.25269533
0.2147888
0.16734318
0.23904585
0.22897837
0.1552962
0.2214344
0.24373749
0.23082521
0.21135616
0.15352991
0.23677496
0.23831553
0.21729542
0.17178128
0.21890655
0.18284756
0.23013986
0.24686004
0.23015123
0.21873195
0.22599993
0.17249061
0.23113067
0.22423201
0.20357598
0.19986483
0.19780346
0.23123183
0.24241757
0.23321301
0.23196266
0.23757114
0.19132171
0
0
0
0
0
0
0
0.077533737
0.087821747
0.085025796
0.07333287
0.12911124
0.10183121
0.10455169
0.087733836
0.096541203
0.13754719
0.11417787
0.15413982
0.16617782
0.15728271
0.17646057
0.19513489
0.20127559
0.20076541
0.20657949
0.21454898
0.2209821
0.089103426
0.090452827
0.081116278
0.081902119
0.077466046
0.2177781
0.22554204
0.2141125
0.20963577
0.21714778
0.22412999
0.22061797
0.19928506
0.19671882
0.20160729
0.24156486
0.22009278
0.27588227
0.2513781
0.078804119
0.090716818
0.096891758
0.078642526
0.082122016
0.078721226
0.085802638
0.09175282
0.10978965
0.13787604
0.17948237
0.20993497
0.20640054
0.21130962
0.19945545
0.22472464
0.24303657
0.090634655
0.10623404
0.080234043
0.087537488
0.0801728
0.083164482
0.088794255
0.097900503
0.12232065
0.15669364
0.18440948
0.20497563
0.21365299
0.18498438
0.20470551
0.22231683
0.24009361
0.092500133
0.11391406
0.089974672
0.090322961
0.083209946
0.085544879
0.092218103
0.10068384
0.12279037
0.15530536
0.16643621
0.1975818
0.20852494
0.18125849
0.19786301
0.20689553
0.22964582
0.11313463
0.092561363
0.093862178
0.086652752
0.0852497
0.092726849
0.099997538
0.11239103
0.13623693
0.16994644
0.1671802
0.20570372
0.18009767
0.19026895
0.20817456
0.2000565
0.18336625
0.11411549
0.10853629
0.097273457
0.089295815
0.087648931
0.097125859
0.1051906
0.1175521
0.13335346
0.16324199
0.17231992
0.17299342
0.18443526
0.19639261
0.21118702
0.20642802
0.16272914
0.11404029
0.097231172
0.10564689
0.08937509
0.093296
0.11377504
0.11611464
0.13240369
0.1480995
0.17384615
0.17542806
0.188828
0.20048502
0.21243393
0.22350497
0.21644123
0.17473124
0.16054731
0.10256374
0.11144617
0.092887553
0.09650485
0.12215419
0.12180544
0.13621983
0.14967622
0.16558012
0.18145549
0.19650947
0.2107369
0.21885884
0.23392817
0.23249216
0.1761552
0.17898756
0.099441073
0.11042838
0.12006127
0.094193632
0.11515837
0.17692324
0.13114855
0.14452329
0.16519304
0.1832357
0.20465937
0.2214157
0.21568357
0.24105422
0.25154328
0.24641118
0.20127975
0.21538807
0.10416023
0.1152518
0.12395863
0.096976029
0.1272284
0.1937003
0.13369847
0.14352648
0.1656731
0.18627376
0.20981862
0.23139337
0.2243054
0.24908486
0.26059526
0.26032195
0.21693904
0.084840765
0.08617175
0.087061356
0.094514233
0.10979994
0.11427166
0.097489637
0.12504176
0.13464135
0.15471884
0.15904194
0.085698153
0.087975443
0.09065894
0.17716257
0.21608711
0.1911077
0.15168513
0.13512523
0.10323438
0.091696008
0.088328175
0.1727251
0.16639284
0.20684666
0.19782166
0.087933499
0.15381376
0.13660644
0.094459737
0.074507663
0.077068076
0.17875435
0.1800267
0.22032768
0.21729247
0.19334439
0.083851142
0.1657893
0.14982726
0.11228585
0.072654485
0.074022435
0.083238555
0.17944227
0.23642186
0.22886545
0.19916531
0.084589242
0.1699225
0.15042786
0.113722
0.076101466
0.080853376
0.094637026
0.16696048
0.25450768
0.25357237
0.2375801
0.19204021
0.097632139
0.16528579
0.16649416
0.14202196
0.092434455
0.085258234
0.092671823
0.10538952
0.2701936
0.26360896
0.24326855
0.1984943
0.10553668
0.17301715
0.16179914
0.14670756
0.10529857
0.0975059
0.1010457
0.1113965
0.27809649
0.26488664
0.2237264
0.19776419
0.11648242
0.15470509
0.14964955
0.11108346
0.11099683
0.10514044
0.1097769
0.11835419
0.28348441
0.26397085
0.2291372
0.2041292
0.12020789
0.16206193
0.13258672
0.12476798
0.11803652
0.11061384
0.11284729
0.12080819
0.27582143
0.25277314
0.22630834
0.2016044
0.12744742
0.20986243
0.22561688
0.23893737
0.15747983
0.19023749
0.22960244
0.27155669
0.26981172
0.25227368
0.23248826
0.16737142
0.130419
0.12825775
0.12019082
0.11314061
0.11899058
0.12629533
0.27492865
0.25688265
0.22948194
0.20574675
0.129287
0.086979789
0.087226064
0.087703185
0.10245596
0.10579886
0.10012968
0.10413939
0.090188426
0.091528661
0.10387429
0.15778197
0.18039649
0.20875442
0.22440258
0.21912393
0.12786684
0.1857553
0.219801
0.23342242
0.23646824
0.13513558
0.19172334
0.22551604
0.26451022
0.24676563
0.1547384
0.18879535
0.23120146
0.27169504
0.25914872
0.23576967
0.15928263
0.1934079
0.23429302
0.2766379
0.27385088
0.25718806
0.23691012
0
0
0
0
0
0
0
0
0
0
0
0
0
0
0
0
0
0
0
0
0
0
0
0
0
0
0
0
0
0
0
0
0
0
0
0
0
0
0.19207634
0.20457629
0.23713639
0.24768131
0.23121384
0.25382877
0.25847079
0.27519542
0.26567111
0.28769614
0.28232298
0.29722747
0.2963106
0.30788859
0.30567941
0.31730738
0.30697367
0.31826348
0.30829995
0.2784964
0.29063531
0.29181255
0.29726267
0.2948543
0.28906618
0.29396432
0.33364244
0.28433863
0.30639928
0.30424034
0.34379033
0.35316437
0.35282783
0.34059792
0.35620634
0.36378454
0.33712288
0.27153588
0.29961192
0.34950423
0.35197399
0.26324884
0.30761781
0.31980598
0.2777284
0.30982711
0.28686316
0.32226387
0.23251359
0.22275884
0.2348055
0.26094182
0.27781709
0.27895747
0.27681417
0.29071956
0.29990795
0.2903733
0.29400274
0.30858974
0.29650179
0.30697954
0.3250134
0.29909255
0.30347408
0.31756301
0.34795223
0.34735544
0.33188602
0.35948563
0.32807896
0.34430227
0.31505283
0.33834124
0.30328009
0.31974678
0.35220537
0.32559619
0.34746465
0.31673041
0.34772317
0.31622949
0.3351889
0.35322734
0.30931491
0.33425901
0.35668221
0.31912843
0.33208734
0.31233861
0.34216657
0.32564501
0.34214459
0.35377932
0.31014246
0.31867508
0.34925252
0.30757948
0.32533555
0.31450123
0.3431129
0.3194186
0.3361653
0.34484584
0.33482546
0.30788539
0.3198428
0.3378326
0.3049375
0.33128855
0.32258343
0.33593283
0.32376039
0.33099916
0.33618154
0.32912776
0.31263541
0.31601352
0.33299702
0.33364014
0.31499987
0.32515765
0.320098
0.32637583
0.33561913
0.3293601
0.33207329
0.31997182
0.32852065
0.34617364
0.31508751
0.31963026
0.3282627
0.33286426
0.34629612
0.34881898
0.34078269
0.33850986
0.3284231
0.33962017
0.35441155
0.32822903
0.31881701
0.33009737
0.33264545
0.36833268
0.37402237
0.35904903
0.33829956
0.34028392
0.33826862
0.36875359
0.36106048
0.32254552
0.31271888
0.32585849
0.32348865
0.36411301
0.3710051
0.35694125
0.33556276
0.33819314
0.33216137
0.36344799
0.3569433
0.28038192
0.26654517
0.27055138
0.26940488
0.3128091
0.28706181
0
0
0
0
0
0
0
0
0
0
0
0
0
0
0
0
0
0
0
0
0
0
0
0
0
0
0
0
0
0
0
0
0
0
0
0
0
0
0
0
0
0
0
0
0
0
0
0
0
0
0
0
0
0
0
0
0
0
0
0
0
0
0
0
0
0
0
0
0
0
0
0
0
0
0
0
0
0
0
0
0
0
0
0
0
0
0
0
0
0
0
0
0
0
0
0
0
0
0
0
0
0
0
0
0
0
0
0
0
0
0
0
0
0
0
0
0
0
0
0
0
0
0
0
0
0
0
0
0
0
0
0
0
0
0
0
0
0
0
0
0
0
0
0
0
0
0.30347246
0.29101872
0.2789132
0.26826303
0
0
0
0
0
0
0
0
0
0
0
0
0
0
0
0
0
0
0
0
0.30087579
0.28344482
0.26352376
0.25686362
0.26603123
0.29251682
0.29434496
0.28504768
0.26036452
0.25639403
0.29565541
0.29840777
0.29254505
0.26941913
0.25397587
0.30194574
0.3013934
0.28837823
0.26671658
0.310254
0.30026633
0.28876801
0.27396225
0.32285932
0.31665477
0.26540506
0.30016296
0.30341561
0.30155803
0.22536936
0.18709468
0.12134134
0.14483481
0.17927359
0.27712371
0.29637521
0.28736763
0.24010605
0.22390573
0.14437614
0.16964698
0.20026713
0.28799181
0.23118904
0.29766397
0.26784716
0.23781569
0.15844209
0.18797631
0.20227869
0.23405704
0.24948714
0.22708274
0.18526552
0.21988212
0.15802846
0.16388546
0.26869825
0.20942225
0.29539021
0.26692918
0.25972797
0.17263617
0.20699953
0.22151495
0.24662731
0.14726903
0.14517486
0.28158237
0.23254638
0.16669563
0.26914715
0.25635136
0.14968992
0.21164942
0.24270966
0.22818752
0.24585324
0.14491255
0.32749734
0.30872497
0.12841997
0.14920896
0.20951282
0.18644279
0.19455962
0.28885531
0.29576425
0.27721339
0.30561357
0.25293069
0.24311478
0.26190438
0.25245953
0.20912966
0.2338679
0.24488581
0.19819413
0.21272081
0.19135107
0.10576672
0.18777658
0.16478117
0.19983864
0.18588945
0.16205765
0.1668329
0.14914215
0.18852517
0.13413737
0.1309905
0.1408754
0.1255332
0.23350369
0.3034701
0.33249083
0.33766112
0.32527533
0.33508883
0.33880035
0.33102436
0.33639376
0.32705573
0.30955176
0.28700684
0.26909682
0.25356583
0.19866767
0.15147425
0.18998179
0.12945678
0.32381364
0.32576358
0.3049531
0.29108682
0.27988896
0.27719109
0.22368504
0.21230976
0.14970528
0.17670346
0.20205966
0.10706901
0.32909231
0.3229573
0.3000648
0.28135867
0.27803852
0.27932122
0.23225757
0.22347644
0.15907727
0.18341869
0.21155607
0.10606436
0.25898719
0.21807
0.16955317
0.24547648
0.23481728
0.15704618
0.22546281
0.25304371
0.23590734
0.21310047
0.15531786
0.2393406
0.24197681
0.22020081
0.17366302
0.22017232
0.18470698
0.23818884
0.25734539
0.23570531
0.22009849
0.22744752
0.17449942
0.23246394
0.22558004
0.20527691
0.20193183
0.19972485
0.23301551
0.24745868
0.23633832
0.23340392
0.23908747
0.19411763
0.23667097
0.22513546
0.20869437
0.24930105
0.24776247
0.24489212
0.24929949
0.26078341
0.21200786
0.22076137
0
0
0
0
0.084304795
0.09848975
0.091296969
0.084038394
0.10139845
0.11549982
0.089371471
0.12286742
0.098845906
0.13107646
0.15809426
0.12292218
0.16013439
0.18545208
0.19332069
0.15549329
0.18197172
0.19470607
0.21019393
0.22521755
0.20240637
0.20733868
0.2207597
0.22749016
0.23839205
0.23066494
0.097618273
0.090212658
0.08621585
0.087804212
0.083286952
0.22465749
0.23731388
0.23425897
0.23994013
0.22717673
0.22212104
0.21901123
0.23321672
0.2445656
0.2336082
0.2168054
0.21287501
0.28557252
0.22155216
0.30140601
0.25277502
0.097788382
0.11635259
0.084839952
0.092469672
0.08431708
0.088076797
0.091789992
0.10416839
0.13457226
0.17459738
0.20581703
0.22675885
0.23417164
0.20170969
0.22250941
0.24746638
0.25935778
0.099953562
0.12397624
0.09649232
0.095371702
0.08721484
0.090402607
0.094837876
0.10370473
0.13206893
0.17103777
0.18152246
0.21532504
0.22609588
0.19269055
0.20766766
0.22111946
0.24437513
0.12224627
0.099212816
0.096691358
0.089893246
0.089639167
0.098675303
0.10099629
0.11629389
0.14494888
0.18472849
0.17687805
0.22150311
0.18893514
0.19580727
0.21493026
0.20706732
0.19271805
0.12202526
0.11506412
0.097529165
0.091197345
0.091777547
0.10271065
0.10647431
0.12097424
0.13735949
0.17348473
0.18105226
0.17937898
0.18948475
0.20012785
0.21405055
0.20854304
0.16567352
0.11797829
0.098067552
0.10638264
0.092234888
0.098008317
0.11728941
0.11760321
0.13490674
0.15296331
0.18183396
0.17953235
0.19287766
0.20382008
0.21554467
0.22524461
0.21759853
0.17696106
0.16211502
0.10331218
0.11218933
0.094668814
0.099326556
0.12425132
0.12261732
0.13827417
0.15358977
0.16872327
0.18513882
0.20021262
0.21377883
0.22204358
0.23580696
0.23329078
0.17825457
0.18015817
0.10053151
0.11148144
0.12098509
0.096175822
0.11698846
0.17783247
0.13237443
0.14741337
0.16820769
0.18660743
0.20845202
0.22462654
0.21926412
0.24391194
0.25382271
0.24750657
0.20331303
0.21732642
0.10518849
0.11602638
0.12487535
0.098422821
0.12848073
0.19479895
0.13482319
0.14486734
0.16827041
0.18972852
0.21353246
0.23533997
0.22741913
0.25275465
0.26427863
0.26232155
0.2193196
0.23569209
0.10181071
0.11309731
0.12283889
0.13312315
0.10184085
0.18303794
0.23212799
0.14157411
0.15400127
0.18564745
0.21465512
0.24152483
0.23699869
0.25814283
0.26192217
0.27754377
0.25859931
0.09078126
0.093672794
0.11593091
0.13893472
0.1094414
0.099293728
0.096561317
0.14239098
0.15776967
0.16816027
0.18139346
0.17771128
0.091758926
0.094257506
0.23627506
0.20564906
0.16253681
0.14273872
0.10220134
0.079894
0.081689804
0.18924426
0.19304387
0.22700867
0.22358257
0.204872
0.089372073
0.17736455
0.15714829
0.11930411
0.074430442
0.07375415
0.081139857
0.19127332
0.24209429
0.23449232
0.20968638
0.084784191
0.17997688
0.15616318
0.11779081
0.076079192
0.080191731
0.092696825
0.17469273
0.25993217
0.26140207
0.2448578
0.19925317
0.097292819
0.16963089
0.17613016
0.14555601
0.093603606
0.085073593
0.091920377
0.10418642
0.27583247
0.27331611
0.25199607
0.20352511
0.10500236
0.17583697
0.16908723
0.15119799
0.10572696
0.097495763
0.10048681
0.11080018
0.28567831
0.27484528
0.22746499
0.20187914
0.11643529
0.15712203
0.15547693
0.11155664
0.1114354
0.10493098
0.10941831
0.11809486
0.29125354
0.27112103
0.23278017
0.20730974
0.12033669
0.16330916
0.13311291
0.12541684
0.11846284
0.11074704
0.11262243
0.12101802
0.28341445
0.25700191
0.23015383
0.20422431
0.12836625
0.16854347
0.13088114
0.12879162
0.120245
0.11320716
0.11900402
0.12713473
0.28184371
0.26107182
0.23340698
0.20872707
0.13029772
0.23467116
0.24768369
0.17408486
0.23279599
0.2765178
0.27570305
0.24007709
0.24950839
0.16414921
0.13164885
0.12292518
0.11854428
0.12225178
0.13026165
0.26771294
0.26466093
0.22835885
0.20620603
0.14788491
0.089811952
0.093985335
0.098672669
0.10649728
0.11249718
0.10988295
0.098866127
0.12830669
0.18900659
0.22239966
0.23814851
0.2400686
0.13558088
0.19332446
0.22849361
0.26964904
0.25133539
0.15565454
0.19156597
0.23526539
0.27802527
0.26589407
0.24081737
0.16097276
0.19831397
0.24012149
0.28409218
0.28012286
0.26512733
0.24307555
0.17706289
0.23850609
0.28322497
0.28241482
0.24559613
0.25475625
0
0
0
0
0
0
0
0
0
0
0
0
0
0
0
0
0
0
0
0
0
0
0
0
0
0
0
0
0
0
0
0
0.21137532
0.25877804
0.25717145
0.26381059
0.27065474
0.28702896
0.27545404
0.29584481
0.28958662
0.30317825
0.30270657
0.31343598
0.31336316
0.32470969
0.31618351
0.32672867
0.31820369
0.32000779
0.2933458
0.30909775
0.30045468
0.30624353
0.33214245
0.32201811
0.3238257
0.34250131
0.35076226
0.37521155
0.36279446
0.35849017
0.36680459
0.36792381
0.34891662
0.27580152
0.31208042
0.35756679
0.37290103
0.37522828
0.27950504
0.32108981
0.33367828
0.33524274
0.31837767
0.29809658
0.3239414
0.34779941
0.24357186
0.20873533
0.23001167
0.24495194
0.27908756
0.29496983
0.28762114
0.3046863
0.29968478
0.31976139
0.30635843
0.30840817
0.31018629
0.30049143
0.32797191
0.32993209
0.30591421
0.34279366
0.30998201
0.35641649
0.36750716
0.36384205
0.34580359
0.36437965
0.32959535
0.35550082
0.32339658
0.34293622
0.36080917
0.31811773
0.34639049
0.37282695
0.34071994
0.35337578
0.32401806
0.35698147
0.33565168
0.35130414
0.36415961
0.32518612
0.33774531
0.36780065
0.34527215
0.32542566
0.35808865
0.33533274
0.34827337
0.35657735
0.34887393
0.32864707
0.34246716
0.359466
0.32310801
0.34846176
0.33405856
0.34895663
0.34244401
0.34603149
0.34777184
0.3377557
0.33236404
0.33474559
0.35081855
0.34798684
0.32105892
0.331298
0.33900237
0.34246699
0.34527315
0.33342844
0.33785628
0.33554064
0.33824577
0.35736126
0.32248246
0.3258673
0.33305681
0.34598232
0.35402064
0.35317885
0.34368777
0.34186173
0.34240031
0.34805698
0.36075533
0.33455523
0.32568329
0.3348983
0.34214766
0.37335096
0.37791043
0.36144967
0.3404893
0.34284669
0.34520748
0.3747978
0.36517826
0.33547683
0.31914205
0.32712768
0.36504053
0.39430642
0.39512743
0.3752671
0.35201215
0.34412139
0.35870287
0.38256093
0.3811991
0.32829637
0.31407839
0.3209643
0.36056158
0.39134719
0.39263619
0.3730934
0.34706621
0.34137791
0.35264867
0.37633067
0.37678522
0.28629295
0.30868374
0.28453981
0
0
0
0
0
0
0
0
0
0
0
0
0
0
0
0
0
0
0
0
0
0
0
0
0
0
0
0
0
0
0
0
0
0
0
0
0
0
0
0
0
0
0
0
0
0
0
0
0
0
0
0
0
0
0
0
0
0
0
0
0
0
0
0
0
0
0
0
0
0
0
0
0
0
0
0
0
0
0
0
0
0
0
0
0
0
0
0
0
0
0
0
0
0
0
0
0
0
0
0
0
0
0
0
0
0
0
0
0
0
0
0
0
0
0
0
0
0
0.3077541
0.28199374
0.28378246
0
0
0
0
0
0
0
0
0
0
0
0
0.31000643
0.30970304
0.30061529
0.27662578
0.27211487
0.3046814
0.31067151
0.30676712
0.28127576
0.26238546
0.30997007
0.31353013
0.30178433
0.27569415
0.31858589
0.31225129
0.30232183
0.28183711
0.31587258
0.29055812
0.29332899
0.34293675
0.31643807
0.30127568
0.3180899
0.30574568
0.25023085
0.23257391
0.14989868
0.17169822
0.20699746
0.30978592
0.25085102
0.31676137
0.28476537
0.24852901
0.16688887
0.18965606
0.20646416
0.24538653
0.28575497
0.22107098
0.3144653
0.28343549
0.27638632
0.18069956
0.2106624
0.22745331
0.26056103
0.24568753
0.17430127
0.18220356
0.15172565
0.15186837
0.29686138
0.24312388
0.17187644
0.2846163
0.27118114
0.15480755
0.21660083
0.25025405
0.23484621
0.25758265
0.14785621
0.26820701
0.22320284
0.17262284
0.2546657
0.24244859
0.15898978
0.23026259
0.26274825
0.24221159
0.21568503
0.15778919
0.33880038
0.34953284
0.1571751
0.17514891
0.24020358
0.2156414
0.2427728
0.30059216
0.30209255
0.31798216
0.30042972
0.3398806
0.32759453
0.25950959
0.25823825
0.27569699
0.24383424
0.25455962
0.26064997
0.21432483
0.22636601
0.22426529
0.23829128
0.20517028
0.12780192
0.17399283
0.21921768
0.20639082
0.20061194
0.16179908
0.18692531
0.15496792
0.20314856
0.12581133
0.13301058
0.12943159
0.13680711
0.26051398
0.34480417
0.35607838
0.36477235
0.34462192
0.34530347
0.35202979
0.36509408
0.35392063
0.34384087
0.34637905
0.32692882
0.31273448
0.29907213
0.28493981
0.23700545
0.22036558
0.15317431
0.18099669
0.20911089
0.11531446
0.35143451
0.34570454
0.31997333
0.30409293
0.30105861
0.29240267
0.2443617
0.2301016
0.16131343
0.18752202
0.2154887
0.10981452
0.34545397
0.33299198
0.33082855
0.32156861
0.30014003
0.2906926
0.24633928
0.24569114
0.22624943
0.12887133
0.19349671
0.24337781
0.24728365
0.22462357
0.17598607
0.22176998
0.18694898
0.2460088
0.26851974
0.24263453
0.22178534
0.22914229
0.17675672
0.23424507
0.22750374
0.2075894
0.20446816
0.20176736
0.23494564
0.25365247
0.23991592
0.2348499
0.24083579
0.19694763
0.23816032
0.22682281
0.21131594
0.25094572
0.24953482
0.24665394
0.25098699
0.26264847
0.2156246
0.22378916
0.24705659
0.23104237
0.23619675
0.26720293
0.26178259
0.25748761
0.26856754
0.28514621
0.25169413
0.24352748
0
0
0.10633075
0.10207857
0.091275616
0.10579086
0.10779705
0.098901339
0.09752913
0.12883919
0.1317644
0.11710163
0.16525709
0.17436296
0.15243606
0.1907049
0.2008304
0.19632298
0.21190708
0.23458546
0.2323922
0.24990096
0.25169587
0.093947948
0.095949582
0.089812443
0.090807191
0.095194823
0.094284539
0.24894352
0.24347471
0.25261735
0.26148636
0.25778183
0.24584966
0.26944229
0.22846946
0.24226297
0.2339316
0.22997362
0.29724635
0.25185334
0.31080809
0.28085169
0.10901201
0.13578966
0.10473075
0.10230479
0.093120658
0.096866694
0.1000912
0.11006453
0.1455801
0.19064525
0.20130524
0.23796664
0.24816664
0.21039691
0.22354413
0.24272941
0.26111884
0.13309255
0.10758096
0.1016145
0.095248573
0.095838441
0.10636563
0.10376976
0.12309621
0.15754202
0.20334468
0.19155546
0.24102991
0.20467109
0.20619884
0.22643931
0.21849662
0.20781056
0.13179205
0.12364664
0.098461641
0.094794317
0.097916324
0.11036412
0.10906157
0.12648553
0.1439495
0.18762579
0.19361339
0.19054489
0.19827404
0.20638837
0.2187512
0.21208356
0.17057037
0.12332696
0.099733722
0.10771015
0.096862118
0.10462834
0.12228447
0.12032095
0.13907729
0.16024
0.19278835
0.18618553
0.19934149
0.20905439
0.22020444
0.22784654
0.21944237
0.18020153
0.16370204
0.1049077
0.11343196
0.097535658
0.10358503
0.12673792
0.12392802
0.14151137
0.1597689
0.17356232
0.19043055
0.20497055
0.21794263
0.22619725
0.23794836
0.2347597
0.18106765
0.18145029
0.1019913
0.11300192
0.12225738
0.098992458
0.11921928
0.17868905
0.13421833
0.15162461
0.17238128
0.19120556
0.21330141
0.22836046
0.22334197
0.2470154
0.25621468
0.24866103
0.20547687
0.21935125
0.1064621
0.11707833
0.12614295
0.099957096
0.13031682
0.19584265
0.13641553
0.14676525
0.17186283
0.19430631
0.21800708
0.23967208
0.23094795
0.25723018
0.26845172
0.26406583
0.22147627
0.23737652
0.10367867
0.11485471
0.12438423
0.13464277
0.10357475
0.1848908
0.23382136
0.1435924
0.1561221
0.19033156
0.21865714
0.24662239
0.24100468
0.2633535
0.26760329
0.28110967
0.26084158
0.26618072
0.10734831
0.11835965
0.1278773
0.13658016
0.10908101
0.19992151
0.2445578
0.14446625
0.15708033
0.18582459
0.22095915
0.24924994
0.25277192
0.26769625
0.27122685
0.28608537
0.27475455
0.094969504
0.099864231
0.09832903
0.11566235
0.14303107
0.14860195
0.11217934
0.10149981
0.090733407
0.16137658
0.17042435
0.19834824
0.20367229
0.097158718
0.10056919
0.091496327
0.24612331
0.21537249
0.18962399
0.16511577
0.12880651
0.079550749
0.075773318
0.081989262
0.2038945
0.24946489
0.24148547
0.22249211
0.088204657
0.19158979
0.16321843
0.12397029
0.076347975
0.079363952
0.090104588
0.18756675
0.2674806
0.27033679
0.2538931
0.21065577
0.09769494
0.17734949
0.18701025
0.15004703
0.09534384
0.084568131
0.090950825
0.10263904
0.2839724
0.28575298
0.26282574
0.21175595
0.10420464
0.18077321
0.17818357
0.15658632
0.10613157
0.096977531
0.099799407
0.11018377
0.29523397
0.28784723
0.2333055
0.20842455
0.11635557
0.16079573
0.16215895
0.1119672
0.11150846
0.10439135
0.10913221
0.11786752
0.30144376
0.28067718
0.23787602
0.21225918
0.1204573
0.16517769
0.13422478
0.12605942
0.11871307
0.11059535
0.11254944
0.12099915
0.29289559
0.26182623
0.23473004
0.20832519
0.12941972
0.16943086
0.13145834
0.12947402
0.12028517
0.11317776
0.11877285
0.12823563
0.28997066
0.26595612
0.23794291
0.21249442
0.13178854
0.16583203
0.13223181
0.12305297
0.11866615
0.12264813
0.13145597
0.27227889
0.26878241
0.23209789
0.2088953
0.14887206
0.25729007
0.17408856
0.23904648
0.28224862
0.27758353
0.24299047
0.22804971
0.16770864
0.15647695
0.13497013
0.12801953
0.12168931
0.12197645
0.12647907
0.14252626
0.275822
0.27354646
0.23482723
0.2073203
0.15219248
0.10596304
0.10833996
0.10659478
0.13625704
0.19559838
0.23265741
0.27682745
0.25699315
0.15685189
0.19493786
0.23990102
0.28627369
0.27487291
0.24699975
0.16310542
0.20352079
0.24773535
0.29495201
0.28833172
0.27689219
0.25119388
0.180789
0.24622539
0.29290121
0.29259182
0.25307165
0.26343816
0.1758111
0.24654437
0.29124061
0.28704503
0.25055942
0.2302026
0
0
0
0
0
0
0
0
0
0
0
0
0
0
0
0
0
0
0
0
0
0
0
0
0.28030573
0.30017594
0.28131629
0.3011429
0.28621179
0.30728001
0.29913314
0.31164722
0.31105621
0.32092318
0.32297426
0.33379338
0.32727183
0.33672998
0.32969215
0.32850293
0.30045107
0.31318487
0.28795916
0.32061361
0.31628854
0.32554272
0.31928457
0.32723555
0.33837262
0.35986083
0.38267521
0.38874889
0.36408097
0.37436152
0.37664949
0.38556186
0.30798857
0.34856294
0.37472188
0.39583497
0.38088153
0.32629173
0.34279879
0.34346
0.33565655
0.34823899
0.36080396
0.19771686
0.20849005
0.19919509
0.21625991
0.26267458
0.31705435
0.31489269
0.32938486
0.34884167
0.32867162
0.31875332
0.32542457
0.3227017
0.31908264
0.33919062
0.35757633
0.34048057
0.31803545
0.35061734
0.36587047
0.32189468
0.36259418
0.35768409
0.37670772
0.38756922
0.36056745
0.37326234
0.33755146
0.3703439
0.34385203
0.35963119
0.37325401
0.33711223
0.35309765
0.38412269
0.36605778
0.33874176
0.37304186
0.34845432
0.35895474
0.36787351
0.36513422
0.34788437
0.36372628
0.38001789
0.36801338
0.3484336
0.36445761
0.35824211
0.35942536
0.36040065
0.35018786
0.35236852
0.35663419
0.37166412
0.36616892
0.32962715
0.33968317
0.35812502
0.35881263
0.3568389
0.33950452
0.34575281
0.3548277
0.35371229
0.37353014
0.33249664
0.33389474
0.33875607
0.36159429
0.36386927
0.35883956
0.34744503
0.34641033
0.36016035
0.35931695
0.36859699
0.34261054
0.33393081
0.34097379
0.35450566
0.37948724
0.3832935
0.36420369
0.34305585
0.34654948
0.35440737
0.38298667
0.37093079
0.34379587
0.32548842
0.33471314
0.36945729
0.39743427
0.39756955
0.3775232
0.35457571
0.34754307
0.36543745
0.3892922
0.38550306
0.35286482
0.31730881
0.32504597
0.37301689
0.40563657
0.41411208
0.40097783
0.39259591
0.35696671
0.32873255
0.3798364
0.40498182
0.38498601
0.34555954
0.31214497
0.31815463
0.36979909
0.40345099
0.41206182
0.3994576
0.3927392
0.35323148
0.32428705
0.37482764
0.40186083
0.38149937
0.30373435
0.29103136
0.2923545
0
0
0
0
0
0
0
0
0
0
0
0
0
0
0
0
0
0
0
0
0
0
0
0
0
0
0
0
0
0
0
0
0
0
0
0
0
0
0
0
0
0
0
0
0
0
0
0
0
0
0
0
0
0
0
0
0
0
0
0
0
0
0
0
0
0
0
0
0
0
0
0
0
0
0
0
0
0
0
0
0
0
0
0
0
0
0
0
0
0
0
0
0
0
0
0
0.31979013
0.28941546
0.28902997
0
0
0
0
0
0
0.31914348
0.32951927
0.32887848
0.30030942
0.27530095
0.32129549
0.32933342
0.31901662
0.28863706
0.32920749
0.32756652
0.3199782
0.29344901
0.32570559
0.3012654
0.3063343
0.32845324
0.2964308
0.29954765
0.32163638
0.33474584
0.27688134
0.33748305
0.30283591
0.26211301
0.17767516
0.19216605
0.21241161
0.26045348
0.30801088
0.23858119
0.33597332
0.30276635
0.29603419
0.19086772
0.21541539
0.23523624
0.27825225
0.31706897
0.25873707
0.18040584
0.30355213
0.28915197
0.1616544
0.22342389
0.25854439
0.24462723
0.27278457
0.15958148
0.16352402
0.15272128
0.28216912
0.23168938
0.17736273
0.26774887
0.25298461
0.16134364
0.23540062
0.27343161
0.25068002
0.21992527
0.16141134
0.24944736
0.2548382
0.23113455
0.17914122
0.2241253
0.18968764
0.25390643
0.27938098
0.25119851
0.22422949
0.23148271
0.17961376
0.19082566
0.195776
0.21961633
0.27604412
0.27739119
0.27628569
0.32009796
0.32272308
0.33871317
0.31143504
0.33187436
0.35526353
0.36199759
0.34612119
0.2739775
0.29790839
0.28918546
0.2653138
0.27153804
0.24768544
0.23570504
0.25150597
0.22834956
0.14920325
0.22662067
0.21755176
0.22736147
0.18591536
0.22047546
0.17034242
0.1865082
0.17290857
0.15925729
0.14223945
0.13626111
0.14580532
0.12651019
0.31730891
0.36188167
0.37657861
0.38218434
0.36528818
0.35794845
0.3796772
0.36225654
0.37145614
0.3662203
0.34183742
0.32854757
0.32236791
0.30399764
0.25900669
0.23891336
0.16512724
0.19285865
0.22101499
0.11669322
0.36727392
0.35698606
0.35290526
0.34391016
0.32695252
0.30996022
0.25862917
0.25405515
0.23183503
0.1297512
0.19939211
0.34040702
0.35327769
0.3554386
0.32511038
0.29313145
0.28695366
0.26445058
0.23837939
0.13732667
0.19898353
0.23649826
0.22996008
0.21041959
0.2072691
0.20422225
0.23729772
0.26095752
0.24444617
0.236544
0.24266613
0.19977222
0.2400403
0.22906831
0.21431447
0.25286325
0.25133376
0.24816384
0.25273193
0.26474448
0.21888631
0.2270581
0.24867872
0.23293416
0.23814895
0.26848238
0.26365339
0.25928371
0.27082836
0.28771054
0.25491
0.24608942
0.26073678
0.2541973
0.29477072
0.27405931
0.26622903
0.27652028
0.30686591
0.31312271
0.2864699
0.26375261
0.26747501
0.11964286
0.11334517
0.11496965
0.11075825
0.12156819
0.11103793
0.12875477
0.10887694
0.15054144
0.15864706
0.12132507
0.19846345
0.16896902
0.16516292
0.19834701
0.2250139
0.23547484
0.21485126
0.22100286
0.23559398
0.25362396
0.26859744
0.22556724
0.25869433
0.26364595
0.28146211
0.26638123
0.10620338
0.095369801
0.10010208
0.10847327
0.1045208
0.25811785
0.26526975
0.2796546
0.27282812
0.28681797
0.27545965
0.31026131
0.23520369
0.26517131
0.25726739
0.27170253
0.24887466
0.32810797
0.24640338
0.27557376
0.14618934
0.11775653
0.10929049
0.10264184
0.10344544
0.11556523
0.11014224
0.13429565
0.17481201
0.2263688
0.21210772
0.26500439
0.22774908
0.22310621
0.24488257
0.23670045
0.22994235
0.1435836
0.13454584
0.10123488
0.10075509
0.10578698
0.11970517
0.11432228
0.13529674
0.15460067
0.20594497
0.21088222
0.20783469
0.21343835
0.21740222
0.22675435
0.21791449
0.17845331
0.13082969
0.10302724
0.11002129
0.10382627
0.11331023
0.12965177
0.12479064
0.14594171
0.1714823
0.20745864
0.1972828
0.21013439
0.21774931
0.22771913
0.23210986
0.22259848
0.18506209
0.16531105
0.10792908
0.11572599
0.10241605
0.11009537
0.13004912
0.12621498
0.14657115
0.16898945
0.18071492
0.19852686
0.21226071
0.22417784
0.23227581
0.24123124
0.23702605
0.18504649
0.1826487
0.10440768
0.11536446
0.1243018
0.10335112
0.12283705
0.17931151
0.13693211
0.15800312
0.17882358
0.19787295
0.21946207
0.2331506
0.22882382
0.25068646
0.25910535
0.2505357
0.20826908
0.22182276
0.1079939
0.1183613
0.12815528
0.1020295
0.1312468
0.19700474
0.13902524
0.14968033
0.17705361
0.20053502
0.22374839
0.24458814
0.23493879
0.26168421
0.27258363
0.26632643
0.22375983
0.2391238
0.10575153
0.11713779
0.12642715
0.1366859
0.10553611
0.1868227
0.23571168
0.14642962
0.15893066
0.19631751
0.22352796
0.25214397
0.24525889
0.26969172
0.27457078
0.28502299
0.26216958
0.2671947
0.10980595
0.12064885
0.1298202
0.13829609
0.11121738
0.20180668
0.24712664
0.14698459
0.15961071
0.1895551
0.2258204
0.25470393
0.25737958
0.27438846
0.27783548
0.29031562
0.27696123
0.28703654
0.10752346
0.11527573
0.12777731
0.1382736
0.14199173
0.14668394
0.23943241
0.28144676
0.15419959
0.17669649
0.21819296
0.2546623
0.26722701
0.27384629
0.27929272
0.28165255
0.2900899
0.10987698
0.1014734
0.098342436
0.15383175
0.17333478
0.14073047
0.12474118
0.092478768
0.11023419
0.084509569
0.18462123
0.20067967
0.20673215
0.21681404
0.10756178
0.091213982
0.25908071
0.23419405
0.20381617
0.17140558
0.13321979
0.078220171
0.079747612
0.087653884
0.20278992
0.27670031
0.27979441
0.26414613
0.22473887
0.10127666
0.18925393
0.19854758
0.15589725
0.098561574
0.0840683
0.089973613
0.10106439
0.29389803
0.29885577
0.2748711
0.22376472
0.10312295
0.18896756
0.18865989
0.16279314
0.10658768
0.096170757
0.099189131
0.10973353
0.30778592
0.30278588
0.24258443
0.21841803
0.11631778
0.1666555
0.16995452
0.11231564
0.11106479
0.10352668
0.10933412
0.11794915
0.31420493
0.29336232
0.24567833
0.21985401
0.12072561
0.16812133
0.13619316
0.12688819
0.1187146
0.11004288
0.1130028
0.12147165
0.30503695
0.26840591
0.24120307
0.21454871
0.13093509
0.17125947
0.13212592
0.13034561
0.12021334
0.11288734
0.11826405
0.12982158
0.29967729
0.27178603
0.24358654
0.21796941
0.13379511
0.16752716
0.13293854
0.12315733
0.11862033
0.12288073
0.13313938
0.27733068
0.273902
0.23653382
0.21206218
0.15018979
0.16956527
0.15830706
0.13556079
0.12817673
0.12166661
0.12217524
0.12756989
0.14501473
0.27911011
0.27774066
0.23856118
0.20938485
0.15386207
0.19656652
0.24356372
0.27821777
0.26782279
0.23263505
0.24668008
0.16326221
0.13995586
0.12932097
0.12279261
0.12314279
0.13052648
0.14689813
0.28205334
0.28190924
0.27468912
0.24378957
0.21536613
0.17749075
0.11204302
0.12042687
0.15852731
0.19927347
0.24557135
0.29729866
0.2861153
0.25469404
0.1659725
0.21012856
0.25584875
0.30947013
0.29814118
0.29176936
0.26129195
0.1860236
0.25538522
0.30661474
0.30697674
0.26359924
0.2740962
0.17810849
0.25551172
0.30282577
0.30024124
0.26016005
0.23251535
0.19845191
0.25234963
0.28552726
0.27427612
0.23500244
0.24926355
0
0
0
0
0
0
0
0
0
0
0
0
0
0
0
0
0
0.31276089
0.31457918
0.29548977
0.32141059
0.31009851
0.32289109
0.32089153
0.33076702
0.33424718
0.34524554
0.34003339
0.34921599
0.34296668
0.33872562
0.30947591
0.31880691
0.29215161
0.29520037
0.33813187
0.35892553
0.35525911
0.3861908
0.39313943
0.39930539
0.37838129
0.37506939
0.38358195
0.29708237
0.39948854
0.40305387
0.41299632
0.39136793
0.35203943
0.36553929
0.35016873
0.33907239
0.35668309
0.36552235
0.37941066
0.17356566
0.18304085
0.21508589
0.19465906
0.25059848
0.26747342
0.32757553
0.35194292
0.36639784
0.33172479
0.35043937
0.33395373
0.34616825
0.33345617
0.37190573
0.36536313
0.33919826
0.3490565
0.36885686
0.38015624
0.37259342
0.39737239
0.41365948
0.39958772
0.38554426
0.35445099
0.38630049
0.35920421
0.36841584
0.37885818
0.38223809
0.36371846
0.38150298
0.39800806
0.38787425
0.3644465
0.38158189
0.3718364
0.37169747
0.37370389
0.36726625
0.37083344
0.3775485
0.39114174
0.38516482
0.34138802
0.35180144
0.37534069
0.37359631
0.36898899
0.34887768
0.35709346
0.37502433
0.37248647
0.39131966
0.34774293
0.34453247
0.34616187
0.37756771
0.37616815
0.36689133
0.35274955
0.3528251
0.37916738
0.37510058
0.37993162
0.35299612
0.34456979
0.34802399
0.36954458
0.38713278
0.39037941
0.36733513
0.34645272
0.35126517
0.36683571
0.3929425
0.37780288
0.35418737
0.33317675
0.34416193
0.37505241
0.40181765
0.40165114
0.38050214
0.35687369
0.35218535
0.37419619
0.39801502
0.39128415
0.36075662
0.32446898
0.33384266
0.37645927
0.40800284
0.41639632
0.4022264
0.39357605
0.35917601
0.33380068
0.38502511
0.40790673
0.38826508
0.35178189
0.31728346
0.30885029
0.39499964
0.41585106
0.41931247
0.41106137
0.40278566
0.37064647
0.31882434
0.3915025
0.41702707
0.40752042
0.34488463
0.31075538
0.30153474
0.39275177
0.41406968
0.41742051
0.40995629
0.40326834
0.36803177
0.31499029
0.388403
0.41545306
0.40611496
0.29042137
0
0
0
0
0
0
0
0
0
0
0
0
0
0
0
0
0
0
0
0
0
0
0
0
0
0
0
0
0
0
0
0
0
0
0
0
0
0
0
0
0
0
0
0
0
0
0
0
0
0
0
0
0
0
0
0
0
0
0
0
0
0
0
0
0
0
0
0
0
0
0
0
0
0
0
0
0
0
0
0
0
0
0.31793932
0.28730279
0
0.337333
0.35063674
0.34247642
0.30847336
0.34267449
0.34642354
0.34115561
0.30892258
0.33763226
0.31535335
0.32334301
0.33841924
0.30504169
0.31303719
0.32416564
0.29578255
0.3346618
0.26385704
0.35738717
0.32301877
0.31829981
0.20370987
0.2214243
0.24527714
0.29988299
0.34107374
0.28055947
0.19403687
0.32494431
0.31101061
0.17093112
0.23186536
0.26726105
0.25919198
0.29350015
0.30135897
0.24485895
0.18481204
0.28553361
0.26811439
0.164855
0.24185958
0.28496282
0.26210892
0.22716836
0.16056859
0.16688255
0.25904007
0.26619982
0.2411499
0.18368717
0.22803365
0.19304613
0.26220465
0.29032176
0.26235947
0.2281198
0.23515635
0.18359652
0.2395465
0.2331927
0.21403538
0.21066004
0.20699292
0.2407462
0.26938147
0.24998644
0.23888667
0.24499802
0.20295047
0.21996106
0.22887741
0.25639985
0.3164079
0.32349787
0.33836003
0.33647591
0.36831294
0.3383757
0.33666209
0.34891802
0.36610377
0.37947585
0.38746466
0.36234428
0.28751333
0.29108802
0.31322379
0.2805524
0.29224146
0.26938112
0.25539035
0.27279708
0.26661019
0.27677616
0.24780446
0.16208087
0.24074867
0.24255622
0.21403668
0.19908129
0.25784383
0.2274665
0.18599163
0.17044666
0.19624772
0.17151509
0.13263148
0.14211689
0.13947589
0.13016943
0.33985342
0.38474194
0.39610797
0.40300697
0.38467163
0.38798997
0.39838193
0.38943858
0.38695827
0.37919959
0.37394417
0.36620534
0.35300185
0.3271393
0.27380925
0.26506101
0.23933105
0.1315477
0.20680641
0.36419696
0.37551834
0.37879969
0.35215265
0.31416749
0.30051002
0.27408016
0.24619435
0.13911878
0.20397887
0.36809916
0.35756023
0.37403946
0.36788261
0.33336814
0.31176247
0.29965398
0.26482476
0.25283477
0.16110736
0.20501144
0.24212232
0.23158775
0.21715942
0.25516674
0.25383198
0.24998282
0.25453463
0.26689972
0.22178563
0.23008918
0.25060682
0.23534125
0.24044147
0.27039726
0.2659473
0.26130384
0.27221251
0.28899159
0.25800748
0.24889044
0.2625837
0.25628942
0.2962182
0.27572011
0.26819307
0.27857421
0.30946229
0.31578366
0.28833107
0.26636902
0.26961377
0.2786096
0.2825233
0.30839567
0.28380242
0.27680574
0.29503648
0.3294844
0.33471009
0.31434476
0.29271795
0.28758051
0.13051197
0.1187734
0.12325248
0.11156564
0.12056001
0.13826017
0.14161303
0.12192027
0.1674389
0.1702762
0.15134732
0.20765957
0.21653098
0.19878123
0.23106262
0.24509004
0.25481391
0.2799999
0.23842458
0.29604235
0.30729691
0.29384343
0.10922861
0.11161475
0.1161001
0.12769029
0.12623974
0.2894134
0.28205099
0.30248451
0.31244049
0.26180183
0.32602267
0.24728143
0.28528701
0.28835667
0.28354655
0.27412152
0.33989224
0.27557316
0.15797096
0.14859363
0.10701345
0.10906263
0.11493603
0.13067905
0.12393437
0.14855911
0.16952297
0.22905477
0.23369989
0.23168028
0.235064
0.23472183
0.23914243
0.22690546
0.19122964
0.14069464
0.10908954
0.11453084
0.11283931
0.12341375
0.139734
0.13264068
0.15678661
0.18698739
0.22677832
0.21391239
0.22727468
0.23274543
0.24030516
0.23910492
0.22800533
0.19228611
0.16773575
0.11323712
0.11950207
0.11009326
0.1194568
0.13541349
0.12973908
0.15415817
0.18228889
0.19170329
0.21081432
0.22357305
0.23415567
0.24183649
0.24618931
0.2406421
0.19080214
0.18414772
0.10858299
0.11939647
0.12764148
0.11010129
0.12844524
0.18035414
0.14115303
0.16716476
0.1888817
0.20717168
0.22861328
0.24012599
0.23702888
0.25591947
0.2631465
0.25341409
0.21208421
0.22484976
0.11080362
0.12055392
0.13121886
0.10542949
0.13418474
0.19815587
0.14277178
0.15430982
0.1852627
0.20965675
0.23097407
0.2506668
0.23980507
0.2673547
0.27758793
0.26929113
0.22648183
0.24113642
0.1083087
0.11984861
0.12920278
0.13972989
0.10794736
0.18863569
0.23793156
0.15074032
0.16295099
0.20438307
0.22967375
0.25852713
0.24985201
0.27667664
0.28226609
0.28964435
0.26413291
0.26888566
0.11277848
0.12402682
0.1326417
0.14073275
0.11365002
0.20458364
0.25011135
0.15062836
0.16316864
0.19464138
0.23202715
0.26079517
0.26259358
0.28258235
0.28659082
0.29507679
0.2795207
0.28887116
0.11057776
0.11913022
0.13115014
0.14080735
0.1444419
0.15085155
0.24365286
0.28514176
0.15750773
0.18094191
0.22526756
0.26140564
0.27363363
0.27973704
0.28784522
0.28549999
0.2926599
0.30368693
0.116253
0.12248307
0.13356059
0.14180945
0.14528904
0.16665885
0.25625187
0.29035326
0.1581658
0.18183076
0.2235276
0.26087638
0.28081443
0.29012305
0.27987136
0.29294189
0.29207077
0.11782564
0.11328347
0.15556629
0.18519831
0.17934665
0.14691229
0.12866889
0.085706776
0.11605082
0.085164138
0.20555369
0.21568431
0.21859851
0.11494814
0.1217621
0.087441351
0.26913937
0.23831633
0.20373895
0.21011914
0.16350011
0.10554804
0.084474289
0.089882607
0.10043441
0.30485046
0.31074797
0.28734498
0.23792475
0.10218833
0.20058995
0.20029307
0.17015434
0.10770355
0.095496807
0.099191621
0.10993981
0.32186051
0.31732491
0.25616228
0.23178398
0.11649347
0.17569111
0.17903944
0.11275022
0.11033613
0.10270478
0.11054651
0.11881981
0.32986619
0.30903482
0.25740188
0.23084334
0.12135308
0.17335732
0.13976152
0.12816545
0.11838845
0.1092239
0.11460049
0.12293566
0.32014775
0.27807405
0.25067102
0.22344247
0.13330273
0.17434088
0.13312069
0.13162407
0.11990561
0.1121259
0.11798226
0.13250795
0.31164725
0.27982085
0.25161874
0.22598642
0.1368674
0.17054443
0.133876
0.12313479
0.11840318
0.12297828
0.13484107
0.28379588
0.27989797
0.24245137
0.21672857
0.15235479
0.17183722
0.16092291
0.13635284
0.12837594
0.12162926
0.1222874
0.12900327
0.14879507
0.28323819
0.28282834
0.24280757
0.21136202
0.15613297
0.16510741
0.14092573
0.12957282
0.12284008
0.12374119
0.13244825
0.15031069
0.28506549
0.28473488
0.27867887
0.24703604
0.21716042
0.17930056
0.19963469
0.22394072
0.29009502
0.27458516
0.24317569
0.25584016
0.17106086
0.15197172
0.13592946
0.12939762
0.12209744
0.12609475
0.1408786
0.16994594
0.28583008
0.2886414
0.28917187
0.25683997
0.24980725
0.20832388
0.18038238
0.16990481
0.21888918
0.26536587
0.32780418
0.30974908
0.30978603
0.2736751
0.19282921
0.2648061
0.3240767
0.32305149
0.27651723
0.28653553
0.18141767
0.26599097
0.31772761
0.3169505
0.27142355
0.23533055
0.20141762
0.26239241
0.29465877
0.28296034
0.2377836
0.25234033
0.20086864
0.22640334
0.29507764
0.28165461
0.24583238
0.25944686
0
0
0
0
0
0
0
0
0
0
0
0
0
0
0.33967599
0.32036606
0.36101394
0.335529
0.31987526
0.33665873
0.33131841
0.3432167
0.3467956
0.35845027
0.35327478
0.36369303
0.35694152
0.35099516
0.32087146
0.32611457
0.29779363
0.29873754
0.29281629
0.35124979
0.34686055
0.36210575
0.37566362
0.39789354
0.40711871
0.4133632
0.39274925
0.34593575
0.4055701
0.41582416
0.42437244
0.40340276
0.35816542
0.37540863
0.36983542
0.37711218
0.3920049
0.39590245
0.17287607
0.21599057
0.21405311
0.19635736
0.24468884
0.23847421
0.33930979
0.3623351
0.37350006
0.37572241
0.38807575
0.34569302
0.35906818
0.36797678
0.34943802
0.37514593
0.37651989
0.34681335
0.38187537
0.39915888
0.39623651
0.35755297
0.37735479
0.3845201
0.39676627
0.3832766
0.42012447
0.4140103
0.40649884
0.38174888
0.39953854
0.38339213
0.38325042
0.3877189
0.38800529
0.38654156
0.39550592
0.40855589
0.40317662
0.35665751
0.36912717
0.39092994
0.38680925
0.38135133
0.36325027
0.37365451
0.39392395
0.39193986
0.40814834
0.35836391
0.35652211
0.39251373
0.38902403
0.3768
0.3607853
0.36234432
0.39706826
0.3923574
0.39377507
0.36745018
0.35779029
0.35649957
0.38584992
0.39648619
0.40002546
0.37150623
0.35107807
0.35739023
0.38298626
0.40504877
0.38740278
0.36673978
0.34232687
0.35496354
0.38270636
0.4070634
0.40739207
0.38410516
0.35961635
0.35791762
0.38571643
0.40871647
0.39865767
0.37047383
0.33396434
0.34493522
0.38086796
0.41112277
0.41988269
0.40489746
0.39484689
0.36137984
0.34036955
0.39209572
0.41168651
0.39267517
0.35847888
0.32592846
0.31830493
0.39733906
0.41795747
0.42152006
0.41228994
0.403139
0.37172571
0.32383157
0.39453385
0.41873395
0.40903775
0.37203421
0.26880678
0.27712034
0.39349413
0.41570736
0.42310232
0.41313814
0.40395678
0.40837608
0.39690232
0.34996883
0.30854779
0.41624772
0.42873215
0.41494684
0.3697868
0.26676966
0.2721535
0.3913224
0.41451741
0.4219552
0.41250571
0.40287261
0.40751702
0.3954355
0.34758424
0.30481402
0.41499296
0.4290717
0.41398716
0
0
0
0
0
0
0
0
0
0
0
0
0
0
0
0
0
0
0
0
0
0
0
0
0
0
0
0
0
0
0
0
0
0
0
0
0
0
0
0
0
0
0
0
0
0
0
0
0
0
0
0
0
0
0
0
0
0
0
0
0
0
0
0
0
0
0
0
0
0
0
0
0
0
0
0
0
0
0.33345446
0.29525425
0.35996634
0.36777111
0.36577955
0.3294721
0.3519884
0.33410351
0.34412757
0.35029373
0.31609213
0.3300072
0.33135453
0.30601653
0.33950434
0.30249864
0.3668725
0.31005656
0.34716147
0.33581576
0.18399829
0.24259629
0.27598759
0.28090916
0.32058377
0.32610497
0.2641716
0.19631916
0.30851505
0.28972739
0.16981681
0.24961839
0.29694726
0.27847032
0.24007141
0.27360544
0.28259179
0.25562523
0.19040912
0.23497494
0.19828198
0.27161394
0.30153978
0.276809
0.23451068
0.24140967
0.17467794
0.18935346
0.24434317
0.23800223
0.21924731
0.21536675
0.21041732
0.24572567
0.28019725
0.25739486
0.24251262
0.24842311
0.20708683
0.24471268
0.23458106
0.2202791
0.25814242
0.25764984
0.2524849
0.25682709
0.26937261
0.22481375
0.23335162
0.20380537
0.25749156
0.28359229
0.30287057
0.3075539
0.35206395
0.35434685
0.36110764
0.38331448
0.35448451
0.37233732
0.3387441
0.37155627
0.38947891
0.38510838
0.3875578
0.39838125
0.40490605
0.39261438
0.30515401
0.32781076
0.29926692
0.3092668
0.28567837
0.28894627
0.29029112
0.27616763
0.24740253
0.17580249
0.23984202
0.22221972
0.220993
0.21582551
0.26648462
0.17979807
0.19786064
0.18384694
0.13558548
0.15341864
0.1490476
0.16011775
0.36730938
0.3938504
0.40413248
0.41280239
0.40312543
0.39982276
0.41162022
0.40478702
0.38728333
0.39530659
0.39952484
0.37795631
0.3357976
0.3169346
0.28627111
0.256319
0.14240416
0.21083662
0.38965929
0.37850639
0.394896
0.39073474
0.35924802
0.32926315
0.31478009
0.27775498
0.26203988
0.16491928
0.21247975
0.38510342
0.37933344
0.38835255
0.3893776
0.35325765
0.34921149
0.32314343
0.33008886
0.2896693
0.27668555
0.17555173
0.23014752
0.25259421
0.23782758
0.2427395
0.27293768
0.26890871
0.26368252
0.27359234
0.29063008
0.26060157
0.25149439
0.26495716
0.25738829
0.29746108
0.27748236
0.27065345
0.28003263
0.31073569
0.31743839
0.29025185
0.26896604
0.27090901
0.28097897
0.2853169
0.31090651
0.2860092
0.27851748
0.29674325
0.33149655
0.33743633
0.31599636
0.29460461
0.28995669
0.304543
0.31739477
0.2927301
0.29457822
0.3400316
0.36298925
0.33900037
0.32926804
0.31298251
0.3041015
0.16785271
0.12437934
0.13666721
0.12354049
0.11904522
0.13854284
0.11644069
0.1637976
0.16825489
0.13956286
0.19234316
0.20268872
0.16799973
0.21352019
0.23866792
0.18851151
0.23908023
0.2729292
0.29255911
0.25854722
0.28759639
0.29788455
0.31246145
0.26345364
0.30041386
0.32803292
0.31625974
0.2668248
0.11774197
0.12959392
0.1247746
0.131285
0.1423451
0.14373753
0.30392974
0.33676518
0.32069955
0.34904504
0.26161033
0.36062851
0.25531121
0.31431865
0.31956685
0.30643853
0.2994674
0.25415783
0.1536255
0.11800177
0.12291541
0.12334204
0.13445373
0.15311034
0.14567064
0.17190915
0.20658672
0.25222975
0.23583012
0.25034287
0.25531333
0.25919074
0.24958411
0.23661041
0.2021687
0.17172796
0.12137906
0.12580701
0.12018307
0.1309779
0.14341451
0.13592756
0.16586616
0.19922577
0.20686858
0.2279758
0.24065312
0.25069999
0.25735731
0.25390847
0.24656314
0.19893689
0.18657165
0.11561342
0.12555833
0.13222521
0.11980726
0.13721547
0.18219356
0.14746937
0.18009774
0.20401276
0.22035883
0.24240546
0.25088157
0.24999461
0.26345812
0.26890523
0.25803488
0.21752369
0.22834749
0.11552986
0.12431618
0.13597958
0.11113617
0.1389532
0.19982713
0.14862481
0.16113225
0.19759334
0.22234974
0.24110216
0.25911185
0.24713472
0.27453094
0.28372746
0.27348769
0.23011513
0.24326209
0.11256295
0.12397994
0.13305754
0.14434957
0.11178303
0.19121144
0.24040487
0.15748643
0.16933172
0.21650962
0.23759799
0.26656415
0.25544385
0.285482
0.29170897
0.2949842
0.26674547
0.27107207
0.11627715
0.12809339
0.13639012
0.1441751
0.11598925
0.20638548
0.25352808
0.15620331
0.16842902
0.2017907
0.24009013
0.26777631
0.26775532
0.29244225
0.29746902
0.30067973
0.28236516
0.29064747
0.11395046
0.12372326
0.13588594
0.14432512
0.14802105
0.15458766
0.24846846
0.28947398
0.16195864
0.18647362
0.23388484
0.26887192
0.28037755
0.28644582
0.29886279
0.290322
0.29587755
0.30689969
0.12006577
0.12640452
0.1367841
0.14511971
0.1473174
0.17063203
0.26071029
0.29573248
0.1608819
0.18687472
0.23198134
0.26938312
0.28749273
0.29695536
0.28592217
0.29674903
0.29419836
0.3098447
0.11975681
0.14204272
0.13337768
0.14591582
0.14711384
0.15608198
0.23828521
0.28757136
0.30818948
0.17560225
0.21448205
0.26174255
0.28800802
0.30510822
0.29144256
0.29237597
0.28939896
0.3305223
0.14700635
0.10304686
0.19362262
0.2206262
0.17231627
0.16797345
0.12163256
0.15022922
0.087260954
0.13315808
0.092253192
0.22809598
0.21964361
0.24850874
0.13126972
0.10258821
0.27414412
0.25161603
0.21451321
0.21282842
0.17892203
0.11133441
0.095912853
0.10101613
0.11169733
0.33479918
0.33032963
0.27260288
0.24663055
0.11741025
0.1883521
0.18975439
0.11382457
0.10981892
0.10259886
0.11373408
0.12121264
0.34595635
0.32536771
0.27330747
0.2453263
0.12267445
0.1819048
0.14557385
0.13017985
0.11808771
0.10891342
0.11812523
0.12619627
0.33774522
0.29184636
0.26389563
0.23529245
0.1368761
0.1797547
0.13482262
0.13361943
0.11922076
0.11101334
0.11845794
0.13701068
0.32629087
0.29108996
0.26282101
0.23683259
0.14165199
0.17510135
0.13545733
0.12297449
0.11777764
0.12311736
0.13708451
0.29281541
0.2880826
0.25059419
0.2237541
0.15534992
0.17597478
0.16472185
0.13756576
0.12872127
0.12145451
0.12231092
0.1306125
0.15358228
0.28866275
0.28915721
0.24835992
0.21463095
0.15937569
0.16753552
0.14229621
0.12998095
0.12291061
0.12440516
0.13510392
0.15573682
0.28896361
0.28817369
0.28375953
0.25039429
0.2183396
0.18157315
0.17328739
0.15364022
0.13673616
0.13000295
0.12232055
0.1277409
0.14514538
0.17463845
0.28791657
0.29111294
0.29205054
0.25977942
0.25284339
0.20990573
0.18313662
0.23433553
0.30550462
0.27231429
0.25402746
0.27363909
0.26196302
0.23839822
0.16264335
0.13920361
0.12864018
0.12155918
0.12890033
0.1467884
0.17668253
0.27663835
0.28498204
0.29589417
0.29090589
0.26661449
0.21905712
0.20971633
0.20172616
0.27496666
0.34464367
0.34034887
0.29250642
0.30151355
0.18598186
0.27633492
0.33740983
0.33535229
0.2837272
0.23956726
0.20470532
0.27282114
0.30705615
0.2947614
0.24150814
0.25621812
0.20215962
0.22901978
0.30062997
0.29043193
0.24923617
0.26351467
0.23677435
0.31006079
0.2767175
0.25722544
0.2781178
0.26644155
0
0
0
0
0
0
0
0
0
0
0
0
0.37383158
0.35038881
0.34601969
0.34018309
0.3579693
0.35810454
0.37267034
0.36649101
0.37926071
0.3706472
0.3648918
0.33471943
0.3352895
0.3056438
0.30370828
0.29586548
0.39013676
0.40865174
0.41521968
0.32867934
0.42575201
0.43020765
0.43478392
0.42335776
0.36782895
0.38403236
0.3884945
0.40277992
0.39795296
0.382629
0.40129802
0.4155613
0.18476011
0.21462611
0.22199215
0.24798327
0.22471271
0.23135146
0.26238802
0.36224411
0.37519408
0.39401969
0.37915474
0.39380071
0.40123973
0.34814964
0.36896793
0.38358171
0.39358296
0.40407569
0.39958646
0.3834899
0.39163372
0.40240084
0.42439963
0.41059157
0.39382982
0.40602828
0.40795335
0.4322846
0.42172403
0.44110836
0.42379523
0.41990285
0.37603726
0.39150352
0.40447416
0.3983916
0.39402972
0.3834567
0.39598594
0.41031286
0.40986873
0.42356972
0.37546467
0.37139975
0.40671001
0.40143168
0.38780587
0.37311206
0.37664183
0.41334072
0.40936808
0.40905878
0.37389839
0.36747436
0.40207097
0.40663688
0.41056706
0.377597
0.35781839
0.36613185
0.39972248
0.4174582
0.39929177
0.381788
0.35370927
0.36782609
0.39352584
0.41349523
0.41537196
0.38909507
0.36292758
0.36516632
0.39890323
0.41958254
0.40758955
0.38251699
0.34468408
0.35726448
0.38695648
0.41475478
0.42441097
0.40936902
0.39594452
0.3638931
0.34855029
0.40163091
0.41725854
0.39863345
0.36715878
0.33632202
0.3301451
0.4003189
0.42050877
0.42465863
0.41418795
0.40399471
0.37366176
0.3301278
0.39843965
0.42066546
0.41079619
0.37441435
0.2706424
0.28261359
0.3956135
0.41725384
0.4246954
0.41365482
0.40515737
0.40892038
0.39808077
0.35213279
0.31145378
0.4175343
0.42897646
0.41599134
0.37669592
0.23314443
0.24004561
0.40652155
0.41732969
0.42071147
0.41711697
0.40580565
0.409087
0.39822089
0.3606741
0.31319343
0.41854147
0.4301735
0.42384139
0.37400295
0.22829816
0.23333435
0.40521265
0.41650506
0.42014377
0.4166584
0.40451325
0.40847087
0.39669525
0.35952645
0.30854593
0.41771131
0.43112646
0.42327564
0
0
0
0
0
0
0
0
0
0
0
0
0
0
0
0
0
0
0
0
0
0
0
0
0
0
0
0
0
0
0
0
0
0
0
0
0
0
0
0
0
0
0
0
0
0
0
0
0
0
0
0
0
0
0
0
0
0
0
0
0
0
0
0
0
0
0
0
0
0
0
0
0
0
0
0
0
0.33548027
0.36890353
0.35777877
0.36862909
0.36443401
0.33125014
0.35107207
0.34023986
0.31896085
0.3462867
0.31105816
0.34140983
0.35628876
0.29214049
0.33656449
0.31911446
0.17646997
0.25875971
0.30869618
0.30165576
0.26289064
0.29515967
0.30542244
0.27639017
0.20018791
0.24772206
0.20585838
0.2822949
0.31290099
0.29544867
0.24532306
0.25271285
0.25262318
0.24580317
0.22725485
0.22230935
0.21580208
0.25388889
0.29396322
0.26778485
0.24839475
0.25379864
0.19746399
0.212712
0.24849601
0.23873549
0.2243403
0.26248687
0.26365216
0.25635308
0.26027153
0.27281032
0.2285378
0.23750807
0.25486427
0.24059301
0.24529636
0.27660669
0.27310813
0.26695787
0.27529836
0.29255708
0.26320993
0.25426623
0.18529494
0.27131373
0.31896132
0.34897224
0.33232602
0.39711031
0.30362661
0.35618054
0.36560577
0.39924399
0.35126931
0.35030097
0.39547839
0.40887792
0.41519234
0.41576375
0.42147749
0.42710887
0.41269335
0.31755193
0.32051718
0.33385865
0.33166346
0.30427045
0.31031621
0.27766875
0.33293891
0.29945882
0.26638712
0.25021616
0.22979613
0.21833757
0.19671958
0.20769178
0.18033904
0.14882643
0.15195444
0.36624219
0.41202089
0.41846373
0.42285703
0.4161914
0.42757775
0.40805694
0.41964712
0.42675665
0.41022215
0.39879596
0.41347737
0.41100638
0.38374099
0.34729522
0.33048292
0.2936728
0.27324443
0.17043298
0.22183855
0.40351568
0.39821513
0.40682095
0.40945599
0.37653008
0.37142409
0.33771442
0.35077622
0.30884861
0.28964364
0.1832858
0.24396183
0.39839333
0.38702208
0.38153726
0.39141258
0.36615402
0.35835736
0.31223755
0.31917108
0.28675257
0.21334028
0.26732633
0.25884665
0.29931807
0.27997864
0.27383163
0.28155368
0.3121656
0.31940541
0.29202745
0.27133144
0.27242876
0.28253918
0.28702416
0.31353323
0.2884429
0.28022938
0.29783628
0.33273354
0.33952322
0.31704151
0.29526565
0.29167085
0.30792862
0.32107382
0.29545993
0.29657409
0.34205161
0.36547019
0.3422149
0.33073377
0.3151478
0.30721463
0.32443694
0.30999626
0.30218471
0.3094988
0.35861594
0.37842716
0.35786863
0.35107537
0.32999558
0.32709311
0.1724434
0.14316376
0.13144256
0.12949342
0.13512533
0.14658958
0.13518697
0.17873951
0.18191136
0.16665184
0.21219493
0.21403318
0.19190721
0.24742877
0.25658066
0.23015895
0.30235075
0.28643539
0.32582032
0.26482467
0.34280068
0.33229573
0.35204275
0.28118672
0.13827091
0.14556282
0.16275441
0.17172047
0.33223022
0.3632355
0.36913463
0.28107757
0.37451049
0.28084391
0.34380582
0.34113447
0.31886626
0.28831802
0.17829697
0.13193645
0.13590247
0.13186075
0.14417271
0.15398817
0.14621806
0.18226701
0.22029599
0.22695076
0.24962637
0.26258618
0.27474208
0.27920729
0.26509531
0.2556291
0.2095561
0.19056361
0.12546154
0.13411276
0.13990315
0.13178923
0.14880594
0.18545571
0.15754176
0.1971839
0.22346342
0.23756855
0.26139603
0.26779001
0.27063213
0.27454281
0.27726882
0.26548269
0.22537244
0.2335855
0.12297829
0.12977904
0.14253169
0.12052555
0.1469326
0.20260898
0.15705176
0.17161277
0.2148894
0.23934037
0.25550803
0.27152464
0.25893224
0.2839842
0.2919796
0.27969032
0.23530646
0.24605239
0.11937672
0.13069581
0.13879705
0.15137359
0.11801696
0.19526409
0.24387263
0.16717542
0.17906385
0.23410976
0.24829788
0.27731879
0.26353315
0.29703141
0.30264105
0.30199372
0.27043858
0.27402535
0.12168027
0.1340742
0.14165203
0.14960231
0.11978389
0.2093746
0.2574537
0.16507182
0.17681743
0.21238964
0.25074125
0.27609862
0.27422116
0.30501546
0.31040206
0.3074696
0.28596097
0.29247466
0.11762928
0.12946444
0.14197716
0.1487638
0.15330591
0.15849039
0.25381377
0.29424907
0.16843353
0.19421612
0.24498509
0.27767605
0.28725887
0.29322087
0.3133941
0.29601096
0.29971292
0.31081261
0.12459246
0.13128954
0.14142954
0.14983019
0.15025813
0.17534957
0.26668092
0.3025751
0.16456138
0.19356425
0.24215851
0.2785286
0.29453592
0.30454987
0.29369254
0.30167085
0.29611516
0.31412647
0.12426261
0.14778596
0.13818105
0.15086058
0.15048066
0.15917704
0.24389893
0.29545614
0.31499274
0.18048879
0.22254437
0.27102844
0.29432416
0.31203862
0.29727296
0.2968855
0.29126489
0.33198217
0.13526448
0.15822842
0.14163944
0.15023279
0.15297517
0.16298941
0.25156803
0.29595262
0.31519448
0.18481169
0.22354559
0.26684782
0.30073266
0.31740854
0.31054116
0.29988728
0.3139638
0.35235605
0.1562698
0.16501288
0.12037863
0.19244199
0.22984946
0.22548898
0.18923945
0.17110644
0.12508609
0.16698502
0.15872886
0.098982762
0.14135772
0.1455307
0.14714848
0.10603462
0.24627875
0.23030346
0.14252771
0.13927429
0.15271531
0.11634312
0.2827087
0.26073374
0.204584
0.20217042
0.1168619
0.11041903
0.10450758
0.12017085
0.12676302
0.35909674
0.34091951
0.29163095
0.26205623
0.12546664
0.19424817
0.1549381
0.13365135
0.11842996
0.1101214
0.12491417
0.13227105
0.35541853
0.30974132
0.28083142
0.25049166
0.14225881
0.18837972
0.13755056
0.13652664
0.1186428
0.11029044
0.1206223
0.14382868
0.34333466
0.30626071
0.27764708
0.25058356
0.14849534
0.18223126
0.1382491
0.12273188
0.11662057
0.1237788
0.14070274
0.30567735
0.29918401
0.26139068
0.23367813
0.15908908
0.18238471
0.17062589
0.13982058
0.12932257
0.12102001
0.12217634
0.13281521
0.15939942
0.29606616
0.29771973
0.25579043
0.21984755
0.16357919
0.17099946
0.14431537
0.13060703
0.12293996
0.1251563
0.13828399
0.16262333
0.29398
0.29247667
0.28998205
0.25438723
0.2209369
0.18490253
0.17612517
0.15613835
0.1378979
0.13088348
0.12267267
0.12991624
0.15164757
0.18177414
0.29025318
0.29399643
0.2954532
0.26282574
0.25589118
0.21164058
0.18699322
0.24220516
0.16572489
0.14073783
0.13037515
0.12228532
0.13208389
0.15249027
0.18321313
0.27802582
0.28661901
0.29867326
0.29450619
0.26974913
0.22162364
0.21378595
0.25054835
0.34825472
0.29933253
0.26851326
0.28235183
0.28129439
0.26517715
0.19534227
0.14305328
0.13120007
0.12149607
0.14235804
0.16843109
0.20269258
0.2398484
0.29228649
0.32931693
0.30938679
0.313442
0.24296191
0.21577502
0.19257228
0.28718028
0.35987715
0.35449141
0.29823151
0.24694238
0.20883951
0.28339398
0.32439922
0.30896528
0.24694929
0.26160838
0.20365477
0.23206043
0.30742947
0.30251318
0.2541354
0.26848965
0.23976514
0.3151415
0.28156298
0.26115488
0.28330519
0.27134597
0.25390138
0.35188268
0.30468358
0.27154224
0.28828849
0.2873114
0
0
0
0
0
0
0
0
0
0
0
0
0.39201888
0.3824584
0.37266987
0.35751709
0.36660494
0.38574132
0.37735037
0.3939845
0.3833199
0.3798865
0.3508948
0.34774567
0.31696233
0.31062212
0.30026908
0.38885266
0.42361153
0.34940625
0.43097676
0.43160948
0.44222602
0.43945722
0.44635102
0.43540222
0.39489661
0.41432504
0.39623107
0.41162094
0.42902218
0.41418988
0.20873536
0.21407521
0.24837211
0.26768544
0.24167237
0.27754351
0.27888417
0.38582299
0.40385829
0.39220824
0.40485944
0.40767792
0.40700753
0.41264522
0.40608106
0.38388664
0.40214168
0.4086422
0.41614758
0.41992507
0.43178723
0.42411981
0.41315983
0.43284472
0.42466724
0.39724892
0.41431292
0.42511177
0.42020897
0.43348848
0.44523038
0.43767009
0.39561883
0.39235417
0.41973537
0.41300542
0.39967013
0.39102085
0.39692915
0.42754112
0.42505579
0.42400518
0.39189433
0.38171863
0.4175567
0.41686239
0.42077977
0.38641273
0.36831292
0.37916602
0.41573573
0.42915148
0.41275992
0.36803558
0.38343634
0.40673262
0.42119595
0.4244745
0.39590544
0.36737475
0.37528931
0.41228633
0.42983693
0.41753053
0.39561679
0.35745218
0.37178841
0.39577966
0.41938184
0.42989093
0.41625237
0.39717862
0.36702615
0.35990262
0.41215888
0.42370756
0.40631911
0.37807028
0.34728301
0.34334091
0.40459718
0.42368157
0.42875073
0.41708932
0.40513846
0.37587309
0.33748871
0.40384
0.42352693
0.41393205
0.37750224
0.27414938
0.28953497
0.39829032
0.41893138
0.42684231
0.41458605
0.4065213
0.41005529
0.39926188
0.35492747
0.31531807
0.41905762
0.42909665
0.41713627
0.37925745
0.23789267
0.24677633
0.40781441
0.41853591
0.42167287
0.41780473
0.40733566
0.40973481
0.39981857
0.36242296
0.31601031
0.41944907
0.42998527
0.42445239
0.39682108
0.24160115
0.26130503
0.41265788
0.41026415
0.41836611
0.41406298
0.40460279
0.40648129
0.40878225
0.38281681
0.32917832
0.42411449
0.42934202
0.42210112
0.39521452
0.25604788
0.41187789
0.40940984
0.41797503
0.41374269
0.40282267
0.4055762
0.40854081
0.38081342
0.3245008
0.42507838
0.43006805
0.42157737
0
0
0
0
0
0
0
0
0
0
0
0
0
0
0
0
0
0
0
0
0
0
0
0
0
0
0
0
0
0
0
0
0
0
0
0
0
0
0
0
0
0
0
0
0
0
0
0
0
0
0
0
0
0
0
0
0
0
0
0
0
0
0
0
0
0
0
0
0
0
0
0
0
0
0
0
0
0
0.35258869
0.37973996
0.35225185
0.37481705
0.35147469
0.3368621
0.35439681
0.32206882
0.34777839
0.35595936
0.32598347
0.33663726
0.3067456
0.27065869
0.21484918
0.2940899
0.32385845
0.31873371
0.26367358
0.27276016
0.2677088
0.25911454
0.23986386
0.23288615
0.22381123
0.26624795
0.31093212
0.2829126
0.25822446
0.26265319
0.25483984
0.24519093
0.23005034
0.26967017
0.27359963
0.26297276
0.26573115
0.27781298
0.22025475
0.23348139
0.24322697
0.25786127
0.2441747
0.24863299
0.28129799
0.27954207
0.27213045
0.27799561
0.2953938
0.26629409
0.25772591
0.26991756
0.26057691
0.30198434
0.28361312
0.27846228
0.28353874
0.31380497
0.32171838
0.29390108
0.27390025
0.27424512
0.25953934
0.22431314
0.1897414
0.30601709
0.33288861
0.33253066
0.34704525
0.38368602
0.29786038
0.41597966
0.30982556
0.30970624
0.41108238
0.36292152
0.36859511
0.39947081
0.41568598
0.42631113
0.42847418
0.43506572
0.42977725
0.4302127
0.4371078
0.41731567
0.33880541
0.31887211
0.36052327
0.36198098
0.33156442
0.30168048
0.28838265
0.34790511
0.34515688
0.31021818
0.29443468
0.28456986
0.23922948
0.24280231
0.23182545
0.20985022
0.18989033
0.19499621
0.17849007
0.3656197
0.42839387
0.43612385
0.43879373
0.4287624
0.43903609
0.42136564
0.41652902
0.42398558
0.42638733
0.39806931
0.39237107
0.35302608
0.37060856
0.33058166
0.30257482
0.19361144
0.25916682
0.41485235
0.40488052
0.40248151
0.41115202
0.38708399
0.37643627
0.33444656
0.3394607
0.30027849
0.22809541
0.40948785
0.39582884
0.37513476
0.39573774
0.38149803
0.37341391
0.31552496
0.25983238
0.29931853
0.20231184
0.28439452
0.2888578
0.31642962
0.29167346
0.28266746
0.29935847
0.33430341
0.34182127
0.31824225
0.29624479
0.29334634
0.31038877
0.32552357
0.29827236
0.29829117
0.34332156
0.3672769
0.34449429
0.33211338
0.31630426
0.30924121
0.32968676
0.31280581
0.3056289
0.31163907
0.36051297
0.380684
0.36127826
0.35291362
0.33217955
0.33004149
0.32782194
0.32006836
0.31701507
0.3512175
0.39138746
0.39089527
0.35421143
0.3618623
0.34065357
0.15256758
0.14467396
0.14986629
0.14479971
0.17450156
0.14929895
0.19968002
0.18077153
0.20901031
0.16068731
0.23745207
0.2519752
0.20391727
0.25485165
0.28735497
0.30006155
0.24687817
0.32472829
0.30131569
0.34089826
0.25094309
0.34419001
0.3345173
0.35588935
0.27266218
0.34750118
0.36065306
0.37301119
0.28665493
0.153546
0.15925062
0.20357657
0.16698658
0.37202114
0.39412864
0.4024607
0.30244225
0.30405907
0.36784867
0.35511499
0.35374833
0.32932044
0.30828705
0.19663726
0.13697357
0.14522547
0.15171187
0.14548873
0.16271197
0.19065013
0.17191017
0.21990865
0.24707309
0.25924171
0.28405714
0.29075004
0.29906113
0.28952819
0.28877631
0.27663094
0.23599258
0.24107615
0.13320671
0.13782154
0.15250719
0.13292774
0.15809874
0.20686089
0.16936615
0.1869455
0.23605331
0.25984699
0.27496631
0.28963808
0.27865782
0.29636929
0.30297539
0.28912233
0.24285493
0.25048214
0.1297479
0.1399694
0.14639312
0.16169707
0.1280178
0.20162004
0.24884432
0.18080352
0.19375105
0.25553082
0.26263192
0.29236807
0.27619215
0.31220845
0.31547343
0.31177167
0.27590619
0.27751973
0.13024406
0.14327378
0.14920117
0.1573969
0.12607116
0.21467495
0.2628025
0.1777853
0.18996541
0.22857942
0.2647091
0.28691535
0.28307044
0.32131193
0.32517758
0.31623846
0.290787
0.29500439
0.12311149
0.13758298
0.14951882
0.15488664
0.1610484
0.16422247
0.26015377
0.30002237
0.17853011
0.20597393
0.26008329
0.2884166
0.29534447
0.30112202
0.33075912
0.30264749
0.30454937
0.3152713
0.1297582
0.13766899
0.14734443
0.15575828
0.15431138
0.18067742
0.27242841
0.31060316
0.16994537
0.20324515
0.25545395
0.28912869
0.3019375
0.31272595
0.30354281
0.30804727
0.2976952
0.31954003
0.12978112
0.15466051
0.14422804
0.15792258
0.15529946
0.16328872
0.25065054
0.30506525
0.32362712
0.18679222
0.23201859
0.28099352
0.30055919
0.3191026
0.30410017
0.30329605
0.29268478
0.33377356
0.13975699
0.16282514
0.1464845
0.1558846
0.1571067
0.16732427
0.25891572
0.30670933
0.32329756
0.1887343
0.23071335
0.27431344
0.30624742
0.32233667
0.31505875
0.30322222
0.31570879
0.3539631
0.13506926
0.15952273
0.18910807
0.15795102
0.15685819
0.16730479
0.18418978
0.26885458
0.29841564
0.3307577
0.22465319
0.27346535
0.30955125
0.3344195
0.33393118
0.3163716
0.30998591
0.3655193
0.37881233
0.16286684
0.18312621
0.13108343
0.23773209
0.22453906
0.21588507
0.20208307
0.19603045
0.12607549
0.16804924
0.11374012
0.11062929
0.15653423
0.13091638
0.26702278
0.16229819
0.13746235
0.29349375
0.2779929
0.21017009
0.16989322
0.13969004
0.12047779
0.11495071
0.13685925
0.14442752
0.37132131
0.33020048
0.30029907
0.26916571
0.15084461
0.20069338
0.14201834
0.1409298
0.11900484
0.11107181
0.12592837
0.15418639
0.36115879
0.3250327
0.29615212
0.26785558
0.15838944
0.19263243
0.14227663
0.12289933
0.11526985
0.12550364
0.14616945
0.32303359
0.31374717
0.27542981
0.24639349
0.16431554
0.19195915
0.17918541
0.14375051
0.13031505
0.12020333
0.1219879
0.13607263
0.16686483
0.30654152
0.30904014
0.26553272
0.22778783
0.16888341
0.17663462
0.14791809
0.13171369
0.12294698
0.12599787
0.1421161
0.17098305
0.3009564
0.29858377
0.29843042
0.25955007
0.22532464
0.18957863
0.17993621
0.15940774
0.13942465
0.13218134
0.12321999
0.13266815
0.15975255
0.19123481
0.29337326
0.29764698
0.29938349
0.26671649
0.25982121
0.2135465
0.19220687
0.24439735
0.1686844
0.14267655
0.13271107
0.12339895
0.13637604
0.16101169
0.19283144
0.28018348
0.2887507
0.30190727
0.29828873
0.27215152
0.22486415
0.2196911
0.26827144
0.2012596
0.14609271
0.13488336
0.12328165
0.14954648
0.17667421
0.21122446
0.29356365
0.33181498
0.31316595
0.31771123
0.24718201
0.22192345
0.27120301
0.36097143
0.31413947
0.27310962
0.30326319
0.29257121
0.33647964
0.21312464
0.15503589
0.13462127
0.12555473
0.15189334
0.18159741
0.21478594
0.25305946
0.2776051
0.30698995
0.34711106
0.33312373
0.24983522
0.24765902
0.21532217
0.29533654
0.34509805
0.32591738
0.25538211
0.26963571
0.20588054
0.23626031
0.31776628
0.31850968
0.2611534
0.27523
0.24346803
0.32114212
0.28756112
0.26638146
0.28935609
0.27711711
0.25812207
0.35561216
0.3106637
0.27557114
0.29511014
0.29452946
0.27584216
0.36395679
0.31958616
0.27664761
0.30985584
0.29863572
0
0
0
0
0
0
0
0
0
0
0
0.40012129
0.39592409
0.38258209
0.38434162
0.40659543
0.3936592
0.39452899
0.36833715
0.36346566
0.33284249
0.32037449
0.30633133
0.37637429
0.29181063
0.43667574
0.44510843
0.45081714
0.40719438
0.42177322
0.42258088
0.41533606
0.41200746
0.43585675
0.41604693
0.22992877
0.24995499
0.29062497
0.26612048
0.30272332
0.25986801
0.28268317
0.26446298
0.30614663
0.39961762
0.40784476
0.41923789
0.4138013
0.4222469
0.4214608
0.41207221
0.42089854
0.42916957
0.41350982
0.40551477
0.42694836
0.4397025
0.43135711
0.42365915
0.44062737
0.44402715
0.43955238
0.43832798
0.44354485
0.44988101
0.43747523
0.4349864
0.44550916
0.42068691
0.43921884
0.44962193
0.44674238
0.45379507
0.43661308
0.41031082
0.40080237
0.43143548
0.42691821
0.43020105
0.39868365
0.38500508
0.39804025
0.43048717
0.43967155
0.42635919
0.38532063
0.40133297
0.42031421
0.42971426
0.4331905
0.40466554
0.37410664
0.38891721
0.42505016
0.43864936
0.42774779
0.37231987
0.38847706
0.40738665
0.42554972
0.43590458
0.42432661
0.39893468
0.37109536
0.37480183
0.42259771
0.43034139
0.41531245
0.38990948
0.35985504
0.35840551
0.41050707
0.42752282
0.43339224
0.42106512
0.40663847
0.37859905
0.34695209
0.41091927
0.42710275
0.4182694
0.38228175
0.27953553
0.29816988
0.40237968
0.42100139
0.42942517
0.4157752
0.4079745
0.41130008
0.40050667
0.35775111
0.31959688
0.42125192
0.42976983
0.41905073
0.38252699
0.24203706
0.25317319
0.40915303
0.41984413
0.42288844
0.41860712
0.40902455
0.41066142
0.40154551
0.36478879
0.31944732
0.42048232
0.42955609
0.42521997
0.39825101
0.24447247
0.26706221
0.4136948
0.41106852
0.41907362
0.41446225
0.40665703
0.4075854
0.40909564
0.38498002
0.33217081
0.42377259
0.42899316
0.42255453
0.39809537
0.25470055
0.28639951
0.41179584
0.4110404
0.41460499
0.40807697
0.40280656
0.40528017
0.40442706
0.38338609
0.34023007
0.41851539
0.42484487
0.42470578
0.39671182
0.28230894
0.41133873
0.4106418
0.4144823
0.40839934
0.40084277
0.40449997
0.40450144
0.38073973
0.33585253
0.4194445
0.42563113
0.42472954
0
0
0
0
0
0
0
0
0
0
0
0
0
0
0
0
0
0
0
0
0
0
0
0
0
0
0
0
0
0
0
0
0
0
0
0
0
0
0
0
0
0
0
0
0
0
0
0
0
0
0
0
0
0
0
0
0
0
0
0
0
0
0
0
0
0
0
0
0
0
0
0
0
0
0
0
0
0.36574712
0.35919612
0.36526333
0.33741548
0.35534639
0.35965419
0.29484709
0.28248519
0.26048571
0.23438656
0.28305231
0.33127614
0.30387099
0.27306315
0.2760955
0.26645104
0.25588682
0.23823718
0.28093718
0.28847845
0.2746483
0.27459034
0.28521409
0.26228066
0.24934393
0.25348137
0.28834191
0.28940254
0.28056436
0.28233833
0.29948234
0.24013533
0.25143164
0.27036512
0.26239887
0.27321467
0.26289021
0.30535239
0.28890311
0.28593807
0.28678082
0.31618466
0.32499018
0.29609216
0.27720457
0.27668395
0.28651226
0.29097854
0.31997948
0.2961388
0.28616526
0.30150879
0.33629891
0.34448993
0.31973819
0.29747118
0.29527758
0.25491417
0.24591991
0.20458844
0.30254953
0.35431944
0.38686899
0.33057002
0.42334438
0.29236925
0.29476634
0.33882956
0.36223355
0.3974526
0.41871219
0.41355318
0.4314468
0.4397748
0.43950692
0.44202101
0.44891316
0.4395135
0.4369437
0.44335024
0.44453013
0.43320807
0.37433906
0.40890458
0.36707514
0.34543722
0.31269408
0.36586723
0.35709866
0.38089692
0.38873597
0.3563105
0.35034758
0.30429966
0.26587808
0.31107649
0.2499973
0.27353194
0.21326433
0.22448336
0.20743349
0.44107846
0.4493846
0.45704586
0.43750358
0.43082582
0.42256672
0.42187559
0.42873155
0.40695429
0.39416934
0.35760128
0.36273285
0.31511199
0.24584594
0.4234547
0.41210548
0.39600705
0.41423855
0.4021384
0.391854
0.33534161
0.27890369
0.31287232
0.21622163
0.4028705
0.38216961
0.38072757
0.36639154
0.34493619
0.30949505
0.26893036
0.28204652
0.22488726
0.31282401
0.3305978
0.30164463
0.30051804
0.34488772
0.36933741
0.34679826
0.33356199
0.31758122
0.31123477
0.33583909
0.31580726
0.30909287
0.31349353
0.36201671
0.38266177
0.36402622
0.35512333
0.33406064
0.33191688
0.33361285
0.32362406
0.3206878
0.35399086
0.39389934
0.39370329
0.35765211
0.36311032
0.34300886
0.33669059
0.31667891
0.33699798
0.36616824
0.39923228
0.3985172
0.37440796
0.36643465
0.35686031
0.16094528
0.15010346
0.15939586
0.15852928
0.16160225
0.18289036
0.16693956
0.21657932
0.21801512
0.19007486
0.26107859
0.27295102
0.25165529
0.30999238
0.27527191
0.35157408
0.28374749
0.36880036
0.30874756
0.37779571
0.38478327
0.39350894
0.31550605
0.17619125
0.18073103
0.21230281
0.19745983
0.41288071
0.41723503
0.33458078
0.38332018
0.36606578
0.3487191
0.33903612
0.31827254
0.25141527
0.14470245
0.14842313
0.1660229
0.14704297
0.17128043
0.21263611
0.18583941
0.20707525
0.261356
0.28405105
0.29807145
0.31263211
0.30508149
0.31182902
0.31726116
0.30267647
0.25328662
0.25747057
0.1422192
0.15105066
0.15692762
0.17582587
0.1417448
0.20989029
0.25548834
0.19830011
0.21398957
0.28011898
0.28064255
0.31184848
0.29628546
0.33140687
0.33037046
0.3257435
0.28415947
0.28273321
0.14204284
0.15495154
0.1596248
0.16877425
0.13632075
0.22233901
0.26995442
0.19457529
0.20816582
0.24948614
0.2815667
0.30133473
0.29596881
0.3408289
0.341089
0.3281825
0.29760333
0.29813416
0.13211084
0.14885961
0.15977435
0.16360885
0.17234106
0.17282778
0.26813588
0.30682908
0.19358761
0.22492442
0.28048281
0.30171584
0.30638593
0.31153585
0.35038365
0.31076702
0.31106812
0.3206416
0.13681269
0.14671694
0.15476174
0.16311422
0.16039526
0.18798458
0.2783685
0.31987325
0.17857951
0.21865206
0.27393208
0.30237141
0.31036867
0.32210139
0.31552215
0.31558952
0.29953125
0.32626431
0.13622884
0.16240516
0.15201731
0.166261
0.16192385
0.16886616
0.2571757
0.31568658
0.33442107
0.19591534
0.24447397
0.29293884
0.30713879
0.32646517
0.31147409
0.31204161
0.29402571
0.33534209
0.14475021
0.1685394
0.15268972
0.1639487
0.16300529
0.17315842
0.26715744
0.3194037
0.33353457
0.19393166
0.23936286
0.28237213
0.31180279
0.32683686
0.31941051
0.30703296
0.31772562
0.35532332
0.14036869
0.16352808
0.19410625
0.16589622
0.16179856
0.17353742
0.18916725
0.27962425
0.30728639
0.33932839
0.23356936
0.28276877
0.31665797
0.33881207
0.33842693
0.32002369
0.31207169
0.36663884
0.37951345
0.15709155
0.1394185
0.15734685
0.16374935
0.16735156
0.17685069
0.20064163
0.18198459
0.28712575
0.32979303
0.24170238
0.29022197
0.32483093
0.34545077
0.34856723
0.33854134
0.33656783
0.38023726
0.38975005
0.19283791
0.19274797
0.1648375
0.25587394
0.22974151
0.22967524
0.19348267
0.2015489
0.15016344
0.18205538
0.17047313
0.19587948
0.12583015
0.17311257
0.12844039
0.16445732
0.16488688
0.17220991
0.15542555
0.17928507
0.16877673
0.19257977
0.16500167
0.30375833
0.31355527
0.28919287
0.21624511
0.14897623
0.14817664
0.1219186
0.11617674
0.13736323
0.17119364
0.37839625
0.3463471
0.31788388
0.28964246
0.17356431
0.20655846
0.14826272
0.12428376
0.11430097
0.12943772
0.15344968
0.34423783
0.33193014
0.29354013
0.26263522
0.17149113
0.20447663
0.19027658
0.14907766
0.13177238
0.11928634
0.12191459
0.14104517
0.17597479
0.32104425
0.32341701
0.27829546
0.23838721
0.17570098
0.1847871
0.15351263
0.13346754
0.12299629
0.12713346
0.14687989
0.18104263
0.31099134
0.30760916
0.30930809
0.26629518
0.23238594
0.19543175
0.18595733
0.16445733
0.14191234
0.13423949
0.12405602
0.13612614
0.16928791
0.20327723
0.2978662
0.30272138
0.30468192
0.27149589
0.26443721
0.21633907
0.19882878
0.24793579
0.17215288
0.14513515
0.13578511
0.12511504
0.14184451
0.17133555
0.205948
0.28277216
0.29127529
0.3052664
0.30257555
0.27587495
0.22870038
0.2268862
0.2698031
0.20761889
0.14951626
0.1398055
0.12603435
0.15986923
0.18779233
0.22278695
0.29541021
0.33318353
0.31629747
0.32127148
0.25313827
0.2303179
0.34048761
0.22186342
0.15969097
0.14041713
0.12935182
0.16191163
0.19212653
0.22619032
0.27912211
0.309673
0.3499019
0.33708813
0.25639544
0.25940341
0.27749742
0.38899339
0.34947329
0.26641274
0.29566934
0.31377237
0.30825769
0.35136878
0.2935899
0.20267156
0.14904452
0.14695292
0.13340507
0.1797455
0.21553213
0.24239451
0.26347102
0.29920954
0.3305008
0.35680092
0.37705801
0.2543407
0.20972638
0.24286514
0.33280487
0.33716669
0.27150892
0.28506209
0.2483135
0.32952575
0.29599163
0.27345512
0.29701137
0.2849082
0.26280729
0.35946864
0.31722313
0.28109912
0.30254202
0.30251088
0.28191563
0.36700078
0.3256563
0.28115063
0.31695262
0.30598558
0.2847845
0.39082543
0.35295738
0.27117708
0.30181094
0.31964119
0.31479107
0
0
0
0
0
0
0
0
0
0
0
0
0.40853859
0.41537572
0.38784598
0.40108086
0.40742519
0.38556234
0.38195546
0.35354259
0.33413305
0.31480509
0.3202888
0.30850451
0.44768488
0.45234578
0.45326323
0.42940362
0.42951147
0.43543028
0.42541954
0.42189737
0.44226172
0.4397668
0.44717231
0.42114403
0.24886358
0.26382039
0.2497993
0.31929568
0.31150079
0.33392263
0.29525911
0.44703802
0.2904669
0.29745174
0.32930324
0.43054988
0.41895222
0.43773975
0.43577438
0.43700134
0.42991948
0.43634222
0.41370797
0.42447286
0.43596899
0.44084166
0.40933895
0.4357908
0.44755445
0.44372479
0.44987188
0.45070797
0.44260726
0.45323789
0.44778435
0.43617227
0.44859767
0.41944323
0.44956198
0.45428693
0.43871128
0.40539392
0.41989259
0.4330375
0.43816375
0.44068248
0.41545679
0.38522569
0.40525018
0.4368339
0.44601573
0.43763934
0.38941807
0.40570197
0.41999162
0.4332307
0.44171977
0.43218296
0.40220157
0.37677999
0.39179033
0.43227105
0.4365082
0.42482298
0.37358827
0.37393205
0.41826804
0.43245013
0.43827822
0.42569015
0.40868966
0.38218842
0.35870396
0.41908543
0.43096932
0.42358375
0.38924682
0.28779896
0.30970652
0.40802748
0.42357469
0.43235952
0.41754208
0.40952833
0.41291475
0.40183697
0.36110388
0.32480252
0.42391287
0.43071041
0.42140108
0.38716504
0.24664152
0.25994388
0.41125127
0.4213884
0.42425197
0.41952218
0.41080154
0.41167185
0.4032805
0.36733955
0.32327475
0.42189791
0.42921013
0.42629491
0.40022993
0.24762582
0.27287918
0.41473084
0.41205119
0.41990063
0.41487339
0.40857288
0.40883846
0.40945163
0.38719479
0.33586055
0.42323981
0.42857484
0.42316846
0.39938061
0.25766304
0.29091902
0.41235067
0.41136543
0.41477558
0.40754083
0.40477063
0.40635531
0.40431259
0.3862712
0.34312959
0.41796844
0.42429417
0.42476811
0.4072814
0.26517393
0.3275752
0.40987565
0.40745867
0.40979003
0.40006534
0.38505931
0.40092528
0.40168041
0.39010614
0.35443998
0.41358996
0.42374742
0.42108221
0.40630314
0.32263862
0.41001584
0.40733304
0.41052766
0.40045086
0.38212329
0.40018579
0.40207747
0.39058735
0.3509423
0.41477422
0.42454082
0.4208164
0
0
0
0
0
0
0
0
0
0
0
0
0
0
0
0
0
0
0
0
0
0
0
0
0
0
0
0
0
0
0
0
0
0
0
0
0
0
0
0
0
0
0
0
0
0
0
0
0
0
0
0
0
0
0
0
0
0
0
0
0
0
0
0
0
0
0
0
0
0
0
0
0
0
0
0
0
0
0.37873941
0.35709868
0.36572189
0.36391918
0.2886301
0.27481463
0.29692597
0.30874012
0.29257596
0.28904922
0.2968047
0.2693624
0.25727159
0.261163
0.29851531
0.30308599
0.29371963
0.28929527
0.30541985
0.27793039
0.26602813
0.31036844
0.29717744
0.29767769
0.29238874
0.31995702
0.32979351
0.27605964
0.26895745
0.29895752
0.28191188
0.2800409
0.28928362
0.29377795
0.32434939
0.30292456
0.29164034
0.30523487
0.33937759
0.34816441
0.32173623
0.29914427
0.29775587
0.31551379
0.3364405
0.30596476
0.30359487
0.34694376
0.37185059
0.34944535
0.3352891
0.31906255
0.31351233
0.26596068
0.27098255
0.31557596
0.38254653
0.3349209
0.39622307
0.3134742
0.43431796
0.31574256
0.31638405
0.32966124
0.4262663
0.42738028
0.44151316
0.44525564
0.44950101
0.44004523
0.44410252
0.45285814
0.43952478
0.45063843
0.4505429
0.45460336
0.4451273
0.39177153
0.38208009
0.42700963
0.42302773
0.39991236
0.40937226
0.32290442
0.3726041
0.40058579
0.40668669
0.3797499
0.39005391
0.37082194
0.32708182
0.30646064
0.31399336
0.26638378
0.28931274
0.2665261
0.23861452
0.24312145
0.44684978
0.45873213
0.43713157
0.4285003
0.41647826
0.43101197
0.42181374
0.40958101
0.35744895
0.30250058
0.32694536
0.23517746
0.41648656
0.39936841
0.40057977
0.38775273
0.36520715
0.32642132
0.288501
0.29945515
0.23891085
0.39874043
0.39319857
0.37629748
0.35115281
0.35683125
0.25328528
0.28674741
0.29920031
0.21605999
0.34308135
0.3193415
0.31298679
0.31588009
0.3638225
0.38481838
0.36664452
0.35732883
0.33581702
0.33374288
0.34055269
0.32766947
0.32444661
0.35628747
0.39613136
0.39619218
0.3599659
0.36460188
0.34479942
0.34126714
0.32124267
0.34126562
0.36889824
0.40160321
0.40119794
0.37743039
0.36775754
0.35896785
0.33940628
0.32426656
0.35196461
0.39680992
0.40917364
0.39813599
0.37495742
0.3776248
0.17014607
0.15666488
0.18203525
0.16062856
0.18195476
0.16393886
0.1989919
0.21678124
0.18259688
0.21947324
0.23718147
0.25229695
0.20655428
0.26481428
0.30690196
0.23155268
0.34375304
0.36432434
0.29321059
0.37312334
0.36091741
0.38020207
0.31113268
0.37628701
0.38733947
0.39752369
0.32110987
0.39717231
0.41716981
0.42203676
0.33719247
0.21241086
0.18748726
0.25215341
0.21973495
0.33167064
0.39492606
0.39245114
0.38152147
0.36659765
0.34778767
0.33899837
0.26755832
0.15504805
0.16277644
0.17003677
0.19364908
0.15841368
0.21914293
0.26327535
0.22004217
0.23848953
0.30784964
0.30203849
0.33456356
0.32192564
0.35367841
0.34687373
0.34539118
0.29613082
0.29076943
0.15540595
0.1673953
0.1723059
0.18406987
0.15038568
0.23159501
0.27871278
0.21476399
0.23117846
0.27357693
0.3010354
0.31991126
0.3144149
0.36215864
0.35829061
0.34521672
0.3077817
0.30253466
0.14556419
0.16208199
0.17259957
0.17569026
0.18758599
0.1845472
0.27758749
0.31536318
0.21452311
0.24956395
0.30372053
0.31760651
0.32184112
0.32579576
0.3706598
0.32105966
0.32021787
0.32710143
0.1474065
0.1588646
0.16529935
0.17351121
0.16974251
0.19812449
0.28529891
0.33073311
0.1931339
0.24214406
0.29706671
0.31855138
0.32117417
0.33384655
0.33116309
0.32453956
0.30193539
0.33439282
0.14470199
0.17175049
0.16211913
0.17592064
0.17133579
0.17680356
0.2638533
0.3269182
0.34710583
0.21043881
0.2621165
0.30812208
0.31474616
0.33479254
0.31989278
0.32199804
0.29556482
0.33693987
0.15066716
0.17596294
0.16012129
0.17341741
0.17100846
0.18132557
0.27616189
0.33356688
0.34613595
0.20147813
0.25046617
0.29162765
0.31783633
0.33190419
0.32445313
0.31066187
0.31897193
0.35669372
0.14615787
0.16854412
0.19987296
0.17649252
0.1683717
0.18168106
0.19519086
0.29104109
0.31812719
0.34979167
0.24385854
0.29247215
0.32344169
0.34278095
0.34247983
0.32334579
0.31415556
0.36755647
0.37996304
0.16355359
0.14198326
0.15984537
0.17059161
0.17264857
0.18212555
0.20632878
0.18494302
0.29243448
0.33688511
0.2513703
0.29999092
0.33211891
0.34922592
0.35210962
0.34145333
0.33883699
0.38098555
0.39025699
0.17341914
0.1317661
0.15382527
0.17765979
0.18634935
0.19750056
0.24106856
0.16606766
0.29118309
0.3404289
0.29373582
0.32674564
0.34919423
0.3595662
0.35239406
0.34076553
0.37068253
0.4026001
0.38830752
0.22239704
0.23510233
0.19849161
0.28237907
0.232601
0.23640215
0.23708791
0.1578674
0.20402859
0.15880163
0.13121113
0.18149192
0.13352648
0.18205494
0.15967839
0.20711429
0.21194282
0.19794052
0.31831741
0.31615705
0.31503039
0.22447524
0.15855994
0.12919569
0.11482534
0.13776542
0.16569003
0.3683012
0.35323893
0.31678039
0.28428429
0.18165493
0.22047039
0.20497402
0.15681242
0.13419615
0.11877723
0.12264781
0.14970526
0.18679388
0.34027536
0.34122551
0.29530296
0.25234707
0.18415006
0.19511298
0.1612333
0.13598041
0.12330497
0.12872781
0.15275936
0.19283176
0.32458519
0.31987849
0.32294902
0.275032
0.24178892
0.20291991
0.19453264
0.17166941
0.14564769
0.13727345
0.12538856
0.14056759
0.17953987
0.21782034
0.30456958
0.31003984
0.31214077
0.27781429
0.27094432
0.22067263
0.20687801
0.25276216
0.17681426
0.14862862
0.13995525
0.12773024
0.14860874
0.18367413
0.22268579
0.28608131
0.29460235
0.30943816
0.30759385
0.28048411
0.2330134
0.23544013
0.27311808
0.21470043
0.15367105
0.14615072
0.13040134
0.17173444
0.20167402
0.23786959
0.29745955
0.3347219
0.32004048
0.32556226
0.25995451
0.24075288
0.34316571
0.23037988
0.16561072
0.14755958
0.1350212
0.17538349
0.20631974
0.24109864
0.28156585
0.31106704
0.35228425
0.34002998
0.26503396
0.27408525
0.35507709
0.30233326
0.21087013
0.1538172
0.15787515
0.14067254
0.1932299
0.22814731
0.25923618
0.30241998
0.33352962
0.36024657
0.38037477
0.27171506
0.28220376
0.39321294
0.35660807
0.26698848
0.29890326
0.33070877
0.31375748
0.37806264
0.31950412
0.23449334
0.16937888
0.15187172
0.1425196
0.20060715
0.23802992
0.2599401
0.29230848
0.30795828
0.32365551
0.35117069
0.38782847
0.26656145
0.25474956
0.34121486
0.3083158
0.28348965
0.3072896
0.29629179
0.26792474
0.36451728
0.32566128
0.28825363
0.31188917
0.31205339
0.28956918
0.37022195
0.33204837
0.28705602
0.32407971
0.31420419
0.29334981
0.39250051
0.3563198
0.27689158
0.30906062
0.32596826
0.32181035
0.2930578
0.39455165
0.35912659
0.27307913
0.30517228
0.33493581
0.31966998
0
0
0
0
0
0
0
0
0
0
0
0.42149848
0.41693697
0.4065522
0.39941149
0.40123725
0.37783503
0.35313207
0.32702473
0.28559782
0.45363147
0.43521733
0.43738464
0.44098842
0.42359535
0.44366696
0.44808003
0.4336743
0.28411475
0.27816695
0.27439281
0.36893115
0.34262849
0.36339473
0.31712345
0.32233551
0.45157515
0.2998739
0.28540357
0.37651227
0.44519871
0.44497689
0.4506604
0.44521556
0.44624465
0.4333888
0.44079302
0.44221513
0.42866548
0.44635294
0.44864215
0.40162824
0.45471372
0.45848729
0.44342582
0.45441025
0.45365582
0.45635603
0.44699856
0.45449054
0.45481203
0.45519175
0.45110133
0.4439089
0.449999
0.44895012
0.44845411
0.42257714
0.45125303
0.45402728
0.45451564
0.45625968
0.44628672
0.4081499
0.42116145
0.43236026
0.44131853
0.44683435
0.43922662
0.40790243
0.38520213
0.40880088
0.44080658
0.44190925
0.43433292
0.38914266
0.38984468
0.42701739
0.438409
0.44258856
0.43058487
0.41178092
0.38698244
0.37268755
0.42756272
0.43464529
0.4292188
0.30002496
0.32403667
0.41536716
0.42698044
0.43561886
0.41977165
0.41122081
0.41486531
0.40333597
0.36550091
0.33190607
0.42670398
0.43171513
0.42445932
0.3934583
0.252232
0.26735264
0.41414261
0.4232347
0.42583717
0.42057226
0.41251246
0.41277238
0.40494181
0.37047641
0.32816141
0.4234355
0.42886226
0.42756187
0.40301306
0.25123899
0.2790482
0.41593935
0.41334711
0.42063583
0.41520077
0.41012088
0.41014006
0.40972337
0.3895066
0.33981848
0.42269562
0.4280501
0.42403681
0.40095329
0.26084947
0.29502868
0.41285828
0.41167032
0.41487689
0.40690849
0.40616126
0.40739783
0.40398245
0.38882854
0.34630396
0.41733512
0.42362305
0.42482088
0.40820465
0.26808304
0.33091179
0.40966712
0.4074743
0.40923092
0.39961514
0.38800552
0.4019062
0.40135429
0.38981548
0.3575253
0.41265377
0.42296011
0.42128431
0.29527388
0.34002852
0.40370956
0.40437834
0.40367651
0.39461354
0.36986189
0.39612453
0.39412497
0.3813373
0.35745479
0.4073638
0.41842064
0.4183236
0.33665889
0.40440863
0.40491187
0.40485499
0.39558379
0.36575028
0.39622697
0.3953871
0.3826822
0.35253841
0.4087377
0.41964892
0.41852956
0
0
0
0
0
0
0
0
0
0
0
0
0
0
0
0
0
0
0
0
0
0
0
0
0
0
0
0
0
0
0
0
0
0
0
0
0
0
0
0
0
0
0
0
0
0
0
0
0
0
0
0
0
0
0
0
0
0
0
0
0
0
0
0
0
0
0
0
0
0
0
0
0
0
0
0
0
0.37857111
0.36996581
0.28096511
0.26947465
0.31267234
0.32134692
0.3122503
0.29889329
0.31361566
0.28532451
0.2704439
0.31804787
0.30939984
0.31432555
0.30173976
0.32613505
0.33675797
0.2931167
0.29759699
0.33027666
0.31358129
0.30062512
0.31162298
0.34432403
0.3534565
0.30297616
0.2891611
0.28473885
0.3245578
0.30151885
0.30105964
0.31891295
0.34377119
0.31225175
0.30853375
0.35029384
0.3756633
0.35294346
0.33755377
0.32099735
0.31648739
0.35136127
0.32364846
0.31783281
0.31926635
0.36628729
0.38743006
0.36948673
0.35991305
0.33779248
0.33582643
0.31757205
0.27852997
0.33169297
0.3930587
0.34663949
0.43733843
0.33565346
0.31036858
0.32374853
0.29796266
0.44241112
0.45102793
0.44423744
0.45188151
0.45779113
0.43588889
0.44763608
0.45531077
0.4560252
0.44458741
0.45440208
0.45999267
0.44950045
0.43454472
0.4401288
0.43852098
0.42205903
0.43347194
0.42577167
0.38483018
0.40754115
0.40389496
0.41922525
0.38156485
0.42747634
0.32921445
0.353177
0.38433187
0.34259503
0.33998205
0.32328818
0.29431078
0.29112977
0.2604382
0.26678514
0.45789484
0.43069241
0.41668092
0.42023696
0.40906978
0.38702549
0.34573502
0.31317339
0.31954991
0.25876462
0.40950273
0.40780704
0.39549494
0.37086871
0.37708773
0.26956489
0.30693966
0.31756218
0.22598814
0.40150448
0.39197501
0.35598745
0.32539921
0.26369817
0.29805889
0.32063153
0.31231464
0.22689439
0.34841227
0.33200304
0.32839746
0.35875633
0.39847462
0.39862424
0.36210563
0.36626534
0.34654011
0.34629618
0.32591355
0.34527496
0.37156127
0.40391671
0.40381164
0.38003908
0.36934016
0.36104844
0.34533433
0.32871423
0.3555682
0.39892136
0.41108126
0.40029583
0.37714278
0.37867987
0.33448369
0.32948391
0.38314073
0.4007123
0.40986702
0.40612708
0.3914057
0.38606277
0.17696406
0.16852074
0.17435129
0.18927327
0.1850117
0.19066604
0.1797181
0.2258276
0.21688315
0.26312112
0.26747284
0.247326
0.33146535
0.26637861
0.37546464
0.34159801
0.39257444
0.32444949
0.4062981
0.41231289
0.36003117
0.42914039
0.42995341
0.34684965
0.22392766
0.22894548
0.26360606
0.27156325
0.4026009
0.39204092
0.38924096
0.37405435
0.35976
0.34383138
0.30280909
0.16915777
0.17996945
0.18675621
0.20337036
0.16671133
0.24161925
0.28834518
0.23957466
0.25722354
0.29986134
0.32306618
0.34126172
0.33715115
0.38467285
0.37656276
0.36872982
0.32295597
0.30867202
0.16197951
0.17576465
0.18634314
0.19126138
0.20739799
0.19911496
0.28770208
0.32575418
0.23992679
0.27755713
0.3280031
0.33590696
0.34112451
0.34402714
0.39105595
0.33492987
0.33401526
0.33515931
0.16228744
0.17309177
0.17926331
0.18745587
0.18337765
0.21118367
0.29387674
0.34359464
0.21524899
0.27163224
0.32267287
0.33675019
0.33546503
0.3482504
0.34976458
0.33594161
0.30537941
0.34405063
0.15656293
0.18400105
0.17570513
0.1882795
0.18514998
0.18882174
0.27204246
0.33879373
0.36131062
0.23202405
0.28567383
0.32585298
0.32441794
0.34486367
0.33102236
0.33396252
0.29735658
0.33875489
0.15848521
0.18525785
0.16929111
0.18477907
0.18216175
0.19260887
0.28574159
0.34790307
0.36035026
0.21272179
0.26495416
0.30268558
0.3245978
0.33730021
0.32999775
0.31484991
0.32029911
0.35810605
0.1520872
0.17449885
0.20470511
0.18953789
0.17681851
0.19244273
0.20330581
0.30179987
0.33058269
0.36177763
0.25671938
0.30370258
0.33056129
0.34703925
0.34711311
0.32747778
0.31542181
0.36864101
0.38084715
0.1696894
0.14550916
0.16383637
0.17929146
0.17932467
0.18867149
0.21373367
0.18832393
0.2987521
0.34496654
0.26263012
0.31014727
0.33891056
0.35269164
0.35523198
0.34402904
0.34010589
0.38157033
0.39069768
0.18049122
0.13394821
0.15722623
0.18335657
0.19342153
0.20470217
0.25230124
0.16856418
0.29739161
0.34725271
0.3046902
0.33513619
0.35290285
0.36172771
0.35543675
0.34387293
0.37167417
0.40271935
0.38866764
0.18057911
0.13970752
0.14296711
0.19924061
0.20157936
0.21379178
0.25617066
0.1462922
0.26541527
0.32401121
0.30917226
0.33928252
0.35351682
0.36338159
0.36199824
0.35487285
0.37552542
0.40463913
0.39364225
0.25088591
0.25396959
0.1986553
0.2900148
0.2437763
0.24387065
0.22595021
0.20649619
0.25093569
0.17514237
0.20658676
0.14473412
0.19181373
0.18447059
0.19009635
0.11896953
0.19252078
0.18430957
0.20788211
0.15257268
0.21938767
0.22984729
0.24764138
0.1844556
0.33029363
0.35358275
0.31270398
0.24150938
0.22572698
0.16977417
0.13956885
0.11949801
0.12567457
0.16534999
0.20163175
0.36468217
0.36255482
0.31839356
0.27180772
0.19514322
0.20860566
0.17292652
0.13965298
0.12435412
0.13171025
0.1617254
0.207083
0.34256719
0.33633172
0.33989285
0.28638135
0.25389075
0.21219693
0.20534316
0.18116079
0.15120018
0.14157645
0.1274096
0.14623923
0.19196156
0.23503347
0.31431017
0.32005997
0.32186314
0.2858106
0.2790366
0.21716226
0.25935486
0.18353076
0.1538316
0.14607233
0.13161804
0.15673734
0.19752823
0.24175467
0.290546
0.29897356
0.31480279
0.31338489
0.28705182
0.238182
0.24562926
0.27815875
0.22287816
0.15911739
0.15478966
0.13678335
0.18586998
0.21926916
0.25616717
0.29992885
0.33638009
0.32468229
0.3308231
0.26728966
0.25332851
0.34676149
0.2382738
0.17161096
0.15690118
0.1432872
0.1905835
0.22346079
0.26006405
0.28426024
0.31278893
0.35464371
0.34353558
0.27515813
0.28981291
0.35797782
0.30929354
0.21861631
0.15836139
0.17027655
0.15138853
0.21000616
0.24375923
0.27729011
0.30440523
0.33532413
0.36255564
0.38308986
0.29129702
0.38087518
0.32467538
0.24043616
0.17577917
0.1626959
0.15187377
0.21732063
0.25344311
0.27359358
0.31083383
0.32700547
0.3541039
0.39038618
0.28050724
0.40354026
0.37474904
0.26540079
0.28233653
0.30651111
0.3292969
0.3148434
0.38956664
0.37821864
0.30088673
0.18478138
0.20331397
0.17044518
0.15737055
0.24446821
0.28245
0.28169343
0.32243984
0.33314831
0.34753734
0.36960424
0.38227315
0.26079026
0.27394764
0.37107924
0.33671784
0.29774973
0.32404399
0.32394901
0.29795473
0.37439676
0.33988979
0.2946508
0.33229265
0.32369177
0.30297112
0.39420554
0.35962639
0.28310567
0.31646675
0.33216689
0.32858893
0.30402741
0.39566769
0.36159285
0.27905073
0.31157022
0.33868328
0.32565175
0.40375455
0.37520485
0.27060883
0.28847498
0.31175728
0.33263473
0.32007955
0
0
0
0
0
0
0
0
0
0
0
0
0.42377762
0.4172766
0.4085548
0.40082768
0.37756173
0.34492642
0.31873487
0.45427288
0.43986158
0.44020057
0.44102841
0.42407102
0.44919893
0.44642049
0.44846058
0.44398264
0.43268458
0.30873945
0.30137585
0.29113483
0.2766468
0.3979585
0.44750575
0.38900693
0.39423223
0.45599204
0.34288481
0.4541735
0.31748094
0.45315365
0.32015893
0.31909116
0.40833198
0.44960765
0.4548436
0.45606894
0.44808112
0.4506462
0.45058887
0.4449737
0.44423486
0.44603205
0.44698885
0.41444172
0.44672227
0.44749083
0.39664042
0.45879304
0.45812594
0.44304936
0.45599496
0.44732841
0.45313828
0.44554622
0.44896889
0.44537049
0.42338655
0.44967676
0.45470882
0.44319179
0.40606755
0.40575565
0.43588934
0.44423619
0.44618573
0.43576103
0.4160389
0.39343188
0.38903494
0.43534851
0.43787242
0.43497164
0.31807156
0.34188588
0.42324007
0.43134248
0.43862845
0.42285587
0.41304877
0.41739955
0.4049798
0.37139195
0.34215348
0.42940399
0.43253412
0.42777837
0.25975938
0.27595857
0.41794197
0.4254197
0.42762268
0.42161951
0.41395817
0.41385823
0.40644349
0.37450496
0.33464317
0.42464922
0.42837706
0.4289491
0.40696678
0.25545196
0.28549979
0.41735047
0.41494208
0.42125412
0.41535558
0.41100021
0.41133947
0.40984721
0.39193501
0.3445289
0.42193616
0.42722873
0.42508554
0.40296864
0.26453285
0.2998535
0.41330993
0.41194913
0.41480258
0.40607103
0.40677014
0.40822017
0.4033657
0.39137947
0.34972821
0.41649006
0.42260991
0.42487426
0.4092613
0.27140993
0.33332158
0.40920995
0.40732432
0.40869156
0.39902644
0.39051111
0.4026356
0.40076123
0.38958003
0.36120447
0.41160546
0.42203616
0.42146419
0.29754553
0.34307877
0.4028439
0.40373419
0.40271472
0.39356422
0.37329846
0.39610264
0.39265934
0.38061714
0.36110052
0.40602014
0.41702622
0.41791661
0.32443058
0.34883468
0.39918312
0.3990399
0.39304717
0.38475505
0.37358917
0.36511767
0.39290541
0.36899365
0.38308436
0.35685756
0.40639689
0.41709151
0.34416296
0.39980543
0.40061268
0.39469784
0.3877338
0.37082222
0.36121226
0.39430258
0.36934873
0.38860352
0.35175407
0.40781047
0.41822096
0
0
0
0
0
0
0
0
0
0
0
0
0
0
0
0
0
0
0
0
0
0
0
0
0
0
0
0
0
0
0
0
0
0
0
0
0
0
0
0
0
0
0
0
0
0
0
0
0
0
0
0
0
0
0
0
0
0
0
0
0
0
0
0
0
0
0
0
0
0
0
0
0
0
0
0
0
0
0.37895555
0.29774331
0.32893424
0.32470987
0.33705457
0.31417708
0.33489549
0.34559956
0.29860593
0.30294991
0.33833354
0.32866297
0.31422707
0.32187141
0.35195058
0.36075252
0.32331694
0.35328646
0.3220958
0.31721037
0.35573411
0.38155697
0.35772577
0.3287055
0.30498061
0.30557944
0.34067174
0.32365905
0.32041641
0.36114177
0.32924409
0.3250387
0.32467574
0.37014763
0.39112419
0.37297148
0.36318793
0.34028353
0.3385532
0.35694966
0.33697941
0.33325865
0.36189926
0.4013478
0.40135361
0.36453741
0.3682262
0.34845101
0.32913664
0.31964368
0.34085738
0.41279005
0.34017126
0.36925052
0.44216431
0.32758909
0.34506274
0.45606681
0.35504633
0.45217746
0.45313803
0.4383411
0.45011565
0.4582815
0.43378871
0.45622495
0.45817835
0.46019959
0.44503374
0.45991991
0.46031634
0.44532779
0.44956126
0.45155699
0.42902848
0.41984818
0.44048779
0.44075593
0.41132041
0.41225863
0.42142393
0.3670272
0.33805949
0.43485685
0.43357907
0.340053
0.36651356
0.35063712
0.28532177
0.31687142
0.2991904
0.2652002
0.45686113
0.42148085
0.42272098
0.41437668
0.39021185
0.39810047
0.29325599
0.33085024
0.33768032
0.24222994
0.41067947
0.40570891
0.37216735
0.34474895
0.27661066
0.31696345
0.33647565
0.33201366
0.23568895
0.41217408
0.38942116
0.37894527
0.35052877
0.28171975
0.31134683
0.33891715
0.33864543
0.24467332
0.35185102
0.33049015
0.34898874
0.37420765
0.40618857
0.40619304
0.38230682
0.37108726
0.36301472
0.35180475
0.33319172
0.3586654
0.40094406
0.41292701
0.40227704
0.37913352
0.37961519
0.33935801
0.33393576
0.3855015
0.40209014
0.4110947
0.40711715
0.39261404
0.386979
0.33425909
0.34146276
0.39122993
0.40921731
0.41046603
0.40673124
0.39398956
0.19300764
0.18325878
0.1926441
0.19225564
0.22672807
0.20316198
0.18438647
0.24964436
0.27465236
0.22826526
0.26950643
0.29719312
0.3147272
0.27249094
0.36786547
0.3753385
0.28730698
0.39645969
0.37448921
0.4049685
0.32605217
0.40800067
0.39958369
0.40958025
0.34583975
0.41439721
0.42813322
0.43155114
0.3626458
0.36020668
0.25262206
0.29791512
0.41768877
0.39068062
0.40272251
0.38477997
0.38039559
0.349086
0.31686992
0.17977194
0.18944353
0.20057023
0.20964507
0.23303087
0.21574544
0.29756048
0.3372917
0.26972871
0.30710247
0.35287786
0.35647922
0.36214041
0.36518369
0.4115612
0.35398705
0.35595306
0.34481753
0.18031904
0.18854511
0.19504725
0.20493233
0.20281043
0.2270404
0.30390212
0.35782443
0.24351712
0.30251567
0.34793612
0.35620519
0.35281979
0.36468411
0.37015108
0.35122448
0.31103833
0.35564169
0.17211873
0.19962023
0.19169006
0.20381917
0.20417651
0.20723626
0.28244628
0.35120974
0.37673107
0.26073794
0.31358857
0.34525992
0.33714318
0.35693077
0.34527903
0.34881316
0.29965179
0.34099298
0.17019554
0.19806332
0.18227574
0.19921242
0.19823488
0.20918848
0.2971613
0.36196418
0.37589724
0.22994797
0.2847198
0.31662532
0.33290559
0.344098
0.33761669
0.32050665
0.32193584
0.35975451
0.15909717
0.18214507
0.21145029
0.20461727
0.1884581
0.20777614
0.21482615
0.31240121
0.34385286
0.3749844
0.27324863
0.31697011
0.33842928
0.3518689
0.35176418
0.33224134
0.31677935
0.36991162
0.38191586
0.17546039
0.14959002
0.16873368
0.19048238
0.18798423
0.19719689
0.2236922
0.19196169
0.30464791
0.35545384
0.27646727
0.32163418
0.34601369
0.35630235
0.35867956
0.34669849
0.34164647
0.38233872
0.39122115
0.1880509
0.13704035
0.16215921
0.19051121
0.20197528
0.21336909
0.26507918
0.17176247
0.30486196
0.35469144
0.31582569
0.34280938
0.35609361
0.36353857
0.35794826
0.34640077
0.37265067
0.40273495
0.38899423
0.18689043
0.14220555
0.14551063
0.20377071
0.20986153
0.22205222
0.26640116
0.14803059
0.26892533
0.32828091
0.31908162
0.34600192
0.35618693
0.36436244
0.36291336
0.35778488
0.37686401
0.40446443
0.3935642
0.20903792
0.15241576
0.14798895
0.14272723
0.22415236
0.20952931
0.24535059
0.30814636
0.19253997
0.28911748
0.33352491
0.34892327
0.35027684
0.36099746
0.36831667
0.35881606
0.36786026
0.40241746
0.40411566
0.38932747
0.27705061
0.29096957
0.20953283
0.30066112
0.26811683
0.26066076
0.25499503
0.18949672
0.21558436
0.1234457
0.15325201
0.1980048
0.13386862
0.21707737
0.22104618
0.18932003
0.22861316
0.25900129
0.26381353
0.22105359
0.36146034
0.29928053
0.22746606
0.19223523
0.14568256
0.1269183
0.13808869
0.1778585
0.22541474
0.36608735
0.35877446
0.36117266
0.30182146
0.27006939
0.22387907
0.21938563
0.19429985
0.16021994
0.14793765
0.13085719
0.15507922
0.2090347
0.25321847
0.32875575
0.33396733
0.33489031
0.29571853
0.28872135
0.22895935
0.26761272
0.193091
0.16203605
0.1549392
0.13716598
0.16758796
0.21421303
0.26262576
0.2968569
0.30500013
0.32146766
0.32046808
0.29531507
0.25789023
0.28516004
0.23246478
0.16707582
0.16683449
0.14519648
0.20248847
0.23948627
0.27686462
0.30300766
0.33864164
0.32979197
0.33663558
0.27533279
0.26819984
0.35116228
0.24741572
0.17964455
0.17010456
0.15452333
0.20930058
0.24451038
0.28160374
0.28741743
0.31435484
0.35703279
0.34776738
0.28618302
0.30563951
0.36176617
0.31525899
0.22623319
0.1629033
0.18405036
0.16532807
0.22911344
0.26261553
0.29720036
0.30635608
0.33706403
0.3648996
0.38563126
0.31090439
0.38351278
0.32983794
0.24587395
0.18176152
0.17526873
0.16486701
0.23702753
0.2720866
0.28844981
0.31277759
0.3292404
0.35604557
0.39260073
0.29325956
0.39187982
0.37963028
0.30554955
0.19021629
0.21333059
0.17950939
0.17067241
0.26176217
0.29852412
0.29234447
0.33585834
0.3507867
0.37164788
0.38396497
0.27041751
0.39811292
0.37385426
0.28054379
0.27770708
0.30097415
0.32877007
0.311325
0.39168897
0.37739181
0.30219185
0.21895129
0.2281904
0.19139829
0.1750505
0.26674159
0.30330746
0.30036534
0.33921157
0.34474843
0.35258791
0.37093569
0.38890256
0.30734724
0.37956873
0.34950252
0.30480064
0.34227357
0.33494153
0.31373273
0.39598819
0.3636174
0.29031193
0.3246468
0.33905209
0.3358963
0.31527093
0.39678927
0.3639913
0.28477864
0.31756058
0.34195867
0.33106557
0.40372403
0.37578776
0.2758077
0.29394782
0.31679016
0.33548193
0.32460531
0.39745858
0.373367
0.28877223
0.28180238
0.30442783
0.33028966
0.31417581
0
0
0
0
0
0
0
0
0
0
0
0.43069353
0.40320672
0.42465803
0.36949899
0.31534096
0.44127459
0.43922411
0.44283306
0.42204999
0.44487396
0.44092428
0.42027046
0.33463878
0.31003681
0.31174315
0.31010374
0.37636441
0.45177658
0.34260158
0.43095765
0.45710732
0.3610077
0.45495152
0.34014506
0.45220451
0.34060156
0.34523693
0.38647857
0.45714465
0.45478453
0.45580744
0.44862967
0.44870635
0.45307594
0.44944134
0.44063708
0.44587068
0.44195014
0.42026581
0.44753548
0.443663
0.44603339
0.43625119
0.40137115
0.45511671
0.4437266
0.45337765
0.45511793
0.45042421
0.44149551
0.45077805
0.44901235
0.44497177
0.43988384
0.44650922
0.44100117
0.44174482
0.43436964
0.40689696
0.4495156
0.44889877
0.45439823
0.44029211
0.34422021
0.36416343
0.43070817
0.4363581
0.44121158
0.4271402
0.41493428
0.42047981
0.40674034
0.37871469
0.35649065
0.43188392
0.43287148
0.43146625
0.27088901
0.28684487
0.42214158
0.42786845
0.42953504
0.42273553
0.41491929
0.41485842
0.40765541
0.37965702
0.34316505
0.42544797
0.42751341
0.43013617
0.26067548
0.29279491
0.41875508
0.41670195
0.4215475
0.41523964
0.41089982
0.41211218
0.40925551
0.39441803
0.35046374
0.42058661
0.42590971
0.42647725
0.40593054
0.26881633
0.30552243
0.41353804
0.41205271
0.41435159
0.40484053
0.40626799
0.4085584
0.40225806
0.39379942
0.35368245
0.41512803
0.42111071
0.42488057
0.41043661
0.27516862
0.33632379
0.40845005
0.4069642
0.4079901
0.39794863
0.39252224
0.40303258
0.39980885
0.38915664
0.36500522
0.41017248
0.42076743
0.42156067
0.29982014
0.34561091
0.40166021
0.40281802
0.40166281
0.3922585
0.37664602
0.39586673
0.39101543
0.38027256
0.36498777
0.40462988
0.4153983
0.41738518
0.32618745
0.3523667
0.39846739
0.39774536
0.39139237
0.38337759
0.37612827
0.36729899
0.39148038
0.36886042
0.37905047
0.35964741
0.40492617
0.41586603
0.34132073
0.35769246
0.39271367
0.39008708
0.38625318
0.38213639
0.37252171
0.36699848
0.37368798
0.35109457
0.37854995
0.36386645
0.39831748
0.40742253
0.35591434
0.39345311
0.39207228
0.38846434
0.38149851
0.37101905
0.36430684
0.37371057
0.35269649
0.38816808
0.36245683
0.39965129
0.40829086
0
0
0
0
0
0
0
0
0
0
0
0
0
0
0
0
0
0
0
0
0
0
0
0
0
0
0
0
0
0
0
0
0
0
0
0
0
0
0
0
0
0
0
0
0
0
0
0
0
0
0
0
0
0
0
0
0
0
0
0
0
0
0
0
0
0
0
0
0
0
0
0
0
0
0
0
0
0
0.30607941
0.34859473
0.34633894
0.33098342
0.33498462
0.36164703
0.36937785
0.32907968
0.36517837
0.33619575
0.33090867
0.36373677
0.38937085
0.36407101
0.3725063
0.33737716
0.33633857
0.33358391
0.37628378
0.39643165
0.37741354
0.34521257
0.32744032
0.3256161
0.36755137
0.34365556
0.34220595
0.36643472
0.34325901
0.34002917
0.3666502
0.40535179
0.40482472
0.36771798
0.37077656
0.35082388
0.35803315
0.33583213
0.35340013
0.37755871
0.40899942
0.40884661
0.38473164
0.37309054
0.36515814
0.3267477
0.36022519
0.36448471
0.34791163
0.34843876
0.37174044
0.37802442
0.45280765
0.45155629
0.45473616
0.43238115
0.45188046
0.4562854
0.45905125
0.43785216
0.4588539
0.46056094
0.43417312
0.45652844
0.44804476
0.44768268
0.44885899
0.40952396
0.41979118
0.44589496
0.40347218
0.42289481
0.39034602
0.32664543
0.43225079
0.35656979
0.44018451
0.4418071
0.44446389
0.35683734
0.37712524
0.33012568
0.37482712
0.32452987
0.27016554
0.42081387
0.41974006
0.38764349
0.36400864
0.2957082
0.33865432
0.35365414
0.3525294
0.24925558
0.41799347
0.40081631
0.38818993
0.36566656
0.29198554
0.32913578
0.35526269
0.3554948
0.25321119
0.40973193
0.38532826
0.36092795
0.28452275
0.31874855
0.31887412
0.35401532
0.34825418
0.35877755
0.33748067
0.36134202
0.40284718
0.4147247
0.40402826
0.38085049
0.38047746
0.34416717
0.33803108
0.38733933
0.40338019
0.41228072
0.40801938
0.39337775
0.38757697
0.33908749
0.34524701
0.39206145
0.40983425
0.41091207
0.40705814
0.39436966
0.32280971
0.37208795
0.40097508
0.40673044
0.40923445
0.40811923
0.40079573
0.20161468
0.19944552
0.20232657
0.20118013
0.21482516
0.23769695
0.23358753
0.23395691
0.28614403
0.26845023
0.32764149
0.3359694
0.3080319
0.38659011
0.33696703
0.41168155
0.37751909
0.41852074
0.42218994
0.37759544
0.4342428
0.43339867
0.38217864
0.27919957
0.30709383
0.34193155
0.34742706
0.42432643
0.39305243
0.4102489
0.38621726
0.38604152
0.39122949
0.40767597
0.32416665
0.35582524
0.20031983
0.20437983
0.21181153
0.22462462
0.22706771
0.24526038
0.3144374
0.37172392
0.27436434
0.33433914
0.37323677
0.37672918
0.37205861
0.38287732
0.39231949
0.37056702
0.32175685
0.36856507
0.19095223
0.21889981
0.20899924
0.22216718
0.22843794
0.23267485
0.29515993
0.3636792
0.39183762
0.29413671
0.34267089
0.36584097
0.35271264
0.3707233
0.36150861
0.36648204
0.30292273
0.34402709
0.1861158
0.21474797
0.19925489
0.21743823
0.22047665
0.2332459
0.31062537
0.37492436
0.39144341
0.25670143
0.31144798
0.33418771
0.343439
0.35312423
0.34820122
0.32836325
0.32413517
0.36183
0.16988706
0.19272444
0.22176083
0.22215338
0.20490555
0.22890475
0.2315968
0.32403316
0.35818112
0.38895909
0.29478115
0.33305079
0.34784499
0.35746051
0.35745054
0.33905312
0.31860994
0.3715472
0.38327228
0.18228864
0.15576569
0.17580955
0.20461339
0.19976079
0.20934363
0.23771335
0.19831742
0.31151038
0.36698363
0.29408076
0.33518122
0.35399719
0.36040547
0.36232193
0.34942888
0.34329819
0.38326538
0.3919085
0.19655078
0.14063548
0.16832003
0.19951075
0.21253775
0.22406212
0.28011773
0.17558284
0.31274857
0.36312685
0.32791948
0.3506505
0.35936362
0.36541138
0.36071354
0.34893321
0.37416081
0.40292352
0.38937676
0.19268182
0.14642832
0.15001299
0.20881887
0.21961666
0.23216598
0.27798969
0.15090729
0.27287122
0.33297095
0.32921814
0.35200479
0.35835875
0.36523213
0.36369344
0.36020158
0.37847774
0.40428176
0.3935139
0.21637213
0.15492524
0.15071745
0.14434935
0.23397255
0.21852678
0.25455491
0.31818783
0.19708188
0.29402833
0.33796588
0.3553181
0.35381898
0.3613637
0.36806051
0.35999141
0.36991726
0.4019401
0.40356291
0.38929139
0.23062617
0.1612325
0.15536222
0.16232893
0.23768221
0.21949596
0.26508712
0.3183632
0.20503249
0.28609315
0.32118409
0.35498733
0.35611775
0.35776947
0.36320841
0.36033882
0.36639945
0.39890369
0.39980386
0.39053051
0.30299255
0.30610551
0.23816613
0.3111819
0.2829063
0.27365138
0.3340116
0.25378786
0.28486629
0.22497255
0.21342493
0.23046574
0.21587908
0.13311062
0.24823653
0.1559916
0.20689596
0.20651787
0.21650225
0.15113898
0.23198901
0.24407909
0.25896908
0.20209369
0.27927991
0.28967878
0.24681275
0.37320026
0.37748051
0.29209483
0.23840466
0.21353491
0.17417134
0.15801556
0.13692349
0.17106917
0.23168515
0.27239597
0.35071859
0.3540518
0.35343507
0.3075214
0.29976942
0.24255065
0.27798188
0.20622517
0.17551718
0.16724675
0.14567884
0.18326078
0.23515301
0.28414187
0.30653657
0.31414928
0.33014014
0.32931051
0.30534568
0.2721314
0.29439423
0.24423198
0.17974559
0.18358351
0.15704218
0.22219448
0.26127674
0.2986302
0.30704241
0.34134278
0.33596699
0.34370518
0.28503567
0.3567801
0.25919113
0.19140173
0.18792007
0.16934327
0.23066599
0.26833039
0.30304399
0.29122702
0.31659966
0.36000508
0.35318113
0.29810347
0.32122154
0.36660593
0.32180996
0.23521144
0.16953108
0.20289312
0.18467337
0.25239884
0.28570278
0.31769494
0.30804102
0.33857142
0.367702
0.38850841
0.32946821
0.38620062
0.33480515
0.25114221
0.18700968
0.19064704
0.18184485
0.25832427
0.29253739
0.30419785
0.31456709
0.33147644
0.35817977
0.3946497
0.30622185
0.39394722
0.38059392
0.30965316
0.19558003
0.22310254
0.19015216
0.18776966
0.28003099
0.31542867
0.30287883
0.33774036
0.35284156
0.37293601
0.38546452
0.27936567
0.39241865
0.3782459
0.3055694
0.2249876
0.24591328
0.20978184
0.19166653
0.287299
0.31868887
0.31144269
0.34755154
0.35535335
0.3726441
0.38975505
0.39828041
0.38327106
0.29080579
0.28607651
0.29405006
0.31705337
0.32568127
0.31379336
0.3913983
0.38581795
0.34629112
0.2993818
0.22680677
0.2389911
0.21380065
0.20570645
0.30062101
0.32272518
0.3535339
0.36298316
0.38239239
0.39191097
0.32581122
0.398177
0.36832565
0.29986759
0.33432247
0.34707606
0.34414748
0.3280118
0.39786526
0.3667575
0.29160208
0.32430611
0.34543419
0.33667435
0.40367405
0.37618359
0.28109915
0.29874115
0.32119461
0.33792962
0.32833272
0.39671407
0.37327416
0.29624472
0.28564112
0.30786085
0.33158049
0.31710496
0.39720941
0.38210034
0.29854748
0.2900879
0.29730466
0.31935776
0.32667384
0.3152891
0
0
0
0
0
0
0
0
0
0
0
0
0.43247787
0.39822845
0.43900067
0.43944807
0.43722433
0.37879465
0.44326142
0.43667547
0.43768613
0.43191533
0.390996
0.3518655
0.33279899
0.33233705
0.33639621
0.39460048
0.45196899
0.31570616
0.35456515
0.41558469
0.4551326
0.39773642
0.45039346
0.36379862
0.44386008
0.36137887
0.37937831
0.4019832
0.4528281
0.4526869
0.44985713
0.44058992
0.44298086
0.44973223
0.44765694
0.44449544
0.43167072
0.44466168
0.43655248
0.41671545
0.42332687
0.44194997
0.43003038
0.38565077
0.40863399
0.45101473
0.44616334
0.43665458
0.44567354
0.43360972
0.43909578
0.43193595
0.43681047
0.42837254
0.37388921
0.44415964
0.45006874
0.44759591
0.43538462
0.28846254
0.30331788
0.426029
0.43031111
0.43157037
0.42396077
0.41523989
0.41565813
0.40841344
0.38562203
0.35339043
0.42572991
0.42632215
0.43109651
0.26772699
0.30164803
0.41982968
0.4180384
0.42131904
0.41492361
0.4094938
0.4122433
0.40810698
0.39675766
0.35797809
0.41867641
0.42356953
0.42789119
0.27388078
0.31224696
0.41313662
0.41179796
0.41307517
0.4027334
0.40444561
0.40777847
0.40026442
0.39566602
0.35849306
0.41285711
0.41880856
0.42466983
0.41225825
0.27961329
0.34008137
0.40715144
0.40610863
0.40684135
0.39626876
0.39373355
0.40265932
0.39839958
0.38848021
0.3689563
0.4079172
0.41905026
0.42148732
0.3022768
0.34851617
0.39990638
0.40142268
0.4002953
0.39045413
0.37961027
0.39550173
0.38926179
0.37988248
0.368211
0.40275438
0.41308593
0.41643714
0.3275804
0.35523198
0.39742932
0.39627427
0.38959357
0.38312616
0.37847316
0.36994223
0.38979291
0.36870203
0.37605001
0.36193346
0.40343368
0.41443983
0.34295222
0.35915918
0.39200222
0.38850426
0.38402494
0.38235741
0.37376464
0.36798118
0.37380543
0.35103742
0.37150413
0.36402687
0.39685491
0.40635807
0.36221506
0.39227754
0.37881063
0.38652175
0.37749303
0.36641021
0.36586803
0.36656326
0.35594836
0.33559895
0.35314542
0.37289362
0.36507055
0.40092469
0.36029734
0.39412888
0.3814107
0.3881036
0.37518068
0.36530346
0.36444877
0.36672595
0.35344513
0.33352498
0.36263963
0.37308206
0.36557139
0.40224609
0
0
0
0
0
0
0
0
0
0
0
0
0
0
0
0
0
0
0
0
0
0
0
0
0
0
0
0
0
0
0
0
0
0
0
0
0
0
0
0
0
0
0
0
0
0
0
0
0
0
0
0
0
0
0
0
0
0
0
0
0
0
0
0
0
0
0
0
0
0
0
0
0
0
0
0
0
0.37828606
0.35246958
0.34695004
0.37364027
0.39784735
0.37161928
0.38492102
0.34947048
0.35082842
0.34658651
0.38457182
0.40307806
0.38298664
0.37685935
0.35168789
0.34968738
0.37405485
0.41053348
0.40918996
0.37191473
0.37383547
0.34838174
0.34713644
0.37435214
0.35399988
0.36524524
0.34290779
0.35943761
0.38238922
0.41260877
0.41203572
0.38770924
0.37555205
0.36775477
0.36655585
0.34233437
0.36443812
0.4051333
0.41681081
0.40595969
0.38259458
0.38146209
0.36723927
0.39075026
0.36676316
0.36132274
0.38368481
0.4578158
0.40540271
0.45439994
0.44796879
0.45198141
0.43377876
0.45409778
0.45775528
0.45719211
0.43115326
0.45831625
0.45664681
0.44736176
0.44338995
0.44659164
0.43976561
0.40197361
0.38407455
0.44530229
0.41463347
0.39964839
0.32401723
0.4386371
0.44022788
0.36022176
0.44075527
0.44518096
0.36991154
0.37074343
0.37350624
0.3351771
0.35454358
0.27300896
0.42399935
0.41248554
0.39786288
0.38002979
0.30488503
0.34897813
0.37156092
0.37232058
0.26423191
0.4142324
0.39195568
0.37304588
0.29506009
0.33247988
0.33641936
0.36648721
0.36264005
0.41428671
0.40043796
0.37368839
0.31099775
0.33910583
0.31319912
0.34557061
0.35616995
0.35325087
0.34894626
0.34169278
0.38877963
0.40461231
0.41344133
0.40888562
0.39415365
0.38819545
0.34387543
0.34851391
0.39264181
0.41047495
0.41133931
0.40723156
0.39448729
0.32735473
0.37330676
0.40076425
0.40686229
0.40901062
0.40770041
0.40028257
0.32260123
0.37944027
0.39751556
0.40481696
0.4058937
0.39904186
0.22213337
0.21488276
0.21877404
0.22834529
0.22905092
0.29439707
0.24821378
0.26563383
0.32150936
0.32960099
0.25703749
0.38444051
0.30943333
0.41459598
0.41762142
0.36721292
0.4184731
0.42823183
0.43108655
0.39952328
0.43497021
0.43405067
0.39773376
0.39128208
0.32077131
0.32386778
0.38072048
0.43165918
0.38112794
0.42347164
0.37934344
0.4341543
0.38117211
0.41622175
0.32112257
0.38187596
0.21229295
0.24178663
0.22717893
0.24247088
0.25644189
0.2631143
0.30967654
0.37514014
0.40518872
0.32941581
0.37166696
0.38728064
0.37046222
0.38623186
0.37945151
0.38675598
0.30788909
0.34835187
0.20652387
0.23585303
0.21911203
0.23904252
0.24830949
0.26413596
0.32605102
0.38645653
0.4054025
0.29072104
0.34185523
0.35466322
0.35639115
0.3641811
0.36071381
0.33890653
0.32746022
0.36468272
0.18642381
0.20842214
0.23754705
0.24205192
0.22794876
0.25639932
0.25728778
0.33716153
0.37319195
0.40262511
0.32289649
0.35261845
0.35912369
0.36434593
0.36456514
0.34855722
0.32129356
0.37367852
0.3850593
0.19211731
0.16607893
0.18535479
0.22260972
0.21606504
0.22688595
0.25694599
0.20915852
0.32064389
0.37991354
0.31557425
0.35061494
0.36280637
0.36505216
0.36652277
0.35287539
0.34552517
0.38455349
0.39280197
0.20763603
0.14578684
0.17668107
0.21153017
0.22711237
0.23846324
0.29884647
0.18201077
0.32216672
0.37247389
0.34197901
0.3593112
0.36305985
0.36753655
0.36348545
0.35153813
0.37577218
0.40314349
0.38983477
0.19756721
0.15132289
0.15661246
0.21499572
0.230933
0.24425976
0.29133821
0.15500006
0.27693611
0.3388864
0.33981722
0.35769282
0.36048142
0.36607397
0.36466472
0.36279802
0.38016804
0.40411611
0.39351536
0.22399855
0.15886918
0.1555209
0.14726676
0.24493657
0.22891056
0.26451689
0.328079
0.20195502
0.29931247
0.34240606
0.36103613
0.35658385
0.36165483
0.3678515
0.3611358
0.3722143
0.40150334
0.40305258
0.38921959
0.24032258
0.16417751
0.15816092
0.16511156
0.25120617
0.22560631
0.27082319
0.32663171
0.20964378
0.29095387
0.32530864
0.36004622
0.35840446
0.35753875
0.36248405
0.36055089
0.3684111
0.39806189
0.39883239
0.38989008
0.20476214
0.25088059
0.18102409
0.1675642
0.1860008
0.22327315
0.26018363
0.30868408
0.35356193
0.25793795
0.31241359
0.32790913
0.36086182
0.35208673
0.35397385
0.35812623
0.33829176
0.3893293
0.39512922
0.3917521
0.38397028
0.33099251
0.29366667
0.25830814
0.34962976
0.36720825
0.26464998
0.30493303
0.32469858
0.24383752
0.19238715
0.2256609
0.14805656
0.26478595
0.26325565
0.17296596
0.22962945
0.19652766
0.24863686
0.27316597
0.27822973
0.25804083
0.30385607
0.32036739
0.29231884
0.39464412
0.38556648
0.31193957
0.29038253
0.22270883
0.19505454
0.18388964
0.16011387
0.20600669
0.25895731
0.30529361
0.32272366
0.32934016
0.34265666
0.34082881
0.31683169
0.28804326
0.3063844
0.2590819
0.19950009
0.2051922
0.17529771
0.24508191
0.28487281
0.32065168
0.31317405
0.3448507
0.34337128
0.35223082
0.30399709
0.3639048
0.27420428
0.20919333
0.21104705
0.18955854
0.25466007
0.29195803
0.32328048
0.29585082
0.31965394
0.36372488
0.35999106
0.33647551
0.372851
0.32980453
0.24687641
0.17996221
0.22684068
0.20987532
0.27763662
0.30998359
0.33679714
0.31034327
0.34051265
0.37085977
0.39203044
0.3460699
0.389478
0.3407008
0.25820533
0.19414932
0.21283738
0.20610973
0.28328562
0.31559371
0.32206176
0.31629721
0.33355008
0.36071526
0.39695222
0.32068872
0.39588859
0.38184438
0.31323412
0.20041846
0.23250636
0.20237177
0.20893978
0.29853913
0.33202092
0.31333737
0.33961928
0.35483696
0.37425544
0.38678481
0.2882568
0.39304832
0.37863497
0.30900244
0.23033129
0.26229914
0.23114455
0.21213934
0.30659695
0.33320321
0.3211684
0.35037656
0.35756651
0.37364686
0.39047362
0.39153346
0.38602643
0.34794894
0.30358354
0.23575509
0.25754401
0.23257631
0.22760191
0.31505807
0.33206827
0.35727163
0.36608729
0.3834686
0.39174724
0.38960319
0.37595986
0.31342233
0.29884606
0.30072531
0.31673402
0.32819184
0.31841199
0.38918476
0.37415405
0.34385386
0.3278439
0.28432755
0.27380532
0.24775028
0.23878951
0.30546877
0.33453124
0.36417593
0.35952081
0.37800441
0.39083489
0.34160427
0.39895432
0.36975654
0.30076509
0.33238611
0.34940424
0.34291349
0.40348526
0.37640147
0.28733547
0.30399191
0.32568803
0.34046018
0.33194986
0.39591798
0.37289737
0.3031325
0.28945226
0.31106427
0.33259822
0.31986012
0.39592746
0.38108671
0.30628444
0.29404269
0.30055794
0.32170206
0.32751978
0.3167311
0.38843935
0.37442333
0.32010279
0.30317737
0.30397927
0.31882578
0.32865482
0.31980365
0
0
0
0
0
0
0
0
0
0
0
0.43691538
0.4379884
0.43426299
0.43575608
0.31407825
0.43206822
0.42620868
0.32817979
0.38358021
0.35501856
0.35358878
0.40951495
0.3403169
0.4514646
0.37395088
0.39908272
0.45001008
0.39987692
0.44964738
0.37212056
0.43984831
0.39059386
0.39600226
0.40340951
0.44471524
0.44335718
0.43887149
0.43182353
0.43339717
0.44662136
0.44000543
0.42532386
0.44009644
0.42997234
0.43342891
0.42065682
0.41499878
0.42657199
0.41623079
0.43556722
0.42433738
0.42463914
0.41656623
0.39083774
0.40867452
0.43977325
0.42919579
0.43786603
0.44264994
0.4279729
0.42483406
0.43245005
0.43368629
0.42524818
0.42498212
0.43044522
0.42318934
0.42662626
0.36293265
0.43993103
0.43683894
0.44549022
0.43224891
0.27788897
0.31215848
0.42037159
0.41895076
0.42075603
0.41453132
0.40673797
0.411456
0.4062725
0.39868612
0.36649076
0.41631844
0.42030833
0.42922523
0.28022969
0.32044644
0.4115894
0.41093707
0.41105371
0.40008089
0.40122604
0.40575131
0.39742051
0.39661645
0.36448465
0.40965611
0.41522363
0.42408354
0.28497971
0.34468415
0.4049022
0.40438908
0.4050638
0.39369398
0.39385615
0.40093586
0.39610605
0.38690631
0.37316636
0.40413186
0.41676985
0.42101196
0.30525731
0.35173017
0.39733766
0.39921332
0.39830735
0.38813017
0.38290573
0.39477586
0.38701797
0.37928097
0.37124781
0.40007181
0.4099285
0.41495647
0.32904561
0.35782386
0.39581281
0.394301
0.38742916
0.38257089
0.38042108
0.37197068
0.38799333
0.3681537
0.37342612
0.36387647
0.4014212
0.4123676
0.34415563
0.36064876
0.39141002
0.38671271
0.38149904
0.38236756
0.37493089
0.36942071
0.37420041
0.35108914
0.36772955
0.36480411
0.39530013
0.40545872
0.36354575
0.3909044
0.37636856
0.38509513
0.37789229
0.36673978
0.36699831
0.36571304
0.35821176
0.33793766
0.34732639
0.37234657
0.36415542
0.39958041
0.36531783
0.38384228
0.37366603
0.38134471
0.37515839
0.36563726
0.36430889
0.36298537
0.35237874
0.34145006
0.35019612
0.36430671
0.36288874
0.3933059
0.38570884
0.3761028
0.3832041
0.37578594
0.3662429
0.36386366
0.36461076
0.35064473
0.34008924
0.35939902
0.36468832
0.36453601
0.39524256
0
0
0
0
0
0
0
0
0
0
0
0
0
0
0
0
0
0
0
0
0
0
0
0
0
0
0
0
0
0
0
0
0
0
0
0
0
0
0
0
0
0
0
0
0
0
0
0
0
0
0
0
0
0
0
0
0
0
0
0
0
0
0
0
0
0
0
0
0
0
0
0
0
0
0
0
0
0
0.39766411
0.36411099
0.36576387
0.36141671
0.39379288
0.41012022
0.3894295
0.38778769
0.36247488
0.36159074
0.38370481
0.41627899
0.41407489
0.37738791
0.37372675
0.3523648
0.36764379
0.38910146
0.41675832
0.41568766
0.39155076
0.37957436
0.3584304
0.37879005
0.37113557
0.37518902
0.34840549
0.36859106
0.40801936
0.41917239
0.40833271
0.38463671
0.38268312
0.35447438
0.34586195
0.3903452
0.40605744
0.41474325
0.40980417
0.39491885
0.38882168
0.39405711
0.41094562
0.37759471
0.4456401
0.37878006
0.37483768
0.40239972
0.45460136
0.41636289
0.44602686
0.45115185
0.44593868
0.42350833
0.45312908
0.45450458
0.42973271
0.45139494
0.43722115
0.44218523
0.43464054
0.40646697
0.39294869
0.4390795
0.44555998
0.42496302
0.38700237
0.40731966
0.31994562
0.42370176
0.44160675
0.44037822
0.3667769
0.44157345
0.44401439
0.44303868
0.43799714
0.38576805
0.44133384
0.38647538
0.36267368
0.27814713
0.41904785
0.39883813
0.38473819
0.30722233
0.34813933
0.35496467
0.37873841
0.37637399
0.41639016
0.40261004
0.37977253
0.32437919
0.35327115
0.32955975
0.35745879
0.36551808
0.36229955
0.39974543
0.37306417
0.35537488
0.31299833
0.3413373
0.35380455
0.3494605
0.34859106
0.35133859
0.39304478
0.41112604
0.41172557
0.40738547
0.39455123
0.33121177
0.37396591
0.40058891
0.4070109
0.40885603
0.40729933
0.39962907
0.32649047
0.37875209
0.39666746
0.40434931
0.40459347
0.3978808
0.33430858
0.38716754
0.39259122
0.39804959
0.3990157
0.39655781
0.26726049
0.23526188
0.22482331
0.24534353
0.23994272
0.26525148
0.30865087
0.28977057
0.30843626
0.32476835
0.34234004
0.29867809
0.40128889
0.36900376
0.42805673
0.40134639
0.43715256
0.43837775
0.40892649
0.43716453
0.43650171
0.38951753
0.33297991
0.34526251
0.38231496
0.39590299
0.41393991
0.43800787
0.34825567
0.4308779
0.43824706
0.36129823
0.43758246
0.35326237
0.42310728
0.42690748
0.3564921
0.23076484
0.26167483
0.24123394
0.26279093
0.28017152
0.29914417
0.34289043
0.39611014
0.41723218
0.32547823
0.37131317
0.37613879
0.37096549
0.37631054
0.37425566
0.35179543
0.33266474
0.36866314
0.20936414
0.2311454
0.2593902
0.26420174
0.25641649
0.28932727
0.29046454
0.3525425
0.38847913
0.4148588
0.35359209
0.37428207
0.37199686
0.37256922
0.37287998
0.3601063
0.32568972
0.37670372
0.38760204
0.20723079
0.18179501
0.1986256
0.2447796
0.23924891
0.25333325
0.28396621
0.22524069
0.33348516
0.39302844
0.34197476
0.36835429
0.37271524
0.37045998
0.37153222
0.35748648
0.3487079
0.38630312
0.3940175
0.22330448
0.15401624
0.1875008
0.22742776
0.24670189
0.25778477
0.32116129
0.19232568
0.33406589
0.38255414
0.35791299
0.36867639
0.36720645
0.36991937
0.36670155
0.35487615
0.37767187
0.40344102
0.39043463
0.20436806
0.1575337
0.16469207
0.22346203
0.24540223
0.26019577
0.30833394
0.16070803
0.28254125
0.3464319
0.35194536
0.36373607
0.36281582
0.36695208
0.3656571
0.36540291
0.38189582
0.40394098
0.39350342
0.23269303
0.16254778
0.16194762
0.15069018
0.25686035
0.24114538
0.27578595
0.33830363
0.20561839
0.30551816
0.34698238
0.36652401
0.35908708
0.3619286
0.36757147
0.36229029
0.37404446
0.40104479
0.40249305
0.38910012
0.25118758
0.16893498
0.16179176
0.16893979
0.26582661
0.23318836
0.27737206
0.33439489
0.21468677
0.29550709
0.3290663
0.36425982
0.36006967
0.35730312
0.36184163
0.36099494
0.37067899
0.39733087
0.39795712
0.38937242
0.21174988
0.26767013
0.18465829
0.17183283
0.19103253
0.23173406
0.26942997
0.3171484
0.35898199
0.2652497
0.31733331
0.33155501
0.36309253
0.35240464
0.3528138
0.3578298
0.34321479
0.38859934
0.39336729
0.3902337
0.38416907
0.23652014
0.24579459
0.19096704
0.18464875
0.21707042
0.2514525
0.28861672
0.32409388
0.35416567
0.27882528
0.31789599
0.32725372
0.3619062
0.35286193
0.34686766
0.34735528
0.34737712
0.38448988
0.38792372
0.38591904
0.38698963
0.34252229
0.35186566
0.30531892
0.35243102
0.37644391
0.38055758
0.30386623
0.29898958
0.31571654
0.36872762
0.24107132
0.312754
0.21907581
0.23535823
0.2464766
0.23985556
0.18184947
0.27788788
0.20474072
0.25537899
0.23886971
0.27844082
0.23527824
0.29647622
0.31179544
0.28513064
0.35624428
0.31209145
0.3271134
0.40320762
0.42218599
0.32939578
0.32069493
0.27695388
0.2265082
0.2303517
0.20192498
0.26989593
0.30891844
0.34127719
0.323654
0.34981791
0.35199544
0.36200008
0.32362828
0.37300203
0.29285352
0.23427995
0.23911001
0.21519666
0.27966575
0.31566175
0.34259158
0.30209668
0.32405306
0.36844757
0.36836159
0.35147768
0.38069898
0.33977447
0.26252462
0.19773995
0.25359123
0.23962589
0.30234094
0.3321681
0.35367562
0.31325063
0.34291365
0.37472673
0.39634763
0.36120463
0.39366137
0.34822116
0.2682485
0.20523771
0.24199463
0.23750055
0.30895339
0.33888475
0.33980718
0.31861033
0.33626098
0.36350394
0.39975496
0.33531239
0.39806113
0.3835319
0.31799736
0.20626481
0.24390674
0.21839856
0.23711613
0.31913726
0.34908767
0.32481096
0.34149311
0.35682234
0.37572978
0.38829173
0.29785467
0.39372258
0.37950986
0.31205998
0.23578301
0.27768196
0.2544001
0.23550336
0.32450935
0.34681477
0.33020913
0.35306792
0.3597535
0.37467152
0.39108349
0.39163457
0.38614879
0.35002477
0.30741381
0.24303531
0.27465532
0.2529194
0.24906557
0.32744494
0.34041842
0.36053759
0.36818444
0.3841034
0.39159851
0.38879294
0.37433251
0.34474906
0.33026101
0.28986417
0.28762024
0.27120178
0.2615806
0.3155873
0.33963503
0.36247691
0.37875658
0.39001789
0.39149158
0.37619209
0.32768517
0.30704403
0.30489505
0.30797003
0.32195036
0.32277138
0.31673543
0.38773803
0.37655177
0.32864459
0.34175415
0.30240898
0.2916007
0.26244699
0.24789255
0.33642114
0.36739217
0.36882495
0.38228279
0.38516369
0.40289064
0.37650166
0.29519721
0.31046372
0.33081471
0.34323453
0.33568899
0.39489479
0.37192551
0.31008769
0.29370826
0.31461356
0.33366354
0.32257187
0.39474277
0.37976999
0.31393679
0.2978524
0.30362017
0.32375741
0.32817989
0.318027
0.38716033
0.37335622
0.32525738
0.30652779
0.30659543
0.32047853
0.32918309
0.32078559
0.39029354
0.37497578
0.33135234
0.3098479
0.30699656
0.30995327
0.32245396
0.32322944
0.31659086
0
0
0
0
0
0
0
0
0
0
0
0
0.42922978
0.43320374
0.43138354
0.29182813
0.42039278
0.32291213
0.38768786
0.36456352
0.38405189
0.36550419
0.34282588
0.38606346
0.4426162
0.39552417
0.38675247
0.4399198
0.40000662
0.43371189
0.39083248
0.42482698
0.40575648
0.42280651
0.38775101
0.43738116
0.43106872
0.42559656
0.41981906
0.42046303
0.43054392
0.43340647
0.43508305
0.42290197
0.41444371
0.42554314
0.4262363
0.41311118
0.40326173
0.40973197
0.41844376
0.40467555
0.41870578
0.4106477
0.42238291
0.39989454
0.37370455
0.40903405
0.43242392
0.41904193
0.41958855
0.41352101
0.41707009
0.41701375
0.41615325
0.42157959
0.40571022
0.43217824
0.43931577
0.43536791
0.43067986
0.28843802
0.32993469
0.40932546
0.40955598
0.40870724
0.39732577
0.39671777
0.40220803
0.39391871
0.39632642
0.37123763
0.40575021
0.41037684
0.42321426
0.29168362
0.35017442
0.40158771
0.40135022
0.40241209
0.39016008
0.39252304
0.39758825
0.39299231
0.38421337
0.37757844
0.3986167
0.41354331
0.41997751
0.30901997
0.35530529
0.39390101
0.39601791
0.39543679
0.38506133
0.38578328
0.39330152
0.38421571
0.37824772
0.3743795
0.39585798
0.4058711
0.41282602
0.33083035
0.36044747
0.39332729
0.39155982
0.38447951
0.38164352
0.38255247
0.37383588
0.38585164
0.36741805
0.37095518
0.36572501
0.3984592
0.40961887
0.34536126
0.36201509
0.39045457
0.38453303
0.37832123
0.38212546
0.37601898
0.37035109
0.37493765
0.35111756
0.36497639
0.36514037
0.39317334
0.40427585
0.36482814
0.38932934
0.37369784
0.38348084
0.37765138
0.36747897
0.36814187
0.36548011
0.36010469
0.33731112
0.34333486
0.37198672
0.36343205
0.39831826
0.36599231
0.38254672
0.37156829
0.37981404
0.3749072
0.36466378
0.36455164
0.36136674
0.35392228
0.3424272
0.3450619
0.36370208
0.36117533
0.39177018
0.36685305
0.3734906
0.37022579
0.38131123
0.3573166
0.35738948
0.36276527
0.35635363
0.35520276
0.34784147
0.34274897
0.35962443
0.34066868
0.35951775
0.37519553
0.37197799
0.38312883
0.3575794
0.3596079
0.36438872
0.35597095
0.35799927
0.34762109
0.34549224
0.36062201
0.34152173
0.36225045
0
0
0
0
0
0
0
0
0
0
0
0
0
0
0
0
0
0
0
0
0
0
0
0
0
0
0
0
0
0
0
0
0
0
0
0
0
0
0
0
0
0
0
0
0
0
0
0
0
0
0
0
0
0
0
0
0
0
0
0
0
0
0
0
0
0
0
0
0
0
0
0
0
0
0
0
0
0.3986608
0.3746075
0.3739727
0.3936449
0.42192784
0.4189534
0.38335933
0.36338279
0.37697575
0.3966743
0.42099879
0.41943557
0.39623439
0.38454316
0.35611401
0.37413802
0.41135638
0.42159641
0.41106296
0.38726088
0.38342019
0.37586706
0.38432516
0.36122607
0.35115707
0.39230523
0.40784785
0.41617447
0.41087012
0.39579703
0.38956556
0.35395124
0.35446796
0.39344005
0.4118504
0.41209516
0.40748784
0.39453288
0.40827983
0.38676906
0.38560024
0.40232674
0.45007104
0.42676564
0.44915263
0.44643662
0.44189796
0.44291497
0.4235486
0.44997777
0.44531095
0.43177429
0.426875
0.42211943
0.40470844
0.42913352
0.39491431
0.41457885
0.4120906
0.32123073
0.36449488
0.42951709
0.43949442
0.43222686
0.3714542
0.43829855
0.44090806
0.43413651
0.42858302
0.38855605
0.43201914
0.42624801
0.3874595
0.37571528
0.37590354
0.41827834
0.4045489
0.38596987
0.33871335
0.36888273
0.34774409
0.36889748
0.37421075
0.37009014
0.40000186
0.37667065
0.3699228
0.32753414
0.35024843
0.35830891
0.35538062
0.40169589
0.37645408
0.34959206
0.30515958
0.31834802
0.33647583
0.34614425
0.339381
0.3346768
0.37434706
0.40040131
0.40716249
0.40870166
0.4068624
0.39892143
0.32941925
0.37812611
0.39589381
0.40402286
0.40352909
0.39669921
0.33612122
0.38558465
0.39112398
0.39725288
0.3975078
0.39442654
0.35366414
0.37941676
0.38425828
0.38797007
0.39179312
0.29142235
0.26036697
0.25665475
0.25930151
0.26580474
0.28868181
0.31828383
0.345693
0.36006295
0.39933967
0.33773798
0.43040769
0.35952382
0.4372615
0.44139669
0.39822022
0.43825268
0.44062652
0.43585417
0.39544312
0.38524442
0.3915631
0.40324053
0.42591787
0.43801441
0.44134064
0.35718513
0.44045527
0.34103006
0.43849319
0.36161806
0.23816345
0.2599095
0.28820944
0.28833967
0.28846297
0.3271689
0.32513208
0.37064552
0.40375189
0.42532525
0.38258914
0.39560831
0.38564762
0.38158271
0.38185876
0.37345244
0.33295936
0.38095489
0.39119153
0.22951395
0.20573131
0.21880769
0.27063597
0.26835969
0.28668681
0.3168627
0.2494741
0.35212119
0.40542277
0.36955216
0.38674171
0.38325882
0.37647863
0.37725308
0.3636676
0.35357813
0.38888931
0.39578435
0.24397092
0.16815925
0.20258461
0.24865611
0.27343002
0.28469604
0.34740604
0.20793128
0.34860756
0.39248981
0.37580938
0.37884354
0.37186154
0.37267832
0.37051511
0.35948475
0.38023254
0.40380182
0.39129561
0.21534358
0.16649999
0.17454558
0.23449062
0.2639253
0.2811552
0.32936505
0.16831878
0.28995007
0.3560547
0.36575161
0.3703067
0.3654367
0.36791142
0.36676104
0.36853499
0.38398539
0.40372591
0.39354825
0.24316249
0.16722487
0.16942288
0.15483521
0.27246257
0.25732946
0.29013416
0.35031553
0.21000523
0.31294257
0.35222801
0.37241532
0.36168861
0.36212698
0.36706696
0.3635408
0.37612515
0.40056811
0.40193499
0.3889531
0.2625682
0.17370193
0.16585595
0.17282497
0.28085093
0.24204208
0.2852136
0.34211763
0.21897676
0.30045228
0.33267267
0.36817845
0.36141088
0.35701654
0.36102138
0.36144626
0.37174658
0.39622668
0.39694571
0.38876755
0.21729705
0.2857468
0.18949927
0.17756916
0.19709045
0.24091053
0.27920674
0.32528065
0.36354133
0.27136602
0.32154538
0.33430084
0.36475691
0.35252475
0.35174927
0.35761668
0.34699679
0.38796462
0.39169669
0.38883015
0.38405932
0.2451111
0.25707226
0.19571073
0.19011492
0.22385625
0.25966273
0.29764484
0.33133074
0.35913967
0.28530847
0.32160178
0.33041138
0.36395396
0.35280634
0.3459674
0.34830071
0.35104598
0.38338637
0.38558739
0.38362334
0.38647743
0.21765547
0.27523963
0.2870094
0.19754913
0.21532964
0.27730141
0.27771812
0.32415785
0.35451633
0.36490985
0.30891986
0.33508328
0.32755206
0.35621251
0.34202514
0.34654616
0.34571045
0.36994981
0.38138931
0.38091034
0.3786046
0.38699642
0.37903402
0.36102874
0.34314616
0.3677954
0.41137902
0.33552559
0.33187068
0.38626061
0.40568495
0.29679038
0.33224712
0.35598727
0.2598563
0.26172351
0.23496407
0.29381137
0.26086364
0.30168465
0.30951748
0.29812343
0.32853813
0.34542191
0.3329362
0.37441693
0.32804902
0.38624712
0.36120554
0.42934602
0.43130789
0.37219317
0.38413683
0.31531959
0.26665646
0.26975815
0.24411027
0.30522381
0.33859255
0.361199
0.31137453
0.33040919
0.37440326
0.37811399
0.36685176
0.39060571
0.35223587
0.28344936
0.22569434
0.28241154
0.27112447
0.32623344
0.35315385
0.36929935
0.31728518
0.34612743
0.37951026
0.40162299
0.37601052
0.39899197
0.35800983
0.2828211
0.22314816
0.27417015
0.27113112
0.33317611
0.35862581
0.35602653
0.32153527
0.33971742
0.36700006
0.40326494
0.40066421
0.38581796
0.32470512
0.21452968
0.25879632
0.2400901
0.27083652
0.34137695
0.36525377
0.33652801
0.34356922
0.35909871
0.37748371
0.39004573
0.30884768
0.39452724
0.38078303
0.31548916
0.24186003
0.29374968
0.28109008
0.26399426
0.34214335
0.35974072
0.33927535
0.35582655
0.36201808
0.37579816
0.39169424
0.39172365
0.38640587
0.35163156
0.31021013
0.24992892
0.29170191
0.27452126
0.27064845
0.33964644
0.34818148
0.3635934
0.36998873
0.38456279
0.39133886
0.38836826
0.3747392
0.34586364
0.33275201
0.29379932
0.2992805
0.29037283
0.28146981
0.32445208
0.34390366
0.36455013
0.37924341
0.38925533
0.38679093
0.3759281
0.33021819
0.34309018
0.30893417
0.3043791
0.27826765
0.26543766
0.33986992
0.36997064
0.38224995
0.38422527
0.38424355
0.37162702
0.33654356
0.32371624
0.3119266
0.30939493
0.31774342
0.33043152
0.3189962
0.37805194
0.36626466
0.31903614
0.3390299
0.31833062
0.31281373
0.28914366
0.26688715
0.3378362
0.37197753
0.37616613
0.38209644
0.39355211
0.37069986
0.31759517
0.29895008
0.31887718
0.33487657
0.3253783
0.39342479
0.3779116
0.3217739
0.30181143
0.30696027
0.32571302
0.32884183
0.31932404
0.3857201
0.37185609
0.32945501
0.30957964
0.30896216
0.32180994
0.32939843
0.32146056
0.38918916
0.37399608
0.33392793
0.31225746
0.3086465
0.31160707
0.3226193
0.32353708
0.31635059
0.38314224
0.37068146
0.33593853
0.32393837
0.31269075
0.30969281
0.31730713
0.3293588
0.31744735
0
0
0
0
0
0
0
0
0
0
0
0.42488092
0.42813496
0.2984483
0.41332565
0.40590239
0.33910737
0.3903995
0.38274488
0.40138136
0.38761315
0.36924949
0.42798188
0.39697427
0.43274583
0.40140412
0.39025336
0.4191178
0.39354167
0.42740553
0.40015739
0.41671898
0.41509881
0.4250177
0.39015528
0.42593007
0.41649855
0.417148
0.40607031
0.40699186
0.42288531
0.41509861
0.39483516
0.41754566
0.41915366
0.40348254
0.40833263
0.39300383
0.39137899
0.40109313
0.39735696
0.41137558
0.40956316
0.39737696
0.39046568
0.40287362
0.407183
0.41546167
0.39472452
0.39688252
0.3765585
0.40030717
0.42259396
0.40853539
0.40772563
0.41514483
0.40962729
0.39638924
0.40101762
0.41082698
0.40630059
0.40775457
0.40519116
0.41233413
0.40467584
0.42463097
0.42303849
0.43648546
0.42222292
0.2999245
0.35624636
0.39762886
0.39746509
0.39914584
0.38578614
0.3893985
0.39212644
0.38910408
0.37983002
0.38144218
0.39147241
0.40953101
0.41831615
0.3139771
0.35942005
0.38966518
0.39164721
0.3911928
0.38109228
0.38722569
0.39058334
0.38083561
0.37623645
0.377128
0.3899296
0.400959
0.41000918
0.33318508
0.36334461
0.38982834
0.38782427
0.38042077
0.37994135
0.38437262
0.37546971
0.38313214
0.36657998
0.3688831
0.36751178
0.39388872
0.40606654
0.34680472
0.36332938
0.38886744
0.38177035
0.37424793
0.38157061
0.37701837
0.37094111
0.37560826
0.35166951
0.36290839
0.36519365
0.39011411
0.40251018
0.36574564
0.38747769
0.37031034
0.38132789
0.37715267
0.36792886
0.36922108
0.36496384
0.36226523
0.33783842
0.3415546
0.37136043
0.36242194
0.39676097
0.36627643
0.38122362
0.36929708
0.37817356
0.37408284
0.36402294
0.36478332
0.35984998
0.35535069
0.34311812
0.34052966
0.36271876
0.3593264
0.39037343
0.36591907
0.37198914
0.36879708
0.38019284
0.35744903
0.35524785
0.36109023
0.35673816
0.35262336
0.34789998
0.34165591
0.35914323
0.34054154
0.35674963
0.37073018
0.36284748
0.36740434
0.3762516
0.34745613
0.34917337
0.35497382
0.35523654
0.34776546
0.35035207
0.3449708
0.34663748
0.33164198
0.35538036
0.36244489
0.36867391
0.37798706
0.34636838
0.35254492
0.3577559
0.35654675
0.35161154
0.35168142
0.34753331
0.3479577
0.33299902
0.35925972
0
0
0
0
0
0
0
0
0
0
0
0
0
0
0
0
0
0
0
0
0
0
0
0
0
0
0
0
0
0
0
0
0
0
0
0
0
0
0
0
0
0
0
0
0
0
0
0
0
0
0
0
0
0
0
0
0
0
0
0
0
0
0
0
0
0
0
0
0
0
0
0
0
0
0
0
0
0
0.39375719
0.37487681
0.38638407
0.40409644
0.42504403
0.42285958
0.39437459
0.36518051
0.38065331
0.41483877
0.42385514
0.4137133
0.39077692
0.36920181
0.35768914
0.39463748
0.40990952
0.41756548
0.41201512
0.39689715
0.38669814
0.39055
0.36016244
0.35826564
0.39389624
0.41262315
0.41236154
0.40753201
0.3944508
0.33842985
0.37468579
0.40013014
0.40729524
0.40844191
0.40627577
0.3980406
0.43323272
0.40371172
0.38623266
0.42518299
0.39528752
0.41072344
0.4476962
0.42836939
0.43666251
0.43846397
0.4330978
0.41980932
0.44244526
0.41712479
0.41468991
0.40609824
0.3910493
0.42118724
0.40957682
0.40426386
0.42888769
0.35417812
0.43132085
0.38596846
0.43338324
0.43732031
0.42365206
0.41875219
0.36606664
0.37772038
0.42770933
0.41266847
0.39781649
0.38051958
0.42825108
0.41248256
0.40004454
0.37487069
0.40187181
0.39957378
0.38019063
0.38593555
0.34341775
0.35842063
0.36236807
0.35970781
0.3997103
0.37624052
0.3641829
0.31726613
0.32717904
0.34194356
0.34884368
0.34265946
0.3915969
0.36930531
0.32154652
0.32561713
0.30563694
0.32368372
0.33618353
0.32822133
0.3317764
0.37741996
0.39506888
0.40373025
0.40251938
0.39545458
0.33711229
0.38415832
0.38969752
0.39650564
0.39623237
0.39261788
0.35339805
0.37735983
0.38215215
0.38634686
0.38987302
0.36229218
0.3735246
0.37422517
0.38094985
0.38567764
0.32432068
0.29320615
0.27741615
0.27286444
0.27616797
0.29464454
0.31313338
0.32624942
0.38810376
0.37204283
0.3761258
0.39079399
0.41376938
0.36072327
0.43620284
0.44116149
0.40948945
0.44239308
0.41369852
0.43300324
0.43163787
0.39775117
0.42074693
0.4083808
0.41744012
0.44531473
0.44328922
0.38165035
0.33871542
0.43769361
0.4352261
0.32458454
0.44280404
0.44479692
0.25963473
0.24077041
0.24923817
0.30040593
0.30109889
0.32286551
0.35041081
0.28673145
0.37580728
0.41700269
0.39496934
0.40351582
0.39331598
0.38269836
0.38331392
0.37142091
0.36075826
0.39263249
0.3983001
0.26967331
0.19261791
0.22500809
0.27516729
0.3048895
0.31760906
0.37418223
0.23225184
0.36611056
0.40169678
0.3935728
0.38893894
0.37675763
0.3757021
0.37472571
0.36590682
0.3838705
0.40430387
0.39260735
0.23193577
0.18062447
0.18838879
0.25005206
0.28842022
0.3083429
0.35347459
0.17904557
0.30102104
0.36686837
0.38058573
0.37736076
0.36828596
0.36891165
0.36807115
0.37255201
0.38655932
0.40341934
0.3936705
0.25608418
0.17408337
0.17863528
0.1598714
0.28996027
0.27872605
0.30877263
0.36429894
0.21599347
0.32215579
0.35831495
0.37870001
0.36445134
0.36225194
0.36636927
0.36499882
0.378616
0.39995019
0.40123903
0.38877233
0.27540634
0.17934138
0.17086508
0.1773664
0.29816756
0.25505861
0.2954552
0.35138929
0.22411951
0.30630499
0.33668379
0.37237929
0.36267302
0.35652098
0.35977134
0.36192146
0.37311615
0.39510528
0.3956625
0.38796525
0.22238795
0.30533331
0.19384981
0.18326098
0.20259322
0.25148714
0.28991351
0.33362045
0.3676375
0.27723277
0.32556227
0.33657661
0.36610572
0.3525352
0.35061114
0.35721244
0.35002112
0.38724764
0.38952483
0.3872464
0.38382591
0.25232902
0.26842135
0.20093322
0.19600895
0.23040465
0.26878803
0.3072109
0.33810375
0.36279278
0.29113524
0.32478732
0.33256597
0.36519918
0.35256033
0.345256
0.3488202
0.35377244
0.38245484
0.38314826
0.38130116
0.38591936
0.223124
0.28572952
0.3003036
0.20355516
0.22457846
0.28657907
0.28851525
0.3314303
0.35918945
0.36655573
0.31419889
0.33758464
0.32935148
0.35624219
0.34082707
0.34564284
0.34831755
0.37111444
0.37912684
0.3775362
0.37739058
0.38578781
0.22463522
0.29381338
0.31939279
0.20919987
0.25019557
0.30126877
0.3130947
0.34443285
0.36771024
0.36695053
0.3206141
0.33888745
0.33488242
0.35871468
0.34101883
0.33959256
0.35758035
0.37122445
0.37503283
0.374708
0.37314872
0.3749647
0.39855041
0.40093052
0.38292721
0.42200343
0.4231948
0.43002516
0.39565273
0.37345707
0.39123309
0.42271525
0.340282
0.33422727
0.37930439
0.30915163
0.29247411
0.31213877
0.2779928
0.32203894
0.33639136
0.30590839
0.32861321
0.35052647
0.33370164
0.34846743
0.37767446
0.36054281
0.37049528
0.3841927
0.40732267
0.3796913
0.44210238
0.44339808
0.38816602
0.40261661
0.36711425
0.31104521
0.26035644
0.31429714
0.30287631
0.34946284
0.37320894
0.38470299
0.32290141
0.35049455
0.38542221
0.40784702
0.391387
0.40564986
0.37057482
0.30380446
0.24875085
0.30666998
0.30319239
0.35498674
0.37681329
0.37133163
0.32555958
0.34433891
0.37143176
0.40764359
0.40385318
0.38894115
0.33375885
0.22708397
0.27778951
0.26775154
0.30354429
0.36134438
0.37928847
0.34841326
0.34598216
0.36185541
0.37969916
0.39226375
0.39556892
0.38259046
0.31973335
0.25000553
0.3107466
0.30825486
0.29571814
0.35954823
0.37189395
0.34801647
0.35867125
0.36447283
0.37709109
0.39238391
0.39184113
0.38678783
0.35329107
0.31335741
0.25829207
0.3094869
0.29734036
0.29506181
0.35220949
0.35558073
0.36643005
0.37180726
0.38494102
0.39093941
0.38803065
0.37510871
0.34681899
0.3347965
0.29778522
0.31036113
0.30726589
0.29951999
0.33335839
0.34795813
0.36631893
0.37953068
0.388386
0.38598163
0.37548697
0.33205831
0.34418187
0.31354469
0.31410873
0.29226013
0.2797124
0.34259835
0.37044954
0.38201467
0.38335717
0.3771087
0.36518779
0.32054167
0.3394511
0.32044917
0.31787377
0.29838356
0.27871364
0.33806202
0.37585046
0.38079742
0.37822502
0.36980805
0.33726363
0.32628367
0.31454548
0.31154127
0.30909223
0.31916841
0.32361529
0.36841049
0.36967435
0.30877958
0.33198804
0.33990313
0.31988973
0.29861229
0.29627962
0.2999369
0.37254061
0.37855839
0.38003723
0.39186306
0.37540814
0.3295812
0.30637845
0.3105516
0.32761768
0.32954116
0.32063311
0.38400623
0.3699054
0.33329923
0.31273065
0.31144921
0.32304875
0.32947556
0.32191051
0.38805664
0.37296485
0.33606914
0.31423221
0.31004643
0.31299048
0.32248108
0.32360918
0.31598306
0.38186473
0.36993622
0.33526088
0.32405579
0.31306455
0.30985828
0.31678116
0.32884691
0.31615078
0.3771776
0.36851517
0.33661016
0.32497209
0.31476423
0.31022511
0.30863619
0.31721024
0.32252712
0
0
0
0
0
0
0
0
0
0
0
0
0.42222799
0.41727341
0.3090988
0.39844493
0.3615465
0.38996936
0.39534641
0.41561348
0.37937956
0.38078448
0.39294686
0.41834227
0.40575764
0.41709678
0.39662765
0.38888575
0.40941399
0.39465331
0.40441002
0.40121983
0.39868902
0.41216102
0.42647021
0.38815189
0.40754424
0.40878593
0.40114768
0.3937895
0.40022915
0.39379469
0.4061485
0.40844639
0.39234615
0.38106353
0.40957113
0.39876258
0.38561012
0.38422917
0.38427894
0.39236714
0.38470361
0.4039154
0.38853327
0.37358443
0.39469351
0.40185077
0.38586997
0.38293832
0.38875762
0.37928583
0.39091476
0.39933516
0.39516419
0.38725229
0.38329986
0.39887764
0.40582834
0.39648452
0.42270437
0.42887029
0.42349608
0.41616839
0.32035285
0.36373351
0.38479296
0.38641156
0.38585052
0.37615913
0.38616598
0.38593637
0.37691292
0.37254104
0.37836208
0.38226135
0.39557154
0.40662402
0.33651964
0.36644083
0.38517866
0.38246781
0.37463729
0.37713205
0.38507377
0.37635372
0.37948814
0.36499415
0.36685631
0.36888336
0.38761331
0.4015327
0.34860019
0.36448147
0.38639136
0.37808836
0.36896115
0.38030451
0.37752668
0.3709912
0.37579481
0.35267515
0.36094716
0.3648763
0.38558129
0.39971675
0.36622121
0.38499961
0.36604058
0.37827213
0.37625331
0.36809186
0.37013921
0.36397656
0.36470788
0.33930975
0.34039897
0.37017678
0.36088936
0.39458217
0.36589301
0.379425
0.36639461
0.37614229
0.37290101
0.36319727
0.36477218
0.35822952
0.35680788
0.34375532
0.33864175
0.3622052
0.35705082
0.38872951
0.36455891
0.3701512
0.3672827
0.37928754
0.35725091
0.35327678
0.35958557
0.35690396
0.34998625
0.34769835
0.33968878
0.35812865
0.34034325
0.35371982
0.36926412
0.3632504
0.36651176
0.37532694
0.34867355
0.34626958
0.35241172
0.3540492
0.34443618
0.34903043
0.34408132
0.34616188
0.33088648
0.35191899
0.36993957
0.35096442
0.36052417
0.36860864
0.33236515
0.33899692
0.34395903
0.34703033
0.34248562
0.34400833
0.33727816
0.34552329
0.33163081
0.31737257
0.35479452
0.35059498
0.36222573
0.36980988
0.33280455
0.34282005
0.34731139
0.35037972
0.34707965
0.34696745
0.33974271
0.34736746
0.33270047
0.31958355
0.35863967
0
0
0
0
0
0
0
0
0
0
0
0
0
0
0
0
0
0
0
0
0
0
0
0
0
0
0
0
0
0
0
0
0
0
0
0
0
0
0
0
0
0
0
0
0
0
0
0
0
0
0
0
0
0
0
0
0
0
0
0
0
0
0
0
0
0
0
0
0
0
0
0
0
0
0
0
0
0.40386401
0.37467904
0.38720009
0.41829638
0.42568628
0.37750333
0.36492631
0.39705836
0.41207197
0.41868916
0.4129647
0.39833262
0.36695153
0.36272527
0.39438382
0.41334387
0.41232078
0.40743345
0.39191816
0.39427237
0.34273461
0.37502775
0.39971182
0.40736479
0.40795636
0.40539027
0.39680437
0.33421043
0.37651201
0.39402168
0.40334697
0.40126536
0.39395271
0.42636653
0.41132093
0.38326527
0.39269198
0.42130435
0.43752413
0.43201011
0.42764685
0.42615406
0.40895799
0.41083469
0.40130641
0.39855508
0.39064425
0.38252521
0.39740995
0.4019262
0.41792297
0.42901296
0.41554703
0.43077288
0.40367039
0.43279331
0.41770305
0.41033826
0.40495968
0.3593832
0.38937868
0.363836
0.41849765
0.39920876
0.38384424
0.36427251
0.37618445
0.36028732
0.39697401
0.37568361
0.37978393
0.33057003
0.33659767
0.34647583
0.35065786
0.34461554
0.38866345
0.36759541
0.33552762
0.33384865
0.31343879
0.32850049
0.33746153
0.33077482
0.38954711
0.37228636
0.33692369
0.3116661
0.31457279
0.3291715
0.3301818
0.32181901
0.33789051
0.38266996
0.38808014
0.39570044
0.39498545
0.39084014
0.35280965
0.37536665
0.37999294
0.38483206
0.38829769
0.36064789
0.37112204
0.37156446
0.37881169
0.38370295
0.36233146
0.36584614
0.36890798
0.38109734
0.29425832
0.28947759
0.31467297
0.29836704
0.33493096
0.34160883
0.43219598
0.36463618
0.41142028
0.34048169
0.38389327
0.44621936
0.41736872
0.43159386
0.41617381
0.41537752
0.40056355
0.40232416
0.44462737
0.43694452
0.44445558
0.39256564
0.35626607
0.42489513
0.41434794
0.32991213
0.44533347
0.30125876
0.22950491
0.25923648
0.30704253
0.33896456
0.35245724
0.39934921
0.2710765
0.38630113
0.40956153
0.40909302
0.39730734
0.38125386
0.37868277
0.37931695
0.3736719
0.38845213
0.40502576
0.39446169
0.25462392
0.20312447
0.20895261
0.2704591
0.31672348
0.33865628
0.37738961
0.19686679
0.31765556
0.37742669
0.39453126
0.38425606
0.37103782
0.36972579
0.36958152
0.37720344
0.38949794
0.40297216
0.39389703
0.27279086
0.18596069
0.19219179
0.16659248
0.31060208
0.30583772
0.33177209
0.37929731
0.22492911
0.33335021
0.36462828
0.38510162
0.3671702
0.36214109
0.36536657
0.36675035
0.38135705
0.39909932
0.40022907
0.38851674
0.29010518
0.18710778
0.17735766
0.18337804
0.31738972
0.27405456
0.3094703
0.36262891
0.23104358
0.31378365
0.34137379
0.37690453
0.36385979
0.35575321
0.35799624
0.36251985
0.37481603
0.39375684
0.39410716
0.38697537
0.22869233
0.32564579
0.19905147
0.18990461
0.2088906
0.26672705
0.30317755
0.34396154
0.37209683
0.28361713
0.32997131
0.33887276
0.36735458
0.35236709
0.34904101
0.35643196
0.3530864
0.38643703
0.38710463
0.38513519
0.383471
0.25952529
0.28147742
0.20644722
0.20250503
0.23721361
0.27809288
0.31799384
0.34557803
0.3659927
0.29666322
0.32786331
0.33422729
0.36599734
0.3521913
0.34456477
0.34917766
0.35565121
0.3813807
0.38027275
0.37868467
0.38526469
0.22850939
0.29457223
0.3129046
0.20994994
0.23346203
0.29447346
0.29965068
0.33836351
0.36267284
0.36751541
0.31829254
0.33934662
0.33050053
0.35600765
0.3398657
0.34497398
0.34986327
0.37178233
0.37699312
0.37395644
0.37659677
0.38484494
0.23086022
0.3025968
0.33111741
0.2146129
0.26047637
0.30972035
0.32354224
0.34695647
0.3698543
0.36769753
0.32403987
0.33980763
0.33529488
0.35779475
0.33942387
0.33856498
0.3576073
0.37056601
0.37221381
0.37176426
0.37133804
0.37404282
0.23420926
0.25681376
0.30349622
0.33184132
0.24663542
0.3080229
0.31895448
0.33100075
0.37543045
0.36997408
0.35888368
0.33570944
0.34317267
0.33134266
0.34249307
0.32831605
0.34983956
0.36585591
0.36980925
0.37128282
0.36453937
0.36310708
0.37259592
0.41784642
0.42010057
0.40765946
0.44181669
0.44533959
0.41495039
0.41062032
0.43474828
0.43917277
0.38217158
0.34429171
0.35628118
0.40224141
0.41257377
0.30614462
0.34061572
0.34005523
0.33760839
0.3627449
0.35355383
0.37324166
0.39022966
0.37274416
0.36783955
0.3940588
0.3918907
0.40143438
0.41618278
0.42193598
0.40043239
0.44506051
0.41396067
0.41340047
0.38618736
0.33315549
0.27882
0.33959427
0.3344608
0.37603458
0.39401364
0.38597921
0.33096084
0.35024424
0.37684441
0.412804
0.40762264
0.39330223
0.34638714
0.24601077
0.30085933
0.29737166
0.33216253
0.37954288
0.39200644
0.36049516
0.34884843
0.36523632
0.3824927
0.39503015
0.39689475
0.38505651
0.32554608
0.2619464
0.32824508
0.33218335
0.32468456
0.37561564
0.38245796
0.35649318
0.36137925
0.36702028
0.3786442
0.39316936
0.39191339
0.38735783
0.35530103
0.31738202
0.26951321
0.32727547
0.31999385
0.322174
0.36465222
0.36215058
0.368708
0.37345029
0.38519886
0.3903507
0.38754535
0.37554737
0.34791379
0.33695289
0.3023727
0.32162722
0.32349918
0.31760844
0.34282135
0.35171525
0.36796863
0.37960862
0.38724987
0.38516726
0.37510294
0.33345117
0.34464243
0.31795764
0.32229164
0.30523797
0.29282543
0.34496918
0.37058145
0.38155921
0.38237203
0.37620736
0.36448607
0.32203418
0.33997698
0.32185634
0.32115936
0.30552954
0.28799726
0.3382066
0.3753312
0.37966914
0.36722246
0.36832856
0.31011979
0.33230649
0.33899912
0.32020008
0.30400226
0.30308631
0.30323927
0.37681765
0.37792181
0.37733155
0.36973213
0.33480281
0.31428679
0.31542925
0.31132652
0.30521055
0.32147968
0.32854196
0.35725637
0.35791271
0.31364307
0.33752133
0.33512354
0.31671629
0.29275545
0.28807528
0.31171782
0.37093384
0.37112999
0.38179552
0.36695339
0.3365742
0.31601155
0.31400458
0.32402071
0.3293507
0.3220326
0.38673257
0.37161342
0.33749274
0.31656047
0.31129673
0.31426778
0.32199897
0.32354351
0.31537702
0.38075718
0.36930782
0.33436395
0.32384162
0.31312405
0.30989059
0.31608037
0.32808083
0.31478023
0.37584049
0.36762923
0.33603487
0.32374243
0.31470588
0.30893948
0.30803736
0.31567059
0.32175684
0.37628473
0.36849462
0.33413703
0.31307969
0.31349695
0.30883381
0.30325617
0.32097733
0.32750465
0
0
0
0
0
0
0
0
0
0
0
0.40649271
0.39847653
0.32748833
0.38537159
0.3741072
0.36692115
0.39352326
0.39998069
0.41324494
0.38380239
0.38502786
0.39461635
0.40105188
0.40168287
0.40475488
0.39460338
0.38119232
0.39297969
0.38184949
0.39227458
0.39404072
0.40400868
0.38975154
0.40535752
0.41858592
0.38400072
0.39090973
0.37973298
0.38686179
0.39539123
0.38157991
0.38340979
0.3756693
0.37028143
0.38994263
0.37622618
0.37757733
0.38077871
0.37242831
0.37842833
0.38354675
0.38596568
0.3789441
0.37289879
0.39452864
0.38508976
0.37809388
0.36485878
0.36644058
0.379543
0.36569502
0.37660728
0.387961
0.37660501
0.38700275
0.37325909
0.37995228
0.37767506
0.38069265
0.3695302
0.37386196
0.39892326
0.38467559
0.39735432
0.39090741
0.41363509
0.41117059
0.41793259
0.40314133
0.34097459
0.3690866
0.37936977
0.37540774
0.36721936
0.37230097
0.38394565
0.37587547
0.37458856
0.3617397
0.36389886
0.36921757
0.37952279
0.39597665
0.35079948
0.36521623
0.38240671
0.37289865
0.36181907
0.37782137
0.37712051
0.37017027
0.37499273
0.35380105
0.35877987
0.36389579
0.37905862
0.39538773
0.36593099
0.38138319
0.36048697
0.37377521
0.37445673
0.36759802
0.370338
0.36234866
0.36683958
0.34191504
0.34048366
0.36831627
0.35865007
0.39125175
0.36450122
0.37710176
0.36256188
0.37343163
0.37140192
0.36199392
0.36426431
0.35618311
0.35809325
0.34431298
0.33794667
0.36140733
0.35390285
0.38655275
0.36236764
0.36766849
0.36530904
0.37811056
0.35684674
0.35110946
0.35779427
0.3568158
0.3469572
0.34721008
0.33834415
0.35760468
0.34019865
0.34993975
0.36749062
0.36287817
0.36544667
0.37466636
0.34877409
0.34322122
0.34946882
0.35250166
0.3409572
0.34711376
0.34271306
0.34577758
0.33027451
0.34817755
0.36746942
0.35138105
0.35972856
0.3678145
0.33205429
0.33587829
0.34092259
0.34386981
0.33861512
0.34143247
0.33586933
0.34442186
0.33092363
0.31537005
0.35155702
0.36745826
0.33684707
0.34799014
0.36264928
0.32251394
0.33116467
0.33523345
0.3368781
0.33866005
0.33336842
0.32750933
0.33695478
0.32318146
0.30728099
0.34554108
0.33680208
0.3489055
0.36403334
0.32354681
0.33503907
0.33876844
0.34104671
0.34306987
0.33722603
0.33073597
0.3392384
0.32512644
0.31037363
0.34968397
0
0
0
0
0
0
0
0
0
0
0
0
0
0
0
0
0
0
0
0
0
0
0
0
0
0
0
0
0
0
0
0
0
0
0
0
0
0
0
0
0
0
0
0
0
0
0
0
0
0
0
0
0
0
0
0
0
0
0
0
0
0
0
0
0
0
0
0
0
0
0
0
0
0
0
0
0
0
0.38526905
0.37204514
0.39920546
0.41411504
0.41919835
0.37323756
0.36742942
0.39479086
0.41385998
0.41166638
0.40702582
0.34754914
0.37533024
0.39904968
0.40727948
0.40709921
0.40402534
0.39395824
0.39498258
0.33704582
0.3752859
0.39279054
0.40275388
0.39951689
0.39193422
0.33882532
0.3808185
0.38609814
0.39487235
0.39345501
0.3886332
0.40749433
0.41494271
0.39088831
0.37764287
0.40028498
0.41547599
0.41983845
0.40256809
0.39353929
0.39706286
0.39394863
0.37479497
0.38038427
0.38306075
0.43122087
0.43151272
0.42762236
0.39692167
0.42926441
0.42193577
0.39766059
0.39431153
0.38782487
0.3429361
0.34530194
0.36975328
0.36049372
0.34827919
0.3823071
0.36172582
0.3498942
0.35884976
0.34467865
0.34286927
0.38481067
0.36522965
0.35015579
0.34168142
0.32132046
0.3323566
0.33828415
0.33251038
0.3858301
0.36829842
0.34334669
0.31746203
0.31863543
0.33002317
0.33056891
0.32263593
0.37861457
0.36329105
0.33906374
0.31930519
0.31651844
0.3242572
0.32893207
0.32152863
0.35212539
0.37313627
0.37742941
0.38319425
0.38680776
0.35926515
0.368786
0.36882103
0.37669526
0.38204054
0.35996862
0.36331692
0.36681871
0.37961799
0.36117113
0.36288759
0.37637731
0.31083946
0.28172937
0.34968271
0.34063912
0.37509902
0.34841478
0.37976221
0.43967018
0.38921468
0.42215067
0.32975956
0.44647036
0.42213377
0.44204129
0.41996974
0.42399225
0.40111158
0.40268485
0.43135223
0.43011309
0.44312552
0.43683128
0.38273169
0.42548222
0.35656201
0.40562415
0.399447
0.33690429
0.2846292
0.23716233
0.23984099
0.29528469
0.34656938
0.36966931
0.39926225
0.22779932
0.34019204
0.3869833
0.40581833
0.38970796
0.37290448
0.37014578
0.3711947
0.38176426
0.39240326
0.40234314
0.39424641
0.29278212
0.20715967
0.212563
0.17692564
0.33313421
0.33580358
0.35653279
0.39325299
0.23842994
0.34691532
0.36972618
0.39065863
0.36931496
0.36148538
0.36381945
0.36877246
0.38401722
0.39790346
0.3987932
0.38818226
0.30644126
0.19923942
0.1863532
0.19158417
0.33827135
0.29938736
0.32693837
0.37490307
0.24073069
0.32322429
0.34657993
0.38116961
0.36474498
0.35443986
0.35560711
0.36326344
0.37678187
0.3920005
0.39189003
0.38556212
0.23848935
0.34566398
0.20624626
0.19878645
0.21697425
0.28866205
0.32048389
0.35644167
0.37697177
0.29152846
0.33518667
0.34128077
0.36845993
0.35195824
0.34693518
0.35519848
0.3569987
0.3854022
0.38426134
0.38262776
0.38298349
0.26804481
0.29846529
0.2130764
0.21047359
0.2451743
0.29060885
0.33099428
0.35476304
0.36954545
0.30277863
0.33127758
0.33580824
0.36659206
0.3516381
0.34367786
0.34948798
0.35725335
0.37995132
0.3770096
0.37572289
0.38439121
0.23380503
0.30368439
0.32476759
0.21632122
0.24219135
0.30132421
0.31123514
0.34611205
0.36580927
0.36811316
0.3220022
0.34072647
0.33132422
0.35562098
0.33891714
0.34436527
0.35086238
0.372228
0.37459686
0.36979443
0.37584742
0.38389729
0.23682223
0.30908847
0.34091129
0.22016142
0.27001853
0.3168895
0.33311888
0.34989868
0.37134282
0.36790539
0.32686003
0.34032653
0.33534028
0.3568793
0.33814655
0.33779884
0.35740394
0.36994798
0.36952537
0.36887041
0.36987978
0.37351052
0.24236325
0.26409097
0.3116082
0.33917611
0.25295915
0.31726703
0.3246502
0.33895312
0.37503318
0.37035663
0.35761085
0.33623416
0.34197783
0.33064712
0.34056649
0.32632604
0.34870666
0.36368532
0.36811843
0.36756774
0.36238939
0.36092899
0.3711051
0.27327789
0.26721053
0.27243168
0.30456859
0.29799725
0.31859361
0.33258878
0.36049206
0.37248179
0.37308156
0.35836314
0.33559548
0.33760529
0.33069018
0.34181484
0.32219351
0.34471161
0.35681865
0.36134612
0.37110332
0.35422023
0.35448846
0.36336249
0.42740085
0.42648247
0.44204604
0.44623101
0.44415572
0.42063035
0.41346755
0.4404181
0.44536808
0.44535316
0.40288618
0.37087177
0.42600109
0.42692907
0.31480288
0.37473723
0.39835833
0.36859026
0.39040288
0.41191039
0.37700066
0.37707075
0.40954996
0.39819605
0.39710137
0.40034081
0.41309204
0.42444219
0.40915011
0.42654832
0.39918284
0.44548413
0.43839743
0.41758373
0.41174464
0.39898587
0.36419476
0.27414687
0.32618327
0.32577013
0.35927127
0.39642059
0.40323282
0.37234095
0.35204814
0.36902467
0.38588099
0.39825621
0.39844024
0.38845743
0.33400964
0.27879192
0.34588744
0.35366358
0.34979272
0.3896327
0.39124151
0.36463975
0.36365796
0.36947529
0.38042053
0.39398881
0.39193063
0.38813691
0.35795222
0.32306178
0.28435844
0.34381302
0.34028003
0.34617815
0.37552058
0.36757161
0.37000885
0.37470634
0.38539525
0.38934512
0.38698058
0.37606435
0.34931026
0.33958672
0.30897509
0.33299275
0.33887851
0.33601932
0.35256587
0.35468937
0.3691055
0.37949725
0.38567256
0.38411789
0.37469554
0.33481069
0.34525962
0.32274776
0.32943508
0.31766958
0.30736744
0.34712914
0.37037139
0.38071513
0.38092912
0.37533119
0.36384605
0.32318638
0.34041435
0.32322154
0.32358289
0.31178717
0.29684297
0.33802347
0.37460984
0.37867215
0.36632273
0.36704653
0.31205337
0.33255015
0.33851363
0.32017128
0.3063886
0.30721587
0.30576074
0.37519874
0.3761961
0.35565606
0.3565163
0.314712
0.33690615
0.33256279
0.31373729
0.29348288
0.29066846
0.31168518
0.36889823
0.36861725
0.3654254
0.32311376
0.32474684
0.30295393
0.31536983
0.29967881
0.31592995
0.32499735
0.34594869
0.35536874
0.32462511
0.35902933
0.33874109
0.33660322
0.33568283
0.3181794
0.29913268
0.27709723
0.27396898
0.36354415
0.35576756
0.38498641
0.36953577
0.33800202
0.31891357
0.31231165
0.31531664
0.32094885
0.32325671
0.31429182
0.3796218
0.36847551
0.33279856
0.32342058
0.31275588
0.30975301
0.31511569
0.32705645
0.31303055
0.37468492
0.36701518
0.33532253
0.322013
0.31434155
0.30744711
0.30718948
0.31412885
0.32092212
0.37567768
0.36750179
0.33347956
0.3119718
0.31167624
0.30659939
0.30161832
0.32038782
0.32676962
0.36711227
0.36360524
0.32236361
0.32330799
0.30064591
0.31346193
0.2972115
0.31558379
0.32411659
0.34422105
0
0
0
0
0
0
0
0
0
0
0
0
0.38668607
0.37648588
0.34566503
0.38240858
0.36465628
0.37007782
0.3933848
0.40602586
0.40976438
0.37257658
0.37143789
0.38689338
0.39476024
0.39149193
0.39475237
0.38884628
0.3866835
0.36988383
0.37224443
0.38439683
0.36960966
0.39537284
0.38426426
0.39943015
0.4128049
0.37252582
0.3822381
0.3744359
0.3730226
0.37921869
0.36704224
0.37860343
0.36751339
0.3639473
0.36399227
0.36667698
0.36441241
0.35633776
0.38007857
0.37349924
0.36441389
0.36820775
0.3772711
0.37003011
0.35559405
0.37475863
0.35634501
0.35808757
0.37138907
0.35514789
0.34515124
0.36769874
0.36522345
0.36327332
0.35953778
0.36217749
0.3705831
0.38843851
0.38989781
0.40729136
0.40908472
0.39984591
0.35322574
0.36510786
0.37624576
0.3660892
0.35301504
0.37321389
0.37534416
0.36809336
0.37208711
0.35395567
0.35559925
0.36188565
0.3706078
0.38921858
0.3644552
0.37625724
0.35309164
0.36703022
0.37142015
0.3661433
0.36956051
0.35971638
0.3681895
0.34488502
0.34181045
0.36551849
0.3553832
0.38601163
0.36170392
0.37391387
0.35733279
0.36950462
0.36916818
0.35991837
0.36291966
0.35331307
0.35899074
0.34471694
0.33858911
0.36018004
0.34951663
0.38330167
0.35895083
0.36438424
0.36248793
0.37636976
0.35606658
0.34836339
0.35537526
0.35608347
0.34322231
0.34630176
0.3372881
0.35692703
0.33985968
0.34500756
0.36494399
0.36213488
0.36401548
0.37380236
0.34827867
0.33972278
0.34631024
0.35058627
0.33673596
0.34475136
0.34155239
0.34538446
0.32954217
0.34376866
0.36489207
0.3513574
0.35875517
0.36733495
0.33180973
0.3327065
0.33754161
0.3403725
0.33451504
0.33848089
0.33419772
0.34321773
0.33023801
0.31334915
0.34840454
0.36434171
0.33672088
0.34760121
0.36192107
0.32145287
0.32804685
0.33212907
0.33301977
0.33508264
0.32999324
0.32547548
0.33541593
0.32166049
0.30433285
0.34219422
0.35993707
0.32336295
0.34500955
0.30847575
0.33099592
0.33279712
0.32937048
0.33669233
0.32585608
0.31374173
0.32058222
0.3341506
0.3044768
0.29347369
0.33457655
0.32439871
0.34604407
0.3111247
0.33489977
0.33585419
0.33250356
0.34125341
0.3288221
0.3170909
0.32348751
0.33591422
0.30684073
0.29646243
0.33885089
0
0
0
0
0
0
0
0
0
0
0
0
0
0
0
0
0
0
0
0
0
0
0
0
0
0
0
0
0
0
0
0
0
0
0
0
0
0
0
0
0
0
0
0
0
0
0
0
0
0
0
0
0
0
0
0
0
0
0
0
0
0
0
0
0
0
0
0
0
0
0
0
0
0
0
0
0
0.37786637
0.37164493
0.39485625
0.41387175
0.35250901
0.37546377
0.3979884
0.40689016
0.40566655
0.40201583
0.34030957
0.3736709
0.39119351
0.40182737
0.39707993
0.39239671
0.38917979
0.34004207
0.3783884
0.38371277
0.39377539
0.39135969
0.38563653
0.35131008
0.37025264
0.37400953
0.38131287
0.38497571
0.36802265
0.39340624
0.37834929
0.37402057
0.3940674
0.41486286
0.38374453
0.39099438
0.3806002
0.37077482
0.36248014
0.37038946
0.41880303
0.36469258
0.41625405
0.38935498
0.37529089
0.37230251
0.34784479
0.35519215
0.32757022
0.35836923
0.33883502
0.33377893
0.36649116
0.34824826
0.33845731
0.33730076
0.32317945
0.34217096
0.33240043
0.38037179
0.3632188
0.34831923
0.32295882
0.32198296
0.32957016
0.33033683
0.32267429
0.37372606
0.35872146
0.3404551
0.32217782
0.31857034
0.32343057
0.32772267
0.3201762
0.38243923
0.36635836
0.3372728
0.3209347
0.3129077
0.3158982
0.31903785
0.32260887
0.31237911
0.35787126
0.36606479
0.36555377
0.37426358
0.38037188
0.35799228
0.36086474
0.36482257
0.37838041
0.35842987
0.36006565
0.37473241
0.35912237
0.36518793
0.37315459
0.41664217
0.28756465
0.28743248
0.39208824
0.32644563
0.32376143
0.38039698
0.44585688
0.40165182
0.42716625
0.27724241
0.44459152
0.41769145
0.42372919
0.41196704
0.39622413
0.39137291
0.43910223
0.42495832
0.38940974
0.41360933
0.39923182
0.37223431
0.38551529
0.37208663
0.35500216
0.31544523
0.24015239
0.24355145
0.1951361
0.35631253
0.36584551
0.38131131
0.40440579
0.25744437
0.3623291
0.37237833
0.39377078
0.36973571
0.35968752
0.36158695
0.37061816
0.38613228
0.3963712
0.39686106
0.38763856
0.32410896
0.21859933
0.19963716
0.20324904
0.35952054
0.32783793
0.34685228
0.3863565
0.254438
0.33446014
0.35185818
0.38419103
0.36477038
0.35222308
0.35238935
0.36393742
0.37866812
0.38978139
0.38897003
0.3837306
0.25329549
0.36442045
0.21679693
0.2110029
0.22780409
0.3157121
0.33977141
0.37026004
0.38162727
0.30148907
0.34114168
0.34361483
0.36908157
0.35101414
0.34395103
0.3533876
0.36144014
0.38411094
0.38069526
0.3792759
0.38212159
0.27954029
0.3194364
0.22207185
0.22120509
0.2555407
0.30786597
0.34706926
0.36536578
0.37334092
0.31028542
0.3352837
0.33739795
0.36688602
0.35069733
0.34235896
0.34970943
0.35922759
0.37821053
0.37318913
0.37228509
0.38321811
0.24031128
0.31411836
0.3377645
0.22396489
0.2524431
0.308605
0.32499251
0.35511405
0.36916452
0.36850405
0.3259563
0.34204536
0.33204466
0.3550123
0.33772993
0.34361796
0.35177437
0.37250295
0.37160369
0.36513304
0.37491547
0.38271289
0.24286602
0.31491393
0.34935134
0.22663081
0.27895873
0.32311021
0.34199153
0.35332883
0.37247422
0.36782316
0.32935394
0.34061192
0.33519057
0.35588671
0.33689605
0.33710458
0.35707008
0.36931461
0.3667079
0.36567504
0.36862182
0.37298592
0.24956223
0.27020357
0.31729968
0.3452537
0.2595633
0.32443929
0.3288426
0.34529293
0.37441652
0.37033094
0.35639491
0.33639121
0.3409668
0.32999552
0.33887857
0.32478909
0.3477942
0.36198022
0.36680561
0.36398706
0.36051302
0.35928434
0.3700065
0.28208343
0.27632623
0.27810602
0.31056247
0.30022486
0.32380881
0.33657671
0.36216848
0.3706288
0.37169742
0.35677456
0.33447256
0.3356722
0.3298356
0.33963058
0.32021967
0.34282277
0.35441804
0.35966233
0.36879172
0.35208997
0.35212991
0.36162834
0.34099081
0.31198338
0.28203884
0.28908166
0.32206053
0.32222131
0.33641207
0.33167864
0.36279743
0.36834192
0.35695299
0.34788161
0.32829755
0.33611971
0.33260054
0.32280666
0.32569402
0.34617866
0.34803565
0.36888855
0.35949869
0.34149329
0.34939829
0.36590908
0.42726621
0.4390356
0.42963589
0.41528773
0.40478794
0.44476929
0.44480154
0.44257912
0.43894992
0.38713052
0.44441448
0.31280932
0.43607542
0.43067271
0.44024081
0.3525562
0.41376363
0.38860457
0.42613189
0.43032195
0.35426894
0.42095731
0.41339804
0.41126184
0.42795405
0.42726794
0.41151266
0.42356529
0.41638125
0.38288467
0.43160752
0.42397524
0.40109592
0.39993841
0.39276884
0.34600321
0.30253704
0.36446349
0.37398432
0.37341289
0.40189979
0.39782319
0.37188431
0.36505099
0.37143066
0.38224871
0.39459685
0.39176884
0.3891243
0.36176569
0.33104142
0.30347412
0.35852201
0.35825914
0.36657858
0.38437607
0.37157912
0.36969735
0.3751359
0.38533247
0.38774419
0.38608307
0.3766124
0.35117581
0.34307006
0.3186223
0.34368224
0.3521029
0.35296926
0.36112534
0.35636041
0.36922947
0.37896885
0.38333981
0.38271743
0.37416332
0.33637754
0.34612326
0.32850133
0.33533892
0.32934172
0.323317
0.34880562
0.36941154
0.37936364
0.37887241
0.3741221
0.36316376
0.32423263
0.34077771
0.32484245
0.32527668
0.3176422
0.30639613
0.33757027
0.37346742
0.37759913
0.36549505
0.36575907
0.31331252
0.33271274
0.33800481
0.31974932
0.30743976
0.31022843
0.30845832
0.3734408
0.3746111
0.35456773
0.35518252
0.31564295
0.3362557
0.33073476
0.31111712
0.29291066
0.29216782
0.31155931
0.36687244
0.35402227
0.32485155
0.35722207
0.33864842
0.33439268
0.33440299
0.31389058
0.29784908
0.27787092
0.27398264
0.35259025
0.35755087
0.35868413
0.30850864
0.30781048
0.2858467
0.29417494
0.30353284
0.31821807
0.32012338
0.34479542
0.3465409
0.33945591
0.35492891
0.34718294
0.31817029
0.32995793
0.29891681
0.29367733
0.27434472
0.27345142
0.33988404
0.37824188
0.36718157
0.33017669
0.32252676
0.31192128
0.30928248
0.31360273
0.3255828
0.31049347
0.37343162
0.36609011
0.33430902
0.31987072
0.31356258
0.30557643
0.30602325
0.3121598
0.31982949
0.37513228
0.36664381
0.33297315
0.31062368
0.30971486
0.30398852
0.29986043
0.3196418
0.32605722
0.3662175
0.36235452
0.3217458
0.32225463
0.29850201
0.31145456
0.29519475
0.31529318
0.32334887
0.3426525
0.35562645
0.35660872
0.30790451
0.30639432
0.28452053
0.2919177
0.3015248
0.31707658
0.31859917
0.34325151
0
0
0
0
0
0
0
0
0
0
0
0.36571062
0.35525455
0.37211174
0.35448739
0.34534969
0.36354034
0.38887158
0.39917462
0.40325652
0.3586992
0.36236016
0.37973901
0.38431612
0.38167074
0.37596344
0.3691525
0.378494
0.35635155
0.35620026
0.36924168
0.34440677
0.37458172
0.35989952
0.38331195
0.37574427
0.39400903
0.40384225
0.36423954
0.3665786
0.36678066
0.3673896
0.35172303
0.35845549
0.36016137
0.35553231
0.34697816
0.36549255
0.35302441
0.33575938
0.35120782
0.37168973
0.36427716
0.36066919
0.36494367
0.36770748
0.35684122
0.34440665
0.35058782
0.36489422
0.34398273
0.35031952
0.33542776
0.34938291
0.35195126
0.33999085
0.33024521
0.35840453
0.35042872
0.3404193
0.34384967
0.36014369
0.35109705
0.35879109
0.36126762
0.38839156
0.37633008
0.38278132
0.38207735
0.39825821
0.39149222
0.36121076
0.36928986
0.34383749
0.35746203
0.36648406
0.36324578
0.36760275
0.35583894
0.368534
0.34741406
0.3430242
0.36100181
0.35070152
0.37804606
0.35688982
0.36965463
0.35031069
0.36360998
0.36616133
0.35707827
0.36054625
0.34942174
0.35908339
0.34486915
0.34025007
0.35839
0.34368988
0.37813457
0.35411178
0.35984942
0.35839953
0.37363586
0.3547751
0.34458802
0.35178412
0.35443843
0.33824896
0.34477506
0.33643385
0.35589533
0.33929256
0.33859084
0.36122116
0.36073431
0.36199624
0.37254247
0.34695884
0.33546333
0.34237355
0.34805736
0.33160392
0.34169636
0.34028124
0.3447486
0.3284544
0.33813413
0.36162777
0.3509758
0.35761218
0.36664147
0.33116009
0.32879767
0.33366655
0.33661909
0.32958374
0.33486782
0.33206674
0.34198255
0.32940741
0.31121977
0.34478548
0.36115765
0.3364125
0.34688976
0.36125362
0.32066786
0.32483529
0.32874053
0.32879679
0.33145124
0.32619998
0.32333596
0.33349548
0.32009596
0.30142894
0.33884435
0.35680841
0.3224683
0.34445558
0.30578842
0.3281967
0.33035921
0.3266374
0.33302123
0.32347165
0.31120139
0.31851491
0.33270741
0.30210963
0.29027516
0.33095413
0.31112874
0.33287417
0.29144171
0.3318263
0.33059304
0.32294504
0.32693323
0.31919563
0.30508559
0.31176652
0.31773743
0.2930235
0.27918416
0.31796548
0.31312499
0.33450265
0.29391744
0.3352767
0.33320074
0.3256603
0.33083726
0.32178472
0.3082746
0.31489503
0.32038401
0.29505276
0.28161986
0.32061549
0
0
0
0
0
0
0
0
0
0
0
0
0
0
0
0
0
0
0
0
0
0
0
0
0
0
0
0
0
0
0
0
0
0
0
0
0
0
0
0
0
0
0
0
0
0
0
0
0
0
0
0
0
0
0
0
0
0
0
0
0
0
0
0
0
0
0
0
0
0
0
0
0
0
0
0
0
0.3566049
0.37519865
0.39615705
0.40588782
0.3437579
0.37164105
0.38914252
0.40038587
0.39377101
0.34147779
0.37525839
0.38083168
0.39227559
0.38847289
0.38552507
0.38162305
0.35023733
0.36637414
0.36982512
0.37895554
0.38238844
0.35612069
0.36244562
0.36135815
0.37131821
0.37831593
0.37647918
0.28189868
0.37033445
0.35702236
0.36117302
0.37408022
0.37881704
0.39283533
0.3821559
0.37470415
0.37401183
0.35767984
0.36126971
0.35582909
0.4107829
0.39827879
0.36255983
0.36408951
0.34753478
0.35074006
0.32678045
0.3391418
0.33047652
0.32327416
0.32512747
0.30913603
0.32684346
0.34515417
0.32684635
0.33153986
0.32875632
0.31211258
0.32780113
0.30352031
0.32114027
0.36644604
0.35250832
0.34006294
0.32387905
0.31940142
0.32085429
0.32512596
0.31765225
0.37816645
0.36154729
0.33498779
0.32232301
0.31262297
0.31566229
0.3161017
0.32125736
0.30935177
0.37625129
0.36498567
0.3263164
0.32086783
0.31035633
0.3082552
0.31116313
0.32342305
0.30677185
0.35605884
0.35810375
0.36251472
0.37711959
0.35627564
0.35725755
0.3733514
0.35614314
0.36324876
0.37165301
0.35302949
0.36846484
0.42463467
0.23005686
0.29267655
0.28957847
0.41192809
0.34050981
0.38103346
0.39701802
0.4414943
0.40491665
0.4245693
0.43233581
0.4102178
0.40897264
0.39206855
0.38306757
0.41579192
0.4091784
0.3836088
0.38913698
0.38305516
0.37208322
0.36295366
0.35744965
0.36482449
0.34352391
0.24429789
0.21804668
0.21949827
0.38070976
0.35442461
0.36705369
0.3951913
0.27210835
0.34651866
0.35625811
0.38442581
0.36268541
0.34835835
0.34796192
0.36393467
0.37993362
0.38712246
0.38541802
0.3813511
0.27428341
0.3817067
0.23209788
0.22762182
0.24287562
0.34209309
0.35898462
0.38242218
0.38493832
0.31340761
0.34744248
0.34548197
0.3684492
0.34898129
0.33987504
0.35061251
0.36538139
0.38249275
0.37636889
0.37508314
0.38056216
0.29492064
0.34024166
0.23453884
0.23555777
0.2689859
0.32796231
0.36322408
0.37584467
0.3766287
0.31942136
0.33972123
0.33885439
0.36660084
0.34914038
0.34035124
0.34971758
0.36148742
0.3760509
0.36876219
0.36826971
0.38139165
0.2494147
0.32597686
0.35187552
0.2342172
0.26579505
0.31737731
0.34199558
0.36464626
0.37276241
0.36855869
0.3305426
0.34330097
0.33266229
0.35396396
0.33600123
0.34251578
0.35271474
0.37253381
0.36785316
0.3597906
0.37355641
0.38108796
0.25014812
0.32187515
0.35733503
0.23506136
0.28922758
0.32961465
0.35152783
0.35719971
0.37319028
0.36738054
0.33191419
0.34070975
0.3348294
0.35457036
0.33536162
0.33625439
0.35652965
0.36847135
0.36338974
0.36176813
0.3671748
0.37221862
0.2569674
0.2758949
0.32202503
0.35070968
0.26685875
0.33083751
0.33226309
0.35086268
0.37351417
0.37002548
0.35508513
0.33630258
0.33990253
0.32931679
0.33717714
0.3233162
0.34691941
0.3603671
0.36557549
0.36012023
0.35872668
0.35802774
0.36904011
0.28995054
0.28426781
0.28344195
0.3162206
0.30291006
0.32832547
0.33889323
0.36319222
0.36875993
0.3702401
0.35530819
0.33340777
0.33420072
0.32907712
0.33782467
0.31874678
0.34137768
0.3525475
0.35840675
0.36714294
0.35032358
0.35019985
0.36029745
0.34284623
0.31874652
0.28770477
0.29570238
0.32726651
0.32500023
0.34041425
0.33054637
0.36199627
0.36563316
0.35504918
0.34514589
0.32570008
0.33392996
0.33049647
0.3201608
0.3237576
0.34376621
0.345662
0.36682769
0.35701132
0.33916589
0.3466735
0.36398574
0.35366084
0.34475614
0.30329589
0.31066132
0.32334862
0.33953368
0.33270738
0.33112924
0.35328582
0.36168875
0.35051478
0.34556362
0.32062534
0.33052272
0.32866162
0.327134
0.32223751
0.33446474
0.34041024
0.36204068
0.34764535
0.33523283
0.34084324
0.3568152
0.43841733
0.42036846
0.41976293
0.40052556
0.39695345
0.44433756
0.43560563
0.43007329
0.36022238
0.44013258
0.44195366
0.33239165
0.43481547
0.43712055
0.42927802
0.38388669
0.42427809
0.42350345
0.42832132
0.39769779
0.43164029
0.39432259
0.42669769
0.42334392
0.42652981
0.41134826
0.42425949
0.41986015
0.40080391
0.41726478
0.40030206
0.37695855
0.43112023
0.40593853
0.42207971
0.3944806
0.39114405
0.39015877
0.36704303
0.34125687
0.32701357
0.37115799
0.37434589
0.38519595
0.39083108
0.37374387
0.36708159
0.37415723
0.38480861
0.38505333
0.38459809
0.3771712
0.35385603
0.34774286
0.33024516
0.35303519
0.36317027
0.36793434
0.3678929
0.35638326
0.36765494
0.37758674
0.3797516
0.38061399
0.37336327
0.33840218
0.3474201
0.33509016
0.33962999
0.33944386
0.33779473
0.34944868
0.36731035
0.37715248
0.37578851
0.37246324
0.36226774
0.32538132
0.34113001
0.32646257
0.32610981
0.32306763
0.31648864
0.33660104
0.37167579
0.37601255
0.36452243
0.36404192
0.31440373
0.33279343
0.33716542
0.31873107
0.30742674
0.31242461
0.31145659
0.37103442
0.37267665
0.3536552
0.35363756
0.31626116
0.33564663
0.32875584
0.3081366
0.29174651
0.29278873
0.31150856
0.36485042
0.35292328
0.32525252
0.35550196
0.33840854
0.33301126
0.33311268
0.31067782
0.29591225
0.27772911
0.27364747
0.35007032
0.34526343
0.3387523
0.35281405
0.34552779
0.3160114
0.32867031
0.29611608
0.29229075
0.27419827
0.27238562
0.33680601
0.32801915
0.34001961
0.34092929
0.32187462
0.30873559
0.30505933
0.28272294
0.29587418
0.31316255
0.31630014
0.32900531
0.34649578
0.34237434
0.33175523
0.32201779
0.32538572
0.33450473
0.3179486
0.29812536
0.2831994
0.27093471
0.29766416
0.37182172
0.36458035
0.33279723
0.31676803
0.31225328
0.30313246
0.30436192
0.30939065
0.31811662
0.37441151
0.36558579
0.3325388
0.30870746
0.3071364
0.30070346
0.29782831
0.31872225
0.32518141
0.365378
0.36110591
0.32114624
0.32128142
0.29582768
0.30911027
0.29305392
0.31492277
0.32252776
0.34118077
0.35481414
0.35531606
0.3070945
0.30480329
0.28324765
0.29011205
0.29969908
0.31607502
0.31722113
0.34192774
0.32602087
0.33757142
0.3388913
0.32058178
0.30721891
0.30386552
0.28026552
0.2928032
0.31228438
0.3145009
0.32776273
0
0
0
0
0
0
0
0
0
0
0
0
0.35674542
0.34735295
0.34878978
0.33648925
0.3319972
0.35598409
0.38068435
0.38924385
0.39801857
0.34213462
0.34360536
0.33843859
0.3669135
0.3618413
0.37734128
0.36596938
0.36558289
0.36031215
0.37293924
0.34227684
0.33630837
0.35656151
0.34798356
0.37306318
0.37812818
0.38401865
0.35365145
0.35657895
0.35880221
0.35236342
0.35999623
0.34479649
0.33345221
0.35343934
0.34435707
0.34531032
0.3586953
0.32590397
0.34135038
0.32847169
0.3584838
0.36376959
0.31739969
0.3504946
0.35242864
0.34649496
0.36717162
0.35115492
0.33472929
0.34826386
0.33645915
0.32804624
0.35327145
0.34121261
0.33227035
0.31853217
0.311891
0.34453753
0.33277119
0.34527777
0.35020594
0.3674791
0.37308444
0.34898962
0.36405107
0.3411309
0.354865
0.36265687
0.35304775
0.3567388
0.34416882
0.3580394
0.34448493
0.34156337
0.3559673
0.33619612
0.37008324
0.34699537
0.3537157
0.35230856
0.3691844
0.35290054
0.33966958
0.34716496
0.35152955
0.33179514
0.34243603
0.3356124
0.35435497
0.3382933
0.33025582
0.35607229
0.35851554
0.35903586
0.37065503
0.34467311
0.32979185
0.33707347
0.34456492
0.32515088
0.33770968
0.33859262
0.34372041
0.32690437
0.33097756
0.35699363
0.34991269
0.35617933
0.36556837
0.32968307
0.32385685
0.32899357
0.33212702
0.32363407
0.33060859
0.32938976
0.34039671
0.32822517
0.30860458
0.33983559
0.35716995
0.3357488
0.34580904
0.36029191
0.31929896
0.32082126
0.32450132
0.32392558
0.32709877
0.32178097
0.32055977
0.331483
0.3183162
0.29811333
0.33488277
0.35355661
0.32158406
0.34368316
0.30338292
0.3253877
0.32782578
0.32360024
0.32944343
0.32099105
0.3086341
0.31640697
0.33109272
0.2997615
0.28717089
0.32747408
0.30926686
0.331807
0.28881228
0.32950817
0.32867327
0.3206097
0.32383351
0.31708984
0.3026513
0.30915741
0.31546326
0.29091342
0.27671369
0.31587805
0.31170589
0.27895975
0.32503377
0.3461746
0.32309129
0.31623162
0.31300554
0.30654003
0.29412642
0.32703374
0.2904037
0.2731431
0.27200614
0.2946487
0.31460944
0.28181046
0.32910962
0.34888885
0.32546093
0.3204823
0.31538155
0.30918338
0.29715581
0.33034227
0.2935394
0.27481029
0.27377884
0
0
0
0
0
0
0
0
0
0
0
0
0
0
0
0
0
0
0
0
0
0
0
0
0
0
0
0
0
0
0
0
0
0
0
0
0
0
0
0
0
0
0
0
0
0
0
0
0
0
0
0
0
0
0
0
0
0
0
0
0
0
0
0
0
0
0
0
0
0
0
0
0
0
0
0
0
0
0.34675078
0.36906576
0.38641044
0.34278228
0.37124911
0.37739736
0.39024364
0.38459133
0.34871639
0.36148731
0.36482394
0.37589353
0.37617123
0.37876059
0.35369407
0.35759537
0.35628636
0.36769994
0.37536825
0.35373845
0.35455154
0.35952243
0.37553111
0.35644562
0.41302835
0.29073244
0.35704058
0.34774061
0.35065663
0.36569606
0.37562501
0.38314387
0.36406375
0.36552388
0.35671029
0.35026286
0.34489565
0.34020018
0.40088281
0.36456938
0.34896065
0.32175124
0.34992533
0.33652008
0.32295885
0.32967065
0.31439241
0.30281383
0.31778696
0.29444605
0.3150473
0.31732303
0.32313997
0.3104698
0.31975051
0.30883844
0.29237066
0.29714413
0.31348017
0.37061234
0.35398554
0.33090785
0.32197981
0.31072002
0.31397888
0.3116069
0.31889526
0.30466804
0.37299444
0.36133441
0.32078942
0.31819621
0.30751078
0.30627795
0.30761112
0.32015642
0.30131394
0.36949808
0.3621265
0.33020393
0.31216829
0.31024465
0.29983172
0.30190452
0.30553251
0.31522804
0.35411076
0.35399358
0.37191075
0.35382941
0.36166224
0.37049205
0.35032974
0.36676228
0.34598746
0.3617955
0.23946579
0.42671322
0.23958232
0.42939533
0.27230334
0.36422781
0.40268322
0.37672892
0.38355564
0.40634938
0.39897023
0.37991712
0.37967602
0.39438018
0.38116524
0.38348206
0.36808189
0.35619632
0.37112916
0.34142802
0.36117692
0.29904791
0.39828295
0.25144938
0.24766118
0.26258391
0.3661561
0.37629756
0.39228779
0.38531689
0.32634071
0.35324258
0.34598941
0.36500792
0.34465474
0.33407255
0.346024
0.36788655
0.38032951
0.3712787
0.37027442
0.37769092
0.31359982
0.35893697
0.25134937
0.25396716
0.28590573
0.34884948
0.37688314
0.38394121
0.37832805
0.32964207
0.34408537
0.33981597
0.3651276
0.34648268
0.3371326
0.34919132
0.36356241
0.3733419
0.36355129
0.36346457
0.37863219
0.26271135
0.33874954
0.36464846
0.24772717
0.28257742
0.32778013
0.35878831
0.37302089
0.37614371
0.36789145
0.33560654
0.34427166
0.3329896
0.35216486
0.33347562
0.34085968
0.35353714
0.37206214
0.36315481
0.3536998
0.37152594
0.37863562
0.26012749
0.33016617
0.36466403
0.24677528
0.30199779
0.3370899
0.3617757
0.3614812
0.3734474
0.36631092
0.33469902
0.3404976
0.33413168
0.35257277
0.33322402
0.33505864
0.35564207
0.36719551
0.35933419
0.356981
0.36516319
0.37102381
0.26601788
0.28271266
0.32756783
0.35581256
0.27610445
0.33780057
0.33563538
0.35652523
0.37173584
0.36930939
0.35336819
0.33593319
0.33850871
0.32844567
0.33510364
0.3215651
0.34581799
0.35841647
0.36407102
0.35553298
0.35662861
0.35668102
0.36791433
0.29706917
0.29098555
0.28882523
0.3215794
0.30560857
0.33263328
0.34042387
0.36377673
0.36634957
0.3683969
0.35377229
0.33222629
0.33275843
0.32832194
0.33608641
0.31734406
0.33999098
0.35071013
0.35721822
0.36564169
0.34871519
0.34854907
0.35909765
0.34425816
0.32340653
0.29246639
0.30204189
0.3316981
0.32763727
0.34307896
0.32942644
0.36094194
0.36307415
0.35314006
0.34268302
0.32367335
0.33224687
0.32890404
0.31799543
0.32228899
0.34194638
0.3438075
0.36525771
0.35512005
0.33713431
0.34457549
0.36260636
0.35191513
0.34496568
0.30857828
0.318051
0.32707884
0.33908525
0.33575115
0.32890622
0.35339931
0.35847579
0.34751819
0.34299911
0.31802293
0.32803285
0.32677548
0.32499164
0.32001845
0.3322297
0.33833775
0.35949049
0.34528061
0.33274652
0.33820717
0.35456577
0.33849167
0.34989411
0.33971282
0.32381441
0.32502497
0.33713932
0.33256731
0.33550776
0.31630252
0.35349615
0.34582062
0.3450423
0.34039999
0.32054611
0.32660702
0.32204873
0.31525954
0.32750285
0.31935161
0.34345381
0.35323397
0.33169206
0.32843574
0.34090506
0.35480608
0.41134821
0.40823246
0.39614636
0.38965478
0.3906428
0.4017823
0.37293864
0.42655063
0.42582674
0.41786677
0.35250367
0.43298077
0.43799628
0.42287116
0.35233927
0.43597977
0.42434272
0.4111256
0.37944003
0.42733132
0.40170057
0.42789417
0.41851521
0.38800051
0.42077742
0.41559757
0.39366923
0.41090054
0.39701121
0.37403973
0.40621376
0.38843224
0.37485195
0.39514572
0.41176762
0.38771747
0.38144166
0.38207063
0.37741751
0.35751133
0.35351352
0.34325991
0.36025463
0.37202578
0.38120422
0.3722461
0.35420685
0.36345245
0.37480446
0.37409372
0.37745573
0.37214156
0.34111134
0.34927232
0.34153883
0.34194476
0.34764831
0.35042402
0.34868136
0.36336579
0.37340907
0.37099329
0.36987915
0.36090042
0.32678306
0.34145968
0.32811096
0.32578811
0.3273628
0.32588743
0.33470198
0.36875344
0.37364534
0.36320596
0.36193608
0.31547218
0.33280797
0.33604608
0.31703347
0.30613517
0.31360654
0.31447132
0.36764018
0.37003312
0.35265037
0.35152083
0.31676485
0.33493468
0.32619537
0.30453884
0.2896483
0.29249965
0.31139434
0.36238127
0.35190668
0.325478
0.35347759
0.33812694
0.33159547
0.33203646
0.30746947
0.2935704
0.27692813
0.27302317
0.34768393
0.34402645
0.33796334
0.3510094
0.34414503
0.3146247
0.32709091
0.29389772
0.29051607
0.27357378
0.27135818
0.3344232
0.3451996
0.34129255
0.33025148
0.31843142
0.32244633
0.33318907
0.31529243
0.2961166
0.28250624
0.27058328
0.3113738
0.32223725
0.32205961
0.29224258
0.31986241
0.31073552
0.27749605
0.27126641
0.30412392
0.31797754
0.32810476
0.34100984
0.33527246
0.30938767
0.30750158
0.28660536
0.31566975
0.31595581
0.291853
0.27765592
0.26703236
0.27945619
0.37334676
0.36412438
0.33183986
0.30552851
0.30383106
0.2968676
0.29533086
0.31736969
0.3239207
0.36437957
0.35962371
0.32061917
0.32035589
0.29224527
0.30601404
0.29046143
0.31442143
0.32152065
0.33948619
0.35367522
0.3539115
0.30681477
0.30362134
0.28181861
0.28813755
0.29783517
0.31498214
0.3158235
0.34060648
0.32484036
0.33620476
0.33709765
0.31872673
0.30540241
0.30326169
0.27806941
0.28984793
0.31140811
0.31297019
0.32666385
0.3085261
0.31883042
0.31884427
0.29044254
0.31867736
0.30935077
0.27569074
0.2677562
0.30232397
0.31681502
0.32673795
0
0
0
0
0
0
0
0
0
0
0
0.3418726
0.32811462
0.31889365
0.31199752
0.33815643
0.36825788
0.37940353
0.38742193
0.32619384
0.32373959
0.3425266
0.34580492
0.36340801
0.36462648
0.35045255
0.35184334
0.34349102
0.32981536
0.36959825
0.3364037
0.33119344
0.32507725
0.31913169
0.35687916
0.34044263
0.36034493
0.36834656
0.36855277
0.33040721
0.3564092
0.34107042
0.35742756
0.31866896
0.32970495
0.33550417
0.33762527
0.35881346
0.3143072
0.32316375
0.34714341
0.35093571
0.31374558
0.30047549
0.33735787
0.33829378
0.34130201
0.35547275
0.32721579
0.3428877
0.32664444
0.32524647
0.31865678
0.32189017
0.35267743
0.3092425
0.34083257
0.31277452
0.30255477
0.29713691
0.32706882
0.32812237
0.32401724
0.34263664
0.34955289
0.3369638
0.34796681
0.35875589
0.36197615
0.33651211
0.34518881
0.34306294
0.36158814
0.35035324
0.33320942
0.34121907
0.34703706
0.32336127
0.33902682
0.33446714
0.35186304
0.33657243
0.31933429
0.34877657
0.35524228
0.35454046
0.36787499
0.34125627
0.32264578
0.33055193
0.33988471
0.31689197
0.33240759
0.33623583
0.34198782
0.32464831
0.32136189
0.35075643
0.34801012
0.354123
0.36388903
0.32727194
0.31731275
0.32277611
0.32632346
0.31606971
0.3254207
0.32577888
0.33812158
0.32652427
0.30537589
0.3334463
0.35165598
0.33438229
0.34428413
0.35887365
0.31699533
0.31567302
0.31927342
0.3183592
0.32156297
0.31650163
0.31714755
0.32902288
0.31619783
0.2943261
0.3297315
0.34961132
0.32052811
0.34259697
0.30031145
0.32193096
0.32455484
0.31969944
0.32526044
0.317716
0.30533044
0.31374237
0.32905083
0.29684999
0.28342183
0.32361905
0.30753462
0.33066133
0.28664168
0.3272887
0.32677359
0.31817547
0.32071593
0.31498039
0.3002489
0.30667167
0.31383741
0.28891082
0.27381685
0.31374204
0.30906643
0.27620644
0.32188033
0.34438118
0.32119618
0.31262224
0.31116625
0.30449772
0.29173117
0.32414144
0.28724087
0.27151516
0.2702327
0.29225248
0.29669248
0.28776355
0.30631725
0.3435846
0.32668962
0.2906879
0.32195994
0.30332039
0.29061941
0.31209499
0.26776732
0.26058481
0.28316535
0.27591611
0.29981716
0.29016996
0.30974416
0.34712443
0.32897943
0.29410024
0.32432832
0.30570112
0.29358009
0.31607303
0.2709233
0.26210536
0.28413114
0
0
0
0
0
0
0
0
0
0
0
0
0
0
0
0
0
0
0
0
0
0
0
0
0
0
0
0
0
0
0
0
0
0
0
0
0
0
0
0
0
0
0
0
0
0
0
0
0
0
0
0
0
0
0
0
0
0
0
0
0
0
0
0
0
0
0
0
0
0
0
0
0
0
0
0
0
0
0.3432811
0.36610446
0.37315002
0.34641785
0.3553827
0.35892857
0.37189063
0.35013628
0.35156331
0.35011765
0.36313614
0.37374975
0.37098625
0.35068351
0.349829
0.35564449
0.37332641
0.35142214
0.34979395
0.37007373
0.33813308
0.35635984
0.38759929
0.2833358
0.34280047
0.34177919
0.33575465
0.35998473
0.36038732
0.35305345
0.34100318
0.35883321
0.34284229
0.33999055
0.33325923
0.33481377
0.30925091
0.33627264
0.3212892
0.32568965
0.31775669
0.30103909
0.30620216
0.30787012
0.2913103
0.28439585
0.30977054
0.28378715
0.27389607
0.30476649
0.31129452
0.30229122
0.30167702
0.31515295
0.28381486
0.28904843
0.27832041
0.29837854
0.36738714
0.35504715
0.31305762
0.31408599
0.30242385
0.30278087
0.30238049
0.31538951
0.29330778
0.36570872
0.35825897
0.32525396
0.30568169
0.30712697
0.2951287
0.29827812
0.29997827
0.31049618
0.37170867
0.36201127
0.33050663
0.3003462
0.29957391
0.29206711
0.2920829
0.3150549
0.32186352
0.35160362
0.35997652
0.36932786
0.34825721
0.36540672
0.3430609
0.35981313
0.34399688
0.26821188
0.42539317
0.27236927
0.42978913
0.32412727
0.41417365
0.38731893
0.38922813
0.39806529
0.39087787
0.38026858
0.36300416
0.3709174
0.36539347
0.3699618
0.34342468
0.3382877
0.35587489
0.32681194
0.31227707
0.33329661
0.37482456
0.27155977
0.2746603
0.30491208
0.36774119
0.38747176
0.3892174
0.37732199
0.33964605
0.34750292
0.33961353
0.36129441
0.34188244
0.33173886
0.34731057
0.36464169
0.36968275
0.3573289
0.35780763
0.37480181
0.28099501
0.35190197
0.37521688
0.26473138
0.30206141
0.33916752
0.37285778
0.37893468
0.37835571
0.36579526
0.34057715
0.34456233
0.33262161
0.3490579
0.3296482
0.33829166
0.35387614
0.3707145
0.35726578
0.34646962
0.36862303
0.37485884
0.27400701
0.33890799
0.37033579
0.26226747
0.31660475
0.34512609
0.37042965
0.36581423
0.37302148
0.36425168
0.33745552
0.33970723
0.33286903
0.34945619
0.33022912
0.33330595
0.35417694
0.36521986
0.35423621
0.35105899
0.36235708
0.36916443
0.27814912
0.29204404
0.33357893
0.3603493
0.28841313
0.34558427
0.33917769
0.36199302
0.3691766
0.36799297
0.35083331
0.33509601
0.3365275
0.3271961
0.33232547
0.31922764
0.34425192
0.35578209
0.36196972
0.35001253
0.35377293
0.35489068
0.36638204
0.30509317
0.2983247
0.29525564
0.32762846
0.30958313
0.33720857
0.34157212
0.36355957
0.36317802
0.36587499
0.35176671
0.33061539
0.33098606
0.32738918
0.33404221
0.31568106
0.33830279
0.34845967
0.35574723
0.36383548
0.34689867
0.34671012
0.35767006
0.34510141
0.32713518
0.29700609
0.30772649
0.33586395
0.3303722
0.34515655
0.32815796
0.35930334
0.35991156
0.3509205
0.34020615
0.32165069
0.33058515
0.32739672
0.31584971
0.32084343
0.3401646
0.34199736
0.36386643
0.35343051
0.33518085
0.34275286
0.36130353
0.35018526
0.34495659
0.31300134
0.3234568
0.33026011
0.33850138
0.33747626
0.32712517
0.35304847
0.35557685
0.34489553
0.34049755
0.31607526
0.32613578
0.32524202
0.32318976
0.31835854
0.33058624
0.3367365
0.35760786
0.34352444
0.33062839
0.33606227
0.35291502
0.33389031
0.34643703
0.33969431
0.32715251
0.32700206
0.33781719
0.33216562
0.33427975
0.31302594
0.35185959
0.34224106
0.3411313
0.33772791
0.31773335
0.32427726
0.31974046
0.31247018
0.32553293
0.31728774
0.34062274
0.3505348
0.32903828
0.32584668
0.33790061
0.35259291
0.32094
0.32795119
0.3366004
0.32245236
0.32229972
0.32918957
0.3228268
0.32567742
0.30787086
0.34127099
0.34373182
0.32803555
0.33101178
0.31335563
0.33057811
0.31885748
0.31534954
0.32582483
0.31183123
0.3351456
0.33893352
0.32584257
0.32406572
0.32989754
0.33741904
0.40747672
0.37678703
0.39535619
0.3781929
0.38866681
0.37659238
0.39502011
0.36129143
0.42127165
0.40751056
0.40229571
0.35886282
0.43050336
0.40045174
0.41648665
0.35424173
0.41925153
0.3895334
0.37320178
0.36249317
0.42374353
0.42020955
0.41064093
0.39137509
0.40584196
0.37653765
0.41268517
0.40135788
0.39137932
0.37300323
0.37517677
0.34957759
0.38820251
0.37481215
0.38719377
0.3742175
0.35993231
0.36590327
0.37279495
0.37021342
0.34453545
0.35132212
0.34665124
0.34127807
0.35343606
0.3607687
0.34571808
0.35639553
0.36720247
0.36321854
0.36592593
0.35882547
0.32849424
0.34153964
0.32940231
0.3238518
0.33028592
0.33401169
0.33126289
0.36397292
0.3700763
0.36125997
0.35870155
0.31669535
0.33267556
0.33428465
0.31424806
0.30311407
0.3134034
0.3171263
0.36277045
0.36622555
0.35132777
0.34859009
0.3172457
0.33397426
0.32281396
0.29976155
0.28630172
0.29114009
0.31080775
0.35895153
0.35070302
0.32567908
0.35072679
0.33778477
0.32991072
0.33088848
0.30396064
0.29059756
0.27536006
0.27199888
0.34504601
0.34295689
0.33728382
0.34921147
0.34293885
0.31321137
0.32572198
0.29192191
0.28867016
0.27270932
0.27057891
0.33150628
0.34401472
0.3394318
0.32859224
0.31552078
0.31999833
0.33189779
0.31281668
0.29426896
0.28140646
0.26992376
0.33870124
0.33387018
0.30742996
0.30264424
0.28437711
0.3135621
0.31396447
0.29007097
0.27720443
0.26667353
0.2869761
0.3075301
0.31195057
0.32671737
0.26481276
0.29644452
0.31553281
0.30208897
0.26823043
0.28401288
0.31328769
0.3216734
0.31978689
0.31695254
0.29145741
0.28094435
0.26321651
0.28487028
0.28982319
0.313223
0.28092962
0.26712749
0.27402688
0.36301487
0.35760722
0.3198249
0.31910353
0.28734832
0.30228577
0.28730039
0.31336307
0.32007505
0.33729496
0.35224911
0.35219025
0.30657406
0.30227203
0.27975761
0.28534172
0.2955825
0.31358758
0.31416303
0.33908594
0.32350632
0.33460648
0.33506313
0.3173236
0.30383227
0.30250604
0.27549064
0.2864751
0.31038185
0.31141483
0.32567375
0.30604632
0.31633273
0.31652435
0.28849917
0.3175969
0.30827364
0.27419474
0.26488268
0.30062928
0.31574555
0.32556823
0.28394659
0.30386337
0.3087547
0.32377821
0.26402205
0.29445261
0.3139274
0.29992727
0.26498442
0.28145816
0.31137442
0.32031142
0
0
0
0
0
0
0
0
0
0
0
0
0.31135493
0.30081689
0.29718376
0.32156709
0.3666618
0.36657783
0.32323874
0.3042113
0.32703809
0.35007994
0.33586388
0.32842822
0.36215759
0.33330469
0.33958128
0.3289315
0.35938676
0.32297564
0.36251791
0.33464689
0.31215233
0.34073256
0.3350579
0.34027355
0.35154341
0.34470597
0.33034347
0.35354083
0.33349169
0.33271454
0.31269577
0.32920484
0.33019447
0.3310995
0.3467944
0.30526027
0.31234701
0.29606788
0.32520054
0.33342054
0.30741881
0.34069533
0.28980171
0.2831668
0.31314798
0.32756305
0.32072349
0.31816814
0.31698819
0.31065727
0.33415091
0.31506802
0.31481155
0.34784126
0.33382311
0.30120269
0.33186267
0.29560162
0.28272592
0.27626923
0.30609585
0.31717462
0.34865217
0.33693014
0.33839763
0.35070844
0.34735256
0.36408782
0.33656059
0.31355967
0.32252485
0.33352705
0.30609866
0.3250809
0.3329148
0.33926844
0.32140762
0.30834712
0.34220911
0.34499021
0.35104498
0.36128157
0.32386672
0.30875542
0.31458412
0.31914718
0.30609353
0.3188103
0.32090023
0.33493718
0.32397346
0.30112676
0.32475119
0.34440387
0.33211556
0.34199586
0.35676403
0.31368765
0.30891476
0.31253739
0.31176933
0.31428121
0.31002965
0.31266854
0.32535656
0.31328322
0.28989378
0.32282633
0.34392291
0.31886833
0.34115708
0.2965434
0.31741066
0.32026549
0.31490301
0.32006681
0.31337755
0.30096059
0.3105382
0.32645406
0.29325772
0.27904108
0.31843775
0.30553423
0.3291426
0.28378055
0.32478139
0.32451253
0.31500051
0.31692904
0.31215156
0.29724152
0.30344016
0.31135187
0.28634553
0.27024676
0.31101845
0.30660122
0.27327528
0.31878085
0.34258744
0.31929006
0.30892339
0.30938534
0.30248904
0.28942319
0.32122409
0.28425479
0.26954703
0.26823248
0.28960882
0.29393619
0.28562385
0.30373839
0.34113136
0.32505745
0.28796025
0.32014561
0.30162152
0.28840023
0.30850366
0.26489623
0.25906453
0.28252965
0.27293252
0.28113854
0.29074142
0.32171231
0.34573869
0.26977798
0.321295
0.28669951
0.32355637
0.2904769
0.30522834
0.24809295
0.28432284
0.28595353
0.25926759
0.28337588
0.29530355
0.32527609
0.34850435
0.32382633
0.28941436
0.32590695
0.29358742
0.31135621
0.25056575
0.28601966
0.28599727
0
0
0
0
0
0
0
0
0
0
0
0
0
0
0
0
0
0
0
0
0
0
0
0
0
0
0
0
0
0
0
0
0
0
0
0
0
0
0
0
0
0
0
0
0
0
0
0
0
0
0
0
0
0
0
0
0
0
0
0
0
0
0
0
0
0
0
0
0
0
0
0
0
0
0
0
0
0
0
0
0.34278467
0.34770407
0.35199438
0.34473988
0.34410536
0.34252414
0.35725244
0.34642906
0.34370389
0.35036798
0.36469609
0.37010272
0.34777491
0.34434741
0.36745555
0.34892605
0.35780336
0.36786043
0.3469646
0.34826917
0.32150591
0.33696268
0.33742304
0.33165429
0.33811078
0.32032511
0.33537988
0.32857508
0.35857964
0.34506718
0.31915181
0.30031026
0.33731726
0.32086216
0.29173133
0.32037814
0.30345034
0.30812361
0.28550751
0.27139423
0.29369115
0.28532776
0.2744282
0.26714392
0.29696938
0.26439924
0.29519001
0.29180672
0.29699281
0.28460636
0.30908865
0.27831738
0.27128484
0.27058825
0.28228747
0.35891669
0.35166747
0.31684611
0.29645677
0.30248375
0.28820172
0.29277929
0.29129362
0.30263141
0.36909246
0.35881624
0.3278232
0.29277577
0.29392421
0.28540387
0.28740757
0.31083206
0.31811618
0.3610615
0.35472481
0.31845501
0.31721915
0.28045367
0.29757573
0.28300546
0.31108555
0.31778103
0.33412807
0.34618289
0.36402552
0.34077154
0.35838565
0.34119073
0.3367927
0.29417883
0.41157954
0.29223929
0.3516093
0.38745627
0.38182363
0.39338466
0.3904568
0.35968339
0.37106715
0.34765004
0.33618569
0.35742627
0.31880718
0.30452473
0.34510176
0.30227266
0.36431454
0.38268655
0.28400627
0.32153381
0.34987117
0.38296748
0.38203696
0.37855524
0.36093333
0.34447585
0.34350971
0.33074506
0.34366095
0.32350782
0.33404792
0.3530885
0.36782498
0.34952728
0.33798452
0.36464611
0.36953982
0.29206374
0.34778248
0.37367963
0.28126241
0.33160732
0.35265348
0.37628275
0.36905662
0.37147557
0.36060771
0.33960979
0.33794605
0.33070207
0.34461986
0.32586853
0.33068001
0.35180473
0.36217974
0.34769404
0.3435281
0.35835796
0.36632573
0.29330811
0.30475801
0.33916843
0.36340022
0.30359561
0.35351024
0.34246522
0.36626871
0.36550456
0.36577321
0.34697366
0.33348917
0.3336504
0.32528961
0.32860388
0.31603798
0.34198224
0.35214938
0.35891436
0.34314401
0.35001497
0.35230172
0.36409727
0.31502881
0.30744877
0.30322504
0.33453986
0.31584735
0.34215764
0.3422237
0.36259019
0.35890733
0.36249115
0.34874621
0.32824594
0.32859317
0.32607799
0.33134165
0.31349889
0.33602323
0.34543749
0.35370305
0.36130855
0.34452504
0.34432343
0.35572069
0.34584647
0.33097195
0.30260505
0.31404795
0.34008186
0.33304431
0.34691095
0.3263926
0.35681198
0.35572656
0.34802486
0.33720275
0.31915392
0.32856094
0.32560513
0.31329043
0.31906957
0.33798941
0.33979364
0.36222861
0.35148326
0.33290469
0.34068625
0.35968279
0.34834257
0.34464188
0.31687874
0.32746446
0.33278932
0.33765131
0.3383953
0.32531689
0.35241298
0.35210045
0.34200101
0.33805626
0.31420187
0.32435234
0.32376752
0.32146611
0.31680645
0.32900415
0.33515901
0.35590114
0.34194874
0.32853415
0.33401006
0.35135507
0.32955224
0.34346596
0.33941388
0.3289254
0.3275412
0.33762185
0.33103602
0.33301774
0.31044914
0.35008309
0.33912622
0.33755124
0.33486715
0.31560703
0.32248457
0.31802935
0.31009034
0.32407641
0.31569865
0.33859829
0.34863476
0.32690098
0.32366519
0.33563429
0.35103525
0.31601785
0.32413338
0.33416363
0.32367744
0.32231123
0.32936713
0.31949754
0.32363741
0.30499462
0.3394425
0.34079622
0.32383907
0.32780457
0.31021042
0.32904566
0.31644225
0.31322895
0.32341521
0.30973832
0.332243
0.33617582
0.3231616
0.32149569
0.32688699
0.33455307
0.30611778
0.29173591
0.31103088
0.33334476
0.32174934
0.32169234
0.3283614
0.31383381
0.31056677
0.29297617
0.33730861
0.32999015
0.32497411
0.32820903
0.32239634
0.32368808
0.30328322
0.31971498
0.31197382
0.30660959
0.34863968
0.31663271
0.31834032
0.32070743
0.31852644
0.33748151
0.36440356
0.38425701
0.35290315
0.36669322
0.36743408
0.37713938
0.36199786
0.38222285
0.37048255
0.34779594
0.39730756
0.38411747
0.36743288
0.35215343
0.3810086
0.40300411
0.36445339
0.34717891
0.40785722
0.36818366
0.39180453
0.35200376
0.33558375
0.3970443
0.36616018
0.38800961
0.36855432
0.35546296
0.39295683
0.37727271
0.36800115
0.3402651
0.35961868
0.34090696
0.35904595
0.36809416
0.34757123
0.34087053
0.35052847
0.35986464
0.35558959
0.33039864
0.34085653
0.32971625
0.31932293
0.33118788
0.34005895
0.32533674
0.3565202
0.36483088
0.35825074
0.35386598
0.31816778
0.33220255
0.33178132
0.31011181
0.29803253
0.31158684
0.31836438
0.35554155
0.36065284
0.34933414
0.344208
0.31768676
0.33255396
0.31812296
0.29352797
0.28102495
0.28822291
0.3092574
0.35420265
0.34905222
0.32578542
0.34694841
0.33730601
0.32772384
0.32940323
0.29929903
0.28612638
0.27297299
0.27031287
0.3411023
0.34162697
0.33649196
0.34678442
0.34163044
0.31160722
0.32428551
0.28970641
0.28661644
0.27149419
0.26967826
0.32824118
0.34271998
0.33774792
0.32710734
0.3122063
0.31808222
0.33082147
0.31080415
0.29255875
0.28009252
0.26914334
0.33690155
0.33287063
0.30527965
0.29879291
0.28232554
0.31146265
0.31145119
0.28790915
0.27636828
0.26604025
0.31590179
0.31514254
0.29002657
0.27813342
0.28229855
0.28775901
0.31141607
0.27997065
0.26662051
0.27289749
0.28314846
0.30526369
0.30866133
0.27033892
0.27994884
0.31301669
0.28777275
0.27777478
0.28306425
0.30837828
0.31579395
0.30308023
0.30146369
0.29019543
0.29264577
0.25332333
0.28202077
0.28281963
0.30352703
0.27729601
0.26055992
0.24534166
0.35027298
0.34983543
0.30619732
0.30048837
0.27656153
0.281773
0.29292304
0.31164863
0.31185162
0.33711094
0.32183146
0.33265359
0.3325438
0.31587655
0.30224251
0.30148222
0.272028
0.28196785
0.30894611
0.30953663
0.3245552
0.30381491
0.31405097
0.3143222
0.28697675
0.31670614
0.30726782
0.27237026
0.26190889
0.29858227
0.31459786
0.32437483
0.28114831
0.30100919
0.3064398
0.32145042
0.26307134
0.29279803
0.31265894
0.29844696
0.26232021
0.27957299
0.30972677
0.31896409
0.27036496
0.28014133
0.30233562
0.30565289
0.26962848
0.27956088
0.31099687
0.28583557
0.27625039
0.28036996
0.30547957
0.31322914
0
0
0
0
0
0
0
0
0
0
0
0
0.29192103
0.28640575
0.27705118
0.32354016
0.35523254
0.34963612
0.31409155
0.28488865
0.32074506
0.30469853
0.34210871
0.31967417
0.3506354
0.30752104
0.32670225
0.32346683
0.31747092
0.34649338
0.31988424
0.3087839
0.30068117
0.35605115
0.33487063
0.30497373
0.30566908
0.30055058
0.34763322
0.32507104
0.3229254
0.32763402
0.32480891
0.3139665
0.3514814
0.30567017
0.34458526
0.29724351
0.33610817
0.32261496
0.31657763
0.33061142
0.27906913
0.28673028
0.30280881
0.31304442
0.29437952
0.30023672
0.32551147
0.26209525
0.27606423
0.29329703
0.30704245
0.29872408
0.31578877
0.30810634
0.30394289
0.30917806
0.29943169
0.33482718
0.31725417
0.29096825
0.29845944
0.28344266
0.32750955
0.27660074
0.26693612
0.26142471
0.29116321
0.31277688
0.30815731
0.35880279
0.31972434
0.33110484
0.34036087
0.34670669
0.35751046
0.31892195
0.29699043
0.3041075
0.31016497
0.29205643
0.3098087
0.3145702
0.3305276
0.32025651
0.29579156
0.31354941
0.33413395
0.32863919
0.33865572
0.35365181
0.30941688
0.2994008
0.30332626
0.30343989
0.30443791
0.30169362
0.30680107
0.32043246
0.30925078
0.28476453
0.31349178
0.33631787
0.31641622
0.33907703
0.2918766
0.31111781
0.31426596
0.30868346
0.31328121
0.30777029
0.29523774
0.30613919
0.32281719
0.28872508
0.27383029
0.31173256
0.30264997
0.32694333
0.27995433
0.32111648
0.32114301
0.31076741
0.31192533
0.30822797
0.29309053
0.29946618
0.30833288
0.28301131
0.26563703
0.30735812
0.30376972
0.26953803
0.31495405
0.34030745
0.31679166
0.30445692
0.30700253
0.29983048
0.28646705
0.31764729
0.2805102
0.26702554
0.2654019
0.2866677
0.29116394
0.28320367
0.30121519
0.33868605
0.32348009
0.28521317
0.31837151
0.29996843
0.28631124
0.30493562
0.26230882
0.25764843
0.28193931
0.26964428
0.27922321
0.28690442
0.31898209
0.34388347
0.26622527
0.3193363
0.28463046
0.32178463
0.2882197
0.29930873
0.24554391
0.28315221
0.28474787
0.25604009
0.26150075
0.30647789
0.34773132
0.24266527
0.31923685
0.29296246
0.32805389
0.2985426
0.27058942
0.24015137
0.27039416
0.27358849
0.24898816
0.26540056
0.31170239
0.35166533
0.32233595
0.29598918
0.33195207
0.30309545
0.27573454
0.24213203
0.27155931
0.27383632
0
0
0
0
0
0
0
0
0
0
0
0
0
0
0
0
0
0
0
0
0
0
0
0
0
0
0
0
0
0
0
0
0
0
0
0
0
0
0
0
0
0
0
0
0
0
0
0
0
0
0
0
0
0
0
0
0
0
0
0
0
0
0
0
0
0
0
0
0
0
0
0
0
0
0
0
0
0
0
0.33644762
0.33488105
0.33335219
0.34034878
0.33560566
0.34300506
0.34254795
0.33741122
0.36351025
0.3652674
0.34527949
0.35475827
0.36583207
0.34360707
0.36227438
0.34542475
0.35713353
0.33998948
0.33699035
0.325839
0.324425
0.31251516
0.30852936
0.31457569
0.30224601
0.34725538
0.2958351
0.34089246
0.30650203
0.27919283
0.30596823
0.29001827
0.28488758
0.30432354
0.26665848
0.29569528
0.28009381
0.25991388
0.25098509
0.27864037
0.2681667
0.25763844
0.25162369
0.28502137
0.2574957
0.25215811
0.2779574
0.28828494
0.27815303
0.27580094
0.29015458
0.26334533
0.26605661
0.25823743
0.36511401
0.35402197
0.32228731
0.28216711
0.28673601
0.27550001
0.27987701
0.30318263
0.31123652
0.35818348
0.35043403
0.31588029
0.31408572
0.27118511
0.29154517
0.2766007
0.30678211
0.31405909
0.32919925
0.34751872
0.34652148
0.30551409
0.29779009
0.27153348
0.27720815
0.28940222
0.30881017
0.30841736
0.33437302
0.33849601
0.35703048
0.33902564
0.33353751
0.30180451
0.39993484
0.32188847
0.37326016
0.38528612
0.38776129
0.38026327
0.37543738
0.34171294
0.32337816
0.31837605
0.34601051
0.29405591
0.28856675
0.31201627
0.35542519
0.37303083
0.30162249
0.34507707
0.3582569
0.37855859
0.37020668
0.36826161
0.35429022
0.34029183
0.33458723
0.32699954
0.33752754
0.31937037
0.32669517
0.34802418
0.35751007
0.33859589
0.33396494
0.35311436
0.36206665
0.3101373
0.32009889
0.34388848
0.3642403
0.31980527
0.36048743
0.34472734
0.36841765
0.36003717
0.36224699
0.34092891
0.33071079
0.32950942
0.32217501
0.32338788
0.31157702
0.33868482
0.34709436
0.35436637
0.33424126
0.34466652
0.34864455
0.3606619
0.32636081
0.3185292
0.3127413
0.3417057
0.32364961
0.34708225
0.3419163
0.36075831
0.35323522
0.35788368
0.34411135
0.32472641
0.3252623
0.32406473
0.32755674
0.310521
0.33286518
0.34130041
0.35070687
0.35754612
0.34118155
0.34104187
0.35295863
0.3465868
0.33541435
0.30937691
0.32044139
0.34393427
0.33566923
0.34801546
0.32373947
0.35295136
0.35051975
0.34413986
0.33321616
0.3158047
0.32587056
0.32323363
0.30997659
0.31666255
0.33508779
0.33682977
0.36000208
0.34887635
0.32993815
0.33800119
0.35743528
0.34580788
0.34419714
0.32094569
0.3305244
0.33462013
0.3362845
0.33857624
0.32296871
0.35073238
0.34752694
0.33814209
0.33531683
0.31194641
0.32227787
0.32203304
0.31947704
0.31501693
0.32710712
0.33322179
0.35388482
0.34012958
0.32604308
0.33159259
0.3494402
0.32482617
0.34057032
0.33885813
0.32978856
0.32689334
0.33671361
0.3292315
0.33148461
0.30793539
0.34782606
0.33553755
0.33396266
0.33193017
0.31356367
0.32080587
0.31633588
0.30778688
0.32265339
0.31413922
0.33677514
0.3469036
0.32481276
0.32150083
0.33344134
0.34953368
0.31146524
0.32043208
0.33188327
0.32411894
0.3213754
0.32830029
0.31640098
0.32169057
0.3028556
0.33749231
0.33840988
0.3204979
0.32412461
0.30770215
0.32765659
0.31451447
0.31136006
0.32159062
0.30812156
0.33004564
0.33435606
0.32105374
0.31940804
0.32457412
0.33253901
0.30094195
0.28663075
0.30661157
0.33266002
0.32000206
0.31863243
0.32575841
0.30947702
0.30783886
0.28983568
0.3343165
0.32564293
0.32057231
0.32561971
0.32001235
0.32137808
0.30064915
0.31778904
0.30952898
0.30431105
0.34500125
0.31361642
0.31606002
0.31768008
0.31514934
0.33415956
0.28528055
0.2690772
0.28638528
0.32707608
0.31693203
0.3138441
0.31662625
0.28931234
0.29409506
0.27708404
0.32316064
0.31084918
0.30663351
0.32027495
0.31530387
0.32182185
0.3024251
0.32173246
0.3085118
0.30581776
0.32886299
0.30773621
0.31200063
0.31386527
0.30760265
0.31617848
0.36440793
0.35143653
0.33248895
0.35148954
0.34376569
0.35108817
0.37962545
0.3636665
0.35451488
0.33171984
0.38110459
0.36010325
0.33846607
0.33842351
0.3450861
0.3319029
0.32811388
0.37221812
0.32936154
0.30785884
0.31162382
0.38495231
0.37998606
0.3601344
0.3424532
0.34820373
0.32898388
0.3633909
0.34578079
0.331822
0.31655996
0.33789978
0.32583965
0.31354624
0.35796917
0.3534334
0.34697615
0.31959756
0.331029
0.32823482
0.30419291
0.28995994
0.307551
0.31660092
0.34479273
0.35283617
0.34626443
0.33729174
0.31794627
0.33026098
0.3116183
0.28480065
0.27335153
0.28303778
0.3059365
0.34711166
0.34646998
0.32572278
0.34146126
0.3365729
0.32472314
0.32721438
0.29265475
0.27836072
0.2689646
0.26700279
0.33608187
0.33973504
0.33546402
0.3435659
0.3399829
0.3094861
0.32256582
0.28678845
0.28420016
0.27000965
0.26844119
0.3237482
0.34108724
0.33613301
0.32550569
0.30842753
0.31610461
0.3297098
0.30871564
0.29072868
0.27849098
0.2682463
0.33483039
0.33162176
0.30327018
0.2935423
0.28058834
0.30963941
0.3092637
0.28591194
0.27525541
0.26536574
0.31286528
0.3137787
0.28889762
0.27495095
0.27938727
0.28540559
0.30939079
0.27856467
0.2656884
0.29873873
0.2967775
0.28805116
0.29117064
0.27913717
0.28095991
0.30176047
0.27647881
0.26007743
0.27756394
0.26993622
0.29125145
0.27911365
0.29693771
0.26201132
0.24681996
0.28877161
0.28548721
0.26921635
0.28034977
0.28762222
0.30452869
0.2568005
0.25835128
0.2683911
0.26337655
0.28178298
0.22607934
0.28729438
0.27499147
0.27664923
0.26484233
0.25182006
0.31949976
0.32998609
0.32920197
0.31413624
0.30015221
0.29993101
0.26733806
0.27638131
0.30701283
0.30702582
0.32313053
0.30115907
0.31137259
0.31166465
0.28544223
0.31572004
0.30603053
0.26980157
0.25798922
0.29586949
0.31322361
0.32283113
0.27841614
0.2985865
0.30425471
0.31918374
0.26210908
0.29136771
0.31153695
0.29695982
0.25956989
0.27767726
0.3079509
0.31745908
0.26829632
0.27748378
0.30003281
0.30315194
0.26902457
0.27911948
0.30958135
0.28461743
0.27506836
0.27820036
0.30285966
0.31075081
0.27453753
0.26625458
0.28866639
0.27609791
0.29201125
0.26122378
0.24579546
0.28734491
0.28316429
0.26674474
0.27759809
0.28526987
0.30055229
0
0
0
0
0
0
0
0
0
0
0
0
0.2835716
0.27333235
0.27075561
0.31726443
0.35796179
0.3104807
0.26510377
0.29490396
0.32698078
0.288945
0.32991757
0.30153668
0.33568315
0.29809326
0.30734944
0.3262747
0.30825664
0.33750879
0.29459694
0.3489635
0.32828438
0.29328671
0.33198138
0.30932462
0.3196786
0.31154523
0.31125076
0.31032202
0.34402752
0.29952167
0.33352473
0.29078384
0.34080937
0.30386515
0.29217734
0.31251869
0.26542029
0.27438563
0.2565627
0.28290983
0.2917431
0.27060287
0.29954247
0.29010735
0.28358217
0.24962364
0.24335107
0.27375709
0.28631692
0.28890373
0.27420629
0.29815612
0.2929103
0.29731205
0.28957748
0.32388804
0.3149824
0.29052706
0.28947618
0.28446669
0.27318628
0.3063491
0.26043989
0.25227228
0.24467152
0.29979158
0.29805187
0.35198949
0.31955719
0.32351332
0.3336437
0.34950778
0.30371691
0.28556115
0.29076829
0.29253837
0.29013298
0.29046235
0.29939867
0.31384534
0.30365762
0.27848183
0.30079388
0.32543487
0.31292735
0.33610107
0.28643844
0.30195442
0.30539889
0.30018317
0.30430761
0.30030526
0.28773936
0.29999639
0.31784451
0.28297284
0.26782974
0.30227725
0.29881654
0.32412626
0.27501629
0.31661449
0.31619496
0.30498926
0.30516768
0.3028589
0.28709407
0.29424187
0.30460751
0.27853911
0.25988553
0.30230307
0.29978715
0.26484767
0.31005691
0.33715504
0.31321475
0.29897885
0.30344324
0.29591967
0.28251314
0.31319088
0.27595164
0.26350986
0.26117734
0.28278807
0.28750679
0.27990014
0.29811766
0.33566401
0.32141798
0.28179171
0.31603754
0.29781242
0.28362022
0.30057706
0.25918891
0.25574006
0.28099867
0.26566335
0.27730776
0.28297647
0.31617505
0.34202196
0.26252334
0.3174012
0.2827183
0.32000953
0.28597637
0.29352469
0.24264273
0.28222288
0.28369088
0.25241175
0.25842644
0.30249173
0.34486862
0.24047468
0.31697684
0.29069656
0.32491317
0.29441173
0.26608806
0.23829531
0.26957154
0.27247081
0.24553584
0.24634192
0.28203722
0.33121991
0.2227302
0.32040979
0.31328733
0.29509636
0.30204286
0.2919504
0.25606507
0.30605165
0.30105184
0.26497735
0.25317524
0.28694895
0.33494823
0.32373721
0.316277
0.30004873
0.30869416
0.29294007
0.25708263
0.30788102
0.30256957
0.26481744
0
0
0
0
0
0
0
0
0
0
0
0
0
0
0
0
0
0
0
0
0
0
0
0
0
0
0
0
0
0
0
0
0
0
0
0
0
0
0
0
0
0
0
0
0
0
0
0
0
0
0
0
0
0
0
0
0
0
0
0
0
0
0
0
0
0
0
0
0
0
0
0
0
0
0
0
0
0
0
0
0
0.33175924
0.32461192
0.33281022
0.33487879
0.32824661
0.35744768
0.34014325
0.3502757
0.36293035
0.34016227
0.35984558
0.33572662
0.35536288
0.33804358
0.35994934
0.32876261
0.35427593
0.32099031
0.32086534
0.29089843
0.29831129
0.35930946
0.28228336
0.34696521
0.27950066
0.30719071
0.26370863
0.28997049
0.26853563
0.28249407
0.31136557
0.24540301
0.26496214
0.27820058
0.26027764
0.24914895
0.23702669
0.26135183
0.25374587
0.24536195
0.2443773
0.26774568
0.24601038
0.29114752
0.27218272
0.26406801
0.2515517
0.29942567
0.25886848
0.25178168
0.35393336
0.34413991
0.31089529
0.30911977
0.25930042
0.28369063
0.26677329
0.29858914
0.3083867
0.32126198
0.34366023
0.34174206
0.30418691
0.29328654
0.26386996
0.2708984
0.28458532
0.3044526
0.30343462
0.33047856
0.31646814
0.32629707
0.32463245
0.26634501
0.31176617
0.29691077
0.29748259
0.26066136
0.26971634
0.30413714
0.30343798
0.32109538
0.33686263
0.33099263
0.36647101
0.31869545
0.32902474
0.357391
0.36494277
0.37552128
0.36827501
0.36285967
0.29865993
0.28604622
0.32941617
0.32609143
0.3350727
0.34523652
0.36067504
0.33409649
0.36525832
0.34496332
0.36777738
0.35220376
0.35698773
0.33132759
0.3261578
0.32320041
0.31666863
0.31541233
0.30490546
0.33390151
0.33985656
0.34714965
0.32228381
0.33694425
0.3438312
0.35576049
0.3371319
0.329965
0.32296129
0.34790029
0.3319585
0.35116013
0.34006852
0.35738696
0.34529559
0.35158157
0.33719841
0.3195433
0.32063534
0.32082872
0.32193867
0.30630885
0.32844742
0.33543487
0.34623154
0.35172525
0.33630262
0.3365408
0.34910266
0.34667494
0.33996587
0.31713645
0.32630779
0.34618062
0.33797526
0.34802014
0.31970232
0.34739806
0.34394109
0.33870857
0.32786823
0.31120166
0.3221878
0.31989729
0.3055895
0.31328295
0.33114589
0.33270603
0.35681459
0.34513457
0.32584263
0.33435285
0.35423221
0.34233969
0.3433704
0.32520619
0.33211449
0.33514126
0.33415644
0.33775853
0.31957604
0.34803897
0.34176781
0.33286109
0.33186766
0.30891171
0.31958676
0.3197647
0.31687262
0.31274021
0.3246023
0.33060193
0.35118898
0.3376927
0.32276994
0.32843282
0.34683912
0.31930382
0.3366692
0.33792014
0.32996264
0.32503002
0.33454353
0.32627095
0.32935726
0.30491238
0.34433252
0.33083847
0.32962907
0.32856101
0.31113072
0.31885937
0.31423699
0.30512835
0.32092538
0.31226188
0.33465705
0.34486769
0.32231089
0.31890609
0.33078195
0.34765065
0.30639694
0.31689706
0.32961705
0.32411434
0.31953402
0.32601387
0.31268342
0.31948113
0.30080412
0.33494337
0.33585539
0.31735439
0.32028958
0.3053168
0.32635758
0.31265626
0.30965741
0.31986655
0.30650555
0.32792828
0.33278211
0.31896284
0.31731848
0.32230731
0.33065281
0.29630238
0.28205556
0.30257166
0.33156078
0.31787286
0.31535893
0.32312164
0.30547881
0.30534357
0.28738927
0.3316226
0.32198117
0.31652723
0.3225452
0.31819808
0.31944319
0.29866831
0.3160778
0.30766606
0.30249155
0.34232791
0.31131498
0.31427713
0.31530858
0.31257192
0.33170402
0.28127413
0.26386596
0.28146128
0.32382763
0.31527297
0.31016194
0.31318294
0.28415144
0.28953349
0.27440311
0.31919631
0.3059502
0.30165701
0.31809461
0.31209504
0.3193735
0.29934052
0.3199824
0.30578261
0.30331152
0.32520005
0.30455394
0.31038184
0.31086279
0.3043083
0.3131393
0.28469026
0.25714802
0.24813392
0.30091754
0.31653631
0.30634747
0.29866959
0.30569683
0.28587836
0.27568518
0.27018279
0.30828687
0.29534253
0.30540246
0.31946056
0.31228725
0.29423671
0.31078469
0.31254842
0.3060805
0.30104238
0.30549369
0.2942497
0.31668085
0.29649756
0.30265111
0.33933141
0.32088669
0.31318013
0.34651717
0.33879457
0.32999611
0.32108711
0.32003729
0.34556163
0.33536938
0.32516629
0.32854412
0.33780194
0.31757184
0.30238215
0.32340831
0.33174084
0.3108279
0.2886533
0.29683259
0.35152571
0.31133164
0.28807891
0.33098528
0.27927041
0.34045977
0.31034836
0.32852545
0.30717882
0.30120946
0.33688057
0.31592589
0.30283596
0.31996305
0.30217103
0.29693584
0.34254704
0.34153637
0.32650568
0.31747796
0.32642275
0.30252336
0.27314558
0.26282228
0.27477725
0.29949098
0.33695498
0.34222062
0.32528068
0.33308404
0.33540978
0.32031232
0.32363097
0.28291163
0.26736992
0.26062889
0.2606399
0.32890739
0.33682203
0.33400746
0.3392369
0.33780057
0.3064189
0.32029434
0.28239153
0.28049409
0.26802756
0.31797564
0.33884
0.33421099
0.32342496
0.3034289
0.31371144
0.32830775
0.30615427
0.28854719
0.27667818
0.26719855
0.33252943
0.33005632
0.30124103
0.2884322
0.27871276
0.30772291
0.30708189
0.28391098
0.27392056
0.26464273
0.30901916
0.312141
0.28756647
0.27244692
0.27694005
0.28339173
0.30767252
0.27697749
0.26458621
0.29561691
0.29307395
0.28633834
0.29013733
0.27664644
0.27863406
0.29921807
0.27524439
0.25916906
0.2544989
0.26497902
0.26091038
0.27969852
0.28557347
0.27374627
0.27447288
0.26428985
0.2730213
0.27638218
0.25609163
0.25874951
0.25861744
0.23249701
0.26393941
0.27015046
0.25061556
0.26541266
0.28532118
0.29471444
0.24502585
0.23237555
0.25113239
0.22755559
0.26013316
0.21289653
0.2849394
0.27271381
0.27798252
0.26339567
0.21671931
0.29771275
0.30793729
0.30814403
0.28351959
0.31442036
0.30429661
0.26604665
0.25284026
0.2925152
0.31139548
0.32072738
0.27501406
0.29584289
0.30163419
0.31638048
0.26113043
0.28969764
0.31046546
0.29522272
0.25598087
0.27513696
0.30569031
0.31555484
0.26600029
0.27519544
0.29784011
0.30053669
0.26845948
0.27884448
0.3079699
0.28332117
0.27392061
0.27596425
0.30001152
0.30784737
0.2723517
0.26336535
0.28637626
0.273397
0.28788977
0.26015203
0.24502917
0.28583711
0.28153933
0.26477497
0.27530556
0.28335721
0.29713153
0.27028708
0.2740119
0.25307834
0.25465777
0.25733077
0.23016058
0.26143512
0.26805799
0.24845086
0.26212425
0.28211408
0.28971399
0
0
0
0
0
0
0
0
0
0
0
0
0.26501679
0.26143908
0.24987761
0.30032012
0.34774862
0.30349201
0.24533004
0.29150058
0.26539981
0.31398135
0.28155472
0.314502
0.27805902
0.32947278
0.32895695
0.31845247
0.29455185
0.28315611
0.32290883
0.28753596
0.28451656
0.27810033
0.3366168
0.31698499
0.28495466
0.28871719
0.28324645
0.34416719
0.2989608
0.30049299
0.2854068
0.30805334
0.29312028
0.34954481
0.2793336
0.31647312
0.28033364
0.32726343
0.28195567
0.29692478
0.24005341
0.25677205
0.2670992
0.25647336
0.27436096
0.26625755
0.27864641
0.27129277
0.23244903
0.23663091
0.27078464
0.26406322
0.27594074
0.28378292
0.27310004
0.28139416
0.26569398
0.30519805
0.29627553
0.2749619
0.27110197
0.27654882
0.25890687
0.26525981
0.24894149
0.29036022
0.24917808
0.24018209
0.2383346
0.28458764
0.29104267
0.28337537
0.34402739
0.30993176
0.30806029
0.33164768
0.28031337
0.28747575
0.29211316
0.28857396
0.29171401
0.29008847
0.27814894
0.29172993
0.31116983
0.27538136
0.26118051
0.28882462
0.29389576
0.32043612
0.2692315
0.31026858
0.30893732
0.29678833
0.29631148
0.29537689
0.2786304
0.28688965
0.29930904
0.27257718
0.25315005
0.29537064
0.2945716
0.25885813
0.30378126
0.33278526
0.30796706
0.29215076
0.29819969
0.29003904
0.27683201
0.30739857
0.27034959
0.25845112
0.25558395
0.27770723
0.28284422
0.27535938
0.29373582
0.33170681
0.31831415
0.27722819
0.3126054
0.29468285
0.27989001
0.29521419
0.25488452
0.25279621
0.27937662
0.26070546
0.27431887
0.27799432
0.31234491
0.33961426
0.25813504
0.31486309
0.28022995
0.31759893
0.28291489
0.2864969
0.23903439
0.28112096
0.28235146
0.24804295
0.25534994
0.29858426
0.34198639
0.23806141
0.31472501
0.28862516
0.32170086
0.29049208
0.26155653
0.23590645
0.26887745
0.27147025
0.24181483
0.24181692
0.2783543
0.32878794
0.21988576
0.31780263
0.31102974
0.2910659
0.29660356
0.28708142
0.25513607
0.30412267
0.29995588
0.2640117
0.25044158
0.21330053
0.27258824
0.33570835
0.20954689
0.33103991
0.2993262
0.29247693
0.26455181
0.25168262
0.25182375
0.27272541
0.28240954
0.26850904
0.24097142
0.27884459
0.34065224
0.33589897
0.30410497
0.29640085
0.26960319
0.25167325
0.25162098
0.27228095
0.28121629
0.26789319
0
0
0
0
0
0
0
0
0
0
0
0
0
0
0
0
0
0
0
0
0
0
0
0
0
0
0
0
0
0
0
0
0
0
0
0
0
0
0
0
0
0
0
0
0
0
0
0
0
0
0
0
0
0
0
0
0
0
0
0
0
0
0
0
0
0
0
0
0
0
0
0
0
0
0
0
0
0
0
0.3235994
0.31586631
0.33313681
0.34342367
0.35870591
0.33545668
0.35634639
0.33210592
0.35310591
0.33418906
0.3191855
0.34167969
0.36590681
0.31341709
0.3431688
0.30723239
0.2799982
0.28921804
0.26913942
0.34751463
0.26817372
0.25800466
0.33535113
0.25191769
0.27774123
0.23968187
0.24581974
0.3017773
0.26906203
0.25338804
0.30133278
0.23501806
0.25382323
0.22736523
0.27363645
0.24121455
0.22859648
0.22289343
0.25172421
0.23854315
0.23574402
0.22915702
0.28504378
0.24030264
0.23655211
0.30013023
0.26237193
0.24567722
0.24016708
0.30865259
0.24774502
0.33834099
0.33488198
0.30148888
0.28546436
0.25259451
0.26222769
0.27793978
0.29769931
0.29615688
0.32463361
0.31234498
0.3211549
0.31836305
0.26220652
0.30820042
0.29156128
0.29317581
0.25126417
0.26120239
0.29974184
0.29808321
0.3178403
0.29306647
0.303292
0.3031323
0.26579151
0.28075044
0.31238642
0.30168819
0.26021971
0.24625782
0.28826514
0.30885651
0.31766065
0.32848579
0.34806269
0.33723867
0.3451372
0.33792038
0.34882355
0.36321315
0.34220522
0.27411955
0.26903384
0.34516049
0.33920105
0.33187268
0.35162926
0.33920481
0.35327689
0.3359014
0.35168676
0.3341291
0.34309512
0.327008
0.31174398
0.31412336
0.31577514
0.31361264
0.30015409
0.32226227
0.32672093
0.33938248
0.34250709
0.32889271
0.33048304
0.34381521
0.34554898
0.34350571
0.32469433
0.33048873
0.34587598
0.33915602
0.34636593
0.31351349
0.33918605
0.33506479
0.33104755
0.32046629
0.30465576
0.31711729
0.31495562
0.29951656
0.3083999
0.3256792
0.32667877
0.35223261
0.33960058
0.32002435
0.32941774
0.34965483
0.33738778
0.34187853
0.32854142
0.33141043
0.33373304
0.33092544
0.33554075
0.31449002
0.34391016
0.33443605
0.32567983
0.32707243
0.30454382
0.3158817
0.31652413
0.3132249
0.309708
0.32120959
0.32693775
0.34745034
0.33420403
0.31826252
0.32414123
0.34320192
0.31299553
0.33164962
0.33617534
0.32885846
0.32131375
0.33072315
0.32217057
0.32638639
0.30095089
0.33953756
0.32488048
0.32395233
0.32420387
0.30788201
0.31632962
0.31140231
0.3017133
0.3185981
0.30978097
0.33189292
0.34215387
0.31899575
0.31547798
0.32724983
0.3450746
0.30013678
0.31196846
0.32648149
0.32347788
0.31655502
0.32230145
0.30811949
0.31645048
0.29831739
0.33140021
0.33259095
0.31365425
0.31609493
0.30259738
0.32492904
0.31046967
0.30787508
0.31788136
0.30454658
0.32541528
0.33098845
0.31642629
0.31478634
0.31954294
0.32835814
0.29094238
0.27736331
0.29865605
0.33002338
0.31517258
0.31126001
0.31979676
0.30079929
0.30246334
0.28499323
0.32845006
0.31805247
0.31261566
0.31925512
0.3165445
0.31760845
0.29669515
0.31446611
0.30580061
0.30063443
0.33981112
0.30907589
0.31249784
0.31294767
0.31004386
0.32934603
0.27776692
0.25916572
0.27710124
0.32026196
0.31336351
0.30676099
0.3102964
0.27999582
0.28557029
0.27234047
0.3160697
0.30214378
0.29718037
0.31537246
0.3092755
0.31712586
0.29705961
0.31830795
0.3037132
0.30140492
0.32259828
0.30209944
0.30895578
0.30859961
0.30176617
0.31091541
0.27950861
0.2525042
0.24325827
0.29579914
0.31306866
0.30211916
0.29449264
0.30116424
0.27903195
0.27167618
0.26761362
0.30323954
0.29039983
0.301304
0.31756477
0.30932269
0.29074057
0.30711536
0.30975534
0.30335862
0.29732617
0.30110317
0.29193535
0.31377604
0.29311639
0.2990322
0.27637386
0.24067193
0.23668886
0.28761584
0.29267605
0.28780602
0.28052194
0.26967152
0.28442968
0.25979735
0.25785313
0.28813705
0.2877237
0.29796673
0.3164472
0.30531959
0.28149412
0.28757652
0.31121389
0.31121483
0.27967567
0.28178677
0.28576542
0.29450863
0.28460677
0.2865736
0.31381172
0.30014779
0.3018482
0.33476789
0.29270832
0.31160571
0.32467773
0.30983282
0.30681516
0.31497231
0.3164306
0.29859445
0.28076726
0.32059025
0.30785356
0.28830202
0.2755244
0.29089159
0.26837347
0.25208677
0.25991946
0.29026278
0.26994093
0.27238229
0.31383308
0.25000967
0.25068844
0.3295335
0.31958516
0.29476116
0.28829329
0.28816962
0.26379014
0.29029249
0.27856316
0.26484193
0.32393899
0.33525907
0.32404612
0.31989362
0.33349336
0.31370704
0.31774761
0.27095863
0.25403782
0.24691582
0.25066869
0.31892721
0.33215485
0.33186406
0.33323937
0.33479491
0.30148527
0.3171832
0.27562129
0.27353848
0.26461321
0.31043902
0.33564365
0.33127561
0.320536
0.29727216
0.31066172
0.32630731
0.30270018
0.28539571
0.27444445
0.32958223
0.32792108
0.29870074
0.28198803
0.27628769
0.30538027
0.30455892
0.28162193
0.27245643
0.26380228
0.30500449
0.31020059
0.28581766
0.26999678
0.27441681
0.28139168
0.30599249
0.27529539
0.26335309
0.29204663
0.28882345
0.28440407
0.28881844
0.27438818
0.2765414
0.29656444
0.27385669
0.25805279
0.2516148
0.26255969
0.258957
0.27795583
0.28413637
0.27189954
0.2712851
0.26322776
0.22817797
0.24773425
0.22452296
0.25689688
0.28325631
0.27166858
0.27646507
0.26294536
0.28013892
0.25548656
0.2409919
0.26588904
0.25977064
0.23732221
0.26030823
0.259293
0.24527937
0.26840725
0.28736261
0.20255352
0.20805048
0.22009802
0.21902522
0.21120812
0.27519198
0.19804831
0.27250497
0.26844438
0.27830712
0.25648586
0.23565013
0.27067265
0.29239004
0.29819509
0.31259721
0.25997772
0.28759481
0.30894607
0.29294361
0.2509656
0.27197115
0.30267067
0.31285138
0.26290732
0.27251863
0.29509746
0.29711124
0.26790797
0.2779772
0.30586789
0.28176324
0.27243254
0.27313618
0.29668346
0.30401401
0.27030817
0.26067506
0.28424837
0.2707912
0.28349947
0.25910145
0.2438633
0.28447653
0.27970335
0.26269518
0.27287611
0.2813673
0.29352175
0.26771121
0.27194573
0.25060727
0.25134961
0.25671226
0.22800531
0.25937388
0.26649234
0.24671804
0.25937987
0.27936537
0.28548346
0.27775042
0.25182571
0.23761447
0.26069256
0.25746089
0.23403153
0.2572847
0.25656982
0.24245642
0.2653261
0.283077
0
0
0
0
0
0
0
0
0
0
0
0
0.26360176
0.2434015
0.2883075
0.35255505
0.30297676
0.22807899
0.27756853
0.28927636
0.2490972
0.30560499
0.26572617
0.30343564
0.26730289
0.33486942
0.3197022
0.27602118
0.30091569
0.27455106
0.31437212
0.27057648
0.33323087
0.31298565
0.27560877
0.32886932
0.27887255
0.31636974
0.31111686
0.33250505
0.27013118
0.3019776
0.27244476
0.32579293
0.26906127
0.26042058
0.2739082
0.23233335
0.26565546
0.27294287
0.24787404
0.24052677
0.27355982
0.25574173
0.251581
0.22537911
0.27453454
0.25547663
0.25617654
0.24680817
0.27706735
0.26495506
0.26848448
0.25215467
0.281404
0.30251012
0.26103939
0.26628651
0.2656789
0.25844002
0.25442317
0.25246534
0.23983724
0.26733032
0.23279632
0.22971399
0.22267057
0.2698199
0.27542029
0.28772193
0.31571069
0.26220629
0.30054749
0.29705586
0.2849753
0.28377589
0.28453565
0.26677562
0.27664425
0.29214247
0.26458982
0.2455539
0.28608648
0.28810272
0.25146859
0.29594818
0.32656193
0.29998538
0.28360255
0.29050698
0.28139757
0.26832098
0.29963547
0.2635248
0.25162505
0.24858841
0.27110645
0.27664006
0.26895355
0.28839909
0.32675452
0.31381429
0.27126555
0.30759057
0.28977946
0.27429245
0.28834161
0.24913038
0.24837914
0.27647058
0.2544649
0.26974398
0.27160306
0.30704477
0.33613919
0.25269311
0.31117349
0.27661889
0.31399749
0.27841563
0.27715749
0.23418518
0.2795809
0.28049817
0.24262635
0.2517891
0.29373456
0.33841621
0.23526635
0.31183595
0.28599369
0.31744091
0.28588012
0.2548547
0.2324652
0.26792205
0.27028231
0.23734642
0.23706416
0.27463763
0.32667989
0.21691591
0.31504375
0.3087918
0.28744338
0.29097402
0.28163077
0.25415849
0.30383592
0.30052165
0.26289052
0.24730864
0.21061786
0.26769251
0.33191665
0.20677279
0.32722842
0.29551441
0.28921905
0.26059862
0.24852222
0.25083561
0.27175048
0.2818654
0.26769998
0.23787312
0.19571894
0.23317893
0.29552597
0.19933601
0.3162429
0.27667332
0.30178023
0.2810655
0.28702537
0.25657435
0.23802803
0.24521764
0.28433156
0.25466353
0.280009
0.30083727
0.32235923
0.27930863
0.30452924
0.28349562
0.27824695
0.25967751
0.23860783
0.2453923
0.28180939
0.25508575
0.27960736
0
0
0
0
0
0
0
0
0
0
0
0
0
0
0
0
0
0
0
0
0
0
0
0
0
0
0
0
0
0
0
0
0
0
0
0
0
0
0
0
0
0
0
0
0
0
0
0
0
0
0
0
0
0
0
0
0
0
0
0
0
0
0
0
0
0
0
0
0
0
0
0
0
0
0
0
0
0
0
0
0
0.32346677
0.33264106
0.32883894
0.35115296
0.32725054
0.34994795
0.33063067
0.32546178
0.30084808
0.32841488
0.35159833
0.30537041
0.3135446
0.34264945
0.30871141
0.25624232
0.24790721
0.33102287
0.24488171
0.23781879
0.32542994
0.25123924
0.22049793
0.23730252
0.23771312
0.23114568
0.27337954
0.2715422
0.25298151
0.24462728
0.29605834
0.2322314
0.22158064
0.21380715
0.25190395
0.22487632
0.21749218
0.21600624
0.26874286
0.235029
0.22804901
0.22753634
0.28724094
0.23331277
0.28488996
0.25347771
0.24130119
0.2313702
0.23485998
0.31557892
0.30685715
0.31409345
0.30954102
0.2544737
0.30285388
0.2823886
0.28526921
0.2384521
0.25086683
0.29298193
0.28971681
0.31245585
0.28687057
0.29679976
0.29569443
0.26341616
0.27634255
0.30885756
0.29742353
0.25157995
0.23802427
0.28262263
0.30513126
0.31305052
0.26462527
0.28759885
0.29334376
0.30749123
0.26270032
0.2584029
0.28438318
0.30674837
0.28980884
0.24432268
0.26759519
0.29868547
0.30909535
0.34770152
0.34306365
0.33622499
0.35065355
0.34249099
0.31987149
0.25302953
0.34243465
0.34436547
0.32995328
0.33162675
0.34251214
0.33837408
0.34228452
0.30376879
0.32702185
0.32259132
0.32076248
0.30941427
0.29485225
0.30985549
0.30736229
0.29059525
0.30083712
0.31760968
0.31728919
0.34536111
0.33132077
0.31160866
0.32283158
0.34295773
0.33080593
0.33923415
0.32983394
0.32759657
0.32950885
0.3261808
0.33149039
0.30689644
0.33765055
0.32447977
0.31584202
0.32007142
0.29805392
0.31066813
0.31178864
0.30779192
0.30549091
0.31656751
0.32160466
0.34234161
0.32912716
0.31177044
0.31826607
0.33814975
0.30513573
0.32491276
0.3333582
0.32570473
0.31533003
0.32501425
0.31666392
0.32215366
0.29540008
0.33307332
0.31689265
0.31617615
0.31795942
0.30328011
0.31285984
0.307423
0.29694372
0.31533085
0.30640804
0.32814474
0.33833953
0.31431888
0.31074004
0.32240451
0.3414602
0.29306604
0.30580557
0.32243507
0.32185951
0.31175348
0.31665288
0.30267853
0.31265709
0.29492719
0.32626888
0.32813633
0.30855956
0.31103619
0.29916615
0.32308967
0.30763973
0.30576767
0.31535514
0.3019545
0.32215916
0.32861208
0.31304201
0.31142968
0.31587391
0.32529745
0.28456051
0.2715833
0.29353636
0.32761842
0.3115995
0.30599119
0.31533358
0.29468223
0.2985965
0.28213683
0.32434729
0.31315853
0.30810226
0.31579716
0.31472991
0.31552773
0.29425372
0.31275164
0.30353691
0.29835159
0.33685043
0.30639126
0.3103235
0.3100621
0.306959
0.3264845
0.27369548
0.25397012
0.27265461
0.31628074
0.31109751
0.3027508
0.30693822
0.27547409
0.28146041
0.27034299
0.31281398
0.29850373
0.2930287
0.31225792
0.30653801
0.31493702
0.29489385
0.31668597
0.30168658
0.29949943
0.32012777
0.29963784
0.30738303
0.30634548
0.29920675
0.30878392
0.27523677
0.24852503
0.23887912
0.29119467
0.3095522
0.2982461
0.29084277
0.29739051
0.27307951
0.26858618
0.26549236
0.29911942
0.28654965
0.29750362
0.31530837
0.30664479
0.2876832
0.30425121
0.30730678
0.30127618
0.29437783
0.29790743
0.28989091
0.31124729
0.29055019
0.2962772
0.27021526
0.23674231
0.2323559
0.28130969
0.2865229
0.28279373
0.27633122
0.265418
0.27902717
0.25601133
0.25486496
0.28288677
0.28335518
0.29372356
0.31470526
0.30243321
0.27746219
0.28334192
0.30884029
0.30775168
0.27616296
0.27804785
0.2831954
0.29104656
0.28157862
0.28482629
0.27424473
0.24041332
0.22841848
0.26425341
0.28159264
0.25833848
0.25156442
0.24343829
0.24688537
0.26775205
0.24534145
0.26793039
0.28695328
0.2713148
0.29717714
0.31233819
0.28407415
0.26620535
0.2947336
0.30848999
0.29219178
0.26456823
0.25835714
0.28126455
0.24887001
0.2518078
0.2873734
0.2943922
0.28013638
0.32494027
0.32118987
0.28045119
0.27402291
0.2995979
0.2951053
0.28667028
0.27575722
0.33025952
0.28960956
0.26433089
0.25286174
0.30507194
0.30917652
0.27908252
0.25787289
0.24381709
0.25766893
0.25641686
0.23760499
0.23849061
0.25962228
0.29280848
0.2343064
0.27475902
0.23165829
0.27766752
0.26123367
0.26844921
0.24529973
0.23770553
0.2747509
0.25326003
0.24852388
0.30612892
0.32437544
0.32861679
0.32508463
0.33064711
0.29313268
0.31284752
0.26547067
0.26129924
0.25688944
0.30081019
0.3309184
0.32612049
0.31626535
0.28935192
0.30660813
0.32327981
0.29762776
0.2799353
0.27112001
0.3254937
0.32477692
0.29526125
0.27434863
0.27300245
0.30229977
0.30134628
0.27846858
0.2706988
0.29972041
0.30750016
0.28340835
0.26699538
0.27134274
0.2790916
0.30406414
0.27349065
0.26197887
0.28775245
0.28368159
0.28217942
0.28727098
0.27198901
0.27449937
0.2938409
0.27239719
0.25678091
0.24827386
0.25987449
0.256517
0.276056
0.28268318
0.26988065
0.26787738
0.26198872
0.22483996
0.24523069
0.22239534
0.25433524
0.28176802
0.2701097
0.27422104
0.26209431
0.20492702
0.2174039
0.21684871
0.20749382
0.27275636
0.27068486
0.267802
0.27725779
0.25504799
0.27039122
0.23280898
0.23701192
0.26729778
0.1454682
0.24329152
0.22157431
0.24145838
0.23610279
0.27114014
0.2880546
0.18341597
0.203869
0.14245899
0.12317251
0.14219294
0.23069382
0.20994436
0.26020408
0.27189158
0.28407639
0.19991658
0.25765424
0.25854109
0.26906297
0.29150673
0.29276478
0.26728595
0.27691414
0.30352988
0.27966825
0.27014951
0.26940164
0.29234761
0.29904925
0.2676368
0.2572548
0.28168947
0.26750772
0.2780968
0.25796433
0.24236885
0.2824401
0.27744807
0.26010431
0.26972029
0.27885311
0.2892718
0.26561588
0.2696005
0.24808277
0.24792569
0.25592715
0.225676
0.25699521
0.2648118
0.24492584
0.25648868
0.27644867
0.28111621
0.2757231
0.24878166
0.23494004
0.25653231
0.25710002
0.23102471
0.25475025
0.25424443
0.24013664
0.26280049
0.27945437
0.26829953
0.22985889
0.23390528
0.26300554
0.14817605
0.2408518
0.22162091
0.23919258
0.23394442
0.26806122
0.28390715
0
0
0
0
0
0
0
0
0
0
0
0
0.23352235
0.22815035
0.34276202
0.29313031
0.21886395
0.22275476
0.21512395
0.28828921
0.2229238
0.29114187
0.23215789
0.24740915
0.30154411
0.24786913
0.30159832
0.32569654
0.31085969
0.26259829
0.28983304
0.26365067
0.25444385
0.30024179
0.26127387
0.26314309
0.25670179
0.32219103
0.24816514
0.30862968
0.26598607
0.26952468
0.25856457
0.33059591
0.270165
0.30611381
0.2962238
0.30636095
0.25651794
0.28087665
0.26187832
0.30973707
0.25065359
0.25526141
0.2114686
0.28551912
0.23011021
0.27880281
0.23933978
0.24270585
0.26901258
0.21957105
0.21107274
0.26593582
0.23959661
0.27021061
0.25516865
0.23792837
0.24972519
0.22656821
0.26287506
0.28337012
0.24896238
0.25518837
0.25354358
0.24485433
0.23801846
0.24361008
0.23062687
0.23160717
0.22434883
0.25191397
0.22654002
0.21733022
0.21445502
0.27395992
0.26342597
0.28041773
0.24295273
0.28537578
0.3171393
0.28744549
0.27299548
0.27888501
0.26870543
0.25615751
0.28960817
0.25502149
0.24270323
0.23983994
0.26264675
0.26879836
0.26004076
0.28156384
0.3200379
0.30688251
0.26355907
0.30035889
0.28229872
0.265508
0.27917968
0.24167317
0.24223303
0.27128158
0.24677164
0.26364633
0.26397335
0.30028558
0.33134772
0.24596412
0.30593487
0.27101372
0.30852416
0.27181231
0.26533264
0.22775932
0.27716243
0.27725301
0.23607527
0.24631895
0.28754498
0.33363239
0.23120059
0.30766014
0.28227242
0.31134758
0.27955629
0.24510189
0.22780513
0.26651779
0.26868846
0.23188401
0.23170947
0.27004352
0.32435118
0.21335653
0.31137929
0.30582641
0.28347696
0.28405998
0.27442145
0.2528527
0.30279548
0.30045839
0.26154305
0.24326103
0.20776472
0.26287859
0.32820598
0.20389593
0.32336045
0.29152087
0.28638952
0.25641815
0.24583816
0.25015843
0.27041917
0.28098618
0.26669481
0.23452328
0.1938041
0.23141489
0.29202207
0.19646412
0.3112814
0.27250588
0.29973317
0.27898655
0.29082142
0.25247943
0.23698055
0.24444315
0.28523599
0.25336321
0.27935235
0.20802259
0.25647484
0.3100736
0.17999411
0.30891195
0.17263889
0.20720751
0.22384596
0.089528372
0.2534528
0.19899697
0.18865174
0.23419406
0.26949471
0.31550551
0.29974429
0.15551574
0.18899939
0.21110685
0.08278659
0.25501936
0.19236007
0.17138522
0.22353046
0.27074167
0
0
0
0
0
0
0
0
0
0
0
0
0
0
0
0
0
0
0
0
0
0
0
0
0
0
0
0
0
0
0
0
0
0
0
0
0
0
0
0
0
0
0
0
0
0
0
0
0
0
0
0
0
0
0
0
0
0
0
0
0
0
0
0
0
0
0
0
0
0
0
0
0
0
0
0
0
0
0
0.31915544
0.32052933
0.34552804
0.32578259
0.32155676
0.28105257
0.28938455
0.33472819
0.33446728
0.29944214
0.29420424
0.33604451
0.23736298
0.23428326
0.29989417
0.30479096
0.24352142
0.23345905
0.22541171
0.29762042
0.21134789
0.22911497
0.20132315
0.22267535
0.27211195
0.220299
0.20939581
0.26742089
0.24238137
0.23075002
0.22228721
0.24173609
0.29552589
0.21301357
0.20604833
0.23956298
0.21151304
0.21020134
0.20414391
0.28237654
0.22216346
0.22158231
0.21528482
0.27611435
0.22493539
0.22016267
0.30337192
0.22239797
0.22874945
0.2171929
0.27825795
0.28736274
0.28435347
0.25851626
0.26919769
0.30304305
0.29028169
0.2388642
0.22730229
0.27459876
0.2993638
0.30603926
0.25660058
0.2808575
0.28607458
0.30053793
0.261107
0.25571001
0.27901952
0.30341461
0.28518557
0.23534033
0.2609772
0.29321873
0.30387954
0.25254015
0.26418452
0.28692994
0.28723671
0.26026424
0.26645414
0.27529863
0.30036587
0.27665696
0.26656329
0.26438076
0.28710539
0.29279771
0.33919525
0.32978479
0.32789152
0.33496863
0.3098121
0.3222818
0.33464027
0.32745486
0.31957039
0.32165215
0.31941709
0.32499832
0.29537829
0.32857953
0.31047384
0.30217475
0.31025613
0.28852135
0.30352257
0.30528688
0.29957814
0.29946875
0.31019116
0.31346448
0.33529782
0.32152573
0.30220614
0.31026757
0.33125232
0.29574249
0.31634045
0.32888372
0.31929054
0.30606103
0.31659841
0.30933872
0.31610819
0.28724589
0.32397473
0.30565693
0.30542663
0.30875941
0.29657559
0.30800564
0.30170104
0.29007101
0.31065064
0.30177861
0.32303185
0.33280478
0.30743981
0.30390347
0.31557155
0.33643445
0.28438789
0.29793062
0.3167749
0.31847403
0.30452905
0.30877087
0.29561231
0.30768905
0.28988942
0.31912248
0.32147496
0.3013638
0.30417295
0.29445131
0.32045035
0.30369974
0.30304104
0.31198603
0.29841446
0.31781784
0.32524242
0.30829632
0.30679012
0.31083512
0.32104992
0.27743451
0.26478303
0.28721174
0.3237802
0.30635038
0.2987632
0.30910175
0.28751574
0.29330921
0.27837274
0.31901495
0.30677216
0.30221816
0.31188253
0.31244611
0.31285468
0.29096985
0.31072559
0.30054181
0.29530495
0.33300232
0.30284637
0.30740241
0.30621216
0.30287801
0.32271135
0.26843771
0.24787002
0.26741434
0.31144411
0.30805612
0.29762714
0.30277363
0.26949607
0.27645612
0.26800777
0.30888513
0.29408124
0.28847626
0.30886886
0.30344873
0.31248116
0.29231658
0.31499232
0.29928131
0.29719565
0.31721296
0.29664375
0.30537642
0.3035581
0.29601356
0.30616704
0.27034427
0.24401854
0.2339187
0.28631413
0.30551376
0.29392051
0.28652238
0.29324887
0.26703215
0.26567045
0.26337233
0.29480558
0.2828664
0.29402369
0.31278043
0.30407853
0.28464999
0.301396
0.30493747
0.29918406
0.29140531
0.29481169
0.28761419
0.3084844
0.28796293
0.29356415
0.26505212
0.23338794
0.22867077
0.27589856
0.2811512
0.27834755
0.27264725
0.26210907
0.27414632
0.2530223
0.25246054
0.27855579
0.2799583
0.28959519
0.31252736
0.29982639
0.27409268
0.28010656
0.30676536
0.3049927
0.27360637
0.27526538
0.280889
0.28785373
0.27890774
0.28327066
0.26822617
0.23560026
0.22460044
0.25659775
0.27543042
0.25350788
0.24691112
0.23977497
0.24287807
0.26270422
0.24165683
0.26476857
0.28306511
0.26700617
0.29379826
0.31053362
0.28031272
0.26110199
0.29112174
0.30499411
0.2889584
0.26081246
0.25596537
0.27601431
0.24568992
0.24910413
0.26914107
0.23672011
0.24038605
0.27106912
0.27691681
0.2323938
0.2191398
0.22111714
0.23704623
0.26239012
0.24455874
0.26702911
0.27628377
0.27234725
0.29277167
0.30910172
0.28394474
0.26949612
0.26692143
0.29691138
0.30027286
0.25265002
0.24408177
0.25465642
0.22795187
0.22984607
0.27834013
0.26244191
0.2662646
0.31196538
0.25776342
0.32365781
0.27197942
0.2602402
0.24403614
0.3144557
0.27823811
0.2624987
0.25441872
0.32484841
0.26248286
0.24203773
0.23933752
0.22862036
0.28045367
0.3068667
0.23872449
0.22740689
0.25205482
0.22576551
0.213661
0.24438638
0.24345197
0.22316362
0.22250873
0.26172569
0.21267633
0.24138635
0.23004833
0.21764909
0.24336746
0.23267543
0.22254899
0.28888128
0.32381645
0.31751
0.30980725
0.2792132
0.30135876
0.31867958
0.29014194
0.27023322
0.26462971
0.31978988
0.3201729
0.29006037
0.26482587
0.26822938
0.29804637
0.29693202
0.27332375
0.26831009
0.29309547
0.30348675
0.27985095
0.26234653
0.26721759
0.27611054
0.30161133
0.27132307
0.28240424
0.27744369
0.27931302
0.28515843
0.26912395
0.27219666
0.29078994
0.27083823
0.25537181
0.24376349
0.25629804
0.25379789
0.27358442
0.28085262
0.26783372
0.26443883
0.26059682
0.22121622
0.24252212
0.21971697
0.25075433
0.28013057
0.26822514
0.27142893
0.26102523
0.20231384
0.2156493
0.21470543
0.20492715
0.27090553
0.26825105
0.26682154
0.27591537
0.25427365
0.19689694
0.14272921
0.12502225
0.14769802
0.232537
0.26375665
0.27018183
0.28262842
0.20336285
0.25765939
0.23900476
0.25575014
0.27836405
0.050569362
0.11996002
0.19879861
0.16299434
0.20446821
0.26625162
0.19654816
0.17760581
0.038860165
0.036036438
0.045218409
0.046016238
0.049866565
0.23066139
0.094106282
0.12218637
0.12881123
0.035196534
0.28270546
0.26341891
0.25221147
0.2783278
0.2634664
0.27137916
0.25662303
0.24035261
0.27978114
0.27452232
0.25668354
0.26493069
0.27554999
0.28375293
0.26329176
0.2667698
0.2447443
0.24362036
0.25493218
0.22289841
0.25445368
0.26265281
0.24257722
0.25285332
0.27290395
0.2759505
0.27353084
0.24564366
0.23231753
0.25226925
0.25606469
0.22784167
0.25195598
0.25183075
0.2376914
0.26013328
0.27582321
0.2665066
0.22772941
0.23146236
0.25976625
0.15008018
0.23842416
0.22101239
0.23701719
0.23204597
0.26528598
0.28026113
0.25338379
0.23544323
0.25356275
0.28080225
0.052017639
0.12764498
0.2040105
0.16626933
0.2154697
0.2740039
0
0
0
0
0
0
0
0
0
0
0
0
0.33931958
0.29767637
0.208169
0.28039192
0.26802546
0.2161883
0.29312157
0.23210884
0.28659016
0.2394039
0.30633499
0.31150224
0.24872519
0.28375062
0.24892227
0.27940375
0.24750712
0.29284134
0.24847683
0.3200952
0.28457084
0.24768926
0.29610556
0.29754624
0.29709365
0.29197646
0.24665799
0.27254798
0.25262323
0.23982375
0.23255063
0.23417632
0.20651928
0.27079159
0.3021342
0.22410659
0.26859283
0.23644402
0.2035736
0.19829769
0.26005139
0.23238157
0.23321375
0.26279706
0.23290123
0.23914844
0.21677015
0.24042912
0.27774506
0.2329032
0.2458616
0.24140184
0.23347097
0.23291344
0.23716778
0.23032385
0.22945409
0.22320827
0.21737488
0.25169278
0.21041813
0.20607224
0.19840773
0.25215973
0.25906734
0.24859729
0.27239301
0.31054537
0.2951367
0.25369551
0.28888217
0.2704329
0.25240369
0.26662432
0.23204145
0.23383624
0.26204117
0.23709105
0.25554403
0.25476634
0.29140758
0.32467152
0.23787359
0.29861532
0.26202545
0.30041206
0.26177714
0.25116854
0.21985965
0.27274904
0.27097884
0.22793213
0.23972002
0.27972917
0.32757339
0.22550978
0.30192013
0.27657362
0.30326378
0.26959117
0.23393213
0.22199281
0.26440058
0.26624503
0.22522624
0.22484434
0.26288832
0.32159929
0.20894331
0.30606236
0.30128845
0.27795221
0.27538748
0.26504929
0.25097178
0.3009536
0.29991038
0.25973302
0.23817308
0.20440614
0.2575033
0.32369567
0.20044558
0.31847072
0.28629728
0.28326613
0.25121843
0.2423355
0.24904315
0.26859229
0.27944427
0.26537705
0.23005723
0.19172726
0.22962468
0.28907637
0.19351506
0.30613934
0.26766943
0.29775608
0.27730547
0.29001726
0.24887694
0.23617437
0.24320915
0.28563672
0.25152015
0.27868358
0.2065683
0.25563643
0.30625075
0.17711853
0.31182
0.18694012
0.2207238
0.23414692
0.10267679
0.25225221
0.20507264
0.21171115
0.24300495
0.26854404
0.19434715
0.22916858
0.28257188
0.098568345
0.040072758
0.046640544
0.044941487
0.049438719
0.042273346
0.21145432
0.048066079
0.052063642
0.050631472
0.049551093
0.23731598
0.090554196
0.039649935
0.045306263
0.044073398
0.048382837
0.041594795
0.21005013
0.047801552
0.051410841
0.050161945
0.050127976
0.23864524
0
0
0
0
0
0
0
0
0
0
0
0
0
0
0
0
0
0
0
0
0
0
0
0
0
0
0
0
0
0
0
0
0
0
0
0
0
0
0
0
0
0
0
0
0
0
0
0
0
0
0
0
0
0
0
0
0
0
0
0
0
0
0
0
0
0
0
0
0
0
0
0
0
0
0
0
0
0
0
0.31080616
0.3191263
0.31639125
0.27593612
0.27856647
0.31529046
0.31030049
0.29436692
0.31136358
0.2187664
0.23385661
0.21212628
0.24109308
0.26695117
0.27436019
0.22322412
0.21050164
0.20133037
0.26763443
0.21203105
0.18599701
0.20097696
0.22128195
0.19904869
0.27944226
0.22135355
0.20408489
0.2942163
0.22535184
0.21342946
0.2079742
0.20469069
0.24935083
0.258646
0.19656217
0.19745644
0.18975003
0.21301599
0.20866951
0.20183515
0.20578026
0.26319503
0.22175032
0.21196701
0.28933836
0.21493706
0.21288859
0.29494487
0.2184943
0.21133251
0.24630151
0.27195783
0.27477428
0.29085503
0.25860704
0.25053718
0.27054303
0.29827119
0.27817917
0.22227043
0.24935273
0.2856788
0.29640626
0.24422884
0.25709824
0.28092027
0.27985251
0.25788357
0.26508815
0.2727731
0.29567113
0.27202031
0.2608272
0.25757529
0.28046909
0.28482483
0.25684163
0.24494387
0.27375666
0.25846549
0.26352029
0.25366016
0.25488827
0.23759511
0.27625157
0.2708138
0.25201156
0.25831597
0.27114724
0.2768211
0.3264864
0.3193402
0.30629271
0.3098756
0.31598918
0.28458834
0.30577707
0.3219192
0.30726265
0.29208259
0.30481405
0.29978241
0.30716883
0.27508639
0.31052748
0.28950052
0.29090529
0.29606398
0.28691107
0.30082607
0.29339254
0.28059411
0.30363117
0.29533736
0.31596136
0.32432218
0.29723511
0.29359115
0.30576799
0.32952592
0.27386973
0.28824106
0.3092855
0.31234417
0.29390262
0.29774805
0.28668839
0.30119003
0.28232481
0.30905879
0.31163866
0.29160402
0.29428856
0.28763471
0.31632168
0.29813753
0.29926373
0.30738323
0.29352832
0.3119497
0.32035322
0.30133024
0.30011867
0.30375687
0.31515388
0.26877337
0.2564387
0.27941892
0.31788369
0.29862013
0.28929038
0.30070542
0.27893935
0.28628788
0.27329277
0.31175618
0.29841945
0.29392456
0.30704707
0.3093296
0.30904094
0.28639511
0.30813382
0.29645894
0.29110338
0.32781768
0.29796095
0.30326317
0.30088217
0.29730619
0.31759025
0.26204109
0.24054686
0.26132105
0.30524082
0.30359225
0.2907939
0.29729515
0.26192086
0.26968508
0.26502053
0.30381613
0.28850855
0.28258352
0.30503448
0.29956144
0.309426
0.28889054
0.31302221
0.29614975
0.29415475
0.31334161
0.29267252
0.30284271
0.2998305
0.2917229
0.30266905
0.26396854
0.23849299
0.22830319
0.28045569
0.30020902
0.28878792
0.28122954
0.28824369
0.25981726
0.26228381
0.26089459
0.28935089
0.27850577
0.29038591
0.31007065
0.30125284
0.28108299
0.29784019
0.30227202
0.29661614
0.28785635
0.2911372
0.28470526
0.305013
0.28475016
0.29025837
0.25960049
0.22949726
0.22456694
0.27036531
0.27532224
0.27340036
0.26824134
0.25863282
0.26978497
0.25019818
0.25012517
0.27433267
0.27681406
0.28565782
0.31004517
0.29735556
0.27091902
0.2770483
0.30485901
0.30234209
0.27118626
0.27248577
0.27816469
0.28410037
0.27588731
0.28145219
0.26337814
0.23170786
0.2215641
0.25031664
0.27029828
0.24929135
0.24289706
0.23666899
0.2397897
0.25825644
0.23864614
0.26203993
0.2800796
0.26357378
0.29025773
0.3085124
0.27692859
0.25688102
0.28808142
0.30205119
0.28666184
0.25796564
0.25389356
0.27141212
0.24283969
0.246736
0.26349921
0.23143658
0.23770898
0.2645533
0.27130042
0.22795021
0.21504032
0.21734228
0.23327651
0.25756358
0.24130854
0.26466187
0.27262461
0.26962218
0.28988508
0.30752309
0.28129043
0.26621321
0.26237935
0.29288318
0.29736087
0.24881269
0.24190608
0.2489835
0.22399686
0.22684246
0.26815031
0.24812834
0.2303474
0.25979301
0.28153488
0.23253181
0.21066301
0.22996244
0.22508242
0.24007094
0.26329214
0.26027871
0.26576165
0.27436009
0.27865758
0.2965771
0.29833498
0.25837582
0.2608073
0.21739056
0.29859321
0.24991452
0.21592907
0.24260715
0.22628808
0.20436491
0.24696555
0.25615891
0.2343868
0.31307355
0.30434442
0.24316447
0.22993588
0.30038215
0.25340914
0.2329271
0.22777258
0.26695257
0.25630444
0.23502057
0.22268519
0.29480255
0.23284854
0.22204159
0.21657302
0.20512446
0.3116392
0.20467962
0.28003258
0.23442927
0.2173904
0.20526276
0.25646898
0.21681757
0.20324952
0.25142081
0.21079761
0.24261939
0.20292452
0.22827297
0.21354036
0.20984372
0.31213832
0.3138103
0.28239018
0.25231382
0.261297
0.29193696
0.29087485
0.26476049
0.26431743
0.28437447
0.29742075
0.27423463
0.25483925
0.26122877
0.27174773
0.29822075
0.26840005
0.27553229
0.26960279
0.27539402
0.28207732
0.26549845
0.26927657
0.28694711
0.26901104
0.23844102
0.25229098
0.25042263
0.27064169
0.27864518
0.26563034
0.26066019
0.25907862
0.21645184
0.23905068
0.21608369
0.24735546
0.27830404
0.26619514
0.26826878
0.25971131
0.19933673
0.2127812
0.21174131
0.2015536
0.2684218
0.2655839
0.26551915
0.27412423
0.25314052
0.19128045
0.14440102
0.127442
0.15274046
0.23441285
0.26773222
0.27082753
0.28343493
0.20973624
0.18204588
0.038058029
0.035764921
0.044379581
0.046277465
0.050390694
0.10001343
0.12439254
0.13735056
0.035271018
0.22212773
0.16684091
0.15750253
0.11392673
0.031690776
0.050116876
0.067099723
0.054254873
0.06390635
0.092607731
0.19347949
0.060386002
0.022653706
0.018461855
0.018456797
0.021072293
0.021749995
0.24585205
0.022951762
0.025191093
0.024776618
0.022869607
0.24307051
0.26020793
0.26297717
0.24019568
0.23795592
0.25359814
0.21936623
0.25075799
0.25986142
0.23922479
0.24813804
0.26839007
0.26976669
0.27079239
0.24166378
0.22904134
0.24705297
0.25464104
0.22389666
0.24862329
0.24873113
0.2345273
0.256761
0.27172081
0.26465021
0.22534823
0.22906738
0.25670073
0.15083736
0.23502247
0.21976687
0.23471814
0.22988687
0.2622891
0.27679025
0.25002136
0.23284201
0.25144161
0.27959721
0.054222545
0.13427721
0.20692001
0.16782664
0.22481934
0.27749415
0.22990369
0.1839393
0.17770926
0.12995114
0.032325254
0.052798629
0.070839566
0.056074006
0.066679394
0.10229739
0
0
0
0
0
0
0
0
0
0
0
0
0.30959927
0.27281581
0.19813172
0.19882294
0.2638841
0.19495693
0.28405416
0.2043379
0.21544419
0.21402454
0.292161
0.22171868
0.22861237
0.2257137
0.27767136
0.29375096
0.30299519
0.23826233
0.27688262
0.2324757
0.27637787
0.23957656
0.23125131
0.28104726
0.23906163
0.23815017
0.22214926
0.29642564
0.26737665
0.20464198
0.28858983
0.28195793
0.28988321
0.29147877
0.23201097
0.24865717
0.22397364
0.23585203
0.19054721
0.25988525
0.20709465
0.2965006
0.21963161
0.27640834
0.19063931
0.18840285
0.2416988
0.22656594
0.21954504
0.27143025
0.22234388
0.20460368
0.21489794
0.19417097
0.23520774
0.25186607
0.22208644
0.22128628
0.22844455
0.22006027
0.22342481
0.2231352
0.21573823
0.24738156
0.21538223
0.20786625
0.21247229
0.25276868
0.20399632
0.19127671
0.22503986
0.24442092
0.24333042
0.27955678
0.31448642
0.22799584
0.2875715
0.24807669
0.28826268
0.2468517
0.23469333
0.21057947
0.26484692
0.26068254
0.21731338
0.23147296
0.26955843
0.31988848
0.21839278
0.29427197
0.26743717
0.29284937
0.25433224
0.22099995
0.21454689
0.26079678
0.26199864
0.21669825
0.21632834
0.25308901
0.31799437
0.20317544
0.29886213
0.29440023
0.2692458
0.26466971
0.25187743
0.24814669
0.29781865
0.29862571
0.25694438
0.23201474
0.19995079
0.24967576
0.31812634
0.19610424
0.31192379
0.27925755
0.27924034
0.24416723
0.23658733
0.24731057
0.26605306
0.27723107
0.2635741
0.2246682
0.18918948
0.22739611
0.28622221
0.18987371
0.29990652
0.26168003
0.29529769
0.27555393
0.28707504
0.24481371
0.23498248
0.24162051
0.28535638
0.24915707
0.27765195
0.20498008
0.25468331
0.30292848
0.17406015
0.31003919
0.19680802
0.22998084
0.24056437
0.12765601
0.25115211
0.21080589
0.23195265
0.25021251
0.26804575
0.19266671
0.22797866
0.28249514
0.11405391
0.041886873
0.049770303
0.04736954
0.052706054
0.044532374
0.21243716
0.049142143
0.054370276
0.052819051
0.050135947
0.23604629
0.1930667
0.24393802
0.25987796
0.048201347
0.024734653
0.024408613
0.026604329
0.026487479
0.02877632
0.028951152
0.032910934
0.031696653
0.026981724
0.070978853
0.047455073
0.024233592
0.023956571
0.025824088
0.02606843
0.027827534
0.02854677
0.032022225
0.030791101
0.026921539
0.070190099
0
0
0
0
0
0
0
0
0
0
0
0
0
0
0
0
0
0
0
0
0
0
0
0
0
0
0
0
0
0
0
0
0
0
0
0
0
0
0
0
0
0
0
0
0
0
0
0
0
0
0
0
0
0
0
0
0
0
0
0
0
0
0
0
0
0
0
0
0
0
0
0
0
0
0
0
0
0
0
0
0.30952304
0.27413185
0.25818526
0.29407204
0.28774334
0.27225705
0.29306445
0.1968578
0.22482026
0.21414864
0.23560938
0.26183872
0.25778674
0.189341
0.18313603
0.27740736
0.1785995
0.19351653
0.17132697
0.20326952
0.26783501
0.19178089
0.21030792
0.19398454
0.29042764
0.20002983
0.19540724
0.19114456
0.2543828
0.18720089
0.24197184
0.25822513
0.19128685
0.17932617
0.23159988
0.19341299
0.19555216
0.18864292
0.27386623
0.20585618
0.20565171
0.28497177
0.21046481
0.2034474
0.19792224
0.20322388
0.23282114
0.24612607
0.27292606
0.27025308
0.25407232
0.26245072
0.26878789
0.28901751
0.26495344
0.2524025
0.2478768
0.27172532
0.27480975
0.24755822
0.23520325
0.26777086
0.25198732
0.25418666
0.25133369
0.25245465
0.23373171
0.2714927
0.265912
0.24597495
0.24978248
0.26510138
0.26792752
0.25518318
0.25794823
0.23432322
0.23102344
0.2572808
0.25170466
0.21471924
0.24599263
0.25609623
0.23435034
0.24157047
0.26225927
0.26192324
0.31129449
0.28600728
0.27293068
0.28981896
0.26123124
0.27675447
0.29941943
0.30211764
0.27825843
0.28227094
0.27581835
0.29279431
0.27125124
0.29428494
0.29742826
0.278044
0.28066036
0.27814104
0.30973663
0.29063713
0.29345259
0.30102169
0.28671847
0.3039834
0.31319449
0.29091765
0.29009736
0.29377137
0.30708167
0.25809054
0.24629366
0.26998011
0.30945433
0.28736401
0.27661115
0.28891649
0.26875835
0.27721281
0.26608155
0.30182018
0.28748761
0.28198829
0.30037064
0.30465746
0.3033522
0.27977879
0.30462258
0.29076969
0.28513348
0.32064324
0.29093991
0.29698869
0.29328983
0.28952232
0.3105948
0.25423222
0.23202057
0.25368599
0.29693141
0.29659681
0.2815916
0.28978124
0.25246202
0.26048132
0.26097623
0.29674667
0.28063243
0.27442981
0.30036106
0.29456448
0.30531553
0.28405801
0.3104951
0.29188562
0.28998213
0.30799601
0.28721564
0.29943258
0.29465813
0.28581355
0.29808602
0.25615365
0.23172525
0.22155636
0.27329176
0.29305825
0.28227837
0.27422052
0.28240475
0.24980926
0.25782787
0.25775013
0.28253537
0.2726231
0.28604732
0.30706627
0.2977958
0.2765208
0.29311967
0.29892394
0.29316612
0.28336218
0.28636405
0.2808958
0.30064096
0.28047015
0.28588446
0.25330843
0.22456196
0.21971885
0.26381535
0.26884559
0.26748728
0.26337465
0.25376802
0.26523973
0.24694506
0.24742228
0.26978096
0.27321857
0.28139852
0.30737251
0.29463525
0.26731116
0.27346848
0.30285579
0.29925497
0.26838571
0.26912635
0.27450265
0.27995033
0.27262407
0.27935958
0.25896582
0.22728436
0.21841197
0.24385751
0.26521407
0.24432059
0.23815533
0.23316934
0.236652
0.2542272
0.23573576
0.25940111
0.27737614
0.26030455
0.28677309
0.30638445
0.2736898
0.252958
0.2847461
0.29925796
0.28457259
0.25514331
0.25154581
0.26613146
0.23950952
0.24401847
0.25808982
0.22702702
0.23539963
0.25939114
0.26665314
0.22434724
0.21162642
0.21432107
0.23041529
0.25295594
0.23867753
0.26273685
0.26969015
0.26755854
0.28686393
0.30557902
0.27892966
0.26353681
0.25820923
0.28949071
0.29512372
0.24598251
0.23985562
0.24410304
0.22047268
0.2240182
0.26333082
0.24362096
0.22529899
0.25504052
0.27503336
0.22891124
0.20605624
0.22525662
0.22090581
0.23625386
0.25991773
0.25869535
0.27052864
0.27191409
0.27663261
0.29490984
0.29605317
0.26612216
0.26447498
0.2159297
0.29594032
0.24679044
0.21392178
0.23910143
0.2215499
0.20295365
0.26925893
0.26266261
0.24414547
0.26193893
0.28591822
0.23623495
0.20347859
0.17608064
0.17373196
0.21964339
0.23718744
0.16706489
0.13074112
0.21238467
0.20849415
0.20045541
0.24684765
0.095373514
0.093307807
0.12481011
0.27299885
0.24198778
0.17470212
0.22294559
0.21153694
0.14092527
0.23885613
0.21469636
0.22247381
0.30177101
0.2202558
0.30483514
0.2436425
0.22987739
0.21001676
0.2721443
0.2229044
0.21211118
0.19942237
0.23623859
0.22553993
0.20545765
0.19645977
0.25157814
0.21772337
0.20570299
0.19297338
0.28325704
0.19304912
0.18407414
0.28242991
0.19500442
0.25302238
0.20224471
0.1889679
0.25701013
0.19746024
0.19497618
0.27300901
0.28884412
0.26574269
0.24413431
0.25251084
0.26493101
0.29334508
0.26374479
0.26636248
0.25933754
0.26985241
0.27746546
0.25995943
0.2650761
0.28124835
0.266656
0.23144112
0.24708753
0.24581567
0.2667166
0.27566626
0.26296396
0.25567507
0.21068938
0.23476877
0.21154751
0.24293992
0.27597218
0.26407002
0.26498731
0.25823579
0.19528352
0.2082083
0.20782609
0.19661364
0.26576968
0.26269406
0.2638597
0.27184904
0.25178427
0.18568751
0.14505363
0.12930558
0.15562982
0.23478934
0.2688529
0.26979757
0.28202085
0.21329995
0.1861061
0.039092551
0.037587664
0.045365668
0.048996816
0.053828674
0.11105133
0.13336141
0.15023729
0.036480014
0.058360978
0.022532953
0.018424083
0.018246107
0.021074147
0.021712196
0.022804817
0.024807256
0.024428993
0.023324156
0.052189215
0.045487333
0.042729523
0.038218559
0.019931324
0.031291129
0.03082639
0.029330386
0.035368128
0.15837676
0.020344663
0.0092156796
0.008290568
0.0077683656
0.0080941002
0.0089305082
0.008796215
0.1798227
0.0097081764
0.0102977
0.0096969268
0.010737749
0.26727831
0.23649593
0.2244106
0.24053602
0.25266804
0.2187799
0.24415752
0.24460954
0.23006049
0.25234232
0.26667876
0.26225943
0.22208039
0.22594974
0.25308712
0.15112659
0.23057281
0.21823458
0.23142622
0.22681709
0.25835463
0.2730645
0.24609872
0.23023719
0.24934663
0.27772691
0.057547918
0.1391757
0.20815381
0.1683497
0.23188695
0.27758794
0.23576124
0.19863781
0.19775904
0.15295166
0.034245905
0.057460475
0.0769956
0.059424556
0.072845133
0.12042019
0.054278933
0.046509852
0.044327448
0.039185474
0.02060661
0.031958195
0.030869009
0.02947193
0.035824051
0
0
0
0
0
0
0
0
0
0
0
0
0
0.30037146
0.26018033
0.18426728
0.24656827
0.2747283
0.18923139
0.29059544
0.2078295
0.27124309
0.21832272
0.26333213
0.29588156
0.21675478
0.26713506
0.22229648
0.27109967
0.21672495
0.26653994
0.22169505
0.21586144
0.26411359
0.20848171
0.28730543
0.27869424
0.19510544
0.25640689
0.28123582
0.29992707
0.27351457
0.22238753
0.21563598
0.23052689
0.18376696
0.26403644
0.22989105
0.20172944
0.29824109
0.21375082
0.17971425
0.1742912
0.2165813
0.21262283
0.2065608
0.27090555
0.20052281
0.20450625
0.18652431
0.22831444
0.22750378
0.19623455
0.21846805
0.21171817
0.20257676
0.2011693
0.2113819
0.20422104
0.25330842
0.20648122
0.19821575
0.24688647
0.20293053
0.20498796
0.19824775
0.27096922
0.17856917
0.17189281
0.20453831
0.22013902
0.25662453
0.30942161
0.20939626
0.28328197
0.25322747
0.27943392
0.23401204
0.20550003
0.20441966
0.25402829
0.25449983
0.20521814
0.20646281
0.24044228
0.31267729
0.195926
0.28958928
0.28474832
0.25612293
0.25237577
0.23165382
0.24316075
0.29181144
0.29598529
0.25207283
0.2237823
0.19410659
0.23969603
0.31102109
0.19038422
0.30326309
0.27016628
0.27313553
0.23492002
0.22722194
0.24454381
0.26243944
0.27398236
0.26083909
0.21795976
0.18585957
0.22389639
0.28210372
0.18498776
0.29178291
0.25312643
0.29202513
0.27381907
0.28033081
0.23920102
0.2332443
0.23938795
0.28457595
0.2460066
0.27610809
0.20297881
0.25335646
0.2993964
0.16999591
0.30756743
0.20406083
0.23794122
0.24639163
0.15098246
0.24962893
0.21458087
0.24812602
0.25451908
0.26710734
0.19087571
0.22656596
0.28237431
0.14246228
0.044964071
0.053851239
0.050168418
0.0571094
0.047730658
0.21510691
0.051428943
0.057345353
0.055735005
0.052788627
0.23521698
0.19341011
0.2417863
0.27242494
0.050573378
0.02652922
0.025999211
0.028401598
0.028311248
0.030975668
0.030873095
0.035599408
0.034116834
0.028580564
0.076652295
0.15601762
0.18378897
0.031513958
0.011987599
0.0098483168
0.01237375
0.012170921
0.01229022
0.014524309
0.014534145
0.014932264
0.013549862
0.011089344
0.02544473
0.031040718
0.011073068
0.0093695567
0.011321269
0.011264699
0.011291142
0.013678248
0.013393061
0.013734959
0.012611216
0.010554867
0.025960143
0
0
0
0
0
0
0
0
0
0
0
0
0
0
0
0
0
0
0
0
0
0
0
0
0
0
0
0
0
0
0
0
0
0
0
0
0
0
0
0
0
0
0
0
0
0
0
0
0
0
0
0
0
0
0
0
0
0
0
0
0
0
0
0
0
0
0
0
0
0
0
0
0
0
0
0
0
0
0
0
0
0
0.26554915
0.25624999
0.28169929
0.26368955
0.24751511
0.26375847
0.19054666
0.18338067
0.21187631
0.20013021
0.2193001
0.18313924
0.23156154
0.17224658
0.26190013
0.18538643
0.17651871
0.18214115
0.2574914
0.18252225
0.17570736
0.18044241
0.16141597
0.1639829
0.24096491
0.16642687
0.25454571
0.19992627
0.18649698
0.17918862
0.27952024
0.18402469
0.19153191
0.17728807
0.24754082
0.18039597
0.16832916
0.25677921
0.17744935
0.2622453
0.17047252
0.17560495
0.17266596
0.23370268
0.19541299
0.18784364
0.19073843
0.25920964
0.1964843
0.26172844
0.20010122
0.19176077
0.23464752
0.22168863
0.25924301
0.2439548
0.24321288
0.24769659
0.24883715
0.22842206
0.26505959
0.25915293
0.23805346
0.23900957
0.25620481
0.25654577
0.2461723
0.25124239
0.22695923
0.22259664
0.25493326
0.24888742
0.20840373
0.24003586
0.25098523
0.22757258
0.23337988
0.25428886
0.25210295
0.26259715
0.22988269
0.21822729
0.23211753
0.25648848
0.24984987
0.21171773
0.23865463
0.23926109
0.22359687
0.24614265
0.25995768
0.28607795
0.28658003
0.2573182
0.26190094
0.2447245
0.23425394
0.25881838
0.29774234
0.27021893
0.2594494
0.27160478
0.25692207
0.2658583
0.25549725
0.28736229
0.27294838
0.26588442
0.29021591
0.29706621
0.29516938
0.26995932
0.29936833
0.28254886
0.27617439
0.31031785
0.28061489
0.28680272
0.28204409
0.27843926
0.30085617
0.24429782
0.2216196
0.24432205
0.28634773
0.28628685
0.26929185
0.27957046
0.24065904
0.24833658
0.25533837
0.28689975
0.26958411
0.26356007
0.29414146
0.28794488
0.29940525
0.27692828
0.30699615
0.2858192
0.28415827
0.30062635
0.27940385
0.29477788
0.28722637
0.27740835
0.29143735
0.24649525
0.223494
0.2135631
0.2641968
0.2833421
0.27358076
0.26526327
0.27482906
0.23640186
0.25150973
0.25361483
0.27335228
0.26438277
0.28040649
0.30347126
0.29325656
0.26999005
0.28693726
0.29423762
0.28835756
0.27757381
0.27994762
0.27591815
0.29506105
0.27461318
0.2798767
0.24503132
0.2182991
0.21359611
0.25564824
0.26085982
0.26045553
0.25758789
0.24837963
0.2596933
0.2427985
0.24397709
0.26406849
0.26858048
0.27623416
0.30437459
0.29133381
0.2628189
0.26882385
0.30049011
0.29523819
0.26472743
0.26466606
0.26969426
0.2743572
0.26798382
0.27610423
0.25401964
0.22175273
0.2142554
0.23652166
0.25929509
0.23851996
0.23284747
0.22832591
0.23250129
0.24982391
0.23234524
0.25640208
0.27434435
0.25653272
0.28306721
0.30412075
0.27000546
0.2484703
0.28062858
0.29614121
0.28217306
0.25176021
0.24852575
0.25957298
0.23569943
0.24095239
0.25310356
0.22256465
0.23251664
0.25455231
0.2616698
0.22032129
0.20784241
0.2110805
0.2276705
0.24882325
0.23629718
0.26104073
0.26689541
0.26572771
0.2840112
0.30342642
0.27679753
0.26124353
0.25370592
0.28626613
0.2930602
0.24329501
0.23730943
0.23920306
0.21678981
0.22116407
0.25800978
0.23874593
0.22073089
0.25098761
0.26941746
0.22581841
0.20225574
0.22144299
0.21771328
0.23326272
0.25645328
0.25727073
0.27294037
0.26998065
0.27476722
0.29290675
0.29383119
0.27135397
0.26582272
0.21364029
0.29375565
0.24434635
0.21189765
0.23591721
0.21749808
0.20093796
0.26976776
0.25987486
0.24214135
0.26354728
0.28572797
0.23546179
0.20802472
0.18810885
0.18353197
0.22650844
0.24443006
0.17557397
0.1360706
0.21986404
0.2218092
0.21499811
0.25650326
0.10011803
0.09933976
0.13211725
0.27824518
0.24678693
0.17611018
0.22822396
0.22056355
0.14878615
0.09704515
0.12926177
0.1851157
0.18124157
0.096490187
0.12801177
0.084560876
0.050238906
0.039145738
0.056586549
0.049606864
0.069929326
0.041618423
0.040383485
0.052738511
0.053189621
0.054647986
0.082023557
0.036126409
0.038113811
0.04964628
0.11161513
0.053594564
0.084164114
0.10106554
0.05865984
0.20132361
0.21378642
0.19092813
0.258583
0.19928033
0.18656038
0.27757024
0.21342274
0.19080418
0.17829722
0.25376948
0.22934641
0.2049074
0.18531946
0.17982107
0.21216362
0.20416264
0.18974172
0.1804312
0.24097998
0.19512867
0.18168397
0.17019098
0.25536433
0.2860424
0.18197181
0.17186386
0.18621235
0.17896318
0.25596781
0.19424538
0.18153394
0.17447619
0.19265144
0.1881532
0.25484886
0.24673043
0.26213983
0.27047842
0.25113997
0.25876052
0.27223079
0.26327144
0.22164573
0.24000112
0.23986776
0.26143097
0.27121976
0.25929515
0.24813126
0.20354051
0.22966875
0.20594731
0.23731252
0.27295785
0.26159089
0.26123937
0.18941999
0.20248997
0.20204808
0.19038536
0.26240435
0.25939547
0.26203808
0.26939993
0.2500758
0.17769372
0.14497592
0.13074543
0.15733574
0.23395731
0.2697609
0.26827681
0.27984355
0.2147972
0.18837532
0.040498417
0.039769187
0.047500787
0.051991631
0.057876811
0.12093629
0.14192469
0.16134932
0.038441061
0.059486953
0.023298895
0.019014971
0.018651068
0.021988701
0.022724365
0.024285615
0.025793467
0.025627956
0.024545502
0.019657586
0.0099167076
0.0089058301
0.0082616799
0.0085181748
0.0095900571
0.0094509372
0.010354192
0.010908271
0.010319707
0.01160975
0.024300499
0.023866263
0.022083682
0.022185987
0.0088306657
0.019168193
0.018580529
0.017404873
0.021347042
0.028204637
0.0085984157
0.034892557
0.25910467
0.21752186
0.22157514
0.24860267
0.15030185
0.22470494
0.2142799
0.22627152
0.22268946
0.25289094
0.26852325
0.24154547
0.22686709
0.24682061
0.27565045
0.0603751
0.14266177
0.20822525
0.16803275
0.23648329
0.27649834
0.23697507
0.20861083
0.21405689
0.18027837
0.036674733
0.062514352
0.084259919
0.063455566
0.082739333
0.1481206
0.059196313
0.04903574
0.047519093
0.041533385
0.022091165
0.03378167
0.031919663
0.030692038
0.037507727
0.024550084
0.02447061
0.02271358
0.023004785
0.0096681297
0.019803619
0.018960136
0.017819373
0.022041243
0
0
0
0
0
0
0
0
0
0
0
0
0.25536598
0.17363048
0.17479332
0.23186539
0.16861695
0.27211271
0.17868954
0.18836132
0.18779821
0.29284685
0.19742825
0.20512482
0.20074008
0.26455763
0.20988272
0.26470493
0.27843399
0.20898927
0.25186255
0.20727036
0.27964852
0.20250854
0.2609004
0.20796826
0.20264889
0.19711104
0.24840645
0.17731937
0.26961204
0.26714441
0.25234964
0.28389932
0.28523999
0.24707195
0.20203554
0.17907929
0.23946809
0.16653572
0.20546099
0.19792394
0.29438567
0.16566796
0.16169834
0.19892372
0.19835996
0.26773917
0.19021837
0.17842831
0.17584317
0.17305802
0.23312736
0.16851492
0.21119522
0.18153404
0.18989596
0.18917594
0.1908252
0.19740558
0.19129673
0.19815013
0.18621886
0.24241679
0.18597787
0.2427429
0.19373966
0.18671253
0.18968198
0.26134013
0.16406661
0.19035885
0.19463016
0.22447874
0.30359516
0.18656895
0.27710161
0.27245714
0.23772476
0.23757939
0.2061809
0.23335097
0.27975188
0.29083847
0.2434625
0.21269501
0.18696359
0.22796381
0.30220294
0.18288804
0.29212818
0.25909562
0.26297984
0.22271383
0.21490889
0.23984791
0.257166
0.26899484
0.25600199
0.20941911
0.18106778
0.21892959
0.27721527
0.17865275
0.28195784
0.24086499
0.28718849
0.27132668
0.26855912
0.23090031
0.23053828
0.23587202
0.2832285
0.2412343
0.27372523
0.19984785
0.25098358
0.29488853
0.16448402
0.3028597
0.20861833
0.24190861
0.24876256
0.16809623
0.24755018
0.21498268
0.25996452
0.25492413
0.26538852
0.18853072
0.22426066
0.28197971
0.17140345
0.048410267
0.060123877
0.05407296
0.062116782
0.051544791
0.21487015
0.053468782
0.060659181
0.059066349
0.055732591
0.23348845
0.19325398
0.23887072
0.28133099
0.054734
0.028467591
0.028168871
0.030781866
0.030577295
0.033065899
0.033399186
0.038634728
0.036806924
0.030624154
0.080434213
0.15716148
0.19080737
0.03345177
0.013138092
0.010805407
0.01357522
0.013441822
0.0139012
0.015714908
0.016455847
0.016970071
0.01509224
0.012356652
0.026847443
0.026856034
0.03398478
0.014134083
0.010639575
0.014911486
0.010435337
0
0
0
0
0
0
0
0
0
0
0
0
0
0
0
0
0
0
0
0
0
0
0
0
0
0
0
0
0
0
0
0
0
0
0
0
0
0
0
0
0
0
0
0
0
0
0
0
0
0
0
0
0
0
0
0
0
0
0
0
0
0
0
0
0
0
0
0
0
0
0
0
0
0
0
0
0
0
0
0
0
0
0
0
0.24107584
0.25250301
0.24396031
0.22933136
0.22158422
0.24601249
0.19355746
0.21869957
0.17226735
0.20413169
0.2470523
0.16413029
0.23351614
0.16605854
0.17335485
0.23042196
0.17989397
0.15416646
0.15457986
0.22567573
0.22748746
0.15812255
0.2494982
0.16902309
0.16209668
0.25629597
0.17761069
0.16659066
0.16289517
0.2415806
0.17284428
0.15791139
0.24268632
0.22145231
0.16781684
0.16191517
0.16567678
0.16560331
0.2431604
0.17999899
0.18030911
0.17500969
0.24137538
0.1812737
0.17623664
0.18211363
0.23188635
0.24269599
0.21787358
0.21187655
0.25155831
0.24455706
0.19925403
0.23201276
0.24360524
0.21805097
0.22287787
0.24348833
0.239436
0.25514307
0.22173244
0.20987004
0.22166929
0.25418333
0.24554633
0.20173396
0.23198011
0.23243682
0.21442057
0.23767985
0.25100652
0.25491752
0.21129784
0.21539945
0.24222457
0.24775353
0.25999522
0.14801839
0.21714263
0.20903103
0.21945351
0.21685419
0.24442241
0.26219979
0.28209221
0.2447004
0.23800051
0.23204775
0.20890627
0.23308987
0.27306257
0.27136344
0.25245647
0.26558499
0.22594291
0.23338654
0.2474567
0.27309862
0.25458283
0.24933155
0.28516117
0.27919807
0.29042638
0.26638656
0.30179142
0.27685059
0.27586929
0.29069557
0.26779562
0.28840218
0.27621275
0.2650561
0.28208002
0.23398534
0.21285285
0.20363348
0.25295873
0.27101726
0.26247775
0.25352211
0.26541362
0.22092859
0.24261603
0.24782219
0.26097236
0.25324305
0.27230683
0.29886606
0.28663119
0.26033839
0.27880073
0.28678533
0.28154213
0.26990578
0.27106865
0.26939763
0.28798841
0.26626292
0.2711286
0.23385148
0.21047655
0.20589697
0.24574195
0.25076574
0.25150843
0.25016155
0.24117995
0.25148689
0.23709059
0.23937086
0.25633119
0.26194294
0.26917613
0.30070477
0.28707346
0.25662971
0.26203992
0.29746842
0.28967224
0.25956856
0.25847431
0.26364345
0.26748742
0.26232617
0.2714463
0.24736432
0.21447246
0.20890549
0.22746837
0.25170839
0.23141404
0.22655616
0.22280344
0.22782078
0.24382635
0.22794519
0.25257815
0.27043574
0.25169208
0.2786863
0.30152989
0.26537093
0.24245048
0.2748067
0.29224628
0.27898601
0.24735061
0.24460795
0.25145653
0.23069554
0.23651333
0.24777439
0.21749687
0.22919183
0.24933496
0.25597186
0.21598463
0.20302394
0.20677999
0.22439958
0.2444406
0.23365055
0.25924658
0.26365789
0.26373726
0.28113323
0.30111937
0.27459294
0.25876081
0.24885396
0.28263676
0.29074236
0.24018907
0.23429669
0.23312012
0.2117974
0.2172449
0.25300318
0.23390053
0.21540266
0.24652776
0.26432267
0.22213105
0.19808512
0.21736193
0.21461481
0.23042092
0.25329225
0.2561024
0.27316053
0.268207
0.2729919
0.29070461
0.29166374
0.27314682
0.26517345
0.21111028
0.29173664
0.2419302
0.20929288
0.23220948
0.21309956
0.19874218
0.26927455
0.25681545
0.23988848
0.26444626
0.28373836
0.23433035
0.21092352
0.19996498
0.19302696
0.23196001
0.25194014
0.18718649
0.14640475
0.22593692
0.23407398
0.23279634
0.26215548
0.11131232
0.11072094
0.13993653
0.28052758
0.24915991
0.17700905
0.23015436
0.22670299
0.15530703
0.10150872
0.13174548
0.18266049
0.18971965
0.10843662
0.13575219
0.086777089
0.050366338
0.038819072
0.05659108
0.0484176
0.069403296
0.03970187
0.039376391
0.05084421
0.051697147
0.054054585
0.085067882
0.035676816
0.037565907
0.04940409
0.11455474
0.053841729
0.087923371
0.1082396
0.060800375
0.024461881
0.024105054
0.027356105
0.025646527
0.023142304
0.024180229
0.022129748
0.021491543
0.020696612
0.020504211
0.019677219
0.024255915
0.021069176
0.020627712
0.019639991
0.020642323
0.023319365
0.022991245
0.020769156
0.022382273
0.022138168
0.023318951
0.020945245
0.022034565
0.022701771
0.023523173
0.19616072
0.17151444
0.18096064
0.24125557
0.18682889
0.17157439
0.23239696
0.16102074
0.16610533
0.14685374
0.25137157
0.26048771
0.17853468
0.16837305
0.17602234
0.16655239
0.14976455
0.23978305
0.18462886
0.16491352
0.15767238
0.25017887
0.1478197
0.25969657
0.17041535
0.15976414
0.16057458
0.16560992
0.17276805
0.25783708
0.17909105
0.16845389
0.20807094
0.23002915
0.23233253
0.25440468
0.26407132
0.25353612
0.23687808
0.19427499
0.22292366
0.19831649
0.23047965
0.26870007
0.25832946
0.25585909
0.18177542
0.19573893
0.19530321
0.18252792
0.25785824
0.2551994
0.26675487
0.16654214
0.14321496
0.13090768
0.15735823
0.23105813
0.26866073
0.26660286
0.27742825
0.2143403
0.18917013
0.04224313
0.042465487
0.050579089
0.055589076
0.06335394
0.13160944
0.15060749
0.17290208
0.040409387
0.062400801
0.024443334
0.019970067
0.019471981
0.02317801
0.024120368
0.025783723
0.027510721
0.027650757
0.025994732
0.01955471
0.010733254
0.0096541464
0.0088216154
0.0090347262
0.010567867
0.010659923
0.011440915
0.011791898
0.011306693
0.012775604
0.0089840828
0.0098291262
0.008852563
0.0087361263
0.0091212348
0.0079431302
0.0073146563
0.0081764532
0.23563435
0.2214823
0.24325766
0.2733053
0.063319606
0.14401713
0.20457527
0.16574749
0.23771169
0.27471692
0.23817387
0.21583737
0.22660007
0.20349846
0.039007194
0.067958725
0.09156032
0.068013138
0.095160358
0.1737203
0.065140585
0.05244824
0.051931384
0.04480697
0.023659028
0.035974568
0.033608937
0.032522835
0.039861763
0.025985247
0.025961919
0.024221866
0.024633742
0.010662142
0.021127222
0.020145855
0.018955475
0.023547947
0.01072382
0.0096467834
0.009548967
0.0099688086
0.008674903
0.0079372575
0.0089083425
0
0
0
0
0
0
0
0
0
0
0
0
0.23630646
0.15984275
0.21825829
0.24068403
0.16209818
0.28206401
0.18156928
0.25789128
0.19316743
0.25806198
0.24647167
0.24268508
0.19160667
0.24958488
0.19645147
0.26833287
0.19273267
0.18750217
0.23626675
0.18661662
0.23792268
0.16669003
0.25476336
0.25504328
0.23170938
0.27799377
0.26804167
0.24735598
0.17089418
0.20589738
0.28816164
0.15756407
0.18170925
0.19047047
0.15306813
0.14559297
0.17521302
0.18783644
0.1775537
0.25874672
0.1656656
0.16263095
0.25639089
0.21373725
0.15754916
0.18259303
0.17166902
0.17866701
0.1697216
0.1822672
0.16957472
0.21760994
0.17564603
0.16581013
0.26159538
0.1759975
0.16314684
0.28088767
0.23053998
0.17826551
0.17474323
0.21863537
0.15463171
0.14815877
0.19834995
0.17686763
0.21418307
0.29009302
0.17271369
0.27795825
0.2451336
0.24739466
0.2058169
0.1991899
0.2314953
0.24879667
0.26127107
0.24688881
0.19894817
0.17390953
0.2113695
0.27055714
0.17061125
0.27030265
0.22565858
0.27960585
0.26754102
0.25059973
0.21926646
0.22597627
0.22976526
0.28098284
0.23338857
0.2697667
0.19491373
0.24732712
0.28909095
0.15726189
0.29600381
0.20804097
0.24233107
0.2481963
0.1807706
0.2445418
0.21378577
0.26723103
0.25207265
0.26268704
0.18476312
0.22056349
0.28094986
0.1938381
0.052594408
0.067009685
0.05859093
0.066890387
0.055586791
0.21309559
0.055685451
0.063779549
0.062523232
0.058555743
0.23035483
0.19228257
0.23408468
0.28754481
0.059474089
0.030566481
0.030461363
0.032996259
0.032470036
0.035223834
0.035529172
0.041282561
0.039620262
0.032848514
0.085378406
0.15936346
0.19916104
0.034821268
0.01402624
0.011987465
0.015058697
0.015050855
0.015387951
0.016290661
0.018444726
0.019018726
0.016779788
0.013548274
0.028495757
0.026267473
0.034488237
0.015164801
0.01183761
0
0
0
0
0
0
0
0
0
0
0
0
0
0
0
0
0
0
0
0
0
0
0
0
0
0
0
0
0
0
0
0
0
0
0
0
0
0
0
0
0
0
0
0
0
0
0
0
0
0
0
0
0
0
0
0
0
0
0
0
0
0
0
0
0
0
0
0
0
0
0
0
0
0
0
0
0
0
0
0
0
0
0
0.23709571
0.21704872
0.20963291
0.21894057
0.19493955
0.22040176
0.18405657
0.17381081
0.16696093
0.15829259
0.15700567
0.21258174
0.14516449
0.23166136
0.15543248
0.15342953
0.14900266
0.20692655
0.15756311
0.16515551
0.16361955
0.1981919
0.16863113
0.14730773
0.14562555
0.14624844
0.1440299
0.20888806
0.13943086
0.20490657
0.15186853
0.14853505
0.23298747
0.16111215
0.15082703
0.22214171
0.15991826
0.15368322
0.14752111
0.24605392
0.15365862
0.1469318
0.13251619
0.23731254
0.14257687
0.18643235
0.14979937
0.15789023
0.1621473
0.15313799
0.16171026
0.22932068
0.1764463
0.16806889
0.16528605
0.2234575
0.24234141
0.21178523
0.19868683
0.20840411
0.25086389
0.23893673
0.18767097
0.22325423
0.22325119
0.20181079
0.2259148
0.2391622
0.24914461
0.2027331
0.20701819
0.23292005
0.24432489
0.25738705
0.14407353
0.20776327
0.20190436
0.21006859
0.20907597
0.23315815
0.25326936
0.22755829
0.21348345
0.23760182
0.27037848
0.21168538
0.26466235
0.066124352
0.14356374
0.19883172
0.16203069
0.2346481
0.27212468
0.25671439
0.25102317
0.22995747
0.21793305
0.19913087
0.19104605
0.2392143
0.25565971
0.24797156
0.2375461
0.25381373
0.20265116
0.23062522
0.23963455
0.24379104
0.23800409
0.25952486
0.29241016
0.27627677
0.24742345
0.2681331
0.27462387
0.27169238
0.25952072
0.25856667
0.26086622
0.27917734
0.25380991
0.2576555
0.21984502
0.20000342
0.1957064
0.23365393
0.23803698
0.2404683
0.24085617
0.23189766
0.23799014
0.22907947
0.23309984
0.24527588
0.25177008
0.25880377
0.29583549
0.2813191
0.24763318
0.25247622
0.2934146
0.28148819
0.25219477
0.24970846
0.25618731
0.25923495
0.25525156
0.26540697
0.2377252
0.20492141
0.20183035
0.21701575
0.24192477
0.22238729
0.21861149
0.21571643
0.22130252
0.23484172
0.22194301
0.24732693
0.26500876
0.24483805
0.27307111
0.29830475
0.25869977
0.23381492
0.26694467
0.28705095
0.27422111
0.24135422
0.2394687
0.24212947
0.22460595
0.23094723
0.24076499
0.21021031
0.22429578
0.2423074
0.24830724
0.21025516
0.19699218
0.20136932
0.22015266
0.23864388
0.23023958
0.25705879
0.25944407
0.26127368
0.2779079
0.29851098
0.27204909
0.25597446
0.24245618
0.27811719
0.28773417
0.23625167
0.22988459
0.22562657
0.20547874
0.21189587
0.24792239
0.22884348
0.20864637
0.2413002
0.25828118
0.2182036
0.19283984
0.21222991
0.21067593
0.22703429
0.25021136
0.25501196
0.27277098
0.26619249
0.27105745
0.28835725
0.28935802
0.27395906
0.2643671
0.20671825
0.28952981
0.23909885
0.20617707
0.22741441
0.20789601
0.19503754
0.26814293
0.25392832
0.23739125
0.26457743
0.2805004
0.23187584
0.21274782
0.20986445
0.20032695
0.23528
0.257344
0.19948165
0.16018799
0.22999913
0.24292779
0.24936079
0.2655089
0.12957984
0.12541834
0.14550892
0.28111649
0.24957844
0.1785016
0.22951626
0.23041036
0.15984475
0.10977367
0.13741103
0.18327537
0.19882315
0.12216791
0.14594237
0.09203054
0.053058554
0.03998763
0.059465667
0.049621092
0.073214117
0.039583688
0.040000626
0.051977742
0.053277943
0.056474194
0.092620129
0.036677221
0.038493125
0.051851847
0.12140545
0.055928274
0.093598279
0.12014402
0.066316776
0.023735038
0.023321421
0.026273508
0.02565858
0.023552071
0.024430864
0.021901866
0.021480859
0.020749977
0.02031488
0.019314488
0.023543481
0.020526328
0.020403545
0.019150237
0.020069834
0.022830667
0.022466841
0.020900162
0.02242979
0.022128756
0.022764375
0.020697913
0.022168091
0.023070128
0.023893662
0.0089718189
0.008895478
0.0087931344
0.0084776148
0.0099723911
0.010239605
0.008703539
0.0090368178
0.0090855622
0.008599964
0.0077457955
0.0079243167
0.0087298482
0.0079257665
0.008116665
0.0077548304
0.0079380489
0.0086860186
0.0086696414
0.0090141505
0.0095695957
0.01007031
0.007884557
0.0092682438
0.0085736318
0.0099676639
0.16067188
0.16607665
0.17249821
0.15359364
0.15727083
0.141493
0.19028743
0.1506962
0.13352578
0.21595477
0.22265496
0.13112127
0.2448252
0.1615503
0.15876566
0.14023191
0.25324097
0.15434256
0.1509734
0.14720822
0.2231717
0.24459792
0.13675601
0.15026193
0.1574182
0.16678582
0.14924455
0.16171911
0.1827096
0.21391082
0.18840038
0.22178669
0.26249097
0.25347491
0.24687946
0.17191277
0.18719561
0.18754143
0.17166438
0.25173827
0.24872317
0.2634675
0.15466791
0.13972488
0.12978933
0.15596891
0.22644971
0.26653805
0.27476615
0.18808853
0.04423556
0.044635075
0.05446682
0.058578315
0.069120855
0.1415839
0.15881221
0.1847891
0.04253922
0.066215339
0.02559846
0.021014137
0.020466564
0.024451173
0.02578757
0.027693427
0.029488778
0.029958483
0.027396064
0.019867224
0.011519817
0.010433618
0.0092841842
0.0094563095
0.011549621
0.011863907
0.01264316
0.012813661
0.012463224
0.013740221
0.0094767483
0.23739272
0.21966886
0.23614854
0.22206426
0.041058966
0.072422394
0.09846623
0.072479469
0.10695639
0.19421134
0.072328795
0.057590544
0.057658375
0.048472655
0.025048095
0.038681708
0.03601343
0.034632716
0.042457006
0.027658411
0.027743224
0.026434144
0.026550236
0.011634921
0.022548877
0.021672908
0.020366963
0.02529246
0.011726312
0.010635994
0.010493273
0.010918324
0.0095576646
0.0087523637
0.0098219177
0
0
0
0
0
0
0
0
0
0
0
0
0.22170718
0.14931806
0.1501355
0.21584484
0.14569529
0.22675131
0.1517697
0.15808003
0.15781273
0.27626387
0.1696729
0.17911779
0.17424526
0.2781673
0.18320836
0.18184952
0.25032091
0.22748842
0.22216592
0.18268492
0.23674671
0.17815691
0.23856171
0.17549961
0.23568322
0.15434986
0.24571778
0.14592305
0.22252263
0.23980355
0.15059645
0.21985076
0.2610128
0.2288247
0.2167823
0.14601032
0.19652217
0.17215869
0.27252879
0.13711445
0.16280749
0.13632548
0.16006975
0.16723155
0.16970805
0.26022181
0.15641661
0.15377028
0.14894536
0.14477534
0.22891401
0.13455066
0.22587481
0.1491406
0.14335038
0.17893879
0.15725957
0.1576673
0.21832477
0.15082688
0.17143012
0.13987439
0.23639545
0.14768168
0.1582722
0.13576251
0.25004066
0.23206084
0.16520124
0.15954013
0.14107782
0.1812824
0.1364282
0.14021617
0.1871168
0.16266239
0.19896433
0.25953187
0.1607517
0.2561544
0.2060387
0.26839212
0.2607529
0.22712258
0.2042834
0.21788782
0.21951644
0.27708879
0.22145135
0.26255297
0.18728286
0.24145731
0.28084397
0.14789192
0.28611142
0.20248843
0.23880932
0.24408702
0.19012624
0.23975483
0.20884626
0.2694739
0.2469386
0.25832684
0.17862887
0.21392241
0.27905498
0.21084317
0.056986589
0.073595034
0.063698812
0.071543939
0.06022449
0.20936206
0.058096431
0.067323781
0.066075935
0.061385032
0.22546329
0.18944074
0.22519647
0.29109736
0.064304012
0.032746261
0.032658591
0.035262496
0.034359236
0.037266193
0.037523464
0.043650155
0.042458129
0.035200029
0.089859353
0.16141245
0.20634342
0.036320832
0.014854356
0.013169747
0.01634473
0.016114123
0.016661513
0.016838652
0.019751593
0.020686444
0.018414802
0.014848589
0.030261774
0.026613523
0.035809072
0.015427181
0.012836598
0
0
0
0
0
0
0
0
0
0
0
0
0
0
0
0
0
0
0
0
0
0
0
0
0
0
0
0
0
0
0
0
0
0
0
0
0
0
0
0
0
0
0
0
0
0
0
0
0
0
0
0
0
0
0
0
0
0
0
0
0
0
0
0
0
0
0
0
0
0
0
0
0
0
0
0
0
0
0
0.21567945
0.18098984
0.19999319
0.18371796
0.17663252
0.22318517
0.16259182
0.14375058
0.22421196
0.13600126
0.20004019
0.13598335
0.18496756
0.1517215
0.19080928
0.13796157
0.13808059
0.13407865
0.20972909
0.18440904
0.12737466
0.21103153
0.13708242
0.21216127
0.13405093
0.12757206
0.16866822
0.14698285
0.13860761
0.1373897
0.24520253
0.14539527
0.12223813
0.11199976
0.22918641
0.12647536
0.12095054
0.13919605
0.14904884
0.15279049
0.22297981
0.16189456
0.15619365
0.15274249
0.2407407
0.19055101
0.19511661
0.22020873
0.23909973
0.25354488
0.13881119
0.19685693
0.19278043
0.19842193
0.19833973
0.21849675
0.24083663
0.21647103
0.20258739
0.22910863
0.26643657
0.20641432
0.26214837
0.068250078
0.14059847
0.18976742
0.15540641
0.22648567
0.26792092
0.2347568
0.21985802
0.24265531
0.23601466
0.044685416
0.16511631
0.19584327
0.042697323
0.075577822
0.10418016
0.076893511
0.1175228
0.20937793
0.23726918
0.22903304
0.20283899
0.18585247
0.18199999
0.21883279
0.22198899
0.2271478
0.22950672
0.21989094
0.21858314
0.2179466
0.22459645
0.23001594
0.2363333
0.24443137
0.28851754
0.27288555
0.23515496
0.23925812
0.28765896
0.26909104
0.24168833
0.23753897
0.24722056
0.2495818
0.24622468
0.25695097
0.22436325
0.1920837
0.19206833
0.20467619
0.22918225
0.21088431
0.20869213
0.2065109
0.21215376
0.22255946
0.21379913
0.23952116
0.25655494
0.23474147
0.26483516
0.29401897
0.24818425
0.22224146
0.25719645
0.27957465
0.26644995
0.23282393
0.23269912
0.23166529
0.21720664
0.22397277
0.23050154
0.19946058
0.21725447
0.23197464
0.23845096
0.2028101
0.18968566
0.19426452
0.21408741
0.23027522
0.22545857
0.25423452
0.25371935
0.25798784
0.27399151
0.29529354
0.2688628
0.25238018
0.23422869
0.27212653
0.28349651
0.23055914
0.22407769
0.21696607
0.19782455
0.20451697
0.24102012
0.22193491
0.19988287
0.23448217
0.24961502
0.21298979
0.1863544
0.2051009
0.20508216
0.22230028
0.24665042
0.25380169
0.27153027
0.26357312
0.26867764
0.28574703
0.28665607
0.27322483
0.26187673
0.20033998
0.28681406
0.23537116
0.20209686
0.22106221
0.2017572
0.18987055
0.26641193
0.25130217
0.23420702
0.2632681
0.27752358
0.22950435
0.21293329
0.21629538
0.20567956
0.23687221
0.26018857
0.2101813
0.1707558
0.2323123
0.24869036
0.26169813
0.26716452
0.14767575
0.13795046
0.15058771
0.28032069
0.24859734
0.17717101
0.22604393
0.22987158
0.1621351
0.11916878
0.14495894
0.18570858
0.20715367
0.13515614
0.15679545
0.099758941
0.058052045
0.042502441
0.064324714
0.05240469
0.080413507
0.040905185
0.041864032
0.054963074
0.056935693
0.060905667
0.10086652
0.038612713
0.040352267
0.054258817
0.12872441
0.060366157
0.10297301
0.13568336
0.074333506
0.024027984
0.023425411
0.026056279
0.026423471
0.024727661
0.025617555
0.022459781
0.022404127
0.021656429
0.020873909
0.019631539
0.023869658
0.020767374
0.020991812
0.019461033
0.020391576
0.023443885
0.022766692
0.02200473
0.023539282
0.02316923
0.023091792
0.02124527
0.023071076
0.02432874
0.025386103
0.0095869149
0.0094680754
0.0092779392
0.0090050698
0.010804859
0.011031062
0.0092867613
0.0097035393
0.009846878
0.0092287772
0.0082414592
0.0084190592
0.009338717
0.0084073208
0.0087625937
0.0082293266
0.0084433609
0.0092884
0.0092435331
0.0097899031
0.010335016
0.010890661
0.0083709556
0.009973951
0.0091926822
0.010858719
0.14651306
0.1511208
0.14286337
0.12591934
0.16978069
0.13473409
0.11794151
0.12247148
0.11037106
0.20221304
0.11797483
0.17576486
0.11882653
0.21123673
0.14625542
0.12842921
0.12804806
0.11631455
0.25296315
0.14035493
0.13393178
0.13852482
0.1223929
0.23315035
0.13262086
0.24593321
0.12769266
0.12485479
0.13873985
0.15692181
0.13969567
0.15897207
0.17699683
0.17789457
0.15739959
0.24305839
0.23772151
0.25850072
0.14110779
0.13420458
0.12729726
0.15206635
0.22003113
0.26371867
0.2719411
0.18308018
0.04620124
0.04644502
0.058774974
0.062103131
0.074437006
0.15001111
0.070079963
0.026668046
0.022217685
0.021635963
0.025788335
0.027477996
0.029613468
0.031231015
0.032120297
0.028629275
0.020535749
0.012154384
0.011116973
0.0096723367
0.0098163454
0.012553277
0.012954143
0.01400675
0.013834227
0.013611603
0.014545503
0.0098803591
0.079440332
0.063536004
0.064675071
0.053009832
0.026290701
0.041451628
0.038659977
0.036756346
0.045284855
0.029539268
0.029761487
0.028272874
0.028389594
0.012296732
0.023978386
0.023491919
0.021847645
0.027095073
0.012669046
0.011796438
0.011581642
0.011794407
0.010384877
0.0095536986
0.010673783
0
0
0
0
0
0
0
0
0
0
0
0
0.13794438
0.2103569
0.1329867
0.21915301
0.20115388
0.13771326
0.2326915
0.15004415
0.27769954
0.16635999
0.24921489
0.17112573
0.16289547
0.23440611
0.20393898
0.15270842
0.21212713
0.15898795
0.20861953
0.16585216
0.19821783
0.15670941
0.2045615
0.14346501
0.23029082
0.1356305
0.18851142
0.20477291
0.14215743
0.21287008
0.25996371
0.21383286
0.21636171
0.13989937
0.17848007
0.24063847
0.1643501
0.12809896
0.12249373
0.14622164
0.12688607
0.12012666
0.14973739
0.15335816
0.14479661
0.14976028
0.23845758
0.15275887
0.14135788
0.13005773
0.18057405
0.25227188
0.12428767
0.24894918
0.13611984
0.13159485
0.12340078
0.18532542
0.14227021
0.13273864
0.20504437
0.14459419
0.12859967
0.12711107
0.27010226
0.20515213
0.14160312
0.14211883
0.12230811
0.11819982
0.20586444
0.12616703
0.25014796
0.13388866
0.12382667
0.19954139
0.12682019
0.17579387
0.23259074
0.26894936
0.1354333
0.27201171
0.19169089
0.22991579
0.23509451
0.19451136
0.23159201
0.20197576
0.26523955
0.2378372
0.25101005
0.1684143
0.20302829
0.27486153
0.22281071
0.061418898
0.079655218
0.06932384
0.07506052
0.065551687
0.20232555
0.059956432
0.070421342
0.069892669
0.064178858
0.21804856
0.18256001
0.20805541
0.29032188
0.069624761
0.03437782
0.034507752
0.037214663
0.036253429
0.038534012
0.039402195
0.045711428
0.044906213
0.037479022
0.093758816
0.16186169
0.21118962
0.037685526
0.01577344
0.014190361
0.017680463
0.017228954
0.017613608
0.017341646
0.021067123
0.021969541
0.020066327
0.016098645
0.032153132
0.027435382
0.037087226
0.015798338
0.013802095
0
0
0
0
0
0
0
0
0
0
0
0
0
0
0
0
0
0
0
0
0
0
0
0
0
0
0
0
0
0
0
0
0
0
0
0
0
0
0
0
0
0
0
0
0
0
0
0
0
0
0
0
0
0
0
0
0
0
0
0
0
0
0
0
0
0
0
0
0
0
0
0
0
0
0
0
0
0
0
0
0
0.20412586
0.19502831
0.18354822
0.16910461
0.16498091
0.20198893
0.13733981
0.13264925
0.11782
0.2289749
0.12672304
0.12701602
0.11845341
0.17405964
0.12859026
0.12693167
0.12344182
0.17872686
0.13984765
0.146916
0.13777266
0.20299271
0.12934619
0.12989338
0.12792516
0.12320362
0.12442363
0.19733951
0.11427873
0.18350226
0.12021408
0.11932346
0.11653189
0.18444358
0.12362011
0.12598034
0.11815378
0.18164247
0.10788694
0.10966233
0.18472594
0.1298166
0.12733777
0.11780234
0.23063687
0.24710125
0.13518809
0.11607334
0.10235838
0.13213576
0.11900493
0.14084691
0.149373
0.13787319
0.14830743
0.22355058
0.20129497
0.186616
0.2160442
0.26028415
0.19830718
0.25845529
0.069716438
0.13549976
0.17789097
0.14737505
0.21404126
0.25918041
0.2292225
0.21507142
0.24472767
0.24482146
0.046276369
0.16837704
0.2050912
0.043786912
0.077758345
0.10748818
0.07990938
0.12647433
0.21902497
0.085840639
0.070248462
0.073137305
0.058659764
0.029579055
0.032903191
0.034387199
0.027248264
0.043664232
0.041523798
0.039308072
0.048167365
0.20257598
0.21182325
0.20606945
0.17524915
0.17802818
0.18904953
0.21223697
0.19603883
0.19659058
0.1947707
0.19871706
0.20656047
0.20301099
0.2279963
0.24190335
0.22063305
0.25164204
0.28783849
0.23239437
0.20753109
0.24490888
0.2678677
0.25365889
0.22035078
0.22377646
0.22024739
0.20815203
0.21494042
0.21644167
0.18547424
0.20739747
0.21798083
0.22611741
0.19265141
0.18003798
0.18418994
0.20509744
0.21883579
0.21853586
0.25040685
0.24554809
0.25327164
0.26897678
0.29104033
0.26478465
0.24710969
0.2237156
0.26354298
0.27753693
0.22224947
0.21648282
0.20676725
0.18835592
0.19522726
0.23006754
0.21071729
0.18965832
0.22616043
0.23754335
0.20583169
0.17838605
0.19508176
0.19698084
0.21541879
0.24164649
0.25219776
0.26937869
0.25992109
0.2654842
0.28257509
0.28321217
0.27144961
0.25769113
0.19135081
0.28320974
0.23017642
0.19659853
0.21267096
0.19421375
0.18262148
0.26445246
0.24888866
0.22948209
0.25999117
0.27354292
0.22499455
0.21071206
0.22099168
0.20902662
0.23693166
0.2615276
0.21863181
0.1786032
0.23291176
0.25190753
0.26959154
0.26753445
0.16140721
0.14650962
0.15384404
0.27822236
0.24627062
0.17424408
0.21968804
0.22599329
0.16303714
0.12980961
0.15391462
0.18821604
0.21339416
0.15030272
0.16899815
0.1065297
0.063530327
0.046030328
0.070856858
0.056166707
0.090097501
0.042831743
0.043555287
0.058995817
0.062176906
0.067308273
0.1090675
0.041195791
0.043168671
0.057176433
0.13553438
0.064569787
0.10894055
0.14692471
0.082078959
0.025181654
0.024428977
0.026879289
0.028283891
0.026189645
0.026530059
0.023604641
0.023878282
0.023085569
0.022013051
0.020569862
0.025060186
0.021783768
0.022320906
0.020455391
0.021443698
0.024796661
0.023731703
0.023613252
0.025142411
0.024374758
0.02420066
0.022540801
0.024897294
0.026194833
0.0268307
0.010514931
0.010353239
0.010050635
0.0097765235
0.011880081
0.01207555
0.01013085
0.010643816
0.010918655
0.010130553
0.0089555823
0.0091451289
0.010276531
0.0091025894
0.0097090682
0.0088780426
0.0091422594
0.010208107
0.01012336
0.010807444
0.011443599
0.012000099
0.0090649662
0.010990207
0.010076114
0.012038688
0.12935575
0.11460826
0.1179634
0.10375666
0.14316995
0.10706488
0.099824062
0.16552765
0.16649007
0.098178712
0.13982506
0.10026178
0.096418326
0.23151843
0.11867651
0.10536123
0.22241399
0.12685511
0.14790034
0.11100619
0.25045764
0.12259952
0.11547222
0.12935832
0.12406703
0.12704728
0.1228508
0.14619355
0.21044218
0.25837178
0.26761624
0.17092093
0.047874824
0.04789369
0.06281075
0.064750589
0.079462541
0.15681876
0.073111256
0.027563199
0.023395898
0.022862973
0.027082084
0.029165918
0.031599558
0.021531358
0.012673919
0.01181371
0.010204099
0.01030005
0.013446115
0.01402021
0.01522427
0.01475483
0.014682093
0.01510272
0.010214107
0.03131729
0.031684291
0.02996138
0.03007729
0.012974089
0.025310378
0.02528647
0.023167982
0.028703684
0.013654624
0.012838722
0.012360257
0.012509559
0.011281177
0.010506455
0.011409256
0
0
0
0
0
0
0
0
0
0
0
0
0.12564044
0.18056862
0.1168562
0.10727638
0.21686822
0.12271831
0.23114023
0.12982237
0.12525881
0.25152807
0.13623881
0.15115358
0.15128462
0.27464214
0.15824772
0.14564026
0.23161032
0.25620618
0.19873902
0.14196988
0.19483777
0.18202599
0.16263562
0.12803535
0.17012921
0.1196162
0.19619355
0.12043566
0.22371079
0.18069993
0.13986817
0.25097008
0.21297918
0.18891053
0.18279051
0.1199804
0.21925825
0.1378637
0.25213026
0.10816348
0.16014363
0.1123623
0.10804206
0.1202898
0.12751279
0.13640564
0.25371382
0.13028425
0.1125784
0.12101138
0.097792716
0.17578003
0.11812319
0.21522727
0.11640769
0.11240121
0.11058827
0.22155724
0.12070237
0.11259654
0.12792215
0.21998693
0.12079885
0.13233399
0.11321085
0.11859667
0.11558585
0.25490556
0.19226488
0.12617642
0.10525354
0.11215038
0.22530009
0.11769324
0.23988004
0.11504163
0.13229706
0.12022185
0.19092537
0.11441625
0.15224556
0.18762348
0.26600597
0.22876884
0.065364329
0.084898714
0.073821594
0.077763884
0.070806187
0.19271816
0.061646637
0.073324805
0.073130775
0.066462759
0.20798239
0.16846118
0.18450877
0.28450368
0.076223525
0.035474266
0.03600232
0.03881542
0.037455962
0.039171308
0.040643547
0.047044843
0.046944549
0.039594539
0.096927964
0.15922336
0.21176975
0.038387041
0.016392666
0.015044174
0.018617437
0.01825107
0.018603813
0.017569897
0.022261138
0.022935713
0.021538421
0.017244953
0.033994252
0.028541246
0.038711401
0.016118823
0.014756216
0
0
0
0
0
0
0
0
0
0
0
0
0
0
0
0
0
0
0
0
0
0
0
0
0
0
0
0
0
0
0
0
0
0
0
0
0
0
0
0
0
0
0
0
0
0
0
0
0
0
0
0
0
0
0
0
0
0
0
0
0
0
0
0
0
0
0
0
0
0
0
0
0
0
0
0
0
0
0.18732145
0.18326006
0.15546679
0.15863023
0.16941856
0.19044889
0.10844672
0.18098891
0.10806226
0.16257291
0.11594497
0.19432668
0.12901949
0.11602009
0.24811191
0.11786056
0.11525776
0.2425381
0.1974063
0.10654499
0.13768295
0.11111102
0.10441852
0.16435949
0.11527557
0.10453383
0.1286519
0.097824451
0.099742884
0.10246362
0.10974223
0.092910699
0.18712831
0.10688743
0.25187465
0.10676201
0.088000398
0.090528942
0.070018214
0.1366282
0.13999528
0.21904899
0.20458243
0.23917567
0.2481527
0.047498764
0.16816575
0.21048814
0.044231598
0.0782981
0.10894791
0.081967719
0.13302626
0.22262545
0.09068235
0.077109936
0.082482921
0.065930295
0.030337847
0.034485204
0.036394988
0.027966264
0.045505013
0.044188959
0.041188485
0.051408329
0.032901615
0.033371371
0.031385136
0.031603349
0.015332863
0.015510675
0.015718312
0.016348872
0.013503598
0.02645285
0.027139544
0.02447071
0.030097542
0.17806279
0.19830581
0.16798406
0.19403228
0.20035777
0.21106584
0.1787287
0.16682402
0.16979205
0.19224461
0.20386599
0.20842135
0.24497192
0.2336409
0.24529492
0.26206961
0.28489131
0.2594781
0.2381087
0.21078523
0.25064131
0.26893513
0.21157989
0.2067029
0.19497586
0.17658069
0.18374782
0.21397159
0.19470029
0.17761902
0.21605495
0.2231357
0.19566673
0.16775965
0.18260937
0.18601153
0.20584938
0.23369168
0.24966087
0.26562729
0.25461089
0.26079058
0.27839353
0.27855962
0.26819432
0.25063525
0.17980637
0.27818975
0.22283077
0.1890822
0.2013303
0.18428867
0.17269605
0.26223258
0.24613193
0.22032574
0.25310863
0.26827417
0.21627368
0.20503663
0.22228898
0.2113602
0.23483734
0.26156692
0.2243858
0.18270772
0.23103644
0.25212049
0.27344139
0.26613694
0.17033602
0.15228643
0.15500438
0.27425483
0.24191915
0.16918463
0.20909738
0.21789547
0.16117141
0.14179557
0.16406196
0.19029594
0.21750338
0.16350753
0.17876193
0.11051761
0.07001859
0.050084673
0.07872777
0.060818185
0.1016767
0.045581192
0.04595545
0.063913101
0.069235454
0.076709874
0.11674613
0.043863278
0.046031238
0.060587841
0.14116734
0.068894313
0.11419226
0.15602695
0.090399752
0.026595456
0.025750891
0.028226952
0.030451041
0.028216804
0.028841559
0.025346996
0.02568431
0.024698004
0.023363084
0.021793012
0.026512904
0.023132556
0.023942575
0.021698536
0.022718844
0.026347035
0.025659629
0.02527836
0.026656639
0.025493434
0.02563146
0.02386923
0.026469108
0.028030052
0.028220129
0.011593108
0.011415715
0.01107593
0.010915811
0.012893171
0.012904044
0.011139789
0.011652626
0.011963551
0.011096408
0.0097358834
0.0099756146
0.011371089
0.0099138968
0.010664605
0.0097145686
0.010029891
0.01132033
0.011200529
0.011689838
0.012446478
0.01270441
0.010011104
0.012051833
0.011209697
0.012844134
0.10752007
0.093936543
0.10284238
0.096316126
0.086461348
0.086471028
0.07531652
0.11837819
0.075725238
0.1165978
0.087609475
0.088986236
0.075544023
0.13863461
0.1064682
0.089950191
0.19778895
0.092713557
0.093149386
0.092089476
0.24917216
0.1178989
0.10448879
0.099776499
0.10260305
0.26014548
0.11191338
0.11413795
0.10541443
0.12058246
0.1517101
0.049118572
0.048923538
0.065930938
0.066746612
0.082500853
0.15991942
0.075109529
0.028116923
0.024301178
0.024264063
0.02816582
0.030732799
0.033527255
0.022586895
0.013045114
0.012403789
0.01081063
0.01080825
0.014229172
0.015039059
0.010646199
0.014471389
0.013779787
0.013056178
0.013123851
0.01203093
0.01133752
0.011991212
0
0
0
0
0
0
0
0
0
0
0
0
0.17588605
0.096010862
0.17338008
0.23433054
0.10458075
0.24127414
0.11722119
0.26166175
0.1404801
0.26043605
0.25856082
0.19628144
0.16595499
0.11657579
0.1672812
0.15123932
0.13920422
0.11200002
0.14388201
0.10798407
0.22634797
0.11155184
0.25112637
0.1509054
0.13108681
0.24821027
0.23622224
0.19463406
0.1500146
0.11178646
0.16883586
0.24884674
0.12952594
0.098635677
0.088358879
0.12975285
0.096226571
0.11367962
0.12907198
0.12933848
0.22473162
0.10712292
0.085334267
0.067902931
0.087453415
0.10359553
0.077244745
0.095249214
0.09771721
0.10711252
0.079177031
0.099075328
0.095067413
0.18082481
0.10395981
0.11505366
0.10903362
0.10244735
0.074989037
0.075671792
0.062805828
0.11110834
0.090538015
0.099539047
0.068135576
0.10207455
0.095908693
0.19522975
0.10787235
0.098382454
0.074355021
0.14721468
0.15676281
0.27019928
0.08215437
0.035873054
0.037258448
0.040236567
0.038360243
0.038878331
0.041180538
0.047855698
0.048275173
0.041165398
0.098522724
0.1528858
0.20908119
0.039065561
0.016715739
0.015757253
0.019295492
0.018920372
0.019144887
0.017423572
0.023030764
0.02359982
0.022710908
0.018336545
0.035734331
0.029679614
0.040435647
0.016282964
0.015613426
0
0
0
0
0
0
0
0
0
0
0
0
0
0
0
0
0
0
0
0
0
0
0
0
0
0
0
0
0
0
0
0
0
0
0
0
0
0
0
0
0
0
0
0
0
0
0
0
0
0
0
0
0
0
0
0
0
0
0
0
0
0
0
0
0
0
0
0
0
0
0
0
0
0
0
0
0
0
0
0.18629792
0.17722102
0.14698427
0.17794365
0.17956492
0.1943744
0.094148565
0.10054178
0.085043539
0.20399277
0.098491356
0.10159274
0.08267964
0.18881746
0.10661724
0.10878771
0.088900591
0.22322105
0.13385918
0.12126775
0.24372805
0.10991877
0.11026162
0.10292765
0.11029948
0.21825575
0.094637946
0.13369373
0.10035831
0.095630393
0.085140218
0.081972471
0.10276846
0.094060341
0.096502187
0.087913841
0.10604866
0.10495972
0.093750504
0.090355171
0.080277385
0.076799763
0.084780961
0.093979443
0.079386116
0.048087957
0.16401653
0.095163172
0.21025984
0.073049616
0.064085633
0.044061763
0.12829001
0.12760038
0.094169493
0.083181055
0.0917414
0.074178499
0.030742056
0.03595429
0.038574353
0.028331902
0.0468998
0.046743544
0.042915855
0.055268231
0.034145116
0.034615751
0.032621747
0.033526414
0.015576088
0.016102188
0.016730554
0.017276664
0.01382218
0.027274985
0.028490435
0.025740901
0.031499102
0.015121583
0.014586296
0.013646409
0.013641642
0.012655588
0.012124534
0.012566172
0.16153066
0.19274073
0.17417653
0.16028941
0.20091636
0.20631168
0.18062035
0.15188611
0.16535814
0.1703883
0.19246216
0.22155889
0.24497301
0.25882671
0.24651835
0.25336265
0.27218983
0.27176791
0.26221052
0.24026975
0.16434465
0.27074005
0.21205034
0.17882036
0.18614714
0.17013837
0.15851975
0.25978347
0.24233903
0.19989175
0.23963206
0.25951827
0.20092156
0.19412368
0.2185928
0.21035871
0.22948622
0.26040094
0.2269921
0.18313249
0.22603072
0.24865843
0.27380962
0.26243565
0.17479789
0.1558789
0.15363094
0.26786217
0.2344309
0.16124638
0.19360847
0.20461825
0.15674779
0.15333937
0.17318836
0.19047331
0.2194991
0.17364688
0.18617536
0.11388466
0.076811382
0.055473946
0.086783624
0.065751703
0.11342953
0.048866869
0.048223873
0.069073702
0.077118108
0.08714408
0.12290577
0.046747179
0.049001212
0.063908441
0.1448229
0.072679047
0.11811657
0.16397301
0.097784555
0.028263141
0.027444059
0.0301652
0.032883051
0.030112461
0.031086423
0.02701312
0.027300677
0.026566774
0.024952774
0.023185199
0.028149208
0.024569632
0.025461152
0.023098119
0.024135167
0.028051807
0.02744663
0.026776094
0.028070696
0.026756891
0.027315765
0.025323804
0.028144236
0.030258582
0.030085641
0.01258056
0.01241522
0.012120144
0.012116074
0.013937526
0.013983905
0.012241518
0.012572164
0.01301199
0.012007878
0.010551965
0.010845642
0.01235566
0.010849164
0.011527663
0.010524163
0.010863572
0.012520277
0.012381416
0.012412537
0.013026347
0.01332226
0.010876978
0.012826876
0.012097138
0.013655468
0.096482382
0.086307387
0.082684171
0.068494282
0.12935398
0.080335279
0.065327258
0.049632681
0.049142901
0.064858524
0.066950803
0.083324549
0.064404322
0.056126335
0.067444068
0.077906307
0.083856545
0.078181824
0.082166926
0.15877401
0.091064967
0.09186427
0.10399084
0.075810927
0.028377303
0.024995832
0.025253134
0.028959144
0.032041096
0.035353918
0.02361569
0.013266807
0.012864182
0.011352752
0.011395068
0.014759958
0.016004838
0.011006297
0
0
0
0
0
0
0
0
0
0
0
0.147463
0.086840691
0.079288697
0.20421225
0.083585491
0.20508711
0.088292766
0.094762192
0.22630888
0.10293751
0.11160581
0.10995672
0.26022478
0.12657907
0.10216154
0.24354014
0.24426788
0.20788336
0.085872204
0.13076687
0.093298964
0.14735
0.16032056
0.090036915
0.13636008
0.08646363
0.14124128
0.0991825
0.15275616
0.11061595
0.17014486
0.1402669
0.12720532
0.17484767
0.23547367
0.20506974
0.12890818
0.097537838
0.080316082
0.12341229
0.096120567
0.24502262
0.07265516
0.12134289
0.11360732
0.085843996
0.091364831
0.065104856
0.068463549
0.050407549
0.035616578
0.055649221
0.037560913
0.07057125
0.07307896
0.059322093
0.040782679
0.084082679
0.067966505
0.062689827
0.053471179
0.038653377
0.085600978
0.082745477
0.078841046
0.078593332
0.047858781
0.065103382
0.048810289
0.052311296
0.041124544
0.079636917
0.075016567
0.056765986
0.042090986
0.084047
0.097965998
0.067270431
0.059880511
0.038203075
0.14223549
0.19980846
0.038805133
0.016667247
0.016351424
0.01978147
0.019421129
0.019405435
0.016993548
0.023215809
0.024015856
0.023461386
0.019045875
0.036969953
0.030889163
0.042217495
0.016420377
0.016339984
0
0
0
0
0
0
0
0
0
0
0
0
0
0
0
0
0
0
0
0
0
0
0
0
0
0
0
0
0
0
0
0
0
0
0
0
0
0
0
0
0
0
0
0
0
0
0
0
0
0
0
0
0
0
0
0
0
0
0
0
0
0
0
0
0
0
0
0
0
0
0
0
0
0
0
0
0
0
0.16908833
0.14871536
0.13654351
0.17756845
0.18271796
0.15991316
0.07554149
0.09547074
0.074304418
0.086971704
0.078644436
0.098133716
0.10246181
0.10927046
0.081259971
0.095764567
0.096705618
0.058451199
0.081173607
0.044118457
0.091201165
0.073438534
0.048297734
0.088229811
0.076479557
0.047057511
0.081460786
0.066151479
0.072105473
0.084430146
0.05765583
0.074042615
0.030929278
0.057009526
0.037011696
0.075639643
0.086305654
0.069919214
0.040306591
0.049791439
0.036848931
0.028302414
0.034906281
0.03516405
0.033803303
0.035130625
0.015528307
0.016468714
0.017689311
0.018160035
0.013988505
0.027591232
0.029346955
0.026785365
0.03272641
0.015527466
0.015181137
0.014387608
0.014328548
0.01328893
0.012829194
0.013160288
0.25628365
0.23456233
0.16666933
0.21670026
0.24081504
0.17768226
0.17613525
0.20701081
0.2037809
0.2192935
0.25742843
0.22538256
0.1806278
0.21755933
0.24040344
0.27020665
0.2555316
0.17476395
0.1565567
0.14917616
0.25826535
0.22287221
0.14854593
0.17284702
0.18522042
0.14846063
0.16307563
0.17988806
0.18834577
0.22036534
0.18020281
0.189924
0.11658653
0.083783553
0.061644077
0.093652109
0.07041525
0.12390159
0.052468222
0.050161225
0.073794489
0.084616728
0.096217444
0.12682027
0.04976451
0.051869242
0.067208986
0.14604024
0.076138373
0.12044802
0.17213398
0.10517392
0.030018853
0.029271105
0.032352225
0.035561774
0.032170337
0.033624824
0.028819147
0.029064098
0.028544714
0.02675061
0.024894644
0.029853449
0.02600564
0.026715621
0.024584892
0.025613298
0.029744694
0.02922982
0.028170569
0.029244722
0.027978187
0.029052167
0.02677472
0.029804712
0.032754706
0.032286841
0.013497747
0.01335558
0.013132638
0.013240299
0.014890992
0.014853371
0.013189574
0.01337367
0.013890801
0.013086413
0.011363719
0.011701307
0.013245653
0.011597024
0.012211777
0.011273106
0.011638909
0.013548296
0.013402282
0.013061898
0.013561917
0.01405201
0.011692199
0.013552661
0.012969672
0.014611058
0.058843591
0.074997599
0.071001838
0.052443722
0.055906226
0.038563356
0.028211305
0.037260223
0.025341155
0.051974857
0.057421878
0.038871729
0.025642481
0.074436824
0.059658758
0.042035752
0.029271926
0.059430805
0.047792221
0.032849821
0.069135572
0.068599445
0.060418481
0.062031292
0.03664998
0.081964128
0.07566746
0.079006662
0.0941055
0.024473484
0.013373473
0.01312582
0.011721615
0.011735633
0.015152644
0.016825126
0.01136023
0
0
0
0
0
0
0
0
0
0
0
0
0.19125809
0.069265
0.10060483
0.076362344
0.071510034
0.079120697
0.080264396
0.093599027
0.093622603
0.10357115
0.087060533
0.12523502
0.14004824
0.081025614
0.073639615
0.11813548
0.081595526
0.17862797
0.11352117
0.080725906
0.071722298
0.076064023
0.056088293
0.082937985
0.055131459
0.087352583
0.052557341
0.18978382
0.10557343
0.058016358
0.21764759
0.24950186
0.15322746
0.063397316
0.12653604
0.18270684
0.079198796
0.061722044
0.068487014
0.054450323
0.037443298
0.056907705
0.032006559
0.016443564
0.016492839
0.033750453
0.019769382
0.061026426
0.038029086
0.019483534
0.050678069
0.034579629
0.064706544
0.019349376
0.063365856
0.066407139
0.077831685
0.044809244
0.023100536
0.023915962
0.046215791
0.02376783
0.038183714
0.067219579
0.041476456
0.065158177
0.019402178
0.064650166
0.055245748
0.037537397
0.046347289
0.022989058
0.016331961
0.031966224
0.043720411
0.016432808
0.016728821
0
0
0
0
0
0
0
0
0
0
0
0
0
0
0
0
0
0
0
0
0
0
0
0
0
0
0
0
0
0
0
0
0
0
0
0
0
0
0
0
0
0
0
0
0
0
0
0
0
0
0
0
0
0
0
0
0
0
0
0
0
0
0
0
0
0
0
0
0
0
0
0
0
0
0
0
0
0.24686827
0.2173913
0.12978806
0.18145297
0.21004767
0.14781179
0.059409741
0.059079663
0.054760297
0.035060979
0.058864906
0.059031968
0.053473918
0.035028064
0.057775418
0.061967446
0.059071886
0.034327457
0.056364958
0.03589274
0.0819871
0.063455537
0.052515808
0.044340841
0.033049704
0.061817377
0.063663007
0.037435583
0.027353439
0.082707035
0.059835309
0.068289036
0.039514027
0.029330851
0.078997709
0.060479919
0.066688328
0.036968778
0.027451307
0.071156543
0.053580969
0.059576347
0.062784735
0.048445711
0.067583554
0.029606271
0.015394488
0.01667004
0.035091845
0.018438539
0.076075808
0.039666976
0.018800784
0.027723332
0.013924658
0.015651169
0.015452409
0.014859455
0.015117865
0.013533859
0.013348274
0.013711135
0.16974094
0.18295767
0.18364481
0.21841754
0.18232576
0.18996278
0.11710425
0.088885181
0.067222188
0.098592064
0.074253685
0.13157569
0.055825193
0.05157301
0.077429511
0.09054192
0.10211354
0.12779905
0.052715632
0.054291338
0.070045298
0.14442848
0.07922079
0.12111603
0.17846881
0.1110717
0.031718981
0.03122791
0.034674901
0.03848177
0.034566015
0.036381432
0.030501015
0.030706639
0.030409636
0.028506742
0.026648257
0.031511449
0.027331901
0.027627497
0.026024154
0.027046933
0.03135372
0.030993376
0.029356808
0.030069277
0.029370118
0.030812659
0.028212351
0.031447878
0.035700471
0.034843989
0.014340575
0.014214972
0.01403995
0.014308226
0.015888161
0.015728556
0.014146788
0.014133487
0.014946798
0.014058742
0.012337506
0.012614196
0.014049733
0.012141769
0.01278602
0.011957754
0.012325399
0.014453501
0.014329162
0.013584743
0.01396877
0.014863228
0.012431002
0.014225313
0.013793995
0.015716111
0.049576001
0.051052262
0.039202581
0.025081105
0.048813147
0.027277701
0.013349439
0.013181831
0.026905918
0.011831904
0.051204557
0.025774707
0.011813849
0.051060958
0.027983089
0.015295807
0.031146502
0.017337465
0.052825878
0.035883089
0.066493967
0.011659545
0
0
0
0
0
0
0
0
0
0
0
0.071490211
0.030889471
0.043482768
0.029186219
0.050746462
0.042281894
0.02799748
0.056688064
0.058922997
0.046391808
0.028965847
0.061853619
0.055595417
0.033491128
0.033770128
0.033636608
0.031039295
0.05260977
0.034095384
0.042566258
0.040108158
0.051323277
0.032097209
0.043048793
0.030555461
0.042148108
0.030604305
0.040241267
0.028427304
0.091308041
0.040930658
0.028664289
0.13423208
0.17100331
0.11443439
0.053835274
0.032556814
0.053252667
0.044047809
0.029399855
0.016184142
0.033424699
0.019984583
0.020947458
0.010112762
0.010651137
0.020865488
0.022682403
0.012538858
0.035273522
0.024170572
0.023806306
0.012621183
0.034402426
0.022765147
0.022264466
0.012725226
0.045976217
0.03034595
0.030039077
0.015309279
0.030736229
0.016316937
0.025093103
0.026940412
0.044479083
0.029057338
0.025840931
0.013419186
0.035066811
0.016805042
0.028893875
0.0098263532
0
0
0
0
0
0
0
0
0
0
0
0
0
0
0
0
0
0
0
0
0
0
0
0
0
0
0
0
0
0
0
0
0
0
0
0
0
0
0
0
0
0
0
0
0
0
0
0
0
0
0
0
0
0
0
0
0
0
0
0
0
0
0
0
0
0
0
0
0
0
0
0
0
0
0
0
0
0
0.18045164
0.17434252
0.20959052
0.18028508
0.18308086
0.031362351
0.015537652
0.030558395
0.015438319
0.031383516
0.015191604
0.031551726
0.015314593
0.028644429
0.013986466
0.059817517
0.027379662
0.013477876
0.067421786
0.027867303
0.013504449
0.066370703
0.02726365
0.058218628
0.038486958
0.019570615
0.021364229
0.011846096
0.022618858
0.024125087
0.013475446
0.040042761
0.025799778
0.025332047
0.013380451
0.019028855
0.0090071766
0.033183861
0.033306194
0.036870964
0.041461226
0.037133049
0.039215386
0.032167997
0.031798762
0.031662663
0.030046691
0.028102277
0.032857989
0.028348565
0.028089675
0.027253453
0.028205085
0.032707565
0.03259874
0.030211683
0.030403184
0.030831322
0.032455513
0.029711556
0.032975545
0.039132318
0.037628906
0.015065866
0.014966056
0.014863039
0.015297866
0.016845835
0.0166825
0.015051589
0.014731749
0.015767216
0.014980172
0.013274992
0.013459932
0.014757186
0.012522535
0.013251803
0.012563673
0.01296771
0.015259709
0.015173085
0.013958226
0.014231518
0.015752571
0.013168121
0.014830811
0.014618159
0.016990986
0.025571695
0.011829729
0.030285101
0.018348432
0.019163024
0.0088897078
0.018650877
0.018558023
0.0082437581
0.029435481
0.017619801
0.017808761
0.0080557134
0.029774074
0.018944566
0.0099233498
0.021608743
0.019295281
0.011771608
0.033468807
0.024375428
0.022484033
0.039809494
0
0
0
0
0
0
0
0
0
0
0
0
0.032087634
0.015790356
0.014293718
0.028273248
0.014389219
0.042650709
0.026458886
0.013298484
0.02750063
0.01379057
0.034218552
0.016293406
0.01624952
0.014712382
0.015424493
0.035691423
0.016568636
0.019535545
0.017063845
0.036200319
0.014265555
0.030014116
0.014030987
0.028415319
0.013758165
0.028015958
0.012836508
0.03194389
0.027728165
0.015376111
0.033507468
0.034059926
0.033367872
0.030009766
0.032127773
0.018706131
0.018457114
0.009336537
0.010346513
0.010542545
0.011329975
0.010455857
0.014557309
0.014611664
0.01277454
0.013156439
0.024023064
0.021000855
0.010760477
0
0
0
0
0
0
0
0
0
0
0
0
0
0
0
0
0
0
0
0
0
0
0
0
0
0
0
0
0
0
0
0
0
0
0
0
0
0
0
0
0
0
0
0
0
0
0
0
0
0
0
0
0
0
0
0
0
0
0
0
0
0
0
0
0
0
0
0
0
0
0
0
0
0
0
0
0
0.034976419
0.038346912
0.043854743
0.039371226
0.041465575
0.019869389
0.018547929
0.0095358008
0.019011572
0.018477464
0.0096622713
0.018574002
0.018617408
0.018631045
0.0094609207
0.018457391
0.018998313
0.0088567914
0.030964954
0.018733693
0.019368156
0.008893715
0.032338581
0.019002587
0.019392005
0.0088240273
0.033063943
0.019193067
0.019038626
0.032816476
0.010450576
0.011445166
0.012428515
0.010946118
0.015583891
0.015533579
0.015527568
0.01615315
0.017608765
0.017489814
0.015816598
0.015247492
0.015976146
0.015576539
0.013981197
0.014076955
0.015255543
0.01276218
0.013556972
0.012994828
0.013469114
0.015866781
0.015846131
0.01412105
0.014295381
0.016600262
0.014014801
0.015289326
0.015525383
0.018368965
0.0173899
0.016955341
0.0081513002
0.010053606
0.010108577
0.0093543498
0.009998468
0.0099363446
0.011345178
0
0
0
0
0
0
0
0
0
0
0
0.015350331
0.0091650181
0.017072879
0.0084223808
0.01717722
0.0087196263
0.010756859
0.0090133187
0.0088953415
0.0085111185
0.015396952
0.0095717085
0.015766315
0.015788821
0.016279262
0
0
0
0
0
0
0
0
0
0
0
0
0
0
0
0
0
0
0
0
0
0
0
0
0
0
0
0
0
0
0
0
0
0
0
0
0
0
0
0
0
0
0
0
0
0
0
0
0
0
0
0
0
0
0
0
0
0
0
0
0
0
0
0
0
0
0
0
0
0
0
0
0
0
0
0
0
0.01587578
0.016740724
0.018016687
0.01794676
0.0085412896
0.0098310804
0.0099215597
0.010021881
0
0
0
0
0
0
0
0
0
0
0
0
0
0
0
0
0
0
0
0
0
0
0
0
0
0
0
0
0
0
0
0
0
0
0
0
0
0
0
0
0
0
0
0
0
0
0
0
0
0
0
0
0
0
0
0
0
0
0
0
0
0
0
0
0
0
0
0
0
0
0
0
0
0
0
0
0
0
0
0
0
0
0
0
0
0
0
0
0
0
0
0
0
0
0
0
0
0
0
0
0
0
0
0
0
0
0
0
0
0
0
0
0
0
0
0
0
0
0
0
0
0
0
0
0
0
0
0
0
0
0
0
0
0
0
0
0
0
0
0
0
0
0
0
0
0
0
0
0
0
0
0
0
0
0
0
0
0
0
0
0
0
0
0
0
0
0
0
0
0
0
0
0
0
0
0
0
0
0
0
0
0
0
0
0
0
0
0
0
0
0
0
0
0
0
0
0
0
0
0
0
0
0
0
0
0
0
0
0
0
0
0
0
0
0
0
0
0
0
0
0
0
0
0
0
0
0
0
0
0
0
0
0
0
0
0
0
0
0
0
0
0
0
0
0
0
0
0
0
0
0
0
0
0
0
0
0
0
0
0
0
0
0
0
0
0
0
0
0
0
0
0
0
0
0
0
0
0
0
0
0
0
0
0
0
0
0
0
0
0
0
0
0
0
0
0
0
0
0
0
0
0
0
0
0
0
0
0
0
0
0
0
0
0
0
0
0
0
0
0
0
0
0
0
0
0
0
0
0
0
0
0
0
0
0
0
0
0
0
0
0
0
0
0
0
0
0
0
0
0
0
0
0
0
0
0
0
0
0
0
0
0
0
0
0
0
0
0
0
0
0
0
0
0
0
0
0
0
0
0
0
0
0
0
0
0
0
0
0
0
0
0
0
0
0
0
0
0
0
0
0
0
0
0
0
0
0
0
0
0
0
0
0
0
0
0
0
0
0
0
0
0
0
0
0
0
0
0
0
0
0
0
0
0
0
0
0
0
0
0
0
0
0
0
0
0
0
0
0
0
0
0
0
0
0
0
0
0
0
0
0
0
0
0
0
0
0
0
0
0
0
0
0
0
0
0
0
0
0
0
0
0
0
0
0
0
0
0
0
0
0
0
0
0
0
0
0
0
0
0
0
0
0
0
0
0
0
0
0
0
0
0
0
0
0
0
0
0
0
0
0
0
0
0
0
0
0
0
0
0
0
0
0
0
0
0
0
0
0
0
0
0
0
0
0
0
0
0
0
0
0
0
0
0
0
0
0
0
0
0
0
0
0
0
0
0
0
0
0
0
0
0
0
0
0
0
0
0
0
0
0
0
0
0
0
0
0
0
0
0
0
0
0
0
0
0
0
0
0
0
0
0
0
0
0
0
0
0
0
0
0
0
0
0
0
0
0
0
0
0
0
0
0
0
0
0
0
0
0
0
0
0
0
0
0
0
0
0
0
0
0
0
0
0
0
0
0
0
0
0
0
0
0
0
0
0
0
0
0
0
0
0
0
0
0
0
0
0
0
0
0
0
0
0
0
0
0
0
0
0
0
0
0
0
0
0
0
0
0
0
0
0
0
0
0
0
0
0
0
0
0
0
0
0
0
0
0
0
0
0
0
0
0
0
0
0
0
0
0
0
0
0
0
0
0
0
0
0
0
0
0
0
0
0
0
0
0
0
0
0
0
0
0
0
0
0
0
0
0
0
0
0
0
0
0
0
0
0
0
0
0
0
0
0
0
0
0
0
0
0
0
0
0
0
0
0
0
0
0
0
0
0
0
0
0
0
0
0
0
0
0
0
0
0
0
0
0
0
0
0
0
0
0
0
0
0
0
0
0
0
0
0
0
0
0
0
0
0
0
0
0
0
0
0
0
0
0
0
0
0
0
0
0
0
0
0
0
0
0
0
0
0
0
0
0
0
0
0
0
0
0
0
0
0
0
0
0
0
0
0
0
0
0
0
0
0
0
0
0
0
0
0
0
0
0
0
0
0
0
0
0
0
0
0
0
0
0
0
0
0
0
0
0
0
0
0
0
0
0
0
0
0
0
0
0
0
0
0
0
0
0
0
0
0
0
0
0
0
0
0
0
0
0
0
0
0
0
0
0
0
0
0
0
0
0
0
0
0
0
0
0
0
0
0
0
0
0
0
0
0
0
0
0
0
0
0
0
0
0
0
0
0
0
0
0
0
0
0
0
0
0
0
0
0
0
0
0
0
0
0
0
0
0
0
0
0
0
0
0
0
0
0
0
0
0
0
0
0
0
0
0
0
0
0
0
0
0
0
0
0
0
0
0
0
0
0
0
0
0
0
0
0
0
0
0
0
0
0
0
0
0
0
0
0
0
0
0
0
0
0
0
0
0
0
0
0
0
0
0
0
0
0
0
0
0
0
0
0
0
0
0
0
0
0
0
0
0
0
0
0
0
0
0
0
0
0
0
0
0
0
0
0
0
0
0
0
0
0
0
0
0
0
0
0
0
0
0
0
0
0
0
0
0
0
0
0
0
0
0
0
0
0
0
0
0
0
0
0
0
0
0
0
0
0
0
0
0
0
0
0
0
0
0
0
0
0
0
0
0
0
0
0
0
0
0
0
0
0
0
0
0
0
0
0
0
0
0
0
0
0
0
0
0
0
0
0
0
0
0
0
0
0
0
0
0
0
0
0
0
0
0
0
0
0
0
0
0
0
0
0
0
0
0
0
0
0
0
0
0
0
0
0
0
0
0
0
0
0
0
0
0
0
0
0
0
0
0
0
0
0
0
0
0
0
0
0
0
0
0
0
0
0
0
0
0
0
0
0
0
0
0
0
0
0
0
0
0
0
0
0
0
0
0
0
0
0
0
0
0
0
0
0
0
0
0
0
0
0
0
0
0
0
0
0
0
0
0
0
0
0
0
0
0
0
0
0
0
0
0
0
0
0
0
0
0
0
0
0
0
0
0
0
0
0
0
0
0
0
0
0
0
0
0
0
0
0
0
0
0
0
0
0
0
0
0
0
0
0
0
0
0
0
0
0
0
0
0
0
0
0
0
0
0
0
0
0
0
0
0
0
0
0
0
0
0
0
0
0
0
0
0
0
0
0
0
0
0
0
0
0
0
0
0
0
0
0
0
0
0
0
0
0
0
0
0
0
0
0
0
0
0
0
0
0
0
0
0
0
0
0
0
0
0
0
0
0
0
0
0
0
0
0
0
0
0
0
0
0
0
0
0
0
0
0
0
0
0
0
0
0
0
0
0
0
0
0
0
0
0
0
0
0
0
0
0
0
0
0
0
0
0
0
0
0
0
0
0
0
0
0
0
0
0
0
0
0
0
0
0
0
0
0
0
0
0
0
0
0
0
0
0
0
0
0
0
0
0
0
0
0
0
0
0
0
0
0
0
0
0
0
0
0
0
0
0
0
0
0
0
0
0
0
0
0
0
0
0
0
0
0
0
0
0
0
0
0
0
0
0
0
0
0
0
0
0
0
0
0
0
0
0
0
0
0
0
0
0
0
0
0
0
0
0
0
0
0
0
0
0
0
0
0
0
0
0
0
0
0
0
0
0
0
0
0
0
0
0
0
0
0
0
0
0
0
0
0
0
0
0
0
0
0
0
0
0
0
0
0
0
0
0
0
0
0
0
0
0
0
0
0
0
0
0
0
0
0
0
0
0
0
0
0
0
0
0
0
0
0
0
0
0
0
0
0
0
0
0
0
0
0
0
0
0
0
0
0
0
0
0
0
0
0
0
0
0
0
0
0
0
0
0
0
0
0
0
0
0
0
0
0
0
0
0
0
0
0
0
0
0
0
0
0
0
0
0
0
0
0
0
0
0
0
0
0
0
0
0
0
0
0
0
0
0
0
0
0
0
0
0
0
0
0
0
0
0
0
0
0
0
0
0
0
0
0
0
0
0
0
0
0
0
0
0
0
0
0
0
0
0
0
0
0
0
0
0
0
0
0
0
0
0
0
0
0
0
0
0
0
0
0
0
0
0
0
0
0
0
0
0
0
0
0
0
0
0
0
0
0
0
0
0
0
0
0
0
0
0
0
0
0
0
0
0
0
0
0
0
0
0
0
0
0
0
0
0
0
0
0
0
0
0
0
0
0
0
0
0
0
0
0
0
0
0
0
0
0
0
0
0
0
0
0
0
0
0
0
0
0
0
0
0
0
0
0
0
0
0
0
0
0
0
0
0
0
0
0
0
0
0
0
0
0
0
0
0
0
0
0
0
0
0
0
0
0
0
0
0
0
0
0
0
0
0
0
0
0
0
0
0
0
0
0
0
0
0
0
0
0
0
0
0
0
0
0
0
0
0
0
0
0
0
0
0
0
0
0
0
0
0
0
0
0
0
0
0
0
0
0
0
0
0
0
0
0
0
0
0
0
0
0
0
0
0
0
0
0
0
0
0
0
0
0
0
0
0
0
0
0
0
0
0
0
0
0
0
0
0
0
0
0
0
0
0
0
0
0
0
0
0
0
0
0
0
0
0
0
0
0
0
0
0
0
0
0
0
0
0
0
0
0
0
0
0
0
0
0
0
0
0
0
0
0
0
0
0
0
0
0
0
0
0
0
0
0
0
0
0
0
0
0
0
0
0
0
0
0
0
0
0
0
0
0
0
0
0
0
0
0
0
0
0
0
0
0
0
0
0
0
0
0
0
0
0
0
0
0
0
0
0
0
0
0
0
0
0
0
0
0
0
0
0
0
0
0
0
0
0
0
0
0
0
0
0
0
0
0
0
0
0
0
0
0
0
0
0
0
0
0
0
0
0
0
0
0
0
0
0
0
0
0
0
0
0
0
0
0
0
0
0
0
0
0
0
0
0
0
0
0
0
0
0
0
0
0
0
0
0
0
0
0
0
0
0
0
0
0
0
0
0
0
0
0
0
0
0
0
0
0
0
0
0
0
0
0
0
0
0
0
0
0
0
0
0
0
0
0
0
0
0
0
0
0
0
0
0
0
0
0
0
0
0
0
0
0
0
0
0
0
0
0
0
0
0
0
0
0
0
0
0
0
0
0
0
0
0
0
0
0
0
0
0
0
0
0
0
0
0
0
0
0
0
0
0
0
0
0
0
0
0
0
0
0
0
0
0
0
0
0
0
0
0
0
0
0
0
0
0
0
0
0
0
0
0
0
0
0
0
0
0
0
0
0
0
0
0
0
0
0
0
0
0
0
0
0
0
0
0
0
0
0
0
0
0
0
0
0
0
0
0
0
0
0
0
0
0
0
0
0
0
0
0
0
0
0
0
0
0
0
0
0
0
0
0
0
0
0
0
0
0
0
0
0
0
0
0
0
0
0
0
0
0
0
0
0
0
0
0
0
0
0
0
0
0
0
0
0
0
0
0
0
0
0
0
0
0
0
0
0
0
0
0
0
0
0
0
0
0
0
0
0
0
0
0
0
0
0
0
0
0
0
0
0
0
0
0
0
0
0
0
0
0
0
0
0
0
0
0
0
0
0
0
0
0
0
0
0
0
0
0
0
0
0
0
0
0
0
0
0
0
0
0
0
0
0
0
0
0
0
0
0
0
0
0
0
0
0
0
0
0
0
0
0
0
0
0
0
0
0
0
0
0
0
0
0
0
0
0
0
0
0
0
0
0
0
0
0
0
0
0
0
0
0
0
0
0
0
0
0
0
0
0
0
0
0
0
0
0
0
0
0
0
0
0
0
0
0
0
0
0
0
0
0
0
0
0
0
0
0
0
0
0
0
0
0
0
0
0
0
0
0
0
0
0
0
0
0
0
0
0
0
0
0
0
0
0
0
0
0
0
0
0
0
0
0
0
0
0
0
0
0
0
0
0
0
0
0
0
0
0
0
0
0
0
0
0
0
0
0
0
0
0
0
0
0
0
0
0
0
0
0
0
0
0
0
0
0
0
0
0
0
0
0
0
0
0
0
0
0
0
0
0
0
0
0
0
0
0
0
0
0
0
0
0
0
0
0
0
0
0
0
0
0
0
0
0
0
0
0
0
0
0
0
0
0
0
0
0
0
0
0
0
0
0
0
0
0
0
0
0
0
0
0
0
0
0
0
0
0
0
0
0
0
0
0
0
0
0
0
0
0
0
0
0
0
0
0
0
0
0
0
0
0
0
0
0
0
0
0
0
0
0
0
0
0
0
0
0
0
0
0
0
0
0
0
0
0
0
0
0
0
0
0
0
0
0
0
0
0
0
0
0
0
0
0
0
0
0
0
0
0
0
0
0
0
0
0
0
0
0
0
0
0
0
0
0
0
0
0
0
0
0
0
0
0
0
0
0
0
0
0
0
0
0
0
0
0
0
0
0
0
0
0
0
0
0
0
0
0
0
0
0
0
0
0
0
0
0
0
0
0
0
0
0
0
0
0
0
0
0
0
0
0
0
0
0
0
0
0
0
0
0
0
0
0
0
0
0
0
0
0
0
0
0
0
0
0
0
0
0
0
0
0
0
0
0
0
0
0
0
0
0
0
0
0
0
0
0
0
0
0
0
0
0
0
0
0
0
0
0
0
0
0
0
0
0
0
0
0
0
0
0
0
0
0
0
0
0
0
0
0
0
0
0
0
0
0
0
0
0
0
0
0
0
0
0
0
0
0
0
0
0
0
0
0
0
0
0
0
0
0
0
0
0
0
0
0
0
0
0
0
0
0
0
0
0
0
0
0
0
0
0
0
0
0
0
0
0
0
0
0
0
0
0
0
0
0
0
0
0
0
0
0
0
0
0
0
0
0
0
0
0
0
0
0
0
0
0
0
0
0
0
0
0
0
0
0
0
0
0
0
0
0
0
0
0
0
0
0
0
0
0
0
0
0
0
0
0
0
0
0
0
0
0
0
0
0
0
0
0
0
0
0
0
0
0
0
0
0
0
0
0
0
0
0
0
0
0
0
0
0
0
0
0
0
0
0
0
0
0
0
0
0
0
0
0
0
0
0
0
0
0
0
0
0
0
0
0
0
0
0
0
0
0
0
0
0
0
0
0
0
0
0
0
0
0
0
0
0
0
0
0
0
0
0
0
0
0
0
0
0
0
0
0
0
0
0
0
0
0
0
0
0
0
0
0
0
0
0
0
0
0
0
0
0
0
0
0
0
0
0
0
0
0
0
0
0
0
0
0
0
0
0
0
0
0
0
0
0
0
0
0
0
0
0
0
0
0
0
0
0
0
0
0
0
0
0
0
0
0
0
0
0
0
0
0
0
0
0
0
0
0
0
0
0
0
0
0
0
0
0
0
0
0
0
0
0
0
0
0
0
0
0
0
0
0
0
0
0
0
0
0
0
0
0
0
0
0
0
0
0
0
0
0
0
0
0
0
0
0
0
0
0
0
0
0
0
0
0
0
0
0
0
0
0
0
0
0
0
0
0
0
0
0
0
0
0
0
0
0
0
0
0
0
0
0
0
0
0
0
0
0
0
0
0
0
0
0
0
0
0
0
0
0
0
0
0
0
0
0
0
0
0
0
0
0
0
0
0
0
0
0
0
0
0
0
0
0
0
0
0
0
0
0
0
0
0
0
0
0
0
0
0
0
0
0
0
0
0
0
0
0
0
0
0
0
0
0
0
0
0
0
0
0
0
0
0
0
0
0
0
0
0
0
0
0
0
0
0
0
0
0
0
0
0
0
0
0
0
0
0
0
0
0
0
0
0
0
0
0
0
0
0
0
0
0
0
0
0
0
0
0
0
0
0
0
0
0
0
0
0
0
0
0
0
0
0
0
0
0
0
0
0
0
0
0
0
0
0
0
0
0
0
0
0
0
0
0
0
0
0
0
0
0
0
0
0
0
0
0
0
0
0
0
0
0
0
0
0
0
0
0
0
0
0
0
0
0
0
0
0
0
0
0
0
0
0
0
0
0
0
0
0
0
0
0
0
0
0
0
0
0
0
0
0
0
0
0
0
0
0
0
0
0
0
0
0
0
0
0
0
0
0
0
0
0
0
0
0
0
0
0
0
0
0
0
0
0
0
0
0
0
0
0
0
0
0
0
0
0
0
0
0
0
0
0
0
0
0
0
0
0
0
0
0
0
0
0
0
0
0
0
0
0
0
0
0
0
0
0
0
0
0
0
0
0
0
0
0
0
0
0
0
0
0
0
0
0
0
0
0
0
0
0
0
0
0
0
0
0
0
0
0
0
0
0
0
0
0
0
0
0
0
0
0
0
0
0
0
0
0
0
0
0
0
0
0
0
0
0
0
0
0
0
0
0
0
0
0
0
0
0
0
0
0
0
0
0
0
0
0
0
0
0
0
0
0
0
0
0
0
0
0
0
0
0
0
0
0
0
0
0
0
0
0
0
0
0
0
0
0
0
0
0
0
0
0
0
0
0
0
0
0
0
0
0
0
0
0
0
0
0
0
0
0
0
0
0
0
0
0
0
0
0
0
0
0
0
0
0
0
0
0
0
0
0
0
0
0
0
0
0
0
0
0
0
0
0
0
0
0
0
0
0
0
0
0
0
0
0
0
0
0
0
0
0
0
0
0
0
0
0
0
0
0
0
0
0
0
0
0
0
0
0
0
0
0
0
0
0
0
0
0
0
0
0
0
0
0
0
0
0
0
0
0
0
0
0
0
0
0
0
0
0
0
0
0
0
0
0
0
0
0
0
0
0
0
0
0
0
0
0
0
0
0
0
0
0
0
0
0
0
0
0
0
0
0
0
0
0
0
0
0
0
0
0
0
0
0
0
0
0
0
0
0
0
0
0
0
0
0
0
0
0
0
0
0
0
0
0
0
0
0
0
0
0
0
0
0
0
0
0
0
0
0
0
0
0
0
0
0
0
0
0
0
0
0
0
0
0
0
0
0
0
0
0
0
0
0
0
0
0
0
0
0
0
0
0
0
0
0
0
0
0
0
0
0
0
0
0
0
0
0
0
0
0
0
0
0
0
0
0
0
0
0
0
0
0
0
0
0
0
0
0
0
0
0
0
0
0
0
0
0
0
0
0
0
0
0
0
0
0
0
0
0
0
0
0
0
0
0
0
0
0
0
0
0
0
0
0
0
0
0
0
0
0
0
0
0
0
0
0
0
0
0
0
0
0
0
0
0
0
0
0
0
0
0
0
0
0
0
0
0
0
0
0
0
0
0
0
0
0
0
0
0
0
0
0
0
0
0
0
0
0
0
0
0
0
0
0
0
0
0
0
0
0
0
0
0
0
0
0
0
0
0
0
0
0
0
0
0
0
0
0
0
0
0
0
0
0
0
0
0
0
0
0
0
0
0
0
0
0
0
0
0
0
0
0
0
0
0
0
0
0
0
0
0
0
0
0
0
0
0
0
0
0
0
0
0
0
0
0
0
0
0
0
0
0
0
0
0
0
0
0
0
0
0
0
0
0
0
0
0
0
0
0
0
0
0
0
0
0
0
0
0
0
0
0
0
0
0
0
0
0
0
0
0
0
0
0
0
0
0
0
0
0
0
0
0
0
0
0
0
0
0
0
0
0
0
0
0
0
0
0
0
0
0
0
0
0
0
0
0
0
0
0
0
0
0
0
0
0
0
0
0
0
0
0
0
0
0
0
0
0
0
0
0
0
0
0
0
0
0
0
0
0
0
0
0
0
0
0
0
0
0
0
0
0
0
0
0
0
0
0
0
0
0
0
0
0
0
0
0
0
0
0
0
0
0
0
0
0
0
0
0
0
0
0
0
0
0
0
0
0
0
0
0
0
0
0
0
0
0
0
0
0
0
0
0
0
0
0
0
0
0
0
0
0
0
0
0
0
0
0
0
0
0
0
0
0
0
0
0
0
0
0
0
0
0
0
0
0
0
0
0
0
0
0
0
0
0
0
0
0
0
0
0
0
0
0
0
0
0
0
0
0
0
0
0
0
0
0
0
0
0
0
0
0
0
0
0
0
0
0
0
0
0
0
0
0
0
0
0
0
0
0
0
0
0
0
0
0
0
0
0
0
0
0
0
0
0
0
0
0
0
0
0
0
0
0
0
0
0
0
0
0
0
0
0
0
0
0
0
0
0
0
0
0
0
0
0
0
0
0
0
0
0
0
0
0
0
0
0
0
0
0
0
0
0
0
0
0
0
0
0
0
0
0
0
0
0
0
0
0
0
0
0
0
0
0
0
0
0
0
0
0
0
0
0
0
0
0
0
0
0
0
0
0
0
0
0
0
0
0
0
0
0
0
0
0
0
0
0
0
0
0
0
0
0
0
0
0
0
0
0
0
0
0
0
0
0
0
0
0
0
0
0
0
0
0
0
0
0
0
0
0
0
0
0
0
0
0
0
0
0
0
0
0
0
0
0
0
0
0
0
0
0
0
0
0
0
0
0
0
0
0
0
0
0
0
0
0
0
0
0
0
0
0
0
0
0
0
0
0
0
0
0
0
0
0
0
0
0
0
0
0
0
0
0
0
0
0
0
0
0
0
0
0
0
0
0
0
0
0
0
0
0
0
0
0
0
0
0
0
0
0
0
0
0
0
0
0
0
0
0
0
0
0
0
0
0
0
0
0
0
0
0
0
0
0
0
0
0
0
0
0
0
0
0
0
0
0
0
0
0
0
0
0
0
0
0
0
0
0
0
0
0
0
0
0
0
0
0
0
0
0
0
0
0
0
0
0
0
0
0
0
0
0
0
0
0
0
0
0
0
0
0
0
0
0
0
0
0
0
0
0
0
0
0
0
0
0
0
0
0
0
0
0
0
0
0
0
0
0
0
0
0
0
0
0
0
0
0
0
0
0
0
0
0
0
0
0
0
0
0
0
0
0
0
0
0
0
0
0
0
0
0
0
0
0
0
0
0
0
0
0
0
0
0
0
0
0
0
0
0
0
0
0
0
0
0
0
0
0
0
0
0
0
0
0
0
0
0
0
0
0
0
0
0
0
0
0
0
0
0
0
0
0
0
0
0
0
0
0
0
0
0
0
0
0
0
0
0
0
0
0
0
0
0
0
0
0
0
0
0
0
0
0
0
0
0
0
0
0
0
0
0
0
0
0
0
0
0
0
0
0
0
0
0
0
0
0
0
0
0
0
0
0
0
0
0
0
0
0
0
0
0
0
0
0
0
0
0
0
0
0
0
0
0
0
0
0
0
0
0
0
0
0
0
0
0
0
0
0
0
0
0
0
0
0
0
0
0
0
0
0
0
0
0
0
0
0
0
0
0
0
0
0
0
0
0
0
0
0
0
0
0
0
0
0
0
0
0
0
0
0
0
0
0
0
0
0
0
0
0
0
0
0
0
0
0
0
0
0
0
0
0
0
0
0
0
0
0
0
0
0
0
0
0
0
0
0
0
0
0
0
0
0
0
0
0
0
0
0
0
0
0
0
0
0
0
0
0
0
0
0
0
0
0
0
0
0
0
0
0
0
0
0
0
0
0
0
0
0
0
0
0
0
0
0
0
0
0
0
0
0
0
0
0
0
0
0
0
0
0
0
0
0
0
0
0
0
0
0
0
0
0
0
0
0
0
0
0
0
0
0
0
0
0
0
0
0
0
0
0
0
0
0
0
0
0
0
0
0
0
0
0
0
0
0
0
0
0
0
0
0
0
0
0
0
0
0
0
0
0
0
0
0
0
0
0
0
0
0
0
0
0
0
0
0
0
0
0
0
0
0
0
0
0
0
0
0
0
0
0
0
0
0
0
0
0
0
0
0
0
0
0
0
0
0
0
0
0
0
0
0
0
0
0
0
0
0
0
0
0
0
0
0
0
0
0
0
0
0
0
0
0
0
0
0
0
0
0
0
0
0
0
0
0
0
0
0
0
0
0
0
0
0
0
0
0
0
0
0
0
0
0
0
0
0
0
0
0
0
0
0
0
0
0
0
0
0
0
0
0
0
0
0
0
0
0
0
0
0
0
0
0
0
0
0
0
0
0
0
0
0
0
0
0
0
0
0
0
0
0
0
0
0
0
0
0
0
0
0
0
0
0
0
0
0
0
0
0
0
0
0
0
0
0
0
0
0
0
0
0
0
0
0
0
0
0
0
0
0
0
0
0
0
0
0
0
0
0
0
0
0
0
0
0
0
0
0
0
0
0
0
0
0
0
0
0
0
0
0
0
0
0
0
0
0
0
0
0
0
0
0
0
0
0
0
0
0
0
0
0
0
0
0
0
0
0
0
0
0
0
0
0
0
0
0
0
0
0
0
0
0
0
0
0
0
0
0
0
0
0
0
0
0
0
0
0
0
0
0
0
0
0
0
0
0
0
0
0
0
0
0
0
0
0
0
0
0
0
0
0
0
0
0
0
0
0
0
0
0
0
0
0
0
0
0
0
0
0
0
0
0
0
0
0
0
0
0
0
0
0
0
0
0
0
0
0
0
0
0
0
0
0
0
0
0
0
0
0
0
0
0
0
0
0
0
0
0
0
0
0
0
0
0
0
0
0
0
0
0
0
0
0
0
0
0
0
0
0
0
0
0
0
0
0
0
0
0
0
0
0
0
0
0
0
0
0
0
0
0
0
0
0
0
0
0
0
0
0
0
0
0
0
0
0
0
0
0
0
0
0
0
0
0
0
0
0
0
0
0
0
0
0
0
0
0
0
0
0
0
0
0
0
0
0
0
0
0
0
0
0
0
0
0
0
0
0
0
0
0
0
0
0
0
0
0
0
0
0
0
0
0
0
0
0
0
0
0
0
0
0
0
0
0
0
0
0
0
0
0
0
0
0
0
0
0
0
0
0
0
0
0
0
0
0
0
0
0
0
0
0
0
0
0
0
0
0
0
0
0
0
0
0
0
0
0
0
0
0
0
0
0
0
0
0
0
0
0
0
0
0
0
0
0
0
0
0
0
0
0
0
0
0
0
0
0
0
0
0
0
0
0
0
0
0
0
0
0
0
0
0
0
0
0
0
0
0
0
0
0
0
0
0
0
0
0
0
0
0
0
0
0
0
0
0
0
0
0
0
0
0
0
0
0
0
0
0
0
0
0
0
0
0
0
0
0
0
0
0
0
0
0
0
0
0
0
0
0
0
0
0
0
0
0
0
0
0
0
0
0
0
0
0
0
0
0
0
0
0
0
0
0
0
0
0
0
0
0
0
0
0
0
0
0
0
0
0
0
0
0
0
0
0
0
0
0
0
0
0
0
0
0
0
0
0
0
0
0
0
0
0
0
0
0
0
0
0
0
0
0
0
0
0
0
0
0
0
0
0
0
0
0
0
0
0
0
0
0
0
0
0
0
0
0
0
0
0
0
0
0
0
0
0
0
0
0
0
0
0
0
0
0
0
0
0
0
0
0
0
0
0
0
0
0
0
0
0
0
0
0
0
0
0
0
0
0
0
0
0
0
0
0
0
0
0
0
0
0
0
0
0
0
0
0
0
0
0
0
0
0
0
0
0
0
0
0
0
0
0
0
0
0
0
0
0
0
0
0
0
0
0
0
0
0
0
0
0
0
0
0
0
0
0
0
0
0
0
0
0
0
0
0
0
0
0
0
0
0
0
0
0
0
0
0
0
0
0
0
0
0
0
0
0
0
0
0
0
0
0
0
0
0
0
0
0
0
0
0
0
0
0
0
0
0
0
0
0
0
0
0
0
0
0
0
0
0
0
0
0
0
0
0
0
0
0
0
0
0
0
0
0
0
0
0
0
0
0
0
0
0
0
0
0
0
0
0
0
0
0
0
0
0
0
0
0
0
0
0
0
0
0
0
0
0
0
0
0
0
0
0
0
0
0
0
0
0
0
0
0
0
0
0
0
0
0
0
0
0
0
0
0
0
0
0
0
0
0
0
0
0
0
0
0
0
0
0
0
0
0
0
0
0
0
0
0
0
0
0
0
0
0
0
0
0
0
0
0
0
0
0
0
0
0
0
0
0
0
0
0
0
0
0
0
0
0
0
0
0
0
0
0
0
0
0
0
0
0
0
0
0
0
0
0
0
0
0
0
0
0
0
0
0
0
0
0
0
0
0
0
0
0
0
0
0
0
0
0
0
0
0
0
0
0
0
0
0
0
0
0
0
0
0
0
0
0
0
0
0
0
0
0
0
0
0
0
0
0
0
0
0
0
0
0
0
0
0
0
0
0
0
0
0
0
0
0
0
0
0
0
0
0
0
0
0
0
0
0
0
0
0
0
0
0
0
0
0
0
0
0
0
0
0
0
0
0
0
0
0
0
0
0
0
0
0
0
0
0
0
0
0
0
0
0
0
0
0
0
0
0
0
0
0
0
0
0
0
0
0
0
0
0
0
0
0
0
0
0
0
0
0
0
0
0
0
0
0
0
0
0
0
0
0
0
0
0
0
0
0
0
0
0
0
0
0
0
0
0
0
0
0
0
0
0
0
0
0
0
0
0
0
0
0
0
0
0
0
0
0
0
0
0
0
0
0
0
0
0
0
0
0
0
0
0
0
0
0
0
0
0
0
0
0
0
0
0
0
0
0
0
0
0
0
0
0
0
0
0
0
0
0
0
0
0
0
0
0
0
0
0
0
0
0
0
0
0
0
0
0
0
0
0
0
0
0
0
0
0
0
0
0
0
0
0
0
0
0
0
0
0
0
0
0
0
0
0
0
0
0
0
0
0
0
0
0
0
0
0
0
0
0
0
0
0
0
0
0
0
0
0
0
0
0
0
0
0
0
0
0
0
0
0
0
0
0
0
0
0
0
0
0
0
0
0
0
0
0
0
0
0
0
0
0
0
0
0
0
0
0
0
0
0
0
0
0
0
0
0
0
0
0
0
0
0
0
0
0
0
0
0
0
0
0
0
0
0
0
0
0
0
0
0
0
0
0
0
0
0
0
0
0
0
0
0
0
0
0
0
0
0
0
0
0
0
0
0
0
0
0
0
0
0
0
0
0
0
0
0
0
0
0
0
0
0
0
0
0
0
0
0
0
0
0
0
0
0
0
0
0
0
0
0
0
0
0
0
0
0
0
0
0
0
0
0
0
0
0
0
0
0
0
0
0
0
0
0
0
0
0
0
0
0
0
0
0
0
0
0
0
0
0
0
0
0
0
0
0
0
0
0
0
0
0
0
0
0
0
0
0
0
0
0
0
0
0
0
0
0
0
0
0
0
0
0
0
0
0
0
0
0
0
0
0
0
0
0
0
0
0
0
0
0
0
0
0
0
0
0
0
0
0
0
0
0
0
0
0
0
0
0
0
0
0
0
0
0
0
0
0
0
0
0
0
0
0
0
0
0
0
0
0
0
0
0
0
0
0
0
0
0
0
0
0
0
0
0
0
0
0
0
0
0
0
0
0
0
0
0
0
0
0
0
0
0
0
0
0
0
0
0
0
0
0
0
0
0
0
0
0
0
0
0
0
0
0
0
0
0
0
0
0
0
0
0
0
0
0
0
0
0
0
0
0
0
0
0
0
0
0
0
0
0
0
0
0
0
0
0
0
0
0
0
0
0
0
0
0
0
0
0
0
0
0
0
0
0
0
0
0
0
0
0
0
0
0
0
0
0
0
0
0
0
0
0
0
0
0
0
0
0
0
0
0
0
0
0
0
0
0
0
0
0
0
0
0
0
0
0
0
0
0
0
0
0
0
0
0
0
0
0
0
0
0
0
0
0
0
0
0
0
0
0
0
0
0
0
0
0
0
0
0
0
0
0
0
0
0
0
0
0
0
0
0
0
0
0
0
0
0
0
0
0
0
0
0
0
0
0
0
0
0
0
0
0
0
0
0
0
0
0
0
0
0
0
0
0
0
0
0
0
0
0
0
0
0
0
0
0
0
0
0
0
0
0
0
0
0
0
0
0
0
0
0
0
0
0
0
0
0
0
0
0
0
0
0
0
0
0
0
0
0
0
0
0
0
0
0
0
0
0
0
0
0
0
0
0
0
0
0
0
0
0
0
0
0
0
0
0
0
0
0
0
0
0
0
0
0
0
0
0
0
0
0
0
0
0
0
0
0
0
0
0
0
0
0
0
0
0
0
0
0
0
0
0
0
0
0
0
0
0
0
0
0
0
0
0
0
0
0
0
0
0
0
0
0
0
0
0
0
0
0
0
0
0
0
0
0
0
0
0
0
0
0
0
0
0
0
0
0
0
0
0
0
0
0
0
0
0
0
0
0
0
0
0
0
0
0
0
0
0
0
0
0
0
0
0
0
0
0
0
0
0
0
0
0
0
0
0
0
0
0
0
0
0
0
0
0
0
0
0
0
0
0
0
0
0
0
0
0
0
0
0
0
0
0
0
0
0
0
0
0
0
0
0
0
0
0
0
0
0
0
0
0
0
0
0
0
0
0
0
0
0
0
0
0
0
0
0
0
0
0
0
0
0
0
0
0
0
0
0
0
0
0
0
0
0
0
0
0
0
0
0
0
0
0
0
0
0
0
0
0
0
0
0
0
0
0
0
0
0
0
0
0
0
0
0
0
0
0
0
0
0
0
0
0
0
0
0
0
0
0
0
0
0
0
0
0
0
0
0
0
0
0
0
0
0
0
0
0
0
0
0
0
0
0
0
0
0
0
0
0
0
0
0
0
0
0
0
0
0
0
0
0
0
0
0
0
0
0
0
0
0
0
0
0
0
0
0
0
0
0
0
0
0
0
0
0
0
0
0
0
0
0
0
0
0
0
0
0
0
0
0
0
0
0
0
0
0
0
0
0
0
0
0
0
0
0
0
0
0
0
0
0
0
0
0
0
0
0
0
0
0
0
0
0
0
0
0
0
0
0
0
0
0
0
0
0
0
0
0
0
0
0
0
0
0
0
0
0
0
0
0
0
0
0
0
0
0
0
0
0
0
0
0
0
0
0
0
0
0
0
0
0
0
0
0
0
0
0
0
0
0
0
0
0
0
0
0
0
0
0
0
0
0
0
0
0
0
0
0
0
0
0
0
0
0
0
0
0
0
0
0
0
0
0
0
0
0
0
0
0
0
0
0
0
0
0
0
0
0
0
0
0
0
0
0
0
0
0
0
0
0
0
0
0
0
0
0
0
0
0
0
0
0
0
0
0
0
0
0
0
0
0
0
0
0
0
0
0
0
0
0
0
0
0
0
0
0
0
0
0
0
0
0
0
0
0
0
0
0
0
0
0
0
0
0
0
0
0
0
0
0
0
0
0
0
0
0
0
0
0
0
0
0
0
0
0
0
0
0
0
0
0
0
0
0
0
0
0
0
0
0
0
0
0
0
0
0
0
0
0
0
0
0
0
0
0
0
0
0
0
0
0
0
0
0
0
0
0
0
0
0
0
0
0
0
0
0
0
0
0
0
0
0
0
0
0
0
0
0
0
0
0
0
0
0
0
0
0
0
0
0
0
0
0
0
0
0
0
0
0
0
0
0
0
0
0
0
0
0
0
0
0
0
0
0
0
0
0
0
0
0
0
0
0
0
0
0
0
0
0
0
0
0
0
0
0
0
0
0
0
0
0
0
0
0
0
0
0
0
0
0
0
0
0
0
0
0
0
0
0
0
0
0
0
0
0
0
0
0
0
0
0
0
0
0
0
0
0
0
0
0
0
0
0
0
0
0
0
0
0
0
0
0
0
0
0
0
0
0
0
0
0
0
0
0
0
0
0
0
0
0
0
0
0
0
0
0
0
0
0
0
0
0
0
0
0
0
0
0
0
0
0
0
0
0
0
0
0
0
0
0
0
0
0
0
0
0
0
0
0
0
0
0
0
0
0
0
0
0
0
0
0
0
0
0
0
0
0
0
0
0
0
0
0
0
0
0
0
0
0
0
0
0
0
0
0
0
0
0
0
0
0
0
0
0
0
0
0
0
0
0
0
0
0
0
0
0
0
0
0
0
0
0
0
0
0
0
0
0
0
0
0
0
0
0
0
0
0
0
0
0
0
0
0
0
0
0
0
0
0
0
0
0
0
0
0
0
0
0
0
0
0
0
0
0
0
0
0
0
0
0
0
0
0
0
0
0
0
0
0
0
0
0
0
0
0
0
0
0
0
0
0
0
0
0
0
0
0
0
0
0
0
0
0
0
0
0
0
0
0
0
0
0
0
0
0
0
0
0
0
0
0
0
0
0
0
0
0
0
0
0
0
0
0
0
0
0
0
0
0
0
0
0
0
0
0
0
0
0
0
0
0
0
0
0
0
0
0
0
0
0
0
0
0
0
0
0
0
0
0
0
0
0
0
0
0
0
0
0
0
0
0
0
0
0
0
0
0
0
0
0
0
0
0
0
0
0
0
0
0
0
0
0
0
0
0
0
0
0
0
0
0
0
0
0
0
0
0
0
0
0
0
0
0
0
0
0
0
0
0
0
0
0
0
0
0
0
0
0
0
0
0
0
0
0
0
0
0
0
0
0
0
0
0
0
0
0
0
0
0
0
0
0
0
0
0
0
0
0
0
0
0
0
0
0
0
0
0
0
0
0
0
0
0
0
0
0
0
0
0
0
0
0
0
0
0
0
0
0
0
0
0
0
0
0
0
0
0
0
0
0
0
0
0
0
0
0
0
0
0
0
0
0
0
0
0
0
0
0
0
0
0
0
0
0
0
0
0
0
0
0
0
0
0
0
0
0
0
0
0
0
0
0
0
0
0
0
0
0
0
0
0
0
0
0
0
0
0
0
0
0
0
0
0
0
0
0
0
0
0
0
0
0
0
0
0
0
0
0
0
0
0
0
0
0
0
0
0
0
0
0
0
0
0
0
0
0
0
0
0
0
0
0
0
0
0
0
0
0
0
0
0
0
0
0
0
0
0
0
0
0
0
0
0
0
0
0
0
0
0
0
0
0
0
0
0
0
0
0
0
0
0
0
0
0
0
0
0
0
0
0
0
0
0
0
0
0
0
0
0
0
0
0
0
0
0
0
0
0
0
0
0
0
0
0
0
0
0
0
0
0
0
0
0
0
0
0
0
0
0
0
0
0
0
0
0
0
0
0
0
0
0
0
0
0
0
0
0
0
0
0
0
0
0
0
0
0
0
0
0
0
0
0
0
0
0
0
0
0
0
0
0
0
0
0
0
0
0
0
0
0
0
0
0
0
0
0
0
0
0
0
0
0
0
0
0
0
0
0
0
0
0
0
0
0
0
0
0
0
0
0
0
0
0
0
0
0
0
0
0
0
0
0
0
0
0
0
0
0
0
0
0
0
0
0
0
0
0
0
0
0
0
0
0
0
0
0
0
0
0
0
0
0
0
0
0
0
0
0
0
0
0
0
0
0
0
0
0
0
0
0
0
0
0
0
0
0
0
0
0
0
0
0
0
0
0
0
0
0
0
0
0
0
0
0
0
0
0
0
0
0
0
0
0
0
0
0
0
0
0
0
0
0
0
0
0
0
0
0
0
0
0
0
0
0
0
0
0
0
0
0
0
0
0
0
0
0
0
0
0
0
0
0
0
0
0
0
0
0
0
0
0
0
0
0
0
0
0
0
0
0
0
0
0
0
0
0
0
0
0
0
0
0
0
0
0
0
0
0
0
0
0
0
0
0
0
0
0
0
0
0
0
0
0
0
0
0
0
0
0
0
0
0
0
0
0
0
0
0
0
0
0
0
0
0
0
0
0
0
0
0
0
0
0
0
0
0
0
0
0
0
0
0
0
0
0
0
0
0
0
0
0
0
0
0
0
0
0
0
0
0
0
0
0
0
0
0
0
0
0
0
0
0
0
0
0
0
0
0
0
0
0
0
0
0
0
0
0
0
0
0
0
0
0
0
0
0
0
0
0
0
0
0
0
0
0
0
0
0
0
0
0
0
0
0
0
0
0
0
0
0
0
0
0
0
0
0
0
0
0
0
0
0
0
0
0
0
0
0
0
0
0
0
0
0
0
0
0
0
0
0
0
0
0
0
0
0
0
0
0
0
0
0
0
0
0
0
0
0
0
0
0
0
0
0
0
0
0
0
0
0
0
0
0
0
0
0
0
0
0
0
0
0
0
0
0
0
0
0
0
0
0
0
0
0
0
0
0
0
0
0
0
0
0
0
0
0
0
0
0
0
0
0
0
0
0
0
0
0
0
0
0
0
0
0
0
0
0
0
0
0
0
0
0
0
0
0
0
0
0
0
0
0
0
0
0
0
0
0
0
0
0
0
0
0
0
0
0
0
0
0
0
0
0
0
0
0
0
0
0
0
0
0
0
0
0
0
0
0
0
0
0
0
0
0
0
0
0
0
0
0
0
0
0
0
0
0
0
0
0
0
0
0
0
0
0
0
0
0
0
0
0
0
0
0
0
0
0
0
0
0
0
0
0
0
0
0
0
0
0
0
0
0
0
0
0
0
0
0
0
0
0
0
0
0
0
0
0
0
0
0
0
0
0
0
0
0
0
0
0
0
0
0
0
0
0
0
0
0
0
0
0
0
0
0
0
0
0
0
0
0
0
0
0
0
0
0
0
0
0
0
0
0
0
0
0
0
0
0
0
0
0
0
0
0
0
0
0
0
0
0
0
0
0
0
0
0
0
0
0
0
0
0
0
0
0
0
0
0
0
0
0
0
0
0
0
0
0
0
0
0
0
0
0
0
0
0
0
0
0
0
0
0
0
0
0
0
0
0
0
0
0
0
0
0
0
0
0
0
0
0
0
0
0
0
0
0
0
0
0
0
0
0
0
0
0
0
0
0
0
0
0
0
0
0
0
0
0
0
0
0
0
0
0
0
0
0
0
0
0
0
0
0
0
0
0
0
0
0
0
0
0
0
0
0
0
0
0
0
0
0
0
0
0
0
0
0
0
0
0
0
0
0
0
0
0
0
0
0
0
0
0
0
0
0
0
0
0
0
0
0
0
0
0
0
0
0
0
0
0
0
0
0
0
0
0
0
0
0
0
0
0
0
0
0
0
0
0
0
0
0
0
0
0
0
0
0
0
0
0
0
0
0
0
0
0
0
0
0
0
0
0
0
0
0
0
0
0
0
0
0
0
0
0
0
0
0
0
0
0
0
0
0
0
0
0
0
0
0
0
0
0
0
0
0
0
0
0
0
0
0
0
0
0
0
0
0
0
0
0
0
0
0
0
0
0
0
0
0
0
0
0
0
0
0
0
0
0
0
0
0
0
0
0
0
0
0
0
0
0
0
0
0
0
0
0
0
0
0
0
0
0
0
0
0
0
0
0
0
0
0
0
0
0
0
0
0
0
0
0
0
0
0
0
0
0
0
0
0
0
0
0
0
0
0
0
0
0
0
0
0
0
0
0
0
0
0
0
0
0
0
0
0
0
0
0
0
0
0
0
0
0
0
0
0
0
0
0
0
0
0
0
0
0
0
0
0
0
0
0
0
0
0
0
0
0
0
0
0
0
0
0
0
0
0
0
0
0
0
0
0
0
0
0
0
0
0
0
0
0
0
0
0
0
0
0
0
0
0
0
0
0
0
0
0
0
0
0
0
0
0
0
0
0
0
0
0
0
0
0
0
0
0
0
0
0
0
0
0
0
0
0
0
0
0
0
0
0
0
0
0
0
0
0
0
0
0
0
0
0
0
0
0
0
0
0
0
0
0
0
0
0
0
0
0
0
0
0
0
0
0
0
0
0
0
0
0
0
0
0
0
0
0
0
0
0
0
0
0
0
0
0
0
0
0
0
0
0
0
0
0
0
0
0
0
0
0
0
0
0
0
0
0
0
0
0
0
0
0
0
0
0
0
0
0
0
0
0
0
0
0
0
0
0
0
0
0
0
0
0
0
0
0
0
0
0
0
0
0
0
0
0
0
0
0
0
0
0
0
0
0
0
0
0
0
0
0
0
0
0
0
0
0
0
0
0
0
0
0
0
0
0
0
0
0
0
0
0
0
0
0
0
0
0
0
0
0
0
0
0
0
0
0
0
0
0
0
0
0
0
0
0
0
0
0
0
0
0
0
0
0
0
0
0
0
0
0
0
0
0
0
0
0
0
0
0
0
0
0
0
0
0
0
0
0
0
0
0
0
0
0
0
0
0
0
0
0
0
0
0
0
0
0
0
0
0
0
0
0
0
0
0
0
0
0
0
0
0
0
0
0
0
0
0
0
0
0
0
0
0
0
0
0
0
0
0
0
0
0
0
0
0
0
0
0
0
0
0
0
0
0
0
0
0
0
0
0
0
0
0
0
0
0
0
0
0
0
0
0
0
0
0
0
0
0
0
0
0
0
0
0
0
0
0
0
0
0
0
0
0
0
0
0
0
0
0
0
0
0
0
0
0
0
0
0
0
0
0
0
0
0
0
0
0
0
0
0
0
0
0
0
0
0
0
0
0
0
0
0
0
0
0
0
0
0
0
0
0
0
0
0
0
0
0
0
0
0
0
0
0
0
0
0
0
0
0
0
0
0
0
0
0
0
0
0
0
0
0
0
0
0
0
0
0
0
0
0
0
0
0
0
0
0
0
0
0
0
0
0
0
0
0
0
0
0
0
0
0
0
0
0
0
0
0
0
0
0
0
0
0
0
0
0
0
0
0
0
0
0
0
0
0
0
0
0
0
0
0
0
0
0
0
0
0
0
0
0
0
0
0
0
0
0
0
0
0
0
0
0
0
0
0
0
0
0
0
0
0
0
0
0
0
0
0
0
0
0
0
0
0
0
0
0
0
0
0
0
0
0
0
0
0
0
0
0
0
0
0
0
0
0
0
0
0
0
0
0
0
0
0
0
0
0
0
0
0
0
0
0
0
0
0
0
0
0
0
0
0
0
0
0
0
0
0
0
0
0
0
0
0
0
0
0
0
0
0
0
0
0
0
0
0
0
0
0
0
0
0
0
0
0
0
0
0
0
0
0
0
0
0
0
0
0
0
0
0
0
0
0
0
0
0
0
0
0
0
0
0
0
0
0
0
0
0
0
0
0
0
0
0
0
0
0
0
0
0
0
0
0
0
0
0
0
0
0
0
0
0
0
0
0
0
0
0
0
0
0
0
0
0
0
0
0
0
0
0
0
0
0
0
0
0
0
0
0
0
0
0
0
0
0
0
0
0
0
0
0
0
0
0
0
0
0
0
0
0
0
0
0
0
0
0
0
0
0
0
0
0
0
0
0
0
0
0
0
0
0
0
0
0
0
0
0
0
0
0
0
0
0
0
0
0
0
0
0
0
0
0
0
0
0
0
0
0
0
0
0
0
0
0
0
0
0
0
0
0
0
0
0
0
0
0
0
0
0
0
0
0
0
0
0
0
0
0
0
0
0
0
0
0
0
0
0
0
0
0
0
0
0
0
0
0
0
0
0
0
0
0
0
0
0
0
0
0
0
0
0
0
0
0
0
0
0
0
0
0
0
0
0
0
0
0
0
0
0
0
0
0
0
0
0
0
0
0
0
0
0
0
0
0
0
0
0
0
0
0
0
0
0
0
0
0
0
0
0
0
0
0
0
0
0
0
0
0
0
0
0
0
0
0
0
0
0
0
0
0
0
0
0
0
0
0
0
0
0
0
0
0
0
0
0
0
0
0
0
0
0
0
0
0
0
0
0
0
0
0
0
0
0
0
0
0
0
0
0
0
0
0
0
0
0
0
0
0
0
0
0
0
0
0
0
0
0
0
0
0
0
0
0
0
0
0
0
0
0
0
0
0
0
0
0
0
0
0
0
0
0
0
0
0
0
0
0
0
0
0
0
0
0
0
0
0
0
0
0
0
0
0
0
0
0
0
0
0
0
0
0
0
0
0
0
0
0
0
0
0
0
0
0
0
0
0
0
0
0
0
0
0
0
0
0
0
0
0
0
0
0
0
0
0
0
0
0
0
0
0
0
0
0
0
0
0
0
0
0
0
0
0
0
0
0
0
0
0
0
0
0
0
0
0
0
0
0
0
0
0
0
0
0
0
0
0
0
0
0
0
0
0
0
0
0
0
0
0
0
0
0
0
0
0
0
0
0
0
0
0
0
0
0
0
0
0
0
0
0
0
0
0
0
0
0
0
0
0
0
0
0
0
0
0
0
0
0
0
0
0
0
0
0
0
0
0
0
0
0
0
0
0
0
0
0
0
0
0
0
0
0
0
0
0
0
0
0
0
0
0
0
0
0
0
0
0
0
0
0
0
0
0
0
0
0
0
0
0
0
0
0
0
0
0
0
0
0
0
0
0
0
0
0
0
0
0
0
0
0
0
0
0
0
0
0
0
0
0
0
0
0
0
0
0
0
0
0
0
0
0
0
0
0
0
0
0
0
0
0
0
0
0
0
0
0
0
0
0
0
0
0
0
0
0
0
0
0
0
0
0
0
0
0
0
0
0
0
0
0
0
0
0
0
0
0
0
0
0
0
0
0
0
0
0
0
0
0
0
0
0
0
0
0
0
0
0
0
0
0
0
0
0
0
0
0
0
0
0
0
0
0
0
0
0
0
0
0
0
0
0
0
0
0
0
0
0
0
0
0
0
0
0
0
0
0
0
0
0
0
0
0
0
0
0
0
0
0
0
0
0
0
0
0
0
0
0
0
0
0
0
0
0
0
0
0
0
0
0
0
0
0
0
0
0
0
0
0
0
0
0
0
0
0
0
0
0
0
0
0
0
0
0
0
0
0
0
0
0
0
0
0
0
0
0
0
0
0
0
0
0
0
0
0
0
0
0
0
0
0
0
0
0
0
0
0
0
0
0
0
0
0
0
0
0
0
0
0
0
0
0
0
0
0
0
0
0
0
0
0
0
0
0
0
0
0
0
0
0
0
0
0
0
0
0
0
0
0
0
0
0
0
0
0
0
0
0
0
0
0
0
0
0
0
0
0
0
0
0
0
0
0
0
0
0
0
0
0
0
0
0
0
0
0
0
0
0
0
0
0
0
0
0
0
0
0
0
0
0
0
0
0
0
0
0
0
0
0
0
0
0
0
0
0
0
0
0
0
0
0
0
0
0
0
0
0
0
0
0
0
0
0
0
0
0
0
0
0
0
0
0
0
0
0
0
0
0
0
0
0
0
0
0
0
0
0
0
0
0
0
0
0
0
0
0
0
0
0
0
0
0
0
0
0
0
0
0
0
0
0
0
0
0
0
0
0
0
0
0
0
0
0
0
0
0
0
0
0
0
0
0
0
0
0
0
0
0
0
0
0
0
0
0
0
0
0
0
0
0
0
0
0
0
0
0
0
0
0
0
0
0
0
0
0
0
0
0
0
0
0
0
0
0
0
0
0
0
0
0
0
0
0
0
0
0
0
0
0
0
0
0
0
0
0
0
0
0
0
0
0
0
0
0
0
0
0
0
0
0
0
0
0
0
0
0
0
0
0
0
0
0
0
0
0
0
0
0
0
0
0
0
0
0
0
0
0
0
0
0
0
0
0
0
0
0
0
0
0
0
0
0
0
0
0
0
0
0
0
0
0
0
0
0
0
0
0
0
0
0
0
0
0
0
0
0
0
0
0
0
0
0
0
0
0
0
0
0
0
0
0
0
0
0
0
0
0
0
0
0
0
0
0
0
0
0
0
0
0
0
0
0
0
0
0
0
0
0
0
0
0
0
0
0
0
0
0
0
0
0
0
0
0
0
0
0
0
0
0
0
0
0
0
0
0
0
0
0
0
0
0
0
0
0
0
0
0
0
0
0
0
0
0
0
0
0
0
0
0
0
0
0
0
0
0
0
0
0
0
0
0
0
0
0
0
0
0
0
0
0
0
0
0
0
0
0
0
0
0
0
0
0
0
0
0
0
0
0
0
0
0
0
0
0
0
0
0
0
0
0
0
0
0
0
0
0
0
0
0
0
0
0
0
0
0
0
0
0
0
0
0
0
0
0
0
0
0
0
0
0
0
0
0
0
0
0
0
0
0
0
0
0
0
0
0
0
0
0
0
0
0
0
0
0
0
0
0
0
0
0
0
0
0
0
0
0
0
0
0
0
0
0
0
0
0
0
0
0
0
0
0
0
0
0
0
0
0
0
0
0
0
0
0
0
0
0
0
0
0
0
0
0
0
0
0
0
0
0
0
0
0
0
0
0
0
0
0
0
0
0
0
0
0
0
0
0
0
0
0
0
0
0
0
0
0
0
0
0
0
0
0
0
0
0
0
0
0
0
0
0
0
0
0
0
0
0
0
0
0
0
0
0
0
0
0
0
0
0
0
0
0
0
0
0
0
0
0
0
0
0
0
0
0
0
0
0
0
0
0
0
0
0
0
0
0
0
0
0
0
0
0
0
0
0
0
0
0
0
0
0
0
0
0
0
0
0
0
0
0
0
0
0
0
0
0
0
0
0
0
0
0
0
0
0
0
0
0
0
0
0
0
0
0
0
0
0
0
0
0
0
0
0
0
0
0
0
0
0
0
0
0
0
0
0
0
0
0
0
0
0
0
0
0
0
0
0
0
0
0
0
0
0
0
0
0
0
0
0
0
0
0
0
0
0
0
0
0
0
0
0
0
0
0
0
0
0
0
0
0
0
0
0
0
0
0
0
0
0
0
0
0
0
0
0
0
0
0
0
0
0
0
0
0
0
0
0
0
0
0
0
0
0
0
0
0
0
0
0
0
0
0
0
0
0
0
0
0
0
0
0
0
0
0
0
0
0
0
0
0
0
0
0
0
0
0
0
0
0
0
0
0
0
0
0
0
0
0
0
0
0
0
0
0
0
0
0
0
0
0
0
0
0
0
0
0
0
0
0
0
0
0
0
0
0
0
0
0
0
0
0
0
0
0
0
0
0
0
0
0
0
0
0
0
0
0
0
0
0
0
0
0
0
0
0
0
0
0
0
0
0
0
0
0
0
0
0
0
0
0
0
0
0
0
0
0
0
0
0
0
0
0
0
0
0
0
0
0
0
0
0
0
0
0
0
0
0
0
0
0
0
0
0
0
0
0
0
0
0
0
0
0
0
0
0
0
0
0
0
0
0
0
0
0
0
0
0
0
0
0
0
0
0
0
0
0
0
0
0
0
0
0
0
0
0
0
0
0
0
0
0
0
0
0
0
0
0
0
0
0
0
0
0
0
0
0
0
0
0
0
0
0
0
0
0
0
0
0
0
0
0
0
0
0
0
0
0
0
0
0
0
0
0
0
0
0
0
0
0
0
0
0
0
0
0
0
0
0
0
0
0
0
0
0
0
0
0
0
0
0
0
0
0
0
0
0
0
0
0
0
0
0
0
0
0
0
0
0
0
0
0
0
0
0
0
0
0
0
0
0
0
0
0
0
0
0
0
0
0
0
0
0
0
0
0
0
0
0
0
0
0
0
0
0
0
0
0
0
0
0
0
0
0
0
0
0
0
0
0
0
0
0
0
0
0
0
0
0
0
0
0
0
0
0
0
0
0
0
0
0
0
0
0
0
0
0
0
0
0
0
0
0
0
0
0
0
0
0
0
0
0
0
0
0
0
0
0
0
0
0
0
0
0
0
0
0
0
0
0
0
0
0
0
0
0
0
0
0
0
0
0
0
0
0
0
0
0
0
0
0
0
0
0
0
0
0
0
0
0
0
0
0
0
0
0
0
0
0
0
0
0
0
0
0
0
0
0
0
0
0
0
0
0
0
0
0
0
0
0
0
0
0
0
0
0
0
0
0
0
0
0
0
0
0
0
0
0
0
0
0
0
0
0
0
0
0
0
0
0
0
0
0
0
0
0
0
0
0
0
0
0
0
0
0
0
0
0
0
0
0
0
0
0
0
0
0
0
0
0
0
0
0
0
0
0
0
0
0
0
0
0
0
0
0
0
0
0
0
0
0
0
0
0
0
0
0
0
0
0
0
0
0
0
0
0
0
0
0
0
0
0
0
0
0
0
0
0
0
0
0
0
0
0
0
0
0
0
0
0
0
0
0
0
0
0
0
0
0
0
0
0
0
0
0
0
0
0
0
0
0
0
0
0
0
0
0
0
0
0
0
0
0
0
0
0
0
0
0
0
0
0
0
0
0
0
0
0
0
0
0
0
0
0
0
0
0
0
0
0
0
0
0
0
0
0
0
0
0
0
0
0
0
0
0
0
0
0
0
0
0
0
0
0
0
0
0
0
0
0
0
0
0
0
0
0
0
0
0
0
0
0
0
0
0
0
0
0
0
0
0
0
0
0
0
0
0
0
0
0
0
0
0
0
0
0
0
0
0
0
0
0
0
0
0
0
0
0
0
0
0
0
0
0
0
0
0
0
0
0
0
0
0
0
0
0
0
0
0
0
0
0
0
0
0
0
0
0
0
0
0
0
0
0
0
0
0
0
0
0
0
0
0
0
0
0
0
0
0
0
0
0
0
0
0
0
0
0
0
0
0
0
0
0
0
0
0
0
0
0
0
0
0
0
0
0
0
0
0
0
0
0
0
0
0
0
0
0
0
0
0
0
0
0
0
0
0
0
0
0
0
0
0
0
0
0
0
0
0
0
0
0
0
0
0
0
0
0
0
0
0
0
0
0
0
0
0
0
0
0
0
0
0
0
0
0
0
0
0
0
0
0
0
0
0
0
0
0
0
0
0
0
0
0
0
0
0
0
0
0
0
0
0
0
0
0
0
0
0
0
0
0
0
0
0
0
0
0
0
0
0
0
0
0
0
0
0
0
0
0
0
0
0
0
0
0
0
0
0
0
0
0
0
0
0
0
0
0
0
0
0
0
0
0
0
0
0
0
0
0
0
0
0
0
0
0
0
0
0
0
0
0
0
0
0
0
0
0
0
0
0
0
0
0
0
0
0
0
0
0
0
0
0
0
0
0
0
0
0
0
0
0
0
0
0
0
0
0
0
0
0
0
0
0
0
0
0
0
0
0
0
0
0
0
0
0
0
0
0
0
0
0
0
0
0
0
0
0
0
0
0
0
0
0
0
0
0
0
0
0
0
0
0
0
0
0
0
0
0
0
0
0
0
0
0
0
0
0
0
0
0
0
0
0
0
0
0
0
0
0
0
0
0
0
0
0
0
0
0
0
0
0
0
0
0
0
0
0
0
0
0
0
0
0
0
0
0
0
0
0
0
0
0
0
0
0
0
0
0
0
0
0
0
0
0
0
0
0
0
0
0
0
0
0
0
0
0
0
0
0
0
0
0
0
0
0
0
0
0
0
0
0
0
0
0
0
0
0
0
0
0
0
0
0
0
0
0
0
0
0
0
0
0
0
0
0
0
0
0
0
0
0
0
0
0
0
0
0
0
0
0
0
0
0
0
0
0
0
0
0
0
0
0
0
0
0
0
0
0
0
0
0
0
0
0
0
0
0
0
0
0
0
0
0
0
0
0
0
0
0
0
0
0
0
0
0
0
0
0
0
0
0
0
0
0
0
0
0
0
0
0
0
0
0
0
0
0
0
0
0
0
0
0
0
0
0
0
0
0
0
0
0
0
0
0
0
0
0
0
0
0
0
0
0
0
0
0
0
0
0
0
0
0
0
0
0
0
0
0
0
0
0
0
0
0
0
0
0
0
0
0
0
0
0
0
0
0
0
0
0
0
0
0
0
0
0
0
0
0
0
0
0
0
0
0
0
0
0
0
0
0
0
0
0
0
0
0
0
0
0
0
0
0
0
0
0
0
0
0
0
0
0
0
0
0
0
0
0
0
0
0
0
0
0
0
0
0
0
0
0
0
0
0
0
0
0
0
0
0
0
0
0
0
0
0
0
0
0
0
0
0
0
0
0
0
0
0
0
0
0
0
0
0
0
0
0
0
0
0
0
0
0
0
0
0
0
0
0
0
0
0
0
0
0
0
0
0
0
0
0
0
0
0
0
0
0
0
0
0
0
0
0
0
0
0
0
0
0
0
0
0
0
0
0
0
0
0
0
0
0
0
0
0
0
0
0
0
0
)
;

boundaryField
{
    gox-inlet
    {
        type            fixedValue;
        value           uniform 0;
    }
    gch4-inlet
    {
        type            fixedValue;
        value           uniform 0;
    }
    post_wall
    {
        type            zeroGradient;
    }
    chamber_wall_up
    {
        type            zeroGradient;
    }
    chamber_wall_side
    {
        type            zeroGradient;
    }
    chamber_wall_down
    {
        type            zeroGradient;
    }
    outlet
    {
        type            inletOutlet;
        inletValue      uniform 0.767;
        value           uniform 0;
    }
    gch4_inlet_outer_wall
    {
        type            zeroGradient;
    }
    face_plate
    {
        type            zeroGradient;
    }
}


// ************************************************************************* //
